cycle_id,model,architecture,profile,nodes,decision,threshold,local_latency_ms,offload_latency_ms,total_latency_ms,rtt_ms,throughput_fps,local_power_mw,offload_power_mw,effective_power_mw,accuracy_step
1,snn,baseline,jetson_emulator,100,local,0.5,42.7727,35.3318,42.7727,45.4689,53.67,112.06483125000001,112.06483125000001,122.2606,89.9403
2,snn,baseline,jetson_emulator,100,local,0.5,42.3886,36.2447,42.3886,44.4664,53.7457,112.06483125000001,112.06483125000001,122.3705,90.0132
3,snn,baseline,jetson_emulator,100,offload,0.5,42.6902,35.1986,35.1986,37.7079,55.2027,112.06483125000001,112.06483125000001,119.1095,90.0683
4,snn,baseline,jetson_emulator,100,local,0.5,42.6729,35.6151,42.6729,45.3265,53.6897,112.06483125000001,112.06483125000001,122.5904,89.9581
5,snn,baseline,jetson_emulator,100,local,0.5,43.0207,35.9412,43.0207,45.5304,53.6213,112.06483125000001,112.06483125000001,122.7003,89.8718
6,snn,baseline,jetson_emulator,100,local,0.5,43.0787,35.9433,43.0787,45.4005,53.6099,112.06483125000001,112.06483125000001,122.8103,89.9673
7,snn,baseline,jetson_emulator,100,offload,0.5,43.9638,35.3629,35.3629,37.2562,55.1686,112.06483125000001,112.06483125000001,119.5371,89.8448
8,snn,baseline,jetson_emulator,100,offload,0.5,42.9771,35.8782,35.8782,37.5651,55.0617,112.06483125000001,112.06483125000001,119.644,89.9801
9,snn,baseline,jetson_emulator,100,offload,0.5,43.1319,35.7691,35.7691,37.5814,55.0842,112.06483125000001,112.06483125000001,119.7509,90.0096
10,snn,baseline,jetson_emulator,100,offload,0.5,43.2143,35.7591,35.7591,37.7634,55.0863,112.06483125000001,112.06483125000001,119.8578,90.0214
11,snn,baseline,jetson_emulator,100,local,0.5,43.7895,35.6325,43.7895,45.7411,53.4708,112.06483125000001,112.06483125000001,123.36,89.9634
12,snn,baseline,jetson_emulator,100,local,0.5,43.5832,36.5398,43.5832,45.8353,53.5111,112.06483125000001,112.06483125000001,123.4699,89.9078
13,snn,baseline,jetson_emulator,100,offload,0.5,43.2382,36.0388,36.0388,37.3383,55.0284,112.06483125000001,112.06483125000001,120.1785,89.8985
14,snn,baseline,jetson_emulator,100,local,0.5,43.3397,35.7845,43.3397,45.2661,53.5587,112.06483125000001,112.06483125000001,123.6898,89.9036
15,snn,baseline,jetson_emulator,100,offload,0.5,44.2715,35.9314,35.9314,37.829,55.0506,112.06483125000001,112.06483125000001,120.3924,89.9824
16,snn,baseline,jetson_emulator,100,local,0.5,44.578,35.8552,44.578,46.0874,53.3172,112.06483125000001,112.06483125000001,123.9096,89.9624
17,snn,baseline,jetson_emulator,100,local,0.5,43.5804,37.9878,43.5804,46.9967,53.5116,112.06483125000001,112.06483125000001,124.0196,89.9951
18,snn,baseline,jetson_emulator,100,offload,0.5,43.7255,36.5477,36.5477,39.5129,54.9234,112.06483125000001,112.06483125000001,120.7131,89.9438
19,snn,baseline,jetson_emulator,100,offload,0.5,43.7882,36.5682,36.5682,38.8073,54.9191,112.06483125000001,112.06483125000001,120.82,89.96
20,snn,baseline,jetson_emulator,100,offload,0.5,44.4467,36.8549,36.8549,39.0576,54.8602,112.06483125000001,112.06483125000001,120.9269,89.9233
21,snn,baseline,jetson_emulator,100,local,0.5,44.0533,37.4179,44.0533,47.1552,53.4193,112.06483125000001,112.06483125000001,124.4593,90.0288
22,snn,baseline,jetson_emulator,100,offload,0.5,44.456,37.0998,37.0998,39.737,54.8098,112.06483125000001,112.06483125000001,121.1407,89.8866
23,snn,baseline,jetson_emulator,100,local,0.5,44.2107,37.0196,44.2107,45.8997,53.3886,112.06483125000001,112.06483125000001,124.6792,89.9907
24,snn,baseline,jetson_emulator,100,local,0.5,44.89,37.1157,44.89,47.3777,53.2567,112.06483125000001,112.06483125000001,124.7891,90.0267
25,snn,baseline,jetson_emulator,100,offload,0.5,44.144,36.4247,36.4247,38.5461,54.9487,112.06483125000001,112.06483125000001,121.4615,89.9846
26,snn,baseline,jetson_emulator,100,local,0.5,44.9232,37.3919,44.9232,46.9914,53.2503,112.06483125000001,112.06483125000001,125.009,90.0141
27,snn,baseline,jetson_emulator,100,offload,0.5,44.7787,36.7345,36.7345,39.8051,54.8849,112.06483125000001,112.06483125000001,121.6753,89.9905
28,snn,baseline,jetson_emulator,100,local,0.5,45.0458,37.3893,45.0458,47.6881,53.2265,112.06483125000001,112.06483125000001,125.2289,89.9474
29,snn,baseline,jetson_emulator,100,offload,0.5,45.2605,37.0183,37.0183,39.1052,54.8266,112.06483125000001,112.06483125000001,121.8891,89.9803
30,snn,baseline,jetson_emulator,100,offload,0.5,44.7091,37.3642,37.3642,39.5549,54.7556,112.06483125000001,112.06483125000001,121.996,89.9648
31,snn,baseline,jetson_emulator,100,local,0.5,45.0442,37.2501,45.0442,46.8841,53.2268,112.06483125000001,112.06483125000001,125.5587,89.9529
32,snn,baseline,jetson_emulator,100,offload,0.5,44.9196,37.9521,37.9521,39.7872,54.6355,112.06483125000001,112.06483125000001,122.2098,89.9116
33,snn,baseline,jetson_emulator,100,offload,0.5,45.8681,37.267,37.267,39.2481,54.7756,112.06483125000001,112.06483125000001,122.3167,90.0291
34,snn,baseline,jetson_emulator,100,local,0.5,45.6368,37.3157,45.6368,47.5139,53.1124,112.06483125000001,112.06483125000001,125.8885,89.9112
35,snn,baseline,jetson_emulator,100,local,0.5,45.6066,37.948,45.6066,48.0778,53.1182,112.06483125000001,112.06483125000001,125.9984,89.9253
36,snn,baseline,jetson_emulator,100,offload,0.5,45.237,38.658,38.658,40.8341,54.492,112.06483125000001,112.06483125000001,122.6375,89.9626
37,snn,baseline,jetson_emulator,100,local,0.5,46.0171,39.1819,46.0171,48.2056,53.0392,112.06483125000001,112.06483125000001,126.2183,89.9847
38,snn,baseline,jetson_emulator,100,local,0.5,45.0066,37.3315,45.0066,46.813,53.2341,112.06483125000001,112.06483125000001,126.3282,89.965
39,snn,baseline,jetson_emulator,100,offload,0.5,45.2916,37.9127,37.9127,40.5695,54.6436,112.06483125000001,112.06483125000001,122.9582,89.9199
40,snn,baseline,jetson_emulator,100,local,0.5,45.2466,37.9906,45.2466,47.4052,53.1877,112.06483125000001,112.06483125000001,126.5481,89.9442
41,snn,baseline,jetson_emulator,100,offload,0.5,46.058,37.5982,37.5982,39.3431,54.7078,112.06483125000001,112.06483125000001,123.172,90.0507
42,snn,baseline,jetson_emulator,100,local,0.5,45.5291,38.1448,45.5291,48.2513,53.1332,112.06483125000001,112.06483125000001,126.768,89.9682
43,snn,baseline,jetson_emulator,100,local,0.5,46.8021,38.0008,46.8021,48.7927,52.8888,112.06483125000001,112.06483125000001,126.8779,89.9293
44,snn,baseline,jetson_emulator,100,offload,0.5,45.4398,38.0145,38.0145,40.2035,54.6228,112.06483125000001,112.06483125000001,123.4928,90.0011
45,snn,baseline,jetson_emulator,100,offload,0.5,45.6101,37.7825,37.7825,40.3229,54.6701,112.06483125000001,112.06483125000001,123.5997,89.9522
46,snn,baseline,jetson_emulator,100,local,0.5,45.9354,37.8851,45.9354,47.6369,53.055,112.06483125000001,112.06483125000001,127.2077,89.8953
47,snn,baseline,jetson_emulator,100,offload,0.5,45.7755,38.8035,38.8035,41.2278,54.4625,112.06483125000001,112.06483125000001,123.8135,89.9341
48,snn,baseline,jetson_emulator,100,offload,0.5,46.3131,38.0041,38.0041,40.5605,54.6249,112.06483125000001,112.06483125000001,123.9204,90.0225
49,snn,baseline,jetson_emulator,100,local,0.5,45.613,37.9989,45.613,48.2435,53.117,112.06483125000001,112.06483125000001,127.5375,90.0915
50,snn,baseline,jetson_emulator,100,offload,0.5,46.1209,38.2165,38.2165,39.3437,54.5817,112.06483125000001,112.06483125000001,124.1342,89.9928
51,snn,baseline,jetson_emulator,100,local,0.5,45.8479,37.7689,45.8479,47.4873,53.0718,112.06483125000001,112.06483125000001,127.7574,89.9621
52,snn,baseline,jetson_emulator,100,offload,0.5,46.2832,38.4549,38.4549,40.9821,54.5332,112.06483125000001,112.06483125000001,124.348,89.952
53,snn,baseline,jetson_emulator,100,local,0.5,45.8064,38.7388,45.8064,48.1969,53.0798,112.06483125000001,112.06483125000001,127.9773,89.9734
54,snn,baseline,jetson_emulator,100,offload,0.5,46.885,38.336,38.336,40.3849,54.5574,112.06483125000001,112.06483125000001,124.5619,89.9901
55,snn,baseline,jetson_emulator,100,offload,0.5,46.4945,38.3794,38.3794,40.4864,54.5485,112.06483125000001,112.06483125000001,124.6688,89.9973
56,snn,baseline,jetson_emulator,100,offload,0.5,46.4671,38.0815,38.0815,39.9627,54.6092,112.06483125000001,112.06483125000001,124.7757,89.9475
57,snn,baseline,jetson_emulator,100,local,0.5,46.0441,38.0726,46.0441,48.8376,53.0341,112.06483125000001,112.06483125000001,128.417,89.9983
58,snn,baseline,jetson_emulator,100,offload,0.5,46.2868,38.8586,38.8586,41.4356,54.4513,112.06483125000001,112.06483125000001,124.9895,89.9485
59,snn,baseline,jetson_emulator,100,local,0.5,46.5481,39.1527,46.5481,49.4951,52.9374,112.06483125000001,112.06483125000001,128.6369,90.1059
60,snn,baseline,jetson_emulator,100,offload,0.5,47.1775,38.4479,38.4479,39.7807,54.5346,112.06483125000001,112.06483125000001,125.2033,90.006
61,snn,baseline,jetson_emulator,100,local,0.5,46.3916,38.5703,46.3916,49.504,52.9674,112.06483125000001,112.06483125000001,128.8567,89.9146
62,snn,baseline,jetson_emulator,100,local,0.5,46.9992,38.7446,46.9992,48.9911,52.8512,112.06483125000001,112.06483125000001,128.9667,89.9974
63,snn,baseline,jetson_emulator,100,offload,0.5,47.4377,38.234,38.234,40.7074,54.5781,112.06483125000001,112.06483125000001,125.524,90.0356
64,snn,baseline,jetson_emulator,100,local,0.5,46.4458,39.743,46.4458,48.758,52.957,112.06483125000001,112.06483125000001,129.1865,89.9497
65,snn,baseline,jetson_emulator,100,offload,0.5,46.739,38.4586,38.4586,40.9576,54.5324,112.06483125000001,112.06483125000001,125.7379,89.9797
66,snn,baseline,jetson_emulator,100,local,0.5,46.5679,39.4342,46.5679,48.106,52.9336,112.06483125000001,112.06483125000001,129.4064,89.9011
67,snn,baseline,jetson_emulator,100,local,0.5,46.974,39.3458,46.974,49.1285,52.856,112.06483125000001,112.06483125000001,129.5164,90.0554
68,snn,baseline,jetson_emulator,100,offload,0.5,46.7657,38.551,38.551,41.0861,54.5137,112.06483125000001,112.06483125000001,126.0586,89.9339
69,snn,baseline,jetson_emulator,100,local,0.5,46.9519,39.1995,46.9519,48.9914,52.8602,112.06483125000001,112.06483125000001,129.7362,89.9163
70,snn,baseline,jetson_emulator,100,offload,0.5,46.6198,38.4786,38.4786,39.6258,54.5284,112.06483125000001,112.06483125000001,126.2724,89.9054
71,snn,baseline,jetson_emulator,100,offload,0.5,47.0006,38.6733,38.6733,40.8593,54.4889,112.06483125000001,112.06483125000001,126.3793,89.9039
72,snn,baseline,jetson_emulator,100,offload,0.5,46.9543,38.9444,38.9444,41.3268,54.4339,112.06483125000001,112.06483125000001,126.4862,89.8954
73,snn,baseline,jetson_emulator,100,local,0.5,46.9277,39.2319,46.9277,49.6571,52.8649,112.06483125000001,112.06483125000001,130.176,89.9652
74,snn,baseline,jetson_emulator,100,offload,0.5,46.6011,38.5224,38.5224,41.9872,54.5195,112.06483125000001,112.06483125000001,126.7,89.9525
75,snn,baseline,jetson_emulator,100,offload,0.5,46.7333,38.5267,38.5267,41.0602,54.5186,112.06483125000001,112.06483125000001,126.807,89.9723
76,snn,baseline,jetson_emulator,100,local,0.5,47.3233,38.9788,47.3233,49.275,52.7895,112.06483125000001,112.06483125000001,130.5058,89.9198
77,snn,baseline,jetson_emulator,100,local,0.5,46.6207,39.0403,46.6207,48.494,52.9235,112.06483125000001,112.06483125000001,130.6157,89.8948
78,snn,baseline,jetson_emulator,100,offload,0.5,47.4426,38.957,38.957,42.2876,54.4314,112.06483125000001,112.06483125000001,127.1277,89.9351
79,snn,baseline,jetson_emulator,100,offload,0.5,47.1519,39.0602,39.0602,41.1012,54.4105,112.06483125000001,112.06483125000001,127.2346,89.9211
80,snn,baseline,jetson_emulator,100,local,0.5,46.8146,39.372,46.8146,49.4176,52.8865,112.06483125000001,112.06483125000001,130.9455,89.9395
81,snn,baseline,jetson_emulator,100,local,0.5,46.6647,39.1889,46.6647,48.5257,52.9151,112.06483125000001,112.06483125000001,131.0554,90.0251
82,snn,baseline,jetson_emulator,100,offload,0.5,47.7558,38.8373,38.8373,41.2431,54.4556,112.06483125000001,112.06483125000001,127.5553,89.9089
83,snn,baseline,jetson_emulator,100,local,0.5,46.7413,39.1393,46.7413,48.1705,52.9005,112.06483125000001,112.06483125000001,131.2753,89.9493
84,snn,baseline,jetson_emulator,100,local,0.5,47.63,39.5309,47.63,49.6614,52.7311,112.06483125000001,112.06483125000001,131.3853,89.972
85,snn,baseline,jetson_emulator,100,offload,0.5,46.7658,39.528,39.528,41.8759,54.3161,112.06483125000001,112.06483125000001,127.8761,89.9667
86,snn,baseline,jetson_emulator,100,local,0.5,46.9723,38.9839,46.9723,49.0056,52.8563,112.06483125000001,112.06483125000001,131.6051,90.0226
87,snn,baseline,jetson_emulator,100,offload,0.5,46.8175,38.6325,38.6325,40.5588,54.4971,112.06483125000001,112.06483125000001,128.0899,89.9135
88,snn,baseline,jetson_emulator,100,offload,0.5,46.8083,39.3928,39.3928,41.5607,54.3433,112.06483125000001,112.06483125000001,128.1968,89.9871
89,snn,baseline,jetson_emulator,100,offload,0.5,46.9712,39.2306,39.2306,41.5939,54.3761,112.06483125000001,112.06483125000001,128.3037,89.8866
90,snn,baseline,jetson_emulator,100,offload,0.5,46.9232,38.9493,38.9493,41.2203,54.433,112.06483125000001,112.06483125000001,128.4106,89.9268
91,snn,baseline,jetson_emulator,100,local,0.5,47.0768,38.9529,47.0768,48.6749,52.8364,112.06483125000001,112.06483125000001,132.1548,89.96
92,snn,baseline,jetson_emulator,100,offload,0.5,47.0531,40.16,40.16,42.3207,54.1891,112.06483125000001,112.06483125000001,128.6244,90.0503
93,snn,baseline,jetson_emulator,100,local,0.5,47.0889,39.0105,47.0889,48.1924,52.8341,112.06483125000001,112.06483125000001,132.3747,90.054
94,snn,baseline,jetson_emulator,100,local,0.5,47.6467,39.4904,47.6467,50.4663,52.728,112.06483125000001,112.06483125000001,132.4846,89.9869
95,snn,baseline,jetson_emulator,100,local,0.5,47.1297,39.2493,47.1297,49.2206,52.8263,112.06483125000001,112.06483125000001,132.5945,89.9128
96,snn,baseline,jetson_emulator,100,local,0.5,47.0395,40.2427,47.0395,49.6026,52.8435,112.06483125000001,112.06483125000001,132.7045,89.9692
97,snn,baseline,jetson_emulator,100,offload,0.5,46.7807,38.6868,38.6868,41.1253,54.4861,112.06483125000001,112.06483125000001,129.159,90.0018
98,snn,baseline,jetson_emulator,100,local,0.5,47.2082,38.8662,47.2082,49.1814,52.8114,112.06483125000001,112.06483125000001,132.9244,89.9339
99,snn,baseline,jetson_emulator,100,local,0.5,47.9714,39.0297,47.9714,51.2828,52.6664,112.06483125000001,112.06483125000001,133.0343,89.9941
100,snn,baseline,jetson_emulator,100,local,0.5,46.9103,39.4747,46.9103,48.6178,52.8682,112.06483125000001,112.06483125000001,133.1442,89.901
101,snn,baseline,jetson_emulator,100,offload,0.5,47.6403,39.2463,39.2463,41.1653,54.3729,112.06483125000001,112.06483125000001,129.5866,90.0086
102,snn,baseline,jetson_emulator,100,local,0.5,47.5669,39.4342,47.5669,50.1003,52.7431,112.06483125000001,112.06483125000001,133.3641,90.0191
103,snn,baseline,jetson_emulator,100,local,0.5,47.1216,39.6626,47.1216,49.6537,52.8279,112.06483125000001,112.06483125000001,133.474,89.8911
104,snn,baseline,jetson_emulator,100,offload,0.5,47.1313,38.9702,38.9702,40.6145,54.4287,112.06483125000001,112.06483125000001,129.9073,89.9713
105,snn,baseline,jetson_emulator,100,offload,0.5,47.6561,39.0224,39.0224,41.1316,54.4182,112.06483125000001,112.06483125000001,130.0143,89.9212
106,snn,baseline,jetson_emulator,100,local,0.5,46.9557,38.6268,46.9557,49.332,52.8595,112.06483125000001,112.06483125000001,133.8038,90.0193
107,snn,baseline,jetson_emulator,100,local,0.5,46.7451,38.8587,46.7451,49.0049,52.8997,112.06483125000001,112.06483125000001,133.9138,89.9845
108,snn,baseline,jetson_emulator,100,local,0.5,46.8966,39.0885,46.8966,49.1163,52.8708,112.06483125000001,112.06483125000001,134.0237,89.9742
109,snn,baseline,jetson_emulator,100,offload,0.5,46.8528,39.1989,39.1989,42.3053,54.3825,112.06483125000001,112.06483125000001,130.4419,89.9558
110,snn,baseline,jetson_emulator,100,local,0.5,46.8239,40.3534,46.8239,48.8426,52.8847,112.06483125000001,112.06483125000001,134.2436,89.9174
111,snn,baseline,jetson_emulator,100,local,0.5,46.6829,40.0205,46.6829,48.6582,52.9116,112.06483125000001,112.06483125000001,134.3535,89.961
112,snn,baseline,jetson_emulator,100,offload,0.5,47.088,38.7684,38.7684,40.3988,54.4696,112.06483125000001,112.06483125000001,130.7626,89.973
113,snn,baseline,jetson_emulator,100,offload,0.5,47.0781,38.9075,38.9075,41.4188,54.4414,112.06483125000001,112.06483125000001,130.8695,89.9484
114,snn,baseline,jetson_emulator,100,local,0.5,46.8983,39.539,46.8983,49.6654,52.8705,112.06483125000001,112.06483125000001,134.6833,89.9456
115,snn,baseline,jetson_emulator,100,offload,0.5,46.9324,39.0786,39.0786,40.799,54.4068,112.06483125000001,112.06483125000001,131.0834,89.9406
116,snn,baseline,jetson_emulator,100,local,0.5,46.552,38.6175,46.552,49.0005,52.9367,112.06483125000001,112.06483125000001,134.9032,89.9482
117,snn,baseline,jetson_emulator,100,local,0.5,46.6807,38.7399,46.6807,50.1178,52.912,112.06483125000001,112.06483125000001,135.0131,89.8736
118,snn,baseline,jetson_emulator,100,local,0.5,46.6501,38.7034,46.6501,49.0949,52.9179,112.06483125000001,112.06483125000001,135.1231,89.9498
119,snn,baseline,jetson_emulator,100,offload,0.5,47.2068,38.4269,38.4269,40.3895,54.5389,112.06483125000001,112.06483125000001,131.511,89.8954
120,snn,baseline,jetson_emulator,100,offload,0.5,46.6512,38.948,38.948,41.3786,54.4332,112.06483125000001,112.06483125000001,131.6179,89.9948
121,snn,baseline,jetson_emulator,100,local,0.5,46.9013,38.4467,46.9013,49.4317,52.8699,112.06483125000001,112.06483125000001,135.4529,89.9739
122,snn,baseline,jetson_emulator,100,local,0.5,46.992,38.726,46.992,49.1983,52.8526,112.06483125000001,112.06483125000001,135.5628,89.8555
123,snn,baseline,jetson_emulator,100,offload,0.5,47.6287,38.441,38.441,40.2,54.536,112.06483125000001,112.06483125000001,131.9386,89.9508
124,snn,baseline,jetson_emulator,100,local,0.5,46.3938,38.8345,46.3938,48.9914,52.967,112.06483125000001,112.06483125000001,135.7827,89.9586
125,snn,baseline,jetson_emulator,100,offload,0.5,46.6573,38.7488,38.7488,41.3034,54.4736,112.06483125000001,112.06483125000001,132.1525,89.9771
126,snn,baseline,jetson_emulator,100,local,0.5,46.5414,39.6072,46.5414,49.0774,52.9387,112.06483125000001,112.06483125000001,136.0026,89.9745
127,snn,baseline,jetson_emulator,100,local,0.5,47.1119,38.2265,47.1119,48.6883,52.8297,112.06483125000001,112.06483125000001,136.1125,90.0021
128,snn,baseline,jetson_emulator,100,local,0.5,46.1988,40.0339,46.1988,48.5109,53.0044,112.06483125000001,112.06483125000001,136.2224,90.0701
129,snn,baseline,jetson_emulator,100,offload,0.5,46.6296,38.9174,38.9174,41.1344,54.4394,112.06483125000001,112.06483125000001,132.5801,90.0294
130,snn,baseline,jetson_emulator,100,offload,0.5,46.548,38.6151,38.6151,39.7491,54.5007,112.06483125000001,112.06483125000001,132.687,89.9753
131,snn,baseline,jetson_emulator,100,offload,0.5,46.4955,38.8131,38.8131,40.7958,54.4605,112.06483125000001,112.06483125000001,132.7939,89.95
132,snn,baseline,jetson_emulator,100,offload,0.5,46.383,38.4511,38.4511,41.4161,54.534,112.06483125000001,112.06483125000001,132.9008,90.0542
133,snn,baseline,jetson_emulator,100,local,0.5,46.43,38.7808,46.43,49.7559,52.96,112.06483125000001,112.06483125000001,136.7721,89.9842
134,snn,baseline,jetson_emulator,100,offload,0.5,46.3128,39.3167,39.3167,40.7469,54.3587,112.06483125000001,112.06483125000001,133.1146,89.9682
135,snn,baseline,jetson_emulator,100,offload,0.5,46.2627,38.5994,38.5994,40.5732,54.5039,112.06483125000001,112.06483125000001,133.2216,89.9209
136,snn,baseline,jetson_emulator,100,offload,0.5,46.0837,38.4903,38.4903,40.4068,54.526,112.06483125000001,112.06483125000001,133.3285,89.9562
137,snn,baseline,jetson_emulator,100,local,0.5,46.1797,38.2681,46.1797,48.903,53.008,112.06483125000001,112.06483125000001,137.2118,89.9394
138,snn,baseline,jetson_emulator,100,local,0.5,46.0548,39.3612,46.0548,48.8998,53.032,112.06483125000001,112.06483125000001,137.3218,89.9189
139,snn,baseline,jetson_emulator,100,offload,0.5,46.0865,38.7353,38.7353,40.6028,54.4763,112.06483125000001,112.06483125000001,133.6492,89.9169
140,snn,baseline,jetson_emulator,100,offload,0.5,46.0422,38.0343,38.0343,39.9055,54.6188,112.06483125000001,112.06483125000001,133.7561,89.9411
141,snn,baseline,jetson_emulator,100,offload,0.5,46.5268,37.9866,37.9866,41.1276,54.6285,112.06483125000001,112.06483125000001,133.863,89.9253
142,snn,baseline,jetson_emulator,100,local,0.5,46.1851,38.073,46.1851,48.0545,53.007,112.06483125000001,112.06483125000001,137.7615,89.928
143,snn,baseline,jetson_emulator,100,offload,0.5,45.8258,38.7336,38.7336,40.2502,54.4766,112.06483125000001,112.06483125000001,134.0768,89.9526
144,snn,baseline,jetson_emulator,100,offload,0.5,45.7155,38.0817,38.0817,40.3814,54.6091,112.06483125000001,112.06483125000001,134.1837,89.901
145,snn,baseline,jetson_emulator,100,local,0.5,46.0284,38.8954,46.0284,48.1142,53.0371,112.06483125000001,112.06483125000001,138.0913,89.9132
146,snn,baseline,jetson_emulator,100,local,0.5,45.8266,38.2024,45.8266,47.757,53.0759,112.06483125000001,112.06483125000001,138.2013,89.9229
147,snn,baseline,jetson_emulator,100,offload,0.5,45.8419,38.6389,38.6389,40.8483,54.4959,112.06483125000001,112.06483125000001,134.5045,90.01
148,snn,baseline,jetson_emulator,100,local,0.5,45.929,38.5546,45.929,47.5733,53.0562,112.06483125000001,112.06483125000001,138.4211,89.9041
149,snn,baseline,jetson_emulator,100,offload,0.5,45.9124,38.0853,38.0853,40.9837,54.6084,112.06483125000001,112.06483125000001,134.7183,89.8714
150,snn,baseline,jetson_emulator,100,offload,0.5,47.3184,38.3609,38.3609,40.586,54.5523,112.06483125000001,112.06483125000001,134.8252,90.0054
151,snn,baseline,jetson_emulator,100,offload,0.5,45.9753,39.009,39.009,40.2483,54.4209,112.06483125000001,112.06483125000001,134.9321,89.9896
152,snn,baseline,jetson_emulator,100,local,0.5,46.3662,37.849,46.3662,48.1996,52.9722,112.06483125000001,112.06483125000001,138.8609,89.9769
153,snn,baseline,jetson_emulator,100,local,0.5,45.9747,39.092,45.9747,48.4323,53.0474,112.06483125000001,112.06483125000001,138.9708,89.9999
154,snn,baseline,jetson_emulator,100,offload,0.5,45.4674,38.1958,38.1958,39.1086,54.5859,112.06483125000001,112.06483125000001,135.2528,89.9414
155,snn,baseline,jetson_emulator,100,offload,0.5,46.3256,38.0521,38.0521,40.357,54.6151,112.06483125000001,112.06483125000001,135.3597,89.9209
156,snn,baseline,jetson_emulator,100,offload,0.5,45.5472,37.5828,37.5828,40.2585,54.7109,112.06483125000001,112.06483125000001,135.4667,89.9488
157,snn,baseline,jetson_emulator,100,offload,0.5,45.9587,37.7877,37.7877,40.0589,54.6691,112.06483125000001,112.06483125000001,135.5736,89.9685
158,snn,baseline,jetson_emulator,100,local,0.5,45.4371,37.6043,45.4371,47.5453,53.1509,112.06483125000001,112.06483125000001,139.5205,89.9419
159,snn,baseline,jetson_emulator,100,offload,0.5,45.3493,38.0975,38.0975,40.2874,54.6059,112.06483125000001,112.06483125000001,135.7874,89.9281
160,snn,baseline,jetson_emulator,100,local,0.5,45.4607,37.574,45.4607,47.2194,53.1464,112.06483125000001,112.06483125000001,139.7404,89.9386
161,snn,baseline,jetson_emulator,100,local,0.5,45.3312,38.1768,45.3312,47.2802,53.1714,112.06483125000001,112.06483125000001,139.8503,89.8259
162,snn,baseline,jetson_emulator,100,offload,0.5,46.1971,38.1896,38.1896,40.5381,54.5871,112.06483125000001,112.06483125000001,136.1081,90.0057
163,snn,baseline,jetson_emulator,100,offload,0.5,45.2897,38.1433,38.1433,39.6859,54.5966,112.06483125000001,112.06483125000001,136.215,89.9897
164,snn,baseline,jetson_emulator,100,local,0.5,45.3983,38.7364,45.3983,47.5385,53.1584,112.06483125000001,112.06483125000001,140.1801,89.9509
165,snn,baseline,jetson_emulator,100,offload,0.5,46.346,37.3849,37.3849,39.6731,54.7514,112.06483125000001,112.06483125000001,136.4288,90.0149
166,snn,baseline,jetson_emulator,100,offload,0.5,45.5602,37.5916,37.5916,39.2424,54.7091,112.06483125000001,112.06483125000001,136.5358,89.9651
167,snn,baseline,jetson_emulator,100,local,0.5,45.6792,37.4428,45.6792,48.1404,53.1042,112.06483125000001,112.06483125000001,140.5099,90.0029
168,snn,baseline,jetson_emulator,100,offload,0.5,45.5103,37.6048,37.6048,39.69,54.7064,112.06483125000001,112.06483125000001,136.7496,90.0743
169,snn,baseline,jetson_emulator,100,offload,0.5,45.735,37.6343,37.6343,40.3572,54.7004,112.06483125000001,112.06483125000001,136.8565,89.9168
170,snn,baseline,jetson_emulator,100,offload,0.5,45.0567,38.1788,38.1788,40.5581,54.5893,112.06483125000001,112.06483125000001,136.9634,89.9515
171,snn,baseline,jetson_emulator,100,local,0.5,46.8486,37.31,46.8486,48.4375,52.88,112.06483125000001,112.06483125000001,140.9497,89.9706
172,snn,baseline,jetson_emulator,100,local,0.5,45.2065,37.4228,45.2065,48.0304,53.1955,112.06483125000001,112.06483125000001,141.0596,89.8715
173,snn,baseline,jetson_emulator,100,local,0.5,45.0017,37.4028,45.0017,47.8906,53.2351,112.06483125000001,112.06483125000001,141.1695,89.8922
174,snn,baseline,jetson_emulator,100,offload,0.5,45.8877,38.0531,38.0531,40.3919,54.6149,112.06483125000001,112.06483125000001,137.391,89.9521
175,snn,baseline,jetson_emulator,100,offload,0.5,45.3934,37.9295,37.9295,39.8219,54.6401,112.06483125000001,112.06483125000001,137.4979,89.9789
176,snn,baseline,jetson_emulator,100,offload,0.5,45.0123,37.4178,37.4178,39.7932,54.7447,112.06483125000001,112.06483125000001,137.6049,89.8979
177,snn,baseline,jetson_emulator,100,local,0.5,44.9265,37.2898,44.9265,46.9732,53.2496,112.06483125000001,112.06483125000001,141.6093,89.9199
178,snn,baseline,jetson_emulator,100,local,0.5,44.8703,37.0645,44.8703,47.1502,53.2605,112.06483125000001,112.06483125000001,141.7192,89.9914
179,snn,baseline,jetson_emulator,100,local,0.5,45.2487,37.1829,45.2487,47.1045,53.1873,112.06483125000001,112.06483125000001,141.8291,89.9286
180,snn,baseline,jetson_emulator,100,local,0.5,44.8181,37.8494,44.8181,47.342,53.2706,112.06483125000001,112.06483125000001,141.9391,89.9702
181,snn,baseline,jetson_emulator,100,local,0.5,45.6583,37.0878,45.6583,47.1893,53.1083,112.06483125000001,112.06483125000001,142.049,89.9801
182,snn,baseline,jetson_emulator,100,local,0.5,44.9586,37.399,44.9586,46.8826,53.2434,112.06483125000001,112.06483125000001,142.1589,90.0189
183,snn,baseline,jetson_emulator,100,offload,0.5,45.1807,37.7344,37.7344,39.6173,54.6799,112.06483125000001,112.06483125000001,138.3532,89.8986
184,snn,baseline,jetson_emulator,100,local,0.5,45.1574,37.2111,45.1574,46.8211,53.2049,112.06483125000001,112.06483125000001,142.3788,89.943
185,snn,baseline,jetson_emulator,100,local,0.5,45.5745,37.5336,45.5745,47.3845,53.1244,112.06483125000001,112.06483125000001,142.4888,90.0148
186,snn,baseline,jetson_emulator,100,offload,0.5,45.4919,37.3416,37.3416,39.1978,54.7603,112.06483125000001,112.06483125000001,138.674,89.9461
187,snn,baseline,jetson_emulator,100,local,0.5,44.9596,37.1257,44.9596,47.2994,53.2432,112.06483125000001,112.06483125000001,142.7086,89.9033
188,snn,baseline,jetson_emulator,100,offload,0.5,45.3569,38.206,38.206,40.3766,54.5838,112.06483125000001,112.06483125000001,138.8878,90.0077
189,snn,baseline,jetson_emulator,100,offload,0.5,45.4045,38.0243,38.0243,40.3263,54.6208,112.06483125000001,112.06483125000001,138.9947,89.9558
190,snn,baseline,jetson_emulator,100,offload,0.5,44.8374,37.1578,37.1578,38.9381,54.7979,112.06483125000001,112.06483125000001,139.1016,89.9863
191,snn,baseline,jetson_emulator,100,offload,0.5,45.5613,37.0407,37.0407,38.9449,54.822,112.06483125000001,112.06483125000001,139.2085,89.8728
192,snn,baseline,jetson_emulator,100,local,0.5,44.7608,38.2349,44.7608,47.408,53.2817,112.06483125000001,112.06483125000001,143.2583,89.954
193,snn,baseline,jetson_emulator,100,local,0.5,46.1883,37.0925,46.1883,48.7972,53.0064,112.06483125000001,112.06483125000001,143.3682,90.0257
194,snn,baseline,jetson_emulator,100,offload,0.5,45.4803,37.4324,37.4324,39.1825,54.7417,112.06483125000001,112.06483125000001,139.5292,90.0103
195,snn,baseline,jetson_emulator,100,local,0.5,44.7808,37.9615,44.7808,47.1978,53.2779,112.06483125000001,112.06483125000001,143.5881,89.9965
196,snn,baseline,jetson_emulator,100,local,0.5,44.8654,38.2629,44.8654,46.9786,53.2615,112.06483125000001,112.06483125000001,143.698,89.9768
197,snn,baseline,jetson_emulator,100,offload,0.5,44.7315,37.3551,37.3551,39.5098,54.7575,112.06483125000001,112.06483125000001,139.85,89.8955
198,snn,baseline,jetson_emulator,100,offload,0.5,44.9205,37.5017,37.5017,39.6379,54.7275,112.06483125000001,112.06483125000001,139.9569,89.9715
199,snn,baseline,jetson_emulator,100,local,0.5,45.0856,37.4466,45.0856,48.1363,53.2188,112.06483125000001,112.06483125000001,144.0279,90.0443
200,snn,baseline,jetson_emulator,100,local,0.5,44.9818,38.2337,44.9818,47.8104,53.2389,112.06483125000001,112.06483125000001,144.1378,89.9621
201,snn,baseline,jetson_emulator,100,offload,0.5,45.036,37.288,37.288,39.2101,54.7713,112.06483125000001,112.06483125000001,140.2776,89.9193
202,snn,baseline,jetson_emulator,100,offload,0.5,45.5065,38.0859,38.0859,40.6478,54.6083,112.06483125000001,112.06483125000001,140.3845,90.0441
203,snn,baseline,jetson_emulator,100,local,0.5,45.6381,37.8116,45.6381,48.5422,53.1122,112.06483125000001,112.06483125000001,144.4676,89.9898
204,snn,baseline,jetson_emulator,100,local,0.5,45.4292,37.3009,45.4292,47.2383,53.1525,112.06483125000001,112.06483125000001,144.5775,89.9635
205,snn,baseline,jetson_emulator,100,offload,0.5,45.4194,39.053,39.053,41.6303,54.412,112.06483125000001,112.06483125000001,140.7052,90.0241
206,snn,baseline,jetson_emulator,100,local,0.5,44.8404,37.4067,44.8404,47.2695,53.2663,112.06483125000001,112.06483125000001,144.7974,90.0736
207,snn,baseline,jetson_emulator,100,local,0.5,45.1652,37.8943,45.1652,47.6732,53.2034,112.06483125000001,112.06483125000001,144.9073,89.9315
208,snn,baseline,jetson_emulator,100,local,0.5,44.8774,37.7995,44.8774,47.1428,53.2591,112.06483125000001,112.06483125000001,145.0173,89.8873
209,snn,baseline,jetson_emulator,100,local,0.5,45.4444,37.4193,45.4444,47.5642,53.1495,112.06483125000001,112.06483125000001,145.1272,89.9227
210,snn,baseline,jetson_emulator,100,offload,0.5,45.8792,37.2813,37.2813,39.3393,54.7726,112.06483125000001,112.06483125000001,141.2398,89.9634
211,snn,baseline,jetson_emulator,100,offload,0.5,45.2983,37.8671,37.8671,40.1077,54.6529,112.06483125000001,112.06483125000001,141.3467,89.8938
212,snn,baseline,jetson_emulator,100,offload,0.5,45.8532,37.8633,37.8633,39.8799,54.6536,112.06483125000001,112.06483125000001,141.4536,90.0041
213,snn,baseline,jetson_emulator,100,local,0.5,45.771,37.6122,45.771,47.2899,53.0866,112.06483125000001,112.06483125000001,145.5669,89.9283
214,snn,baseline,jetson_emulator,100,offload,0.5,45.6404,37.6069,37.6069,40.2275,54.706,112.06483125000001,112.06483125000001,141.6674,90.0992
215,snn,baseline,jetson_emulator,100,local,0.5,45.0512,37.7795,45.0512,47.3918,53.2255,112.06483125000001,112.06483125000001,145.7868,89.9731
216,snn,baseline,jetson_emulator,100,local,0.5,46.0794,37.5212,46.0794,49.028,53.0273,112.06483125000001,112.06483125000001,145.8968,90.0289
217,snn,baseline,jetson_emulator,100,local,0.5,45.1718,37.5065,45.1718,47.025,53.2022,112.06483125000001,112.06483125000001,146.0067,89.9772
218,snn,baseline,jetson_emulator,100,offload,0.5,45.9911,37.7327,37.7327,40.3068,54.6803,112.06483125000001,112.06483125000001,142.0951,90.0418
219,snn,baseline,jetson_emulator,100,offload,0.5,45.3792,37.6271,37.6271,40.0281,54.7019,112.06483125000001,112.06483125000001,142.202,89.9718
220,snn,baseline,jetson_emulator,100,local,0.5,45.5288,37.8707,45.5288,47.8852,53.1332,112.06483125000001,112.06483125000001,146.3365,89.9004
221,snn,baseline,jetson_emulator,100,offload,0.5,45.6274,37.6866,37.6866,40.1282,54.6897,112.06483125000001,112.06483125000001,142.4158,89.9322
222,snn,baseline,jetson_emulator,100,local,0.5,45.5329,39.4839,45.5329,47.942,53.1325,112.06483125000001,112.06483125000001,146.5564,89.9782
223,snn,baseline,jetson_emulator,100,local,0.5,46.7391,37.603,46.7391,48.7195,52.9009,112.06483125000001,112.06483125000001,146.6663,89.9215
224,snn,baseline,jetson_emulator,100,local,0.5,45.3936,37.8102,45.3936,47.4679,53.1593,112.06483125000001,112.06483125000001,146.7762,89.9488
225,snn,baseline,jetson_emulator,100,local,0.5,45.6317,37.7185,45.6317,47.7761,53.1134,112.06483125000001,112.06483125000001,146.8862,90.0376
226,snn,baseline,jetson_emulator,100,offload,0.5,45.8958,38.4402,38.4402,39.9107,54.5362,112.06483125000001,112.06483125000001,142.9503,90.0262
227,snn,baseline,jetson_emulator,100,offload,0.5,46.7441,38.2854,38.2854,41.2757,54.5676,112.06483125000001,112.06483125000001,143.0573,89.9267
228,snn,baseline,jetson_emulator,100,offload,0.5,45.7803,38.3071,38.3071,40.8086,54.5632,112.06483125000001,112.06483125000001,143.1642,89.9597
229,snn,baseline,jetson_emulator,100,local,0.5,45.6977,38.1996,45.6977,48.1232,53.1007,112.06483125000001,112.06483125000001,147.3259,89.9412
230,snn,baseline,jetson_emulator,100,offload,0.5,45.6359,38.1014,38.1014,40.4302,54.6051,112.06483125000001,112.06483125000001,143.378,90.0398
231,snn,baseline,jetson_emulator,100,offload,0.5,46.6227,37.856,37.856,40.3965,54.6551,112.06483125000001,112.06483125000001,143.4849,89.9229
232,snn,baseline,jetson_emulator,100,local,0.5,45.9872,38.0657,45.9872,47.8124,53.045,112.06483125000001,112.06483125000001,147.6557,89.9699
233,snn,baseline,jetson_emulator,100,offload,0.5,46.1032,38.3516,38.3516,41.0023,54.5542,112.06483125000001,112.06483125000001,143.6987,89.979
234,snn,baseline,jetson_emulator,100,offload,0.5,47.1437,37.9274,37.9274,40.3549,54.6406,112.06483125000001,112.06483125000001,143.8056,89.8847
235,snn,baseline,jetson_emulator,100,offload,0.5,45.9513,39.0539,39.0539,41.241,54.4118,112.06483125000001,112.06483125000001,143.9125,89.9676
236,snn,baseline,jetson_emulator,100,offload,0.5,46.1341,39.6253,39.6253,42.4137,54.2965,112.06483125000001,112.06483125000001,144.0194,89.8958
237,snn,baseline,jetson_emulator,100,local,0.5,46.1598,38.1426,46.1598,48.2118,53.0118,112.06483125000001,112.06483125000001,148.2054,90.086
238,snn,baseline,jetson_emulator,100,local,0.5,47.0235,38.9518,47.0235,48.8964,52.8466,112.06483125000001,112.06483125000001,148.3153,89.9794
239,snn,baseline,jetson_emulator,100,offload,0.5,46.192,38.1217,38.1217,40.0067,54.601,112.06483125000001,112.06483125000001,144.3402,90.0559
240,snn,baseline,jetson_emulator,100,local,0.5,46.4297,39.6643,46.4297,49.3508,52.9601,112.06483125000001,112.06483125000001,148.5352,90.0336
241,snn,baseline,jetson_emulator,100,local,0.5,46.7941,39.6713,46.7941,48.9663,52.8904,112.06483125000001,112.06483125000001,148.6451,89.9162
242,snn,baseline,jetson_emulator,100,local,0.5,46.4634,38.6924,46.4634,48.9916,52.9536,112.06483125000001,112.06483125000001,148.7551,90.1222
243,snn,baseline,jetson_emulator,100,local,0.5,46.4459,39.1096,46.4459,48.3716,52.957,112.06483125000001,112.06483125000001,148.865,89.9689
244,snn,baseline,jetson_emulator,100,local,0.5,46.9489,38.7936,46.9489,49.3938,52.8608,112.06483125000001,112.06483125000001,148.975,89.9723
245,snn,baseline,jetson_emulator,100,local,0.5,46.7996,39.3523,46.7996,49.0945,52.8893,112.06483125000001,112.06483125000001,149.0849,89.9606
246,snn,baseline,jetson_emulator,100,local,0.5,46.7636,38.8385,46.7636,50.2185,52.8962,112.06483125000001,112.06483125000001,149.1948,90.0415
247,snn,baseline,jetson_emulator,100,local,0.5,46.6502,39.7574,46.6502,48.377,52.9179,112.06483125000001,112.06483125000001,149.3048,89.9966
248,snn,baseline,jetson_emulator,100,local,0.5,46.8455,39.8474,46.8455,48.8824,52.8805,112.06483125000001,112.06483125000001,149.4147,89.9411
249,snn,baseline,jetson_emulator,100,local,0.5,47.67,38.8214,47.67,49.9428,52.7235,112.06483125000001,112.06483125000001,149.5246,89.9141
250,snn,baseline,jetson_emulator,100,local,0.5,47.0508,39.2309,47.0508,49.0395,52.8414,112.06483125000001,112.06483125000001,149.6346,89.9544
251,snn,baseline,jetson_emulator,100,local,0.5,47.4202,38.8287,47.4202,49.7215,52.771,112.06483125000001,112.06483125000001,149.7445,89.9635
252,snn,baseline,jetson_emulator,100,offload,0.5,47.1334,38.98,38.98,40.9819,54.4267,112.06483125000001,112.06483125000001,145.73,90.0613
253,snn,baseline,jetson_emulator,100,offload,0.5,47.3402,39.795,39.795,41.699,54.2624,112.06483125000001,112.06483125000001,145.8369,89.9562
254,snn,baseline,jetson_emulator,100,local,0.5,47.6813,39.0546,47.6813,49.6883,52.7214,112.06483125000001,112.06483125000001,150.0743,89.9208
255,snn,baseline,jetson_emulator,100,offload,0.5,47.2831,39.5631,39.5631,41.6983,54.309,112.06483125000001,112.06483125000001,146.0507,90.0305
256,snn,baseline,jetson_emulator,100,local,0.5,47.3958,39.6547,47.3958,49.9559,52.7757,112.06483125000001,112.06483125000001,150.2942,90.0703
257,snn,baseline,jetson_emulator,100,offload,0.5,47.6062,39.5394,39.5394,42.8986,54.3138,112.06483125000001,112.06483125000001,146.2646,89.9381
258,snn,baseline,jetson_emulator,100,offload,0.5,47.5879,40.0457,40.0457,42.165,54.212,112.06483125000001,112.06483125000001,146.3715,89.9756
259,snn,baseline,jetson_emulator,100,offload,0.5,49.0267,39.3824,39.3824,41.8241,54.3454,112.06483125000001,112.06483125000001,146.4784,90.0106
260,snn,baseline,jetson_emulator,100,local,0.5,48.1762,39.7487,48.1762,50.0697,52.6276,112.06483125000001,112.06483125000001,150.7339,89.937
261,snn,baseline,jetson_emulator,100,local,0.5,47.9717,40.2038,47.9717,50.4144,52.6663,112.06483125000001,112.06483125000001,150.8439,89.9615
262,snn,baseline,jetson_emulator,100,local,0.5,48.8247,40.6799,48.8247,51.1232,52.5052,112.06483125000001,112.06483125000001,150.9538,89.9215
263,snn,baseline,jetson_emulator,100,offload,0.5,48.0516,39.8662,39.8662,41.8496,54.248,112.06483125000001,112.06483125000001,146.906,89.9697
264,snn,baseline,jetson_emulator,100,local,0.5,48.0146,40.9904,48.0146,50.9456,52.6582,112.06483125000001,112.06483125000001,151.1737,90.025
265,snn,baseline,jetson_emulator,100,local,0.5,48.4379,40.1055,48.4379,50.8056,52.5782,112.06483125000001,112.06483125000001,151.2836,90.009
266,snn,baseline,jetson_emulator,100,offload,0.5,48.8545,40.4511,40.4511,42.6784,54.1307,112.06483125000001,112.06483125000001,147.2267,90.0031
267,snn,baseline,jetson_emulator,100,offload,0.5,48.3557,40.3386,40.3386,43.0753,54.1532,112.06483125000001,112.06483125000001,147.3337,89.8999
268,snn,baseline,jetson_emulator,100,offload,0.5,48.7138,40.3108,40.3108,43.0481,54.1588,112.06483125000001,112.06483125000001,147.4406,90.0243
269,snn,baseline,jetson_emulator,100,local,0.5,49.2675,41.3365,49.2675,51.0132,52.422,112.06483125000001,112.06483125000001,151.7233,90.0779
270,snn,baseline,jetson_emulator,100,offload,0.5,49.0534,40.1868,40.1868,42.6369,54.1837,112.06483125000001,112.06483125000001,147.6544,90.0179
271,snn,baseline,jetson_emulator,100,offload,0.5,49.0833,40.3755,40.3755,42.5656,54.1459,112.06483125000001,112.06483125000001,147.7613,89.9816
272,snn,baseline,jetson_emulator,100,local,0.5,49.8601,41.024,49.8601,52.6798,52.311,112.06483125000001,112.06483125000001,152.0531,89.9054
273,snn,baseline,jetson_emulator,100,local,0.5,49.3484,40.6522,49.3484,51.2373,52.4068,112.06483125000001,112.06483125000001,152.1631,89.9644
274,snn,baseline,jetson_emulator,100,local,0.5,49.8375,40.714,49.8375,51.995,52.3152,112.06483125000001,112.06483125000001,152.273,90.014
275,snn,baseline,jetson_emulator,100,offload,0.5,49.2677,41.442,41.442,43.0071,53.9331,112.06483125000001,112.06483125000001,148.1889,89.9005
276,snn,baseline,jetson_emulator,100,local,0.5,49.3877,41.2987,49.3877,52.0045,52.3994,112.06483125000001,112.06483125000001,152.4929,90.0039
277,snn,baseline,jetson_emulator,100,local,0.5,49.2616,41.5578,49.2616,51.1828,52.4231,112.06483125000001,112.06483125000001,152.6028,89.9062
278,snn,baseline,jetson_emulator,100,offload,0.5,50.7039,40.9891,40.9891,42.9661,54.0233,112.06483125000001,112.06483125000001,148.5097,89.9198
279,snn,baseline,jetson_emulator,100,local,0.5,50.0255,41.3889,50.0255,52.1563,52.2801,112.06483125000001,112.06483125000001,152.8227,89.9753
280,snn,baseline,jetson_emulator,100,offload,0.5,50.8334,41.6211,41.6211,43.226,53.8976,112.06483125000001,112.06483125000001,148.7235,90.0148
281,snn,baseline,jetson_emulator,100,offload,0.5,50.3043,41.2477,41.2477,43.3188,53.9718,112.06483125000001,112.06483125000001,148.8304,89.8891
282,snn,baseline,jetson_emulator,100,local,0.5,50.4519,41.9518,50.4519,53.4684,52.2006,112.06483125000001,112.06483125000001,153.1525,89.9878
283,snn,baseline,jetson_emulator,100,offload,0.5,49.961,41.637,41.637,43.9876,53.8944,112.06483125000001,112.06483125000001,149.0442,89.9957
284,snn,baseline,jetson_emulator,100,local,0.5,50.5589,42.7662,50.5589,52.4583,52.1807,112.06483125000001,112.06483125000001,153.3724,89.9384
285,snn,baseline,jetson_emulator,100,offload,0.5,51.1005,41.5251,41.5251,43.753,53.9166,112.06483125000001,112.06483125000001,149.258,90.024
286,snn,baseline,jetson_emulator,100,local,0.5,50.6973,42.39,50.6973,53.7283,52.155,112.06483125000001,112.06483125000001,153.5922,90.0045
287,snn,baseline,jetson_emulator,100,offload,0.5,50.5216,41.5625,41.5625,44.3105,53.9092,112.06483125000001,112.06483125000001,149.4718,90.0094
288,snn,baseline,jetson_emulator,100,offload,0.5,50.5365,42.4424,42.4424,45.1043,53.7351,112.06483125000001,112.06483125000001,149.5788,89.965
289,snn,baseline,jetson_emulator,100,local,0.5,50.4611,42.2758,50.4611,52.7213,52.1989,112.06483125000001,112.06483125000001,153.9221,89.931
290,snn,baseline,jetson_emulator,100,offload,0.5,51.2733,42.8198,42.8198,44.7111,53.6608,112.06483125000001,112.06483125000001,149.7926,89.9458
291,snn,baseline,jetson_emulator,100,local,0.5,51.8008,41.8559,51.8008,53.7301,51.9508,112.06483125000001,112.06483125000001,154.1419,89.9204
292,snn,baseline,jetson_emulator,100,offload,0.5,51.4126,42.0622,42.0622,44.2292,53.8102,112.06483125000001,112.06483125000001,150.0064,89.9852
293,snn,baseline,jetson_emulator,100,local,0.5,51.7667,43.6819,51.7667,53.097,51.957,112.06483125000001,112.06483125000001,154.3618,89.9752
294,snn,baseline,jetson_emulator,100,local,0.5,51.1215,42.1156,51.1215,52.3827,52.0763,112.06483125000001,112.06483125000001,154.4717,89.8969
295,snn,baseline,jetson_emulator,100,offload,0.5,51.6948,42.7724,42.7724,45.5893,53.6701,112.06483125000001,112.06483125000001,150.3271,90.0808
296,snn,baseline,jetson_emulator,100,local,0.5,51.5621,43.189,51.5621,54.1271,51.9948,112.06483125000001,112.06483125000001,154.6916,90.0116
297,snn,baseline,jetson_emulator,100,local,0.5,52.336,42.8028,52.336,54.5276,51.8523,112.06483125000001,112.06483125000001,154.8015,90.0571
298,snn,baseline,jetson_emulator,100,local,0.5,51.5218,43.3187,51.5218,54.1479,52.0022,112.06483125000001,112.06483125000001,154.9115,89.9335
299,snn,baseline,jetson_emulator,100,local,0.5,51.6736,43.5437,51.6736,53.4418,51.9742,112.06483125000001,112.06483125000001,155.0214,89.9408
300,snn,baseline,jetson_emulator,100,local,0.5,51.6025,42.8009,51.6025,53.2659,51.9873,112.06483125000001,112.06483125000001,155.1313,90.0226
301,snn,baseline,jetson_emulator,100,local,0.5,51.9431,42.8838,51.9431,54.0854,51.9245,112.06483125000001,112.06483125000001,155.2413,89.9369
302,snn,baseline,jetson_emulator,100,local,0.5,52.7194,44.1694,52.7194,54.5112,51.782,112.06483125000001,112.06483125000001,155.3512,90.0043
303,snn,baseline,jetson_emulator,100,offload,0.5,52.3308,43.7114,43.7114,46.1605,53.486,112.06483125000001,112.06483125000001,151.1824,89.9332
304,snn,baseline,jetson_emulator,100,local,0.5,52.2096,43.1533,52.2096,55.3698,51.8755,112.06483125000001,112.06483125000001,155.5711,89.9744
305,snn,baseline,jetson_emulator,100,local,0.5,52.2726,45.1391,52.2726,54.7245,51.8639,112.06483125000001,112.06483125000001,155.681,89.9772
306,snn,baseline,jetson_emulator,100,local,0.5,53.3529,43.9931,53.3529,54.4699,51.6662,112.06483125000001,112.06483125000001,155.791,89.9914
307,snn,baseline,jetson_emulator,100,local,0.5,53.0611,43.5007,53.0611,55.4903,51.7195,112.06483125000001,112.06483125000001,155.9009,89.9922
308,snn,baseline,jetson_emulator,100,local,0.5,52.605,43.2978,52.605,54.6109,51.8029,112.06483125000001,112.06483125000001,156.0108,89.9418
309,snn,baseline,jetson_emulator,100,offload,0.5,52.9114,43.7959,43.7959,46.2551,53.4695,112.06483125000001,112.06483125000001,151.8239,89.8617
310,snn,baseline,jetson_emulator,100,local,0.5,53.5226,44.7614,53.5226,55.8533,51.6353,112.06483125000001,112.06483125000001,156.2307,90.0259
311,snn,baseline,jetson_emulator,100,offload,0.5,53.3112,43.6104,43.6104,46.4376,53.5057,112.06483125000001,112.06483125000001,152.0377,89.9655
312,snn,baseline,jetson_emulator,100,offload,0.5,52.7622,44.2256,44.2256,45.9814,53.3857,112.06483125000001,112.06483125000001,152.1446,90.027
313,snn,baseline,jetson_emulator,100,local,0.5,53.2136,44.2857,53.2136,55.5992,51.6916,112.06483125000001,112.06483125000001,156.5605,89.9676
314,snn,baseline,jetson_emulator,100,offload,0.5,53.0982,43.8982,43.8982,46.0954,53.4495,112.06483125000001,112.06483125000001,152.3584,89.9636
315,snn,baseline,jetson_emulator,100,offload,0.5,53.099,44.6102,44.6102,46.0009,53.311,112.06483125000001,112.06483125000001,152.4653,89.9786
316,snn,baseline,jetson_emulator,100,local,0.5,53.5981,44.4149,53.5981,55.6701,51.6215,112.06483125000001,112.06483125000001,156.8903,89.9755
317,snn,baseline,jetson_emulator,100,local,0.5,54.1352,44.0452,54.1352,56.1285,51.524,112.06483125000001,112.06483125000001,157.0003,89.9382
318,snn,baseline,jetson_emulator,100,local,0.5,53.8335,45.0768,53.8335,56.6352,51.5787,112.06483125000001,112.06483125000001,157.1102,89.9519
319,snn,baseline,jetson_emulator,100,offload,0.5,53.3755,44.2802,44.2802,46.0911,53.3751,112.06483125000001,112.06483125000001,152.893,89.9742
320,snn,baseline,jetson_emulator,100,local,0.5,54.6866,44.6018,54.6866,57.3798,51.4242,112.06483125000001,112.06483125000001,157.3301,89.9959
321,snn,baseline,jetson_emulator,100,local,0.5,53.922,44.9314,53.922,56.4088,51.5627,112.06483125000001,112.06483125000001,157.44,89.9294
322,snn,baseline,jetson_emulator,100,offload,0.5,54.148,46.2982,46.2982,49.238,52.9853,112.06483125000001,112.06483125000001,153.2137,89.944
323,snn,baseline,jetson_emulator,100,offload,0.5,53.8884,44.5345,44.5345,46.8926,53.3257,112.06483125000001,112.06483125000001,153.3206,89.9563
324,snn,baseline,jetson_emulator,100,offload,0.5,53.9607,45.3187,45.3187,48.1505,53.1738,112.06483125000001,112.06483125000001,153.4275,89.9664
325,snn,baseline,jetson_emulator,100,offload,0.5,54.3816,45.021,45.021,47.3164,53.2313,112.06483125000001,112.06483125000001,153.5344,89.9916
326,snn,baseline,jetson_emulator,100,offload,0.5,54.7876,44.7721,44.7721,46.7799,53.2795,112.06483125000001,112.06483125000001,153.6413,90.0136
327,snn,baseline,jetson_emulator,100,offload,0.5,54.0677,45.6798,45.6798,47.563,53.1041,112.06483125000001,112.06483125000001,153.7482,89.9365
328,snn,baseline,jetson_emulator,100,offload,0.5,54.2302,45.4205,45.4205,47.5922,53.1541,112.06483125000001,112.06483125000001,153.8552,90.0214
329,snn,baseline,jetson_emulator,100,offload,0.5,54.6922,45.2454,45.2454,48.1125,53.1879,112.06483125000001,112.06483125000001,153.9621,90.0371
330,snn,baseline,jetson_emulator,100,local,0.5,54.5775,44.9726,54.5775,56.8188,51.4439,112.06483125000001,112.06483125000001,158.4294,89.8724
331,snn,baseline,jetson_emulator,100,offload,0.5,54.534,46.1962,46.1962,48.8635,53.0049,112.06483125000001,112.06483125000001,154.1759,89.9328
332,snn,baseline,jetson_emulator,100,local,0.5,55.3522,45.7127,55.3522,57.501,51.3042,112.06483125000001,112.06483125000001,158.6493,89.9809
333,snn,baseline,jetson_emulator,100,offload,0.5,55.0219,45.3043,45.3043,47.497,53.1766,112.06483125000001,112.06483125000001,154.3897,89.9743
334,snn,baseline,jetson_emulator,100,local,0.5,54.7369,45.57,54.7369,57.0977,51.4151,112.06483125000001,112.06483125000001,158.8692,89.8698
335,snn,baseline,jetson_emulator,100,local,0.5,55.6594,46.2839,55.6594,58.3246,51.2491,112.06483125000001,112.06483125000001,158.9791,89.8795
336,snn,baseline,jetson_emulator,100,local,0.5,55.2342,46.1124,55.2342,57.7556,51.3255,112.06483125000001,112.06483125000001,159.089,89.9757
337,snn,baseline,jetson_emulator,100,local,0.5,55.1995,45.7118,55.1995,56.4842,51.3317,112.06483125000001,112.06483125000001,159.199,89.9092
338,snn,baseline,jetson_emulator,100,local,0.5,55.1101,45.4793,55.1101,56.6696,51.3478,112.06483125000001,112.06483125000001,159.3089,90.0478
339,snn,baseline,jetson_emulator,100,offload,0.5,55.1178,46.1518,46.1518,48.5087,53.0134,112.06483125000001,112.06483125000001,155.0312,89.8761
340,snn,baseline,jetson_emulator,100,local,0.5,55.1841,46.0646,55.1841,57.6764,51.3345,112.06483125000001,112.06483125000001,159.5288,90.0224
341,snn,baseline,jetson_emulator,100,local,0.5,55.27,47.672,55.27,57.9358,51.319,112.06483125000001,112.06483125000001,159.6387,89.9903
342,snn,baseline,jetson_emulator,100,offload,0.5,55.7552,47.3259,47.3259,49.9062,52.789,112.06483125000001,112.06483125000001,155.3519,90.0196
343,snn,baseline,jetson_emulator,100,local,0.5,56.0053,46.7972,56.0053,58.1044,51.1871,112.06483125000001,112.06483125000001,159.8586,89.9749
344,snn,baseline,jetson_emulator,100,local,0.5,55.56,46.5302,55.56,58.2528,51.2669,112.06483125000001,112.06483125000001,159.9685,89.9331
345,snn,baseline,jetson_emulator,100,offload,0.5,56.2499,46.8511,46.8511,49.1878,52.8795,112.06483125000001,112.06483125000001,155.6726,89.9225
346,snn,baseline,jetson_emulator,100,offload,0.5,55.6514,46.583,46.583,48.4983,52.9307,112.06483125000001,112.06483125000001,155.7795,89.902
347,snn,baseline,jetson_emulator,100,offload,0.5,55.9758,47.0574,47.0574,48.9913,52.8401,112.06483125000001,112.06483125000001,155.8864,90.0217
348,snn,baseline,jetson_emulator,100,local,0.5,56.1959,46.0121,56.1959,58.9561,51.153,112.06483125000001,112.06483125000001,160.4083,90.005
349,snn,baseline,jetson_emulator,100,local,0.5,56.1966,47.1233,56.1966,57.9158,51.1529,112.06483125000001,112.06483125000001,160.5182,89.9244
350,snn,baseline,jetson_emulator,100,offload,0.5,56.7288,46.8132,46.8132,49.2443,52.8867,112.06483125000001,112.06483125000001,156.2072,89.9035
351,snn,baseline,jetson_emulator,100,offload,0.5,56.0943,46.4563,46.4563,48.4935,52.955,112.06483125000001,112.06483125000001,156.3141,89.9124
352,snn,baseline,jetson_emulator,100,local,0.5,56.4242,46.4871,56.4242,58.7081,51.1122,112.06483125000001,112.06483125000001,160.848,89.9287
353,snn,baseline,jetson_emulator,100,offload,0.5,56.0037,46.7035,46.7035,48.9672,52.9077,112.06483125000001,112.06483125000001,156.5279,89.9609
354,snn,baseline,jetson_emulator,100,local,0.5,57.1109,46.5629,57.1109,59.6409,50.99,112.06483125000001,112.06483125000001,161.0679,89.9166
355,snn,baseline,jetson_emulator,100,local,0.5,56.0595,46.973,56.0595,57.6585,51.1774,112.06483125000001,112.06483125000001,161.1778,89.9793
356,snn,baseline,jetson_emulator,100,offload,0.5,56.6798,47.25,47.25,49.5604,52.8034,112.06483125000001,112.06483125000001,156.8486,89.95
357,snn,baseline,jetson_emulator,100,local,0.5,56.2382,46.8971,56.2382,58.2039,51.1454,112.06483125000001,112.06483125000001,161.3977,89.992
358,snn,baseline,jetson_emulator,100,offload,0.5,56.6602,47.677,47.677,50.1238,52.7222,112.06483125000001,112.06483125000001,157.0624,89.9269
359,snn,baseline,jetson_emulator,100,local,0.5,56.746,46.8528,56.746,58.9887,51.0549,112.06483125000001,112.06483125000001,161.6175,89.9212
360,snn,baseline,jetson_emulator,100,local,0.5,56.5349,46.561,56.5349,58.8616,51.0925,112.06483125000001,112.06483125000001,161.7275,90.0606
361,snn,baseline,jetson_emulator,100,offload,0.5,56.3728,47.0876,47.0876,49.4348,52.8343,112.06483125000001,112.06483125000001,157.3832,90.0014
362,snn,baseline,jetson_emulator,100,local,0.5,56.437,47.0711,56.437,58.2367,51.11,112.06483125000001,112.06483125000001,161.9474,89.9855
363,snn,baseline,jetson_emulator,100,local,0.5,56.9886,48.2838,56.9886,58.8252,51.0117,112.06483125000001,112.06483125000001,162.0573,89.9629
364,snn,baseline,jetson_emulator,100,local,0.5,56.6194,47.3352,56.6194,58.2747,51.0774,112.06483125000001,112.06483125000001,162.1672,90.0128
365,snn,baseline,jetson_emulator,100,local,0.5,57.5447,46.8988,57.5447,59.7668,50.9131,112.06483125000001,112.06483125000001,162.2772,89.9149
366,snn,baseline,jetson_emulator,100,offload,0.5,56.8354,47.363,47.363,49.1523,52.7819,112.06483125000001,112.06483125000001,157.9177,90.013
367,snn,baseline,jetson_emulator,100,local,0.5,57.4818,46.9724,57.4818,59.8259,50.9242,112.06483125000001,112.06483125000001,162.497,89.9727
368,snn,baseline,jetson_emulator,100,local,0.5,56.7998,47.4368,56.7998,58.6326,51.0453,112.06483125000001,112.06483125000001,162.607,89.9001
369,snn,baseline,jetson_emulator,100,local,0.5,56.749,46.983,56.749,58.8534,51.0543,112.06483125000001,112.06483125000001,162.7169,89.9777
370,snn,baseline,jetson_emulator,100,local,0.5,57.1253,46.9105,57.1253,59.4044,50.9874,112.06483125000001,112.06483125000001,162.8268,89.9929
371,snn,baseline,jetson_emulator,100,offload,0.5,57.479,47.2806,47.2806,49.059,52.7976,112.06483125000001,112.06483125000001,158.4523,90.0241
372,snn,baseline,jetson_emulator,100,offload,0.5,57.0843,47.773,47.773,50.0841,52.704,112.06483125000001,112.06483125000001,158.5592,89.9083
373,snn,baseline,jetson_emulator,100,offload,0.5,57.2898,47.2249,47.2249,49.6966,52.8082,112.06483125000001,112.06483125000001,158.6661,89.9568
374,snn,baseline,jetson_emulator,100,offload,0.5,57.2404,48.2629,48.2629,49.8225,52.6112,112.06483125000001,112.06483125000001,158.773,89.9778
375,snn,baseline,jetson_emulator,100,local,0.5,57.4707,48.146,57.4707,59.5943,50.9262,112.06483125000001,112.06483125000001,163.3765,89.9367
376,snn,baseline,jetson_emulator,100,offload,0.5,57.7171,47.5456,47.5456,49.9096,52.7472,112.06483125000001,112.06483125000001,158.9868,90.0099
377,snn,baseline,jetson_emulator,100,offload,0.5,57.1747,47.8784,47.8784,50.061,52.684,112.06483125000001,112.06483125000001,159.0937,90.0748
378,snn,baseline,jetson_emulator,100,local,0.5,57.2871,47.2355,57.2871,59.5991,50.9587,112.06483125000001,112.06483125000001,163.7063,89.9801
379,snn,baseline,jetson_emulator,100,offload,0.5,57.1154,47.6921,47.6921,50.2858,52.7193,112.06483125000001,112.06483125000001,159.3076,90.0032
380,snn,baseline,jetson_emulator,100,offload,0.5,57.171,47.515,47.515,49.3923,52.753,112.06483125000001,112.06483125000001,159.4145,89.9076
381,snn,baseline,jetson_emulator,100,offload,0.5,57.4888,47.5208,47.5208,49.8712,52.7519,112.06483125000001,112.06483125000001,159.5214,89.9844
382,snn,baseline,jetson_emulator,100,local,0.5,58.1958,47.5736,58.1958,60.6195,50.7981,112.06483125000001,112.06483125000001,164.1461,89.9862
383,snn,baseline,jetson_emulator,100,local,0.5,57.976,48.0627,57.976,59.6122,50.8368,112.06483125000001,112.06483125000001,164.256,89.9243
384,snn,baseline,jetson_emulator,100,local,0.5,57.4839,48.1712,57.4839,60.7022,50.9239,112.06483125000001,112.06483125000001,164.3659,89.9123
385,snn,baseline,jetson_emulator,100,local,0.5,57.1722,47.6414,57.1722,60.2998,50.9791,112.06483125000001,112.06483125000001,164.4759,90.0015
386,snn,baseline,jetson_emulator,100,local,0.5,57.3069,47.5606,57.3069,59.6056,50.9552,112.06483125000001,112.06483125000001,164.5858,89.9734
387,snn,baseline,jetson_emulator,100,offload,0.5,57.2178,47.7791,47.7791,50.4391,52.7028,112.06483125000001,112.06483125000001,160.1628,89.8654
388,snn,baseline,jetson_emulator,100,local,0.5,57.3748,47.8154,57.3748,58.7828,50.9432,112.06483125000001,112.06483125000001,164.8057,89.9613
389,snn,baseline,jetson_emulator,100,local,0.5,57.3981,47.755,57.3981,59.039,50.9391,112.06483125000001,112.06483125000001,164.9156,89.961
390,snn,baseline,jetson_emulator,100,local,0.5,57.3242,47.5939,57.3242,58.9669,50.9522,112.06483125000001,112.06483125000001,165.0255,90.024
391,snn,baseline,jetson_emulator,100,local,0.5,57.9952,47.4694,57.9952,60.4256,50.8335,112.06483125000001,112.06483125000001,165.1355,90.0049
392,snn,baseline,jetson_emulator,100,local,0.5,57.8198,48.8454,57.8198,60.0621,50.8644,112.06483125000001,112.06483125000001,165.2454,89.9826
393,snn,baseline,jetson_emulator,100,local,0.5,57.3969,47.809,57.3969,58.9654,50.9393,112.06483125000001,112.06483125000001,165.3554,89.9706
394,snn,baseline,jetson_emulator,100,local,0.5,58.0845,48.347,58.0845,59.6877,50.8177,112.06483125000001,112.06483125000001,165.4653,90.0473
395,snn,baseline,jetson_emulator,100,local,0.5,57.8564,48.4455,57.8564,60.3904,50.858,112.06483125000001,112.06483125000001,165.5752,90.0246
396,snn,baseline,jetson_emulator,100,offload,0.5,57.7477,48.3403,48.3403,50.8381,52.5966,112.06483125000001,112.06483125000001,161.125,90.0133
397,snn,baseline,jetson_emulator,100,local,0.5,57.5494,47.5368,57.5494,60.1848,50.9123,112.06483125000001,112.06483125000001,165.7951,89.9633
398,snn,baseline,jetson_emulator,100,local,0.5,57.7574,48.5712,57.7574,60.2337,50.8755,112.06483125000001,112.06483125000001,165.905,89.9271
399,snn,baseline,jetson_emulator,100,offload,0.5,57.605,47.6526,47.6526,49.8339,52.7268,112.06483125000001,112.06483125000001,161.4458,89.9575
400,snn,baseline,jetson_emulator,100,local,0.5,58.2531,48.8367,58.2531,60.6624,50.788,112.06483125000001,112.06483125000001,166.1249,89.9399
401,snn,baseline,jetson_emulator,100,offload,0.5,57.5305,47.6598,47.6598,50.2783,52.7255,112.06483125000001,112.06483125000001,161.6596,89.9836
402,snn,baseline,jetson_emulator,100,offload,0.5,57.7852,47.9896,47.9896,49.9595,52.6629,112.06483125000001,112.06483125000001,161.7665,89.9721
403,snn,baseline,jetson_emulator,100,local,0.5,57.6798,47.5698,57.6798,59.158,50.8892,112.06483125000001,112.06483125000001,166.4547,89.9298
404,snn,baseline,jetson_emulator,100,local,0.5,57.6581,48.4694,57.6581,59.7554,50.893,112.06483125000001,112.06483125000001,166.5646,90.0282
405,snn,baseline,jetson_emulator,100,offload,0.5,57.6264,47.9159,47.9159,49.8863,52.6769,112.06483125000001,112.06483125000001,162.0872,89.9542
406,snn,baseline,jetson_emulator,100,local,0.5,57.8694,48.7353,57.8694,60.0663,50.8557,112.06483125000001,112.06483125000001,166.7845,90.0079
407,snn,baseline,jetson_emulator,100,local,0.5,57.3653,47.4471,57.3653,60.0899,50.9449,112.06483125000001,112.06483125000001,166.8945,89.9907
408,snn,baseline,jetson_emulator,100,offload,0.5,58.2806,49.1538,49.1538,51.2582,52.4433,112.06483125000001,112.06483125000001,162.4079,89.9602
409,snn,baseline,jetson_emulator,100,offload,0.5,58.1533,48.778,48.778,51.1181,52.514,112.06483125000001,112.06483125000001,162.5148,89.8708
410,snn,baseline,jetson_emulator,100,local,0.5,57.3735,47.8156,57.3735,59.022,50.9434,112.06483125000001,112.06483125000001,167.2243,89.9837
411,snn,baseline,jetson_emulator,100,offload,0.5,57.4438,47.4777,47.4777,48.9354,52.7601,112.06483125000001,112.06483125000001,162.7287,89.8906
412,snn,baseline,jetson_emulator,100,offload,0.5,58.3496,48.3621,48.3621,50.5763,52.5925,112.06483125000001,112.06483125000001,162.8356,89.9262
413,snn,baseline,jetson_emulator,100,local,0.5,57.3722,48.5173,57.3722,59.3653,50.9436,112.06483125000001,112.06483125000001,167.5541,89.9999
414,snn,baseline,jetson_emulator,100,local,0.5,57.3396,48.6783,57.3396,59.2687,50.9494,112.06483125000001,112.06483125000001,167.664,89.9972
415,snn,baseline,jetson_emulator,100,local,0.5,57.8411,48.6371,57.8411,59.3568,50.8607,112.06483125000001,112.06483125000001,167.7739,89.9544
416,snn,baseline,jetson_emulator,100,local,0.5,57.9621,47.5404,57.9621,59.9571,50.8393,112.06483125000001,112.06483125000001,167.8839,89.9187
417,snn,baseline,jetson_emulator,100,offload,0.5,57.3877,48.8085,48.8085,50.9446,52.5083,112.06483125000001,112.06483125000001,163.3701,90.0134
418,snn,baseline,jetson_emulator,100,offload,0.5,57.6039,48.0996,48.0996,49.9609,52.6421,112.06483125000001,112.06483125000001,163.477,89.9414
419,snn,baseline,jetson_emulator,100,offload,0.5,58.5062,47.51,47.51,48.5533,52.7539,112.06483125000001,112.06483125000001,163.5839,89.9334
420,snn,baseline,jetson_emulator,100,local,0.5,57.81,47.811,57.81,60.0191,50.8662,112.06483125000001,112.06483125000001,168.3236,89.916
421,snn,baseline,jetson_emulator,100,offload,0.5,57.6534,47.5994,47.5994,49.7712,52.7369,112.06483125000001,112.06483125000001,163.7978,89.9946
422,snn,baseline,jetson_emulator,100,offload,0.5,57.3484,48.1295,48.1295,50.5276,52.6365,112.06483125000001,112.06483125000001,163.9047,89.9494
423,snn,baseline,jetson_emulator,100,offload,0.5,57.6074,48.2314,48.2314,50.1137,52.6172,112.06483125000001,112.06483125000001,164.0116,90.0904
424,snn,baseline,jetson_emulator,100,offload,0.5,57.6389,47.8276,47.8276,48.9915,52.6936,112.06483125000001,112.06483125000001,164.1185,90.0097
425,snn,baseline,jetson_emulator,100,offload,0.5,57.4485,47.5241,47.5241,50.1303,52.7513,112.06483125000001,112.06483125000001,164.2254,89.9923
426,snn,baseline,jetson_emulator,100,local,0.5,57.8193,48.4779,57.8193,59.372,50.8645,112.06483125000001,112.06483125000001,168.9832,89.9407
427,snn,baseline,jetson_emulator,100,local,0.5,57.6975,47.7426,57.6975,60.1926,50.8861,112.06483125000001,112.06483125000001,169.0932,89.89
428,snn,baseline,jetson_emulator,100,offload,0.5,57.4241,47.4579,47.4579,49.1527,52.7638,112.06483125000001,112.06483125000001,164.5461,89.9706
429,snn,baseline,jetson_emulator,100,offload,0.5,57.8147,47.4952,47.4952,49.4832,52.7567,112.06483125000001,112.06483125000001,164.653,89.9598
430,snn,baseline,jetson_emulator,100,offload,0.5,58.0646,47.4658,47.4658,49.5485,52.7623,112.06483125000001,112.06483125000001,164.76,89.9444
431,snn,baseline,jetson_emulator,100,offload,0.5,58.2946,48.2422,48.2422,50.8761,52.6151,112.06483125000001,112.06483125000001,164.8669,89.9282
432,snn,baseline,jetson_emulator,100,local,0.5,57.4707,48.1529,57.4707,59.5351,50.9262,112.06483125000001,112.06483125000001,169.6428,89.9466
433,snn,baseline,jetson_emulator,100,local,0.5,58.1399,47.4322,58.1399,60.3643,50.8079,112.06483125000001,112.06483125000001,169.7528,90.0091
434,snn,baseline,jetson_emulator,100,offload,0.5,57.2821,48.1956,48.1956,50.2604,52.6239,112.06483125000001,112.06483125000001,165.1876,89.9442
435,snn,baseline,jetson_emulator,100,local,0.5,57.1928,47.7958,57.1928,59.292,50.9755,112.06483125000001,112.06483125000001,169.9727,89.9349
436,snn,baseline,jetson_emulator,100,offload,0.5,57.6731,47.7077,47.7077,49.9902,52.7164,112.06483125000001,112.06483125000001,165.4014,89.9497
437,snn,baseline,jetson_emulator,100,local,0.5,57.3985,49.6055,57.3985,59.8519,50.939,112.06483125000001,112.06483125000001,170.1925,90.0232
438,snn,baseline,jetson_emulator,100,local,0.5,57.8123,47.7812,57.8123,59.8983,50.8657,112.06483125000001,112.06483125000001,170.3025,89.9342
439,snn,baseline,jetson_emulator,100,local,0.5,57.2412,49.0234,57.2412,58.9786,50.9669,112.06483125000001,112.06483125000001,170.4124,89.9395
440,snn,baseline,jetson_emulator,100,offload,0.5,57.4861,47.8404,47.8404,50.0879,52.6912,112.06483125000001,112.06483125000001,165.8291,89.9443
441,snn,baseline,jetson_emulator,100,offload,0.5,58.0032,47.9736,47.9736,49.8172,52.666,112.06483125000001,112.06483125000001,165.936,90.1133
442,snn,baseline,jetson_emulator,100,offload,0.5,57.9784,47.7975,47.7975,49.6311,52.6993,112.06483125000001,112.06483125000001,166.0429,89.9283
443,snn,baseline,jetson_emulator,100,offload,0.5,57.2978,47.6723,47.6723,50.3315,52.7231,112.06483125000001,112.06483125000001,166.1498,90.0599
444,snn,baseline,jetson_emulator,100,offload,0.5,57.4734,49.057,49.057,51.7234,52.4615,112.06483125000001,112.06483125000001,166.2567,89.9816
445,snn,baseline,jetson_emulator,100,local,0.5,58.2012,47.5362,58.2012,60.1939,50.7971,112.06483125000001,112.06483125000001,171.072,90.045
446,snn,baseline,jetson_emulator,100,local,0.5,57.3763,47.5949,57.3763,58.6962,50.9429,112.06483125000001,112.06483125000001,171.1819,89.9005
447,snn,baseline,jetson_emulator,100,offload,0.5,58.1026,47.8111,47.8111,49.4241,52.6968,112.06483125000001,112.06483125000001,166.5774,89.9523
448,snn,baseline,jetson_emulator,100,local,0.5,57.4593,47.6481,57.4593,59.5276,50.9282,112.06483125000001,112.06483125000001,171.4018,90.0013
449,snn,baseline,jetson_emulator,100,offload,0.5,57.4058,47.9049,47.9049,50.5648,52.679,112.06483125000001,112.06483125000001,166.7912,89.9544
450,snn,baseline,jetson_emulator,100,offload,0.5,57.1734,47.5692,47.5692,49.9757,52.7427,112.06483125000001,112.06483125000001,166.8982,89.9269
451,snn,baseline,jetson_emulator,100,local,0.5,57.6476,47.5426,57.6476,59.7895,50.8949,112.06483125000001,112.06483125000001,171.7316,90.0628
452,snn,baseline,jetson_emulator,100,local,0.5,57.3656,47.7128,57.3656,59.0372,50.9448,112.06483125000001,112.06483125000001,171.8416,89.9586
453,snn,baseline,jetson_emulator,100,local,0.5,57.9993,47.9956,57.9993,59.8202,50.8327,112.06483125000001,112.06483125000001,171.9515,89.9828
454,snn,baseline,jetson_emulator,100,offload,0.5,57.3919,48.3395,48.3395,50.535,52.5967,112.06483125000001,112.06483125000001,167.3258,89.8953
455,snn,baseline,jetson_emulator,100,local,0.5,57.175,47.5028,57.175,58.9725,50.9786,112.06483125000001,112.06483125000001,172.1714,89.9782
456,snn,baseline,jetson_emulator,100,offload,0.5,57.5436,47.41,47.41,49.6205,52.773,112.06483125000001,112.06483125000001,167.5396,89.9528
457,snn,baseline,jetson_emulator,100,local,0.5,57.5345,47.3023,57.5345,60.6763,50.9149,112.06483125000001,112.06483125000001,172.3912,89.9909
458,snn,baseline,jetson_emulator,100,offload,0.5,57.4793,48.313,48.313,49.7122,52.6018,112.06483125000001,112.06483125000001,167.7534,89.922
459,snn,baseline,jetson_emulator,100,local,0.5,58.4031,48.9063,58.4031,61.0236,50.7616,112.06483125000001,112.06483125000001,172.6111,89.9574
460,snn,baseline,jetson_emulator,100,offload,0.5,57.1386,47.7286,47.7286,50.1102,52.7124,112.06483125000001,112.06483125000001,167.9673,90.0234
461,snn,baseline,jetson_emulator,100,offload,0.5,58.0556,47.8536,47.8536,49.2676,52.6887,112.06483125000001,112.06483125000001,168.0742,89.9862
462,snn,baseline,jetson_emulator,100,local,0.5,57.8037,47.2751,57.8037,60.2116,50.8673,112.06483125000001,112.06483125000001,172.9409,90.0267
463,snn,baseline,jetson_emulator,100,local,0.5,58.2842,48.4146,58.2842,61.6114,50.7825,112.06483125000001,112.06483125000001,173.0508,89.9397
464,snn,baseline,jetson_emulator,100,offload,0.5,57.6798,48.0429,48.0429,50.2545,52.6528,112.06483125000001,112.06483125000001,168.3949,90.0978
465,snn,baseline,jetson_emulator,100,local,0.5,57.2574,47.797,57.2574,59.0486,50.964,112.06483125000001,112.06483125000001,173.2707,89.9307
466,snn,baseline,jetson_emulator,100,offload,0.5,58.535,49.0019,49.0019,51.3174,52.4719,112.06483125000001,112.06483125000001,168.6087,89.9989
467,snn,baseline,jetson_emulator,100,local,0.5,57.2776,48.412,57.2776,59.1997,50.9604,112.06483125000001,112.06483125000001,173.4906,89.947
468,snn,baseline,jetson_emulator,100,local,0.5,57.8497,48.3587,57.8497,59.4915,50.8591,112.06483125000001,112.06483125000001,173.6005,90.0007
469,snn,baseline,jetson_emulator,100,offload,0.5,57.8429,47.5953,47.5953,50.0002,52.7377,112.06483125000001,112.06483125000001,168.9294,89.9311
470,snn,baseline,jetson_emulator,100,offload,0.5,57.1851,47.6616,47.6616,49.7593,52.7251,112.06483125000001,112.06483125000001,169.0364,89.9484
471,snn,baseline,jetson_emulator,100,local,0.5,57.7214,48.3776,57.7214,60.7812,50.8818,112.06483125000001,112.06483125000001,173.9303,89.9914
472,snn,baseline,jetson_emulator,100,offload,0.5,58.3101,47.4334,47.4334,49.6613,52.7685,112.06483125000001,112.06483125000001,169.2502,89.9177
473,snn,baseline,jetson_emulator,100,local,0.5,57.3918,48.2914,57.3918,60.247,50.9402,112.06483125000001,112.06483125000001,174.1502,89.9926
474,snn,baseline,jetson_emulator,100,offload,0.5,57.7418,47.4946,47.4946,49.0924,52.7569,112.06483125000001,112.06483125000001,169.464,89.9764
475,snn,baseline,jetson_emulator,100,local,0.5,57.5606,49.8566,57.5606,59.7346,50.9103,112.06483125000001,112.06483125000001,174.3701,89.9516
476,snn,baseline,jetson_emulator,100,offload,0.5,57.4006,47.3737,47.3737,49.3311,52.7799,112.06483125000001,112.06483125000001,169.6778,89.9981
477,snn,baseline,jetson_emulator,100,offload,0.5,58.356,47.5089,47.5089,50.2243,52.7542,112.06483125000001,112.06483125000001,169.7847,89.9939
478,snn,baseline,jetson_emulator,100,offload,0.5,57.9509,48.5214,48.5214,50.1146,52.5624,112.06483125000001,112.06483125000001,169.8916,89.9709
479,snn,baseline,jetson_emulator,100,local,0.5,58.0692,48.2014,58.0692,60.7301,50.8204,112.06483125000001,112.06483125000001,174.8098,90.0163
480,snn,baseline,jetson_emulator,100,local,0.5,58.0599,47.4245,58.0599,59.6964,50.822,112.06483125000001,112.06483125000001,174.9198,89.8931
481,snn,baseline,jetson_emulator,100,offload,0.5,57.6579,48.4733,48.4733,50.4838,52.5715,112.06483125000001,112.06483125000001,170.2124,89.9447
482,snn,baseline,jetson_emulator,100,offload,0.5,57.7811,47.8746,47.8746,50.2333,52.6847,112.06483125000001,112.06483125000001,170.3193,89.9469
483,snn,baseline,jetson_emulator,100,local,0.5,57.7046,48.1834,57.7046,60.0756,50.8848,112.06483125000001,112.06483125000001,175.2496,89.9531
484,snn,baseline,jetson_emulator,100,local,0.5,57.9488,48.2679,57.9488,60.2419,50.8416,112.06483125000001,112.06483125000001,175.3595,89.9047
485,snn,baseline,jetson_emulator,100,offload,0.5,58.0649,48.1931,48.1931,50.9118,52.6244,112.06483125000001,112.06483125000001,170.64,89.9977
486,snn,baseline,jetson_emulator,100,local,0.5,58.3788,48.4743,58.3788,60.6266,50.7658,112.06483125000001,112.06483125000001,175.5794,89.9103
487,snn,baseline,jetson_emulator,100,offload,0.5,58.6361,47.7392,47.7392,50.7668,52.7104,112.06483125000001,112.06483125000001,170.8538,89.9771
488,snn,baseline,jetson_emulator,100,local,0.5,58.0134,48.3552,58.0134,60.023,50.8302,112.06483125000001,112.06483125000001,175.7992,89.9727
489,snn,baseline,jetson_emulator,100,offload,0.5,57.9632,47.6677,47.6677,49.9624,52.724,112.06483125000001,112.06483125000001,171.0676,89.8875
490,snn,baseline,jetson_emulator,100,local,0.5,58.6604,47.7146,58.6604,60.9081,50.7163,112.06483125000001,112.06483125000001,176.0191,90.0025
491,snn,baseline,jetson_emulator,100,local,0.5,58.7949,47.9629,58.7949,60.9649,50.6927,112.06483125000001,112.06483125000001,176.129,90.0256
492,snn,baseline,jetson_emulator,100,local,0.5,57.9264,48.5868,57.9264,59.4428,50.8456,112.06483125000001,112.06483125000001,176.239,90.0346
493,snn,baseline,jetson_emulator,100,offload,0.5,57.922,49.4957,49.4957,51.1074,52.3792,112.06483125000001,112.06483125000001,171.4953,89.9965
494,snn,baseline,jetson_emulator,100,local,0.5,58.0005,48.1946,58.0005,59.5263,50.8325,112.06483125000001,112.06483125000001,176.4589,89.9306
495,snn,baseline,jetson_emulator,100,offload,0.5,58.8158,48.0622,48.0622,50.1382,52.6492,112.06483125000001,112.06483125000001,171.7091,90.0082
496,snn,baseline,jetson_emulator,100,offload,0.5,57.8871,48.1712,48.1712,51.335,52.6286,112.06483125000001,112.06483125000001,171.816,89.9163
497,snn,baseline,jetson_emulator,100,local,0.5,58.7725,48.8437,58.7725,60.6067,50.6966,112.06483125000001,112.06483125000001,176.7887,90.0053
498,snn,baseline,jetson_emulator,100,local,0.5,58.5367,48.211,58.5367,60.563,50.7381,112.06483125000001,112.06483125000001,176.8986,89.9085
499,snn,baseline,jetson_emulator,100,offload,0.5,58.3713,48.0666,48.0666,50.7035,52.6484,112.06483125000001,112.06483125000001,172.1367,90.0296
500,snn,baseline,jetson_emulator,100,offload,0.5,58.3596,49.3979,49.3979,51.1603,52.3975,112.06483125000001,112.06483125000001,172.2436,89.941
501,snn,baseline,jetson_emulator,100,local,0.5,58.614,48.461,58.614,60.4675,50.7245,112.06483125000001,112.06483125000001,177.2284,89.9541
502,snn,baseline,jetson_emulator,100,local,0.5,58.7396,49.41,58.7396,61.1062,50.7024,112.06483125000001,112.06483125000001,177.3383,89.9929
503,snn,baseline,jetson_emulator,100,offload,0.5,58.2152,48.2456,48.2456,50.3109,52.6145,112.06483125000001,112.06483125000001,172.5644,89.9953
504,snn,baseline,jetson_emulator,100,offload,0.5,58.3158,49.2597,49.2597,51.6771,52.4234,112.06483125000001,112.06483125000001,172.6713,89.9861
505,snn,baseline,jetson_emulator,100,local,0.5,59.299,49.5824,59.299,60.3661,50.6044,112.06483125000001,112.06483125000001,177.6681,89.9842
506,snn,baseline,jetson_emulator,100,local,0.5,58.9708,48.4476,58.9708,60.9967,50.6619,112.06483125000001,112.06483125000001,177.7781,90.0062
507,snn,baseline,jetson_emulator,100,local,0.5,58.9819,48.2894,58.9819,61.5926,50.6599,112.06483125000001,112.06483125000001,177.888,89.9581
508,snn,baseline,jetson_emulator,100,offload,0.5,58.4747,48.6447,48.6447,50.5268,52.5391,112.06483125000001,112.06483125000001,173.0989,89.9505
509,snn,baseline,jetson_emulator,100,local,0.5,58.5657,48.9085,58.5657,60.4231,50.733,112.06483125000001,112.06483125000001,178.1079,89.9445
510,snn,baseline,jetson_emulator,100,offload,0.5,58.8589,48.6383,48.6383,50.4375,52.5403,112.06483125000001,112.06483125000001,173.3127,90.0216
511,snn,baseline,jetson_emulator,100,offload,0.5,58.9998,49.0579,49.0579,50.8657,52.4613,112.06483125000001,112.06483125000001,173.4197,90.0306
512,snn,baseline,jetson_emulator,100,offload,0.5,59.8963,49.2391,49.2391,51.8032,52.4273,112.06483125000001,112.06483125000001,173.5266,89.9639
513,snn,baseline,jetson_emulator,100,local,0.5,58.866,49.85,58.866,61.3865,50.6802,112.06483125000001,112.06483125000001,178.5476,90.0295
514,snn,baseline,jetson_emulator,100,offload,0.5,59.4081,49.9788,49.9788,52.2752,52.2888,112.06483125000001,112.06483125000001,173.7404,90.0292
515,snn,baseline,jetson_emulator,100,local,0.5,59.16,48.7943,59.16,61.591,50.6287,112.06483125000001,112.06483125000001,178.7675,89.934
516,snn,baseline,jetson_emulator,100,offload,0.5,59.4075,49.3595,49.3595,51.6621,52.4047,112.06483125000001,112.06483125000001,173.9542,89.9493
517,snn,baseline,jetson_emulator,100,local,0.5,59.3,49.1849,59.3,62.4799,50.6042,112.06483125000001,112.06483125000001,178.9874,89.9659
518,snn,baseline,jetson_emulator,100,offload,0.5,60.2141,49.5978,49.5978,52.4802,52.3601,112.06483125000001,112.06483125000001,174.168,90.012
519,snn,baseline,jetson_emulator,100,offload,0.5,59.2543,49.2996,49.2996,51.5704,52.416,112.06483125000001,112.06483125000001,174.2749,89.9298
520,snn,baseline,jetson_emulator,100,local,0.5,59.4542,49.5651,59.4542,61.542,50.5772,112.06483125000001,112.06483125000001,179.3172,89.9565
521,snn,baseline,jetson_emulator,100,local,0.5,59.4915,50.2502,59.4915,61.4126,50.5707,112.06483125000001,112.06483125000001,179.4271,89.9587
522,snn,baseline,jetson_emulator,100,offload,0.5,59.5506,49.9774,49.9774,52.156,52.2891,112.06483125000001,112.06483125000001,174.5957,90.0238
523,snn,baseline,jetson_emulator,100,local,0.5,59.486,49.6311,59.486,62.1025,50.5717,112.06483125000001,112.06483125000001,179.647,89.9499
524,snn,baseline,jetson_emulator,100,local,0.5,60.6439,49.4082,60.6439,62.8007,50.3702,112.06483125000001,112.06483125000001,179.7569,89.9644
525,snn,baseline,jetson_emulator,100,local,0.5,60.025,49.8234,60.025,61.9149,50.4777,112.06483125000001,112.06483125000001,179.8669,89.9927
526,snn,baseline,jetson_emulator,100,local,0.5,60.2784,50.2914,60.2784,62.7534,50.4336,112.06483125000001,112.06483125000001,179.9768,89.9211
527,snn,baseline,jetson_emulator,100,offload,0.5,59.7564,49.6747,49.6747,51.1278,52.3457,112.06483125000001,112.06483125000001,175.1302,89.9864
528,snn,baseline,jetson_emulator,100,offload,0.5,59.8354,50.0483,50.0483,51.2489,52.2758,112.06483125000001,112.06483125000001,175.2371,89.9878
529,snn,baseline,jetson_emulator,100,offload,0.5,59.9621,49.9467,49.9467,52.0329,52.2948,112.06483125000001,112.06483125000001,175.344,89.9735
530,snn,baseline,jetson_emulator,100,local,0.5,60.1089,49.8506,60.1089,61.4079,50.4631,112.06483125000001,112.06483125000001,180.4165,89.8742
531,snn,baseline,jetson_emulator,100,local,0.5,60.0192,50.5868,60.0192,62.0581,50.4787,112.06483125000001,112.06483125000001,180.5265,89.9519
532,snn,baseline,jetson_emulator,100,offload,0.5,60.7335,50.2274,50.2274,52.6825,52.2424,112.06483125000001,112.06483125000001,175.6648,89.8739
533,snn,baseline,jetson_emulator,100,local,0.5,60.9921,50.857,60.9921,63.6975,50.31,112.06483125000001,112.06483125000001,180.7463,89.9486
534,snn,baseline,jetson_emulator,100,offload,0.5,60.7539,50.0321,50.0321,51.8134,52.2789,112.06483125000001,112.06483125000001,175.8786,90.0643
535,snn,baseline,jetson_emulator,100,offload,0.5,60.3751,50.3678,50.3678,52.5793,52.2163,112.06483125000001,112.06483125000001,175.9855,89.987
536,snn,baseline,jetson_emulator,100,local,0.5,60.8379,50.9236,60.8379,63.0005,50.3366,112.06483125000001,112.06483125000001,181.0761,90.0128
537,snn,baseline,jetson_emulator,100,offload,0.5,60.8482,50.5567,50.5567,52.8148,52.1811,112.06483125000001,112.06483125000001,176.1993,90.0238
538,snn,baseline,jetson_emulator,100,offload,0.5,61.1952,50.6546,50.6546,52.0934,52.1629,112.06483125000001,112.06483125000001,176.3062,89.9708
539,snn,baseline,jetson_emulator,100,offload,0.5,61.0001,50.9769,50.9769,52.8091,52.1031,112.06483125000001,112.06483125000001,176.4131,89.9977
540,snn,baseline,jetson_emulator,100,offload,0.5,61.091,50.3133,50.3133,52.9653,52.2264,112.06483125000001,112.06483125000001,176.52,89.9474
541,snn,baseline,jetson_emulator,100,offload,0.5,61.465,51.7228,51.7228,54.1813,51.9651,112.06483125000001,112.06483125000001,176.6269,89.9853
542,snn,baseline,jetson_emulator,100,local,0.5,62.0211,51.8533,62.0211,63.6066,50.1327,112.06483125000001,112.06483125000001,181.7358,89.9159
543,snn,baseline,jetson_emulator,100,local,0.5,61.191,50.9112,61.191,63.554,50.2756,112.06483125000001,112.06483125000001,181.8457,89.9703
544,snn,baseline,jetson_emulator,100,offload,0.5,61.1196,51.7776,51.7776,53.875,51.955,112.06483125000001,112.06483125000001,176.9477,89.9378
545,snn,baseline,jetson_emulator,100,offload,0.5,61.901,51.1209,51.1209,53.3754,52.0764,112.06483125000001,112.06483125000001,177.0546,89.9531
546,snn,baseline,jetson_emulator,100,offload,0.5,62.6166,52.503,52.503,54.5642,51.8216,112.06483125000001,112.06483125000001,177.1615,89.9838
547,snn,baseline,jetson_emulator,100,offload,0.5,62.3483,50.9163,50.9163,52.9587,52.1143,112.06483125000001,112.06483125000001,177.2684,89.9372
548,snn,baseline,jetson_emulator,100,local,0.5,61.6523,51.3108,61.6523,63.6151,50.1961,112.06483125000001,112.06483125000001,182.3954,90.0576
549,snn,baseline,jetson_emulator,100,offload,0.5,62.1081,50.9772,50.9772,53.0641,52.103,112.06483125000001,112.06483125000001,177.4822,90.0594
550,snn,baseline,jetson_emulator,100,offload,0.5,61.7729,51.6077,51.6077,54.0982,51.9864,112.06483125000001,112.06483125000001,177.5891,90.0364
551,snn,baseline,jetson_emulator,100,offload,0.5,62.2957,53.4634,53.4634,55.3902,51.6461,112.06483125000001,112.06483125000001,177.696,90.0038
552,snn,baseline,jetson_emulator,100,local,0.5,62.3216,52.5119,62.3216,64.2733,50.0812,112.06483125000001,112.06483125000001,182.8351,89.9673
553,snn,baseline,jetson_emulator,100,local,0.5,62.5631,53.0168,62.5631,65.3366,50.0398,112.06483125000001,112.06483125000001,182.9451,89.973
554,snn,baseline,jetson_emulator,100,local,0.5,62.6045,52.2021,62.6045,64.9665,50.0328,112.06483125000001,112.06483125000001,183.055,89.9742
555,snn,baseline,jetson_emulator,100,local,0.5,62.2933,51.638,62.2933,64.4965,50.086,112.06483125000001,112.06483125000001,183.1649,89.9482
556,snn,baseline,jetson_emulator,100,local,0.5,62.9565,52.3325,62.9565,65.122,49.9726,112.06483125000001,112.06483125000001,183.2749,90.0191
557,snn,baseline,jetson_emulator,100,local,0.5,62.3864,52.839,62.3864,64.1185,50.0701,112.06483125000001,112.06483125000001,183.3848,89.9275
558,snn,baseline,jetson_emulator,100,local,0.5,62.6472,51.6456,62.6472,64.8739,50.0254,112.06483125000001,112.06483125000001,183.4947,90.0066
559,snn,baseline,jetson_emulator,100,local,0.5,62.8164,52.8906,62.8164,65.1274,49.9965,112.06483125000001,112.06483125000001,183.6047,90.0419
560,snn,baseline,jetson_emulator,100,local,0.5,62.837,52.2743,62.837,65.0372,49.993,112.06483125000001,112.06483125000001,183.7146,90.0069
561,snn,baseline,jetson_emulator,100,offload,0.5,63.0038,52.384,52.384,54.5609,51.8435,112.06483125000001,112.06483125000001,178.7651,89.9569
562,snn,baseline,jetson_emulator,100,local,0.5,63.6296,53.5866,63.6296,65.5797,49.8581,112.06483125000001,112.06483125000001,183.9345,90.0035
563,snn,baseline,jetson_emulator,100,local,0.5,62.988,53.5312,62.988,65.5012,49.9673,112.06483125000001,112.06483125000001,184.0444,89.8599
564,snn,baseline,jetson_emulator,100,local,0.5,64.0573,52.09,64.0573,66.6897,49.7856,112.06483125000001,112.06483125000001,184.1543,90.04
565,snn,baseline,jetson_emulator,100,offload,0.5,63.7004,52.4047,52.4047,54.6545,51.8397,112.06483125000001,112.06483125000001,179.1928,89.9164
566,snn,baseline,jetson_emulator,100,offload,0.5,63.4407,52.8212,52.8212,54.8307,51.7633,112.06483125000001,112.06483125000001,179.2997,89.9497
567,snn,baseline,jetson_emulator,100,local,0.5,63.4062,54.2303,63.4062,65.9258,49.8961,112.06483125000001,112.06483125000001,184.4842,89.9426
568,snn,baseline,jetson_emulator,100,offload,0.5,63.8151,52.7094,52.7094,54.4481,51.7838,112.06483125000001,112.06483125000001,179.5135,89.926
569,snn,baseline,jetson_emulator,100,local,0.5,63.5424,52.8385,63.5424,65.7805,49.8729,112.06483125000001,112.06483125000001,184.704,89.9665
570,snn,baseline,jetson_emulator,100,offload,0.5,64.1411,53.6671,53.6671,56.1746,51.609,112.06483125000001,112.06483125000001,179.7273,89.9851
571,snn,baseline,jetson_emulator,100,offload,0.5,63.7291,52.8936,52.8936,55.1769,51.7501,112.06483125000001,112.06483125000001,179.8342,90.0159
572,snn,baseline,jetson_emulator,100,local,0.5,65.1884,53.606,65.1884,67.9948,49.5948,112.06483125000001,112.06483125000001,185.0338,90.0028
573,snn,baseline,jetson_emulator,100,offload,0.5,64.4998,54.3417,54.3417,56.3992,51.4866,112.06483125000001,112.06483125000001,180.0481,90.0013
574,snn,baseline,jetson_emulator,100,offload,0.5,64.0486,52.8927,52.8927,54.7387,51.7503,112.06483125000001,112.06483125000001,180.155,89.9729
575,snn,baseline,jetson_emulator,100,local,0.5,64.5424,53.0947,64.5424,66.706,49.7036,112.06483125000001,112.06483125000001,185.3636,89.9988
576,snn,baseline,jetson_emulator,100,offload,0.5,64.5535,54.1889,54.1889,56.9592,51.5142,112.06483125000001,112.06483125000001,180.3688,90.0095
577,snn,baseline,jetson_emulator,100,local,0.5,65.4182,53.2461,65.4182,68.2198,49.5563,112.06483125000001,112.06483125000001,185.5835,89.9073
578,snn,baseline,jetson_emulator,100,offload,0.5,65.7001,53.4776,53.4776,56.3175,51.6435,112.06483125000001,112.06483125000001,180.5826,90.0139
579,snn,baseline,jetson_emulator,100,offload,0.5,65.4145,53.3214,53.3214,55.8074,51.6719,112.06483125000001,112.06483125000001,180.6895,89.9481
580,snn,baseline,jetson_emulator,100,local,0.5,65.173,53.6152,65.173,67.0461,49.5974,112.06483125000001,112.06483125000001,185.9133,89.9973
581,snn,baseline,jetson_emulator,100,local,0.5,64.9087,53.3155,64.9087,67.0834,49.6419,112.06483125000001,112.06483125000001,186.0232,89.9347
582,snn,baseline,jetson_emulator,100,local,0.5,64.9599,55.0017,64.9599,67.2663,49.6332,112.06483125000001,112.06483125000001,186.1332,89.9343
583,snn,baseline,jetson_emulator,100,offload,0.5,64.6596,53.538,53.538,55.7565,51.6325,112.06483125000001,112.06483125000001,181.1172,89.9805
584,snn,baseline,jetson_emulator,100,offload,0.5,65.4031,54.2416,54.2416,56.1523,51.5047,112.06483125000001,112.06483125000001,181.2241,90.0563
585,snn,baseline,jetson_emulator,100,offload,0.5,65.0307,53.7735,53.7735,56.9414,51.5896,112.06483125000001,112.06483125000001,181.331,89.9867
586,snn,baseline,jetson_emulator,100,local,0.5,65.0129,54.8101,65.0129,66.4972,49.6243,112.06483125000001,112.06483125000001,186.5729,89.9935
587,snn,baseline,jetson_emulator,100,local,0.5,64.9198,54.0953,64.9198,66.7101,49.64,112.06483125000001,112.06483125000001,186.6829,89.9932
588,snn,baseline,jetson_emulator,100,local,0.5,65.0979,54.7406,65.0979,66.2288,49.61,112.06483125000001,112.06483125000001,186.7928,90.0488
589,snn,baseline,jetson_emulator,100,offload,0.5,65.7537,54.3456,54.3456,57.185,51.4858,112.06483125000001,112.06483125000001,181.7586,89.9442
590,snn,baseline,jetson_emulator,100,local,0.5,65.357,54.8766,65.357,67.8138,49.5665,112.06483125000001,112.06483125000001,187.0127,89.8452
591,snn,baseline,jetson_emulator,100,offload,0.5,65.3652,55.2146,55.2146,57.3605,51.329,112.06483125000001,112.06483125000001,181.9724,89.9753
592,snn,baseline,jetson_emulator,100,local,0.5,65.4124,55.0042,65.4124,67.6273,49.5572,112.06483125000001,112.06483125000001,187.2325,89.8892
593,snn,baseline,jetson_emulator,100,local,0.5,66.5739,54.1896,66.5739,68.4247,49.3631,112.06483125000001,112.06483125000001,187.3425,90.0137
594,snn,baseline,jetson_emulator,100,offload,0.5,66.3646,55.2072,55.2072,57.2262,51.3303,112.06483125000001,112.06483125000001,182.2932,90.0113
595,snn,baseline,jetson_emulator,100,offload,0.5,65.7729,54.4428,54.4428,56.7224,51.4683,112.06483125000001,112.06483125000001,182.4001,89.9732
596,snn,baseline,jetson_emulator,100,local,0.5,65.7461,54.6306,65.7461,66.8802,49.5013,112.06483125000001,112.06483125000001,187.6723,89.9481
597,snn,baseline,jetson_emulator,100,offload,0.5,66.4635,54.7688,54.7688,56.8915,51.4093,112.06483125000001,112.06483125000001,182.6139,89.9498
598,snn,baseline,jetson_emulator,100,offload,0.5,65.991,54.4966,54.4966,55.5164,51.4585,112.06483125000001,112.06483125000001,182.7208,90.0183
599,snn,baseline,jetson_emulator,100,offload,0.5,65.9135,54.5172,54.5172,57.2697,51.4548,112.06483125000001,112.06483125000001,182.8277,89.9833
600,snn,baseline,jetson_emulator,100,offload,0.5,66.095,54.6613,54.6613,57.2297,51.4287,112.06483125000001,112.06483125000001,182.9346,89.8699
601,snn,baseline,jetson_emulator,100,local,0.5,66.4568,55.3991,66.4568,68.4819,49.3827,112.06483125000001,112.06483125000001,188.222,89.8652
602,snn,baseline,jetson_emulator,100,offload,0.5,66.3319,54.7989,54.7989,56.9646,51.4039,112.06483125000001,112.06483125000001,183.1485,89.9432
603,snn,baseline,jetson_emulator,100,offload,0.5,66.8142,56.4322,56.4322,59.5426,51.1108,112.06483125000001,112.06483125000001,183.2554,89.9882
604,snn,baseline,jetson_emulator,100,local,0.5,68.1888,54.9842,68.1888,70.997,49.0958,112.06483125000001,112.06483125000001,188.5518,90.0402
605,snn,baseline,jetson_emulator,100,local,0.5,66.8906,55.3137,66.8906,68.7383,49.3105,112.06483125000001,112.06483125000001,188.6617,89.9679
606,snn,baseline,jetson_emulator,100,offload,0.5,66.277,55.2454,55.2454,58.694,51.3234,112.06483125000001,112.06483125000001,183.5761,89.992
607,snn,baseline,jetson_emulator,100,local,0.5,66.9716,55.5071,66.9716,69.9781,49.2971,112.06483125000001,112.06483125000001,188.8816,89.9367
608,snn,baseline,jetson_emulator,100,offload,0.5,66.465,55.0485,55.0485,56.4489,51.3589,112.06483125000001,112.06483125000001,183.7899,89.9834
609,snn,baseline,jetson_emulator,100,offload,0.5,67.3814,55.4773,55.4773,58.0218,51.2818,112.06483125000001,112.06483125000001,183.8968,89.9434
610,snn,baseline,jetson_emulator,100,offload,0.5,67.4547,55.1344,55.1344,57.26,51.3434,112.06483125000001,112.06483125000001,184.0037,89.9134
611,snn,baseline,jetson_emulator,100,offload,0.5,66.594,55.4292,55.4292,58.3406,51.2904,112.06483125000001,112.06483125000001,184.1106,89.9633
612,snn,baseline,jetson_emulator,100,offload,0.5,66.66,55.0954,55.0954,57.8639,51.3504,112.06483125000001,112.06483125000001,184.2175,89.9567
613,snn,baseline,jetson_emulator,100,local,0.5,67.264,55.2799,67.264,69.4424,49.2486,112.06483125000001,112.06483125000001,189.5412,90.0247
614,snn,baseline,jetson_emulator,100,local,0.5,67.0519,55.5025,67.0519,69.1583,49.2837,112.06483125000001,112.06483125000001,189.6511,89.9791
615,snn,baseline,jetson_emulator,100,local,0.5,67.4313,55.2439,67.4313,69.7431,49.2209,112.06483125000001,112.06483125000001,189.7611,89.9008
616,snn,baseline,jetson_emulator,100,offload,0.5,66.8999,55.2607,55.2607,57.3301,51.3207,112.06483125000001,112.06483125000001,184.6452,89.942
617,snn,baseline,jetson_emulator,100,offload,0.5,67.7983,55.433,55.433,58.2814,51.2897,112.06483125000001,112.06483125000001,184.7521,89.9402
618,snn,baseline,jetson_emulator,100,offload,0.5,67.1733,55.6878,55.6878,57.5312,51.244,112.06483125000001,112.06483125000001,184.859,89.9547
619,snn,baseline,jetson_emulator,100,local,0.5,67.3391,55.8864,67.3391,70.4166,49.2361,112.06483125000001,112.06483125000001,190.2008,89.9934
620,snn,baseline,jetson_emulator,100,local,0.5,67.3345,56.1494,67.3345,69.2138,49.2369,112.06483125000001,112.06483125000001,190.3107,89.9662
621,snn,baseline,jetson_emulator,100,offload,0.5,67.1851,57.4238,57.4238,59.3863,50.9345,112.06483125000001,112.06483125000001,185.1797,89.9811
622,snn,baseline,jetson_emulator,100,offload,0.5,67.6941,56.2619,56.2619,58.4808,51.1412,112.06483125000001,112.06483125000001,185.2866,89.9858
623,snn,baseline,jetson_emulator,100,offload,0.5,67.1485,55.6998,55.6998,56.9963,51.2418,112.06483125000001,112.06483125000001,185.3936,90.0028
624,snn,baseline,jetson_emulator,100,local,0.5,67.7487,56.2846,67.7487,69.6063,49.1684,112.06483125000001,112.06483125000001,190.7505,89.9936
625,snn,baseline,jetson_emulator,100,offload,0.5,67.8764,56.5735,56.5735,58.9271,51.0856,112.06483125000001,112.06483125000001,185.6074,89.903
626,snn,baseline,jetson_emulator,100,offload,0.5,68.2578,55.7466,55.7466,58.1583,51.2334,112.06483125000001,112.06483125000001,185.7143,89.9974
627,snn,baseline,jetson_emulator,100,offload,0.5,67.3902,56.8577,56.8577,58.7859,51.035,112.06483125000001,112.06483125000001,185.8212,89.849
628,snn,baseline,jetson_emulator,100,offload,0.5,67.4208,56.0229,56.0229,57.8342,51.1839,112.06483125000001,112.06483125000001,185.9281,90.0399
629,snn,baseline,jetson_emulator,100,offload,0.5,67.5169,56.2794,56.2794,59.0719,51.1381,112.06483125000001,112.06483125000001,186.035,89.9837
630,snn,baseline,jetson_emulator,100,offload,0.5,67.7525,56.1033,56.1033,58.5741,51.1696,112.06483125000001,112.06483125000001,186.1419,89.9509
631,snn,baseline,jetson_emulator,100,local,0.5,67.802,57.5373,67.802,69.9934,49.1596,112.06483125000001,112.06483125000001,191.52,90.0294
632,snn,baseline,jetson_emulator,100,offload,0.5,68.1587,56.2457,56.2457,58.3506,51.1441,112.06483125000001,112.06483125000001,186.3557,89.9514
633,snn,baseline,jetson_emulator,100,local,0.5,67.6784,56.5008,67.6784,70.6481,49.18,112.06483125000001,112.06483125000001,191.7399,89.9782
634,snn,baseline,jetson_emulator,100,offload,0.5,68.26,56.341,56.341,57.726,51.1271,112.06483125000001,112.06483125000001,186.5696,89.9523
635,snn,baseline,jetson_emulator,100,local,0.5,68.1043,56.6652,68.1043,70.3965,49.1098,112.06483125000001,112.06483125000001,191.9598,90.0801
636,snn,baseline,jetson_emulator,100,offload,0.5,67.573,56.938,56.938,59.7115,51.0207,112.06483125000001,112.06483125000001,186.7834,90.0208
637,snn,baseline,jetson_emulator,100,offload,0.5,67.6478,56.9659,56.9659,58.6051,51.0158,112.06483125000001,112.06483125000001,186.8903,89.9655
638,snn,baseline,jetson_emulator,100,offload,0.5,67.9571,56.928,56.928,58.7223,51.0225,112.06483125000001,112.06483125000001,186.9972,90.0139
639,snn,baseline,jetson_emulator,100,local,0.5,67.5949,55.8605,67.5949,69.4074,49.1938,112.06483125000001,112.06483125000001,192.3995,89.9529
640,snn,baseline,jetson_emulator,100,offload,0.5,67.9035,56.6487,56.6487,57.8761,51.0722,112.06483125000001,112.06483125000001,187.211,90.0397
641,snn,baseline,jetson_emulator,100,local,0.5,69.0904,56.0049,69.0904,71.2561,48.9479,112.06483125000001,112.06483125000001,192.6194,89.9879
642,snn,baseline,jetson_emulator,100,local,0.5,67.9586,55.8163,67.9586,69.9975,49.1338,112.06483125000001,112.06483125000001,192.7293,89.9505
643,snn,baseline,jetson_emulator,100,offload,0.5,68.4535,56.0676,56.0676,58.3665,51.176,112.06483125000001,112.06483125000001,187.5318,89.9959
644,snn,baseline,jetson_emulator,100,offload,0.5,68.1271,56.4124,56.4124,58.9238,51.1144,112.06483125000001,112.06483125000001,187.6387,89.9156
645,snn,baseline,jetson_emulator,100,local,0.5,67.5374,56.5157,67.5374,68.7297,49.2033,112.06483125000001,112.06483125000001,193.0591,90.0155
646,snn,baseline,jetson_emulator,100,local,0.5,68.042,57.7779,68.042,70.4377,49.12,112.06483125000001,112.06483125000001,193.1691,89.93
647,snn,baseline,jetson_emulator,100,offload,0.5,67.5476,56.6008,56.6008,58.4014,51.0808,112.06483125000001,112.06483125000001,187.9594,89.9522
648,snn,baseline,jetson_emulator,100,offload,0.5,68.5505,56.7958,56.7958,59.3461,51.046,112.06483125000001,112.06483125000001,188.0663,89.9231
649,snn,baseline,jetson_emulator,100,offload,0.5,67.7704,56.8761,56.8761,58.0855,51.0317,112.06483125000001,112.06483125000001,188.1732,90.0327
650,snn,baseline,jetson_emulator,100,offload,0.5,67.7901,56.9328,56.9328,59.093,51.0216,112.06483125000001,112.06483125000001,188.2801,89.8982
651,snn,baseline,jetson_emulator,100,local,0.5,68.3133,56.1816,68.3133,69.7056,49.0753,112.06483125000001,112.06483125000001,193.7187,89.9134
652,snn,baseline,jetson_emulator,100,offload,0.5,68.6477,57.4319,57.4319,60.2178,50.9331,112.06483125000001,112.06483125000001,188.4939,89.9631
653,snn,baseline,jetson_emulator,100,offload,0.5,67.6082,56.2707,56.2707,58.4893,51.1397,112.06483125000001,112.06483125000001,188.6009,89.8989
654,snn,baseline,jetson_emulator,100,local,0.5,68.5005,55.872,68.5005,70.1941,49.0446,112.06483125000001,112.06483125000001,194.0485,89.9468
655,snn,baseline,jetson_emulator,100,offload,0.5,67.6513,55.7532,55.7532,57.8212,51.2323,112.06483125000001,112.06483125000001,188.8147,89.8812
656,snn,baseline,jetson_emulator,100,local,0.5,68.6702,57.4297,68.6702,71.0141,49.0167,112.06483125000001,112.06483125000001,194.2684,89.8909
657,snn,baseline,jetson_emulator,100,offload,0.5,67.5233,57.3687,57.3687,59.7519,50.9443,112.06483125000001,112.06483125000001,189.0285,90.0131
658,snn,baseline,jetson_emulator,100,offload,0.5,68.282,57.2076,57.2076,58.9728,50.9728,112.06483125000001,112.06483125000001,189.1354,89.962
659,snn,baseline,jetson_emulator,100,offload,0.5,67.3639,56.2166,56.2166,57.7533,51.1493,112.06483125000001,112.06483125000001,189.2423,89.9754
660,snn,baseline,jetson_emulator,100,local,0.5,68.1122,57.2363,68.1122,70.3762,49.1085,112.06483125000001,112.06483125000001,194.7082,89.9093
661,snn,baseline,jetson_emulator,100,local,0.5,67.781,56.2167,67.781,69.7455,49.1631,112.06483125000001,112.06483125000001,194.8181,89.9851
662,snn,baseline,jetson_emulator,100,local,0.5,67.6561,56.3563,67.6561,68.9111,49.1837,112.06483125000001,112.06483125000001,194.928,89.9853
663,snn,baseline,jetson_emulator,100,local,0.5,67.5783,56.7601,67.5783,69.7433,49.1966,112.06483125000001,112.06483125000001,195.038,89.9864
664,snn,baseline,jetson_emulator,100,offload,0.5,67.6732,55.9125,55.9125,58.0087,51.2037,112.06483125000001,112.06483125000001,189.7769,90.0006
665,snn,baseline,jetson_emulator,100,offload,0.5,67.2668,56.0801,56.0801,57.9317,51.1737,112.06483125000001,112.06483125000001,189.8838,89.9517
666,snn,baseline,jetson_emulator,100,offload,0.5,68.2695,56.3867,56.3867,58.9651,51.1189,112.06483125000001,112.06483125000001,189.9907,89.9353
667,snn,baseline,jetson_emulator,100,local,0.5,67.1879,56.333,67.1879,69.0871,49.2612,112.06483125000001,112.06483125000001,195.4777,89.931
668,snn,baseline,jetson_emulator,100,offload,0.5,68.1386,56.6053,56.6053,58.5345,51.0799,112.06483125000001,112.06483125000001,190.2045,89.9462
669,snn,baseline,jetson_emulator,100,offload,0.5,67.4928,56.2679,56.2679,59.34,51.1401,112.06483125000001,112.06483125000001,190.3114,89.9131
670,snn,baseline,jetson_emulator,100,offload,0.5,67.2622,56.1343,56.1343,57.6505,51.164,112.06483125000001,112.06483125000001,190.4183,90.0335
671,snn,baseline,jetson_emulator,100,offload,0.5,67.0449,56.4456,56.4456,58.6482,51.1084,112.06483125000001,112.06483125000001,190.5252,89.8822
672,snn,baseline,jetson_emulator,100,local,0.5,67.3746,56.3153,67.3746,70.1879,49.2303,112.06483125000001,112.06483125000001,196.0274,90.0534
673,snn,baseline,jetson_emulator,100,offload,0.5,67.1507,57.1261,57.1261,58.9703,50.9873,112.06483125000001,112.06483125000001,190.739,89.9725
674,snn,baseline,jetson_emulator,100,local,0.5,67.2093,55.74,67.2093,69.2268,49.2576,112.06483125000001,112.06483125000001,196.2473,90.0288
675,snn,baseline,jetson_emulator,100,offload,0.5,67.475,56.2021,56.2021,58.9284,51.1519,112.06483125000001,112.06483125000001,190.9529,89.9
676,snn,baseline,jetson_emulator,100,local,0.5,67.3597,56.8143,67.3597,69.4999,49.2327,112.06483125000001,112.06483125000001,196.4671,90.0732
677,snn,baseline,jetson_emulator,100,local,0.5,67.0315,56.2244,67.0315,70.4378,49.2871,112.06483125000001,112.06483125000001,196.5771,89.8994
678,snn,baseline,jetson_emulator,100,offload,0.5,66.9973,55.8227,55.8227,58.2027,51.2198,112.06483125000001,112.06483125000001,191.2736,89.9685
679,snn,baseline,jetson_emulator,100,offload,0.5,67.9466,56.9397,56.9397,58.9509,51.0204,112.06483125000001,112.06483125000001,191.3805,90.0059
680,snn,baseline,jetson_emulator,100,local,0.5,67.9994,56.3695,67.9994,70.346,49.127,112.06483125000001,112.06483125000001,196.9069,89.9763
681,snn,baseline,jetson_emulator,100,local,0.5,67.3453,55.6689,67.3453,69.9454,49.2351,112.06483125000001,112.06483125000001,197.0168,90.0471
682,snn,baseline,jetson_emulator,100,offload,0.5,66.6905,57.5041,57.5041,59.9052,50.9203,112.06483125000001,112.06483125000001,191.7012,89.976
683,snn,baseline,jetson_emulator,100,offload,0.5,66.8856,55.481,55.481,57.946,51.2811,112.06483125000001,112.06483125000001,191.8081,89.9803
684,snn,baseline,jetson_emulator,100,offload,0.5,67.0194,55.6235,55.6235,57.9929,51.2555,112.06483125000001,112.06483125000001,191.9151,89.9775
685,snn,baseline,jetson_emulator,100,offload,0.5,66.88,55.3524,55.3524,57.7207,51.3042,112.06483125000001,112.06483125000001,192.022,90.0467
686,snn,baseline,jetson_emulator,100,local,0.5,67.0323,55.3943,67.0323,68.8624,49.287,112.06483125000001,112.06483125000001,197.5665,90.0152
687,snn,baseline,jetson_emulator,100,offload,0.5,66.983,55.4124,55.4124,57.6281,51.2934,112.06483125000001,112.06483125000001,192.2358,90.0086
688,snn,baseline,jetson_emulator,100,local,0.5,66.8383,55.2225,66.8383,69.1998,49.3192,112.06483125000001,112.06483125000001,197.7864,89.9742
689,snn,baseline,jetson_emulator,100,offload,0.5,66.5766,54.9135,54.9135,56.6967,51.3832,112.06483125000001,112.06483125000001,192.4496,89.9725
690,snn,baseline,jetson_emulator,100,local,0.5,66.4999,55.1585,66.4999,67.8738,49.3755,112.06483125000001,112.06483125000001,198.0062,89.9715
691,snn,baseline,jetson_emulator,100,offload,0.5,66.2945,55.8154,55.8154,57.4595,51.2211,112.06483125000001,112.06483125000001,192.6634,89.9551
692,snn,baseline,jetson_emulator,100,local,0.5,66.6425,54.999,66.6425,68.3216,49.3517,112.06483125000001,112.06483125000001,198.2261,89.9117
693,snn,baseline,jetson_emulator,100,offload,0.5,67.1898,56.4356,56.4356,59.0845,51.1102,112.06483125000001,112.06483125000001,192.8772,89.9706
694,snn,baseline,jetson_emulator,100,local,0.5,66.7005,55.6262,66.7005,68.5712,49.3421,112.06483125000001,112.06483125000001,198.446,89.9135
695,snn,baseline,jetson_emulator,100,local,0.5,66.2941,55.3256,66.2941,68.5322,49.4098,112.06483125000001,112.06483125000001,198.5559,89.9956
696,snn,baseline,jetson_emulator,100,local,0.5,66.7221,54.4966,66.7221,69.143,49.3385,112.06483125000001,112.06483125000001,198.6658,89.9036
697,snn,baseline,jetson_emulator,100,offload,0.5,66.3339,55.3514,55.3514,57.4849,51.3044,112.06483125000001,112.06483125000001,193.3049,89.9007
698,snn,baseline,jetson_emulator,100,local,0.5,66.3686,54.5539,66.3686,68.4382,49.3973,112.06483125000001,112.06483125000001,198.8857,89.9838
699,snn,baseline,jetson_emulator,100,local,0.5,66.1214,54.3582,66.1214,68.4392,49.4386,112.06483125000001,112.06483125000001,198.9957,89.9503
700,snn,baseline,jetson_emulator,100,offload,0.5,66.4856,54.8744,54.8744,56.7131,51.3903,112.06483125000001,112.06483125000001,193.6256,89.9261
701,snn,baseline,jetson_emulator,100,offload,0.5,66.078,54.3728,54.3728,57.1059,51.4809,112.06483125000001,112.06483125000001,193.7325,89.9935
702,snn,baseline,jetson_emulator,100,local,0.5,66.4391,54.5531,66.4391,68.1459,49.3856,112.06483125000001,112.06483125000001,199.3255,89.9928
703,snn,baseline,jetson_emulator,100,local,0.5,65.8317,54.5796,65.8317,67.4862,49.487,112.06483125000001,112.06483125000001,199.4354,89.9051
704,snn,baseline,jetson_emulator,100,local,0.5,66.9731,54.367,66.9731,69.0317,49.2968,112.06483125000001,112.06483125000001,199.5453,89.9353
705,snn,baseline,jetson_emulator,100,local,0.5,66.0233,54.2199,66.0233,68.6537,49.455,112.06483125000001,112.06483125000001,199.6553,89.956
706,snn,baseline,jetson_emulator,100,local,0.5,65.7306,55.0244,65.7306,67.5002,49.5039,112.06483125000001,112.06483125000001,199.7652,89.9348
707,snn,baseline,jetson_emulator,100,local,0.5,65.5737,56.6358,65.5737,68.0679,49.5302,112.06483125000001,112.06483125000001,199.8751,89.9461
708,snn,baseline,jetson_emulator,100,offload,0.5,65.3061,54.4544,54.4544,56.3875,51.4662,112.06483125000001,112.06483125000001,194.4809,89.9844
709,snn,baseline,jetson_emulator,100,local,0.5,66.1512,54.0928,66.1512,68.3793,49.4336,112.06483125000001,112.06483125000001,200.095,89.9143
710,snn,baseline,jetson_emulator,100,offload,0.5,65.1972,54.2004,54.2004,56.599,51.5122,112.06483125000001,112.06483125000001,194.6947,90.0095
711,snn,baseline,jetson_emulator,100,local,0.5,65.4394,54.8659,65.4394,67.0749,49.5527,112.06483125000001,112.06483125000001,200.3149,89.9457
712,snn,baseline,jetson_emulator,100,local,0.5,65.4035,54.0619,65.4035,66.9905,49.5587,112.06483125000001,112.06483125000001,200.4248,89.9788
713,snn,baseline,jetson_emulator,100,offload,0.5,65.1388,53.8094,53.8094,56.5253,51.5831,112.06483125000001,112.06483125000001,195.0154,89.9924
714,snn,baseline,jetson_emulator,100,offload,0.5,64.9123,54.4058,54.4058,56.3806,51.475,112.06483125000001,112.06483125000001,195.1224,90.0426
715,snn,baseline,jetson_emulator,100,local,0.5,65.0353,53.9851,65.0353,67.8188,49.6206,112.06483125000001,112.06483125000001,200.7546,89.9003
716,snn,baseline,jetson_emulator,100,offload,0.5,64.9679,54.6225,54.6225,56.7986,51.4358,112.06483125000001,112.06483125000001,195.3362,89.9309
717,snn,baseline,jetson_emulator,100,offload,0.5,65.1466,54.0442,54.0442,56.5422,51.5405,112.06483125000001,112.06483125000001,195.4431,89.8602
718,snn,baseline,jetson_emulator,100,local,0.5,64.8255,54.6933,64.8255,66.6189,49.6559,112.06483125000001,112.06483125000001,201.0844,89.9746
719,snn,baseline,jetson_emulator,100,local,0.5,65.0892,53.9555,65.0892,66.3848,49.6115,112.06483125000001,112.06483125000001,201.1944,89.9505
720,snn,baseline,jetson_emulator,100,local,0.5,64.8301,53.8083,64.8301,67.6087,49.6551,112.06483125000001,112.06483125000001,201.3043,89.9207
721,snn,baseline,jetson_emulator,100,local,0.5,64.7049,53.4375,64.7049,67.3466,49.6762,112.06483125000001,112.06483125000001,201.4142,89.9346
722,snn,baseline,jetson_emulator,100,local,0.5,64.7342,53.8812,64.7342,67.1554,49.6712,112.06483125000001,112.06483125000001,201.5242,90.0437
723,snn,baseline,jetson_emulator,100,local,0.5,64.5556,53.3764,64.5556,66.7592,49.7014,112.06483125000001,112.06483125000001,201.6341,90.0133
724,snn,baseline,jetson_emulator,100,offload,0.5,65.185,53.4882,53.4882,56.2939,51.6416,112.06483125000001,112.06483125000001,196.1915,89.9846
725,snn,baseline,jetson_emulator,100,offload,0.5,65.1224,54.0289,54.0289,56.6535,51.5432,112.06483125000001,112.06483125000001,196.2984,89.9154
726,snn,baseline,jetson_emulator,100,local,0.5,64.9439,53.8113,64.9439,67.1142,49.6359,112.06483125000001,112.06483125000001,201.9639,89.9313
727,snn,baseline,jetson_emulator,100,local,0.5,64.8572,54.2206,64.8572,67.607,49.6505,112.06483125000001,112.06483125000001,202.0738,90.046
728,snn,baseline,jetson_emulator,100,offload,0.5,64.9777,53.7804,53.7804,55.7689,51.5884,112.06483125000001,112.06483125000001,196.6191,89.9767
729,snn,baseline,jetson_emulator,100,local,0.5,65.1958,53.7231,65.1958,67.58,49.5936,112.06483125000001,112.06483125000001,202.2937,90.0604
730,snn,baseline,jetson_emulator,100,offload,0.5,64.6579,53.5998,53.5998,55.5258,51.6212,112.06483125000001,112.06483125000001,196.8329,89.9584
731,snn,baseline,jetson_emulator,100,offload,0.5,64.333,53.1727,53.1727,55.5518,51.6991,112.06483125000001,112.06483125000001,196.9398,89.9885
732,snn,baseline,jetson_emulator,100,local,0.5,64.515,53.769,64.515,66.4586,49.7082,112.06483125000001,112.06483125000001,202.6235,89.975
733,snn,baseline,jetson_emulator,100,offload,0.5,64.5675,53.3469,53.3469,55.3427,51.6673,112.06483125000001,112.06483125000001,197.1536,89.9811
734,snn,baseline,jetson_emulator,100,offload,0.5,64.017,53.7302,53.7302,55.3701,51.5975,112.06483125000001,112.06483125000001,197.2606,90.0157
735,snn,baseline,jetson_emulator,100,offload,0.5,64.8837,53.6781,53.6781,55.6054,51.607,112.06483125000001,112.06483125000001,197.3675,90.0404
736,snn,baseline,jetson_emulator,100,offload,0.5,64.6904,52.9794,52.9794,54.9711,51.7344,112.06483125000001,112.06483125000001,197.4744,90.0137
737,snn,baseline,jetson_emulator,100,local,0.5,64.5549,52.9187,64.5549,67.3209,49.7015,112.06483125000001,112.06483125000001,203.1732,89.9614
738,snn,baseline,jetson_emulator,100,local,0.5,64.9238,53.0626,64.9238,67.5788,49.6393,112.06483125000001,112.06483125000001,203.2831,89.9376
739,snn,baseline,jetson_emulator,100,local,0.5,64.0824,53.1994,64.0824,65.6058,49.7813,112.06483125000001,112.06483125000001,203.3931,89.9885
740,snn,baseline,jetson_emulator,100,offload,0.5,64.8576,53.7103,53.7103,56.5159,51.6011,112.06483125000001,112.06483125000001,197.902,89.9654
741,snn,baseline,jetson_emulator,100,offload,0.5,64.5543,53.3806,53.3806,56.1004,51.6612,112.06483125000001,112.06483125000001,198.0089,89.9159
742,snn,baseline,jetson_emulator,100,local,0.5,64.5344,54.163,64.5344,67.3196,49.7049,112.06483125000001,112.06483125000001,203.7229,89.8913
743,snn,baseline,jetson_emulator,100,offload,0.5,63.7736,53.6163,53.6163,56.2812,51.6182,112.06483125000001,112.06483125000001,198.2227,89.995
744,snn,baseline,jetson_emulator,100,local,0.5,63.7144,53.5116,63.7144,66.598,49.8437,112.06483125000001,112.06483125000001,203.9428,89.9751
745,snn,baseline,jetson_emulator,100,local,0.5,63.9264,54.0001,63.9264,66.2307,49.8078,112.06483125000001,112.06483125000001,204.0527,89.9622
746,snn,baseline,jetson_emulator,100,offload,0.5,64.3993,54.607,54.607,57.2471,51.4386,112.06483125000001,112.06483125000001,198.5435,89.9435
747,snn,baseline,jetson_emulator,100,local,0.5,63.8089,53.3876,63.8089,66.2759,49.8277,112.06483125000001,112.06483125000001,204.2726,89.9573
748,snn,baseline,jetson_emulator,100,local,0.5,63.6396,53.4895,63.6396,66.4607,49.8564,112.06483125000001,112.06483125000001,204.3825,89.93
749,snn,baseline,jetson_emulator,100,local,0.5,64.1904,53.0029,64.1904,66.8355,49.7631,112.06483125000001,112.06483125000001,204.4924,89.9788
750,snn,baseline,jetson_emulator,100,local,0.5,64.0132,52.5884,64.0132,66.8076,49.793,112.06483125000001,112.06483125000001,204.6024,89.9541
751,snn,baseline,jetson_emulator,100,offload,0.5,64.1751,53.2544,53.2544,55.839,51.6842,112.06483125000001,112.06483125000001,199.078,90.0289
752,snn,baseline,jetson_emulator,100,offload,0.5,63.8561,53.8435,53.8435,56.6248,51.5769,112.06483125000001,112.06483125000001,199.1849,89.9012
753,snn,baseline,jetson_emulator,100,offload,0.5,63.7592,53.3141,53.3141,55.5888,51.6733,112.06483125000001,112.06483125000001,199.2918,89.9081
754,snn,baseline,jetson_emulator,100,local,0.5,63.9051,53.3128,63.9051,66.0389,49.8114,112.06483125000001,112.06483125000001,205.0421,89.916
755,snn,baseline,jetson_emulator,100,offload,0.5,63.8644,53.2589,53.2589,55.2951,51.6834,112.06483125000001,112.06483125000001,199.5057,89.9414
756,snn,baseline,jetson_emulator,100,local,0.5,64.2669,52.7992,64.2669,66.968,49.7501,112.06483125000001,112.06483125000001,205.262,90.0779
757,snn,baseline,jetson_emulator,100,local,0.5,64.5586,53.5798,64.5586,66.7682,49.7009,112.06483125000001,112.06483125000001,205.3719,90.0411
758,snn,baseline,jetson_emulator,100,offload,0.5,64.1503,52.6161,52.6161,54.5847,51.8009,112.06483125000001,112.06483125000001,199.8264,89.8863
759,snn,baseline,jetson_emulator,100,local,0.5,63.5413,53.4724,63.5413,66.0072,49.8731,112.06483125000001,112.06483125000001,205.5918,89.9588
760,snn,baseline,jetson_emulator,100,offload,0.5,64.1645,53.2044,53.2044,55.4343,51.6933,112.06483125000001,112.06483125000001,200.0402,89.9799
761,snn,baseline,jetson_emulator,100,offload,0.5,63.841,52.7337,52.7337,54.7357,51.7794,112.06483125000001,112.06483125000001,200.1471,89.9778
762,snn,baseline,jetson_emulator,100,local,0.5,63.8338,52.8867,63.8338,65.6941,49.8234,112.06483125000001,112.06483125000001,205.9216,90.0177
763,snn,baseline,jetson_emulator,100,local,0.5,64.0997,53.2984,64.0997,66.1981,49.7784,112.06483125000001,112.06483125000001,206.0315,90.0416
764,snn,baseline,jetson_emulator,100,local,0.5,63.5637,52.7756,63.5637,65.507,49.8693,112.06483125000001,112.06483125000001,206.1415,89.9265
765,snn,baseline,jetson_emulator,100,offload,0.5,64.1129,53.7984,53.7984,55.4337,51.5851,112.06483125000001,112.06483125000001,200.5748,89.9607
766,snn,baseline,jetson_emulator,100,offload,0.5,64.7468,53.0657,53.0657,55.5116,51.7186,112.06483125000001,112.06483125000001,200.6817,89.9941
767,snn,baseline,jetson_emulator,100,local,0.5,63.9653,53.789,63.9653,67.3587,49.8012,112.06483125000001,112.06483125000001,206.4713,89.9313
768,snn,baseline,jetson_emulator,100,offload,0.5,63.9564,52.9131,52.9131,55.0703,51.7465,112.06483125000001,112.06483125000001,200.8955,90.0102
769,snn,baseline,jetson_emulator,100,offload,0.5,64.409,53.2264,53.2264,55.5158,51.6893,112.06483125000001,112.06483125000001,201.0024,90.0035
770,snn,baseline,jetson_emulator,100,offload,0.5,64.8743,52.7806,52.7806,54.8663,51.7708,112.06483125000001,112.06483125000001,201.1093,90.0962
771,snn,baseline,jetson_emulator,100,local,0.5,64.85,53.9914,64.85,66.7732,49.6517,112.06483125000001,112.06483125000001,206.911,89.8932
772,snn,baseline,jetson_emulator,100,local,0.5,63.9007,53.1265,63.9007,66.0117,49.8121,112.06483125000001,112.06483125000001,207.0209,89.9458
773,snn,baseline,jetson_emulator,100,local,0.5,64.9237,53.2121,64.9237,67.3372,49.6393,112.06483125000001,112.06483125000001,207.1309,89.9467
774,snn,baseline,jetson_emulator,100,offload,0.5,64.1961,52.7604,52.7604,53.7946,51.7745,112.06483125000001,112.06483125000001,201.5369,89.9186
775,snn,baseline,jetson_emulator,100,local,0.5,64.0469,54.1152,64.0469,66.036,49.7873,112.06483125000001,112.06483125000001,207.3508,89.9263
776,snn,baseline,jetson_emulator,100,offload,0.5,64.1825,53.176,53.176,55.1697,51.6985,112.06483125000001,112.06483125000001,201.7508,90.0219
777,snn,baseline,jetson_emulator,100,local,0.5,64.1181,52.9543,64.1181,66.3261,49.7753,112.06483125000001,112.06483125000001,207.5706,90.0415
778,snn,baseline,jetson_emulator,100,offload,0.5,64.0464,52.9025,52.9025,54.7177,51.7485,112.06483125000001,112.06483125000001,201.9646,89.9591
779,snn,baseline,jetson_emulator,100,local,0.5,63.9502,53.2739,63.9502,65.9866,49.8037,112.06483125000001,112.06483125000001,207.7905,90.0282
780,snn,baseline,jetson_emulator,100,local,0.5,65.0601,53.1851,65.0601,67.5031,49.6164,112.06483125000001,112.06483125000001,207.9004,90.0537
781,snn,baseline,jetson_emulator,100,local,0.5,64.4317,53.2689,64.4317,66.2442,49.7223,112.06483125000001,112.06483125000001,208.0104,89.9523
782,snn,baseline,jetson_emulator,100,local,0.5,64.5863,53.6357,64.5863,66.8901,49.6962,112.06483125000001,112.06483125000001,208.1203,89.9149
783,snn,baseline,jetson_emulator,100,offload,0.5,65.9121,54.7566,54.7566,56.1583,51.4116,112.06483125000001,112.06483125000001,202.4991,89.9542
784,snn,baseline,jetson_emulator,100,offload,0.5,64.1913,53.6699,53.6699,55.5034,51.6085,112.06483125000001,112.06483125000001,202.606,89.948
785,snn,baseline,jetson_emulator,100,local,0.5,65.5551,53.1215,65.5551,68.1542,49.5333,112.06483125000001,112.06483125000001,208.4501,89.9146
786,snn,baseline,jetson_emulator,100,offload,0.5,64.5332,53.3927,53.3927,55.3483,51.659,112.06483125000001,112.06483125000001,202.8199,89.9488
787,snn,baseline,jetson_emulator,100,offload,0.5,64.6321,54.1081,54.1081,55.4212,51.5289,112.06483125000001,112.06483125000001,202.9268,89.9948
788,snn,baseline,jetson_emulator,100,offload,0.5,65.0253,54.579,54.579,56.513,51.4436,112.06483125000001,112.06483125000001,203.0337,89.9732
789,snn,baseline,jetson_emulator,100,offload,0.5,65.3023,54.0351,54.0351,56.4044,51.5421,112.06483125000001,112.06483125000001,203.1406,89.9731
790,snn,baseline,jetson_emulator,100,offload,0.5,64.6777,53.9784,53.9784,55.8281,51.5524,112.06483125000001,112.06483125000001,203.2475,90.0515
791,snn,baseline,jetson_emulator,100,offload,0.5,65.6586,53.6352,53.6352,55.8654,51.6148,112.06483125000001,112.06483125000001,203.3544,89.9914
792,snn,baseline,jetson_emulator,100,offload,0.5,64.6988,54.0344,54.0344,55.9703,51.5422,112.06483125000001,112.06483125000001,203.4613,89.9969
793,snn,baseline,jetson_emulator,100,local,0.5,65.6619,54.9461,65.6619,67.6206,49.5154,112.06483125000001,112.06483125000001,209.3296,89.9275
794,snn,baseline,jetson_emulator,100,local,0.5,65.6249,53.9115,65.6249,68.2116,49.5216,112.06483125000001,112.06483125000001,209.4395,90.0578
795,snn,baseline,jetson_emulator,100,offload,0.5,65.2611,55.2619,55.2619,57.8328,51.3205,112.06483125000001,112.06483125000001,203.7821,90.0256
796,snn,baseline,jetson_emulator,100,local,0.5,65.1044,54.0752,65.1044,66.2946,49.6089,112.06483125000001,112.06483125000001,209.6594,89.9156
797,snn,baseline,jetson_emulator,100,local,0.5,65.454,54.0994,65.454,67.6692,49.5503,112.06483125000001,112.06483125000001,209.7693,89.9188
798,snn,baseline,jetson_emulator,100,local,0.5,65.2923,54.2927,65.2923,67.6999,49.5774,112.06483125000001,112.06483125000001,209.8793,89.9458
799,snn,baseline,jetson_emulator,100,offload,0.5,65.4727,54.0284,54.0284,55.815,51.5433,112.06483125000001,112.06483125000001,204.2097,90.0069
800,snn,baseline,jetson_emulator,100,offload,0.5,65.5875,55.1208,55.1208,57.837,51.3459,112.06483125000001,112.06483125000001,204.3166,90.0211
801,snn,baseline,jetson_emulator,100,local,0.5,65.5758,54.2325,65.5758,68.4526,49.5298,112.06483125000001,112.06483125000001,210.2091,90.0709
802,snn,baseline,jetson_emulator,100,local,0.5,65.5029,54.3782,65.5029,67.7771,49.5421,112.06483125000001,112.06483125000001,210.319,89.8815
803,snn,baseline,jetson_emulator,100,offload,0.5,66.0048,54.2146,54.2146,56.464,51.5096,112.06483125000001,112.06483125000001,204.6373,89.9771
804,snn,baseline,jetson_emulator,100,offload,0.5,65.918,55.8917,55.8917,58.5513,51.2074,112.06483125000001,112.06483125000001,204.7442,89.9285
805,snn,baseline,jetson_emulator,100,offload,0.5,66.6215,54.3681,54.3681,56.468,51.4818,112.06483125000001,112.06483125000001,204.8511,90.0366
806,snn,baseline,jetson_emulator,100,local,0.5,66.3572,54.4189,66.3572,68.071,49.3993,112.06483125000001,112.06483125000001,210.7588,90.0049
807,snn,baseline,jetson_emulator,100,offload,0.5,66.0318,55.2611,55.2611,57.5866,51.3206,112.06483125000001,112.06483125000001,205.065,89.9206
808,snn,baseline,jetson_emulator,100,offload,0.5,66.2739,54.9487,54.9487,57.8107,51.3769,112.06483125000001,112.06483125000001,205.1719,89.9593
809,snn,baseline,jetson_emulator,100,offload,0.5,66.2448,56.2599,56.2599,59.2631,51.1416,112.06483125000001,112.06483125000001,205.2788,89.9436
810,snn,baseline,jetson_emulator,100,offload,0.5,67.4395,55.0477,55.0477,56.5064,51.359,112.06483125000001,112.06483125000001,205.3857,89.9574
811,snn,baseline,jetson_emulator,100,offload,0.5,67.5235,55.0339,55.0339,57.5923,51.3615,112.06483125000001,112.06483125000001,205.4926,89.9252
812,snn,baseline,jetson_emulator,100,local,0.5,66.4872,56.6398,66.4872,68.1785,49.3776,112.06483125000001,112.06483125000001,211.4184,89.863
813,snn,baseline,jetson_emulator,100,offload,0.5,66.5673,55.0033,55.0033,57.0085,51.367,112.06483125000001,112.06483125000001,205.7064,90.0201
814,snn,baseline,jetson_emulator,100,offload,0.5,67.0479,55.7071,55.7071,57.5572,51.2405,112.06483125000001,112.06483125000001,205.8133,89.9367
815,snn,baseline,jetson_emulator,100,local,0.5,67.2126,55.1573,67.2126,69.052,49.2571,112.06483125000001,112.06483125000001,211.7482,89.9166
816,snn,baseline,jetson_emulator,100,offload,0.5,67.2353,56.4914,56.4914,58.9298,51.1003,112.06483125000001,112.06483125000001,206.0272,89.9125
817,snn,baseline,jetson_emulator,100,offload,0.5,67.4712,55.423,55.423,57.9637,51.2915,112.06483125000001,112.06483125000001,206.1341,90.0323
818,snn,baseline,jetson_emulator,100,offload,0.5,67.5889,56.2524,56.2524,58.8735,51.1429,112.06483125000001,112.06483125000001,206.241,89.9256
819,snn,baseline,jetson_emulator,100,local,0.5,67.4161,55.6745,67.4161,69.6984,49.2234,112.06483125000001,112.06483125000001,212.1879,89.9697
820,snn,baseline,jetson_emulator,100,local,0.5,67.8226,56.8277,67.8226,70.8568,49.1562,112.06483125000001,112.06483125000001,212.2979,90.0454
821,snn,baseline,jetson_emulator,100,local,0.5,67.5566,56.8457,67.5566,69.4448,49.2001,112.06483125000001,112.06483125000001,212.4078,89.99
822,snn,baseline,jetson_emulator,100,local,0.5,68.5462,55.8457,68.5462,70.8081,49.0371,112.06483125000001,112.06483125000001,212.5177,89.9093
823,snn,baseline,jetson_emulator,100,local,0.5,68.8658,56.2783,68.8658,71.6053,48.9846,112.06483125000001,112.06483125000001,212.6277,89.9753
824,snn,baseline,jetson_emulator,100,offload,0.5,69.1558,56.6707,56.6707,59.2039,51.0683,112.06483125000001,112.06483125000001,206.8824,89.9349
825,snn,baseline,jetson_emulator,100,offload,0.5,68.0423,56.2203,56.2203,58.0696,51.1487,112.06483125000001,112.06483125000001,206.9893,89.9382
826,snn,baseline,jetson_emulator,100,offload,0.5,68.7572,57.1917,57.1917,58.7804,50.9757,112.06483125000001,112.06483125000001,207.0963,89.9968
827,snn,baseline,jetson_emulator,100,offload,0.5,68.1835,57.6958,57.6958,60.3345,50.8863,112.06483125000001,112.06483125000001,207.2032,89.9028
828,snn,baseline,jetson_emulator,100,local,0.5,68.3461,57.6456,68.3461,70.5016,49.07,112.06483125000001,112.06483125000001,213.1773,90.0665
829,snn,baseline,jetson_emulator,100,local,0.5,68.8567,57.6501,68.8567,70.9202,48.9861,112.06483125000001,112.06483125000001,213.2873,89.8753
830,snn,baseline,jetson_emulator,100,offload,0.5,69.5568,57.1151,57.1151,58.3473,50.9893,112.06483125000001,112.06483125000001,207.5239,89.8743
831,snn,baseline,jetson_emulator,100,local,0.5,69.9533,57.283,69.9533,72.124,48.8071,112.06483125000001,112.06483125000001,213.5071,90.0441
832,snn,baseline,jetson_emulator,100,offload,0.5,69.3739,57.2677,57.2677,58.9198,50.9622,112.06483125000001,112.06483125000001,207.7377,89.9784
833,snn,baseline,jetson_emulator,100,offload,0.5,69.527,57.7944,57.7944,59.9712,50.8689,112.06483125000001,112.06483125000001,207.8446,90.0115
834,snn,baseline,jetson_emulator,100,offload,0.5,70.0934,57.4409,57.4409,59.4619,50.9315,112.06483125000001,112.06483125000001,207.9515,89.9599
835,snn,baseline,jetson_emulator,100,local,0.5,69.2054,57.5515,69.2054,72.2748,48.929,112.06483125000001,112.06483125000001,213.9469,89.9402
836,snn,baseline,jetson_emulator,100,local,0.5,69.5462,58.767,69.5462,71.9034,48.8734,112.06483125000001,112.06483125000001,214.0568,89.9479
837,snn,baseline,jetson_emulator,100,local,0.5,69.8028,57.9278,69.8028,72.8865,48.8316,112.06483125000001,112.06483125000001,214.1668,90.0058
838,snn,baseline,jetson_emulator,100,offload,0.5,70.02,58.4301,58.4301,60.4092,50.7568,112.06483125000001,112.06483125000001,208.3792,90.0538
839,snn,baseline,jetson_emulator,100,local,0.5,70.0159,58.4391,70.0159,71.2165,48.7969,112.06483125000001,112.06483125000001,214.3866,90.0341
840,snn,baseline,jetson_emulator,100,local,0.5,70.4075,57.7359,70.4075,72.0159,48.7333,112.06483125000001,112.06483125000001,214.4966,90.0545
841,snn,baseline,jetson_emulator,100,local,0.5,70.2932,58.9109,70.2932,72.6077,48.7518,112.06483125000001,112.06483125000001,214.6065,89.99
842,snn,baseline,jetson_emulator,100,local,0.5,70.1097,59.4943,70.1097,72.7894,48.7816,112.06483125000001,112.06483125000001,214.7164,89.8907
843,snn,baseline,jetson_emulator,100,local,0.5,71.5003,59.5539,71.5003,75.253,48.5566,112.06483125000001,112.06483125000001,214.8264,89.9747
844,snn,baseline,jetson_emulator,100,local,0.5,70.5444,59.5405,70.5444,72.885,48.7111,112.06483125000001,112.06483125000001,214.9363,89.952
845,snn,baseline,jetson_emulator,100,local,0.5,71.2046,58.4764,71.2046,72.957,48.6043,112.06483125000001,112.06483125000001,215.0462,89.9938
846,snn,baseline,jetson_emulator,100,offload,0.5,70.8546,58.5243,58.5243,60.5924,50.7402,112.06483125000001,112.06483125000001,209.2345,89.9618
847,snn,baseline,jetson_emulator,100,offload,0.5,70.8536,58.6837,58.6837,61.1482,50.7122,112.06483125000001,112.06483125000001,209.3414,89.9989
848,snn,baseline,jetson_emulator,100,local,0.5,70.9668,59.0392,70.9668,73.1106,48.6427,112.06483125000001,112.06483125000001,215.3761,89.9295
849,snn,baseline,jetson_emulator,100,offload,0.5,71.184,59.3131,59.3131,61.4942,50.6019,112.06483125000001,112.06483125000001,209.5552,89.9524
850,snn,baseline,jetson_emulator,100,offload,0.5,71.6491,58.9584,58.9584,61.605,50.664,112.06483125000001,112.06483125000001,209.6621,89.9474
851,snn,baseline,jetson_emulator,100,local,0.5,71.8106,59.9815,71.8106,73.9626,48.5067,112.06483125000001,112.06483125000001,215.7059,89.9783
852,snn,baseline,jetson_emulator,100,local,0.5,71.5663,59.4241,71.5663,73.2944,48.546,112.06483125000001,112.06483125000001,215.8158,90.0323
853,snn,baseline,jetson_emulator,100,local,0.5,71.9274,60.7111,71.9274,73.9502,48.488,112.06483125000001,112.06483125000001,215.9257,90.0099
854,snn,baseline,jetson_emulator,100,local,0.5,71.8703,60.1493,71.8703,73.4625,48.4971,112.06483125000001,112.06483125000001,216.0357,89.9628
855,snn,baseline,jetson_emulator,100,local,0.5,72.5443,59.7336,72.5443,75.0192,48.3891,112.06483125000001,112.06483125000001,216.1456,89.9768
856,snn,baseline,jetson_emulator,100,local,0.5,73.2454,59.7584,73.2454,75.7531,48.2772,112.06483125000001,112.06483125000001,216.2555,90.0164
857,snn,baseline,jetson_emulator,100,local,0.5,72.4181,59.7682,72.4181,74.4738,48.4093,112.06483125000001,112.06483125000001,216.3655,89.982
858,snn,baseline,jetson_emulator,100,offload,0.5,73.255,60.9445,60.9445,63.5097,50.3182,112.06483125000001,112.06483125000001,210.5174,89.9743
859,snn,baseline,jetson_emulator,100,local,0.5,72.6279,60.9915,72.6279,75.528,48.3757,112.06483125000001,112.06483125000001,216.5853,89.8235
860,snn,baseline,jetson_emulator,100,offload,0.5,72.9006,61.2648,61.2648,63.8677,50.2629,112.06483125000001,112.06483125000001,210.7312,89.941
861,snn,baseline,jetson_emulator,100,offload,0.5,73.3725,60.2439,60.2439,62.0459,50.4396,112.06483125000001,112.06483125000001,210.8381,89.9938
862,snn,baseline,jetson_emulator,100,local,0.5,73.046,61.0935,73.046,75.7381,48.309,112.06483125000001,112.06483125000001,216.9152,90.0939
863,snn,baseline,jetson_emulator,100,local,0.5,73.2462,60.9754,73.2462,76.0386,48.2771,112.06483125000001,112.06483125000001,217.0251,89.9134
864,snn,baseline,jetson_emulator,100,offload,0.5,74.1939,61.2125,61.2125,64.0349,50.2719,112.06483125000001,112.06483125000001,211.1588,90.0797
865,snn,baseline,jetson_emulator,100,offload,0.5,74.1462,61.3866,61.3866,62.3466,50.2419,112.06483125000001,112.06483125000001,211.2657,90.0125
866,snn,baseline,jetson_emulator,100,offload,0.5,73.6754,62.0101,62.0101,64.0041,50.1346,112.06483125000001,112.06483125000001,211.3727,89.886
867,snn,baseline,jetson_emulator,100,local,0.5,73.8621,61.7517,73.8621,76.0594,48.1793,112.06483125000001,112.06483125000001,217.4648,89.9039
868,snn,baseline,jetson_emulator,100,offload,0.5,73.7576,62.0132,62.0132,64.5991,50.1341,112.06483125000001,112.06483125000001,211.5865,89.9314
869,snn,baseline,jetson_emulator,100,offload,0.5,74.2207,62.1088,62.1088,65.1512,50.1176,112.06483125000001,112.06483125000001,211.6934,89.9407
870,snn,baseline,jetson_emulator,100,local,0.5,73.9789,62.065,73.9789,75.9709,48.1608,112.06483125000001,112.06483125000001,217.7946,89.9795
871,snn,baseline,jetson_emulator,100,local,0.5,74.3727,61.396,74.3727,76.3623,48.0984,112.06483125000001,112.06483125000001,217.9046,89.9206
872,snn,baseline,jetson_emulator,100,local,0.5,75.1591,62.566,75.1591,77.6177,47.9745,112.06483125000001,112.06483125000001,218.0145,89.9076
873,snn,baseline,jetson_emulator,100,offload,0.5,75.6042,61.859,61.859,65.2501,50.1605,112.06483125000001,112.06483125000001,212.121,90.0213
874,snn,baseline,jetson_emulator,100,local,0.5,75.1716,62.6975,75.1716,77.3986,47.9725,112.06483125000001,112.06483125000001,218.2344,90.061
875,snn,baseline,jetson_emulator,100,offload,0.5,75.5838,62.8652,62.8652,65.6929,49.9882,112.06483125000001,112.06483125000001,212.3348,89.9792
876,snn,baseline,jetson_emulator,100,local,0.5,74.921,62.7875,74.921,77.3932,48.012,112.06483125000001,112.06483125000001,218.4543,89.9704
877,snn,baseline,jetson_emulator,100,local,0.5,75.0089,63.1631,75.0089,77.2296,47.9981,112.06483125000001,112.06483125000001,218.5642,90.025
878,snn,baseline,jetson_emulator,100,offload,0.5,75.6882,62.7139,62.7139,64.2836,50.014,112.06483125000001,112.06483125000001,212.6556,89.989
879,snn,baseline,jetson_emulator,100,offload,0.5,75.2414,62.9355,62.9355,65.3297,49.9762,112.06483125000001,112.06483125000001,212.7625,89.8825
880,snn,baseline,jetson_emulator,100,offload,0.5,76.2275,63.8807,63.8807,66.3839,49.8155,112.06483125000001,112.06483125000001,212.8694,90.0493
881,snn,baseline,jetson_emulator,100,local,0.5,76.2528,62.3765,76.2528,78.2003,47.8032,112.06483125000001,112.06483125000001,219.0039,89.8408
882,snn,baseline,jetson_emulator,100,local,0.5,76.3577,64.6,76.3577,77.7049,47.7868,112.06483125000001,112.06483125000001,219.1139,89.9042
883,snn,baseline,jetson_emulator,100,offload,0.5,75.6425,62.7194,62.7194,64.2984,50.0131,112.06483125000001,112.06483125000001,213.1901,89.8991
884,snn,baseline,jetson_emulator,100,offload,0.5,76.2147,62.7802,62.7802,64.813,50.0027,112.06483125000001,112.06483125000001,213.297,89.9278
885,snn,baseline,jetson_emulator,100,offload,0.5,76.334,62.7479,62.7479,65.5136,50.0083,112.06483125000001,112.06483125000001,213.4039,89.9709
886,snn,baseline,jetson_emulator,100,local,0.5,76.035,63.0949,76.035,78.4807,47.8372,112.06483125000001,112.06483125000001,219.5536,89.9686
887,snn,baseline,jetson_emulator,100,offload,0.5,76.4556,63.7335,63.7335,66.8259,49.8405,112.06483125000001,112.06483125000001,213.6178,89.9767
888,snn,baseline,jetson_emulator,100,offload,0.5,76.4402,63.2595,63.2595,65.4476,49.921,112.06483125000001,112.06483125000001,213.7247,89.9647
889,snn,baseline,jetson_emulator,100,local,0.5,77.4544,63.7335,77.4544,79.968,47.6164,112.06483125000001,112.06483125000001,219.8834,90.0224
890,snn,baseline,jetson_emulator,100,local,0.5,76.865,64.2775,76.865,78.5696,47.7078,112.06483125000001,112.06483125000001,219.9933,89.872
891,snn,baseline,jetson_emulator,100,offload,0.5,76.8648,64.707,64.707,67.1487,49.6758,112.06483125000001,112.06483125000001,214.0454,90.0002
892,snn,baseline,jetson_emulator,100,offload,0.5,77.1464,63.7585,63.7585,64.7852,49.8362,112.06483125000001,112.06483125000001,214.1523,89.9976
893,snn,baseline,jetson_emulator,100,offload,0.5,76.8256,64.9988,64.9988,67.5338,49.6267,112.06483125000001,112.06483125000001,214.2592,89.903
894,snn,baseline,jetson_emulator,100,local,0.5,77.6372,63.787,77.6372,79.4451,47.5881,112.06483125000001,112.06483125000001,220.4331,90.0219
895,snn,baseline,jetson_emulator,100,offload,0.5,77.3281,64.4657,64.4657,66.5848,49.7165,112.06483125000001,112.06483125000001,214.473,89.9663
896,snn,baseline,jetson_emulator,100,offload,0.5,77.3819,64.4044,64.4044,66.5157,49.7269,112.06483125000001,112.06483125000001,214.5799,90.007
897,snn,baseline,jetson_emulator,100,offload,0.5,77.9251,64.3766,64.3766,67.2466,49.7316,112.06483125000001,112.06483125000001,214.6869,89.9936
898,snn,baseline,jetson_emulator,100,offload,0.5,77.7329,64.6474,64.6474,66.9578,49.6859,112.06483125000001,112.06483125000001,214.7938,89.9763
899,snn,baseline,jetson_emulator,100,local,0.5,78.2016,64.4395,78.2016,80.0277,47.5009,112.06483125000001,112.06483125000001,220.9828,90.0269
900,snn,baseline,jetson_emulator,100,local,0.5,78.392,65.1178,78.392,80.898,47.4716,112.06483125000001,112.06483125000001,221.0927,89.9168
901,snn,baseline,jetson_emulator,100,offload,0.5,77.7842,64.7432,64.7432,66.4767,49.6697,112.06483125000001,112.06483125000001,215.1145,89.9619
902,snn,baseline,jetson_emulator,100,local,0.5,78.2148,64.3453,78.2148,80.588,47.4989,112.06483125000001,112.06483125000001,221.3126,89.9207
903,snn,baseline,jetson_emulator,100,local,0.5,78.2458,64.7634,78.2458,79.5618,47.4941,112.06483125000001,112.06483125000001,221.4225,90.0048
904,snn,baseline,jetson_emulator,100,offload,0.5,78.6069,64.6662,64.6662,66.8417,49.6827,112.06483125000001,112.06483125000001,215.4352,90.0438
905,snn,baseline,jetson_emulator,100,local,0.5,78.4104,65.3548,78.4104,81.4405,47.4688,112.06483125000001,112.06483125000001,221.6424,89.9821
906,snn,baseline,jetson_emulator,100,local,0.5,78.3959,64.6035,78.3959,80.3813,47.471,112.06483125000001,112.06483125000001,221.7523,90.0272
907,snn,baseline,jetson_emulator,100,offload,0.5,78.7852,65.8588,65.8588,67.916,49.4825,112.06483125000001,112.06483125000001,215.756,89.9954
908,snn,baseline,jetson_emulator,100,local,0.5,78.783,65.6115,78.783,80.2694,47.4115,112.06483125000001,112.06483125000001,221.9722,90.015
909,snn,baseline,jetson_emulator,100,offload,0.5,79.6103,65.197,65.197,67.4379,49.5934,112.06483125000001,112.06483125000001,215.9698,89.9103
910,snn,baseline,jetson_emulator,100,local,0.5,78.6809,65.5966,78.6809,81.616,47.4272,112.06483125000001,112.06483125000001,222.1921,89.8674
911,snn,baseline,jetson_emulator,100,local,0.5,78.9926,66.0094,78.9926,81.2889,47.3794,112.06483125000001,112.06483125000001,222.302,89.9429
912,snn,baseline,jetson_emulator,100,local,0.5,79.005,66.3117,79.005,81.2697,47.3774,112.06483125000001,112.06483125000001,222.4119,90.0289
913,snn,baseline,jetson_emulator,100,offload,0.5,79.6321,65.1634,65.1634,67.5865,49.599,112.06483125000001,112.06483125000001,216.3974,89.9555
914,snn,baseline,jetson_emulator,100,local,0.5,79.4414,65.6296,79.4414,81.9122,47.3106,112.06483125000001,112.06483125000001,222.6318,89.8738
915,snn,baseline,jetson_emulator,100,offload,0.5,79.3486,67.0096,67.0096,69.5666,49.2907,112.06483125000001,112.06483125000001,216.6112,89.9641
916,snn,baseline,jetson_emulator,100,local,0.5,79.0985,65.4556,79.0985,80.9467,47.3631,112.06483125000001,112.06483125000001,222.8517,89.9413
917,snn,baseline,jetson_emulator,100,local,0.5,79.2918,65.3696,79.2918,81.9834,47.3335,112.06483125000001,112.06483125000001,222.9616,89.9263
918,snn,baseline,jetson_emulator,100,offload,0.5,79.4431,65.7188,65.7188,66.8233,49.5059,112.06483125000001,112.06483125000001,216.932,89.9396
919,snn,baseline,jetson_emulator,100,offload,0.5,79.1812,66.2637,66.2637,68.4186,49.4148,112.06483125000001,112.06483125000001,217.0389,89.9839
920,snn,baseline,jetson_emulator,100,local,0.5,79.9814,65.5102,79.9814,82.268,47.2282,112.06483125000001,112.06483125000001,223.2914,89.9559
921,snn,baseline,jetson_emulator,100,offload,0.5,79.7334,66.1126,66.1126,68.1522,49.4401,112.06483125000001,112.06483125000001,217.2527,89.9958
922,snn,baseline,jetson_emulator,100,offload,0.5,80.4847,65.7726,65.7726,67.3202,49.4969,112.06483125000001,112.06483125000001,217.3596,90.0126
923,snn,baseline,jetson_emulator,100,offload,0.5,79.8569,65.9866,65.9866,67.998,49.4611,112.06483125000001,112.06483125000001,217.4665,89.9875
924,snn,baseline,jetson_emulator,100,offload,0.5,79.6006,65.7582,65.7582,68.3709,49.4993,112.06483125000001,112.06483125000001,217.5734,89.955
925,snn,baseline,jetson_emulator,100,local,0.5,79.7157,66.8401,79.7157,81.1062,47.2687,112.06483125000001,112.06483125000001,223.8411,89.934
926,snn,baseline,jetson_emulator,100,offload,0.5,79.7726,67.1839,67.1839,69.8194,49.2618,112.06483125000001,112.06483125000001,217.7872,89.896
927,snn,baseline,jetson_emulator,100,offload,0.5,80.7063,66.5778,66.5778,69.1497,49.3625,112.06483125000001,112.06483125000001,217.8942,90.0217
928,snn,baseline,jetson_emulator,100,offload,0.5,79.9967,66.2558,66.2558,68.5581,49.4162,112.06483125000001,112.06483125000001,218.0011,90.0082
929,snn,baseline,jetson_emulator,100,local,0.5,79.8699,66.6083,79.8699,81.6099,47.2452,112.06483125000001,112.06483125000001,224.2808,89.946
930,snn,baseline,jetson_emulator,100,local,0.5,79.8567,66.584,79.8567,82.7953,47.2472,112.06483125000001,112.06483125000001,224.3908,89.9737
931,snn,baseline,jetson_emulator,100,local,0.5,80.1104,66.1271,80.1104,82.9976,47.2086,112.06483125000001,112.06483125000001,224.5007,90.0201
932,snn,baseline,jetson_emulator,100,local,0.5,80.3356,66.0523,80.3356,82.5697,47.1743,112.06483125000001,112.06483125000001,224.6106,90.0169
933,snn,baseline,jetson_emulator,100,local,0.5,80.3548,67.0473,80.3548,83.4197,47.1714,112.06483125000001,112.06483125000001,224.7206,89.9659
934,snn,baseline,jetson_emulator,100,offload,0.5,80.6721,66.3451,66.3451,68.5873,49.4013,112.06483125000001,112.06483125000001,218.6425,90.0328
935,snn,baseline,jetson_emulator,100,local,0.5,80.2503,66.5204,80.2503,83.0502,47.1873,112.06483125000001,112.06483125000001,224.9405,90.028
936,snn,baseline,jetson_emulator,100,offload,0.5,80.1899,66.3985,66.3985,69.1674,49.3924,112.06483125000001,112.06483125000001,218.8563,89.9007
937,snn,baseline,jetson_emulator,100,offload,0.5,80.2185,66.3805,66.3805,68.4271,49.3954,112.06483125000001,112.06483125000001,218.9632,89.9709
938,snn,baseline,jetson_emulator,100,offload,0.5,79.997,67.5379,67.5379,71.1654,49.2032,112.06483125000001,112.06483125000001,219.0702,89.999
939,snn,baseline,jetson_emulator,100,offload,0.5,80.4459,66.7874,66.7874,69.7703,49.3276,112.06483125000001,112.06483125000001,219.1771,90.0294
940,snn,baseline,jetson_emulator,100,offload,0.5,80.0455,67.1424,67.1424,69.0261,49.2687,112.06483125000001,112.06483125000001,219.284,89.9244
941,snn,baseline,jetson_emulator,100,offload,0.5,80.6663,66.8731,66.8731,69.1669,49.3134,112.06483125000001,112.06483125000001,219.3909,89.9831
942,snn,baseline,jetson_emulator,100,local,0.5,80.5626,67.197,80.5626,83.133,47.1399,112.06483125000001,112.06483125000001,225.71,90.0473
943,snn,baseline,jetson_emulator,100,local,0.5,81.2306,66.254,81.2306,83.9689,47.0387,112.06483125000001,112.06483125000001,225.8199,89.9332
944,snn,baseline,jetson_emulator,100,offload,0.5,80.8811,67.7709,67.7709,70.6072,49.1647,112.06483125000001,112.06483125000001,219.7116,89.9097
945,snn,baseline,jetson_emulator,100,local,0.5,80.4207,66.7985,80.4207,82.4818,47.1614,112.06483125000001,112.06483125000001,226.0398,89.9877
946,snn,baseline,jetson_emulator,100,offload,0.5,80.7395,67.036,67.036,69.8918,49.2864,112.06483125000001,112.06483125000001,219.9254,89.9172
947,snn,baseline,jetson_emulator,100,local,0.5,80.3296,66.967,80.3296,82.3895,47.1752,112.06483125000001,112.06483125000001,226.2597,89.963
948,snn,baseline,jetson_emulator,100,local,0.5,80.7843,66.6008,80.7843,82.6363,47.1062,112.06483125000001,112.06483125000001,226.3696,89.9383
949,snn,baseline,jetson_emulator,100,local,0.5,81.1501,67.5995,81.1501,84.0847,47.0509,112.06483125000001,112.06483125000001,226.4795,89.965
950,snn,baseline,jetson_emulator,100,local,0.5,80.3153,66.6674,80.3153,82.6211,47.1774,112.06483125000001,112.06483125000001,226.5895,89.9478
951,snn,baseline,jetson_emulator,100,offload,0.5,81.7282,66.3081,66.3081,67.5501,49.4074,112.06483125000001,112.06483125000001,220.46,89.9913
952,snn,baseline,jetson_emulator,100,local,0.5,80.7639,67.0822,80.7639,83.1215,47.1093,112.06483125000001,112.06483125000001,226.8094,90.0509
953,snn,baseline,jetson_emulator,100,local,0.5,80.6284,66.7761,80.6284,82.8407,47.1299,112.06483125000001,112.06483125000001,226.9193,89.9806
954,snn,baseline,jetson_emulator,100,offload,0.5,80.4558,66.3238,66.3238,69.0053,49.4048,112.06483125000001,112.06483125000001,220.7807,89.9907
955,snn,baseline,jetson_emulator,100,offload,0.5,80.315,67.814,67.814,70.4252,49.1576,112.06483125000001,112.06483125000001,220.8876,90.004
956,snn,baseline,jetson_emulator,100,local,0.5,80.2507,67.1248,80.2507,82.1086,47.1872,112.06483125000001,112.06483125000001,227.2491,89.8828
957,snn,baseline,jetson_emulator,100,offload,0.5,80.6942,67.1084,67.1084,69.1641,49.2744,112.06483125000001,112.06483125000001,221.1014,89.9477
958,snn,baseline,jetson_emulator,100,local,0.5,80.553,66.4125,80.553,83.7803,47.1413,112.06483125000001,112.06483125000001,227.469,89.9514
959,snn,baseline,jetson_emulator,100,offload,0.5,80.3028,66.3367,66.3367,69.3484,49.4027,112.06483125000001,112.06483125000001,221.3153,89.9098
960,snn,baseline,jetson_emulator,100,local,0.5,81.2478,68.2257,81.2478,83.1411,47.0361,112.06483125000001,112.06483125000001,227.6888,89.9301
961,snn,baseline,jetson_emulator,100,offload,0.5,80.6747,67.6821,67.6821,69.5819,49.1794,112.06483125000001,112.06483125000001,221.5291,89.9648
962,snn,baseline,jetson_emulator,100,local,0.5,81.1948,66.7088,81.1948,83.9435,47.0441,112.06483125000001,112.06483125000001,227.9087,89.9226
963,snn,baseline,jetson_emulator,100,offload,0.5,80.6316,66.5045,66.5045,68.3688,49.3747,112.06483125000001,112.06483125000001,221.7429,89.9651
964,snn,baseline,jetson_emulator,100,offload,0.5,80.7785,67.5984,67.5984,69.5968,49.1932,112.06483125000001,112.06483125000001,221.8498,89.8755
965,snn,baseline,jetson_emulator,100,offload,0.5,80.2085,67.249,67.249,69.1935,49.251,112.06483125000001,112.06483125000001,221.9567,89.9139
966,snn,baseline,jetson_emulator,100,offload,0.5,80.236,66.3478,66.3478,68.6178,49.4008,112.06483125000001,112.06483125000001,222.0636,89.9726
967,snn,baseline,jetson_emulator,100,local,0.5,80.9754,67.0103,80.9754,83.2118,47.0773,112.06483125000001,112.06483125000001,228.4584,89.9979
968,snn,baseline,jetson_emulator,100,local,0.5,81.0041,66.2029,81.0041,83.2365,47.0729,112.06483125000001,112.06483125000001,228.5683,89.9896
969,snn,baseline,jetson_emulator,100,local,0.5,80.2824,67.6391,80.2824,82.6537,47.1824,112.06483125000001,112.06483125000001,228.6783,89.9583
970,snn,baseline,jetson_emulator,100,local,0.5,81.205,66.3487,81.205,82.8258,47.0426,112.06483125000001,112.06483125000001,228.7882,89.9684
971,snn,baseline,jetson_emulator,100,local,0.5,80.8552,66.9509,80.8552,83.006,47.0955,112.06483125000001,112.06483125000001,228.8981,90.0327
972,snn,baseline,jetson_emulator,100,local,0.5,80.0567,66.376,80.0567,82.9876,47.2168,112.06483125000001,112.06483125000001,229.0081,89.9992
973,snn,baseline,jetson_emulator,100,local,0.5,79.9384,66.8343,79.9384,82.1367,47.2348,112.06483125000001,112.06483125000001,229.118,89.9014
974,snn,baseline,jetson_emulator,100,local,0.5,79.9447,67.9065,79.9447,81.9477,47.2338,112.06483125000001,112.06483125000001,229.2279,89.9356
975,snn,baseline,jetson_emulator,100,local,0.5,80.5293,66.5554,80.5293,82.5301,47.1449,112.06483125000001,112.06483125000001,229.3379,89.8395
976,snn,baseline,jetson_emulator,100,local,0.5,80.4651,66.2084,80.4651,82.9272,47.1547,112.06483125000001,112.06483125000001,229.4478,89.9231
977,snn,baseline,jetson_emulator,100,offload,0.5,81.6247,66.4499,66.4499,69.1606,49.3838,112.06483125000001,112.06483125000001,223.2396,89.9625
978,snn,baseline,jetson_emulator,100,local,0.5,80.2771,66.6227,80.2771,83.1086,47.1832,112.06483125000001,112.06483125000001,229.6677,89.9625
979,snn,baseline,jetson_emulator,100,local,0.5,79.7858,66.3481,79.7858,82.0405,47.258,112.06483125000001,112.06483125000001,229.7776,89.9505
980,snn,baseline,jetson_emulator,100,offload,0.5,80.2649,66.0749,66.0749,67.8114,49.4463,112.06483125000001,112.06483125000001,223.5604,90.0443
981,snn,baseline,jetson_emulator,100,local,0.5,80.3589,65.9112,80.3589,82.4618,47.1708,112.06483125000001,112.06483125000001,229.9975,89.9936
982,snn,baseline,jetson_emulator,100,offload,0.5,80.2692,67.2249,67.2249,69.3011,49.255,112.06483125000001,112.06483125000001,223.7742,89.8886
983,snn,baseline,jetson_emulator,100,local,0.5,79.8275,66.4578,79.8275,81.5294,47.2517,112.06483125000001,112.06483125000001,230.2174,89.9058
984,snn,baseline,jetson_emulator,100,local,0.5,79.9681,66.4809,79.9681,82.4304,47.2303,112.06483125000001,112.06483125000001,230.3273,89.9306
985,snn,baseline,jetson_emulator,100,local,0.5,80.1535,65.9542,80.1535,82.2151,47.202,112.06483125000001,112.06483125000001,230.4372,90.0584
986,snn,baseline,jetson_emulator,100,offload,0.5,80.2006,65.8637,65.8637,67.5842,49.4816,112.06483125000001,112.06483125000001,224.2018,89.9825
987,snn,baseline,jetson_emulator,100,local,0.5,80.0848,66.3539,80.0848,81.8862,47.2125,112.06483125000001,112.06483125000001,230.6571,89.9599
988,snn,baseline,jetson_emulator,100,local,0.5,80.3009,65.7,80.3009,82.5923,47.1796,112.06483125000001,112.06483125000001,230.767,89.91
989,snn,baseline,jetson_emulator,100,local,0.5,79.7217,66.4941,79.7217,82.0295,47.2678,112.06483125000001,112.06483125000001,230.877,90.0208
990,snn,baseline,jetson_emulator,100,local,0.5,80.5761,67.2292,80.5761,82.3475,47.1378,112.06483125000001,112.06483125000001,230.9869,89.9497
991,snn,baseline,jetson_emulator,100,offload,0.5,80.0895,66.7825,66.7825,69.9683,49.3285,112.06483125000001,112.06483125000001,224.7364,90.0665
992,snn,baseline,jetson_emulator,100,local,0.5,79.6134,66.0887,79.6134,82.311,47.2844,112.06483125000001,112.06483125000001,231.2068,89.9506
993,snn,baseline,jetson_emulator,100,offload,0.5,80.1915,65.8029,65.8029,67.3621,49.4918,112.06483125000001,112.06483125000001,224.9502,90.0157
994,snn,baseline,jetson_emulator,100,local,0.5,79.5134,65.719,79.5134,81.8684,47.2996,112.06483125000001,112.06483125000001,231.4267,89.9952
995,snn,baseline,jetson_emulator,100,local,0.5,79.3465,65.8193,79.3465,81.4219,47.3252,112.06483125000001,112.06483125000001,231.5366,90.0084
996,snn,baseline,jetson_emulator,100,offload,0.5,79.3404,65.7187,65.7187,67.3669,49.5059,112.06483125000001,112.06483125000001,225.2709,89.9233
997,snn,baseline,jetson_emulator,100,local,0.5,79.5019,65.427,79.5019,80.7695,47.3014,112.06483125000001,112.06483125000001,231.7565,89.9702
998,snn,baseline,jetson_emulator,100,local,0.5,79.2457,65.8838,79.2457,81.8805,47.3406,112.06483125000001,112.06483125000001,231.8664,89.9729
999,snn,baseline,jetson_emulator,100,offload,0.5,79.1816,66.0164,66.0164,68.1265,49.4561,112.06483125000001,112.06483125000001,225.5917,89.9662
1000,snn,baseline,jetson_emulator,100,offload,0.5,79.7674,65.7335,65.7335,68.2076,49.5034,112.06483125000001,112.06483125000001,225.6986,90.0153
1001,snn,baseline,jetson_emulator,100,offload,0.5,79.2059,65.7697,65.7697,67.8034,49.4974,112.06483125000001,112.06483125000001,225.8055,89.9562
1002,snn,baseline,jetson_emulator,100,local,0.5,79.3659,66.9588,79.3659,81.1308,47.3222,112.06483125000001,112.06483125000001,232.3061,90.0442
1003,snn,baseline,jetson_emulator,100,local,0.5,79.4482,65.5566,79.4482,81.9089,47.3096,112.06483125000001,112.06483125000001,232.4161,89.9754
1004,snn,baseline,jetson_emulator,100,local,0.5,78.9651,65.2931,78.9651,81.4547,47.3836,112.06483125000001,112.06483125000001,232.526,90.0206
1005,snn,baseline,jetson_emulator,100,local,0.5,78.9132,65.913,78.9132,80.9595,47.3915,112.06483125000001,112.06483125000001,232.6359,89.9622
1006,snn,baseline,jetson_emulator,100,local,0.5,79.4179,65.9291,79.4179,81.6295,47.3142,112.06483125000001,112.06483125000001,232.7459,90.0021
1007,snn,baseline,jetson_emulator,100,offload,0.5,78.8689,65.159,65.159,66.6168,49.5998,112.06483125000001,112.06483125000001,226.4469,89.9388
1008,snn,baseline,jetson_emulator,100,offload,0.5,78.7471,65.2737,65.2737,66.4063,49.5805,112.06483125000001,112.06483125000001,226.5538,90.0588
1009,snn,baseline,jetson_emulator,100,offload,0.5,78.7068,65.0793,65.0793,67.2993,49.6132,112.06483125000001,112.06483125000001,226.6608,89.9319
1010,snn,baseline,jetson_emulator,100,local,0.5,78.8148,64.9748,78.8148,81.0504,47.4066,112.06483125000001,112.06483125000001,233.1856,89.9768
1011,snn,baseline,jetson_emulator,100,offload,0.5,79.0542,65.4426,65.4426,67.7695,49.5522,112.06483125000001,112.06483125000001,226.8746,89.9538
1012,snn,baseline,jetson_emulator,100,local,0.5,78.7431,65.0602,78.7431,81.855,47.4176,112.06483125000001,112.06483125000001,233.4055,89.8995
1013,snn,baseline,jetson_emulator,100,local,0.5,79.1798,66.0285,79.1798,81.4563,47.3507,112.06483125000001,112.06483125000001,233.5154,89.979
1014,snn,baseline,jetson_emulator,100,local,0.5,78.6357,65.7298,78.6357,81.1492,47.4341,112.06483125000001,112.06483125000001,233.6254,89.9982
1015,snn,baseline,jetson_emulator,100,local,0.5,78.4359,65.5752,78.4359,80.4254,47.4649,112.06483125000001,112.06483125000001,233.7353,89.9213
1016,snn,baseline,jetson_emulator,100,offload,0.5,79.3657,65.6464,65.6464,66.6824,49.518,112.06483125000001,112.06483125000001,227.4091,89.924
1017,snn,baseline,jetson_emulator,100,offload,0.5,78.723,64.8594,64.8594,67.787,49.6502,112.06483125000001,112.06483125000001,227.516,89.9179
1018,snn,baseline,jetson_emulator,100,local,0.5,79.295,65.6899,79.295,80.8771,47.333,112.06483125000001,112.06483125000001,234.0651,90.0979
1019,snn,baseline,jetson_emulator,100,local,0.5,78.74,65.6262,78.74,81.7075,47.4181,112.06483125000001,112.06483125000001,234.175,89.9619
1020,snn,baseline,jetson_emulator,100,offload,0.5,79.4548,66.2965,66.2965,69.1953,49.4094,112.06483125000001,112.06483125000001,227.8368,90.0586
1021,snn,baseline,jetson_emulator,100,local,0.5,79.0638,65.1074,79.0638,81.8341,47.3684,112.06483125000001,112.06483125000001,234.3949,90.007
1022,snn,baseline,jetson_emulator,100,local,0.5,78.7825,64.7733,78.7825,80.9154,47.4116,112.06483125000001,112.06483125000001,234.5048,89.9036
1023,snn,baseline,jetson_emulator,100,offload,0.5,78.5294,64.7699,64.7699,67.7116,49.6652,112.06483125000001,112.06483125000001,228.1575,89.9986
1024,snn,baseline,jetson_emulator,100,local,0.5,78.5681,66.4557,78.5681,80.5435,47.4445,112.06483125000001,112.06483125000001,234.7247,89.938
1025,snn,baseline,jetson_emulator,100,offload,0.5,78.1201,65.3321,65.3321,67.0973,49.5707,112.06483125000001,112.06483125000001,228.3713,89.9945
1026,snn,baseline,jetson_emulator,100,offload,0.5,78.8796,64.8537,64.8537,66.8169,49.6511,112.06483125000001,112.06483125000001,228.4782,90.0078
1027,snn,baseline,jetson_emulator,100,local,0.5,78.1009,65.3954,78.1009,80.2149,47.5165,112.06483125000001,112.06483125000001,235.0545,89.9295
1028,snn,baseline,jetson_emulator,100,local,0.5,78.2467,65.2418,78.2467,81.0047,47.494,112.06483125000001,112.06483125000001,235.1645,89.862
1029,snn,baseline,jetson_emulator,100,offload,0.5,78.8298,64.6987,64.6987,66.5992,49.6772,112.06483125000001,112.06483125000001,228.799,89.9802
1030,snn,baseline,jetson_emulator,100,local,0.5,78.3044,65.0186,78.3044,80.5347,47.4851,112.06483125000001,112.06483125000001,235.3843,90.0053
1031,snn,baseline,jetson_emulator,100,local,0.5,78.4783,65.9844,78.4783,80.8467,47.4583,112.06483125000001,112.06483125000001,235.4943,89.9502
1032,snn,baseline,jetson_emulator,100,offload,0.5,78.4391,64.5012,64.5012,66.6238,49.7105,112.06483125000001,112.06483125000001,229.1197,89.9897
1033,snn,baseline,jetson_emulator,100,local,0.5,78.2035,65.365,78.2035,80.9525,47.5006,112.06483125000001,112.06483125000001,235.7141,90.0173
1034,snn,baseline,jetson_emulator,100,offload,0.5,78.6182,64.663,64.663,67.8725,49.6833,112.06483125000001,112.06483125000001,229.3335,89.9307
1035,snn,baseline,jetson_emulator,100,offload,0.5,78.5392,64.6324,64.6324,66.7475,49.6884,112.06483125000001,112.06483125000001,229.4404,89.9738
1036,snn,baseline,jetson_emulator,100,offload,0.5,78.3564,64.7599,64.7599,67.0377,49.6669,112.06483125000001,112.06483125000001,229.5473,89.9218
1037,snn,baseline,jetson_emulator,100,local,0.5,78.0455,65.2786,78.0455,80.5247,47.525,112.06483125000001,112.06483125000001,236.1539,89.9641
1038,snn,baseline,jetson_emulator,100,local,0.5,78.2085,65.121,78.2085,81.1221,47.4999,112.06483125000001,112.06483125000001,236.2638,89.8861
1039,snn,baseline,jetson_emulator,100,local,0.5,78.2838,64.3377,78.2838,80.2003,47.4883,112.06483125000001,112.06483125000001,236.3738,90.0046
1040,snn,baseline,jetson_emulator,100,local,0.5,78.1104,65.0182,78.1104,80.3369,47.515,112.06483125000001,112.06483125000001,236.4837,89.9799
1041,snn,baseline,jetson_emulator,100,local,0.5,77.7876,65.506,77.7876,80.011,47.5648,112.06483125000001,112.06483125000001,236.5936,89.9917
1042,snn,baseline,jetson_emulator,100,offload,0.5,77.8713,64.7261,64.7261,66.7967,49.6726,112.06483125000001,112.06483125000001,230.1888,89.9982
1043,snn,baseline,jetson_emulator,100,offload,0.5,78.3143,64.5443,64.5443,66.6601,49.7033,112.06483125000001,112.06483125000001,230.2957,90.0448
1044,snn,baseline,jetson_emulator,100,offload,0.5,78.0177,64.5425,64.5425,66.9873,49.7036,112.06483125000001,112.06483125000001,230.4026,89.9989
1045,snn,baseline,jetson_emulator,100,local,0.5,78.2052,65.3721,78.2052,79.8768,47.5004,112.06483125000001,112.06483125000001,237.0334,89.9081
1046,snn,baseline,jetson_emulator,100,local,0.5,78.9871,64.3169,78.9871,81.0678,47.3802,112.06483125000001,112.06483125000001,237.1433,89.9619
1047,snn,baseline,jetson_emulator,100,offload,0.5,77.7634,65.4791,65.4791,67.497,49.546,112.06483125000001,112.06483125000001,230.7233,89.8684
1048,snn,baseline,jetson_emulator,100,local,0.5,78.0621,65.6112,78.0621,79.6516,47.5225,112.06483125000001,112.06483125000001,237.3632,90.0604
1049,snn,baseline,jetson_emulator,100,local,0.5,78.3753,64.3985,78.3753,80.847,47.4742,112.06483125000001,112.06483125000001,237.4731,89.895
1050,snn,baseline,jetson_emulator,100,local,0.5,78.1134,64.7008,78.1134,79.5892,47.5145,112.06483125000001,112.06483125000001,237.583,89.9859
1051,snn,baseline,jetson_emulator,100,offload,0.5,78.2,66.5681,66.5681,69.1146,49.3641,112.06483125000001,112.06483125000001,231.151,89.9965
1052,snn,baseline,jetson_emulator,100,local,0.5,78.0765,64.47,78.0765,80.2841,47.5202,112.06483125000001,112.06483125000001,237.8029,89.951
1053,snn,baseline,jetson_emulator,100,local,0.5,77.9357,65.0142,77.9357,79.1238,47.542,112.06483125000001,112.06483125000001,237.9129,89.9506
1054,snn,baseline,jetson_emulator,100,offload,0.5,78.5804,64.4369,64.4369,66.3985,49.7214,112.06483125000001,112.06483125000001,231.4717,89.9026
1055,snn,baseline,jetson_emulator,100,local,0.5,78.0895,65.2693,78.0895,80.0697,47.5182,112.06483125000001,112.06483125000001,238.1327,90.0039
1056,snn,baseline,jetson_emulator,100,offload,0.5,78.0288,64.3565,64.3565,66.2981,49.735,112.06483125000001,112.06483125000001,231.6855,89.9478
1057,snn,baseline,jetson_emulator,100,local,0.5,78.1373,65.5454,78.1373,79.7586,47.5109,112.06483125000001,112.06483125000001,238.3526,89.9517
1058,snn,baseline,jetson_emulator,100,offload,0.5,78.2012,65.1353,65.1353,66.8531,49.6037,112.06483125000001,112.06483125000001,231.8993,89.9839
1059,snn,baseline,jetson_emulator,100,local,0.5,77.9431,64.5134,77.9431,79.8607,47.5408,112.06483125000001,112.06483125000001,238.5725,89.9484
1060,snn,baseline,jetson_emulator,100,offload,0.5,78.0446,65.1581,65.1581,66.1396,49.5999,112.06483125000001,112.06483125000001,232.1132,89.9999
1061,snn,baseline,jetson_emulator,100,local,0.5,78.1674,64.6277,78.1674,80.4136,47.5062,112.06483125000001,112.06483125000001,238.7923,90.0384
1062,snn,baseline,jetson_emulator,100,local,0.5,78.6826,64.6597,78.6826,80.6724,47.4269,112.06483125000001,112.06483125000001,238.9023,89.9628
1063,snn,baseline,jetson_emulator,100,local,0.5,79.552,64.6158,79.552,81.8727,47.2937,112.06483125000001,112.06483125000001,239.0122,89.8923
1064,snn,baseline,jetson_emulator,100,local,0.5,78.8678,65.0961,78.8678,81.2307,47.3985,112.06483125000001,112.06483125000001,239.1221,89.9351
1065,snn,baseline,jetson_emulator,100,offload,0.5,78.463,64.9991,64.9991,66.4389,49.6267,112.06483125000001,112.06483125000001,232.6477,90.0016
1066,snn,baseline,jetson_emulator,100,offload,0.5,78.3948,64.6401,64.6401,67.2528,49.6871,112.06483125000001,112.06483125000001,232.7546,90.0546
1067,snn,baseline,jetson_emulator,100,offload,0.5,78.4325,65.8239,65.8239,67.4023,49.4883,112.06483125000001,112.06483125000001,232.8615,89.8659
1068,snn,baseline,jetson_emulator,100,local,0.5,79.2963,65.9888,79.2963,81.3284,47.3328,112.06483125000001,112.06483125000001,239.5619,89.9331
1069,snn,baseline,jetson_emulator,100,offload,0.5,78.7813,65.2885,65.2885,67.4168,49.578,112.06483125000001,112.06483125000001,233.0753,89.8685
1070,snn,baseline,jetson_emulator,100,local,0.5,79.0489,66.2256,79.0489,80.5547,47.3707,112.06483125000001,112.06483125000001,239.7818,89.8846
1071,snn,baseline,jetson_emulator,100,local,0.5,79.0593,65.2664,79.0593,81.194,47.3691,112.06483125000001,112.06483125000001,239.8917,90.0011
1072,snn,baseline,jetson_emulator,100,offload,0.5,79.1334,64.77,64.77,66.7853,49.6652,112.06483125000001,112.06483125000001,233.3961,89.9026
1073,snn,baseline,jetson_emulator,100,local,0.5,79.4903,65.4399,79.4903,82.1197,47.3032,112.06483125000001,112.06483125000001,240.1116,89.9617
1074,snn,baseline,jetson_emulator,100,local,0.5,78.7423,65.1728,78.7423,81.3431,47.4178,112.06483125000001,112.06483125000001,240.2215,89.9876
1075,snn,baseline,jetson_emulator,100,offload,0.5,78.6654,65.7446,65.7446,68.5137,49.5016,112.06483125000001,112.06483125000001,233.7168,89.8646
1076,snn,baseline,jetson_emulator,100,local,0.5,78.9883,65.2167,78.9883,81.7622,47.38,112.06483125000001,112.06483125000001,240.4414,89.9488
1077,snn,baseline,jetson_emulator,100,offload,0.5,79.7332,65.3438,65.3438,67.8808,49.5687,112.06483125000001,112.06483125000001,233.9306,90.0278
1078,snn,baseline,jetson_emulator,100,offload,0.5,78.8081,65.0735,65.0735,67.7465,49.6141,112.06483125000001,112.06483125000001,234.0375,89.9173
1079,snn,baseline,jetson_emulator,100,local,0.5,78.9641,65.1032,78.9641,81.0582,47.3837,112.06483125000001,112.06483125000001,240.7712,89.9824
1080,snn,baseline,jetson_emulator,100,local,0.5,79.1193,65.5176,79.1193,82.0449,47.3599,112.06483125000001,112.06483125000001,240.8811,89.9666
1081,snn,baseline,jetson_emulator,100,local,0.5,79.1122,65.6216,79.1122,81.0362,47.361,112.06483125000001,112.06483125000001,240.991,90.0043
1082,snn,baseline,jetson_emulator,100,local,0.5,78.7484,66.418,78.7484,80.5437,47.4168,112.06483125000001,112.06483125000001,241.101,89.82
1083,snn,baseline,jetson_emulator,100,local,0.5,79.2759,65.698,79.2759,81.3539,47.336,112.06483125000001,112.06483125000001,241.2109,89.963
1084,snn,baseline,jetson_emulator,100,local,0.5,79.0588,65.5507,79.0588,81.6709,47.3692,112.06483125000001,112.06483125000001,241.3209,89.9562
1085,snn,baseline,jetson_emulator,100,offload,0.5,79.0501,65.9435,65.9435,68.2753,49.4683,112.06483125000001,112.06483125000001,234.7859,89.8812
1086,snn,baseline,jetson_emulator,100,offload,0.5,79.2512,65.9739,65.9739,67.5446,49.4632,112.06483125000001,112.06483125000001,234.8928,89.9467
1087,snn,baseline,jetson_emulator,100,offload,0.5,79.245,65.5079,65.5079,68.2289,49.5412,112.06483125000001,112.06483125000001,234.9997,89.9877
1088,snn,baseline,jetson_emulator,100,offload,0.5,79.2516,65.8049,65.8049,67.5952,49.4915,112.06483125000001,112.06483125000001,235.1066,89.9144
1089,snn,baseline,jetson_emulator,100,offload,0.5,79.2643,66.0681,66.0681,68.2218,49.4475,112.06483125000001,112.06483125000001,235.2135,90.0026
1090,snn,baseline,jetson_emulator,100,local,0.5,79.2495,65.5392,79.2495,82.1993,47.34,112.06483125000001,112.06483125000001,241.9805,89.9489
1091,snn,baseline,jetson_emulator,100,offload,0.5,80.725,65.9402,65.9402,68.4484,49.4688,112.06483125000001,112.06483125000001,235.4274,89.9484
1092,snn,baseline,jetson_emulator,100,offload,0.5,80.4733,67.0696,67.0696,69.3197,49.2808,112.06483125000001,112.06483125000001,235.5343,89.843
1093,snn,baseline,jetson_emulator,100,local,0.5,80.4137,66.2778,80.4137,82.1418,47.1625,112.06483125000001,112.06483125000001,242.3103,90.0173
1094,snn,baseline,jetson_emulator,100,local,0.5,79.9154,66.0424,79.9154,81.4731,47.2383,112.06483125000001,112.06483125000001,242.4202,89.9462
1095,snn,baseline,jetson_emulator,100,local,0.5,80.751,67.0837,80.751,82.1244,47.1113,112.06483125000001,112.06483125000001,242.5301,90.0422
1096,snn,baseline,jetson_emulator,100,local,0.5,80.239,67.9533,80.239,82.6915,47.189,112.06483125000001,112.06483125000001,242.6401,89.9028
1097,snn,baseline,jetson_emulator,100,offload,0.5,80.3147,67.2949,67.2949,69.8837,49.2435,112.06483125000001,112.06483125000001,236.0688,89.9345
1098,snn,baseline,jetson_emulator,100,offload,0.5,79.9507,66.1823,66.1823,68.2921,49.4284,112.06483125000001,112.06483125000001,236.1757,89.9815
1099,snn,baseline,jetson_emulator,100,local,0.5,80.2364,67.2601,80.2364,81.7144,47.1894,112.06483125000001,112.06483125000001,242.9699,90.0142
1100,snn,baseline,jetson_emulator,100,local,0.5,80.0302,67.9718,80.0302,81.8595,47.2208,112.06483125000001,112.06483125000001,243.0798,89.9048
1101,snn,baseline,jetson_emulator,100,local,0.5,80.4091,66.3254,80.4091,82.9429,47.1632,112.06483125000001,112.06483125000001,243.1898,90.0928
1102,snn,baseline,jetson_emulator,100,local,0.5,80.1895,66.4787,80.1895,82.7169,47.1965,112.06483125000001,112.06483125000001,243.2997,89.9913
1103,snn,baseline,jetson_emulator,100,local,0.5,80.8738,66.5907,80.8738,82.4679,47.0927,112.06483125000001,112.06483125000001,243.4096,89.9665
1104,snn,baseline,jetson_emulator,100,local,0.5,80.4827,66.7888,80.4827,81.7825,47.152,112.06483125000001,112.06483125000001,243.5196,89.9106
1105,snn,baseline,jetson_emulator,100,offload,0.5,80.7707,66.5327,66.5327,68.4408,49.37,112.06483125000001,112.06483125000001,236.9241,89.9419
1106,snn,baseline,jetson_emulator,100,local,0.5,81.6515,67.1897,81.6515,83.4731,46.9752,112.06483125000001,112.06483125000001,243.7394,89.8762
1107,snn,baseline,jetson_emulator,100,offload,0.5,80.9227,67.7814,67.7814,70.2079,49.163,112.06483125000001,112.06483125000001,237.1379,89.9218
1108,snn,baseline,jetson_emulator,100,offload,0.5,81.0026,67.9744,67.9744,70.0506,49.1312,112.06483125000001,112.06483125000001,237.2448,89.9301
1109,snn,baseline,jetson_emulator,100,offload,0.5,81.307,67.0257,67.0257,68.9358,49.2881,112.06483125000001,112.06483125000001,237.3517,89.9682
1110,snn,baseline,jetson_emulator,100,local,0.5,81.3499,67.0481,81.3499,83.5402,47.0207,112.06483125000001,112.06483125000001,244.1792,89.9686
1111,snn,baseline,jetson_emulator,100,offload,0.5,81.3434,67.3778,67.3778,69.8871,49.2297,112.06483125000001,112.06483125000001,237.5656,89.9691
1112,snn,baseline,jetson_emulator,100,local,0.5,81.8367,67.2661,81.8367,84.4022,46.9473,112.06483125000001,112.06483125000001,244.3991,89.8755
1113,snn,baseline,jetson_emulator,100,local,0.5,82.9842,67.9303,82.9842,86.0296,46.7752,112.06483125000001,112.06483125000001,244.509,89.9112
1114,snn,baseline,jetson_emulator,100,offload,0.5,81.2655,68.2858,68.2858,70.019,49.0799,112.06483125000001,112.06483125000001,237.8863,89.8923
1115,snn,baseline,jetson_emulator,100,offload,0.5,81.5677,68.024,68.024,70.3702,49.123,112.06483125000001,112.06483125000001,237.9932,89.9774
1116,snn,baseline,jetson_emulator,100,local,0.5,82.1352,67.72,82.1352,84.8067,46.9024,112.06483125000001,112.06483125000001,244.8388,89.888
1117,snn,baseline,jetson_emulator,100,local,0.5,82.4427,69.0017,82.4427,84.887,46.8562,112.06483125000001,112.06483125000001,244.9487,89.9507
1118,snn,baseline,jetson_emulator,100,local,0.5,82.1014,68.3109,82.1014,83.6494,46.9074,112.06483125000001,112.06483125000001,245.0587,89.9305
1119,snn,baseline,jetson_emulator,100,local,0.5,81.8641,68.3894,81.8641,83.9129,46.9431,112.06483125000001,112.06483125000001,245.1686,89.9295
1120,snn,baseline,jetson_emulator,100,local,0.5,82.0311,68.9023,82.0311,84.1103,46.918,112.06483125000001,112.06483125000001,245.2785,89.9672
1121,snn,baseline,jetson_emulator,100,local,0.5,82.2563,67.7181,82.2563,84.3417,46.8842,112.06483125000001,112.06483125000001,245.3885,89.9009
1122,snn,baseline,jetson_emulator,100,local,0.5,81.9861,67.9598,81.9861,84.096,46.9248,112.06483125000001,112.06483125000001,245.4984,90.0324
1123,snn,baseline,jetson_emulator,100,local,0.5,82.7049,68.5109,82.7049,84.6336,46.8169,112.06483125000001,112.06483125000001,245.6083,89.917
1124,snn,baseline,jetson_emulator,100,offload,0.5,82.3689,69.0603,69.0603,71.2754,48.9528,112.06483125000001,112.06483125000001,238.9554,89.9146
1125,snn,baseline,jetson_emulator,100,local,0.5,82.7407,68.3635,82.7407,84.2643,46.8116,112.06483125000001,112.06483125000001,245.8282,89.9722
1126,snn,baseline,jetson_emulator,100,local,0.5,82.3817,69.0631,82.3817,84.2817,46.8654,112.06483125000001,112.06483125000001,245.9382,89.9905
1127,snn,baseline,jetson_emulator,100,local,0.5,83.5283,69.0095,83.5283,85.7696,46.694,112.06483125000001,112.06483125000001,246.0481,89.9984
1128,snn,baseline,jetson_emulator,100,offload,0.5,82.6557,68.3847,68.3847,71.1044,49.0636,112.06483125000001,112.06483125000001,239.383,90.0115
1129,snn,baseline,jetson_emulator,100,offload,0.5,82.9041,68.6937,68.6937,71.4121,49.0129,112.06483125000001,112.06483125000001,239.4899,89.9641
1130,snn,baseline,jetson_emulator,100,offload,0.5,82.9075,68.6988,68.6988,70.5783,49.012,112.06483125000001,112.06483125000001,239.5969,89.884
1131,snn,baseline,jetson_emulator,100,offload,0.5,83.3098,69.8078,69.8078,71.9647,48.8307,112.06483125000001,112.06483125000001,239.7038,90.0176
1132,snn,baseline,jetson_emulator,100,offload,0.5,84.2798,68.6578,68.6578,69.8744,49.0188,112.06483125000001,112.06483125000001,239.8107,89.9555
1133,snn,baseline,jetson_emulator,100,offload,0.5,83.554,70.6157,70.6157,72.7334,48.6995,112.06483125000001,112.06483125000001,239.9176,90.0127
1134,snn,baseline,jetson_emulator,100,offload,0.5,83.2977,68.9414,68.9414,71.209,48.9723,112.06483125000001,112.06483125000001,240.0245,90.0336
1135,snn,baseline,jetson_emulator,100,local,0.5,84.1291,69.0374,84.1291,86.2929,46.6047,112.06483125000001,112.06483125000001,246.9276,89.9625
1136,snn,baseline,jetson_emulator,100,offload,0.5,84.1122,70.696,70.696,72.4611,48.6865,112.06483125000001,112.06483125000001,240.2383,89.9563
1137,snn,baseline,jetson_emulator,100,offload,0.5,83.6051,69.1091,69.1091,71.6582,48.9448,112.06483125000001,112.06483125000001,240.3452,89.9266
1138,snn,baseline,jetson_emulator,100,local,0.5,83.6705,69.9946,83.6705,85.6182,46.6728,112.06483125000001,112.06483125000001,247.2574,89.9316
1139,snn,baseline,jetson_emulator,100,offload,0.5,83.7599,69.1308,69.1308,71.7897,48.9412,112.06483125000001,112.06483125000001,240.559,89.9352
1140,snn,baseline,jetson_emulator,100,offload,0.5,83.9225,69.5896,69.5896,71.9345,48.8663,112.06483125000001,112.06483125000001,240.6659,89.9821
1141,snn,baseline,jetson_emulator,100,offload,0.5,83.8853,70.0598,70.0598,71.925,48.7897,112.06483125000001,112.06483125000001,240.7729,89.9346
1142,snn,baseline,jetson_emulator,100,offload,0.5,84.1983,69.9332,69.9332,72.5481,48.8103,112.06483125000001,112.06483125000001,240.8798,89.9654
1143,snn,baseline,jetson_emulator,100,offload,0.5,84.6572,69.5047,69.5047,72.3081,48.8801,112.06483125000001,112.06483125000001,240.9867,89.9782
1144,snn,baseline,jetson_emulator,100,offload,0.5,84.3248,70.1847,70.1847,72.8882,48.7694,112.06483125000001,112.06483125000001,241.0936,89.8618
1145,snn,baseline,jetson_emulator,100,offload,0.5,85.4294,70.2944,70.2944,72.6349,48.7516,112.06483125000001,112.06483125000001,241.2005,89.8476
1146,snn,baseline,jetson_emulator,100,local,0.5,85.0943,69.9858,85.0943,87.1735,46.4619,112.06483125000001,112.06483125000001,248.1369,89.9431
1147,snn,baseline,jetson_emulator,100,offload,0.5,84.6012,70.0236,70.0236,72.6086,48.7956,112.06483125000001,112.06483125000001,241.4143,89.9522
1148,snn,baseline,jetson_emulator,100,local,0.5,84.8357,71.3199,84.8357,86.7394,46.5001,112.06483125000001,112.06483125000001,248.3567,90.0191
1149,snn,baseline,jetson_emulator,100,offload,0.5,84.8293,69.958,69.958,72.8029,48.8063,112.06483125000001,112.06483125000001,241.6281,89.9824
1150,snn,baseline,jetson_emulator,100,offload,0.5,85.0409,71.2669,71.2669,73.0147,48.5943,112.06483125000001,112.06483125000001,241.735,89.9493
1151,snn,baseline,jetson_emulator,100,offload,0.5,85.3054,70.7521,70.7521,73.745,48.6774,112.06483125000001,112.06483125000001,241.842,89.8885
1152,snn,baseline,jetson_emulator,100,local,0.5,85.4387,71.2142,85.4387,88.1134,46.4112,112.06483125000001,112.06483125000001,248.7965,89.8939
1153,snn,baseline,jetson_emulator,100,local,0.5,85.4338,70.4115,85.4338,88.1158,46.4119,112.06483125000001,112.06483125000001,248.9064,89.9365
1154,snn,baseline,jetson_emulator,100,offload,0.5,86.3049,70.5215,70.5215,73.1387,48.7148,112.06483125000001,112.06483125000001,242.1627,89.902
1155,snn,baseline,jetson_emulator,100,offload,0.5,85.3787,70.8179,70.8179,72.699,48.6668,112.06483125000001,112.06483125000001,242.2696,90.0778
1156,snn,baseline,jetson_emulator,100,local,0.5,85.3954,71.0142,85.3954,87.4125,46.4176,112.06483125000001,112.06483125000001,249.2362,89.9563
1157,snn,baseline,jetson_emulator,100,local,0.5,85.572,71.7329,85.572,87.786,46.3916,112.06483125000001,112.06483125000001,249.3462,89.9575
1158,snn,baseline,jetson_emulator,100,local,0.5,86.5266,71.4529,86.5266,88.2007,46.2517,112.06483125000001,112.06483125000001,249.4561,89.9528
1159,snn,baseline,jetson_emulator,100,local,0.5,85.5236,70.9076,85.5236,88.0783,46.3987,112.06483125000001,112.06483125000001,249.566,89.9026
1160,snn,baseline,jetson_emulator,100,offload,0.5,86.1917,71.5772,71.5772,73.4647,48.5443,112.06483125000001,112.06483125000001,242.8041,89.9934
1161,snn,baseline,jetson_emulator,100,offload,0.5,85.6833,70.9004,70.9004,72.8633,48.6534,112.06483125000001,112.06483125000001,242.9111,89.9568
1162,snn,baseline,jetson_emulator,100,offload,0.5,85.7003,71.2416,71.2416,73.1858,48.5983,112.06483125000001,112.06483125000001,243.018,89.9596
1163,snn,baseline,jetson_emulator,100,local,0.5,85.9739,71.8256,85.9739,88.6972,46.3326,112.06483125000001,112.06483125000001,250.0058,89.9888
1164,snn,baseline,jetson_emulator,100,local,0.5,86.6875,71.2442,86.6875,88.1712,46.2282,112.06483125000001,112.06483125000001,250.1157,89.9853
1165,snn,baseline,jetson_emulator,100,offload,0.5,86.5028,72.6463,72.6463,74.5449,48.3728,112.06483125000001,112.06483125000001,243.3387,90.042
1166,snn,baseline,jetson_emulator,100,local,0.5,87.0205,71.4706,87.0205,89.0328,46.1796,112.06483125000001,112.06483125000001,250.3356,89.8696
1167,snn,baseline,jetson_emulator,100,offload,0.5,86.1505,71.4584,71.4584,72.8487,48.5634,112.06483125000001,112.06483125000001,243.5525,90.0125
1168,snn,baseline,jetson_emulator,100,offload,0.5,86.4901,71.2882,71.2882,73.4234,48.5908,112.06483125000001,112.06483125000001,243.6594,89.9213
1169,snn,baseline,jetson_emulator,100,local,0.5,87.1523,71.9724,87.1523,89.7878,46.1605,112.06483125000001,112.06483125000001,250.6654,89.9937
1170,snn,baseline,jetson_emulator,100,offload,0.5,86.3199,71.9538,71.9538,74.1005,48.4837,112.06483125000001,112.06483125000001,243.8732,90.1066
1171,snn,baseline,jetson_emulator,100,offload,0.5,87.1934,71.7239,71.7239,74.0817,48.5207,112.06483125000001,112.06483125000001,243.9802,89.8619
1172,snn,baseline,jetson_emulator,100,offload,0.5,86.4956,72.2495,72.2495,74.4973,48.4363,112.06483125000001,112.06483125000001,244.0871,89.9248
1173,snn,baseline,jetson_emulator,100,offload,0.5,87.1256,71.8093,71.8093,73.6289,48.5069,112.06483125000001,112.06483125000001,244.194,89.9971
1174,snn,baseline,jetson_emulator,100,offload,0.5,87.3304,71.9404,71.9404,74.581,48.4859,112.06483125000001,112.06483125000001,244.3009,89.8998
1175,snn,baseline,jetson_emulator,100,offload,0.5,86.8226,73.8228,73.8228,76.1779,48.1855,112.06483125000001,112.06483125000001,244.4078,89.989
1176,snn,baseline,jetson_emulator,100,offload,0.5,86.9849,72.7217,72.7217,75.74,48.3608,112.06483125000001,112.06483125000001,244.5147,89.971
1177,snn,baseline,jetson_emulator,100,local,0.5,87.2463,72.7976,87.2463,89.0785,46.1468,112.06483125000001,112.06483125000001,251.5449,89.8943
1178,snn,baseline,jetson_emulator,100,offload,0.5,86.7823,71.8257,71.8257,73.7401,48.5043,112.06483125000001,112.06483125000001,244.7285,89.9141
1179,snn,baseline,jetson_emulator,100,local,0.5,87.0907,73.049,87.0907,89.7815,46.1694,112.06483125000001,112.06483125000001,251.7647,89.9344
1180,snn,baseline,jetson_emulator,100,offload,0.5,87.2709,72.119,72.119,74.1939,48.4572,112.06483125000001,112.06483125000001,244.9423,89.913
1181,snn,baseline,jetson_emulator,100,local,0.5,87.1682,72.8029,87.1682,88.9429,46.1582,112.06483125000001,112.06483125000001,251.9846,90.0198
1182,snn,baseline,jetson_emulator,100,offload,0.5,87.2706,72.1865,72.1865,74.2723,48.4464,112.06483125000001,112.06483125000001,245.1562,90.0392
1183,snn,baseline,jetson_emulator,100,local,0.5,87.3511,72.5721,87.3511,90.7818,46.1315,112.06483125000001,112.06483125000001,252.2045,89.9162
1184,snn,baseline,jetson_emulator,100,offload,0.5,87.5258,73.2646,73.2646,75.6995,48.2742,112.06483125000001,112.06483125000001,245.37,89.9527
1185,snn,baseline,jetson_emulator,100,offload,0.5,87.1473,72.2897,72.2897,74.5,48.4299,112.06483125000001,112.06483125000001,245.4769,89.9971
1186,snn,baseline,jetson_emulator,100,offload,0.5,87.2021,73.031,73.031,75.3964,48.3114,112.06483125000001,112.06483125000001,245.5838,89.9185
1187,snn,baseline,jetson_emulator,100,local,0.5,87.3383,72.8913,87.3383,89.3607,46.1334,112.06483125000001,112.06483125000001,252.6442,89.9621
1188,snn,baseline,jetson_emulator,100,offload,0.5,87.7457,72.8414,72.8414,75.6226,48.3416,112.06483125000001,112.06483125000001,245.7976,90.027
1189,snn,baseline,jetson_emulator,100,offload,0.5,87.7088,72.2167,72.2167,75.1869,48.4415,112.06483125000001,112.06483125000001,245.9045,89.9899
1190,snn,baseline,jetson_emulator,100,local,0.5,87.8089,72.3433,87.8089,89.6673,46.0651,112.06483125000001,112.06483125000001,252.974,89.8903
1191,snn,baseline,jetson_emulator,100,offload,0.5,87.6656,74.3741,74.3741,76.8072,48.0982,112.06483125000001,112.06483125000001,246.1184,89.8621
1192,snn,baseline,jetson_emulator,100,local,0.5,87.4263,72.3657,87.4263,89.5525,46.1206,112.06483125000001,112.06483125000001,253.1939,89.9165
1193,snn,baseline,jetson_emulator,100,offload,0.5,89.1335,73.7906,73.7906,75.8962,48.1906,112.06483125000001,112.06483125000001,246.3322,89.9951
1194,snn,baseline,jetson_emulator,100,local,0.5,88.2248,73.8939,88.2248,90.4301,46.0049,112.06483125000001,112.06483125000001,253.4138,89.9326
1195,snn,baseline,jetson_emulator,100,offload,0.5,87.9054,73.5887,73.5887,75.5382,48.2226,112.06483125000001,112.06483125000001,246.546,89.9541
1196,snn,baseline,jetson_emulator,100,offload,0.5,88.018,73.1199,73.1199,75.0492,48.2972,112.06483125000001,112.06483125000001,246.6529,90.058
1197,snn,baseline,jetson_emulator,100,offload,0.5,87.5927,73.0324,73.0324,75.1408,48.3112,112.06483125000001,112.06483125000001,246.7598,89.9769
1198,snn,baseline,jetson_emulator,100,local,0.5,87.7596,73.89,87.7596,89.9822,46.0722,112.06483125000001,112.06483125000001,253.8535,89.9908
1199,snn,baseline,jetson_emulator,100,local,0.5,87.7937,72.8857,87.7937,90.4098,46.0673,112.06483125000001,112.06483125000001,253.9634,90.0364
1200,snn,baseline,jetson_emulator,100,local,0.5,87.9085,74.2925,87.9085,89.308,46.0507,112.06483125000001,112.06483125000001,254.0734,89.9198
