cycle_id,model,architecture,profile,nodes,decision,threshold,local_latency_ms,offload_latency_ms,total_latency_ms,rtt_ms,throughput_fps,local_power_mw,offload_power_mw,effective_power_mw,accuracy_step
1,cnn,baseline,jetson_emulator,20,offload,0.5,45.2334,38.1059,38.1059,40.4667,27.1276,167.274,167.274,169.4336,92.7254
2,cnn,baseline,jetson_emulator,20,local,0.5,45.7558,38.5078,45.7558,48.3922,26.2772,167.274,167.274,170.5914,92.81
3,cnn,baseline,jetson_emulator,20,local,0.5,44.9873,37.6239,44.9873,46.3537,26.3602,167.274,167.274,170.7447,92.7966
4,cnn,baseline,jetson_emulator,20,offload,0.5,45.7595,37.7378,37.7378,39.1096,27.1699,167.274,167.274,169.8907,92.8237
5,cnn,baseline,jetson_emulator,20,offload,0.5,45.7728,37.4075,37.4075,39.579,27.208,167.274,167.274,170.0431,92.7452
6,cnn,baseline,jetson_emulator,20,offload,0.5,45.9389,37.5645,37.5645,39.2687,27.1898,167.274,167.274,170.1954,92.7351
7,cnn,baseline,jetson_emulator,20,offload,0.5,45.598,38.4467,38.4467,39.929,27.0885,167.274,167.274,170.3478,92.8069
8,cnn,baseline,jetson_emulator,20,offload,0.5,45.6294,37.6864,37.6864,39.6436,27.1758,167.274,167.274,170.5001,92.8352
9,cnn,baseline,jetson_emulator,20,offload,0.5,45.7942,38.2795,38.2795,40.2712,27.1077,167.274,167.274,170.6525,92.8154
10,cnn,baseline,jetson_emulator,20,local,0.5,45.8766,40.2058,45.8766,47.4988,26.2642,167.274,167.274,171.8175,92.7659
11,cnn,baseline,jetson_emulator,20,local,0.5,46.0769,39.1743,46.0769,48.2148,26.2427,167.274,167.274,171.9708,92.7125
12,cnn,baseline,jetson_emulator,20,local,0.5,45.9902,38.0059,45.9902,47.9847,26.252,167.274,167.274,172.124,92.8492
13,cnn,baseline,jetson_emulator,20,offload,0.5,47.0374,39.0138,39.0138,41.2902,27.0238,167.274,167.274,171.2619,92.8779
14,cnn,baseline,jetson_emulator,20,offload,0.5,45.9364,38.0266,38.0266,39.6105,27.1367,167.274,167.274,171.4142,92.8207
15,cnn,baseline,jetson_emulator,20,local,0.5,46.6645,38.0377,46.6645,48.4641,26.1797,167.274,167.274,172.5838,92.7737
16,cnn,baseline,jetson_emulator,20,offload,0.5,47.0397,38.1064,38.1064,40.159,27.1275,167.274,167.274,171.7189,92.7957
17,cnn,baseline,jetson_emulator,20,offload,0.5,46.4384,39.6606,39.6606,41.5204,26.9503,167.274,167.274,171.8713,92.7748
18,cnn,baseline,jetson_emulator,20,local,0.5,47.0323,38.8683,47.0323,48.7063,26.1405,167.274,167.274,173.0435,92.7695
19,cnn,baseline,jetson_emulator,20,local,0.5,46.8938,38.7596,46.8938,48.382,26.1553,167.274,167.274,173.1968,92.8908
20,cnn,baseline,jetson_emulator,20,offload,0.5,47.041,38.9091,38.9091,40.2542,27.0357,167.274,167.274,172.3284,92.7327
21,cnn,baseline,jetson_emulator,20,offload,0.5,46.7221,39.0993,39.0993,41.4203,27.0141,167.274,167.274,172.4807,92.8073
22,cnn,baseline,jetson_emulator,20,offload,0.5,47.7138,39.2108,39.2108,40.985,27.0014,167.274,167.274,172.6331,92.8672
23,cnn,baseline,jetson_emulator,20,local,0.5,46.9688,38.8403,46.9688,48.0687,26.1473,167.274,167.274,173.8098,92.8666
24,cnn,baseline,jetson_emulator,20,offload,0.5,48.091,38.8109,38.8109,40.5861,27.0469,167.274,167.274,172.9378,92.8197
25,cnn,baseline,jetson_emulator,20,local,0.5,47.1657,39.5408,47.1657,48.9688,26.1263,167.274,167.274,174.1163,92.718
26,cnn,baseline,jetson_emulator,20,local,0.5,47.8185,39.2901,47.8185,50.0142,26.057,167.274,167.274,174.2696,92.7897
27,cnn,baseline,jetson_emulator,20,offload,0.5,47.3983,38.8754,38.8754,40.4724,27.0396,167.274,167.274,173.3948,92.8483
28,cnn,baseline,jetson_emulator,20,offload,0.5,48.5686,39.204,39.204,40.9945,27.0021,167.274,167.274,173.5472,92.8215
29,cnn,baseline,jetson_emulator,20,offload,0.5,47.491,40.58,40.58,42.5045,26.8466,167.274,167.274,173.6995,92.7438
30,cnn,baseline,jetson_emulator,20,local,0.5,47.5315,39.2712,47.5315,49.2961,26.0874,167.274,167.274,174.8826,92.8795
31,cnn,baseline,jetson_emulator,20,offload,0.5,47.9411,39.9645,39.9645,40.9315,26.916,167.274,167.274,174.0042,92.8723
32,cnn,baseline,jetson_emulator,20,offload,0.5,48.6874,39.776,39.776,41.6856,26.9373,167.274,167.274,174.1566,92.7552
33,cnn,baseline,jetson_emulator,20,offload,0.5,47.838,41.5828,41.5828,43.5565,26.7344,167.274,167.274,174.3089,92.8077
34,cnn,baseline,jetson_emulator,20,offload,0.5,47.5402,40.3083,40.3083,42.2622,26.8772,167.274,167.274,174.4613,92.8973
35,cnn,baseline,jetson_emulator,20,local,0.5,48.4224,39.7425,48.4224,49.8126,25.9932,167.274,167.274,175.6489,92.8382
36,cnn,baseline,jetson_emulator,20,local,0.5,47.6249,39.4771,47.6249,49.075,26.0775,167.274,167.274,175.8022,92.8455
37,cnn,baseline,jetson_emulator,20,offload,0.5,47.7068,39.4705,39.4705,41.2739,26.9719,167.274,167.274,174.9184,92.8249
38,cnn,baseline,jetson_emulator,20,offload,0.5,48.3724,40.3678,40.3678,41.0093,26.8705,167.274,167.274,175.0707,92.8209
39,cnn,baseline,jetson_emulator,20,local,0.5,48.9629,40.3704,48.9629,50.7432,25.9364,167.274,167.274,176.2619,92.7478
40,cnn,baseline,jetson_emulator,20,local,0.5,48.123,40.1392,48.123,50.0669,26.0248,167.274,167.274,176.4152,92.7909
41,cnn,baseline,jetson_emulator,20,local,0.5,48.1948,40.0068,48.1948,49.3689,26.0172,167.274,167.274,176.5684,92.8894
42,cnn,baseline,jetson_emulator,20,offload,0.5,48.8472,40.7458,40.7458,42.1965,26.828,167.274,167.274,175.6801,92.776
43,cnn,baseline,jetson_emulator,20,local,0.5,48.5316,40.0419,48.5316,50.1097,25.9817,167.274,167.274,176.875,92.8295
44,cnn,baseline,jetson_emulator,20,local,0.5,49.4697,40.0976,49.4697,51.3663,25.8833,167.274,167.274,177.0282,92.841
45,cnn,baseline,jetson_emulator,20,local,0.5,48.7435,42.1514,48.7435,51.2261,25.9594,167.274,167.274,177.1815,92.7771
46,cnn,baseline,jetson_emulator,20,local,0.5,48.5944,41.6258,48.5944,50.5413,25.9751,167.274,167.274,177.3347,92.8058
47,cnn,baseline,jetson_emulator,20,offload,0.5,48.546,40.4803,40.4803,42.7691,26.8578,167.274,167.274,176.4419,92.7585
48,cnn,baseline,jetson_emulator,20,offload,0.5,49.0953,40.3325,40.3325,41.2971,26.8744,167.274,167.274,176.5942,92.7806
49,cnn,baseline,jetson_emulator,20,local,0.5,49.5081,41.387,49.5081,50.8227,25.8793,167.274,167.274,177.7945,92.8216
50,cnn,baseline,jetson_emulator,20,local,0.5,49.0888,40.4581,49.0888,50.5241,25.9232,167.274,167.274,177.9478,92.8374
51,cnn,baseline,jetson_emulator,20,offload,0.5,48.6938,41.1137,41.1137,42.1765,26.7867,167.274,167.274,177.0513,92.8771
52,cnn,baseline,jetson_emulator,20,local,0.5,49.0542,40.312,49.0542,51.0262,25.9268,167.274,167.274,178.2543,92.7803
53,cnn,baseline,jetson_emulator,20,local,0.5,49.2298,41.6216,49.2298,50.9656,25.9084,167.274,167.274,178.4075,92.746
54,cnn,baseline,jetson_emulator,20,offload,0.5,48.9453,40.4275,40.4275,42.5846,26.8638,167.274,167.274,177.5084,92.7809
55,cnn,baseline,jetson_emulator,20,offload,0.5,49.2991,41.2227,41.2227,42.5286,26.7746,167.274,167.274,177.6607,92.8386
56,cnn,baseline,jetson_emulator,20,offload,0.5,49.0593,41.024,41.024,43.0212,26.7968,167.274,167.274,177.8131,92.7782
57,cnn,baseline,jetson_emulator,20,offload,0.5,50.2427,40.5335,40.5335,41.5377,26.8518,167.274,167.274,177.9654,92.8465
58,cnn,baseline,jetson_emulator,20,local,0.5,49.1192,40.6547,49.1192,50.8094,25.92,167.274,167.274,179.1738,92.8222
59,cnn,baseline,jetson_emulator,20,local,0.5,49.644,40.8114,49.644,51.4428,25.8651,167.274,167.274,179.3271,92.8705
60,cnn,baseline,jetson_emulator,20,local,0.5,49.4899,40.9788,49.4899,51.8163,25.8812,167.274,167.274,179.4803,92.8353
61,cnn,baseline,jetson_emulator,20,local,0.5,49.106,41.1332,49.106,51.3741,25.9214,167.274,167.274,179.6336,92.8035
62,cnn,baseline,jetson_emulator,20,offload,0.5,49.0925,40.614,40.614,42.4545,26.8428,167.274,167.274,178.7272,92.8472
63,cnn,baseline,jetson_emulator,20,offload,0.5,49.2753,42.508,42.508,44.145,26.6316,167.274,167.274,178.8795,92.8024
64,cnn,baseline,jetson_emulator,20,offload,0.5,49.1886,41.2092,41.2092,42.3979,26.7761,167.274,167.274,179.0319,92.8313
65,cnn,baseline,jetson_emulator,20,offload,0.5,49.6103,42.0342,42.0342,43.692,26.6842,167.274,167.274,179.1842,92.7658
66,cnn,baseline,jetson_emulator,20,local,0.5,49.3695,40.9954,49.3695,50.4833,25.8938,167.274,167.274,180.3999,92.8628
67,cnn,baseline,jetson_emulator,20,local,0.5,49.4859,41.0689,49.4859,50.8174,25.8816,167.274,167.274,180.5531,92.7458
68,cnn,baseline,jetson_emulator,20,offload,0.5,49.4249,42.32,42.32,44.8877,26.6525,167.274,167.274,179.6413,92.7699
69,cnn,baseline,jetson_emulator,20,offload,0.5,49.339,41.1062,41.1062,42.9973,26.7876,167.274,167.274,179.7937,92.8509
70,cnn,baseline,jetson_emulator,20,offload,0.5,50.9362,41.3528,41.3528,43.0944,26.76,167.274,167.274,179.946,92.8597
71,cnn,baseline,jetson_emulator,20,local,0.5,49.5979,42.0885,49.5979,50.8442,25.8699,167.274,167.274,181.1661,92.8656
72,cnn,baseline,jetson_emulator,20,offload,0.5,49.8785,41.0568,41.0568,43.1529,26.7931,167.274,167.274,180.2507,92.7749
73,cnn,baseline,jetson_emulator,20,offload,0.5,50.0058,41.0804,41.0804,42.5275,26.7905,167.274,167.274,180.4031,92.8139
74,cnn,baseline,jetson_emulator,20,local,0.5,49.5838,41.2807,49.5838,51.1857,25.8714,167.274,167.274,181.6259,92.8006
75,cnn,baseline,jetson_emulator,20,local,0.5,50.9744,41.6666,50.9744,52.6415,25.7271,167.274,167.274,181.7792,92.8144
76,cnn,baseline,jetson_emulator,20,local,0.5,50.1671,42.1354,50.1671,51.8918,25.8107,167.274,167.274,181.9324,92.8584
77,cnn,baseline,jetson_emulator,20,offload,0.5,50.0964,41.627,41.627,43.8083,26.7294,167.274,167.274,181.0125,92.8551
78,cnn,baseline,jetson_emulator,20,local,0.5,50.738,41.2958,50.738,52.7613,25.7515,167.274,167.274,182.2389,92.7072
79,cnn,baseline,jetson_emulator,20,offload,0.5,49.9037,41.9501,41.9501,43.8894,26.6935,167.274,167.274,181.3172,92.8417
80,cnn,baseline,jetson_emulator,20,offload,0.5,49.8993,42.088,42.088,44.4444,26.6782,167.274,167.274,181.4695,92.8366
81,cnn,baseline,jetson_emulator,20,offload,0.5,49.5766,41.9229,41.9229,43.7826,26.6965,167.274,167.274,181.6219,92.8299
82,cnn,baseline,jetson_emulator,20,local,0.5,50.2634,41.6444,50.2634,51.8982,25.8007,167.274,167.274,182.852,92.767
83,cnn,baseline,jetson_emulator,20,local,0.5,49.8113,41.1188,49.8113,51.5851,25.8477,167.274,167.274,183.0052,92.7743
84,cnn,baseline,jetson_emulator,20,offload,0.5,50.1586,41.8206,41.8206,43.9699,26.7079,167.274,167.274,182.079,92.7253
85,cnn,baseline,jetson_emulator,20,local,0.5,49.8451,41.5936,49.8451,51.6701,25.8442,167.274,167.274,183.3117,92.829
86,cnn,baseline,jetson_emulator,20,local,0.5,50.3406,41.6113,50.3406,52.6395,25.7927,167.274,167.274,183.465,92.894
87,cnn,baseline,jetson_emulator,20,offload,0.5,50.3254,41.4124,41.4124,43.4147,26.7534,167.274,167.274,182.536,92.8228
88,cnn,baseline,jetson_emulator,20,local,0.5,50.1722,41.2834,50.1722,52.2744,25.8101,167.274,167.274,183.7715,92.7977
89,cnn,baseline,jetson_emulator,20,offload,0.5,49.7809,41.5831,41.5831,43.2688,26.7343,167.274,167.274,182.8407,92.7725
90,cnn,baseline,jetson_emulator,20,offload,0.5,49.7119,41.4023,41.4023,42.9867,26.7545,167.274,167.274,182.9931,92.8899
91,cnn,baseline,jetson_emulator,20,local,0.5,49.6741,41.8197,49.6741,52.7057,25.862,167.274,167.274,184.2313,92.7908
92,cnn,baseline,jetson_emulator,20,local,0.5,50.8061,41.6502,50.8061,52.827,25.7445,167.274,167.274,184.3845,92.7726
93,cnn,baseline,jetson_emulator,20,local,0.5,49.7812,41.6795,49.7812,51.9301,25.8508,167.274,167.274,184.5378,92.8008
94,cnn,baseline,jetson_emulator,20,local,0.5,49.7059,42.9237,49.7059,51.0713,25.8587,167.274,167.274,184.691,92.7452
95,cnn,baseline,jetson_emulator,20,offload,0.5,49.9254,41.5657,41.5657,44.1379,26.7363,167.274,167.274,183.7548,92.7857
96,cnn,baseline,jetson_emulator,20,offload,0.5,50.2307,41.6057,41.6057,43.4116,26.7318,167.274,167.274,183.9072,92.7148
97,cnn,baseline,jetson_emulator,20,offload,0.5,50.4938,41.8312,41.8312,44.1302,26.7067,167.274,167.274,184.0595,92.8558
98,cnn,baseline,jetson_emulator,20,offload,0.5,49.9377,43.2721,43.2721,44.7623,26.5474,167.274,167.274,184.2119,92.7336
99,cnn,baseline,jetson_emulator,20,local,0.5,49.6698,41.2183,49.6698,51.9064,25.8624,167.274,167.274,185.4573,92.8864
100,cnn,baseline,jetson_emulator,20,local,0.5,50.3389,41.3776,50.3389,52.8975,25.7928,167.274,167.274,185.6106,92.7902
101,cnn,baseline,jetson_emulator,20,offload,0.5,50.262,41.525,41.525,43.4887,26.7408,167.274,167.274,184.669,92.8584
102,cnn,baseline,jetson_emulator,20,offload,0.5,49.8911,41.6092,41.6092,43.5069,26.7314,167.274,167.274,184.8213,92.8562
103,cnn,baseline,jetson_emulator,20,local,0.5,50.2005,43.214,50.2005,52.3341,25.8072,167.274,167.274,186.0703,92.8299
104,cnn,baseline,jetson_emulator,20,local,0.5,50.5502,41.2971,50.5502,51.8351,25.7709,167.274,167.274,186.2236,92.8904
105,cnn,baseline,jetson_emulator,20,offload,0.5,49.6817,42.0087,42.0087,43.871,26.687,167.274,167.274,185.2784,92.8089
106,cnn,baseline,jetson_emulator,20,offload,0.5,49.9978,41.3842,41.3842,43.4696,26.7565,167.274,167.274,185.4307,92.8048
107,cnn,baseline,jetson_emulator,20,local,0.5,49.7834,42.3937,49.7834,50.8793,25.8506,167.274,167.274,186.6834,92.7935
108,cnn,baseline,jetson_emulator,20,local,0.5,49.7153,42.1408,49.7153,52.0516,25.8577,167.274,167.274,186.8366,92.8117
109,cnn,baseline,jetson_emulator,20,offload,0.5,49.7776,41.2325,41.2325,43.398,26.7735,167.274,167.274,185.8878,92.722
110,cnn,baseline,jetson_emulator,20,local,0.5,50.0129,41.1381,50.0129,52.1289,25.8267,167.274,167.274,187.1431,92.8415
111,cnn,baseline,jetson_emulator,20,local,0.5,50.1379,41.9582,50.1379,52.3784,25.8137,167.274,167.274,187.2964,92.8785
112,cnn,baseline,jetson_emulator,20,offload,0.5,50.0507,41.4001,41.4001,42.8533,26.7547,167.274,167.274,186.3448,92.7524
113,cnn,baseline,jetson_emulator,20,local,0.5,50.2677,41.4148,50.2677,52.2955,25.8002,167.274,167.274,187.6029,92.7993
114,cnn,baseline,jetson_emulator,20,local,0.5,50.0372,41.2113,50.0372,52.0406,25.8242,167.274,167.274,187.7562,92.8486
115,cnn,baseline,jetson_emulator,20,offload,0.5,51.1457,40.978,40.978,42.2228,26.8019,167.274,167.274,186.8019,92.8863
116,cnn,baseline,jetson_emulator,20,local,0.5,49.8911,40.9318,49.8911,52.0942,25.8394,167.274,167.274,188.0627,92.8254
117,cnn,baseline,jetson_emulator,20,local,0.5,49.7492,42.1132,49.7492,52.3804,25.8542,167.274,167.274,188.2159,92.8579
118,cnn,baseline,jetson_emulator,20,offload,0.5,50.0,40.8488,40.8488,42.47,26.8164,167.274,167.274,187.259,92.8519
119,cnn,baseline,jetson_emulator,20,offload,0.5,49.7074,40.8004,40.8004,42.4693,26.8219,167.274,167.274,187.4113,92.7578
120,cnn,baseline,jetson_emulator,20,offload,0.5,49.6632,40.8058,40.8058,42.5557,26.8212,167.274,167.274,187.5637,92.8902
121,cnn,baseline,jetson_emulator,20,offload,0.5,49.6082,41.5933,41.5933,43.0696,26.7332,167.274,167.274,187.716,92.8268
122,cnn,baseline,jetson_emulator,20,local,0.5,50.0531,40.8397,50.0531,51.3825,25.8225,167.274,167.274,188.9822,92.718
123,cnn,baseline,jetson_emulator,20,offload,0.5,49.4569,41.8823,41.8823,43.8448,26.701,167.274,167.274,188.0207,92.7617
124,cnn,baseline,jetson_emulator,20,offload,0.5,49.3635,41.2323,41.2323,42.9242,26.7735,167.274,167.274,188.1731,92.8465
125,cnn,baseline,jetson_emulator,20,local,0.5,49.7207,40.992,49.7207,51.1765,25.8571,167.274,167.274,189.442,92.8347
126,cnn,baseline,jetson_emulator,20,local,0.5,49.1832,41.2172,49.1832,50.5368,25.9133,167.274,167.274,189.5952,92.79
127,cnn,baseline,jetson_emulator,20,offload,0.5,49.186,40.6564,40.6564,41.0991,26.838,167.274,167.274,188.6301,92.7871
128,cnn,baseline,jetson_emulator,20,offload,0.5,50.2136,41.6269,41.6269,43.8991,26.7295,167.274,167.274,188.7825,92.8456
129,cnn,baseline,jetson_emulator,20,offload,0.5,49.1796,41.8741,41.8741,43.3195,26.7019,167.274,167.274,188.9348,92.8058
130,cnn,baseline,jetson_emulator,20,local,0.5,49.0586,41.1364,49.0586,51.2717,25.9263,167.274,167.274,190.2083,92.9584
131,cnn,baseline,jetson_emulator,20,offload,0.5,49.0769,41.2653,41.2653,43.8289,26.7698,167.274,167.274,189.2396,92.8127
132,cnn,baseline,jetson_emulator,20,local,0.5,49.0743,41.81,49.0743,50.4121,25.9247,167.274,167.274,190.5148,92.8577
133,cnn,baseline,jetson_emulator,20,local,0.5,49.3165,40.4638,49.3165,51.0801,25.8993,167.274,167.274,190.668,92.8888
134,cnn,baseline,jetson_emulator,20,local,0.5,49.4455,42.0733,49.4455,51.0839,25.8859,167.274,167.274,190.8213,92.7556
135,cnn,baseline,jetson_emulator,20,local,0.5,49.0432,41.1167,49.0432,51.1213,25.928,167.274,167.274,190.9746,92.7453
136,cnn,baseline,jetson_emulator,20,offload,0.5,49.6918,40.8815,40.8815,42.2109,26.8128,167.274,167.274,190.0013,92.7341
137,cnn,baseline,jetson_emulator,20,local,0.5,49.8017,40.5484,49.8017,51.7497,25.8487,167.274,167.274,191.2811,92.8263
138,cnn,baseline,jetson_emulator,20,local,0.5,48.8926,40.4539,48.8926,50.8819,25.9437,167.274,167.274,191.4343,92.7768
139,cnn,baseline,jetson_emulator,20,local,0.5,48.8598,40.7745,48.8598,51.0366,25.9472,167.274,167.274,191.5876,92.8107
140,cnn,baseline,jetson_emulator,20,offload,0.5,48.725,40.6217,40.6217,42.9543,26.8419,167.274,167.274,190.6107,92.8565
141,cnn,baseline,jetson_emulator,20,offload,0.5,49.0306,40.4188,40.4188,42.875,26.8647,167.274,167.274,190.7631,92.7677
142,cnn,baseline,jetson_emulator,20,local,0.5,49.0076,41.6071,49.0076,50.4279,25.9317,167.274,167.274,192.0473,92.8341
143,cnn,baseline,jetson_emulator,20,local,0.5,48.8172,40.2619,48.8172,50.4188,25.9517,167.274,167.274,192.2006,92.7871
144,cnn,baseline,jetson_emulator,20,offload,0.5,49.1159,41.1606,41.1606,42.1463,26.7815,167.274,167.274,191.2201,92.8038
145,cnn,baseline,jetson_emulator,20,offload,0.5,49.2751,41.421,41.421,43.4129,26.7524,167.274,167.274,191.3725,92.8177
146,cnn,baseline,jetson_emulator,20,local,0.5,49.148,40.8156,49.148,51.2531,25.917,167.274,167.274,192.6604,92.7676
147,cnn,baseline,jetson_emulator,20,offload,0.5,48.5522,40.2773,40.2773,41.5904,26.8807,167.274,167.274,191.6772,92.8311
148,cnn,baseline,jetson_emulator,20,offload,0.5,48.9083,40.8616,40.8616,42.8885,26.815,167.274,167.274,191.8296,92.7408
149,cnn,baseline,jetson_emulator,20,offload,0.5,49.1535,40.1862,40.1862,42.0354,26.8909,167.274,167.274,191.9819,92.6809
150,cnn,baseline,jetson_emulator,20,offload,0.5,48.765,40.6474,40.6474,42.0925,26.839,167.274,167.274,192.1343,92.7494
151,cnn,baseline,jetson_emulator,20,offload,0.5,49.118,41.0177,41.0177,42.5325,26.7975,167.274,167.274,192.2866,92.6948
152,cnn,baseline,jetson_emulator,20,offload,0.5,48.8128,40.5909,40.5909,42.2319,26.8454,167.274,167.274,192.439,92.798
153,cnn,baseline,jetson_emulator,20,offload,0.5,48.3435,40.4209,40.4209,42.2447,26.8645,167.274,167.274,192.5913,92.9555
154,cnn,baseline,jetson_emulator,20,local,0.5,48.7467,41.2513,48.7467,50.9859,25.9591,167.274,167.274,193.8864,92.7855
155,cnn,baseline,jetson_emulator,20,offload,0.5,48.7073,40.9124,40.9124,43.2436,26.8093,167.274,167.274,192.896,92.7532
156,cnn,baseline,jetson_emulator,20,offload,0.5,49.3394,41.1794,41.1794,43.4351,26.7794,167.274,167.274,193.0484,92.7854
157,cnn,baseline,jetson_emulator,20,local,0.5,49.9046,40.8511,49.9046,51.7038,25.838,167.274,167.274,194.3462,92.7497
158,cnn,baseline,jetson_emulator,20,local,0.5,48.2821,40.0168,48.2821,50.4468,26.008,167.274,167.274,194.4994,92.7953
159,cnn,baseline,jetson_emulator,20,local,0.5,48.4887,40.0164,48.4887,50.4166,25.9862,167.274,167.274,194.6527,92.7657
160,cnn,baseline,jetson_emulator,20,local,0.5,48.5379,40.2654,48.5379,50.1089,25.981,167.274,167.274,194.806,92.8079
161,cnn,baseline,jetson_emulator,20,offload,0.5,48.5803,41.0627,41.0627,43.8763,26.7925,167.274,167.274,193.8101,92.8248
162,cnn,baseline,jetson_emulator,20,local,0.5,48.9985,40.1892,48.9985,50.848,25.9326,167.274,167.274,195.1125,92.7583
163,cnn,baseline,jetson_emulator,20,offload,0.5,48.3358,40.5201,40.5201,42.3083,26.8533,167.274,167.274,194.1149,92.8355
164,cnn,baseline,jetson_emulator,20,local,0.5,48.3277,40.5164,48.3277,49.8287,26.0032,167.274,167.274,195.419,92.8305
165,cnn,baseline,jetson_emulator,20,local,0.5,48.0002,40.2637,48.0002,50.6135,26.0378,167.274,167.274,195.5722,92.7684
166,cnn,baseline,jetson_emulator,20,offload,0.5,48.5055,39.8437,39.8437,41.4407,26.9296,167.274,167.274,194.5719,92.7785
167,cnn,baseline,jetson_emulator,20,local,0.5,48.5098,39.5708,48.5098,49.5877,25.984,167.274,167.274,195.8788,92.6957
168,cnn,baseline,jetson_emulator,20,offload,0.5,48.3979,39.5528,39.5528,41.137,26.9625,167.274,167.274,194.8766,92.7652
169,cnn,baseline,jetson_emulator,20,offload,0.5,48.064,40.1819,40.1819,41.5025,26.8914,167.274,167.274,195.029,92.8095
170,cnn,baseline,jetson_emulator,20,offload,0.5,47.7931,40.5386,40.5386,42.703,26.8513,167.274,167.274,195.1813,92.7762
171,cnn,baseline,jetson_emulator,20,local,0.5,49.0453,40.0076,49.0453,50.7901,25.9277,167.274,167.274,196.4918,92.9125
172,cnn,baseline,jetson_emulator,20,local,0.5,48.3515,39.5778,48.3515,49.1045,26.0007,167.274,167.274,196.645,92.8679
173,cnn,baseline,jetson_emulator,20,local,0.5,48.498,39.8695,48.498,50.2921,25.9852,167.274,167.274,196.7983,92.8144
174,cnn,baseline,jetson_emulator,20,offload,0.5,47.8226,39.8306,39.8306,41.4325,26.9311,167.274,167.274,195.7907,92.8007
175,cnn,baseline,jetson_emulator,20,offload,0.5,48.2562,39.8323,39.8323,42.0425,26.9309,167.274,167.274,195.9431,92.73
176,cnn,baseline,jetson_emulator,20,local,0.5,48.3051,39.9808,48.3051,51.3826,26.0056,167.274,167.274,197.2581,92.844
177,cnn,baseline,jetson_emulator,20,local,0.5,47.7243,39.8369,47.7243,48.6814,26.067,167.274,167.274,197.4113,92.8381
178,cnn,baseline,jetson_emulator,20,local,0.5,48.1034,40.6495,48.1034,49.7815,26.0269,167.274,167.274,197.5646,92.8171
179,cnn,baseline,jetson_emulator,20,offload,0.5,48.2196,39.6991,39.6991,41.3554,26.946,167.274,167.274,196.5525,92.8343
180,cnn,baseline,jetson_emulator,20,offload,0.5,48.2079,39.7567,39.7567,40.8246,26.9394,167.274,167.274,196.7049,92.7272
181,cnn,baseline,jetson_emulator,20,offload,0.5,48.1429,39.851,39.851,41.7402,26.9288,167.274,167.274,196.8572,92.8043
182,cnn,baseline,jetson_emulator,20,offload,0.5,47.62,39.4698,39.4698,41.7444,26.972,167.274,167.274,197.0096,92.8053
183,cnn,baseline,jetson_emulator,20,offload,0.5,48.11,39.8189,39.8189,40.8188,26.9324,167.274,167.274,197.1619,92.8433
184,cnn,baseline,jetson_emulator,20,local,0.5,47.9683,39.5476,47.9683,49.2837,26.0411,167.274,167.274,198.4841,92.776
185,cnn,baseline,jetson_emulator,20,local,0.5,47.9478,39.3595,47.9478,49.846,26.0433,167.274,167.274,198.6374,92.8642
186,cnn,baseline,jetson_emulator,20,offload,0.5,47.7595,39.8389,39.8389,41.9287,26.9302,167.274,167.274,197.619,92.749
187,cnn,baseline,jetson_emulator,20,offload,0.5,48.0486,39.4118,39.4118,41.4238,26.9785,167.274,167.274,197.7713,92.8148
188,cnn,baseline,jetson_emulator,20,offload,0.5,47.667,40.4596,40.4596,42.9559,26.8601,167.274,167.274,197.9237,92.7718
189,cnn,baseline,jetson_emulator,20,local,0.5,48.0472,39.4506,48.0472,49.9118,26.0328,167.274,167.274,199.2504,92.7799
190,cnn,baseline,jetson_emulator,20,offload,0.5,47.8905,39.7377,39.7377,42.211,26.9416,167.274,167.274,198.2284,92.8002
191,cnn,baseline,jetson_emulator,20,local,0.5,47.5764,39.9766,47.5764,49.1104,26.0826,167.274,167.274,199.5569,92.7358
192,cnn,baseline,jetson_emulator,20,local,0.5,48.2846,39.6571,48.2846,49.9317,26.0077,167.274,167.274,199.7102,92.7064
193,cnn,baseline,jetson_emulator,20,local,0.5,47.5764,39.4087,47.5764,48.9152,26.0826,167.274,167.274,199.8634,92.8087
194,cnn,baseline,jetson_emulator,20,offload,0.5,49.1446,39.6419,39.6419,40.7672,26.9525,167.274,167.274,198.8378,92.7573
195,cnn,baseline,jetson_emulator,20,offload,0.5,48.0447,39.971,39.971,41.4613,26.9152,167.274,167.274,198.9902,92.7937
196,cnn,baseline,jetson_emulator,20,offload,0.5,48.1884,39.4805,39.4805,41.205,26.9707,167.274,167.274,199.1425,92.8136
197,cnn,baseline,jetson_emulator,20,local,0.5,48.6693,40.2119,48.6693,51.3599,25.9672,167.274,167.274,200.4765,92.8061
198,cnn,baseline,jetson_emulator,20,offload,0.5,47.6557,39.4565,39.4565,41.9049,26.9735,167.274,167.274,199.4472,92.71
199,cnn,baseline,jetson_emulator,20,offload,0.5,48.3443,40.2456,40.2456,42.7966,26.8842,167.274,167.274,199.5996,92.8302
200,cnn,baseline,jetson_emulator,20,local,0.5,47.546,40.1746,47.546,48.3543,26.0859,167.274,167.274,200.9362,92.7074
201,cnn,baseline,jetson_emulator,20,offload,0.5,47.9713,40.2545,40.2545,41.7084,26.8832,167.274,167.274,199.9043,92.7015
202,cnn,baseline,jetson_emulator,20,local,0.5,47.7498,39.916,47.7498,49.5346,26.0643,167.274,167.274,201.2427,92.7636
203,cnn,baseline,jetson_emulator,20,offload,0.5,48.3621,39.8746,39.8746,41.2934,26.9261,167.274,167.274,200.209,92.868
204,cnn,baseline,jetson_emulator,20,offload,0.5,47.7161,39.851,39.851,41.3466,26.9288,167.274,167.274,200.3613,92.7953
205,cnn,baseline,jetson_emulator,20,offload,0.5,48.229,39.7156,39.7156,41.0984,26.9441,167.274,167.274,200.5137,92.7965
206,cnn,baseline,jetson_emulator,20,offload,0.5,48.1002,39.6273,39.6273,41.8709,26.9541,167.274,167.274,200.666,92.7896
207,cnn,baseline,jetson_emulator,20,offload,0.5,48.1201,39.5712,39.5712,41.5779,26.9605,167.274,167.274,200.8184,92.8399
208,cnn,baseline,jetson_emulator,20,offload,0.5,47.6537,39.5337,39.5337,40.5615,26.9647,167.274,167.274,200.9707,92.7569
209,cnn,baseline,jetson_emulator,20,local,0.5,47.6705,41.0817,47.6705,49.6645,26.0727,167.274,167.274,202.3155,92.7641
210,cnn,baseline,jetson_emulator,20,offload,0.5,47.953,40.5989,40.5989,42.0481,26.8445,167.274,167.274,201.2755,92.837
211,cnn,baseline,jetson_emulator,20,offload,0.5,48.0635,40.1284,40.1284,41.6813,26.8975,167.274,167.274,201.4278,92.7343
212,cnn,baseline,jetson_emulator,20,local,0.5,48.064,40.3325,48.064,49.6637,26.031,167.274,167.274,202.7753,92.8411
213,cnn,baseline,jetson_emulator,20,offload,0.5,47.7848,39.5253,39.5253,41.1197,26.9657,167.274,167.274,201.7325,92.7901
214,cnn,baseline,jetson_emulator,20,offload,0.5,48.0286,39.8118,39.8118,41.8297,26.9332,167.274,167.274,201.8849,92.8132
215,cnn,baseline,jetson_emulator,20,local,0.5,48.4494,40.235,48.4494,50.2803,25.9904,167.274,167.274,203.2351,92.7726
216,cnn,baseline,jetson_emulator,20,local,0.5,48.1693,40.2268,48.1693,49.265,26.0199,167.274,167.274,203.3883,92.8375
217,cnn,baseline,jetson_emulator,20,offload,0.5,48.5391,39.7393,39.7393,40.5935,26.9414,167.274,167.274,202.3419,92.9076
218,cnn,baseline,jetson_emulator,20,local,0.5,48.3681,39.7742,48.3681,50.9127,25.9989,167.274,167.274,203.6948,92.7777
219,cnn,baseline,jetson_emulator,20,local,0.5,48.1526,40.6678,48.1526,50.0926,26.0217,167.274,167.274,203.8481,92.8299
220,cnn,baseline,jetson_emulator,20,offload,0.5,48.1188,39.8015,39.8015,41.8238,26.9344,167.274,167.274,202.799,92.7228
221,cnn,baseline,jetson_emulator,20,offload,0.5,48.8281,40.2331,40.2331,41.5889,26.8856,167.274,167.274,202.9513,92.8616
222,cnn,baseline,jetson_emulator,20,offload,0.5,48.3041,39.9178,39.9178,41.1573,26.9212,167.274,167.274,203.1037,92.834
223,cnn,baseline,jetson_emulator,20,local,0.5,48.3673,40.3359,48.3673,49.9021,25.999,167.274,167.274,204.4611,92.7661
224,cnn,baseline,jetson_emulator,20,offload,0.5,48.8607,39.9614,39.9614,42.0288,26.9163,167.274,167.274,203.4084,92.8678
225,cnn,baseline,jetson_emulator,20,local,0.5,49.3749,40.2072,49.3749,52.1745,25.8932,167.274,167.274,204.7676,92.8132
226,cnn,baseline,jetson_emulator,20,local,0.5,48.912,39.9002,48.912,50.3888,25.9417,167.274,167.274,204.9209,92.8415
227,cnn,baseline,jetson_emulator,20,offload,0.5,48.6542,40.149,40.149,42.286,26.8951,167.274,167.274,203.8655,92.8334
228,cnn,baseline,jetson_emulator,20,local,0.5,48.8859,40.3824,48.8859,50.6929,25.9445,167.274,167.274,205.2274,92.7709
229,cnn,baseline,jetson_emulator,20,local,0.5,49.6286,40.1484,49.6286,51.1936,25.8667,167.274,167.274,205.3807,92.7788
230,cnn,baseline,jetson_emulator,20,offload,0.5,49.7829,40.8092,40.8092,41.9459,26.8209,167.274,167.274,204.3225,92.8495
231,cnn,baseline,jetson_emulator,20,local,0.5,48.7152,40.2437,48.7152,50.1605,25.9624,167.274,167.274,205.6872,92.8321
232,cnn,baseline,jetson_emulator,20,offload,0.5,49.7034,41.5075,41.5075,42.9413,26.7428,167.274,167.274,204.6272,92.7607
233,cnn,baseline,jetson_emulator,20,local,0.5,49.1019,41.3956,49.1019,50.4717,25.9218,167.274,167.274,205.9937,92.7807
234,cnn,baseline,jetson_emulator,20,offload,0.5,49.3938,42.1147,42.1147,43.7962,26.6752,167.274,167.274,204.9319,92.8438
235,cnn,baseline,jetson_emulator,20,offload,0.5,49.1948,41.4554,41.4554,43.723,26.7486,167.274,167.274,205.0843,92.8203
236,cnn,baseline,jetson_emulator,20,offload,0.5,49.8046,40.8613,40.8613,43.1783,26.815,167.274,167.274,205.2366,92.731
237,cnn,baseline,jetson_emulator,20,offload,0.5,49.119,40.9727,40.9727,42.0804,26.8025,167.274,167.274,205.389,92.7911
238,cnn,baseline,jetson_emulator,20,local,0.5,49.174,40.9619,49.174,51.194,25.9143,167.274,167.274,206.76,92.8675
239,cnn,baseline,jetson_emulator,20,local,0.5,49.2636,40.7945,49.2636,51.1113,25.9049,167.274,167.274,206.9132,92.8087
240,cnn,baseline,jetson_emulator,20,offload,0.5,49.737,42.6398,42.6398,44.6312,26.6171,167.274,167.274,205.846,92.7744
241,cnn,baseline,jetson_emulator,20,local,0.5,49.7148,42.399,49.7148,51.5251,25.8577,167.274,167.274,207.2197,92.7832
242,cnn,baseline,jetson_emulator,20,offload,0.5,50.3298,41.0567,41.0567,42.6902,26.7931,167.274,167.274,206.1508,92.8341
243,cnn,baseline,jetson_emulator,20,offload,0.5,49.4508,41.8236,41.8236,43.2598,26.7076,167.274,167.274,206.3031,92.7752
244,cnn,baseline,jetson_emulator,20,local,0.5,49.6451,41.0722,49.6451,51.0818,25.865,167.274,167.274,207.6795,92.7563
245,cnn,baseline,jetson_emulator,20,local,0.5,49.6214,40.9684,49.6214,50.7144,25.8675,167.274,167.274,207.8328,92.7737
246,cnn,baseline,jetson_emulator,20,local,0.5,49.596,42.3902,49.596,51.383,25.8701,167.274,167.274,207.986,92.8174
247,cnn,baseline,jetson_emulator,20,offload,0.5,49.6182,41.0384,41.0384,41.9847,26.7952,167.274,167.274,206.9125,92.8736
248,cnn,baseline,jetson_emulator,20,local,0.5,49.8316,41.7637,49.8316,50.9973,25.8456,167.274,167.274,208.2925,92.7634
249,cnn,baseline,jetson_emulator,20,offload,0.5,49.8319,41.6342,41.6342,43.1339,26.7286,167.274,167.274,207.2172,92.9003
250,cnn,baseline,jetson_emulator,20,offload,0.5,50.3148,41.2644,41.2644,42.9355,26.7699,167.274,167.274,207.3696,92.727
251,cnn,baseline,jetson_emulator,20,local,0.5,50.0392,42.6491,50.0392,51.5584,25.824,167.274,167.274,208.7523,92.8539
252,cnn,baseline,jetson_emulator,20,local,0.5,50.0279,41.4638,50.0279,51.61,25.8251,167.274,167.274,208.9056,92.8208
253,cnn,baseline,jetson_emulator,20,offload,0.5,50.2179,42.6488,42.6488,44.0035,26.6161,167.274,167.274,207.8266,92.7863
254,cnn,baseline,jetson_emulator,20,offload,0.5,51.3478,42.4281,42.4281,44.4751,26.6405,167.274,167.274,207.979,92.8343
255,cnn,baseline,jetson_emulator,20,offload,0.5,50.5607,41.9144,41.9144,44.1716,26.6975,167.274,167.274,208.1313,92.7733
256,cnn,baseline,jetson_emulator,20,local,0.5,51.3267,41.9333,51.3267,52.7187,25.6908,167.274,167.274,209.5186,92.8634
257,cnn,baseline,jetson_emulator,20,local,0.5,50.4754,41.7815,50.4754,52.5714,25.7787,167.274,167.274,209.6718,92.8419
258,cnn,baseline,jetson_emulator,20,offload,0.5,51.0508,41.7809,41.7809,43.7495,26.7123,167.274,167.274,208.5884,92.8241
259,cnn,baseline,jetson_emulator,20,local,0.5,51.5301,42.2791,51.5301,52.9966,25.6698,167.274,167.274,209.9783,92.7358
260,cnn,baseline,jetson_emulator,20,local,0.5,51.1198,42.7306,51.1198,52.6881,25.7121,167.274,167.274,210.1316,92.7382
261,cnn,baseline,jetson_emulator,20,local,0.5,51.6059,42.0009,51.6059,53.7281,25.6621,167.274,167.274,210.2849,92.73
262,cnn,baseline,jetson_emulator,20,local,0.5,50.9715,42.1098,50.9715,52.3182,25.7274,167.274,167.274,210.4381,92.7734
263,cnn,baseline,jetson_emulator,20,offload,0.5,51.0794,42.8163,42.8163,43.7238,26.5976,167.274,167.274,209.3502,92.8522
264,cnn,baseline,jetson_emulator,20,local,0.5,51.7544,42.6582,51.7544,53.8264,25.6468,167.274,167.274,210.7446,92.844
265,cnn,baseline,jetson_emulator,20,offload,0.5,51.1574,43.429,43.429,45.0723,26.5302,167.274,167.274,209.6549,92.7698
266,cnn,baseline,jetson_emulator,20,local,0.5,51.3061,43.1718,51.3061,53.6984,25.6929,167.274,167.274,211.0511,92.7699
267,cnn,baseline,jetson_emulator,20,local,0.5,51.5201,43.2232,51.5201,52.7504,25.6709,167.274,167.274,211.2044,92.8242
268,cnn,baseline,jetson_emulator,20,local,0.5,51.6229,43.7524,51.6229,52.1842,25.6603,167.274,167.274,211.3577,92.8836
269,cnn,baseline,jetson_emulator,20,local,0.5,52.3188,42.7469,52.3188,53.4633,25.5891,167.274,167.274,211.5109,92.8333
270,cnn,baseline,jetson_emulator,20,local,0.5,51.8112,43.0508,51.8112,53.2039,25.641,167.274,167.274,211.6642,92.8228
271,cnn,baseline,jetson_emulator,20,local,0.5,52.3077,43.256,52.3077,54.6296,25.5902,167.274,167.274,211.8174,92.8218
272,cnn,baseline,jetson_emulator,20,offload,0.5,51.9931,43.4577,43.4577,44.0952,26.527,167.274,167.274,210.7213,92.834
273,cnn,baseline,jetson_emulator,20,local,0.5,52.246,43.4574,52.246,53.73,25.5965,167.274,167.274,212.1239,92.8446
274,cnn,baseline,jetson_emulator,20,local,0.5,52.7948,43.3733,52.7948,54.0685,25.5405,167.274,167.274,212.2772,92.7134
275,cnn,baseline,jetson_emulator,20,offload,0.5,53.1819,43.114,43.114,44.949,26.5648,167.274,167.274,211.1784,92.8283
276,cnn,baseline,jetson_emulator,20,offload,0.5,52.8504,44.2292,44.2292,46.5398,26.4426,167.274,167.274,211.3308,92.7688
277,cnn,baseline,jetson_emulator,20,offload,0.5,52.611,43.7968,43.7968,45.5712,26.4899,167.274,167.274,211.4831,92.7992
278,cnn,baseline,jetson_emulator,20,offload,0.5,53.9898,44.5899,44.5899,46.1464,26.4034,167.274,167.274,211.6355,92.7985
279,cnn,baseline,jetson_emulator,20,local,0.5,53.1759,45.0202,53.1759,55.6087,25.5018,167.274,167.274,213.0435,92.7771
280,cnn,baseline,jetson_emulator,20,local,0.5,52.9908,43.5439,52.9908,55.2607,25.5206,167.274,167.274,213.1967,92.8215
281,cnn,baseline,jetson_emulator,20,offload,0.5,53.2854,43.7606,43.7606,45.9488,26.4938,167.274,167.274,212.0925,92.808
282,cnn,baseline,jetson_emulator,20,offload,0.5,53.7157,43.979,43.979,45.2497,26.4699,167.274,167.274,212.2449,92.8795
283,cnn,baseline,jetson_emulator,20,local,0.5,53.051,43.8386,53.051,55.0606,25.5145,167.274,167.274,213.6565,92.79
284,cnn,baseline,jetson_emulator,20,offload,0.5,53.2621,44.9293,44.9293,46.299,26.3665,167.274,167.274,212.5496,92.8026
285,cnn,baseline,jetson_emulator,20,offload,0.5,53.4736,45.3329,45.3329,47.9356,26.3228,167.274,167.274,212.7019,92.7884
286,cnn,baseline,jetson_emulator,20,offload,0.5,53.8244,44.0947,44.0947,46.0673,26.4573,167.274,167.274,212.8543,92.8204
287,cnn,baseline,jetson_emulator,20,local,0.5,53.7528,44.4968,53.7528,55.9334,25.4435,167.274,167.274,214.2695,92.8453
288,cnn,baseline,jetson_emulator,20,offload,0.5,53.7749,45.0535,45.0535,46.865,26.3531,167.274,167.274,213.159,92.8725
289,cnn,baseline,jetson_emulator,20,offload,0.5,54.3928,45.2093,45.2093,47.4097,26.3362,167.274,167.274,213.3114,92.8441
290,cnn,baseline,jetson_emulator,20,offload,0.5,54.43,44.8528,44.8528,47.5281,26.3748,167.274,167.274,213.4637,92.7828
291,cnn,baseline,jetson_emulator,20,offload,0.5,53.83,45.0431,45.0431,46.8042,26.3542,167.274,167.274,213.6161,92.8132
292,cnn,baseline,jetson_emulator,20,local,0.5,54.177,45.5897,54.177,55.5647,25.4007,167.274,167.274,215.0358,92.7613
293,cnn,baseline,jetson_emulator,20,offload,0.5,54.7615,44.876,44.876,46.9399,26.3723,167.274,167.274,213.9208,92.8044
294,cnn,baseline,jetson_emulator,20,offload,0.5,54.926,45.1227,45.1227,46.4465,26.3456,167.274,167.274,214.0731,92.7086
295,cnn,baseline,jetson_emulator,20,offload,0.5,54.4172,45.2452,45.2452,46.8524,26.3323,167.274,167.274,214.2255,92.6884
296,cnn,baseline,jetson_emulator,20,offload,0.5,55.6821,46.0543,46.0543,48.1524,26.2451,167.274,167.274,214.3778,92.8209
297,cnn,baseline,jetson_emulator,20,offload,0.5,54.4899,45.2148,45.2148,46.4556,26.3356,167.274,167.274,214.5302,92.6829
298,cnn,baseline,jetson_emulator,20,local,0.5,54.6953,45.5892,54.6953,56.5025,25.3487,167.274,167.274,215.9554,92.8531
299,cnn,baseline,jetson_emulator,20,local,0.5,54.9671,45.4843,54.9671,56.0906,25.3215,167.274,167.274,216.1086,92.7414
300,cnn,baseline,jetson_emulator,20,local,0.5,55.1908,45.3492,55.1908,57.0666,25.2991,167.274,167.274,216.2619,92.7717
301,cnn,baseline,jetson_emulator,20,offload,0.5,55.5829,46.7786,46.7786,48.5196,26.1676,167.274,167.274,215.1396,92.81
302,cnn,baseline,jetson_emulator,20,offload,0.5,55.6519,46.54,46.54,49.1478,26.193,167.274,167.274,215.2919,92.8109
303,cnn,baseline,jetson_emulator,20,local,0.5,55.9706,45.6975,55.9706,57.7865,25.2215,167.274,167.274,216.7216,92.8225
304,cnn,baseline,jetson_emulator,20,local,0.5,55.2539,46.3179,55.2539,56.8194,25.2928,167.274,167.274,216.8749,92.774
305,cnn,baseline,jetson_emulator,20,local,0.5,55.8401,45.9435,55.8401,57.9044,25.2345,167.274,167.274,217.0281,92.7399
306,cnn,baseline,jetson_emulator,20,local,0.5,55.4051,45.976,55.4051,56.9931,25.2778,167.274,167.274,217.1814,92.7758
307,cnn,baseline,jetson_emulator,20,offload,0.5,56.0949,46.128,46.128,47.5241,26.2372,167.274,167.274,216.0537,92.8109
308,cnn,baseline,jetson_emulator,20,local,0.5,55.7969,46.1059,55.7969,57.9554,25.2388,167.274,167.274,217.4879,92.8284
309,cnn,baseline,jetson_emulator,20,offload,0.5,55.8945,46.6865,46.6865,49.195,26.1774,167.274,167.274,216.3584,92.7843
310,cnn,baseline,jetson_emulator,20,local,0.5,56.1453,47.052,56.1453,57.9488,25.2042,167.274,167.274,217.7944,92.7332
311,cnn,baseline,jetson_emulator,20,local,0.5,56.3162,46.9599,56.3162,57.7259,25.1873,167.274,167.274,217.9477,92.8088
312,cnn,baseline,jetson_emulator,20,offload,0.5,56.0334,46.6755,46.6755,48.1584,26.1786,167.274,167.274,216.8155,92.7835
313,cnn,baseline,jetson_emulator,20,local,0.5,56.1527,46.9394,56.1527,57.8974,25.2035,167.274,167.274,218.2542,92.867
314,cnn,baseline,jetson_emulator,20,local,0.5,56.4946,46.9952,56.4946,58.41,25.1697,167.274,167.274,218.4075,92.8197
315,cnn,baseline,jetson_emulator,20,offload,0.5,56.7436,47.5069,47.5069,49.5939,26.09,167.274,167.274,217.2725,92.7761
316,cnn,baseline,jetson_emulator,20,offload,0.5,56.9219,48.0725,48.0725,49.9124,26.0301,167.274,167.274,217.4249,92.7491
317,cnn,baseline,jetson_emulator,20,local,0.5,57.027,47.9223,57.027,58.5863,25.1172,167.274,167.274,218.8672,92.7329
318,cnn,baseline,jetson_emulator,20,local,0.5,56.87,47.0104,56.87,58.5768,25.1326,167.274,167.274,219.0205,92.7647
319,cnn,baseline,jetson_emulator,20,offload,0.5,56.9695,47.3023,47.3023,49.0542,26.1118,167.274,167.274,217.8819,92.785
320,cnn,baseline,jetson_emulator,20,offload,0.5,57.0297,47.5976,47.5976,49.3474,26.0804,167.274,167.274,218.0343,92.774
321,cnn,baseline,jetson_emulator,20,offload,0.5,57.0426,47.4011,47.4011,48.2131,26.1013,167.274,167.274,218.1867,92.7918
322,cnn,baseline,jetson_emulator,20,offload,0.5,57.6298,47.4266,47.4266,48.6648,26.0985,167.274,167.274,218.339,92.7902
323,cnn,baseline,jetson_emulator,20,local,0.5,57.3391,47.9691,57.3391,58.9295,25.0865,167.274,167.274,219.7868,92.7761
324,cnn,baseline,jetson_emulator,20,local,0.5,57.6152,47.9569,57.6152,58.9786,25.0594,167.274,167.274,219.94,92.7794
325,cnn,baseline,jetson_emulator,20,local,0.5,57.6473,47.6375,57.6473,59.4265,25.0563,167.274,167.274,220.0933,92.7984
326,cnn,baseline,jetson_emulator,20,offload,0.5,57.6258,47.5665,47.5665,49.7132,26.0837,167.274,167.274,218.9484,92.8268
327,cnn,baseline,jetson_emulator,20,local,0.5,58.2539,47.9615,58.2539,60.5023,24.9971,167.274,167.274,220.3998,92.7737
328,cnn,baseline,jetson_emulator,20,local,0.5,57.8045,49.5523,57.8045,59.6263,25.0409,167.274,167.274,220.553,92.7654
329,cnn,baseline,jetson_emulator,20,local,0.5,57.7101,48.1487,57.7101,59.1542,25.0502,167.274,167.274,220.7063,92.776
330,cnn,baseline,jetson_emulator,20,offload,0.5,57.9068,48.1781,48.1781,50.4607,26.019,167.274,167.274,219.5578,92.9212
331,cnn,baseline,jetson_emulator,20,local,0.5,58.9208,49.0746,58.9208,61.2771,24.9322,167.274,167.274,221.0128,92.8076
332,cnn,baseline,jetson_emulator,20,local,0.5,58.3185,48.671,58.3185,60.6267,24.9908,167.274,167.274,221.1661,92.7924
333,cnn,baseline,jetson_emulator,20,offload,0.5,59.8737,48.735,48.735,49.9875,25.9603,167.274,167.274,220.0149,92.7112
334,cnn,baseline,jetson_emulator,20,local,0.5,58.3784,48.103,58.3784,61.1136,24.9849,167.274,167.274,221.4726,92.7932
335,cnn,baseline,jetson_emulator,20,offload,0.5,58.3142,48.7828,48.7828,50.1216,25.9553,167.274,167.274,220.3196,92.838
336,cnn,baseline,jetson_emulator,20,local,0.5,58.6028,48.1794,58.6028,60.5024,24.9631,167.274,167.274,221.7791,92.8306
337,cnn,baseline,jetson_emulator,20,local,0.5,58.3987,48.5294,58.3987,60.629,24.983,167.274,167.274,221.9324,92.8334
338,cnn,baseline,jetson_emulator,20,offload,0.5,59.4292,49.4936,49.4936,50.3689,25.8808,167.274,167.274,220.7767,92.8177
339,cnn,baseline,jetson_emulator,20,local,0.5,58.9648,49.304,58.9648,60.2191,24.928,167.274,167.274,222.2389,92.7467
340,cnn,baseline,jetson_emulator,20,offload,0.5,58.5386,49.1553,49.1553,51.4768,25.9162,167.274,167.274,221.0814,92.7597
341,cnn,baseline,jetson_emulator,20,offload,0.5,58.8104,48.5371,48.5371,49.7872,25.9811,167.274,167.274,221.2337,92.7892
342,cnn,baseline,jetson_emulator,20,offload,0.5,59.5063,48.7412,48.7412,50.4123,25.9597,167.274,167.274,221.3861,92.9098
343,cnn,baseline,jetson_emulator,20,offload,0.5,59.6601,49.755,49.755,51.6005,25.8536,167.274,167.274,221.5384,92.8471
344,cnn,baseline,jetson_emulator,20,local,0.5,59.2457,49.2521,59.2457,61.4799,24.9008,167.274,167.274,223.0051,92.8109
345,cnn,baseline,jetson_emulator,20,offload,0.5,59.8941,49.7873,49.7873,52.3704,25.8502,167.274,167.274,221.8431,92.822
346,cnn,baseline,jetson_emulator,20,offload,0.5,60.4931,49.4183,49.4183,50.9773,25.8887,167.274,167.274,221.9955,92.7517
347,cnn,baseline,jetson_emulator,20,offload,0.5,59.4851,48.9505,48.9505,51.1284,25.9377,167.274,167.274,222.1478,92.8489
348,cnn,baseline,jetson_emulator,20,local,0.5,59.3868,49.4825,59.3868,61.7902,24.8871,167.274,167.274,223.6182,92.7778
349,cnn,baseline,jetson_emulator,20,local,0.5,59.455,49.5962,59.455,61.6318,24.8806,167.274,167.274,223.7714,92.6971
350,cnn,baseline,jetson_emulator,20,local,0.5,59.2847,49.5388,59.2847,60.7026,24.897,167.274,167.274,223.9247,92.8097
351,cnn,baseline,jetson_emulator,20,offload,0.5,60.6109,49.7725,49.7725,51.6582,25.8517,167.274,167.274,222.7572,92.8857
352,cnn,baseline,jetson_emulator,20,local,0.5,60.0586,49.4078,60.0586,61.5335,24.8224,167.274,167.274,224.2312,92.7654
353,cnn,baseline,jetson_emulator,20,offload,0.5,59.6315,49.2015,49.2015,50.9128,25.9114,167.274,167.274,223.062,92.7677
354,cnn,baseline,jetson_emulator,20,offload,0.5,59.5045,50.0271,50.0271,52.2281,25.8252,167.274,167.274,223.2143,92.8338
355,cnn,baseline,jetson_emulator,20,offload,0.5,59.8259,49.2624,49.2624,51.2284,25.905,167.274,167.274,223.3667,92.9118
356,cnn,baseline,jetson_emulator,20,local,0.5,60.8261,49.8945,60.8261,62.777,24.7489,167.274,167.274,224.8442,92.8302
357,cnn,baseline,jetson_emulator,20,offload,0.5,59.9825,49.7979,49.7979,51.8407,25.8491,167.274,167.274,223.6714,92.7502
358,cnn,baseline,jetson_emulator,20,local,0.5,60.9669,49.8669,60.9669,63.4371,24.7355,167.274,167.274,225.1507,92.7784
359,cnn,baseline,jetson_emulator,20,local,0.5,59.8826,49.717,59.8826,61.1872,24.8394,167.274,167.274,225.304,92.7282
360,cnn,baseline,jetson_emulator,20,offload,0.5,59.993,49.9804,49.9804,51.6063,25.8301,167.274,167.274,224.1284,92.8611
361,cnn,baseline,jetson_emulator,20,offload,0.5,60.1556,50.3905,50.3905,52.1174,25.7875,167.274,167.274,224.2808,92.8338
362,cnn,baseline,jetson_emulator,20,local,0.5,60.4656,51.5389,60.4656,62.7872,24.7834,167.274,167.274,225.7638,92.7891
363,cnn,baseline,jetson_emulator,20,offload,0.5,61.0584,50.5976,50.5976,51.6954,25.766,167.274,167.274,224.5855,92.9011
364,cnn,baseline,jetson_emulator,20,offload,0.5,60.6918,50.7468,50.7468,52.837,25.7506,167.274,167.274,224.7378,92.8073
365,cnn,baseline,jetson_emulator,20,local,0.5,60.5208,50.3087,60.5208,62.5637,24.7781,167.274,167.274,226.2235,92.7545
366,cnn,baseline,jetson_emulator,20,offload,0.5,60.7043,49.9355,49.9355,52.0301,25.8347,167.274,167.274,225.0425,92.7135
367,cnn,baseline,jetson_emulator,20,local,0.5,60.9012,50.0937,60.9012,62.4141,24.7417,167.274,167.274,226.53,92.7108
368,cnn,baseline,jetson_emulator,20,local,0.5,60.2108,50.6209,60.2108,62.171,24.8078,167.274,167.274,226.6833,92.8074
369,cnn,baseline,jetson_emulator,20,offload,0.5,61.6682,49.9843,49.9843,51.1712,25.8297,167.274,167.274,225.4996,92.8687
370,cnn,baseline,jetson_emulator,20,offload,0.5,60.8847,51.0682,51.0682,53.3618,25.7174,167.274,167.274,225.652,92.8251
371,cnn,baseline,jetson_emulator,20,offload,0.5,60.6515,50.4573,50.4573,52.2433,25.7806,167.274,167.274,225.8043,92.7966
372,cnn,baseline,jetson_emulator,20,offload,0.5,61.4386,50.7237,50.7237,52.0741,25.753,167.274,167.274,225.9567,92.8438
373,cnn,baseline,jetson_emulator,20,offload,0.5,60.6369,51.763,51.763,53.0204,25.6459,167.274,167.274,226.109,92.8175
374,cnn,baseline,jetson_emulator,20,offload,0.5,60.614,50.0231,50.0231,52.1365,25.8256,167.274,167.274,226.2614,92.7904
375,cnn,baseline,jetson_emulator,20,offload,0.5,60.762,50.7176,50.7176,52.1047,25.7536,167.274,167.274,226.4137,92.8853
376,cnn,baseline,jetson_emulator,20,offload,0.5,60.793,50.2763,50.2763,52.6061,25.7993,167.274,167.274,226.5661,92.8494
377,cnn,baseline,jetson_emulator,20,offload,0.5,60.541,50.8575,50.8575,53.6131,25.7391,167.274,167.274,226.7184,92.7437
378,cnn,baseline,jetson_emulator,20,local,0.5,60.8703,50.1543,60.8703,62.1982,24.7447,167.274,167.274,228.2159,92.8043
379,cnn,baseline,jetson_emulator,20,offload,0.5,60.6646,51.3902,51.3902,52.9052,25.6842,167.274,167.274,227.0231,92.8152
380,cnn,baseline,jetson_emulator,20,local,0.5,61.2194,50.7924,61.2194,62.9838,24.7114,167.274,167.274,228.5224,92.8926
381,cnn,baseline,jetson_emulator,20,offload,0.5,62.0171,50.4012,50.4012,51.9048,25.7864,167.274,167.274,227.3278,92.8305
382,cnn,baseline,jetson_emulator,20,local,0.5,61.3822,50.1496,61.3822,63.1515,24.6959,167.274,167.274,228.8289,92.8137
383,cnn,baseline,jetson_emulator,20,local,0.5,60.9803,50.8568,60.9803,63.0091,24.7342,167.274,167.274,228.9821,92.8253
384,cnn,baseline,jetson_emulator,20,offload,0.5,61.5155,50.6773,50.6773,52.9545,25.7578,167.274,167.274,227.7849,92.8166
385,cnn,baseline,jetson_emulator,20,local,0.5,61.0803,50.697,61.0803,62.3155,24.7246,167.274,167.274,229.2887,92.778
386,cnn,baseline,jetson_emulator,20,offload,0.5,61.1107,50.5669,50.5669,51.7799,25.7692,167.274,167.274,228.0896,92.93
387,cnn,baseline,jetson_emulator,20,local,0.5,60.8767,51.7612,60.8767,63.079,24.7441,167.274,167.274,229.5952,92.8779
388,cnn,baseline,jetson_emulator,20,offload,0.5,61.0106,51.2163,51.2163,53.4977,25.7021,167.274,167.274,228.3943,92.845
389,cnn,baseline,jetson_emulator,20,offload,0.5,61.246,51.9451,51.9451,54.2412,25.6273,167.274,167.274,228.5467,92.9026
390,cnn,baseline,jetson_emulator,20,local,0.5,61.6339,50.3182,61.6339,63.6576,24.672,167.274,167.274,230.0549,92.8185
391,cnn,baseline,jetson_emulator,20,offload,0.5,61.2005,50.4617,50.4617,52.8608,25.7801,167.274,167.274,228.8514,92.8069
392,cnn,baseline,jetson_emulator,20,offload,0.5,61.2815,50.4622,50.4622,52.2493,25.7801,167.274,167.274,229.0037,92.8168
393,cnn,baseline,jetson_emulator,20,local,0.5,60.8841,51.9339,60.8841,63.2943,24.7434,167.274,167.274,230.5147,92.7196
394,cnn,baseline,jetson_emulator,20,offload,0.5,60.9324,50.8293,50.8293,52.563,25.7421,167.274,167.274,229.3084,92.8332
395,cnn,baseline,jetson_emulator,20,local,0.5,61.0724,50.5181,61.0724,62.6515,24.7254,167.274,167.274,230.8212,92.9003
396,cnn,baseline,jetson_emulator,20,offload,0.5,61.2847,50.5962,50.5962,52.8562,25.7662,167.274,167.274,229.6131,92.8361
397,cnn,baseline,jetson_emulator,20,local,0.5,61.809,50.5673,61.809,63.9009,24.6554,167.274,167.274,231.1277,92.7397
398,cnn,baseline,jetson_emulator,20,local,0.5,61.3606,50.5835,61.3606,63.3953,24.698,167.274,167.274,231.281,92.727
399,cnn,baseline,jetson_emulator,20,offload,0.5,61.5982,50.3911,50.3911,51.7017,25.7874,167.274,167.274,230.0702,92.8975
400,cnn,baseline,jetson_emulator,20,local,0.5,61.4466,51.1338,61.4466,63.1535,24.6898,167.274,167.274,231.5875,92.772
401,cnn,baseline,jetson_emulator,20,offload,0.5,62.3586,50.5434,50.5434,52.1847,25.7716,167.274,167.274,230.3749,92.7511
402,cnn,baseline,jetson_emulator,20,offload,0.5,61.0761,50.8103,50.8103,52.3388,25.744,167.274,167.274,230.5273,92.7935
403,cnn,baseline,jetson_emulator,20,offload,0.5,61.1875,50.6256,50.6256,51.8038,25.7631,167.274,167.274,230.6796,92.7344
404,cnn,baseline,jetson_emulator,20,local,0.5,61.6113,50.561,61.6113,64.1575,24.6741,167.274,167.274,232.2005,92.7863
405,cnn,baseline,jetson_emulator,20,offload,0.5,60.9709,50.5511,50.5511,51.9227,25.7708,167.274,167.274,230.9843,92.7255
406,cnn,baseline,jetson_emulator,20,local,0.5,61.8756,51.094,61.8756,63.052,24.6491,167.274,167.274,232.507,92.8236
407,cnn,baseline,jetson_emulator,20,local,0.5,61.0442,51.4853,61.0442,62.9915,24.7281,167.274,167.274,232.6603,92.7566
408,cnn,baseline,jetson_emulator,20,offload,0.5,61.965,50.7837,50.7837,53.2609,25.7468,167.274,167.274,231.4414,92.6788
409,cnn,baseline,jetson_emulator,20,offload,0.5,61.5526,51.0946,51.0946,52.7183,25.7147,167.274,167.274,231.5937,92.776
410,cnn,baseline,jetson_emulator,20,local,0.5,62.1817,50.5569,62.1817,63.554,24.6201,167.274,167.274,233.1201,92.8168
411,cnn,baseline,jetson_emulator,20,offload,0.5,61.1455,50.9688,50.9688,52.0301,25.7277,167.274,167.274,231.8984,92.803
412,cnn,baseline,jetson_emulator,20,offload,0.5,61.2008,50.4714,50.4714,53.3077,25.7791,167.274,167.274,232.0508,92.7515
413,cnn,baseline,jetson_emulator,20,offload,0.5,61.9193,51.3419,51.3419,52.7469,25.6892,167.274,167.274,232.2031,92.7826
414,cnn,baseline,jetson_emulator,20,offload,0.5,61.2575,50.4726,50.4726,51.3171,25.779,167.274,167.274,232.3555,92.8166
415,cnn,baseline,jetson_emulator,20,offload,0.5,60.9188,50.4953,50.4953,52.6218,25.7766,167.274,167.274,232.5078,92.7646
416,cnn,baseline,jetson_emulator,20,offload,0.5,61.3019,51.3332,51.3332,53.6295,25.6901,167.274,167.274,232.6602,92.7789
417,cnn,baseline,jetson_emulator,20,local,0.5,60.9016,50.3925,60.9016,63.5083,24.7417,167.274,167.274,234.1929,92.8156
418,cnn,baseline,jetson_emulator,20,offload,0.5,61.1194,50.3827,50.3827,52.2935,25.7883,167.274,167.274,232.9649,92.8221
419,cnn,baseline,jetson_emulator,20,offload,0.5,61.2731,51.6772,51.6772,53.2962,25.6547,167.274,167.274,233.1173,92.7521
420,cnn,baseline,jetson_emulator,20,local,0.5,61.1512,51.3968,61.1512,64.0004,24.7179,167.274,167.274,234.6526,92.7178
421,cnn,baseline,jetson_emulator,20,offload,0.5,61.591,50.676,50.676,52.1891,25.7579,167.274,167.274,233.422,92.8286
422,cnn,baseline,jetson_emulator,20,local,0.5,61.2426,50.4189,61.2426,63.1956,24.7092,167.274,167.274,234.9591,92.7637
423,cnn,baseline,jetson_emulator,20,offload,0.5,61.8993,50.4653,50.4653,51.9146,25.7797,167.274,167.274,233.7267,92.8839
424,cnn,baseline,jetson_emulator,20,offload,0.5,61.1963,50.5424,50.5424,52.0314,25.7717,167.274,167.274,233.879,92.8398
425,cnn,baseline,jetson_emulator,20,offload,0.5,61.0172,50.4185,50.4185,51.1542,25.7846,167.274,167.274,234.0314,92.816
426,cnn,baseline,jetson_emulator,20,local,0.5,61.7094,50.3183,61.7094,63.4953,24.6648,167.274,167.274,235.5722,92.8552
427,cnn,baseline,jetson_emulator,20,local,0.5,61.172,50.4307,61.172,63.2875,24.7159,167.274,167.274,235.7254,92.782
428,cnn,baseline,jetson_emulator,20,local,0.5,61.239,51.0592,61.239,62.7368,24.7095,167.274,167.274,235.8787,92.776
429,cnn,baseline,jetson_emulator,20,offload,0.5,60.9554,50.398,50.398,52.7047,25.7867,167.274,167.274,234.6408,92.7413
430,cnn,baseline,jetson_emulator,20,offload,0.5,62.3081,50.7902,50.7902,51.2621,25.7461,167.274,167.274,234.7931,92.8106
431,cnn,baseline,jetson_emulator,20,local,0.5,61.3472,51.1584,61.3472,63.4205,24.6992,167.274,167.274,236.3385,92.7906
432,cnn,baseline,jetson_emulator,20,local,0.5,61.3147,50.6804,61.3147,63.2088,24.7023,167.274,167.274,236.4917,92.7131
433,cnn,baseline,jetson_emulator,20,local,0.5,61.4541,51.5282,61.4541,63.5588,24.6891,167.274,167.274,236.645,92.83
434,cnn,baseline,jetson_emulator,20,offload,0.5,61.5226,50.3362,50.3362,52.072,25.7931,167.274,167.274,235.4026,92.9087
435,cnn,baseline,jetson_emulator,20,offload,0.5,61.035,50.8394,50.8394,52.5251,25.741,167.274,167.274,235.5549,92.8598
436,cnn,baseline,jetson_emulator,20,offload,0.5,61.0192,51.0948,51.0948,52.79,25.7147,167.274,167.274,235.7073,92.8045
437,cnn,baseline,jetson_emulator,20,local,0.5,61.1074,50.4945,61.1074,64.0113,24.7221,167.274,167.274,237.258,92.803
438,cnn,baseline,jetson_emulator,20,local,0.5,61.0193,50.9783,61.0193,62.1342,24.7305,167.274,167.274,237.4113,92.7592
439,cnn,baseline,jetson_emulator,20,offload,0.5,61.3554,50.7209,50.7209,51.7879,25.7533,167.274,167.274,236.1643,92.8239
440,cnn,baseline,jetson_emulator,20,local,0.5,61.4452,50.7988,61.4452,62.8565,24.6899,167.274,167.274,237.7178,92.8155
441,cnn,baseline,jetson_emulator,20,offload,0.5,60.9383,50.7695,50.7695,51.9775,25.7482,167.274,167.274,236.469,92.826
442,cnn,baseline,jetson_emulator,20,local,0.5,61.0643,50.9919,61.0643,62.8789,24.7262,167.274,167.274,238.0243,92.7567
443,cnn,baseline,jetson_emulator,20,offload,0.5,61.6959,50.8444,50.8444,53.0691,25.7405,167.274,167.274,236.7737,92.8952
444,cnn,baseline,jetson_emulator,20,local,0.5,61.7017,50.3145,61.7017,63.565,24.6656,167.274,167.274,238.3308,92.7903
445,cnn,baseline,jetson_emulator,20,offload,0.5,61.108,50.924,50.924,52.8968,25.7323,167.274,167.274,237.0784,92.8069
446,cnn,baseline,jetson_emulator,20,local,0.5,61.0499,50.7365,61.0499,62.6649,24.7276,167.274,167.274,238.6373,92.8736
447,cnn,baseline,jetson_emulator,20,offload,0.5,61.245,50.6339,50.6339,52.6519,25.7623,167.274,167.274,237.3832,92.8268
448,cnn,baseline,jetson_emulator,20,offload,0.5,60.9336,50.1878,50.1878,52.0832,25.8085,167.274,167.274,237.5355,92.714
449,cnn,baseline,jetson_emulator,20,offload,0.5,61.221,50.5063,50.5063,52.4359,25.7755,167.274,167.274,237.6879,92.7777
450,cnn,baseline,jetson_emulator,20,offload,0.5,60.8457,51.1097,51.1097,52.2521,25.7131,167.274,167.274,237.8402,92.8576
451,cnn,baseline,jetson_emulator,20,offload,0.5,60.9262,51.5623,51.5623,53.5549,25.6665,167.274,167.274,237.9926,92.8195
452,cnn,baseline,jetson_emulator,20,local,0.5,60.84,51.6569,60.84,63.082,24.7476,167.274,167.274,239.5568,92.8069
453,cnn,baseline,jetson_emulator,20,local,0.5,60.8025,50.5177,60.8025,61.7359,24.7512,167.274,167.274,239.7101,92.846
454,cnn,baseline,jetson_emulator,20,local,0.5,60.9701,50.4278,60.9701,61.9706,24.7352,167.274,167.274,239.8634,92.8727
455,cnn,baseline,jetson_emulator,20,offload,0.5,61.5083,51.2658,51.2658,52.0156,25.697,167.274,167.274,238.602,92.8723
456,cnn,baseline,jetson_emulator,20,local,0.5,60.8815,50.3784,60.8815,63.2715,24.7436,167.274,167.274,240.1699,92.7556
457,cnn,baseline,jetson_emulator,20,local,0.5,61.083,50.3093,61.083,62.7869,24.7244,167.274,167.274,240.3231,92.8088
458,cnn,baseline,jetson_emulator,20,local,0.5,60.8485,50.6718,60.8485,61.7781,24.7468,167.274,167.274,240.4764,92.7117
459,cnn,baseline,jetson_emulator,20,offload,0.5,60.7872,51.0259,51.0259,52.4253,25.7218,167.274,167.274,239.2114,92.805
460,cnn,baseline,jetson_emulator,20,local,0.5,60.8068,51.3885,60.8068,62.3519,24.7508,167.274,167.274,240.7829,92.8618
461,cnn,baseline,jetson_emulator,20,local,0.5,61.3058,50.8702,61.3058,63.4906,24.7032,167.274,167.274,240.9362,92.7804
462,cnn,baseline,jetson_emulator,20,local,0.5,61.3703,50.7559,61.3703,63.4893,24.697,167.274,167.274,241.0894,92.8643
463,cnn,baseline,jetson_emulator,20,local,0.5,60.9308,52.2704,60.9308,61.8706,24.7389,167.274,167.274,241.2427,92.875
464,cnn,baseline,jetson_emulator,20,offload,0.5,60.717,50.9035,50.9035,52.1544,25.7344,167.274,167.274,239.9732,92.8338
465,cnn,baseline,jetson_emulator,20,local,0.5,61.333,50.784,61.333,62.9467,24.7006,167.274,167.274,241.5492,92.7857
466,cnn,baseline,jetson_emulator,20,local,0.5,61.1032,50.3857,61.1032,62.4778,24.7225,167.274,167.274,241.7024,92.8861
467,cnn,baseline,jetson_emulator,20,local,0.5,60.9734,51.1523,60.9734,62.2529,24.7348,167.274,167.274,241.8557,92.7817
468,cnn,baseline,jetson_emulator,20,local,0.5,61.5859,50.2339,61.5859,63.0561,24.6766,167.274,167.274,242.0089,92.7505
469,cnn,baseline,jetson_emulator,20,offload,0.5,61.2604,50.3196,50.3196,52.0025,25.7948,167.274,167.274,240.7349,92.8061
470,cnn,baseline,jetson_emulator,20,offload,0.5,62.0481,51.3124,51.3124,53.3807,25.6922,167.274,167.274,240.8873,92.7602
471,cnn,baseline,jetson_emulator,20,local,0.5,61.3482,52.4392,61.3482,63.2983,24.6991,167.274,167.274,242.4687,92.8276
472,cnn,baseline,jetson_emulator,20,local,0.5,61.208,50.6936,61.208,62.6697,24.7125,167.274,167.274,242.622,92.7541
473,cnn,baseline,jetson_emulator,20,offload,0.5,61.0956,50.4718,50.4718,51.0733,25.7791,167.274,167.274,241.3443,92.7942
474,cnn,baseline,jetson_emulator,20,offload,0.5,61.9773,50.7805,50.7805,52.3991,25.7471,167.274,167.274,241.4967,92.8351
475,cnn,baseline,jetson_emulator,20,offload,0.5,61.8454,50.703,50.703,52.9134,25.7551,167.274,167.274,241.649,92.7329
476,cnn,baseline,jetson_emulator,20,local,0.5,61.1111,51.5726,61.1111,62.3315,24.7217,167.274,167.274,243.235,92.8793
477,cnn,baseline,jetson_emulator,20,offload,0.5,61.9018,50.5696,50.5696,52.5858,25.7689,167.274,167.274,241.9537,92.6935
478,cnn,baseline,jetson_emulator,20,local,0.5,61.6153,50.8151,61.6153,63.4143,24.6738,167.274,167.274,243.5415,92.8423
479,cnn,baseline,jetson_emulator,20,offload,0.5,61.4668,51.0942,51.0942,53.6402,25.7147,167.274,167.274,242.2585,92.7527
480,cnn,baseline,jetson_emulator,20,local,0.5,61.201,50.3924,61.201,62.626,24.7132,167.274,167.274,243.848,92.8017
481,cnn,baseline,jetson_emulator,20,offload,0.5,61.2725,51.1279,51.1279,53.1897,25.7112,167.274,167.274,242.5632,92.7695
482,cnn,baseline,jetson_emulator,20,offload,0.5,62.4256,51.8807,51.8807,53.9599,25.6339,167.274,167.274,242.7155,92.7325
483,cnn,baseline,jetson_emulator,20,offload,0.5,61.5473,50.765,50.765,53.1296,25.7487,167.274,167.274,242.8679,92.8158
484,cnn,baseline,jetson_emulator,20,local,0.5,61.9425,50.9061,61.9425,63.719,24.6427,167.274,167.274,244.461,92.7556
485,cnn,baseline,jetson_emulator,20,local,0.5,61.7316,50.5367,61.7316,63.4434,24.6627,167.274,167.274,244.6143,92.8355
486,cnn,baseline,jetson_emulator,20,offload,0.5,62.4521,51.6038,51.6038,53.7488,25.6623,167.274,167.274,243.3249,92.776
487,cnn,baseline,jetson_emulator,20,offload,0.5,61.606,50.7696,50.7696,52.7708,25.7482,167.274,167.274,243.4773,92.7911
488,cnn,baseline,jetson_emulator,20,local,0.5,61.2047,50.9157,61.2047,63.0038,24.7128,167.274,167.274,245.0741,92.8084
489,cnn,baseline,jetson_emulator,20,offload,0.5,61.3383,51.7999,51.7999,54.1428,25.6421,167.274,167.274,243.782,92.727
490,cnn,baseline,jetson_emulator,20,local,0.5,62.5221,51.4387,62.5221,65.358,24.588,167.274,167.274,245.3806,92.7491
491,cnn,baseline,jetson_emulator,20,local,0.5,61.501,51.0293,61.501,63.4056,24.6846,167.274,167.274,245.5338,92.8597
492,cnn,baseline,jetson_emulator,20,local,0.5,61.7106,51.1058,61.7106,63.2198,24.6647,167.274,167.274,245.6871,92.8672
493,cnn,baseline,jetson_emulator,20,offload,0.5,61.4246,50.7623,50.7623,52.9104,25.749,167.274,167.274,244.3914,92.8004
494,cnn,baseline,jetson_emulator,20,offload,0.5,62.0403,50.7933,50.7933,52.8758,25.7458,167.274,167.274,244.5437,92.8949
495,cnn,baseline,jetson_emulator,20,local,0.5,61.569,51.4839,61.569,63.6518,24.6782,167.274,167.274,246.1469,92.6277
496,cnn,baseline,jetson_emulator,20,offload,0.5,61.9818,50.9801,50.9801,52.9826,25.7265,167.274,167.274,244.8485,92.6648
497,cnn,baseline,jetson_emulator,20,offload,0.5,61.7672,53.509,53.509,55.728,25.4681,167.274,167.274,245.0008,92.8308
498,cnn,baseline,jetson_emulator,20,offload,0.5,62.1848,51.2087,51.2087,52.5444,25.7029,167.274,167.274,245.1532,92.8688
499,cnn,baseline,jetson_emulator,20,offload,0.5,61.649,52.0602,52.0602,55.0882,25.6155,167.274,167.274,245.3055,92.812
500,cnn,baseline,jetson_emulator,20,offload,0.5,62.039,51.4154,51.4154,53.0446,25.6816,167.274,167.274,245.4579,92.7575
501,cnn,baseline,jetson_emulator,20,offload,0.5,61.8121,51.5531,51.5531,54.1407,25.6675,167.274,167.274,245.6102,92.7148
502,cnn,baseline,jetson_emulator,20,local,0.5,61.9584,51.1206,61.9584,63.6529,24.6412,167.274,167.274,247.2197,92.6299
503,cnn,baseline,jetson_emulator,20,offload,0.5,62.0776,51.4962,51.4962,54.311,25.6733,167.274,167.274,245.9149,92.8563
504,cnn,baseline,jetson_emulator,20,offload,0.5,61.9743,51.6019,51.6019,53.6827,25.6625,167.274,167.274,246.0673,92.7278
505,cnn,baseline,jetson_emulator,20,local,0.5,63.1457,51.5619,63.1457,64.8184,24.5293,167.274,167.274,247.6794,92.8447
506,cnn,baseline,jetson_emulator,20,local,0.5,62.2439,52.0602,62.2439,63.5351,24.6142,167.274,167.274,247.8327,92.9102
507,cnn,baseline,jetson_emulator,20,local,0.5,62.1067,52.1615,62.1067,64.2383,24.6272,167.274,167.274,247.9859,92.8068
508,cnn,baseline,jetson_emulator,20,offload,0.5,62.6223,53.3831,53.3831,55.0298,25.4808,167.274,167.274,246.6767,92.7634
509,cnn,baseline,jetson_emulator,20,offload,0.5,62.5628,51.7852,51.7852,53.0926,25.6437,167.274,167.274,246.829,92.7963
510,cnn,baseline,jetson_emulator,20,local,0.5,62.4194,51.4613,62.4194,63.9647,24.5977,167.274,167.274,248.4457,92.8533
511,cnn,baseline,jetson_emulator,20,local,0.5,62.6161,51.6562,62.6161,64.4914,24.5791,167.274,167.274,248.599,92.8292
512,cnn,baseline,jetson_emulator,20,local,0.5,62.3552,51.5469,62.3552,63.5514,24.6037,167.274,167.274,248.7522,92.7912
513,cnn,baseline,jetson_emulator,20,local,0.5,63.6235,51.6123,63.6235,65.093,24.4846,167.274,167.274,248.9055,92.8299
514,cnn,baseline,jetson_emulator,20,offload,0.5,62.6715,51.9388,51.9388,54.412,25.6279,167.274,167.274,247.5908,92.7684
515,cnn,baseline,jetson_emulator,20,local,0.5,62.6333,51.842,62.6333,64.3587,24.5775,167.274,167.274,249.212,92.8249
516,cnn,baseline,jetson_emulator,20,local,0.5,63.7114,52.3058,63.7114,66.0052,24.4764,167.274,167.274,249.3653,92.7835
517,cnn,baseline,jetson_emulator,20,local,0.5,63.1619,52.1351,63.1619,65.1856,24.5278,167.274,167.274,249.5185,92.7644
518,cnn,baseline,jetson_emulator,20,offload,0.5,63.4174,52.0843,52.0843,53.2545,25.613,167.274,167.274,248.2002,92.8819
519,cnn,baseline,jetson_emulator,20,local,0.5,63.1507,52.7625,63.1507,65.2199,24.5289,167.274,167.274,249.825,92.7464
520,cnn,baseline,jetson_emulator,20,offload,0.5,63.0272,53.3543,53.3543,55.6229,25.4838,167.274,167.274,248.5049,92.822
521,cnn,baseline,jetson_emulator,20,offload,0.5,63.1897,52.9836,52.9836,55.4974,25.5214,167.274,167.274,248.6573,92.7246
522,cnn,baseline,jetson_emulator,20,offload,0.5,63.4028,52.392,52.392,54.4227,25.5816,167.274,167.274,248.8096,92.7622
523,cnn,baseline,jetson_emulator,20,offload,0.5,63.7283,52.5247,52.5247,54.3445,25.5681,167.274,167.274,248.962,92.8343
524,cnn,baseline,jetson_emulator,20,local,0.5,63.4586,53.6079,63.4586,65.2984,24.5,167.274,167.274,250.5913,92.7745
525,cnn,baseline,jetson_emulator,20,local,0.5,64.0794,52.5744,64.0794,65.6314,24.442,167.274,167.274,250.7446,92.8325
526,cnn,baseline,jetson_emulator,20,offload,0.5,63.4079,53.8949,53.8949,55.4442,25.4291,167.274,167.274,249.419,92.7337
527,cnn,baseline,jetson_emulator,20,local,0.5,63.5164,53.1874,63.5164,65.4625,24.4946,167.274,167.274,251.0511,92.7629
528,cnn,baseline,jetson_emulator,20,offload,0.5,63.9185,53.1933,53.1933,54.6471,25.5001,167.274,167.274,249.7238,92.7436
529,cnn,baseline,jetson_emulator,20,local,0.5,63.7093,52.8656,63.7093,65.3508,24.4766,167.274,167.274,251.3576,92.8772
530,cnn,baseline,jetson_emulator,20,local,0.5,64.2296,53.2669,64.2296,66.7545,24.428,167.274,167.274,251.5108,92.8469
531,cnn,baseline,jetson_emulator,20,offload,0.5,64.3851,53.0221,53.0221,54.858,25.5174,167.274,167.274,250.1808,92.8152
532,cnn,baseline,jetson_emulator,20,local,0.5,63.9228,53.6881,63.9228,65.5307,24.4566,167.274,167.274,251.8174,92.7595
533,cnn,baseline,jetson_emulator,20,local,0.5,64.2371,53.7747,64.2371,65.6694,24.4273,167.274,167.274,251.9706,92.8185
534,cnn,baseline,jetson_emulator,20,offload,0.5,64.3162,53.185,53.185,55.6905,25.5009,167.274,167.274,250.6379,92.8261
535,cnn,baseline,jetson_emulator,20,local,0.5,65.3888,53.9244,65.3888,66.8418,24.3206,167.274,167.274,252.2771,92.761
536,cnn,baseline,jetson_emulator,20,offload,0.5,64.3088,54.1024,54.1024,56.4871,25.4082,167.274,167.274,250.9426,92.8238
537,cnn,baseline,jetson_emulator,20,local,0.5,65.2117,54.1485,65.2117,66.9473,24.337,167.274,167.274,252.5836,92.8777
538,cnn,baseline,jetson_emulator,20,offload,0.5,65.0093,54.7473,54.7473,55.7887,25.3435,167.274,167.274,251.2473,92.7782
539,cnn,baseline,jetson_emulator,20,offload,0.5,64.6651,53.3265,53.3265,54.7924,25.4866,167.274,167.274,251.3996,92.8273
540,cnn,baseline,jetson_emulator,20,local,0.5,64.7091,55.1054,64.7091,67.0285,24.3835,167.274,167.274,253.0434,92.8567
541,cnn,baseline,jetson_emulator,20,offload,0.5,65.0855,54.8507,54.8507,56.2055,25.3331,167.274,167.274,251.7043,92.7776
542,cnn,baseline,jetson_emulator,20,offload,0.5,65.5319,53.6829,53.6829,56.1687,25.4505,167.274,167.274,251.8567,92.8538
543,cnn,baseline,jetson_emulator,20,offload,0.5,65.7044,54.3914,54.3914,56.3938,25.3792,167.274,167.274,252.0091,92.7621
544,cnn,baseline,jetson_emulator,20,local,0.5,65.3042,53.8678,65.3042,66.9396,24.3285,167.274,167.274,253.6564,92.776
545,cnn,baseline,jetson_emulator,20,local,0.5,65.3209,53.9571,65.3209,67.6652,24.3269,167.274,167.274,253.8097,92.8515
546,cnn,baseline,jetson_emulator,20,local,0.5,65.3501,54.8264,65.3501,67.0987,24.3242,167.274,167.274,253.9629,92.8273
547,cnn,baseline,jetson_emulator,20,offload,0.5,65.2599,54.071,54.071,56.3114,25.4114,167.274,167.274,252.6185,92.7735
548,cnn,baseline,jetson_emulator,20,local,0.5,65.4373,54.0697,65.4373,67.5837,24.3162,167.274,167.274,254.2695,92.8667
549,cnn,baseline,jetson_emulator,20,offload,0.5,66.3721,54.7504,54.7504,56.2293,25.3432,167.274,167.274,252.9232,92.7453
550,cnn,baseline,jetson_emulator,20,offload,0.5,65.4748,54.1439,54.1439,56.0654,25.404,167.274,167.274,253.0755,92.7607
551,cnn,baseline,jetson_emulator,20,offload,0.5,66.2658,55.7067,55.7067,56.9978,25.2477,167.274,167.274,253.2279,92.8082
552,cnn,baseline,jetson_emulator,20,offload,0.5,66.0045,57.4437,57.4437,58.8915,25.0763,167.274,167.274,253.3802,92.8201
553,cnn,baseline,jetson_emulator,20,offload,0.5,66.6587,54.4738,54.4738,56.7282,25.3709,167.274,167.274,253.5326,92.7739
554,cnn,baseline,jetson_emulator,20,local,0.5,66.3593,54.6692,66.3593,67.6315,24.2315,167.274,167.274,255.189,92.7658
555,cnn,baseline,jetson_emulator,20,local,0.5,66.3868,55.5841,66.3868,68.2213,24.2289,167.274,167.274,255.3423,92.8067
556,cnn,baseline,jetson_emulator,20,local,0.5,66.2597,55.4894,66.2597,68.9987,24.2406,167.274,167.274,255.4955,92.7995
557,cnn,baseline,jetson_emulator,20,local,0.5,66.8831,55.1852,66.8831,69.142,24.1836,167.274,167.274,255.6488,92.7901
558,cnn,baseline,jetson_emulator,20,local,0.5,66.753,55.8001,66.753,68.4618,24.1955,167.274,167.274,255.802,92.786
559,cnn,baseline,jetson_emulator,20,local,0.5,67.2443,55.0919,67.2443,69.4276,24.1507,167.274,167.274,255.9553,92.884
560,cnn,baseline,jetson_emulator,20,local,0.5,67.284,55.6558,67.284,69.3504,24.1471,167.274,167.274,256.1085,92.8228
561,cnn,baseline,jetson_emulator,20,local,0.5,67.0042,55.0726,67.0042,67.7817,24.1726,167.274,167.274,256.2618,92.8222
562,cnn,baseline,jetson_emulator,20,offload,0.5,66.9956,55.5772,55.5772,57.0841,25.2606,167.274,167.274,254.9038,92.7907
563,cnn,baseline,jetson_emulator,20,local,0.5,66.781,55.4243,66.781,68.2467,24.1929,167.274,167.274,256.5683,92.7788
564,cnn,baseline,jetson_emulator,20,local,0.5,67.1421,55.4802,67.1421,69.092,24.16,167.274,167.274,256.7216,92.8238
565,cnn,baseline,jetson_emulator,20,local,0.5,66.9523,55.6128,66.9523,67.7415,24.1773,167.274,167.274,256.8748,92.8161
566,cnn,baseline,jetson_emulator,20,local,0.5,67.4828,55.4788,67.4828,69.4139,24.129,167.274,167.274,257.0281,92.7664
567,cnn,baseline,jetson_emulator,20,local,0.5,67.6783,57.0833,67.6783,69.5369,24.1113,167.274,167.274,257.1813,92.827
568,cnn,baseline,jetson_emulator,20,offload,0.5,67.6989,57.7357,57.7357,58.9475,25.0476,167.274,167.274,255.8179,92.7276
569,cnn,baseline,jetson_emulator,20,offload,0.5,67.4733,55.6826,55.6826,56.4688,25.2501,167.274,167.274,255.9702,92.8672
570,cnn,baseline,jetson_emulator,20,offload,0.5,67.7994,56.7592,56.7592,57.5637,25.1435,167.274,167.274,256.1226,92.7981
571,cnn,baseline,jetson_emulator,20,local,0.5,68.1528,56.2547,68.1528,69.7176,24.0684,167.274,167.274,257.7944,92.7743
572,cnn,baseline,jetson_emulator,20,local,0.5,68.1313,55.9944,68.1313,70.2694,24.0703,167.274,167.274,257.9476,92.7909
573,cnn,baseline,jetson_emulator,20,local,0.5,68.2448,56.1979,68.2448,69.0176,24.06,167.274,167.274,258.1009,92.7986
574,cnn,baseline,jetson_emulator,20,offload,0.5,68.6788,56.4917,56.4917,58.845,25.17,167.274,167.274,256.732,92.7834
575,cnn,baseline,jetson_emulator,20,local,0.5,68.1375,57.5573,68.1375,70.5626,24.0697,167.274,167.274,258.4074,92.8349
576,cnn,baseline,jetson_emulator,20,local,0.5,68.0217,57.698,68.0217,70.248,24.0802,167.274,167.274,258.5606,92.7876
577,cnn,baseline,jetson_emulator,20,offload,0.5,68.284,57.0025,57.0025,58.8997,25.1196,167.274,167.274,257.1891,92.8005
578,cnn,baseline,jetson_emulator,20,offload,0.5,68.978,56.6354,56.6354,58.2111,25.1558,167.274,167.274,257.3414,92.8679
579,cnn,baseline,jetson_emulator,20,local,0.5,68.6926,57.908,68.6926,70.7189,24.0197,167.274,167.274,259.0204,92.7551
580,cnn,baseline,jetson_emulator,20,offload,0.5,68.384,58.0914,58.0914,59.7993,25.0129,167.274,167.274,257.6461,92.8396
581,cnn,baseline,jetson_emulator,20,local,0.5,68.9007,57.1589,68.9007,70.3269,24.001,167.274,167.274,259.3269,92.819
582,cnn,baseline,jetson_emulator,20,local,0.5,68.7679,57.0557,68.7679,70.6994,24.0129,167.274,167.274,259.4802,92.8741
583,cnn,baseline,jetson_emulator,20,offload,0.5,69.2746,56.9187,56.9187,58.7276,25.1278,167.274,167.274,258.1032,92.8969
584,cnn,baseline,jetson_emulator,20,local,0.5,68.7568,58.14,68.7568,70.7417,24.0139,167.274,167.274,259.7867,92.8207
585,cnn,baseline,jetson_emulator,20,offload,0.5,69.3235,56.8895,56.8895,57.9643,25.1307,167.274,167.274,258.4079,92.8705
586,cnn,baseline,jetson_emulator,20,local,0.5,69.1164,57.6486,69.1164,70.3973,23.9816,167.274,167.274,260.0932,92.8281
587,cnn,baseline,jetson_emulator,20,offload,0.5,69.4146,57.0354,57.0354,58.6648,25.1164,167.274,167.274,258.7126,92.782
588,cnn,baseline,jetson_emulator,20,local,0.5,70.1228,57.4232,70.1228,71.8168,23.8917,167.274,167.274,260.3997,92.76
589,cnn,baseline,jetson_emulator,20,offload,0.5,69.8937,57.7246,57.7246,59.5175,25.0487,167.274,167.274,259.0173,92.8764
590,cnn,baseline,jetson_emulator,20,offload,0.5,69.5708,57.3475,57.3475,59.4619,25.0857,167.274,167.274,259.1697,92.7696
591,cnn,baseline,jetson_emulator,20,offload,0.5,70.272,57.922,57.922,59.9902,25.0294,167.274,167.274,259.322,92.8661
592,cnn,baseline,jetson_emulator,20,local,0.5,69.9313,57.7367,69.9313,71.5747,23.9088,167.274,167.274,261.0127,92.8737
593,cnn,baseline,jetson_emulator,20,local,0.5,69.9687,57.7472,69.9687,71.9522,23.9054,167.274,167.274,261.166,92.8031
594,cnn,baseline,jetson_emulator,20,offload,0.5,69.5933,57.511,57.511,59.1573,25.0696,167.274,167.274,259.7791,92.7915
595,cnn,baseline,jetson_emulator,20,offload,0.5,70.6013,57.9815,57.9815,60.1258,25.0236,167.274,167.274,259.9314,92.7868
596,cnn,baseline,jetson_emulator,20,local,0.5,70.2359,58.3661,70.2359,71.8783,23.8816,167.274,167.274,261.6258,92.7929
597,cnn,baseline,jetson_emulator,20,local,0.5,70.2835,57.8818,70.2835,71.4836,23.8774,167.274,167.274,261.779,92.8752
598,cnn,baseline,jetson_emulator,20,offload,0.5,69.9405,58.3755,58.3755,59.9686,24.9852,167.274,167.274,260.3885,92.7617
599,cnn,baseline,jetson_emulator,20,offload,0.5,70.2678,58.5222,58.5222,59.4119,24.9709,167.274,167.274,260.5408,92.7511
600,cnn,baseline,jetson_emulator,20,local,0.5,70.7715,59.2116,70.7715,72.1848,23.8341,167.274,167.274,262.2388,92.7448
601,cnn,baseline,jetson_emulator,20,offload,0.5,70.7386,57.9667,57.9667,60.0354,25.0251,167.274,167.274,260.8455,92.8688
602,cnn,baseline,jetson_emulator,20,local,0.5,70.3381,58.2282,70.3381,71.8875,23.8726,167.274,167.274,262.5453,92.8274
603,cnn,baseline,jetson_emulator,20,offload,0.5,70.2962,58.2547,58.2547,60.3138,24.997,167.274,167.274,261.1502,92.7794
604,cnn,baseline,jetson_emulator,20,offload,0.5,70.4144,59.4614,59.4614,61.6371,24.8799,167.274,167.274,261.3026,92.8484
605,cnn,baseline,jetson_emulator,20,offload,0.5,71.5224,58.5703,58.5703,59.8234,24.9663,167.274,167.274,261.4549,92.7836
606,cnn,baseline,jetson_emulator,20,offload,0.5,70.5438,59.0139,59.0139,61.1658,24.9232,167.274,167.274,261.6073,92.8206
607,cnn,baseline,jetson_emulator,20,offload,0.5,70.8361,59.1521,59.1521,60.8554,24.9098,167.274,167.274,261.7597,92.8267
608,cnn,baseline,jetson_emulator,20,local,0.5,70.6887,58.4665,70.6887,72.2273,23.8414,167.274,167.274,263.4648,92.8582
609,cnn,baseline,jetson_emulator,20,local,0.5,70.6424,58.3753,70.6424,72.3321,23.8455,167.274,167.274,263.6181,92.9391
610,cnn,baseline,jetson_emulator,20,local,0.5,71.1673,58.9728,71.1673,72.63,23.7991,167.274,167.274,263.7714,92.8082
611,cnn,baseline,jetson_emulator,20,offload,0.5,71.1038,59.5229,59.5229,60.588,24.874,167.274,167.274,262.3691,92.8075
612,cnn,baseline,jetson_emulator,20,local,0.5,71.6203,59.4942,71.6203,73.1644,23.7591,167.274,167.274,264.0779,92.8037
613,cnn,baseline,jetson_emulator,20,local,0.5,71.051,59.9116,71.051,72.93,23.8094,167.274,167.274,264.2311,92.8003
614,cnn,baseline,jetson_emulator,20,offload,0.5,72.0296,58.716,58.716,59.9158,24.9521,167.274,167.274,262.8261,92.7353
615,cnn,baseline,jetson_emulator,20,local,0.5,70.989,59.7168,70.989,72.8681,23.8148,167.274,167.274,264.5376,92.7841
616,cnn,baseline,jetson_emulator,20,offload,0.5,71.2681,59.7845,59.7845,60.8345,24.8488,167.274,167.274,263.1308,92.7307
617,cnn,baseline,jetson_emulator,20,local,0.5,72.2633,59.036,72.2633,74.491,23.7027,167.274,167.274,264.8442,92.6826
618,cnn,baseline,jetson_emulator,20,local,0.5,71.9939,60.0915,71.9939,73.3779,23.7263,167.274,167.274,264.9974,92.7961
619,cnn,baseline,jetson_emulator,20,offload,0.5,71.2734,58.8213,58.8213,60.0926,24.9419,167.274,167.274,263.5879,92.8174
620,cnn,baseline,jetson_emulator,20,local,0.5,71.8556,59.4338,71.8556,73.8574,23.7384,167.274,167.274,265.3039,92.8375
621,cnn,baseline,jetson_emulator,20,offload,0.5,71.4775,59.4288,59.4288,61.4007,24.8831,167.274,167.274,263.8926,92.7628
622,cnn,baseline,jetson_emulator,20,local,0.5,71.4961,58.988,71.4961,73.8214,23.7701,167.274,167.274,265.6104,92.8288
623,cnn,baseline,jetson_emulator,20,offload,0.5,72.5316,58.9846,58.9846,61.16,24.9261,167.274,167.274,264.1973,92.7844
624,cnn,baseline,jetson_emulator,20,offload,0.5,71.3359,59.5811,59.5811,61.7618,24.8684,167.274,167.274,264.3497,92.8224
625,cnn,baseline,jetson_emulator,20,offload,0.5,72.6631,59.172,59.172,61.9789,24.9079,167.274,167.274,264.502,92.8052
626,cnn,baseline,jetson_emulator,20,local,0.5,71.6582,59.1488,71.6582,73.0148,23.7558,167.274,167.274,266.2235,92.8241
627,cnn,baseline,jetson_emulator,20,local,0.5,72.1826,60.1846,72.1826,74.552,23.7098,167.274,167.274,266.3767,92.7847
628,cnn,baseline,jetson_emulator,20,offload,0.5,72.298,59.0985,59.0985,60.5656,24.915,167.274,167.274,264.9591,92.8921
629,cnn,baseline,jetson_emulator,20,local,0.5,73.0962,59.1111,73.0962,74.6364,23.6299,167.274,167.274,266.6832,92.8771
630,cnn,baseline,jetson_emulator,20,offload,0.5,71.9971,60.1028,60.1028,61.6294,24.8182,167.274,167.274,265.2638,92.8597
631,cnn,baseline,jetson_emulator,20,offload,0.5,71.8263,59.756,59.756,61.1302,24.8515,167.274,167.274,265.4161,92.7838
632,cnn,baseline,jetson_emulator,20,local,0.5,72.3327,60.0316,72.3327,74.4409,23.6966,167.274,167.274,267.143,92.8536
633,cnn,baseline,jetson_emulator,20,local,0.5,72.1145,59.4786,72.1145,73.4605,23.7157,167.274,167.274,267.2963,92.689
634,cnn,baseline,jetson_emulator,20,offload,0.5,72.1739,59.3893,59.3893,60.9219,24.8869,167.274,167.274,265.8732,92.8393
635,cnn,baseline,jetson_emulator,20,offload,0.5,72.1458,59.4132,59.4132,61.7387,24.8846,167.274,167.274,266.0255,92.9187
636,cnn,baseline,jetson_emulator,20,offload,0.5,71.8523,60.646,60.646,61.9955,24.7661,167.274,167.274,266.1779,92.7292
637,cnn,baseline,jetson_emulator,20,offload,0.5,73.313,60.119,60.119,62.4682,24.8166,167.274,167.274,266.3303,92.8527
638,cnn,baseline,jetson_emulator,20,local,0.5,72.1853,59.7846,72.1853,73.1158,23.7095,167.274,167.274,268.0625,92.7667
639,cnn,baseline,jetson_emulator,20,offload,0.5,72.4534,59.3373,59.3373,61.0878,24.8919,167.274,167.274,266.635,92.813
640,cnn,baseline,jetson_emulator,20,local,0.5,72.5088,59.8248,72.5088,74.2888,23.6812,167.274,167.274,268.3691,92.8023
641,cnn,baseline,jetson_emulator,20,local,0.5,71.8421,60.5031,71.8421,73.6657,23.7396,167.274,167.274,268.5223,92.7899
642,cnn,baseline,jetson_emulator,20,local,0.5,72.3795,59.8497,72.3795,73.6225,23.6925,167.274,167.274,268.6756,92.8214
643,cnn,baseline,jetson_emulator,20,offload,0.5,73.0242,60.6789,60.6789,62.1761,24.763,167.274,167.274,267.2444,92.84
644,cnn,baseline,jetson_emulator,20,offload,0.5,72.422,59.8612,59.8612,61.793,24.8414,167.274,167.274,267.3967,92.8288
645,cnn,baseline,jetson_emulator,20,local,0.5,71.9864,59.8585,71.9864,74.4702,23.727,167.274,167.274,269.1353,92.9203
646,cnn,baseline,jetson_emulator,20,local,0.5,72.3948,59.3456,72.3948,74.0421,23.6912,167.274,167.274,269.2886,92.7861
647,cnn,baseline,jetson_emulator,20,offload,0.5,72.5712,60.5516,60.5516,61.8739,24.7752,167.274,167.274,267.8538,92.7024
648,cnn,baseline,jetson_emulator,20,offload,0.5,71.9758,60.7578,60.7578,63.47,24.7554,167.274,167.274,268.0061,92.8916
649,cnn,baseline,jetson_emulator,20,offload,0.5,71.9248,59.7885,59.7885,61.5135,24.8484,167.274,167.274,268.1585,92.6645
650,cnn,baseline,jetson_emulator,20,local,0.5,72.2597,59.9896,72.2597,73.4498,23.703,167.274,167.274,269.9016,92.7665
651,cnn,baseline,jetson_emulator,20,local,0.5,71.6931,60.3566,71.6931,73.7775,23.7527,167.274,167.274,270.0549,92.7684
652,cnn,baseline,jetson_emulator,20,local,0.5,71.7876,59.4866,71.7876,73.5238,23.7444,167.274,167.274,270.2081,92.7554
653,cnn,baseline,jetson_emulator,20,local,0.5,71.8481,59.9085,71.8481,74.5419,23.7391,167.274,167.274,270.3614,92.7278
654,cnn,baseline,jetson_emulator,20,local,0.5,71.8636,60.7616,71.8636,73.454,23.7378,167.274,167.274,270.5146,92.7541
655,cnn,baseline,jetson_emulator,20,local,0.5,72.6639,60.0588,72.6639,74.7888,23.6676,167.274,167.274,270.6679,92.7901
656,cnn,baseline,jetson_emulator,20,offload,0.5,71.9475,59.9373,59.9373,61.1494,24.8341,167.274,167.274,269.225,92.8001
657,cnn,baseline,jetson_emulator,20,offload,0.5,72.2621,59.8221,59.8221,61.3004,24.8452,167.274,167.274,269.3773,92.7651
658,cnn,baseline,jetson_emulator,20,local,0.5,72.0439,59.57,72.0439,74.0589,23.7219,167.274,167.274,271.1277,92.8443
659,cnn,baseline,jetson_emulator,20,offload,0.5,72.5863,59.99,59.99,61.7156,24.829,167.274,167.274,269.682,92.8326
660,cnn,baseline,jetson_emulator,20,local,0.5,71.6296,59.1671,71.6296,74.0468,23.7583,167.274,167.274,271.4342,92.862
661,cnn,baseline,jetson_emulator,20,offload,0.5,71.953,59.9019,59.9019,60.7506,24.8375,167.274,167.274,269.9867,92.8184
662,cnn,baseline,jetson_emulator,20,local,0.5,71.9202,60.4774,71.9202,72.9589,23.7328,167.274,167.274,271.7407,92.7356
663,cnn,baseline,jetson_emulator,20,local,0.5,71.9582,59.7339,71.9582,73.7232,23.7294,167.274,167.274,271.894,92.8567
664,cnn,baseline,jetson_emulator,20,local,0.5,72.0721,59.2997,72.0721,73.4632,23.7194,167.274,167.274,272.0472,92.7635
665,cnn,baseline,jetson_emulator,20,local,0.5,71.7308,59.8359,71.7308,73.4064,23.7494,167.274,167.274,272.2005,92.826
666,cnn,baseline,jetson_emulator,20,local,0.5,71.4818,59.271,71.4818,73.1061,23.7713,167.274,167.274,272.3537,92.7616
667,cnn,baseline,jetson_emulator,20,local,0.5,71.5362,61.6034,71.5362,72.9484,23.7665,167.274,167.274,272.507,92.7937
668,cnn,baseline,jetson_emulator,20,offload,0.5,72.4885,59.649,59.649,61.0723,24.8618,167.274,167.274,271.0532,92.752
669,cnn,baseline,jetson_emulator,20,local,0.5,71.4719,59.0383,71.4719,73.4824,23.7722,167.274,167.274,272.8135,92.7835
670,cnn,baseline,jetson_emulator,20,offload,0.5,71.4074,59.7809,59.7809,60.7714,24.8491,167.274,167.274,271.3579,92.8273
671,cnn,baseline,jetson_emulator,20,local,0.5,71.2568,59.3946,71.2568,72.8668,23.7912,167.274,167.274,273.12,92.8885
672,cnn,baseline,jetson_emulator,20,local,0.5,71.7571,58.9675,71.7571,73.6318,23.7471,167.274,167.274,273.2733,92.7927
673,cnn,baseline,jetson_emulator,20,offload,0.5,71.8405,60.0108,60.0108,61.4343,24.827,167.274,167.274,271.815,92.7732
674,cnn,baseline,jetson_emulator,20,local,0.5,72.0031,59.2877,72.0031,73.3836,23.7255,167.274,167.274,273.5798,92.7452
675,cnn,baseline,jetson_emulator,20,offload,0.5,71.8277,59.2954,59.2954,60.9592,24.896,167.274,167.274,272.1197,92.8596
676,cnn,baseline,jetson_emulator,20,offload,0.5,71.2018,59.6418,59.6418,61.2805,24.8625,167.274,167.274,272.272,92.828
677,cnn,baseline,jetson_emulator,20,offload,0.5,71.3644,60.403,60.403,61.4699,24.7894,167.274,167.274,272.4244,92.8056
678,cnn,baseline,jetson_emulator,20,local,0.5,71.5072,59.5736,71.5072,74.3195,23.7691,167.274,167.274,274.1928,92.8254
679,cnn,baseline,jetson_emulator,20,offload,0.5,71.3341,59.9208,59.9208,62.3098,24.8357,167.274,167.274,272.7291,92.7908
680,cnn,baseline,jetson_emulator,20,offload,0.5,71.8013,58.9821,58.9821,60.7082,24.9263,167.274,167.274,272.8814,92.7625
681,cnn,baseline,jetson_emulator,20,offload,0.5,71.6742,59.147,59.147,61.3269,24.9103,167.274,167.274,273.0338,92.8156
682,cnn,baseline,jetson_emulator,20,local,0.5,71.2738,59.198,71.2738,73.0768,23.7897,167.274,167.274,274.8058,92.812
683,cnn,baseline,jetson_emulator,20,offload,0.5,71.0459,60.1026,60.1026,62.2082,24.8182,167.274,167.274,273.3385,92.8075
684,cnn,baseline,jetson_emulator,20,local,0.5,71.1011,58.4881,71.1011,73.0028,23.8049,167.274,167.274,275.1123,92.7721
685,cnn,baseline,jetson_emulator,20,offload,0.5,70.9832,58.649,58.649,60.7921,24.9586,167.274,167.274,273.6432,92.8868
686,cnn,baseline,jetson_emulator,20,offload,0.5,71.6937,59.0489,59.0489,61.2967,24.9198,167.274,167.274,273.7956,92.8313
687,cnn,baseline,jetson_emulator,20,offload,0.5,71.2159,59.0936,59.0936,61.8255,24.9155,167.274,167.274,273.9479,92.8857
688,cnn,baseline,jetson_emulator,20,offload,0.5,70.4798,58.8122,58.8122,60.8721,24.9428,167.274,167.274,274.1003,92.7254
689,cnn,baseline,jetson_emulator,20,offload,0.5,70.7735,58.6859,58.6859,60.1206,24.955,167.274,167.274,274.2526,92.7717
690,cnn,baseline,jetson_emulator,20,offload,0.5,70.4967,60.3541,60.3541,62.7084,24.7941,167.274,167.274,274.405,92.8077
691,cnn,baseline,jetson_emulator,20,offload,0.5,70.4131,58.796,58.796,61.0707,24.9443,167.274,167.274,274.5573,92.8698
692,cnn,baseline,jetson_emulator,20,local,0.5,70.8394,58.3359,70.8394,73.2675,23.8281,167.274,167.274,276.3384,92.7713
693,cnn,baseline,jetson_emulator,20,local,0.5,70.834,59.2418,70.834,71.8711,23.8286,167.274,167.274,276.4916,92.7712
694,cnn,baseline,jetson_emulator,20,offload,0.5,70.7459,58.2083,58.2083,59.7563,25.0015,167.274,167.274,275.0144,92.7811
695,cnn,baseline,jetson_emulator,20,local,0.5,70.4127,58.5008,70.4127,71.9407,23.8659,167.274,167.274,276.7982,92.8035
696,cnn,baseline,jetson_emulator,20,offload,0.5,70.6232,58.3203,58.3203,60.3574,24.9906,167.274,167.274,275.3191,92.8506
697,cnn,baseline,jetson_emulator,20,local,0.5,71.7298,58.7259,71.7298,73.7613,23.7495,167.274,167.274,277.1047,92.7345
698,cnn,baseline,jetson_emulator,20,offload,0.5,69.9597,57.856,57.856,59.8608,25.0359,167.274,167.274,275.6238,92.7917
699,cnn,baseline,jetson_emulator,20,local,0.5,70.1635,57.9127,70.1635,71.8821,23.8881,167.274,167.274,277.4112,92.8331
700,cnn,baseline,jetson_emulator,20,local,0.5,70.0115,58.1194,70.0115,72.0687,23.9016,167.274,167.274,277.5644,92.8108
701,cnn,baseline,jetson_emulator,20,offload,0.5,70.0902,58.1448,58.1448,60.151,25.0077,167.274,167.274,276.0809,92.8128
702,cnn,baseline,jetson_emulator,20,offload,0.5,70.2012,57.6435,57.6435,59.3144,25.0567,167.274,167.274,276.2332,92.831
703,cnn,baseline,jetson_emulator,20,local,0.5,70.5088,58.2978,70.5088,72.2259,23.8574,167.274,167.274,278.0242,92.8355
704,cnn,baseline,jetson_emulator,20,offload,0.5,71.101,57.8344,57.8344,59.9054,25.038,167.274,167.274,276.5379,92.785
705,cnn,baseline,jetson_emulator,20,offload,0.5,69.7734,58.3884,58.3884,60.6134,24.984,167.274,167.274,276.6903,92.7693
706,cnn,baseline,jetson_emulator,20,offload,0.5,69.9651,58.6155,58.6155,61.0371,24.9619,167.274,167.274,276.8426,92.8004
707,cnn,baseline,jetson_emulator,20,local,0.5,69.4211,57.8678,69.4211,71.6328,23.9543,167.274,167.274,278.6372,92.8814
708,cnn,baseline,jetson_emulator,20,offload,0.5,69.3558,57.3541,57.3541,58.4498,25.085,167.274,167.274,277.1473,92.8211
709,cnn,baseline,jetson_emulator,20,local,0.5,70.2718,57.5137,70.2718,72.2989,23.8784,167.274,167.274,278.9437,92.7669
710,cnn,baseline,jetson_emulator,20,offload,0.5,70.0095,58.3819,58.3819,59.7815,24.9846,167.274,167.274,277.452,92.7373
711,cnn,baseline,jetson_emulator,20,local,0.5,69.5583,57.7083,69.5583,70.7531,23.942,167.274,167.274,279.2503,92.7477
712,cnn,baseline,jetson_emulator,20,offload,0.5,69.4726,57.6802,57.6802,59.7011,25.0531,167.274,167.274,277.7567,92.7399
713,cnn,baseline,jetson_emulator,20,local,0.5,69.7,57.9167,69.7,72.4559,23.9294,167.274,167.274,279.5568,92.8059
714,cnn,baseline,jetson_emulator,20,offload,0.5,70.0837,58.1454,58.1454,59.3281,25.0076,167.274,167.274,278.0614,92.816
715,cnn,baseline,jetson_emulator,20,offload,0.5,69.2706,57.8507,57.8507,58.8833,25.0364,167.274,167.274,278.2138,92.7855
716,cnn,baseline,jetson_emulator,20,local,0.5,69.4186,58.1097,69.4186,71.2953,23.9545,167.274,167.274,280.0165,92.9229
717,cnn,baseline,jetson_emulator,20,local,0.5,69.3631,57.0813,69.3631,70.1351,23.9595,167.274,167.274,280.1698,92.8372
718,cnn,baseline,jetson_emulator,20,offload,0.5,68.8844,56.9996,56.9996,59.005,25.1199,167.274,167.274,278.6709,92.7991
719,cnn,baseline,jetson_emulator,20,local,0.5,68.9814,57.2297,68.9814,70.7,23.9937,167.274,167.274,280.4763,92.8239
720,cnn,baseline,jetson_emulator,20,offload,0.5,69.6608,57.3881,57.3881,59.0361,25.0817,167.274,167.274,278.9756,92.851
721,cnn,baseline,jetson_emulator,20,offload,0.5,68.8642,56.7715,56.7715,58.8219,25.1423,167.274,167.274,279.1279,92.807
722,cnn,baseline,jetson_emulator,20,offload,0.5,68.8863,56.8092,56.8092,58.5975,25.1386,167.274,167.274,279.2803,92.8335
723,cnn,baseline,jetson_emulator,20,offload,0.5,69.043,56.8542,56.8542,58.816,25.1342,167.274,167.274,279.4326,92.754
724,cnn,baseline,jetson_emulator,20,local,0.5,68.5076,56.9436,68.5076,70.6308,24.0363,167.274,167.274,281.2426,92.8432
725,cnn,baseline,jetson_emulator,20,offload,0.5,69.1466,56.6592,56.6592,57.9202,25.1534,167.274,167.274,279.7373,92.695
726,cnn,baseline,jetson_emulator,20,offload,0.5,68.7671,57.1113,57.1113,58.6157,25.1089,167.274,167.274,279.8897,92.7403
727,cnn,baseline,jetson_emulator,20,local,0.5,68.5144,56.9358,68.5144,70.8328,24.0357,167.274,167.274,281.7024,92.7921
728,cnn,baseline,jetson_emulator,20,offload,0.5,69.2694,57.3082,57.3082,59.1894,25.0895,167.274,167.274,280.1944,92.7959
729,cnn,baseline,jetson_emulator,20,local,0.5,68.7067,56.4141,68.7067,70.3726,24.0184,167.274,167.274,282.0089,92.7768
730,cnn,baseline,jetson_emulator,20,local,0.5,68.1833,57.11,68.1833,70.2506,24.0656,167.274,167.274,282.1621,92.8053
731,cnn,baseline,jetson_emulator,20,local,0.5,68.451,56.7297,68.451,70.0629,24.0414,167.274,167.274,282.3154,92.8489
732,cnn,baseline,jetson_emulator,20,local,0.5,68.0879,57.3493,68.0879,70.1716,24.0742,167.274,167.274,282.4686,92.741
733,cnn,baseline,jetson_emulator,20,local,0.5,69.1659,57.1056,69.1659,71.2977,23.9772,167.274,167.274,282.6219,92.7543
734,cnn,baseline,jetson_emulator,20,offload,0.5,68.8909,56.3497,56.3497,57.6037,25.184,167.274,167.274,281.1085,92.7253
735,cnn,baseline,jetson_emulator,20,local,0.5,68.9249,56.6621,68.9249,70.4291,23.9988,167.274,167.274,282.9284,92.8434
736,cnn,baseline,jetson_emulator,20,local,0.5,68.0628,57.2219,68.0628,70.2914,24.0765,167.274,167.274,283.0817,92.8425
737,cnn,baseline,jetson_emulator,20,offload,0.5,69.1543,56.2867,56.2867,58.0639,25.1902,167.274,167.274,281.5656,92.8189
738,cnn,baseline,jetson_emulator,20,offload,0.5,68.0755,57.3979,57.3979,59.1764,25.0807,167.274,167.274,281.7179,92.775
739,cnn,baseline,jetson_emulator,20,local,0.5,68.0107,56.6078,68.0107,69.8438,24.0812,167.274,167.274,283.5414,92.8163
740,cnn,baseline,jetson_emulator,20,offload,0.5,68.494,57.261,57.261,58.6999,25.0942,167.274,167.274,282.0226,92.8305
741,cnn,baseline,jetson_emulator,20,local,0.5,68.2094,56.0206,68.2094,69.7547,24.0632,167.274,167.274,283.848,92.7832
742,cnn,baseline,jetson_emulator,20,local,0.5,68.1795,56.6845,68.1795,69.7797,24.0659,167.274,167.274,284.0012,92.8156
743,cnn,baseline,jetson_emulator,20,offload,0.5,67.8928,56.1486,56.1486,57.5792,25.2039,167.274,167.274,282.4797,92.7755
744,cnn,baseline,jetson_emulator,20,local,0.5,67.8651,56.1612,67.8651,69.3308,24.0944,167.274,167.274,284.3077,92.8381
745,cnn,baseline,jetson_emulator,20,offload,0.5,68.1289,56.8328,56.8328,58.2681,25.1363,167.274,167.274,282.7844,92.8761
746,cnn,baseline,jetson_emulator,20,local,0.5,68.3774,56.0299,68.3774,70.5257,24.0481,167.274,167.274,284.6142,92.7474
747,cnn,baseline,jetson_emulator,20,local,0.5,67.8668,56.4533,67.8668,69.595,24.0942,167.274,167.274,284.7675,92.807
748,cnn,baseline,jetson_emulator,20,offload,0.5,68.2584,56.9111,56.9111,59.1062,25.1286,167.274,167.274,283.2415,92.7187
749,cnn,baseline,jetson_emulator,20,local,0.5,67.9207,56.513,67.9207,70.0453,24.0893,167.274,167.274,285.074,92.7553
750,cnn,baseline,jetson_emulator,20,offload,0.5,68.2202,56.3459,56.3459,57.8247,25.1844,167.274,167.274,283.5462,92.893
751,cnn,baseline,jetson_emulator,20,local,0.5,67.9828,56.7514,67.9828,69.1318,24.0837,167.274,167.274,285.3805,92.7884
752,cnn,baseline,jetson_emulator,20,local,0.5,67.5606,56.2246,67.5606,70.0161,24.122,167.274,167.274,285.5338,92.8121
753,cnn,baseline,jetson_emulator,20,local,0.5,68.1618,55.9918,68.1618,69.5244,24.0675,167.274,167.274,285.687,92.8321
754,cnn,baseline,jetson_emulator,20,offload,0.5,68.4552,55.9688,55.9688,57.4661,25.2217,167.274,167.274,284.1556,92.7933
755,cnn,baseline,jetson_emulator,20,local,0.5,67.5097,57.5523,67.5097,68.7221,24.1266,167.274,167.274,285.9935,92.8307
756,cnn,baseline,jetson_emulator,20,offload,0.5,67.5899,55.9934,55.9934,58.2254,25.2193,167.274,167.274,284.4603,92.8211
757,cnn,baseline,jetson_emulator,20,offload,0.5,67.7448,56.3272,56.3272,58.2411,25.1862,167.274,167.274,284.6126,92.81
758,cnn,baseline,jetson_emulator,20,offload,0.5,68.858,56.9868,56.9868,59.0904,25.1211,167.274,167.274,284.765,92.8645
759,cnn,baseline,jetson_emulator,20,local,0.5,68.2137,55.8554,68.2137,70.4362,24.0629,167.274,167.274,286.6066,92.7344
760,cnn,baseline,jetson_emulator,20,local,0.5,68.6164,56.4661,68.6164,70.3592,24.0265,167.274,167.274,286.7598,92.8711
761,cnn,baseline,jetson_emulator,20,offload,0.5,67.7303,56.5443,56.5443,58.0309,25.1648,167.274,167.274,285.222,92.8497
762,cnn,baseline,jetson_emulator,20,offload,0.5,67.8757,56.1131,56.1131,58.3343,25.2074,167.274,167.274,285.3744,92.7436
763,cnn,baseline,jetson_emulator,20,offload,0.5,68.3676,56.2225,56.2225,57.4844,25.1966,167.274,167.274,285.5267,92.804
764,cnn,baseline,jetson_emulator,20,offload,0.5,68.727,56.9675,56.9675,57.7047,25.123,167.274,167.274,285.6791,92.8376
765,cnn,baseline,jetson_emulator,20,local,0.5,67.6675,56.1531,67.6675,70.3721,24.1123,167.274,167.274,287.5261,92.8542
766,cnn,baseline,jetson_emulator,20,offload,0.5,68.0297,56.0069,56.0069,57.2786,25.2179,167.274,167.274,285.9838,92.8334
767,cnn,baseline,jetson_emulator,20,offload,0.5,68.1783,56.4695,56.4695,58.7225,25.1721,167.274,167.274,286.1362,92.8094
768,cnn,baseline,jetson_emulator,20,local,0.5,68.065,56.4885,68.065,69.7329,24.0763,167.274,167.274,287.9859,92.7649
769,cnn,baseline,jetson_emulator,20,local,0.5,68.3837,56.5631,68.3837,70.6834,24.0475,167.274,167.274,288.1391,92.768
770,cnn,baseline,jetson_emulator,20,offload,0.5,67.998,57.1309,57.1309,59.3447,25.107,167.274,167.274,286.5932,92.8027
771,cnn,baseline,jetson_emulator,20,local,0.5,68.4545,56.8928,68.4545,70.5464,24.0411,167.274,167.274,288.4456,92.8045
772,cnn,baseline,jetson_emulator,20,local,0.5,68.4457,56.728,68.4457,70.7513,24.0419,167.274,167.274,288.5989,92.7628
773,cnn,baseline,jetson_emulator,20,offload,0.5,68.1565,56.7823,56.7823,59.3805,25.1413,167.274,167.274,287.0503,92.8411
774,cnn,baseline,jetson_emulator,20,offload,0.5,68.0284,56.6202,56.6202,58.3156,25.1573,167.274,167.274,287.2026,92.8111
775,cnn,baseline,jetson_emulator,20,local,0.5,68.2379,56.9033,68.2379,69.824,24.0607,167.274,167.274,289.0587,92.8106
776,cnn,baseline,jetson_emulator,20,offload,0.5,67.8887,56.3166,56.3166,58.0491,25.1873,167.274,167.274,287.5073,92.8253
777,cnn,baseline,jetson_emulator,20,offload,0.5,68.4982,56.1697,56.1697,57.7106,25.2018,167.274,167.274,287.6597,92.8702
778,cnn,baseline,jetson_emulator,20,offload,0.5,68.2083,56.3373,56.3373,57.9406,25.1852,167.274,167.274,287.812,92.6578
779,cnn,baseline,jetson_emulator,20,local,0.5,68.4547,56.306,68.4547,69.9821,24.0411,167.274,167.274,289.6717,92.8053
780,cnn,baseline,jetson_emulator,20,offload,0.5,68.3932,56.3649,56.3649,58.8486,25.1825,167.274,167.274,288.1168,92.8847
781,cnn,baseline,jetson_emulator,20,local,0.5,68.1672,56.4507,68.1672,70.1831,24.067,167.274,167.274,289.9782,92.8067
782,cnn,baseline,jetson_emulator,20,local,0.5,68.3935,56.4567,68.3935,70.6414,24.0466,167.274,167.274,290.1315,92.6979
783,cnn,baseline,jetson_emulator,20,offload,0.5,68.4465,56.5415,56.5415,57.7857,25.165,167.274,167.274,288.5738,92.8037
784,cnn,baseline,jetson_emulator,20,offload,0.5,68.5072,56.7695,56.7695,58.5008,25.1425,167.274,167.274,288.7262,92.8469
785,cnn,baseline,jetson_emulator,20,local,0.5,68.9299,56.4801,68.9299,71.3777,23.9984,167.274,167.274,290.5912,92.7721
786,cnn,baseline,jetson_emulator,20,local,0.5,68.4046,57.6083,68.4046,70.0945,24.0456,167.274,167.274,290.7445,92.8042
787,cnn,baseline,jetson_emulator,20,local,0.5,68.6472,57.1817,68.6472,69.3399,24.0238,167.274,167.274,290.8977,92.7669
788,cnn,baseline,jetson_emulator,20,offload,0.5,68.7706,56.7404,56.7404,59.18,25.1454,167.274,167.274,289.3356,92.7257
789,cnn,baseline,jetson_emulator,20,local,0.5,68.9491,56.689,68.9491,71.2618,23.9966,167.274,167.274,291.2043,92.8739
790,cnn,baseline,jetson_emulator,20,local,0.5,68.6101,56.8002,68.6101,70.2216,24.0271,167.274,167.274,291.3575,92.8136
791,cnn,baseline,jetson_emulator,20,local,0.5,69.316,58.1738,69.316,71.169,23.9637,167.274,167.274,291.5108,92.8844
792,cnn,baseline,jetson_emulator,20,offload,0.5,68.9469,58.6839,58.6839,60.5154,24.9552,167.274,167.274,289.945,92.7988
793,cnn,baseline,jetson_emulator,20,offload,0.5,68.9998,56.9328,56.9328,58.2695,25.1264,167.274,167.274,290.0973,92.7872
794,cnn,baseline,jetson_emulator,20,offload,0.5,69.4014,58.0594,58.0594,59.6086,25.016,167.274,167.274,290.2497,92.7791
795,cnn,baseline,jetson_emulator,20,offload,0.5,69.4826,57.5074,57.5074,58.6362,25.07,167.274,167.274,290.402,92.8292
796,cnn,baseline,jetson_emulator,20,local,0.5,69.4333,57.1914,69.4333,71.364,23.9532,167.274,167.274,292.2771,92.778
797,cnn,baseline,jetson_emulator,20,local,0.5,69.2667,57.745,69.2667,70.8382,23.9681,167.274,167.274,292.4303,92.8212
798,cnn,baseline,jetson_emulator,20,offload,0.5,69.6635,58.0935,58.0935,60.0254,25.0127,167.274,167.274,290.8591,92.7693
799,cnn,baseline,jetson_emulator,20,offload,0.5,70.28,57.6189,57.6189,58.8688,25.0591,167.274,167.274,291.0115,92.8422
800,cnn,baseline,jetson_emulator,20,offload,0.5,69.6492,57.9499,57.9499,60.067,25.0267,167.274,167.274,291.1638,92.7988
801,cnn,baseline,jetson_emulator,20,local,0.5,69.5798,58.4143,69.5798,72.002,23.9401,167.274,167.274,293.0433,92.8587
802,cnn,baseline,jetson_emulator,20,offload,0.5,69.9595,58.6163,58.6163,60.3235,24.9618,167.274,167.274,291.4685,92.759
803,cnn,baseline,jetson_emulator,20,local,0.5,70.6083,58.2567,70.6083,71.9958,23.8486,167.274,167.274,293.3499,92.8461
804,cnn,baseline,jetson_emulator,20,offload,0.5,70.5868,58.3378,58.3378,60.5561,24.9889,167.274,167.274,291.7732,92.7462
805,cnn,baseline,jetson_emulator,20,local,0.5,69.987,59.0432,69.987,71.6057,23.9038,167.274,167.274,293.6564,92.8193
806,cnn,baseline,jetson_emulator,20,offload,0.5,70.1982,58.6926,58.6926,59.8756,24.9544,167.274,167.274,292.0779,92.7734
807,cnn,baseline,jetson_emulator,20,local,0.5,70.7018,58.4739,70.7018,73.246,23.8403,167.274,167.274,293.9629,92.7528
808,cnn,baseline,jetson_emulator,20,local,0.5,71.1107,58.2327,71.1107,72.9895,23.8041,167.274,167.274,294.1161,92.8244
809,cnn,baseline,jetson_emulator,20,local,0.5,70.3432,58.4557,70.3432,71.8953,23.8721,167.274,167.274,294.2694,92.7416
810,cnn,baseline,jetson_emulator,20,offload,0.5,70.4822,58.3149,58.3149,60.1014,24.9911,167.274,167.274,292.6873,92.6867
811,cnn,baseline,jetson_emulator,20,local,0.5,70.4744,58.8363,70.4744,72.4362,23.8604,167.274,167.274,294.5759,92.7892
812,cnn,baseline,jetson_emulator,20,offload,0.5,70.9019,58.9559,58.9559,59.6652,24.9288,167.274,167.274,292.9921,92.8117
813,cnn,baseline,jetson_emulator,20,local,0.5,70.8653,58.8443,70.8653,72.1817,23.8258,167.274,167.274,294.8824,92.8886
814,cnn,baseline,jetson_emulator,20,local,0.5,71.0157,59.8525,71.0157,72.7454,23.8125,167.274,167.274,295.0357,92.8202
815,cnn,baseline,jetson_emulator,20,offload,0.5,71.0419,59.0778,59.0778,60.807,24.917,167.274,167.274,293.4491,92.804
816,cnn,baseline,jetson_emulator,20,offload,0.5,71.001,60.3594,60.3594,62.6825,24.7936,167.274,167.274,293.6015,92.7791
817,cnn,baseline,jetson_emulator,20,offload,0.5,71.2105,60.1769,60.1769,62.6004,24.8111,167.274,167.274,293.7538,92.8224
818,cnn,baseline,jetson_emulator,20,local,0.5,71.2568,59.0868,71.2568,72.7065,23.7912,167.274,167.274,295.6487,92.8764
819,cnn,baseline,jetson_emulator,20,local,0.5,72.2636,59.4879,72.2636,74.8911,23.7027,167.274,167.274,295.802,92.7181
820,cnn,baseline,jetson_emulator,20,local,0.5,72.799,59.3573,72.799,74.8076,23.6558,167.274,167.274,295.9552,92.8459
821,cnn,baseline,jetson_emulator,20,offload,0.5,72.2278,61.0218,61.0218,64.1121,24.7302,167.274,167.274,294.3632,92.9034
822,cnn,baseline,jetson_emulator,20,offload,0.5,71.9838,60.4879,60.4879,61.9509,24.7813,167.274,167.274,294.5156,92.8358
823,cnn,baseline,jetson_emulator,20,offload,0.5,72.545,59.5061,59.5061,61.8386,24.8756,167.274,167.274,294.6679,92.7876
824,cnn,baseline,jetson_emulator,20,local,0.5,73.1988,61.6457,73.1988,74.6841,23.621,167.274,167.274,296.5682,92.8912
825,cnn,baseline,jetson_emulator,20,local,0.5,72.4042,60.0447,72.4042,73.8909,23.6903,167.274,167.274,296.7215,92.8204
826,cnn,baseline,jetson_emulator,20,local,0.5,72.7555,60.3166,72.7555,74.1995,23.6596,167.274,167.274,296.8748,92.7658
827,cnn,baseline,jetson_emulator,20,local,0.5,72.7716,60.2841,72.7716,75.0733,23.6582,167.274,167.274,297.028,92.8023
828,cnn,baseline,jetson_emulator,20,local,0.5,73.112,61.0345,73.112,75.4157,23.6286,167.274,167.274,297.1813,92.8186
829,cnn,baseline,jetson_emulator,20,local,0.5,72.9429,60.2237,72.9429,74.9226,23.6433,167.274,167.274,297.3345,92.7933
830,cnn,baseline,jetson_emulator,20,local,0.5,73.2834,62.1047,73.2834,75.0686,23.6136,167.274,167.274,297.4878,92.7273
831,cnn,baseline,jetson_emulator,20,local,0.5,73.2829,60.2845,73.2829,75.456,23.6137,167.274,167.274,297.641,92.7864
832,cnn,baseline,jetson_emulator,20,local,0.5,73.2268,61.1433,73.2268,74.7045,23.6186,167.274,167.274,297.7943,92.8537
833,cnn,baseline,jetson_emulator,20,local,0.5,73.3645,60.6934,73.3645,75.3512,23.6066,167.274,167.274,297.9475,92.8514
834,cnn,baseline,jetson_emulator,20,offload,0.5,73.4094,61.1135,61.1135,62.3846,24.7215,167.274,167.274,296.3438,92.7866
835,cnn,baseline,jetson_emulator,20,local,0.5,74.1979,62.1297,74.1979,75.7316,23.5344,167.274,167.274,298.2541,92.7798
836,cnn,baseline,jetson_emulator,20,offload,0.5,74.4726,61.0459,61.0459,63.3005,24.7279,167.274,167.274,296.6485,92.7596
837,cnn,baseline,jetson_emulator,20,offload,0.5,74.3857,61.7419,61.7419,63.0392,24.6617,167.274,167.274,296.8009,92.8992
838,cnn,baseline,jetson_emulator,20,offload,0.5,74.1332,61.8701,61.8701,63.8403,24.6496,167.274,167.274,296.9532,92.7935
839,cnn,baseline,jetson_emulator,20,local,0.5,75.135,61.3065,75.135,76.3474,23.4537,167.274,167.274,298.8671,92.7868
840,cnn,baseline,jetson_emulator,20,local,0.5,74.3954,61.9946,74.3954,76.1124,23.5173,167.274,167.274,299.0203,92.793
841,cnn,baseline,jetson_emulator,20,offload,0.5,75.2613,61.9506,61.9506,63.655,24.642,167.274,167.274,297.4103,92.8433
842,cnn,baseline,jetson_emulator,20,offload,0.5,74.7123,62.0406,62.0406,63.6142,24.6335,167.274,167.274,297.5626,92.7936
843,cnn,baseline,jetson_emulator,20,offload,0.5,75.4034,61.9377,61.9377,63.6066,24.6432,167.274,167.274,297.715,92.7668
844,cnn,baseline,jetson_emulator,20,offload,0.5,75.4075,62.3657,62.3657,64.4816,24.6027,167.274,167.274,297.8674,92.8994
845,cnn,baseline,jetson_emulator,20,local,0.5,74.8972,62.3525,74.8972,75.5761,23.4741,167.274,167.274,299.7866,92.8069
846,cnn,baseline,jetson_emulator,20,local,0.5,75.2006,62.1915,75.2006,77.0155,23.4481,167.274,167.274,299.9399,92.7819
847,cnn,baseline,jetson_emulator,20,offload,0.5,76.1592,62.5054,62.5054,64.6427,24.5895,167.274,167.274,298.3244,92.6933
848,cnn,baseline,jetson_emulator,20,offload,0.5,75.6875,63.0938,63.0938,64.5163,24.5342,167.274,167.274,298.4768,92.8557
849,cnn,baseline,jetson_emulator,20,local,0.5,75.9182,63.0003,75.9182,77.2705,23.3867,167.274,167.274,300.3996,92.8056
850,cnn,baseline,jetson_emulator,20,offload,0.5,75.8083,63.1395,63.1395,64.8898,24.5299,167.274,167.274,298.7815,92.755
851,cnn,baseline,jetson_emulator,20,offload,0.5,77.0027,62.7973,62.7973,64.8696,24.5621,167.274,167.274,298.9338,92.7488
852,cnn,baseline,jetson_emulator,20,local,0.5,76.9653,63.0086,76.9653,79.2793,23.2978,167.274,167.274,300.8594,92.83
853,cnn,baseline,jetson_emulator,20,local,0.5,76.2911,62.9588,76.2911,78.0712,23.355,167.274,167.274,301.0127,92.7764
854,cnn,baseline,jetson_emulator,20,offload,0.5,76.3118,64.4355,64.4355,66.474,24.4089,167.274,167.274,299.3909,92.8183
855,cnn,baseline,jetson_emulator,20,offload,0.5,76.9458,64.1093,64.1093,65.4031,24.4392,167.274,167.274,299.5432,92.7232
856,cnn,baseline,jetson_emulator,20,offload,0.5,77.198,64.0669,64.0669,65.1826,24.4432,167.274,167.274,299.6956,92.9004
857,cnn,baseline,jetson_emulator,20,local,0.5,77.0194,64.4785,77.0194,78.5044,23.2932,167.274,167.274,301.6257,92.7585
858,cnn,baseline,jetson_emulator,20,local,0.5,77.1677,63.7469,77.1677,78.681,23.2807,167.274,167.274,301.779,92.817
859,cnn,baseline,jetson_emulator,20,offload,0.5,77.4071,64.3235,64.3235,66.2195,24.4193,167.274,167.274,300.1527,92.8308
860,cnn,baseline,jetson_emulator,20,local,0.5,78.1922,64.1812,78.1922,80.3184,23.1944,167.274,167.274,302.0855,92.8464
861,cnn,baseline,jetson_emulator,20,local,0.5,78.3223,64.6852,78.3223,80.4702,23.1835,167.274,167.274,302.2387,92.7938
862,cnn,baseline,jetson_emulator,20,local,0.5,77.8861,64.6327,77.8861,80.4957,23.2201,167.274,167.274,302.392,92.7249
863,cnn,baseline,jetson_emulator,20,offload,0.5,77.6985,64.3609,64.3609,66.0971,24.4158,167.274,167.274,300.7621,92.8727
864,cnn,baseline,jetson_emulator,20,offload,0.5,78.0081,64.8944,64.8944,66.7649,24.3663,167.274,167.274,300.9144,92.8259
865,cnn,baseline,jetson_emulator,20,offload,0.5,78.2753,64.3749,64.3749,65.9244,24.4145,167.274,167.274,301.0668,92.8343
866,cnn,baseline,jetson_emulator,20,local,0.5,78.2628,65.3182,78.2628,80.4384,23.1885,167.274,167.274,303.005,92.7788
867,cnn,baseline,jetson_emulator,20,offload,0.5,78.2511,65.1467,65.1467,67.0959,24.343,167.274,167.274,301.3715,92.8312
868,cnn,baseline,jetson_emulator,20,local,0.5,78.6542,65.7761,78.6542,81.3981,23.1557,167.274,167.274,303.3115,92.7627
869,cnn,baseline,jetson_emulator,20,offload,0.5,78.7196,65.1858,65.1858,67.1672,24.3394,167.274,167.274,301.6762,92.7967
870,cnn,baseline,jetson_emulator,20,offload,0.5,79.2245,64.9689,64.9689,66.3535,24.3594,167.274,167.274,301.8285,92.8225
871,cnn,baseline,jetson_emulator,20,offload,0.5,79.8408,65.3131,65.3131,66.7478,24.3276,167.274,167.274,301.9809,92.8387
872,cnn,baseline,jetson_emulator,20,local,0.5,79.1164,65.8346,79.1164,80.9384,23.1171,167.274,167.274,303.9245,92.9094
873,cnn,baseline,jetson_emulator,20,offload,0.5,79.2424,66.2193,66.2193,68.0773,24.2443,167.274,167.274,302.2856,92.8541
874,cnn,baseline,jetson_emulator,20,offload,0.5,79.6693,66.0586,66.0586,68.3095,24.259,167.274,167.274,302.4379,92.8376
875,cnn,baseline,jetson_emulator,20,offload,0.5,79.7796,65.8656,65.8656,66.7052,24.2767,167.274,167.274,302.5903,92.829
876,cnn,baseline,jetson_emulator,20,offload,0.5,79.7226,65.7271,65.7271,67.4697,24.2895,167.274,167.274,302.7427,92.8175
877,cnn,baseline,jetson_emulator,20,offload,0.5,80.0637,67.2393,67.2393,68.7558,24.1511,167.274,167.274,302.895,92.6897
878,cnn,baseline,jetson_emulator,20,local,0.5,80.2224,66.3413,80.2224,81.5002,23.0253,167.274,167.274,304.8441,92.7791
879,cnn,baseline,jetson_emulator,20,offload,0.5,80.435,66.0705,66.0705,68.0814,24.2579,167.274,167.274,303.1997,92.6758
880,cnn,baseline,jetson_emulator,20,offload,0.5,80.9271,66.2482,66.2482,67.9726,24.2416,167.274,167.274,303.3521,92.8086
881,cnn,baseline,jetson_emulator,20,offload,0.5,80.5204,66.8927,66.8927,69.3355,24.1827,167.274,167.274,303.5044,92.7623
882,cnn,baseline,jetson_emulator,20,local,0.5,80.4755,66.7909,80.4755,81.5177,23.0044,167.274,167.274,305.4571,92.8065
883,cnn,baseline,jetson_emulator,20,offload,0.5,80.8289,66.7162,66.7162,68.5071,24.1988,167.274,167.274,303.8091,92.8277
884,cnn,baseline,jetson_emulator,20,local,0.5,80.8913,67.3379,80.8913,82.2304,22.9701,167.274,167.274,305.7636,92.7951
885,cnn,baseline,jetson_emulator,20,offload,0.5,81.1275,67.5234,67.5234,69.5078,24.1253,167.274,167.274,304.1138,92.7518
886,cnn,baseline,jetson_emulator,20,local,0.5,81.1663,67.1787,81.1663,82.8372,22.9475,167.274,167.274,306.0701,92.7826
887,cnn,baseline,jetson_emulator,20,offload,0.5,81.7231,66.927,66.927,69.434,24.1796,167.274,167.274,304.4185,92.874
888,cnn,baseline,jetson_emulator,20,offload,0.5,81.4138,67.5721,67.5721,69.37,24.1209,167.274,167.274,304.5709,92.7499
889,cnn,baseline,jetson_emulator,20,local,0.5,81.7362,67.1136,81.7362,83.0877,22.9008,167.274,167.274,306.5299,92.8174
890,cnn,baseline,jetson_emulator,20,local,0.5,81.2715,67.251,81.2715,83.4007,22.9389,167.274,167.274,306.6832,92.8465
891,cnn,baseline,jetson_emulator,20,local,0.5,81.7622,67.4746,81.7622,84.5414,22.8987,167.274,167.274,306.8364,92.8
892,cnn,baseline,jetson_emulator,20,offload,0.5,82.7065,67.746,67.746,69.8382,24.1052,167.274,167.274,305.1803,92.7868
893,cnn,baseline,jetson_emulator,20,offload,0.5,82.5795,67.8038,67.8038,70.4202,24.0999,167.274,167.274,305.3327,92.7981
894,cnn,baseline,jetson_emulator,20,offload,0.5,81.7934,68.5755,68.5755,69.9216,24.0302,167.274,167.274,305.485,92.8342
895,cnn,baseline,jetson_emulator,20,offload,0.5,81.8483,67.9069,67.9069,70.1635,24.0906,167.274,167.274,305.6374,92.8716
896,cnn,baseline,jetson_emulator,20,local,0.5,82.4642,68.3822,82.4642,84.6347,22.8415,167.274,167.274,307.6027,92.784
897,cnn,baseline,jetson_emulator,20,offload,0.5,82.6988,68.5902,68.5902,70.7961,24.0289,167.274,167.274,305.9421,92.8001
898,cnn,baseline,jetson_emulator,20,local,0.5,82.6391,69.1692,82.6391,84.3608,22.8272,167.274,167.274,307.9092,92.8495
899,cnn,baseline,jetson_emulator,20,offload,0.5,82.6642,68.6421,68.6421,70.1657,24.0242,167.274,167.274,306.2468,92.7639
900,cnn,baseline,jetson_emulator,20,offload,0.5,82.5391,68.9071,68.9071,70.3222,24.0004,167.274,167.274,306.3991,92.8185
901,cnn,baseline,jetson_emulator,20,local,0.5,82.9249,68.9495,82.9249,85.2718,22.804,167.274,167.274,308.369,92.7829
902,cnn,baseline,jetson_emulator,20,offload,0.5,83.4626,68.7105,68.7105,71.0344,24.0181,167.274,167.274,306.7038,92.8341
903,cnn,baseline,jetson_emulator,20,local,0.5,83.5741,68.7493,83.5741,85.461,22.7515,167.274,167.274,308.6755,92.7686
904,cnn,baseline,jetson_emulator,20,local,0.5,83.3586,69.2897,83.3586,85.3852,22.7689,167.274,167.274,308.8288,92.8035
905,cnn,baseline,jetson_emulator,20,local,0.5,84.0346,68.9201,84.0346,86.3481,22.7144,167.274,167.274,308.982,92.83
906,cnn,baseline,jetson_emulator,20,offload,0.5,84.1296,68.786,68.786,70.8351,24.0113,167.274,167.274,307.3133,92.9308
907,cnn,baseline,jetson_emulator,20,offload,0.5,83.479,69.5326,69.5326,71.4475,23.9444,167.274,167.274,307.4656,92.7581
908,cnn,baseline,jetson_emulator,20,local,0.5,84.3319,70.2586,84.3319,86.2619,22.6905,167.274,167.274,309.4418,92.88
909,cnn,baseline,jetson_emulator,20,local,0.5,83.4436,70.1274,83.4436,84.8788,22.7621,167.274,167.274,309.595,92.7818
910,cnn,baseline,jetson_emulator,20,local,0.5,83.6262,69.4957,83.6262,85.7868,22.7473,167.274,167.274,309.7483,92.8268
911,cnn,baseline,jetson_emulator,20,offload,0.5,83.4875,69.5577,69.5577,70.9751,23.9421,167.274,167.274,308.075,92.8143
912,cnn,baseline,jetson_emulator,20,local,0.5,83.6031,70.4635,83.6031,85.4681,22.7492,167.274,167.274,310.0548,92.768
913,cnn,baseline,jetson_emulator,20,local,0.5,83.9109,70.4003,83.9109,85.5,22.7244,167.274,167.274,310.2081,92.8264
914,cnn,baseline,jetson_emulator,20,local,0.5,84.1745,70.0409,84.1745,85.6892,22.7031,167.274,167.274,310.3613,92.8846
915,cnn,baseline,jetson_emulator,20,offload,0.5,84.1485,70.5055,70.5055,71.9092,23.8577,167.274,167.274,308.6844,92.7513
916,cnn,baseline,jetson_emulator,20,local,0.5,84.0817,70.9032,84.0817,85.7115,22.7106,167.274,167.274,310.6678,92.7631
917,cnn,baseline,jetson_emulator,20,local,0.5,84.1217,69.7241,84.1217,86.6371,22.7074,167.274,167.274,310.8211,92.8003
918,cnn,baseline,jetson_emulator,20,local,0.5,85.1742,69.5314,85.1742,86.6325,22.6231,167.274,167.274,310.9743,92.7663
919,cnn,baseline,jetson_emulator,20,offload,0.5,84.6235,69.8046,69.8046,70.9062,23.9201,167.274,167.274,309.2938,92.8681
920,cnn,baseline,jetson_emulator,20,local,0.5,85.2125,69.8288,85.2125,86.4789,22.62,167.274,167.274,311.2809,92.7837
921,cnn,baseline,jetson_emulator,20,offload,0.5,84.7972,69.6486,69.6486,71.6898,23.934,167.274,167.274,309.5985,92.8255
922,cnn,baseline,jetson_emulator,20,offload,0.5,85.1848,70.1404,70.1404,72.6066,23.8901,167.274,167.274,309.7509,92.7727
923,cnn,baseline,jetson_emulator,20,local,0.5,84.6784,70.2798,84.6784,85.9052,22.6627,167.274,167.274,311.7406,92.8472
924,cnn,baseline,jetson_emulator,20,offload,0.5,84.7203,70.5473,70.5473,71.6563,23.854,167.274,167.274,310.0556,92.744
925,cnn,baseline,jetson_emulator,20,local,0.5,84.5305,70.099,84.5305,86.3268,22.6746,167.274,167.274,312.0471,92.8149
926,cnn,baseline,jetson_emulator,20,offload,0.5,84.9812,70.3534,70.3534,72.0613,23.8712,167.274,167.274,310.3603,92.7942
927,cnn,baseline,jetson_emulator,20,local,0.5,85.333,70.8439,85.333,87.0821,22.6104,167.274,167.274,312.3537,92.8885
928,cnn,baseline,jetson_emulator,20,offload,0.5,84.7144,69.9568,69.9568,71.3815,23.9065,167.274,167.274,310.665,92.8316
929,cnn,baseline,jetson_emulator,20,local,0.5,85.393,70.3947,85.393,87.9907,22.6056,167.274,167.274,312.6602,92.8125
930,cnn,baseline,jetson_emulator,20,local,0.5,85.1531,70.1508,85.1531,87.5245,22.6248,167.274,167.274,312.8134,92.8114
931,cnn,baseline,jetson_emulator,20,offload,0.5,85.141,70.2097,70.2097,72.0781,23.884,167.274,167.274,311.1221,92.827
932,cnn,baseline,jetson_emulator,20,offload,0.5,84.8866,70.4915,70.4915,72.5001,23.8589,167.274,167.274,311.2744,92.8658
933,cnn,baseline,jetson_emulator,20,local,0.5,85.7501,71.0992,85.7501,87.1839,22.5772,167.274,167.274,313.2732,92.8111
934,cnn,baseline,jetson_emulator,20,local,0.5,85.6173,71.5838,85.6173,86.7191,22.5878,167.274,167.274,313.4264,92.7806
935,cnn,baseline,jetson_emulator,20,offload,0.5,86.0004,71.2497,71.2497,73.1149,23.7918,167.274,167.274,311.7315,92.7351
936,cnn,baseline,jetson_emulator,20,local,0.5,85.8594,70.7327,85.8594,88.5055,22.5685,167.274,167.274,313.733,92.7676
937,cnn,baseline,jetson_emulator,20,offload,0.5,85.5268,70.5546,70.5546,71.7414,23.8533,167.274,167.274,312.0362,92.7894
938,cnn,baseline,jetson_emulator,20,offload,0.5,85.597,71.9201,71.9201,73.369,23.7328,167.274,167.274,312.1886,92.8395
939,cnn,baseline,jetson_emulator,20,local,0.5,85.5906,70.57,85.5906,87.8029,22.5899,167.274,167.274,314.1927,92.8902
940,cnn,baseline,jetson_emulator,20,offload,0.5,85.7811,70.6913,70.6913,71.5361,23.8412,167.274,167.274,312.4933,92.847
941,cnn,baseline,jetson_emulator,20,local,0.5,85.3341,70.6839,85.3341,87.6038,22.6103,167.274,167.274,314.4992,92.7972
942,cnn,baseline,jetson_emulator,20,offload,0.5,85.6983,70.5625,70.5625,72.3531,23.8526,167.274,167.274,312.798,92.7578
943,cnn,baseline,jetson_emulator,20,local,0.5,85.9058,70.478,85.9058,87.6453,22.5648,167.274,167.274,314.8058,92.7993
944,cnn,baseline,jetson_emulator,20,local,0.5,85.2969,71.2792,85.2969,87.5578,22.6133,167.274,167.274,314.959,92.7723
945,cnn,baseline,jetson_emulator,20,local,0.5,85.319,70.5733,85.319,87.225,22.6115,167.274,167.274,315.1123,92.7961
946,cnn,baseline,jetson_emulator,20,offload,0.5,85.3901,70.9011,70.9011,73.4472,23.8226,167.274,167.274,313.4074,92.8515
947,cnn,baseline,jetson_emulator,20,offload,0.5,85.566,70.5846,70.5846,72.3908,23.8507,167.274,167.274,313.5597,92.8238
948,cnn,baseline,jetson_emulator,20,offload,0.5,85.8607,70.4571,70.4571,72.5331,23.862,167.274,167.274,313.7121,92.8799
949,cnn,baseline,jetson_emulator,20,offload,0.5,85.3729,70.5091,70.5091,72.4432,23.8574,167.274,167.274,313.8644,92.7197
950,cnn,baseline,jetson_emulator,20,offload,0.5,85.2542,70.5134,70.5134,72.7496,23.857,167.274,167.274,314.0168,92.8216
951,cnn,baseline,jetson_emulator,20,local,0.5,85.8623,71.1673,85.8623,87.0109,22.5683,167.274,167.274,316.0318,92.8081
952,cnn,baseline,jetson_emulator,20,local,0.5,85.5495,70.6448,85.5495,87.0592,22.5932,167.274,167.274,316.1851,92.8389
953,cnn,baseline,jetson_emulator,20,local,0.5,85.3337,71.4656,85.3337,86.9882,22.6104,167.274,167.274,316.3383,92.8533
954,cnn,baseline,jetson_emulator,20,local,0.5,85.4542,70.6786,85.4542,87.3052,22.6008,167.274,167.274,316.4916,92.8567
955,cnn,baseline,jetson_emulator,20,local,0.5,86.1082,71.1517,86.1082,88.5638,22.5488,167.274,167.274,316.6448,92.8278
956,cnn,baseline,jetson_emulator,20,local,0.5,85.8944,71.5919,85.8944,87.4714,22.5657,167.274,167.274,316.7981,92.8307
957,cnn,baseline,jetson_emulator,20,local,0.5,85.2777,71.3197,85.2777,86.415,22.6148,167.274,167.274,316.9513,92.9146
958,cnn,baseline,jetson_emulator,20,offload,0.5,85.3983,72.2003,72.2003,73.6452,23.7082,167.274,167.274,315.2356,92.8694
959,cnn,baseline,jetson_emulator,20,local,0.5,86.2536,71.6759,86.2536,87.6284,22.5373,167.274,167.274,317.2579,92.8504
960,cnn,baseline,jetson_emulator,20,local,0.5,86.3514,71.0702,86.3514,88.3926,22.5295,167.274,167.274,317.4111,92.8397
961,cnn,baseline,jetson_emulator,20,local,0.5,85.4439,71.0205,85.4439,86.748,22.6016,167.274,167.274,317.5644,92.7174
962,cnn,baseline,jetson_emulator,20,offload,0.5,86.2838,71.3251,71.3251,73.2239,23.7852,167.274,167.274,315.845,92.7583
963,cnn,baseline,jetson_emulator,20,offload,0.5,86.3164,70.6647,70.6647,73.0064,23.8436,167.274,167.274,315.9974,92.8476
964,cnn,baseline,jetson_emulator,20,offload,0.5,85.2612,70.8068,70.8068,72.447,23.831,167.274,167.274,316.1497,92.864
965,cnn,baseline,jetson_emulator,20,offload,0.5,85.6935,70.6693,70.6693,73.1568,23.8432,167.274,167.274,316.3021,92.847
966,cnn,baseline,jetson_emulator,20,offload,0.5,85.4575,70.5849,70.5849,72.6568,23.8506,167.274,167.274,316.4544,92.7554
967,cnn,baseline,jetson_emulator,20,offload,0.5,86.0041,70.8154,70.8154,72.8022,23.8302,167.274,167.274,316.6068,92.8521
968,cnn,baseline,jetson_emulator,20,local,0.5,85.4323,70.9062,85.4323,87.3846,22.6025,167.274,167.274,318.6372,92.7598
969,cnn,baseline,jetson_emulator,20,offload,0.5,85.0807,70.3945,70.3945,72.3771,23.8675,167.274,167.274,316.9115,92.7772
970,cnn,baseline,jetson_emulator,20,offload,0.5,85.1328,70.4625,70.4625,72.2666,23.8615,167.274,167.274,317.0639,92.6974
971,cnn,baseline,jetson_emulator,20,offload,0.5,85.0317,70.4341,70.4341,71.545,23.864,167.274,167.274,317.2162,92.7664
972,cnn,baseline,jetson_emulator,20,local,0.5,85.094,71.4616,85.094,87.1106,22.6295,167.274,167.274,319.2502,92.8338
973,cnn,baseline,jetson_emulator,20,local,0.5,85.6737,70.7326,85.6737,87.4533,22.5833,167.274,167.274,319.4034,92.8531
974,cnn,baseline,jetson_emulator,20,local,0.5,86.9342,71.4031,86.9342,89.293,22.4835,167.274,167.274,319.5567,92.8128
975,cnn,baseline,jetson_emulator,20,offload,0.5,85.4599,70.9391,70.9391,72.3755,23.8193,167.274,167.274,317.8256,92.7668
976,cnn,baseline,jetson_emulator,20,offload,0.5,85.127,71.0077,71.0077,72.7974,23.8132,167.274,167.274,317.978,92.8337
977,cnn,baseline,jetson_emulator,20,offload,0.5,85.1865,71.0721,71.0721,72.3201,23.8075,167.274,167.274,318.1303,92.8355
978,cnn,baseline,jetson_emulator,20,local,0.5,85.5378,70.6305,85.5378,87.4673,22.5941,167.274,167.274,320.1697,92.8825
979,cnn,baseline,jetson_emulator,20,offload,0.5,85.0447,70.7695,70.7695,72.4704,23.8343,167.274,167.274,318.435,92.78
980,cnn,baseline,jetson_emulator,20,offload,0.5,84.7713,71.1499,71.1499,72.3254,23.8006,167.274,167.274,318.5874,92.6742
981,cnn,baseline,jetson_emulator,20,local,0.5,84.8913,70.435,84.8913,86.6067,22.6457,167.274,167.274,320.6295,92.8736
982,cnn,baseline,jetson_emulator,20,offload,0.5,85.232,70.2817,70.2817,72.654,23.8776,167.274,167.274,318.8921,92.7566
983,cnn,baseline,jetson_emulator,20,local,0.5,84.9241,70.5804,84.9241,86.3936,22.6431,167.274,167.274,320.936,92.7867
984,cnn,baseline,jetson_emulator,20,local,0.5,86.1083,70.1059,86.1083,87.7013,22.5488,167.274,167.274,321.0893,92.8099
985,cnn,baseline,jetson_emulator,20,offload,0.5,85.5204,71.1241,71.1241,72.1758,23.8029,167.274,167.274,319.3491,92.752
986,cnn,baseline,jetson_emulator,20,offload,0.5,85.069,70.073,70.073,71.3305,23.8961,167.274,167.274,319.5015,92.7694
987,cnn,baseline,jetson_emulator,20,local,0.5,84.8141,70.8257,84.8141,86.281,22.6519,167.274,167.274,321.549,92.8063
988,cnn,baseline,jetson_emulator,20,local,0.5,84.9274,70.4375,84.9274,86.7812,22.6428,167.274,167.274,321.7023,92.8005
989,cnn,baseline,jetson_emulator,20,local,0.5,85.0312,70.2027,85.0312,86.8448,22.6345,167.274,167.274,321.8555,92.8328
990,cnn,baseline,jetson_emulator,20,offload,0.5,84.3593,69.7291,69.7291,71.7176,23.9268,167.274,167.274,320.1109,92.8746
991,cnn,baseline,jetson_emulator,20,offload,0.5,84.4023,70.8432,70.8432,72.6244,23.8278,167.274,167.274,320.2633,92.7772
992,cnn,baseline,jetson_emulator,20,local,0.5,84.9209,70.0512,84.9209,86.3638,22.6433,167.274,167.274,322.3153,92.8025
993,cnn,baseline,jetson_emulator,20,local,0.5,84.6766,70.7675,84.6766,86.899,22.6629,167.274,167.274,322.4686,92.965
994,cnn,baseline,jetson_emulator,20,offload,0.5,84.8576,70.5247,70.5247,72.0168,23.856,167.274,167.274,320.7203,92.8148
995,cnn,baseline,jetson_emulator,20,offload,0.5,85.2173,69.9685,69.9685,72.3146,23.9054,167.274,167.274,320.8727,92.6956
996,cnn,baseline,jetson_emulator,20,offload,0.5,84.9119,69.9596,69.9596,71.5067,23.9062,167.274,167.274,321.025,92.8362
997,cnn,baseline,jetson_emulator,20,offload,0.5,84.0486,71.3443,71.3443,73.3113,23.7835,167.274,167.274,321.1774,92.7266
998,cnn,baseline,jetson_emulator,20,offload,0.5,84.2837,69.5964,69.5964,72.048,23.9386,167.274,167.274,321.3297,92.7052
999,cnn,baseline,jetson_emulator,20,offload,0.5,84.5896,69.4945,69.4945,71.3704,23.9478,167.274,167.274,321.4821,92.7713
1000,cnn,baseline,jetson_emulator,20,offload,0.5,84.2671,69.3826,69.3826,70.886,23.9578,167.274,167.274,321.6344,92.7854
1001,cnn,baseline,jetson_emulator,20,offload,0.5,85.1595,69.8315,69.8315,71.788,23.9177,167.274,167.274,321.7868,92.7659
1002,cnn,baseline,jetson_emulator,20,offload,0.5,84.6462,69.9511,69.9511,71.4834,23.907,167.274,167.274,321.9392,92.837
1003,cnn,baseline,jetson_emulator,20,local,0.5,84.8082,70.4163,84.8082,86.6472,22.6523,167.274,167.274,324.0011,92.7966
1004,cnn,baseline,jetson_emulator,20,offload,0.5,84.7075,69.8813,69.8813,71.7235,23.9132,167.274,167.274,322.2439,92.7191
1005,cnn,baseline,jetson_emulator,20,offload,0.5,83.8934,70.3458,70.3458,71.9255,23.8719,167.274,167.274,322.3962,92.7727
1006,cnn,baseline,jetson_emulator,20,offload,0.5,83.9206,70.3476,70.3476,72.3242,23.8717,167.274,167.274,322.5486,92.7651
1007,cnn,baseline,jetson_emulator,20,offload,0.5,83.7582,69.1684,69.1684,70.6161,23.977,167.274,167.274,322.7009,92.7349
1008,cnn,baseline,jetson_emulator,20,local,0.5,83.6502,69.8487,83.6502,86.0237,22.7454,167.274,167.274,324.7674,92.7219
1009,cnn,baseline,jetson_emulator,20,offload,0.5,84.5483,69.7053,69.7053,71.624,23.9289,167.274,167.274,323.0056,92.8003
1010,cnn,baseline,jetson_emulator,20,offload,0.5,83.6709,69.349,69.349,70.8817,23.9608,167.274,167.274,323.158,92.8571
1011,cnn,baseline,jetson_emulator,20,offload,0.5,83.5439,69.0374,69.0374,70.0396,23.9887,167.274,167.274,323.3103,92.8334
1012,cnn,baseline,jetson_emulator,20,offload,0.5,84.0134,69.0247,69.0247,71.2485,23.9898,167.274,167.274,323.4627,92.8185
1013,cnn,baseline,jetson_emulator,20,offload,0.5,83.8733,69.3503,69.3503,70.8506,23.9607,167.274,167.274,323.615,92.7671
1014,cnn,baseline,jetson_emulator,20,offload,0.5,83.5177,69.5379,69.5379,70.2673,23.9439,167.274,167.274,323.7674,92.8012
1015,cnn,baseline,jetson_emulator,20,local,0.5,84.3517,69.1202,84.3517,85.7031,22.6889,167.274,167.274,325.8402,92.8629
1016,cnn,baseline,jetson_emulator,20,local,0.5,83.3072,70.6968,83.3072,84.887,22.7731,167.274,167.274,325.9935,92.8679
1017,cnn,baseline,jetson_emulator,20,offload,0.5,83.5746,69.0275,69.0275,71.0361,23.9896,167.274,167.274,324.2245,92.8348
1018,cnn,baseline,jetson_emulator,20,local,0.5,83.7584,69.2298,83.7584,85.8898,22.7366,167.274,167.274,326.3,92.8467
1019,cnn,baseline,jetson_emulator,20,offload,0.5,83.218,68.8433,68.8433,70.3157,24.0061,167.274,167.274,324.5292,92.7975
1020,cnn,baseline,jetson_emulator,20,local,0.5,83.2048,69.3854,83.2048,84.8981,22.7814,167.274,167.274,326.6065,92.8373
1021,cnn,baseline,jetson_emulator,20,local,0.5,83.6778,68.7681,83.6778,85.1907,22.7431,167.274,167.274,326.7598,92.7745
1022,cnn,baseline,jetson_emulator,20,offload,0.5,83.4189,69.0552,69.0552,70.3583,23.9871,167.274,167.274,324.9862,92.7111
1023,cnn,baseline,jetson_emulator,20,offload,0.5,83.1548,69.4974,69.4974,71.6129,23.9475,167.274,167.274,325.1386,92.7983
1024,cnn,baseline,jetson_emulator,20,local,0.5,83.6417,69.0123,83.6417,85.7673,22.7461,167.274,167.274,327.2195,92.8404
1025,cnn,baseline,jetson_emulator,20,local,0.5,83.1754,70.583,83.1754,84.8736,22.7837,167.274,167.274,327.3728,92.838
1026,cnn,baseline,jetson_emulator,20,local,0.5,83.7161,69.4316,83.7161,86.4617,22.7401,167.274,167.274,327.526,92.6997
1027,cnn,baseline,jetson_emulator,20,local,0.5,82.9965,69.2255,82.9965,84.9132,22.7982,167.274,167.274,327.6793,92.8858
1028,cnn,baseline,jetson_emulator,20,offload,0.5,83.2352,68.5311,68.5311,70.3854,24.0342,167.274,167.274,325.9003,92.7111
1029,cnn,baseline,jetson_emulator,20,offload,0.5,83.3273,68.5467,68.5467,69.905,24.0328,167.274,167.274,326.0527,92.7912
1030,cnn,baseline,jetson_emulator,20,local,0.5,83.8613,68.5332,83.8613,85.9145,22.7284,167.274,167.274,328.1391,92.8304
1031,cnn,baseline,jetson_emulator,20,offload,0.5,83.1015,68.7731,68.7731,71.0725,24.0125,167.274,167.274,326.3574,92.7887
1032,cnn,baseline,jetson_emulator,20,local,0.5,83.0263,69.0281,83.0263,84.3111,22.7958,167.274,167.274,328.4456,92.8091
1033,cnn,baseline,jetson_emulator,20,local,0.5,83.4624,68.5808,83.4624,84.7915,22.7605,167.274,167.274,328.5988,92.8236
1034,cnn,baseline,jetson_emulator,20,local,0.5,83.3253,69.2724,83.3253,85.3858,22.7716,167.274,167.274,328.7521,92.8251
1035,cnn,baseline,jetson_emulator,20,offload,0.5,82.8131,69.5319,69.5319,70.5249,23.9444,167.274,167.274,326.9668,92.7974
1036,cnn,baseline,jetson_emulator,20,local,0.5,83.5267,68.4154,83.5267,85.0155,22.7553,167.274,167.274,329.0586,92.7972
1037,cnn,baseline,jetson_emulator,20,offload,0.5,83.0848,68.516,68.516,69.6815,24.0356,167.274,167.274,327.2715,92.7505
1038,cnn,baseline,jetson_emulator,20,local,0.5,83.3601,68.8007,83.3601,85.8017,22.7688,167.274,167.274,329.3651,92.9015
1039,cnn,baseline,jetson_emulator,20,offload,0.5,82.9875,68.7718,68.7718,70.6968,24.0126,167.274,167.274,327.5762,92.846
1040,cnn,baseline,jetson_emulator,20,local,0.5,83.3339,68.6307,83.3339,84.531,22.7709,167.274,167.274,329.6716,92.7601
1041,cnn,baseline,jetson_emulator,20,local,0.5,83.1231,68.3989,83.1231,83.9864,22.788,167.274,167.274,329.8249,92.8871
1042,cnn,baseline,jetson_emulator,20,local,0.5,82.9983,68.8441,82.9983,85.6928,22.7981,167.274,167.274,329.9781,92.9033
1043,cnn,baseline,jetson_emulator,20,local,0.5,82.6896,68.4917,82.6896,84.069,22.8231,167.274,167.274,330.1314,92.8773
1044,cnn,baseline,jetson_emulator,20,offload,0.5,82.6251,69.2253,69.2253,71.6166,23.9719,167.274,167.274,328.338,92.7443
1045,cnn,baseline,jetson_emulator,20,local,0.5,82.8371,69.2615,82.8371,84.0747,22.8112,167.274,167.274,330.4379,92.8543
1046,cnn,baseline,jetson_emulator,20,offload,0.5,83.535,68.5069,68.5069,70.8033,24.0364,167.274,167.274,328.6427,92.7596
1047,cnn,baseline,jetson_emulator,20,local,0.5,83.9132,68.4766,83.9132,85.6738,22.7242,167.274,167.274,330.7444,92.7667
1048,cnn,baseline,jetson_emulator,20,offload,0.5,82.9821,68.5342,68.5342,69.9294,24.0339,167.274,167.274,328.9474,92.8026
1049,cnn,baseline,jetson_emulator,20,local,0.5,83.6132,69.1631,83.6132,86.149,22.7484,167.274,167.274,331.0509,92.7463
1050,cnn,baseline,jetson_emulator,20,offload,0.5,82.7457,68.6431,68.6431,70.7636,24.0241,167.274,167.274,329.2521,92.8319
1051,cnn,baseline,jetson_emulator,20,offload,0.5,82.8627,69.2943,69.2943,70.9538,23.9657,167.274,167.274,329.4045,92.9196
1052,cnn,baseline,jetson_emulator,20,offload,0.5,82.8411,68.5632,68.5632,70.3647,24.0313,167.274,167.274,329.5568,92.8989
1053,cnn,baseline,jetson_emulator,20,local,0.5,82.6702,68.9267,82.6702,83.9657,22.8247,167.274,167.274,331.664,92.8055
1054,cnn,baseline,jetson_emulator,20,local,0.5,83.4593,68.435,83.4593,85.2996,22.7608,167.274,167.274,331.8172,92.8212
1055,cnn,baseline,jetson_emulator,20,offload,0.5,82.9361,68.4729,68.4729,70.1507,24.0395,167.274,167.274,330.0139,92.7633
1056,cnn,baseline,jetson_emulator,20,offload,0.5,83.2065,68.7515,68.7515,70.4107,24.0144,167.274,167.274,330.1662,92.7459
1057,cnn,baseline,jetson_emulator,20,local,0.5,83.348,68.4193,83.348,85.1122,22.7698,167.274,167.274,332.277,92.7806
1058,cnn,baseline,jetson_emulator,20,offload,0.5,82.7933,68.5981,68.5981,69.7489,24.0282,167.274,167.274,330.4709,92.8397
1059,cnn,baseline,jetson_emulator,20,offload,0.5,82.7643,69.1404,69.1404,71.376,23.9795,167.274,167.274,330.6233,92.8361
1060,cnn,baseline,jetson_emulator,20,offload,0.5,83.5516,69.3028,69.3028,70.4349,23.9649,167.274,167.274,330.7756,92.7174
1061,cnn,baseline,jetson_emulator,20,local,0.5,82.9747,68.7259,82.9747,85.6133,22.8,167.274,167.274,332.89,92.7266
1062,cnn,baseline,jetson_emulator,20,offload,0.5,82.8204,69.1892,69.1892,70.9766,23.9751,167.274,167.274,331.0803,92.8697
1063,cnn,baseline,jetson_emulator,20,local,0.5,83.6647,68.492,83.6647,85.428,22.7442,167.274,167.274,333.1965,92.8256
1064,cnn,baseline,jetson_emulator,20,local,0.5,83.5083,68.9521,83.5083,85.4532,22.7568,167.274,167.274,333.3498,92.6754
1065,cnn,baseline,jetson_emulator,20,local,0.5,83.2008,68.6123,83.2008,84.4525,22.7817,167.274,167.274,333.503,92.812
1066,cnn,baseline,jetson_emulator,20,local,0.5,83.4173,68.6724,83.4173,84.7873,22.7642,167.274,167.274,333.6563,92.8041
1067,cnn,baseline,jetson_emulator,20,local,0.5,83.5002,69.8737,83.5002,85.1003,22.7575,167.274,167.274,333.8096,92.8131
1068,cnn,baseline,jetson_emulator,20,local,0.5,83.5904,68.9174,83.5904,86.3816,22.7502,167.274,167.274,333.9628,92.7361
1069,cnn,baseline,jetson_emulator,20,offload,0.5,83.9801,69.2217,69.2217,70.3047,23.9722,167.274,167.274,332.1468,92.7795
1070,cnn,baseline,jetson_emulator,20,offload,0.5,83.4846,69.591,69.591,71.5078,23.9391,167.274,167.274,332.2992,92.9069
1071,cnn,baseline,jetson_emulator,20,offload,0.5,83.8438,69.4438,69.4438,71.4612,23.9523,167.274,167.274,332.4515,92.7478
1072,cnn,baseline,jetson_emulator,20,local,0.5,83.3284,68.8014,83.3284,85.8004,22.7714,167.274,167.274,334.5758,92.9006
1073,cnn,baseline,jetson_emulator,20,offload,0.5,83.832,69.6463,69.6463,71.8322,23.9342,167.274,167.274,332.7562,92.7884
1074,cnn,baseline,jetson_emulator,20,local,0.5,84.7228,69.3914,84.7228,86.5141,22.6592,167.274,167.274,334.8823,92.7617
1075,cnn,baseline,jetson_emulator,20,local,0.5,83.8409,70.1206,83.8409,85.756,22.73,167.274,167.274,335.0356,92.7904
1076,cnn,baseline,jetson_emulator,20,local,0.5,84.7973,69.418,84.7973,86.9142,22.6532,167.274,167.274,335.1889,92.8014
1077,cnn,baseline,jetson_emulator,20,offload,0.5,83.4553,69.6401,69.6401,72.3952,23.9347,167.274,167.274,333.3656,92.8128
1078,cnn,baseline,jetson_emulator,20,offload,0.5,83.8772,69.3861,69.3861,71.1632,23.9575,167.274,167.274,333.518,92.8444
1079,cnn,baseline,jetson_emulator,20,offload,0.5,83.6361,69.5539,69.5539,70.9012,23.9424,167.274,167.274,333.6703,92.8199
1080,cnn,baseline,jetson_emulator,20,offload,0.5,84.1645,69.111,69.111,71.0794,23.9821,167.274,167.274,333.8227,92.7427
1081,cnn,baseline,jetson_emulator,20,local,0.5,83.6325,71.1867,83.6325,85.1053,22.7468,167.274,167.274,335.9551,92.849
1082,cnn,baseline,jetson_emulator,20,local,0.5,84.2373,69.3019,84.2373,86.6933,22.6981,167.274,167.274,336.1084,92.8004
1083,cnn,baseline,jetson_emulator,20,offload,0.5,84.2263,69.6857,69.6857,71.0155,23.9307,167.274,167.274,334.2798,92.7867
1084,cnn,baseline,jetson_emulator,20,local,0.5,83.9509,70.437,83.9509,85.9708,22.7211,167.274,167.274,336.4149,92.7791
1085,cnn,baseline,jetson_emulator,20,local,0.5,83.8473,69.8912,83.8473,85.9707,22.7295,167.274,167.274,336.5682,92.7737
1086,cnn,baseline,jetson_emulator,20,offload,0.5,84.1098,70.5284,70.5284,72.2427,23.8556,167.274,167.274,334.7368,92.8273
1087,cnn,baseline,jetson_emulator,20,local,0.5,84.118,69.6657,84.118,86.2719,22.7077,167.274,167.274,336.8747,92.8164
1088,cnn,baseline,jetson_emulator,20,local,0.5,84.4854,69.8025,84.4854,86.4851,22.6782,167.274,167.274,337.0279,92.7621
1089,cnn,baseline,jetson_emulator,20,local,0.5,84.6341,70.6107,84.6341,87.4925,22.6663,167.274,167.274,337.1812,92.6859
1090,cnn,baseline,jetson_emulator,20,offload,0.5,85.2993,70.5828,70.5828,71.814,23.8508,167.274,167.274,335.3462,92.7942
1091,cnn,baseline,jetson_emulator,20,local,0.5,84.3054,70.1867,84.3054,85.4802,22.6926,167.274,167.274,337.4877,92.8448
1092,cnn,baseline,jetson_emulator,20,offload,0.5,84.7116,70.0943,70.0943,72.5443,23.8942,167.274,167.274,335.6509,92.7661
1093,cnn,baseline,jetson_emulator,20,offload,0.5,84.7572,70.9723,70.9723,72.5777,23.8163,167.274,167.274,335.8033,92.8176
1094,cnn,baseline,jetson_emulator,20,local,0.5,84.7042,69.9918,84.7042,87.3367,22.6607,167.274,167.274,337.9475,92.686
1095,cnn,baseline,jetson_emulator,20,offload,0.5,84.8648,70.1883,70.1883,71.6093,23.8859,167.274,167.274,336.108,92.7693
1096,cnn,baseline,jetson_emulator,20,local,0.5,84.6769,70.112,84.6769,86.4817,22.6628,167.274,167.274,338.254,92.8789
1097,cnn,baseline,jetson_emulator,20,offload,0.5,85.0415,70.4865,70.4865,72.0728,23.8594,167.274,167.274,336.4127,92.7637
1098,cnn,baseline,jetson_emulator,20,offload,0.5,85.0669,70.3158,70.3158,71.6874,23.8745,167.274,167.274,336.5651,92.8257
1099,cnn,baseline,jetson_emulator,20,offload,0.5,85.835,71.6011,71.6011,73.3015,23.7608,167.274,167.274,336.7174,92.7906
1100,cnn,baseline,jetson_emulator,20,local,0.5,85.1369,70.6856,85.1369,86.8227,22.6261,167.274,167.274,338.867,92.8189
1101,cnn,baseline,jetson_emulator,20,offload,0.5,85.5155,71.1349,71.1349,72.2497,23.802,167.274,167.274,337.0221,92.9233
1102,cnn,baseline,jetson_emulator,20,offload,0.5,85.571,70.7868,70.7868,72.0979,23.8327,167.274,167.274,337.1745,92.8419
1103,cnn,baseline,jetson_emulator,20,offload,0.5,86.3616,70.7999,70.7999,72.9294,23.8316,167.274,167.274,337.3268,92.8047
1104,cnn,baseline,jetson_emulator,20,local,0.5,85.7158,70.7195,85.7158,87.0725,22.5799,167.274,167.274,339.48,92.8424
1105,cnn,baseline,jetson_emulator,20,local,0.5,85.722,71.6376,85.722,88.1014,22.5794,167.274,167.274,339.6333,92.8421
1106,cnn,baseline,jetson_emulator,20,local,0.5,85.7321,71.1208,85.7321,87.1638,22.5786,167.274,167.274,339.7866,92.8536
1107,cnn,baseline,jetson_emulator,20,local,0.5,86.5809,71.9763,86.5809,88.6787,22.5114,167.274,167.274,339.9398,92.8254
1108,cnn,baseline,jetson_emulator,20,local,0.5,85.9877,71.3237,85.9877,86.6351,22.5583,167.274,167.274,340.0931,92.9741
1109,cnn,baseline,jetson_emulator,20,local,0.5,86.1223,71.1685,86.1223,88.3735,22.5477,167.274,167.274,340.2463,92.8362
1110,cnn,baseline,jetson_emulator,20,offload,0.5,86.3124,71.1783,71.1783,73.2748,23.7981,167.274,167.274,338.3933,92.8072
1111,cnn,baseline,jetson_emulator,20,offload,0.5,87.0413,71.5168,71.5168,72.8032,23.7683,167.274,167.274,338.5456,92.8649
1112,cnn,baseline,jetson_emulator,20,local,0.5,86.2011,71.9284,86.2011,88.1234,22.5414,167.274,167.274,340.7061,92.7659
1113,cnn,baseline,jetson_emulator,20,local,0.5,86.6694,71.4642,86.6694,88.519,22.5044,167.274,167.274,340.8593,92.854
1114,cnn,baseline,jetson_emulator,20,offload,0.5,86.6233,72.0175,72.0175,74.5277,23.7242,167.274,167.274,339.0027,92.7579
1115,cnn,baseline,jetson_emulator,20,offload,0.5,86.4569,71.6838,71.6838,74.0568,23.7536,167.274,167.274,339.1551,92.6921
1116,cnn,baseline,jetson_emulator,20,local,0.5,86.4945,71.6022,86.4945,87.9137,22.5182,167.274,167.274,341.3191,92.8327
1117,cnn,baseline,jetson_emulator,20,local,0.5,86.6314,73.2047,86.6314,88.1616,22.5074,167.274,167.274,341.4724,92.8835
1118,cnn,baseline,jetson_emulator,20,local,0.5,87.1696,72.5487,87.1696,89.2859,22.4649,167.274,167.274,341.6256,92.8145
1119,cnn,baseline,jetson_emulator,20,offload,0.5,87.3732,71.7769,71.7769,73.2518,23.7454,167.274,167.274,339.7645,92.8718
1120,cnn,baseline,jetson_emulator,20,offload,0.5,87.4913,71.9945,71.9945,73.7189,23.7263,167.274,167.274,339.9168,92.7831
1121,cnn,baseline,jetson_emulator,20,local,0.5,87.3716,72.3137,87.3716,89.5897,22.4491,167.274,167.274,342.0854,92.8438
1122,cnn,baseline,jetson_emulator,20,offload,0.5,87.5448,72.7126,72.7126,74.9929,23.6634,167.274,167.274,340.2215,92.6955
1123,cnn,baseline,jetson_emulator,20,local,0.5,87.735,72.2534,87.735,89.3487,22.4205,167.274,167.274,342.3919,92.721
1124,cnn,baseline,jetson_emulator,20,offload,0.5,87.5899,73.0173,73.0173,74.965,23.6368,167.274,167.274,340.5262,92.8356
1125,cnn,baseline,jetson_emulator,20,offload,0.5,87.4836,72.4393,72.4393,74.0639,23.6873,167.274,167.274,340.6786,92.6662
1126,cnn,baseline,jetson_emulator,20,offload,0.5,88.1037,73.4313,73.4313,75.1676,23.6008,167.274,167.274,340.8309,92.7906
1127,cnn,baseline,jetson_emulator,20,local,0.5,88.0873,72.8846,88.0873,89.6819,22.393,167.274,167.274,343.0049,92.755
1128,cnn,baseline,jetson_emulator,20,offload,0.5,87.8904,72.9932,72.9932,74.6841,23.6389,167.274,167.274,341.1357,92.9131
1129,cnn,baseline,jetson_emulator,20,offload,0.5,88.0995,73.2401,73.2401,74.8487,23.6174,167.274,167.274,341.288,92.7887
1130,cnn,baseline,jetson_emulator,20,offload,0.5,88.891,73.0111,73.0111,74.3018,23.6373,167.274,167.274,341.4404,92.7986
1131,cnn,baseline,jetson_emulator,20,offload,0.5,88.9806,73.1069,73.1069,75.5425,23.629,167.274,167.274,341.5927,92.762
1132,cnn,baseline,jetson_emulator,20,local,0.5,88.1883,73.1777,88.1883,89.6037,22.3851,167.274,167.274,343.7712,92.8323
1133,cnn,baseline,jetson_emulator,20,local,0.5,88.324,73.8985,88.324,90.144,22.3745,167.274,167.274,343.9245,92.8086
1134,cnn,baseline,jetson_emulator,20,offload,0.5,88.6233,73.1279,73.1279,74.5496,23.6272,167.274,167.274,342.0498,92.8336
1135,cnn,baseline,jetson_emulator,20,offload,0.5,88.4838,73.302,73.302,74.806,23.612,167.274,167.274,342.2021,92.7614
1136,cnn,baseline,jetson_emulator,20,offload,0.5,88.7345,74.2262,74.2262,75.4256,23.5319,167.274,167.274,342.3545,92.7759
1137,cnn,baseline,jetson_emulator,20,offload,0.5,88.6772,73.9938,73.9938,75.4764,23.552,167.274,167.274,342.5068,92.9139
1138,cnn,baseline,jetson_emulator,20,offload,0.5,89.2516,73.8384,73.8384,75.6932,23.5655,167.274,167.274,342.6592,92.8722
1139,cnn,baseline,jetson_emulator,20,offload,0.5,88.9358,74.4671,74.4671,76.5498,23.5112,167.274,167.274,342.8115,92.7898
1140,cnn,baseline,jetson_emulator,20,local,0.5,89.3217,74.1767,89.3217,91.3569,22.2968,167.274,167.274,344.9973,92.7337
1141,cnn,baseline,jetson_emulator,20,offload,0.5,89.4168,74.3991,74.3991,76.5349,23.517,167.274,167.274,343.1162,92.7945
1142,cnn,baseline,jetson_emulator,20,local,0.5,90.2093,74.3023,90.2093,92.4516,22.2282,167.274,167.274,345.3038,92.8059
1143,cnn,baseline,jetson_emulator,20,local,0.5,89.9424,74.2013,89.9424,91.7786,22.2488,167.274,167.274,345.457,92.8634
1144,cnn,baseline,jetson_emulator,20,local,0.5,89.8975,73.984,89.8975,91.7111,22.2523,167.274,167.274,345.6103,92.8603
1145,cnn,baseline,jetson_emulator,20,local,0.5,89.5944,74.106,89.5944,91.3042,22.2757,167.274,167.274,345.7636,92.7934
1146,cnn,baseline,jetson_emulator,20,offload,0.5,90.0699,74.0971,74.0971,75.0721,23.5431,167.274,167.274,343.878,92.8618
1147,cnn,baseline,jetson_emulator,20,local,0.5,90.1134,74.6408,90.1134,92.3659,22.2356,167.274,167.274,346.0701,92.8099
1148,cnn,baseline,jetson_emulator,20,offload,0.5,89.7752,74.7253,74.7253,76.8108,23.4889,167.274,167.274,344.1827,92.906
1149,cnn,baseline,jetson_emulator,20,local,0.5,90.4281,75.0819,90.4281,92.0285,22.2114,167.274,167.274,346.3766,92.7299
1150,cnn,baseline,jetson_emulator,20,local,0.5,90.1194,75.3381,90.1194,91.8027,22.2352,167.274,167.274,346.5298,92.7635
1151,cnn,baseline,jetson_emulator,20,offload,0.5,90.5034,75.4652,75.4652,77.5533,23.4254,167.274,167.274,344.6398,92.7957
1152,cnn,baseline,jetson_emulator,20,local,0.5,90.6661,75.8968,90.6661,93.1906,22.1931,167.274,167.274,346.8363,92.8193
1153,cnn,baseline,jetson_emulator,20,local,0.5,91.7841,74.7031,91.7841,93.3978,22.1076,167.274,167.274,346.9896,92.9081
1154,cnn,baseline,jetson_emulator,20,local,0.5,90.6059,75.6513,90.6059,92.1861,22.1977,167.274,167.274,347.1429,92.7349
1155,cnn,baseline,jetson_emulator,20,offload,0.5,91.6361,75.0995,75.0995,77.6221,23.4568,167.274,167.274,345.2492,92.774
1156,cnn,baseline,jetson_emulator,20,local,0.5,91.6466,75.5166,91.6466,93.1289,22.1181,167.274,167.274,347.4494,92.8513
1157,cnn,baseline,jetson_emulator,20,offload,0.5,90.7984,75.2666,75.2666,76.0119,23.4424,167.274,167.274,345.5539,92.6955
1158,cnn,baseline,jetson_emulator,20,offload,0.5,90.8168,75.7948,75.7948,77.2984,23.3973,167.274,167.274,345.7062,92.8089
1159,cnn,baseline,jetson_emulator,20,local,0.5,90.8756,75.4915,90.8756,92.7474,22.177,167.274,167.274,347.9091,92.8441
1160,cnn,baseline,jetson_emulator,20,local,0.5,90.928,75.964,90.928,93.0968,22.173,167.274,167.274,348.0624,92.7455
1161,cnn,baseline,jetson_emulator,20,local,0.5,91.5071,77.0936,91.5071,93.6124,22.1287,167.274,167.274,348.2157,92.7983
1162,cnn,baseline,jetson_emulator,20,offload,0.5,91.6201,76.2571,76.2571,77.9857,23.3579,167.274,167.274,346.3157,92.7786
1163,cnn,baseline,jetson_emulator,20,offload,0.5,91.8276,75.6958,75.6958,77.1343,23.4057,167.274,167.274,346.468,92.8314
1164,cnn,baseline,jetson_emulator,20,offload,0.5,92.2021,75.5785,75.5785,77.3661,23.4158,167.274,167.274,346.6204,92.8073
1165,cnn,baseline,jetson_emulator,20,local,0.5,91.4552,76.7435,91.4552,92.8062,22.1327,167.274,167.274,348.8287,92.8066
1166,cnn,baseline,jetson_emulator,20,local,0.5,91.5652,77.0415,91.5652,93.2534,22.1243,167.274,167.274,348.9819,92.8188
1167,cnn,baseline,jetson_emulator,20,offload,0.5,91.7459,75.978,75.978,78.4076,23.3816,167.274,167.274,347.0774,92.8226
1168,cnn,baseline,jetson_emulator,20,offload,0.5,91.5528,75.9326,75.9326,77.6829,23.3855,167.274,167.274,347.2298,92.7779
1169,cnn,baseline,jetson_emulator,20,offload,0.5,92.381,76.7042,76.7042,78.452,23.3199,167.274,167.274,347.3821,92.8767
1170,cnn,baseline,jetson_emulator,20,local,0.5,91.6738,76.6428,91.6738,92.9612,22.116,167.274,167.274,349.595,92.7277
1171,cnn,baseline,jetson_emulator,20,offload,0.5,91.8846,76.423,76.423,78.538,23.3438,167.274,167.274,347.6868,92.8091
1172,cnn,baseline,jetson_emulator,20,local,0.5,91.8609,77.1051,91.8609,93.9145,22.1017,167.274,167.274,349.9015,92.7839
1173,cnn,baseline,jetson_emulator,20,local,0.5,92.519,76.0506,92.519,94.5997,22.0517,167.274,167.274,350.0547,92.7547
1174,cnn,baseline,jetson_emulator,20,offload,0.5,92.0505,76.3878,76.3878,78.1362,23.3468,167.274,167.274,348.1439,92.8416
1175,cnn,baseline,jetson_emulator,20,local,0.5,92.3527,77.0221,92.3527,93.5866,22.0643,167.274,167.274,350.3612,92.906
1176,cnn,baseline,jetson_emulator,20,local,0.5,92.8733,76.2881,92.8733,93.7127,22.0249,167.274,167.274,350.5145,92.7747
1177,cnn,baseline,jetson_emulator,20,offload,0.5,92.1617,77.1847,77.1847,78.237,23.2792,167.274,167.274,348.601,92.7672
1178,cnn,baseline,jetson_emulator,20,local,0.5,92.3774,76.817,92.3774,94.337,22.0624,167.274,167.274,350.821,92.829
1179,cnn,baseline,jetson_emulator,20,offload,0.5,92.5073,76.7004,76.7004,78.7991,23.3202,167.274,167.274,348.9057,92.8447
1180,cnn,baseline,jetson_emulator,20,offload,0.5,92.6637,76.4378,76.4378,78.3266,23.3425,167.274,167.274,349.058,92.9233
1181,cnn,baseline,jetson_emulator,20,offload,0.5,93.1439,76.7837,76.7837,78.3634,23.3132,167.274,167.274,349.2104,92.7854
1182,cnn,baseline,jetson_emulator,20,local,0.5,92.9391,78.1892,92.9391,94.9609,22.0199,167.274,167.274,351.434,92.7571
1183,cnn,baseline,jetson_emulator,20,offload,0.5,93.1224,77.3482,77.3482,79.3436,23.2654,167.274,167.274,349.5151,92.784
1184,cnn,baseline,jetson_emulator,20,offload,0.5,93.3844,76.6803,76.6803,78.3849,23.3219,167.274,167.274,349.6674,92.8219
1185,cnn,baseline,jetson_emulator,20,local,0.5,92.9015,76.7391,92.9015,94.7664,22.0227,167.274,167.274,351.8938,92.7693
1186,cnn,baseline,jetson_emulator,20,offload,0.5,93.0387,77.285,77.285,79.2691,23.2707,167.274,167.274,349.9721,92.7617
1187,cnn,baseline,jetson_emulator,20,local,0.5,92.7022,76.7531,92.7022,95.7655,22.0378,167.274,167.274,352.2003,92.7925
1188,cnn,baseline,jetson_emulator,20,local,0.5,93.0947,78.4126,93.0947,94.395,22.0081,167.274,167.274,352.3536,92.7843
1189,cnn,baseline,jetson_emulator,20,offload,0.5,93.0733,77.9295,77.9295,79.1925,23.2165,167.274,167.274,350.4292,92.8579
1190,cnn,baseline,jetson_emulator,20,local,0.5,93.1001,77.7587,93.1001,94.7775,22.0077,167.274,167.274,352.6601,92.8608
1191,cnn,baseline,jetson_emulator,20,local,0.5,93.477,78.1462,93.477,95.1985,21.9793,167.274,167.274,352.8134,92.8522
1192,cnn,baseline,jetson_emulator,20,local,0.5,93.1727,78.8092,93.1727,95.4101,22.0022,167.274,167.274,352.9666,92.8498
1193,cnn,baseline,jetson_emulator,20,local,0.5,93.0356,77.1085,93.0356,94.6294,22.0126,167.274,167.274,353.1199,92.7897
1194,cnn,baseline,jetson_emulator,20,offload,0.5,93.8333,76.9305,76.9305,78.9545,23.3007,167.274,167.274,351.191,92.7908
1195,cnn,baseline,jetson_emulator,20,offload,0.5,92.9663,77.0988,77.0988,79.182,23.2865,167.274,167.274,351.3433,92.7898
1196,cnn,baseline,jetson_emulator,20,offload,0.5,94.1744,78.3509,78.3509,80.0558,23.1811,167.274,167.274,351.4957,92.8215
1197,cnn,baseline,jetson_emulator,20,local,0.5,93.1322,78.1092,93.1322,94.56,22.0053,167.274,167.274,353.7329,92.829
1198,cnn,baseline,jetson_emulator,20,offload,0.5,93.5304,77.4167,77.4167,79.163,23.2596,167.274,167.274,351.8004,92.8245
1199,cnn,baseline,jetson_emulator,20,offload,0.5,93.8189,77.1555,77.1555,78.4536,23.2817,167.274,167.274,351.9527,92.8516
1200,cnn,baseline,jetson_emulator,20,local,0.5,93.1526,77.3481,93.1526,95.3588,22.0038,167.274,167.274,354.1927,92.9041
