cycle_id,model,architecture,profile,nodes,decision,threshold,local_latency_ms,offload_latency_ms,total_latency_ms,rtt_ms,throughput_fps,local_power_mw,offload_power_mw,effective_power_mw,accuracy_step
1,snn,baseline,jetson_emulator,2,local,0.5,36.9495,29.792,36.9495,38.3801,77.7382,112.06483125000001,112.06483125000001,112.3676,89.9417
2,snn,baseline,jetson_emulator,2,offload,0.5,36.9307,30.2184,30.2184,31.5772,80.6195,112.06483125000001,112.06483125000001,112.4013,90.0684
3,snn,baseline,jetson_emulator,2,local,0.5,36.9231,30.9788,36.9231,38.6899,77.7491,112.06483125000001,112.06483125000001,112.5697,90.058
4,snn,baseline,jetson_emulator,2,offload,0.5,36.6395,30.2181,30.2181,31.4792,80.6197,112.06483125000001,112.06483125000001,112.6032,90.0948
5,snn,baseline,jetson_emulator,2,local,0.5,38.2935,30.8153,38.2935,40.0592,77.1874,112.06483125000001,112.06483125000001,112.7717,90.052
6,snn,baseline,jetson_emulator,2,local,0.5,36.5971,30.1807,36.5971,38.1216,77.8839,112.06483125000001,112.06483125000001,112.8728,90.0068
7,snn,baseline,jetson_emulator,2,offload,0.5,36.5133,30.352,30.352,31.9354,80.5603,112.06483125000001,112.06483125000001,112.9062,90.1004
8,snn,baseline,jetson_emulator,2,offload,0.5,36.5894,30.7437,30.7437,32.9466,80.387,112.06483125000001,112.06483125000001,113.0071,90.0818
9,snn,baseline,jetson_emulator,2,local,0.5,37.3966,30.6331,37.3966,39.4457,77.5541,112.06483125000001,112.06483125000001,113.1759,90.0331
10,snn,baseline,jetson_emulator,2,offload,0.5,36.8281,31.4221,31.4221,32.8511,80.0887,112.06483125000001,112.06483125000001,113.2091,90.0337
11,snn,baseline,jetson_emulator,2,offload,0.5,36.8281,30.9593,30.9593,33.0551,80.292,112.06483125000001,112.06483125000001,113.3101,89.9396
12,snn,baseline,jetson_emulator,2,local,0.5,37.7837,30.5838,37.7837,39.3323,77.3954,112.06483125000001,112.06483125000001,113.479,90.0338
13,snn,baseline,jetson_emulator,2,local,0.5,37.258,31.4232,37.258,38.611,77.6111,112.06483125000001,112.06483125000001,113.5801,90.0129
14,snn,baseline,jetson_emulator,2,offload,0.5,38.5488,31.7464,31.7464,33.4996,79.9469,112.06483125000001,112.06483125000001,113.613,90.0411
15,snn,baseline,jetson_emulator,2,offload,0.5,37.4734,30.6145,30.6145,32.2504,80.4441,112.06483125000001,112.06483125000001,113.714,90.0288
16,snn,baseline,jetson_emulator,2,local,0.5,37.1,30.656,37.1,39.1459,77.6762,112.06483125000001,112.06483125000001,113.8832,89.9677
17,snn,baseline,jetson_emulator,2,offload,0.5,37.2629,31.5972,31.5972,33.3248,80.012,112.06483125000001,112.06483125000001,113.916,90.0042
18,snn,baseline,jetson_emulator,2,local,0.5,37.7198,30.9613,37.7198,39.5298,77.4216,112.06483125000001,112.06483125000001,114.0853,90.0275
19,snn,baseline,jetson_emulator,2,local,0.5,37.6751,31.2002,37.6751,40.0471,77.4398,112.06483125000001,112.06483125000001,114.1863,89.9858
20,snn,baseline,jetson_emulator,2,local,0.5,38.5623,31.7444,38.5623,40.6346,77.0782,112.06483125000001,112.06483125000001,114.2873,89.9355
21,snn,baseline,jetson_emulator,2,local,0.5,38.1223,32.8589,38.1223,39.8183,77.2571,112.06483125000001,112.06483125000001,114.3884,89.8244
22,snn,baseline,jetson_emulator,2,local,0.5,37.5627,31.2434,37.5627,39.2491,77.4859,112.06483125000001,112.06483125000001,114.4894,89.9832
23,snn,baseline,jetson_emulator,2,local,0.5,37.726,33.1283,37.726,39.4979,77.419,112.06483125000001,112.06483125000001,114.5905,89.9789
24,snn,baseline,jetson_emulator,2,local,0.5,38.0108,32.3978,38.0108,40.4056,77.3026,112.06483125000001,112.06483125000001,114.6915,89.9495
25,snn,baseline,jetson_emulator,2,local,0.5,38.1714,31.1164,38.1714,40.2713,77.2371,112.06483125000001,112.06483125000001,114.7925,89.9881
26,snn,baseline,jetson_emulator,2,local,0.5,37.8518,31.2026,37.8518,39.3696,77.3675,112.06483125000001,112.06483125000001,114.8936,90.0088
27,snn,baseline,jetson_emulator,2,offload,0.5,37.8595,31.3765,31.3765,32.9995,80.1087,112.06483125000001,112.06483125000001,114.9258,90.0297
28,snn,baseline,jetson_emulator,2,offload,0.5,38.2788,33.2825,33.2825,34.7537,79.2819,112.06483125000001,112.06483125000001,115.0267,90.057
29,snn,baseline,jetson_emulator,2,offload,0.5,37.9792,32.3751,32.3751,34.1752,79.6733,112.06483125000001,112.06483125000001,115.1277,90.0573
30,snn,baseline,jetson_emulator,2,local,0.5,38.9741,32.6719,38.9741,40.1888,76.9114,112.06483125000001,112.06483125000001,115.2977,89.957
31,snn,baseline,jetson_emulator,2,local,0.5,39.0929,32.3312,39.0929,41.1946,76.8635,112.06483125000001,112.06483125000001,115.3988,90.0523
32,snn,baseline,jetson_emulator,2,offload,0.5,38.487,31.7239,31.7239,33.0837,79.9567,112.06483125000001,112.06483125000001,115.4306,89.9881
33,snn,baseline,jetson_emulator,2,local,0.5,38.8259,32.2823,38.8259,40.0409,76.9713,112.06483125000001,112.06483125000001,115.6009,90.0135
34,snn,baseline,jetson_emulator,2,offload,0.5,38.5607,31.9085,31.9085,34.1417,79.8762,112.06483125000001,112.06483125000001,115.6326,90.1381
35,snn,baseline,jetson_emulator,2,local,0.5,38.3124,32.9054,38.3124,40.6447,77.1797,112.06483125000001,112.06483125000001,115.8029,90.0069
36,snn,baseline,jetson_emulator,2,local,0.5,38.7599,32.6547,38.7599,40.2333,76.998,112.06483125000001,112.06483125000001,115.904,90.023
37,snn,baseline,jetson_emulator,2,offload,0.5,38.8994,32.7388,32.7388,35.1846,79.516,112.06483125000001,112.06483125000001,115.9355,90.0315
38,snn,baseline,jetson_emulator,2,offload,0.5,38.7319,32.3342,32.3342,33.8974,79.6911,112.06483125000001,112.06483125000001,116.0365,89.9957
39,snn,baseline,jetson_emulator,2,local,0.5,38.88,32.3312,38.88,40.2099,76.9494,112.06483125000001,112.06483125000001,116.2071,90.011
40,snn,baseline,jetson_emulator,2,offload,0.5,39.4211,32.5535,32.5535,34.2642,79.5961,112.06483125000001,112.06483125000001,116.2385,89.9871
41,snn,baseline,jetson_emulator,2,local,0.5,38.7541,32.3248,38.7541,39.6193,77.0004,112.06483125000001,112.06483125000001,116.4092,89.9806
42,snn,baseline,jetson_emulator,2,local,0.5,39.1092,32.6456,39.1092,40.7176,76.8569,112.06483125000001,112.06483125000001,116.5102,90.0145
43,snn,baseline,jetson_emulator,2,local,0.5,38.6611,32.0167,38.6611,39.8024,77.0381,112.06483125000001,112.06483125000001,116.6113,89.9405
44,snn,baseline,jetson_emulator,2,local,0.5,39.5663,32.8279,39.5663,40.5578,76.6729,112.06483125000001,112.06483125000001,116.7123,90.0227
45,snn,baseline,jetson_emulator,2,local,0.5,40.3139,32.3925,40.3139,40.7635,76.3739,112.06483125000001,112.06483125000001,116.8133,90.0158
46,snn,baseline,jetson_emulator,2,local,0.5,39.5822,32.6922,39.5822,41.3139,76.6665,112.06483125000001,112.06483125000001,116.9144,89.9455
47,snn,baseline,jetson_emulator,2,local,0.5,39.287,32.2877,39.287,40.9323,76.7852,112.06483125000001,112.06483125000001,117.0154,89.9886
48,snn,baseline,jetson_emulator,2,local,0.5,40.5349,32.2187,40.5349,42.2818,76.2859,112.06483125000001,112.06483125000001,117.1165,90.0181
49,snn,baseline,jetson_emulator,2,local,0.5,39.502,32.245,39.502,41.1736,76.6987,112.06483125000001,112.06483125000001,117.2175,90.1035
50,snn,baseline,jetson_emulator,2,local,0.5,39.5675,33.3588,39.5675,41.0222,76.6724,112.06483125000001,112.06483125000001,117.3185,89.9614
51,snn,baseline,jetson_emulator,2,offload,0.5,39.3684,32.3113,32.3113,34.13,79.701,112.06483125000001,112.06483125000001,117.3493,90.0392
52,snn,baseline,jetson_emulator,2,local,0.5,39.2888,32.7025,39.2888,41.2847,76.7845,112.06483125000001,112.06483125000001,117.5206,90.055
53,snn,baseline,jetson_emulator,2,local,0.5,39.3513,32.6178,39.3513,40.4169,76.7593,112.06483125000001,112.06483125000001,117.6217,89.9513
54,snn,baseline,jetson_emulator,2,offload,0.5,39.4163,32.4947,32.4947,33.9868,79.6215,112.06483125000001,112.06483125000001,117.6522,89.9997
55,snn,baseline,jetson_emulator,2,offload,0.5,39.2257,33.6343,33.6343,35.7214,79.1311,112.06483125000001,112.06483125000001,117.7532,90.0267
56,snn,baseline,jetson_emulator,2,local,0.5,39.7587,32.6319,39.7587,42.1787,76.5957,112.06483125000001,112.06483125000001,117.9248,90.1019
57,snn,baseline,jetson_emulator,2,offload,0.5,39.9254,33.4704,33.4704,35.3925,79.2013,112.06483125000001,112.06483125000001,117.9551,89.942
58,snn,baseline,jetson_emulator,2,offload,0.5,39.6442,33.4052,33.4052,34.6029,79.2292,112.06483125000001,112.06483125000001,118.0561,90.0431
59,snn,baseline,jetson_emulator,2,local,0.5,39.7707,33.578,39.7707,41.6495,76.5909,112.06483125000001,112.06483125000001,118.2279,90.065
60,snn,baseline,jetson_emulator,2,offload,0.5,39.8201,33.9391,33.9391,35.8419,79.001,112.06483125000001,112.06483125000001,118.2581,89.9918
61,snn,baseline,jetson_emulator,2,local,0.5,40.6295,33.6018,40.6295,42.9962,76.2484,112.06483125000001,112.06483125000001,118.43,90.0325
62,snn,baseline,jetson_emulator,2,local,0.5,39.5348,32.9423,39.5348,41.5873,76.6856,112.06483125000001,112.06483125000001,118.531,89.9657
63,snn,baseline,jetson_emulator,2,local,0.5,39.8383,33.811,39.8383,41.4366,76.5638,112.06483125000001,112.06483125000001,118.6321,89.9394
64,snn,baseline,jetson_emulator,2,local,0.5,39.7331,33.5837,39.7331,41.3546,76.606,112.06483125000001,112.06483125000001,118.7331,89.9709
65,snn,baseline,jetson_emulator,2,offload,0.5,39.6763,33.0168,33.0168,34.5463,79.3961,112.06483125000001,112.06483125000001,118.763,89.9871
66,snn,baseline,jetson_emulator,2,local,0.5,39.7257,33.2664,39.7257,41.2113,76.6089,112.06483125000001,112.06483125000001,118.9352,89.9728
67,snn,baseline,jetson_emulator,2,offload,0.5,40.6785,34.2516,34.2516,36.3635,78.868,112.06483125000001,112.06483125000001,118.9649,90.125
68,snn,baseline,jetson_emulator,2,offload,0.5,40.1553,33.2253,33.2253,34.7528,79.3064,112.06483125000001,112.06483125000001,119.0659,90.0466
69,snn,baseline,jetson_emulator,2,offload,0.5,39.9093,33.3383,33.3383,35.2289,79.2579,112.06483125000001,112.06483125000001,119.1669,90.0037
70,snn,baseline,jetson_emulator,2,offload,0.5,41.0697,33.429,33.429,35.529,79.219,112.06483125000001,112.06483125000001,119.2679,89.9934
71,snn,baseline,jetson_emulator,2,offload,0.5,40.3544,33.2647,33.2647,34.7113,79.2895,112.06483125000001,112.06483125000001,119.3688,90.0469
72,snn,baseline,jetson_emulator,2,local,0.5,40.2195,33.3847,40.2195,41.5661,76.4115,112.06483125000001,112.06483125000001,119.5414,89.9906
73,snn,baseline,jetson_emulator,2,local,0.5,40.9098,33.6035,40.9098,42.9834,76.1372,112.06483125000001,112.06483125000001,119.6425,89.9953
74,snn,baseline,jetson_emulator,2,offload,0.5,39.7833,34.4667,34.4667,35.5682,78.7767,112.06483125000001,112.06483125000001,119.6718,90.0369
75,snn,baseline,jetson_emulator,2,offload,0.5,40.4234,33.3892,33.3892,35.2322,79.2361,112.06483125000001,112.06483125000001,119.7728,90.0086
76,snn,baseline,jetson_emulator,2,local,0.5,40.0777,33.5894,40.0777,42.3043,76.4681,112.06483125000001,112.06483125000001,119.9456,90.0298
77,snn,baseline,jetson_emulator,2,local,0.5,40.4673,32.9497,40.4673,41.8035,76.3128,112.06483125000001,112.06483125000001,120.0466,90.0436
78,snn,baseline,jetson_emulator,2,local,0.5,40.315,33.9746,40.315,41.1217,76.3734,112.06483125000001,112.06483125000001,120.1477,89.9786
79,snn,baseline,jetson_emulator,2,offload,0.5,40.5415,33.6036,33.6036,34.7917,79.1442,112.06483125000001,112.06483125000001,120.1767,89.9348
80,snn,baseline,jetson_emulator,2,local,0.5,39.9379,34.4978,39.9379,42.1121,76.524,112.06483125000001,112.06483125000001,120.3497,89.9255
81,snn,baseline,jetson_emulator,2,local,0.5,39.9303,33.4408,39.9303,41.5071,76.527,112.06483125000001,112.06483125000001,120.4508,90.0278
82,snn,baseline,jetson_emulator,2,offload,0.5,40.9756,33.1585,33.1585,34.4579,79.3351,112.06483125000001,112.06483125000001,120.4796,90.0445
83,snn,baseline,jetson_emulator,2,offload,0.5,40.0396,33.0904,33.0904,34.255,79.3644,112.06483125000001,112.06483125000001,120.5806,89.9741
84,snn,baseline,jetson_emulator,2,local,0.5,40.7615,33.3651,40.7615,42.5804,76.196,112.06483125000001,112.06483125000001,120.7539,89.9624
85,snn,baseline,jetson_emulator,2,offload,0.5,40.1348,33.4619,33.4619,35.1274,79.2049,112.06483125000001,112.06483125000001,120.7826,89.9789
86,snn,baseline,jetson_emulator,2,local,0.5,40.3354,34.4611,40.3354,41.885,76.3653,112.06483125000001,112.06483125000001,120.956,90.0036
87,snn,baseline,jetson_emulator,2,local,0.5,40.3665,33.9853,40.3665,42.7979,76.3529,112.06483125000001,112.06483125000001,121.057,90.0345
88,snn,baseline,jetson_emulator,2,offload,0.5,40.3272,33.0873,33.0873,34.7246,79.3658,112.06483125000001,112.06483125000001,121.0855,90.0513
89,snn,baseline,jetson_emulator,2,offload,0.5,40.0618,33.7384,33.7384,35.2473,79.0866,112.06483125000001,112.06483125000001,121.1865,90.0036
90,snn,baseline,jetson_emulator,2,offload,0.5,40.0606,34.0487,34.0487,35.596,78.9543,112.06483125000001,112.06483125000001,121.2875,89.9907
91,snn,baseline,jetson_emulator,2,local,0.5,40.5814,33.5677,40.5814,42.0604,76.2675,112.06483125000001,112.06483125000001,121.4612,89.9492
92,snn,baseline,jetson_emulator,2,local,0.5,40.2838,33.159,40.2838,42.8319,76.3859,112.06483125000001,112.06483125000001,121.5622,89.981
93,snn,baseline,jetson_emulator,2,local,0.5,40.4083,33.4199,40.4083,42.2548,76.3363,112.06483125000001,112.06483125000001,121.6633,89.9819
94,snn,baseline,jetson_emulator,2,offload,0.5,40.255,33.0915,33.0915,35.4513,79.3639,112.06483125000001,112.06483125000001,121.6914,89.9361
95,snn,baseline,jetson_emulator,2,offload,0.5,40.0933,33.0835,33.0835,35.2237,79.3674,112.06483125000001,112.06483125000001,121.7923,90.0093
96,snn,baseline,jetson_emulator,2,local,0.5,40.6314,33.0259,40.6314,43.0751,76.2476,112.06483125000001,112.06483125000001,121.9664,89.9496
97,snn,baseline,jetson_emulator,2,offload,0.5,40.0659,33.4842,33.4842,35.2413,79.1954,112.06483125000001,112.06483125000001,121.9943,89.9908
98,snn,baseline,jetson_emulator,2,offload,0.5,40.4917,33.1546,33.1546,34.4669,79.3368,112.06483125000001,112.06483125000001,122.0953,90.013
99,snn,baseline,jetson_emulator,2,offload,0.5,40.4316,33.4829,33.4829,35.4838,79.1959,112.06483125000001,112.06483125000001,122.1963,90.0311
100,snn,baseline,jetson_emulator,2,offload,0.5,40.332,33.5496,33.5496,34.7721,79.1674,112.06483125000001,112.06483125000001,122.2972,89.9692
101,snn,baseline,jetson_emulator,2,offload,0.5,40.0981,33.8283,33.8283,34.8097,79.0482,112.06483125000001,112.06483125000001,122.3982,89.9497
102,snn,baseline,jetson_emulator,2,offload,0.5,39.9933,33.8398,33.8398,35.4369,79.0433,112.06483125000001,112.06483125000001,122.4992,89.9555
103,snn,baseline,jetson_emulator,2,local,0.5,41.554,33.4066,41.554,43.2478,75.883,112.06483125000001,112.06483125000001,122.6737,90.0329
104,snn,baseline,jetson_emulator,2,local,0.5,40.1176,33.0373,40.1176,42.2833,76.4522,112.06483125000001,112.06483125000001,122.7747,90.0339
105,snn,baseline,jetson_emulator,2,offload,0.5,40.1125,33.1694,33.1694,35.024,79.3304,112.06483125000001,112.06483125000001,122.8021,90.0609
106,snn,baseline,jetson_emulator,2,local,0.5,40.1145,34.4691,40.1145,41.9758,76.4534,112.06483125000001,112.06483125000001,122.9768,90.0221
107,snn,baseline,jetson_emulator,2,offload,0.5,40.7253,33.842,33.842,35.4813,79.0424,112.06483125000001,112.06483125000001,123.0041,89.9075
108,snn,baseline,jetson_emulator,2,local,0.5,40.6191,33.216,40.6191,42.6725,76.2525,112.06483125000001,112.06483125000001,123.1789,90.0011
109,snn,baseline,jetson_emulator,2,local,0.5,39.8707,33.3341,39.8707,41.8576,76.5509,112.06483125000001,112.06483125000001,123.2799,90.0495
110,snn,baseline,jetson_emulator,2,local,0.5,40.6803,34.072,40.6803,41.7512,76.2282,112.06483125000001,112.06483125000001,123.3809,90.036
111,snn,baseline,jetson_emulator,2,offload,0.5,39.9552,33.0687,33.0687,33.6402,79.3737,112.06483125000001,112.06483125000001,123.408,89.981
112,snn,baseline,jetson_emulator,2,local,0.5,40.2713,34.4471,40.2713,41.9134,76.3909,112.06483125000001,112.06483125000001,123.583,90.0122
113,snn,baseline,jetson_emulator,2,local,0.5,40.3063,32.98,40.3063,41.8573,76.3769,112.06483125000001,112.06483125000001,123.6841,89.9024
114,snn,baseline,jetson_emulator,2,local,0.5,40.6109,32.9827,40.6109,42.0564,76.2557,112.06483125000001,112.06483125000001,123.7851,90.0587
115,snn,baseline,jetson_emulator,2,offload,0.5,40.3083,33.1619,33.1619,34.7505,79.3336,112.06483125000001,112.06483125000001,123.8119,89.9986
116,snn,baseline,jetson_emulator,2,offload,0.5,39.9611,33.6904,33.6904,35.2901,79.1071,112.06483125000001,112.06483125000001,123.9129,89.9714
117,snn,baseline,jetson_emulator,2,local,0.5,40.1191,33.1385,40.1191,41.1102,76.4516,112.06483125000001,112.06483125000001,124.0882,89.9476
118,snn,baseline,jetson_emulator,2,local,0.5,40.0092,32.8337,40.0092,41.8503,76.4954,112.06483125000001,112.06483125000001,124.1893,90.0378
119,snn,baseline,jetson_emulator,2,offload,0.5,40.1943,33.3346,33.3346,35.2356,79.2595,112.06483125000001,112.06483125000001,124.2159,90.0234
120,snn,baseline,jetson_emulator,2,offload,0.5,39.78,33.1881,33.1881,34.6149,79.3224,112.06483125000001,112.06483125000001,124.3168,89.9644
121,snn,baseline,jetson_emulator,2,offload,0.5,39.9163,34.0256,34.0256,36.1637,78.9641,112.06483125000001,112.06483125000001,124.4178,90.0658
122,snn,baseline,jetson_emulator,2,local,0.5,40.6747,33.1236,40.6747,42.5454,76.2304,112.06483125000001,112.06483125000001,124.5934,90.0137
123,snn,baseline,jetson_emulator,2,local,0.5,39.6593,33.149,39.6593,41.812,76.6356,112.06483125000001,112.06483125000001,124.6945,90.0954
124,snn,baseline,jetson_emulator,2,local,0.5,39.8416,32.9646,39.8416,41.3322,76.5625,112.06483125000001,112.06483125000001,124.7955,89.9469
125,snn,baseline,jetson_emulator,2,offload,0.5,40.0937,33.9372,33.9372,35.9496,79.0018,112.06483125000001,112.06483125000001,124.8217,89.9721
126,snn,baseline,jetson_emulator,2,offload,0.5,39.5136,32.986,32.986,34.7207,79.4094,112.06483125000001,112.06483125000001,124.9227,89.988
127,snn,baseline,jetson_emulator,2,local,0.5,39.7736,33.0139,39.7736,42.0064,76.5897,112.06483125000001,112.06483125000001,125.0986,90.0472
128,snn,baseline,jetson_emulator,2,local,0.5,39.8856,33.3844,39.8856,42.0535,76.5449,112.06483125000001,112.06483125000001,125.1997,89.9507
129,snn,baseline,jetson_emulator,2,offload,0.5,39.5973,32.9561,32.9561,35.0258,79.4222,112.06483125000001,112.06483125000001,125.2256,90.0471
130,snn,baseline,jetson_emulator,2,local,0.5,40.6531,33.1395,40.6531,42.856,76.239,112.06483125000001,112.06483125000001,125.4017,90.0725
131,snn,baseline,jetson_emulator,2,offload,0.5,40.1458,33.6509,33.6509,35.7035,79.124,112.06483125000001,112.06483125000001,125.4276,90.0146
132,snn,baseline,jetson_emulator,2,local,0.5,41.1048,33.5134,41.1048,42.8226,76.0601,112.06483125000001,112.06483125000001,125.6038,90.0335
133,snn,baseline,jetson_emulator,2,offload,0.5,39.7382,32.572,32.572,34.0682,79.5881,112.06483125000001,112.06483125000001,125.6296,89.9774
134,snn,baseline,jetson_emulator,2,offload,0.5,40.2092,33.2796,33.2796,34.7595,79.2831,112.06483125000001,112.06483125000001,125.7305,90.0563
135,snn,baseline,jetson_emulator,2,local,0.5,39.5014,33.3281,39.5014,41.3168,76.699,112.06483125000001,112.06483125000001,125.9069,89.9989
136,snn,baseline,jetson_emulator,2,local,0.5,39.2979,32.7133,39.2979,41.42,76.7808,112.06483125000001,112.06483125000001,126.008,90.0607
137,snn,baseline,jetson_emulator,2,offload,0.5,39.2885,32.7999,32.7999,33.4107,79.4896,112.06483125000001,112.06483125000001,126.0335,90.0468
138,snn,baseline,jetson_emulator,2,local,0.5,39.7726,32.4259,39.7726,41.6655,76.5902,112.06483125000001,112.06483125000001,126.2101,89.8705
139,snn,baseline,jetson_emulator,2,offload,0.5,39.6325,32.8443,32.8443,34.8721,79.4704,112.06483125000001,112.06483125000001,126.2354,89.9952
140,snn,baseline,jetson_emulator,2,local,0.5,39.7638,32.5261,39.7638,42.5399,76.5937,112.06483125000001,112.06483125000001,126.4121,90.0301
141,snn,baseline,jetson_emulator,2,local,0.5,40.1342,32.7865,40.1342,41.4214,76.4455,112.06483125000001,112.06483125000001,126.5132,90.1021
142,snn,baseline,jetson_emulator,2,local,0.5,39.4078,33.4973,39.4078,40.7712,76.7366,112.06483125000001,112.06483125000001,126.6142,89.8764
143,snn,baseline,jetson_emulator,2,local,0.5,39.0975,33.122,39.0975,41.0207,76.8616,112.06483125000001,112.06483125000001,126.7153,90.0816
144,snn,baseline,jetson_emulator,2,offload,0.5,40.5634,32.3514,32.3514,33.941,79.6836,112.06483125000001,112.06483125000001,126.7403,89.9144
145,snn,baseline,jetson_emulator,2,local,0.5,39.3635,32.5277,39.3635,41.5227,76.7544,112.06483125000001,112.06483125000001,126.9173,89.9901
146,snn,baseline,jetson_emulator,2,offload,0.5,39.2973,34.062,34.062,35.7795,78.9486,112.06483125000001,112.06483125000001,126.9423,90.0425
147,snn,baseline,jetson_emulator,2,local,0.5,39.9608,32.2928,39.9608,41.9601,76.5148,112.06483125000001,112.06483125000001,127.1194,89.9528
148,snn,baseline,jetson_emulator,2,offload,0.5,39.7264,32.4798,32.4798,34.1543,79.628,112.06483125000001,112.06483125000001,127.1443,89.9952
149,snn,baseline,jetson_emulator,2,offload,0.5,39.2531,32.4862,32.4862,33.4056,79.6252,112.06483125000001,112.06483125000001,127.2452,89.9772
150,snn,baseline,jetson_emulator,2,offload,0.5,39.1191,32.378,32.378,34.1453,79.6721,112.06483125000001,112.06483125000001,127.3462,89.9643
151,snn,baseline,jetson_emulator,2,offload,0.5,39.7762,32.5304,32.5304,34.4173,79.6061,112.06483125000001,112.06483125000001,127.4472,89.9603
152,snn,baseline,jetson_emulator,2,offload,0.5,38.9847,32.6012,32.6012,34.4172,79.5754,112.06483125000001,112.06483125000001,127.5482,89.9937
153,snn,baseline,jetson_emulator,2,offload,0.5,39.0866,33.0316,33.0316,34.9346,79.3897,112.06483125000001,112.06483125000001,127.6492,90.0431
154,snn,baseline,jetson_emulator,2,local,0.5,39.6917,33.2424,39.6917,41.489,76.6226,112.06483125000001,112.06483125000001,127.8267,89.998
155,snn,baseline,jetson_emulator,2,local,0.5,39.9817,32.3267,39.9817,41.4534,76.5065,112.06483125000001,112.06483125000001,127.9277,90.0129
156,snn,baseline,jetson_emulator,2,local,0.5,38.7999,32.8535,38.7999,41.1624,76.9819,112.06483125000001,112.06483125000001,128.0288,89.9657
157,snn,baseline,jetson_emulator,2,local,0.5,39.0447,33.1852,39.0447,41.3093,76.8829,112.06483125000001,112.06483125000001,128.1298,90.0793
158,snn,baseline,jetson_emulator,2,local,0.5,39.1599,33.0559,39.1599,41.2615,76.8364,112.06483125000001,112.06483125000001,128.2309,90.0203
159,snn,baseline,jetson_emulator,2,local,0.5,38.8059,32.8437,38.8059,40.0719,76.9794,112.06483125000001,112.06483125000001,128.3319,90.0489
160,snn,baseline,jetson_emulator,2,local,0.5,39.1942,32.2434,39.1942,40.1109,76.8226,112.06483125000001,112.06483125000001,128.4329,89.9266
161,snn,baseline,jetson_emulator,2,local,0.5,38.6157,32.1162,38.6157,40.9015,77.0565,112.06483125000001,112.06483125000001,128.534,89.9569
162,snn,baseline,jetson_emulator,2,local,0.5,38.7405,32.4735,38.7405,40.1741,77.0059,112.06483125000001,112.06483125000001,128.635,89.9961
163,snn,baseline,jetson_emulator,2,offload,0.5,38.8527,32.3519,32.3519,33.9277,79.6834,112.06483125000001,112.06483125000001,128.6589,90.0046
164,snn,baseline,jetson_emulator,2,local,0.5,39.0724,32.7211,39.0724,41.5438,76.8717,112.06483125000001,112.06483125000001,128.8371,90.0529
165,snn,baseline,jetson_emulator,2,offload,0.5,39.3194,31.8791,31.8791,32.86,79.889,112.06483125000001,112.06483125000001,128.8609,89.9783
166,snn,baseline,jetson_emulator,2,offload,0.5,38.6246,32.5205,32.5205,34.4205,79.6104,112.06483125000001,112.06483125000001,128.9619,89.9478
167,snn,baseline,jetson_emulator,2,offload,0.5,38.978,32.2415,32.2415,34.0884,79.7313,112.06483125000001,112.06483125000001,129.0629,90.0498
168,snn,baseline,jetson_emulator,2,local,0.5,38.9013,32.8184,38.9013,39.053,76.9409,112.06483125000001,112.06483125000001,129.2412,90.0285
169,snn,baseline,jetson_emulator,2,offload,0.5,38.4905,32.9101,32.9101,34.4265,79.4421,112.06483125000001,112.06483125000001,129.2648,89.9833
170,snn,baseline,jetson_emulator,2,local,0.5,39.1099,31.9882,39.1099,40.7242,76.8566,112.06483125000001,112.06483125000001,129.4433,90.0265
171,snn,baseline,jetson_emulator,2,local,0.5,39.0816,31.891,39.0816,40.2777,76.868,112.06483125000001,112.06483125000001,129.5444,90.0214
172,snn,baseline,jetson_emulator,2,local,0.5,38.841,32.2883,38.841,41.5362,76.9652,112.06483125000001,112.06483125000001,129.6454,90.0017
173,snn,baseline,jetson_emulator,2,local,0.5,38.4362,32.8927,38.4362,40.3712,77.1294,112.06483125000001,112.06483125000001,129.7464,90.0545
174,snn,baseline,jetson_emulator,2,local,0.5,38.9518,32.2343,38.9518,40.1274,76.9204,112.06483125000001,112.06483125000001,129.8475,90.0319
175,snn,baseline,jetson_emulator,2,offload,0.5,38.5911,32.1477,32.1477,34.6511,79.772,112.06483125000001,112.06483125000001,129.8707,89.9579
176,snn,baseline,jetson_emulator,2,offload,0.5,38.4434,32.73,32.73,34.5075,79.5198,112.06483125000001,112.06483125000001,129.9717,90.0417
177,snn,baseline,jetson_emulator,2,offload,0.5,38.56,32.259,32.259,34.1012,79.7237,112.06483125000001,112.06483125000001,130.0727,90.0106
178,snn,baseline,jetson_emulator,2,offload,0.5,39.66,31.8317,31.8317,33.3523,79.9097,112.06483125000001,112.06483125000001,130.1736,89.9453
179,snn,baseline,jetson_emulator,2,offload,0.5,39.0347,32.3843,32.3843,33.5154,79.6694,112.06483125000001,112.06483125000001,130.2746,90.0592
180,snn,baseline,jetson_emulator,2,offload,0.5,39.2763,32.3223,32.3223,34.7752,79.6962,112.06483125000001,112.06483125000001,130.3756,90.0427
181,snn,baseline,jetson_emulator,2,local,0.5,38.2577,32.0741,38.2577,40.0832,77.202,112.06483125000001,112.06483125000001,130.5548,90.0651
182,snn,baseline,jetson_emulator,2,local,0.5,38.321,32.4122,38.321,40.1397,77.1762,112.06483125000001,112.06483125000001,130.6558,89.973
183,snn,baseline,jetson_emulator,2,offload,0.5,39.0043,32.6616,32.6616,35.4388,79.5493,112.06483125000001,112.06483125000001,130.6785,89.9149
184,snn,baseline,jetson_emulator,2,local,0.5,38.8903,31.6932,38.8903,41.5027,76.9453,112.06483125000001,112.06483125000001,130.8579,90.0104
185,snn,baseline,jetson_emulator,2,offload,0.5,38.4279,32.2416,32.2416,34.5097,79.7313,112.06483125000001,112.06483125000001,130.8805,90.031
186,snn,baseline,jetson_emulator,2,offload,0.5,38.6062,32.019,32.019,33.2341,79.828,112.06483125000001,112.06483125000001,130.9815,90.0863
187,snn,baseline,jetson_emulator,2,offload,0.5,39.0701,32.0892,32.0892,33.4766,79.7975,112.06483125000001,112.06483125000001,131.0825,89.9937
188,snn,baseline,jetson_emulator,2,offload,0.5,38.4497,32.1588,32.1588,33.5812,79.7673,112.06483125000001,112.06483125000001,131.1834,90.1044
189,snn,baseline,jetson_emulator,2,local,0.5,38.3674,32.004,38.3674,40.0885,77.1573,112.06483125000001,112.06483125000001,131.3631,90.1217
190,snn,baseline,jetson_emulator,2,local,0.5,38.5564,32.7526,38.5564,41.0998,77.0806,112.06483125000001,112.06483125000001,131.4641,90.0586
191,snn,baseline,jetson_emulator,2,offload,0.5,38.5535,32.1141,32.1141,33.6141,79.7867,112.06483125000001,112.06483125000001,131.4864,89.9561
192,snn,baseline,jetson_emulator,2,local,0.5,38.3415,31.598,38.3415,39.1964,77.1678,112.06483125000001,112.06483125000001,131.6662,89.9954
193,snn,baseline,jetson_emulator,2,offload,0.5,38.5498,31.6355,31.6355,33.6483,79.9953,112.06483125000001,112.06483125000001,131.6883,90.0188
194,snn,baseline,jetson_emulator,2,offload,0.5,38.7352,32.0832,32.0832,33.2607,79.8001,112.06483125000001,112.06483125000001,131.7893,89.9887
195,snn,baseline,jetson_emulator,2,local,0.5,38.8284,32.5056,38.8284,40.1877,76.9703,112.06483125000001,112.06483125000001,131.9693,89.9946
196,snn,baseline,jetson_emulator,2,offload,0.5,38.7175,31.9892,31.9892,33.1381,79.841,112.06483125000001,112.06483125000001,131.9913,90.0372
197,snn,baseline,jetson_emulator,2,offload,0.5,38.3363,32.7889,32.7889,33.9381,79.4943,112.06483125000001,112.06483125000001,132.0922,89.9753
198,snn,baseline,jetson_emulator,2,local,0.5,39.7241,32.1093,39.7241,41.3973,76.6096,112.06483125000001,112.06483125000001,132.2724,90.0332
199,snn,baseline,jetson_emulator,2,offload,0.5,38.41,32.2721,32.2721,33.5582,79.718,112.06483125000001,112.06483125000001,132.2942,89.9569
200,snn,baseline,jetson_emulator,2,local,0.5,38.8285,32.006,38.8285,39.9583,76.9703,112.06483125000001,112.06483125000001,132.4745,90.0318
201,snn,baseline,jetson_emulator,2,local,0.5,38.7822,32.0392,38.7822,40.0068,76.989,112.06483125000001,112.06483125000001,132.5756,90.1013
202,snn,baseline,jetson_emulator,2,local,0.5,38.794,31.8744,38.794,40.6916,76.9843,112.06483125000001,112.06483125000001,132.6766,90.0099
203,snn,baseline,jetson_emulator,2,local,0.5,38.2833,32.5242,38.2833,39.4344,77.1915,112.06483125000001,112.06483125000001,132.7776,90.0191
204,snn,baseline,jetson_emulator,2,local,0.5,38.4764,33.4608,38.4764,39.8727,77.113,112.06483125000001,112.06483125000001,132.8787,90.0483
205,snn,baseline,jetson_emulator,2,offload,0.5,38.4052,32.3687,32.3687,33.7062,79.6761,112.06483125000001,112.06483125000001,132.9001,90.103
206,snn,baseline,jetson_emulator,2,local,0.5,38.9978,32.1267,38.9978,40.8039,76.9018,112.06483125000001,112.06483125000001,133.0808,90.076
207,snn,baseline,jetson_emulator,2,local,0.5,38.7108,32.7962,38.7108,40.9771,77.0179,112.06483125000001,112.06483125000001,133.1818,90.0439
208,snn,baseline,jetson_emulator,2,local,0.5,39.1968,33.1122,39.1968,40.1822,76.8216,112.06483125000001,112.06483125000001,133.2828,89.9524
209,snn,baseline,jetson_emulator,2,local,0.5,38.6172,33.5253,38.6172,39.8935,77.0559,112.06483125000001,112.06483125000001,133.3839,89.9801
210,snn,baseline,jetson_emulator,2,local,0.5,38.8763,32.7114,38.8763,40.2204,76.951,112.06483125000001,112.06483125000001,133.4849,90.0203
211,snn,baseline,jetson_emulator,2,offload,0.5,39.0196,34.0671,34.0671,35.615,78.9464,112.06483125000001,112.06483125000001,133.506,90.0522
212,snn,baseline,jetson_emulator,2,local,0.5,40.0903,32.7346,40.0903,41.209,76.4631,112.06483125000001,112.06483125000001,133.687,90.0882
213,snn,baseline,jetson_emulator,2,offload,0.5,39.234,32.6559,32.6559,34.0873,79.5518,112.06483125000001,112.06483125000001,133.7079,90.0005
214,snn,baseline,jetson_emulator,2,local,0.5,38.7995,31.9741,38.7995,40.6064,76.982,112.06483125000001,112.06483125000001,133.8891,90.0244
215,snn,baseline,jetson_emulator,2,local,0.5,38.5727,32.2789,38.5727,40.2908,77.0739,112.06483125000001,112.06483125000001,133.9901,89.8867
216,snn,baseline,jetson_emulator,2,local,0.5,38.9683,32.7628,38.9683,41.5656,76.9137,112.06483125000001,112.06483125000001,134.0912,90.1258
217,snn,baseline,jetson_emulator,2,local,0.5,38.6106,32.7987,38.6106,39.4562,77.0586,112.06483125000001,112.06483125000001,134.1922,90.0199
218,snn,baseline,jetson_emulator,2,offload,0.5,39.5036,32.4676,32.4676,34.6175,79.6332,112.06483125000001,112.06483125000001,134.2128,89.9878
219,snn,baseline,jetson_emulator,2,offload,0.5,39.0334,32.7512,32.7512,35.4502,79.5106,112.06483125000001,112.06483125000001,134.3138,89.9757
220,snn,baseline,jetson_emulator,2,offload,0.5,38.8168,33.3589,33.3589,35.4457,79.2491,112.06483125000001,112.06483125000001,134.4148,89.9909
221,snn,baseline,jetson_emulator,2,offload,0.5,38.9449,32.0448,32.0448,34.084,79.8168,112.06483125000001,112.06483125000001,134.5158,90.0059
222,snn,baseline,jetson_emulator,2,offload,0.5,39.6955,32.9867,32.9867,34.5742,79.4091,112.06483125000001,112.06483125000001,134.6167,90.0147
223,snn,baseline,jetson_emulator,2,offload,0.5,39.6571,32.0718,32.0718,33.677,79.8051,112.06483125000001,112.06483125000001,134.7177,89.9314
224,snn,baseline,jetson_emulator,2,offload,0.5,39.1525,33.4334,33.4334,35.1359,79.2171,112.06483125000001,112.06483125000001,134.8187,89.993
225,snn,baseline,jetson_emulator,2,local,0.5,38.9636,32.9811,38.9636,40.5606,76.9157,112.06483125000001,112.06483125000001,135.0005,89.9877
226,snn,baseline,jetson_emulator,2,offload,0.5,38.8621,32.5629,32.5629,33.7983,79.592,112.06483125000001,112.06483125000001,135.0206,89.9634
227,snn,baseline,jetson_emulator,2,offload,0.5,39.0369,32.7682,32.7682,34.148,79.5033,112.06483125000001,112.06483125000001,135.1216,90.0825
228,snn,baseline,jetson_emulator,2,local,0.5,39.4974,33.7833,39.4974,41.0439,76.7006,112.06483125000001,112.06483125000001,135.3036,90.032
229,snn,baseline,jetson_emulator,2,local,0.5,38.9744,32.2678,38.9744,40.7886,76.9113,112.06483125000001,112.06483125000001,135.4047,90.0482
230,snn,baseline,jetson_emulator,2,local,0.5,39.3804,33.0358,39.3804,40.4226,76.7476,112.06483125000001,112.06483125000001,135.5057,90.0022
231,snn,baseline,jetson_emulator,2,offload,0.5,39.5064,32.6395,32.6395,35.1461,79.5589,112.06483125000001,112.06483125000001,135.5255,90.0389
232,snn,baseline,jetson_emulator,2,local,0.5,39.5656,33.1067,39.5656,41.2059,76.6732,112.06483125000001,112.06483125000001,135.7078,90.0056
233,snn,baseline,jetson_emulator,2,offload,0.5,40.2031,33.0501,33.0501,34.2843,79.3817,112.06483125000001,112.06483125000001,135.7275,89.9828
234,snn,baseline,jetson_emulator,2,local,0.5,39.4311,32.685,39.4311,41.0945,76.7272,112.06483125000001,112.06483125000001,135.9099,90.0269
235,snn,baseline,jetson_emulator,2,offload,0.5,39.3195,33.2251,33.2251,34.25,79.3065,112.06483125000001,112.06483125000001,135.9295,89.9332
236,snn,baseline,jetson_emulator,2,offload,0.5,39.8647,32.6695,32.6695,34.2121,79.5459,112.06483125000001,112.06483125000001,136.0304,90.0397
237,snn,baseline,jetson_emulator,2,local,0.5,39.3079,33.0578,39.3079,41.5406,76.7768,112.06483125000001,112.06483125000001,136.213,89.9501
238,snn,baseline,jetson_emulator,2,local,0.5,39.4755,32.5467,39.4755,41.8178,76.7094,112.06483125000001,112.06483125000001,136.314,90.0593
239,snn,baseline,jetson_emulator,2,offload,0.5,39.4064,33.7783,33.7783,35.4022,79.0696,112.06483125000001,112.06483125000001,136.3334,89.9749
240,snn,baseline,jetson_emulator,2,local,0.5,39.7103,33.8976,39.7103,41.4535,76.6151,112.06483125000001,112.06483125000001,136.5161,90.1231
241,snn,baseline,jetson_emulator,2,local,0.5,40.3617,32.6626,40.3617,41.9559,76.3548,112.06483125000001,112.06483125000001,136.6172,89.9406
242,snn,baseline,jetson_emulator,2,offload,0.5,40.5914,33.1649,33.1649,35.4575,79.3324,112.06483125000001,112.06483125000001,136.6363,89.9787
243,snn,baseline,jetson_emulator,2,offload,0.5,39.8069,32.936,32.936,35.0884,79.4309,112.06483125000001,112.06483125000001,136.7373,89.9825
244,snn,baseline,jetson_emulator,2,local,0.5,39.7786,33.0489,39.7786,41.8445,76.5877,112.06483125000001,112.06483125000001,136.9203,89.9938
245,snn,baseline,jetson_emulator,2,local,0.5,40.1764,33.6478,40.1764,42.6871,76.4287,112.06483125000001,112.06483125000001,137.0213,90.0104
246,snn,baseline,jetson_emulator,2,offload,0.5,39.8366,33.9227,33.9227,34.999,79.008,112.06483125000001,112.06483125000001,137.0402,90.052
247,snn,baseline,jetson_emulator,2,local,0.5,40.1229,34.0647,40.1229,42.2417,76.45,112.06483125000001,112.06483125000001,137.2234,89.9907
248,snn,baseline,jetson_emulator,2,offload,0.5,40.3872,34.2521,34.2521,36.037,78.8678,112.06483125000001,112.06483125000001,137.2422,89.9409
249,snn,baseline,jetson_emulator,2,offload,0.5,40.7883,34.3774,34.3774,35.4516,78.8146,112.06483125000001,112.06483125000001,137.3432,89.9106
250,snn,baseline,jetson_emulator,2,local,0.5,40.2582,34.2602,40.2582,42.2535,76.3961,112.06483125000001,112.06483125000001,137.5265,89.9828
251,snn,baseline,jetson_emulator,2,offload,0.5,41.3612,35.7971,35.7971,37.4216,78.2168,112.06483125000001,112.06483125000001,137.5451,90.0414
252,snn,baseline,jetson_emulator,2,local,0.5,41.517,33.4537,41.517,42.6701,75.8976,112.06483125000001,112.06483125000001,137.7286,90.085
253,snn,baseline,jetson_emulator,2,offload,0.5,40.94,34.7619,34.7619,37.0915,78.6518,112.06483125000001,112.06483125000001,137.7471,90.0565
254,snn,baseline,jetson_emulator,2,local,0.5,40.5883,33.5739,40.5883,41.7426,76.2647,112.06483125000001,112.06483125000001,137.9307,89.9444
255,snn,baseline,jetson_emulator,2,local,0.5,40.6994,34.0158,40.6994,42.3283,76.2206,112.06483125000001,112.06483125000001,138.0317,89.9136
256,snn,baseline,jetson_emulator,2,offload,0.5,41.484,35.1254,35.1254,36.2464,78.4985,112.06483125000001,112.06483125000001,138.05,90.0736
257,snn,baseline,jetson_emulator,2,offload,0.5,40.5157,35.4101,35.4101,36.5125,78.3788,112.06483125000001,112.06483125000001,138.151,90.0239
258,snn,baseline,jetson_emulator,2,local,0.5,40.6967,34.7932,40.6967,42.5582,76.2217,112.06483125000001,112.06483125000001,138.3348,89.9534
259,snn,baseline,jetson_emulator,2,local,0.5,40.9014,34.2846,40.9014,42.0334,76.1405,112.06483125000001,112.06483125000001,138.4359,90.116
260,snn,baseline,jetson_emulator,2,local,0.5,41.106,34.107,41.106,43.0676,76.0596,112.06483125000001,112.06483125000001,138.5369,89.9917
261,snn,baseline,jetson_emulator,2,offload,0.5,40.9113,34.2796,34.2796,36.5043,78.8561,112.06483125000001,112.06483125000001,138.5549,90.0078
262,snn,baseline,jetson_emulator,2,offload,0.5,40.9336,34.4661,34.4661,35.9386,78.777,112.06483125000001,112.06483125000001,138.6559,90.0399
263,snn,baseline,jetson_emulator,2,local,0.5,41.6961,34.1024,41.6961,43.3294,75.8272,112.06483125000001,112.06483125000001,138.84,89.9209
264,snn,baseline,jetson_emulator,2,local,0.5,41.2447,34.3352,41.2447,42.9169,76.0048,112.06483125000001,112.06483125000001,138.9411,90.0563
265,snn,baseline,jetson_emulator,2,local,0.5,41.3928,34.3371,41.3928,42.983,75.9464,112.06483125000001,112.06483125000001,139.0421,90.0477
266,snn,baseline,jetson_emulator,2,local,0.5,41.6247,34.7267,41.6247,43.6666,75.8552,112.06483125000001,112.06483125000001,139.1432,90.0233
267,snn,baseline,jetson_emulator,2,local,0.5,41.9425,34.8756,41.9425,42.4346,75.7305,112.06483125000001,112.06483125000001,139.2442,90.0089
268,snn,baseline,jetson_emulator,2,local,0.5,41.9455,34.2289,41.9455,43.9217,75.7293,112.06483125000001,112.06483125000001,139.3452,90.0698
269,snn,baseline,jetson_emulator,2,offload,0.5,41.5727,34.7524,34.7524,37.4616,78.6558,112.06483125000001,112.06483125000001,139.3628,90.003
270,snn,baseline,jetson_emulator,2,offload,0.5,42.6783,34.8208,34.8208,35.9164,78.6269,112.06483125000001,112.06483125000001,139.4637,90.0068
271,snn,baseline,jetson_emulator,2,local,0.5,41.675,35.7573,41.675,43.3745,75.8355,112.06483125000001,112.06483125000001,139.6484,89.9777
272,snn,baseline,jetson_emulator,2,local,0.5,41.6708,35.3697,41.6708,44.1949,75.8371,112.06483125000001,112.06483125000001,139.7494,89.9992
273,snn,baseline,jetson_emulator,2,local,0.5,41.7881,34.5497,41.7881,43.6815,75.791,112.06483125000001,112.06483125000001,139.8504,89.9395
274,snn,baseline,jetson_emulator,2,offload,0.5,42.0708,34.7796,34.7796,36.9604,78.6443,112.06483125000001,112.06483125000001,139.8677,90.0126
275,snn,baseline,jetson_emulator,2,local,0.5,42.1155,34.7104,42.1155,43.6246,75.6628,112.06483125000001,112.06483125000001,140.0525,90.0516
276,snn,baseline,jetson_emulator,2,offload,0.5,42.4909,36.0184,36.0184,37.389,78.1244,112.06483125000001,112.06483125000001,140.0696,90.0676
277,snn,baseline,jetson_emulator,2,local,0.5,42.2174,35.5838,42.2174,44.5863,75.623,112.06483125000001,112.06483125000001,140.2546,89.9835
278,snn,baseline,jetson_emulator,2,local,0.5,42.7092,35.7278,42.7092,44.0923,75.4314,112.06483125000001,112.06483125000001,140.3556,90.0749
279,snn,baseline,jetson_emulator,2,local,0.5,42.2522,36.0876,42.2522,43.3988,75.6094,112.06483125000001,112.06483125000001,140.4567,89.993
280,snn,baseline,jetson_emulator,2,local,0.5,42.8907,35.3893,42.8907,44.6805,75.3609,112.06483125000001,112.06483125000001,140.5577,90.0183
281,snn,baseline,jetson_emulator,2,offload,0.5,42.3989,35.5878,35.5878,38.2404,78.3044,112.06483125000001,112.06483125000001,140.5745,90.1398
282,snn,baseline,jetson_emulator,2,local,0.5,42.7232,35.202,42.7232,44.7664,75.4259,112.06483125000001,112.06483125000001,140.7598,90.0597
283,snn,baseline,jetson_emulator,2,local,0.5,43.5262,36.6181,43.5262,45.2001,75.1152,112.06483125000001,112.06483125000001,140.8608,89.9603
284,snn,baseline,jetson_emulator,2,offload,0.5,43.056,35.4353,35.4353,36.7096,78.3683,112.06483125000001,112.06483125000001,140.8775,89.9493
285,snn,baseline,jetson_emulator,2,local,0.5,44.0187,35.6227,44.0187,46.3998,74.9259,112.06483125000001,112.06483125000001,141.0629,89.9934
286,snn,baseline,jetson_emulator,2,offload,0.5,43.3601,36.0952,36.0952,37.2446,78.0924,112.06483125000001,112.06483125000001,141.0794,90.0603
287,snn,baseline,jetson_emulator,2,offload,0.5,42.9974,36.3614,36.3614,37.7335,77.9817,112.06483125000001,112.06483125000001,141.1804,90.0592
288,snn,baseline,jetson_emulator,2,local,0.5,43.649,35.954,43.649,45.4937,75.0679,112.06483125000001,112.06483125000001,141.366,90.0147
289,snn,baseline,jetson_emulator,2,local,0.5,43.3175,36.6434,43.3175,44.5103,75.1957,112.06483125000001,112.06483125000001,141.4671,90.0425
290,snn,baseline,jetson_emulator,2,offload,0.5,43.6229,36.9485,36.9485,38.4548,77.7386,112.06483125000001,112.06483125000001,141.4833,90.0064
291,snn,baseline,jetson_emulator,2,offload,0.5,43.4589,38.161,38.161,39.7809,77.2413,112.06483125000001,112.06483125000001,141.5843,89.9644
292,snn,baseline,jetson_emulator,2,offload,0.5,43.4533,36.1034,36.1034,37.8814,78.089,112.06483125000001,112.06483125000001,141.6853,90.0321
293,snn,baseline,jetson_emulator,2,offload,0.5,43.4818,36.5408,36.5408,37.9566,77.9073,112.06483125000001,112.06483125000001,141.7863,89.9906
294,snn,baseline,jetson_emulator,2,offload,0.5,43.6164,36.1293,36.1293,38.651,78.0782,112.06483125000001,112.06483125000001,141.8872,89.9522
295,snn,baseline,jetson_emulator,2,offload,0.5,44.0509,37.143,37.143,38.298,77.6584,112.06483125000001,112.06483125000001,141.9882,89.9596
296,snn,baseline,jetson_emulator,2,offload,0.5,43.6896,36.12,36.12,38.2152,78.0821,112.06483125000001,112.06483125000001,142.0892,90.0293
297,snn,baseline,jetson_emulator,2,local,0.5,44.3802,36.7243,44.3802,46.5297,74.7875,112.06483125000001,112.06483125000001,142.2754,89.9455
298,snn,baseline,jetson_emulator,2,local,0.5,44.4776,37.6823,44.4776,46.4804,74.7503,112.06483125000001,112.06483125000001,142.3764,90.0281
299,snn,baseline,jetson_emulator,2,offload,0.5,44.016,36.4943,36.4943,38.1637,77.9265,112.06483125000001,112.06483125000001,142.3921,89.9265
300,snn,baseline,jetson_emulator,2,local,0.5,44.8106,36.4374,44.8106,47.0076,74.6235,112.06483125000001,112.06483125000001,142.5785,89.964
301,snn,baseline,jetson_emulator,2,offload,0.5,44.3019,36.6367,36.6367,38.1898,77.8675,112.06483125000001,112.06483125000001,142.5941,90.0032
302,snn,baseline,jetson_emulator,2,local,0.5,45.0554,37.8322,45.0554,47.3407,74.5305,112.06483125000001,112.06483125000001,142.7806,90.0056
303,snn,baseline,jetson_emulator,2,offload,0.5,44.8939,36.6255,36.6255,38.5169,77.8722,112.06483125000001,112.06483125000001,142.7961,90.1356
304,snn,baseline,jetson_emulator,2,local,0.5,44.4755,37.3222,44.4755,46.4159,74.7511,112.06483125000001,112.06483125000001,142.9827,90.0424
305,snn,baseline,jetson_emulator,2,offload,0.5,44.8735,37.4935,37.4935,39.196,77.5143,112.06483125000001,112.06483125000001,142.998,90.0417
306,snn,baseline,jetson_emulator,2,local,0.5,44.6835,36.872,44.6835,46.2915,74.6718,112.06483125000001,112.06483125000001,143.1848,90.0567
307,snn,baseline,jetson_emulator,2,local,0.5,45.0673,37.1419,45.0673,46.8864,74.526,112.06483125000001,112.06483125000001,143.2858,90.0003
308,snn,baseline,jetson_emulator,2,offload,0.5,44.8329,37.7303,37.7303,39.3266,77.4173,112.06483125000001,112.06483125000001,143.301,90.0235
309,snn,baseline,jetson_emulator,2,local,0.5,44.9678,37.3993,44.9678,45.964,74.5637,112.06483125000001,112.06483125000001,143.4879,89.9621
310,snn,baseline,jetson_emulator,2,local,0.5,46.1346,37.5043,46.1346,47.9667,74.1232,112.06483125000001,112.06483125000001,143.5889,90.053
311,snn,baseline,jetson_emulator,2,offload,0.5,45.1845,37.2036,37.2036,39.6154,77.6335,112.06483125000001,112.06483125000001,143.6039,89.9865
312,snn,baseline,jetson_emulator,2,local,0.5,45.5284,39.2542,45.5284,47.0157,74.3514,112.06483125000001,112.06483125000001,143.791,89.967
313,snn,baseline,jetson_emulator,2,offload,0.5,45.4442,38.8184,38.8184,40.8318,76.9744,112.06483125000001,112.06483125000001,143.8059,90.0205
314,snn,baseline,jetson_emulator,2,offload,0.5,45.2775,37.7525,37.7525,40.2894,77.4082,112.06483125000001,112.06483125000001,143.9068,89.9994
315,snn,baseline,jetson_emulator,2,local,0.5,45.2928,38.9433,45.2928,46.7528,74.4405,112.06483125000001,112.06483125000001,144.0941,90.0015
316,snn,baseline,jetson_emulator,2,offload,0.5,46.2143,38.3039,38.3039,39.995,77.1832,112.06483125000001,112.06483125000001,144.1088,89.9125
317,snn,baseline,jetson_emulator,2,local,0.5,45.951,38.2596,45.951,47.1369,74.1922,112.06483125000001,112.06483125000001,144.2962,90.0294
318,snn,baseline,jetson_emulator,2,local,0.5,45.7276,37.9287,45.7276,47.6227,74.2763,112.06483125000001,112.06483125000001,144.3972,89.9538
319,snn,baseline,jetson_emulator,2,local,0.5,45.7535,38.4329,45.7535,47.7733,74.2665,112.06483125000001,112.06483125000001,144.4983,89.9425
320,snn,baseline,jetson_emulator,2,local,0.5,46.5969,38.4992,46.5969,49.1501,73.9502,112.06483125000001,112.06483125000001,144.5993,90.0851
321,snn,baseline,jetson_emulator,2,offload,0.5,45.9091,39.1474,39.1474,40.674,76.8415,112.06483125000001,112.06483125000001,144.6137,90.0616
322,snn,baseline,jetson_emulator,2,local,0.5,46.0082,37.9832,46.0082,46.9229,74.1707,112.06483125000001,112.06483125000001,144.8014,90.0132
323,snn,baseline,jetson_emulator,2,local,0.5,47.8723,38.224,47.8723,49.5305,73.4768,112.06483125000001,112.06483125000001,144.9024,90.046
324,snn,baseline,jetson_emulator,2,offload,0.5,46.3873,38.9389,38.9389,40.4401,76.9256,112.06483125000001,112.06483125000001,144.9166,89.9478
325,snn,baseline,jetson_emulator,2,local,0.5,47.4902,38.1363,47.4902,49.1786,73.618,112.06483125000001,112.06483125000001,145.1045,90.0882
326,snn,baseline,jetson_emulator,2,local,0.5,46.6619,38.255,46.6619,47.9555,73.9259,112.06483125000001,112.06483125000001,145.2056,90.0199
327,snn,baseline,jetson_emulator,2,local,0.5,46.8249,38.5505,46.8249,48.2549,73.8651,112.06483125000001,112.06483125000001,145.3066,89.9689
328,snn,baseline,jetson_emulator,2,local,0.5,46.644,39.2409,46.644,48.2921,73.9326,112.06483125000001,112.06483125000001,145.4076,89.9351
329,snn,baseline,jetson_emulator,2,offload,0.5,47.6439,38.9648,38.9648,40.8977,76.9152,112.06483125000001,112.06483125000001,145.4215,89.9711
330,snn,baseline,jetson_emulator,2,local,0.5,46.4128,38.6246,46.4128,47.9837,74.019,112.06483125000001,112.06483125000001,145.6097,90.0778
331,snn,baseline,jetson_emulator,2,local,0.5,47.5114,38.8455,47.5114,48.5317,73.6102,112.06483125000001,112.06483125000001,145.7108,90.0012
332,snn,baseline,jetson_emulator,2,local,0.5,47.3514,40.2367,47.3514,49.2601,73.6694,112.06483125000001,112.06483125000001,145.8118,90.0221
333,snn,baseline,jetson_emulator,2,offload,0.5,47.6812,39.3192,39.3192,40.6135,76.7722,112.06483125000001,112.06483125000001,145.8254,89.9925
334,snn,baseline,jetson_emulator,2,local,0.5,46.7644,39.7172,46.7644,48.7196,73.8877,112.06483125000001,112.06483125000001,146.0139,90.0512
335,snn,baseline,jetson_emulator,2,local,0.5,47.0235,38.817,47.0235,48.8903,73.7912,112.06483125000001,112.06483125000001,146.1149,90.0178
336,snn,baseline,jetson_emulator,2,local,0.5,47.1739,38.9789,47.1739,48.8428,73.7353,112.06483125000001,112.06483125000001,146.216,90.0555
337,snn,baseline,jetson_emulator,2,local,0.5,47.0899,38.9494,47.0899,48.8347,73.7665,112.06483125000001,112.06483125000001,146.317,90.0139
338,snn,baseline,jetson_emulator,2,offload,0.5,47.8873,39.0965,39.0965,41.087,76.862,112.06483125000001,112.06483125000001,146.3303,90.0139
339,snn,baseline,jetson_emulator,2,local,0.5,47.0195,39.4046,47.0195,49.2101,73.7927,112.06483125000001,112.06483125000001,146.5191,90.0373
340,snn,baseline,jetson_emulator,2,local,0.5,47.2002,39.7091,47.2002,49.2978,73.7255,112.06483125000001,112.06483125000001,146.6201,90.0634
341,snn,baseline,jetson_emulator,2,offload,0.5,47.4708,40.2368,40.2368,42.1637,76.4046,112.06483125000001,112.06483125000001,146.6333,90.0088
342,snn,baseline,jetson_emulator,2,local,0.5,47.4977,39.2693,47.4977,49.1919,73.6152,112.06483125000001,112.06483125000001,146.8222,89.9645
343,snn,baseline,jetson_emulator,2,offload,0.5,47.8441,40.1303,40.1303,41.9496,76.4471,112.06483125000001,112.06483125000001,146.8352,89.9615
344,snn,baseline,jetson_emulator,2,offload,0.5,48.0146,39.3676,39.3676,41.2774,76.7527,112.06483125000001,112.06483125000001,146.9362,90.0025
345,snn,baseline,jetson_emulator,2,offload,0.5,47.6192,40.1743,40.1743,41.3121,76.4295,112.06483125000001,112.06483125000001,147.0372,90.0895
346,snn,baseline,jetson_emulator,2,local,0.5,47.8666,39.6838,47.8666,50.4751,73.4789,112.06483125000001,112.06483125000001,147.2264,90.0056
347,snn,baseline,jetson_emulator,2,local,0.5,48.0549,40.2664,48.0549,49.3049,73.4096,112.06483125000001,112.06483125000001,147.3274,89.9865
348,snn,baseline,jetson_emulator,2,offload,0.5,47.5921,39.7891,39.7891,42.2709,76.5835,112.06483125000001,112.06483125000001,147.3401,90.0789
349,snn,baseline,jetson_emulator,2,local,0.5,47.8619,40.1848,47.8619,50.3709,73.4807,112.06483125000001,112.06483125000001,147.5295,90.0388
350,snn,baseline,jetson_emulator,2,local,0.5,47.8169,40.2713,47.8169,49.3666,73.4973,112.06483125000001,112.06483125000001,147.6305,89.9931
351,snn,baseline,jetson_emulator,2,offload,0.5,48.2912,39.8146,39.8146,41.7244,76.5733,112.06483125000001,112.06483125000001,147.6431,89.954
352,snn,baseline,jetson_emulator,2,offload,0.5,48.7364,40.7326,40.7326,42.261,76.2074,112.06483125000001,112.06483125000001,147.7441,90.0835
353,snn,baseline,jetson_emulator,2,offload,0.5,48.1358,39.9798,39.9798,41.7393,76.5072,112.06483125000001,112.06483125000001,147.845,89.9531
354,snn,baseline,jetson_emulator,2,offload,0.5,48.2367,39.9699,39.9699,40.6859,76.5112,112.06483125000001,112.06483125000001,147.946,89.9691
355,snn,baseline,jetson_emulator,2,local,0.5,48.0807,40.7557,48.0807,49.0654,73.4001,112.06483125000001,112.06483125000001,148.1357,90.0167
356,snn,baseline,jetson_emulator,2,offload,0.5,47.957,40.3763,40.3763,41.2379,76.349,112.06483125000001,112.06483125000001,148.148,89.9565
357,snn,baseline,jetson_emulator,2,offload,0.5,48.4215,39.9951,39.9951,41.9177,76.5011,112.06483125000001,112.06483125000001,148.2489,89.9855
358,snn,baseline,jetson_emulator,2,local,0.5,48.247,40.714,48.247,50.1294,73.3389,112.06483125000001,112.06483125000001,148.4388,89.9432
359,snn,baseline,jetson_emulator,2,local,0.5,49.2664,40.0756,49.2664,50.5956,72.9663,112.06483125000001,112.06483125000001,148.5399,89.9513
360,snn,baseline,jetson_emulator,2,offload,0.5,49.1332,40.3837,40.3837,42.6576,76.3461,112.06483125000001,112.06483125000001,148.5519,90.0117
361,snn,baseline,jetson_emulator,2,local,0.5,49.3042,40.5319,49.3042,51.2111,72.9526,112.06483125000001,112.06483125000001,148.7419,89.9483
362,snn,baseline,jetson_emulator,2,local,0.5,48.4955,40.6397,48.4955,50.0451,73.2477,112.06483125000001,112.06483125000001,148.843,90.0003
363,snn,baseline,jetson_emulator,2,local,0.5,48.6675,40.5081,48.6675,51.0694,73.1848,112.06483125000001,112.06483125000001,148.944,89.9569
364,snn,baseline,jetson_emulator,2,local,0.5,48.9544,40.6868,48.9544,50.2496,73.08,112.06483125000001,112.06483125000001,149.0451,90.0961
365,snn,baseline,jetson_emulator,2,offload,0.5,49.4554,40.9971,40.9971,43.4188,76.1027,112.06483125000001,112.06483125000001,149.0568,89.9883
366,snn,baseline,jetson_emulator,2,local,0.5,49.1587,41.2485,49.1587,50.8111,73.0055,112.06483125000001,112.06483125000001,149.2471,90.0821
367,snn,baseline,jetson_emulator,2,local,0.5,48.7076,41.2872,48.7076,50.6022,73.1701,112.06483125000001,112.06483125000001,149.3482,89.9638
368,snn,baseline,jetson_emulator,2,local,0.5,48.9668,40.3468,48.9668,50.0975,73.0754,112.06483125000001,112.06483125000001,149.4492,89.9884
369,snn,baseline,jetson_emulator,2,local,0.5,49.4599,42.0572,49.4599,51.2148,72.896,112.06483125000001,112.06483125000001,149.5503,89.9152
370,snn,baseline,jetson_emulator,2,offload,0.5,49.0494,41.5425,41.5425,42.7409,75.8875,112.06483125000001,112.06483125000001,149.5617,90.1223
371,snn,baseline,jetson_emulator,2,local,0.5,49.0103,40.9917,49.0103,50.7794,73.0596,112.06483125000001,112.06483125000001,149.7523,89.9741
372,snn,baseline,jetson_emulator,2,local,0.5,48.8553,40.9103,48.8553,50.3228,73.1161,112.06483125000001,112.06483125000001,149.8534,90.0364
373,snn,baseline,jetson_emulator,2,offload,0.5,48.7014,40.2881,40.2881,41.8119,76.3842,112.06483125000001,112.06483125000001,149.8646,90.0829
374,snn,baseline,jetson_emulator,2,local,0.5,48.8988,42.0757,48.8988,50.2494,73.1003,112.06483125000001,112.06483125000001,150.0555,89.9463
375,snn,baseline,jetson_emulator,2,local,0.5,48.9502,40.5818,48.9502,51.1574,73.0815,112.06483125000001,112.06483125000001,150.1565,90.0408
376,snn,baseline,jetson_emulator,2,local,0.5,49.3773,41.0259,49.3773,50.6864,72.926,112.06483125000001,112.06483125000001,150.2575,90.0658
377,snn,baseline,jetson_emulator,2,local,0.5,49.5563,41.34,49.5563,51.231,72.8611,112.06483125000001,112.06483125000001,150.3586,90.0402
378,snn,baseline,jetson_emulator,2,local,0.5,49.1747,40.5127,49.1747,51.1539,72.9997,112.06483125000001,112.06483125000001,150.4596,89.9917
379,snn,baseline,jetson_emulator,2,local,0.5,48.8623,42.6362,48.8623,50.4976,73.1136,112.06483125000001,112.06483125000001,150.5607,89.9977
380,snn,baseline,jetson_emulator,2,local,0.5,48.9547,42.4781,48.9547,50.9248,73.0798,112.06483125000001,112.06483125000001,150.6617,90.0056
381,snn,baseline,jetson_emulator,2,local,0.5,49.2021,40.3156,49.2021,50.92,72.9897,112.06483125000001,112.06483125000001,150.7627,90.0534
382,snn,baseline,jetson_emulator,2,local,0.5,49.0904,40.4488,49.0904,51.4855,73.0304,112.06483125000001,112.06483125000001,150.8638,90.0806
383,snn,baseline,jetson_emulator,2,offload,0.5,48.8248,41.6973,41.6973,43.4328,75.8267,112.06483125000001,112.06483125000001,150.8744,90.0381
384,snn,baseline,jetson_emulator,2,offload,0.5,49.6194,41.4196,41.4196,43.7071,75.9359,112.06483125000001,112.06483125000001,150.9754,90.0261
385,snn,baseline,jetson_emulator,2,local,0.5,49.2223,40.4237,49.2223,51.5077,72.9824,112.06483125000001,112.06483125000001,151.1669,89.9669
386,snn,baseline,jetson_emulator,2,offload,0.5,49.7176,41.3369,41.3369,42.6751,75.9685,112.06483125000001,112.06483125000001,151.1773,89.9501
387,snn,baseline,jetson_emulator,2,offload,0.5,49.4938,40.6436,40.6436,42.0849,76.2428,112.06483125000001,112.06483125000001,151.2783,90.073
388,snn,baseline,jetson_emulator,2,offload,0.5,49.1815,40.9685,40.9685,42.4282,76.114,112.06483125000001,112.06483125000001,151.3793,89.9847
389,snn,baseline,jetson_emulator,2,offload,0.5,49.3395,41.0666,41.0666,43.0875,76.0752,112.06483125000001,112.06483125000001,151.4803,90.0117
390,snn,baseline,jetson_emulator,2,offload,0.5,49.099,40.731,40.731,42.209,76.2081,112.06483125000001,112.06483125000001,151.5813,90.1008
391,snn,baseline,jetson_emulator,2,offload,0.5,49.3749,41.0847,41.0847,42.5317,76.068,112.06483125000001,112.06483125000001,151.6822,89.9885
392,snn,baseline,jetson_emulator,2,local,0.5,49.1267,41.6637,49.1267,50.9361,73.0171,112.06483125000001,112.06483125000001,151.8742,90.1124
393,snn,baseline,jetson_emulator,2,local,0.5,49.6435,41.8978,49.6435,51.1722,72.8295,112.06483125000001,112.06483125000001,151.9752,89.9271
394,snn,baseline,jetson_emulator,2,offload,0.5,50.1557,40.4737,40.4737,41.9803,76.3103,112.06483125000001,112.06483125000001,151.9852,90.0086
395,snn,baseline,jetson_emulator,2,local,0.5,49.1481,40.9816,49.1481,50.6489,73.0094,112.06483125000001,112.06483125000001,152.1773,90.0586
396,snn,baseline,jetson_emulator,2,local,0.5,49.3459,40.5004,49.3459,51.3851,72.9374,112.06483125000001,112.06483125000001,152.2783,89.9565
397,snn,baseline,jetson_emulator,2,local,0.5,49.4287,40.5895,49.4287,50.9936,72.9073,112.06483125000001,112.06483125000001,152.3794,89.9864
398,snn,baseline,jetson_emulator,2,local,0.5,49.0541,40.9213,49.0541,50.1708,73.0436,112.06483125000001,112.06483125000001,152.4804,89.985
399,snn,baseline,jetson_emulator,2,local,0.5,50.0998,40.6266,50.0998,51.4575,72.6645,112.06483125000001,112.06483125000001,152.5815,90.0771
400,snn,baseline,jetson_emulator,2,offload,0.5,49.6538,41.1231,41.1231,42.9155,76.0528,112.06483125000001,112.06483125000001,152.5911,90.0637
401,snn,baseline,jetson_emulator,2,local,0.5,49.3088,41.7086,49.3088,51.3444,72.9509,112.06483125000001,112.06483125000001,152.7835,90.0231
402,snn,baseline,jetson_emulator,2,offload,0.5,49.3132,41.3854,41.3854,43.4111,75.9494,112.06483125000001,112.06483125000001,152.793,90.0748
403,snn,baseline,jetson_emulator,2,local,0.5,49.1758,41.2012,49.1758,50.9826,72.9993,112.06483125000001,112.06483125000001,152.9856,89.998
404,snn,baseline,jetson_emulator,2,offload,0.5,49.9741,40.7017,40.7017,42.0442,76.2197,112.06483125000001,112.06483125000001,152.995,90.0163
405,snn,baseline,jetson_emulator,2,local,0.5,49.7358,41.6632,49.7358,50.4637,72.796,112.06483125000001,112.06483125000001,153.1877,90.0408
406,snn,baseline,jetson_emulator,2,local,0.5,49.4571,40.7682,49.4571,51.3359,72.897,112.06483125000001,112.06483125000001,153.2887,89.9569
407,snn,baseline,jetson_emulator,2,offload,0.5,49.1933,40.6561,40.6561,42.5536,76.2378,112.06483125000001,112.06483125000001,153.2979,89.9641
408,snn,baseline,jetson_emulator,2,local,0.5,49.1332,40.6289,49.1332,51.3572,73.0148,112.06483125000001,112.06483125000001,153.4908,90.0856
409,snn,baseline,jetson_emulator,2,offload,0.5,50.042,40.5745,40.5745,41.7832,76.2702,112.06483125000001,112.06483125000001,153.4999,90.0278
410,snn,baseline,jetson_emulator,2,local,0.5,49.1402,40.6639,49.1402,51.5165,73.0123,112.06483125000001,112.06483125000001,153.6929,90.026
411,snn,baseline,jetson_emulator,2,local,0.5,49.2797,41.0602,49.2797,50.3202,72.9615,112.06483125000001,112.06483125000001,153.7939,89.9362
412,snn,baseline,jetson_emulator,2,local,0.5,49.3099,41.8075,49.3099,51.6412,72.9505,112.06483125000001,112.06483125000001,153.895,89.9809
413,snn,baseline,jetson_emulator,2,local,0.5,49.3555,41.4783,49.3555,50.9016,72.9339,112.06483125000001,112.06483125000001,153.996,89.9464
414,snn,baseline,jetson_emulator,2,local,0.5,49.1649,40.6098,49.1649,50.3433,73.0033,112.06483125000001,112.06483125000001,154.0971,90.0135
415,snn,baseline,jetson_emulator,2,local,0.5,49.5655,41.5388,49.5655,51.6467,72.8577,112.06483125000001,112.06483125000001,154.1981,90.0091
416,snn,baseline,jetson_emulator,2,local,0.5,49.0695,41.1869,49.0695,50.1799,73.038,112.06483125000001,112.06483125000001,154.2991,90.0372
417,snn,baseline,jetson_emulator,2,offload,0.5,49.1168,40.6447,40.6447,41.551,76.2423,112.06483125000001,112.06483125000001,154.3077,90.0499
418,snn,baseline,jetson_emulator,2,offload,0.5,50.302,40.9783,40.9783,42.7424,76.1101,112.06483125000001,112.06483125000001,154.4087,90.0254
419,snn,baseline,jetson_emulator,2,local,0.5,49.6996,41.1184,49.6996,51.9756,72.8092,112.06483125000001,112.06483125000001,154.6023,90.1002
420,snn,baseline,jetson_emulator,2,offload,0.5,49.424,40.7165,40.7165,42.2776,76.2138,112.06483125000001,112.06483125000001,154.6106,89.9488
421,snn,baseline,jetson_emulator,2,offload,0.5,50.491,41.18,41.18,42.5297,76.0304,112.06483125000001,112.06483125000001,154.7116,90.0495
422,snn,baseline,jetson_emulator,2,offload,0.5,49.2467,41.1172,41.1172,43.3948,76.0552,112.06483125000001,112.06483125000001,154.8126,89.903
423,snn,baseline,jetson_emulator,2,offload,0.5,49.4654,41.1143,41.1143,43.1077,76.0563,112.06483125000001,112.06483125000001,154.9136,90.0812
424,snn,baseline,jetson_emulator,2,offload,0.5,49.5139,40.5825,40.5825,41.6453,76.267,112.06483125000001,112.06483125000001,155.0146,90.0515
425,snn,baseline,jetson_emulator,2,local,0.5,49.7028,40.6385,49.7028,51.4803,72.808,112.06483125000001,112.06483125000001,155.2085,90.0852
426,snn,baseline,jetson_emulator,2,offload,0.5,49.1996,41.8491,41.8491,44.013,75.7671,112.06483125000001,112.06483125000001,155.2165,90.0742
427,snn,baseline,jetson_emulator,2,local,0.5,49.5859,41.7578,49.5859,50.4613,72.8503,112.06483125000001,112.06483125000001,155.4106,89.9473
428,snn,baseline,jetson_emulator,2,local,0.5,49.4932,41.4375,49.4932,50.8041,72.884,112.06483125000001,112.06483125000001,155.5116,89.9538
429,snn,baseline,jetson_emulator,2,offload,0.5,48.9229,41.1382,41.1382,43.1765,76.0469,112.06483125000001,112.06483125000001,155.5195,90.0432
430,snn,baseline,jetson_emulator,2,local,0.5,49.4293,40.8842,49.4293,51.025,72.9071,112.06483125000001,112.06483125000001,155.7137,89.9389
431,snn,baseline,jetson_emulator,2,offload,0.5,49.7329,41.2265,41.2265,43.441,76.012,112.06483125000001,112.06483125000001,155.7214,90.073
432,snn,baseline,jetson_emulator,2,offload,0.5,48.9878,40.7892,40.7892,42.6011,76.185,112.06483125000001,112.06483125000001,155.8224,90.0101
433,snn,baseline,jetson_emulator,2,local,0.5,49.2243,41.4354,49.2243,51.3975,72.9816,112.06483125000001,112.06483125000001,156.0168,89.9762
434,snn,baseline,jetson_emulator,2,offload,0.5,48.9632,40.7654,40.7654,42.1775,76.1944,112.06483125000001,112.06483125000001,156.0244,89.9965
435,snn,baseline,jetson_emulator,2,local,0.5,49.1261,40.6383,49.1261,51.1505,73.0174,112.06483125000001,112.06483125000001,156.2189,89.9993
436,snn,baseline,jetson_emulator,2,local,0.5,49.0698,40.4234,49.0698,51.789,73.0379,112.06483125000001,112.06483125000001,156.3199,89.9766
437,snn,baseline,jetson_emulator,2,offload,0.5,49.6983,40.651,40.651,42.3215,76.2398,112.06483125000001,112.06483125000001,156.3273,89.9815
438,snn,baseline,jetson_emulator,2,offload,0.5,49.3638,41.3178,41.3178,42.5969,75.976,112.06483125000001,112.06483125000001,156.4283,90.0263
439,snn,baseline,jetson_emulator,2,offload,0.5,49.1245,40.6665,40.6665,41.9122,76.2337,112.06483125000001,112.06483125000001,156.5293,89.9746
440,snn,baseline,jetson_emulator,2,local,0.5,48.8718,41.2298,48.8718,51.2954,73.1101,112.06483125000001,112.06483125000001,156.7241,89.9963
441,snn,baseline,jetson_emulator,2,local,0.5,50.1963,40.4798,50.1963,51.26,72.6297,112.06483125000001,112.06483125000001,156.8251,90.0877
442,snn,baseline,jetson_emulator,2,offload,0.5,49.1856,41.6531,41.6531,43.4313,75.844,112.06483125000001,112.06483125000001,156.8322,90.0041
443,snn,baseline,jetson_emulator,2,local,0.5,49.0744,40.4462,49.0744,50.5511,73.0362,112.06483125000001,112.06483125000001,157.0272,90.0219
444,snn,baseline,jetson_emulator,2,offload,0.5,48.8556,40.9835,40.9835,42.4145,76.108,112.06483125000001,112.06483125000001,157.0342,90.0653
445,snn,baseline,jetson_emulator,2,local,0.5,49.5159,41.5508,49.5159,51.2362,72.8757,112.06483125000001,112.06483125000001,157.2293,89.9309
446,snn,baseline,jetson_emulator,2,offload,0.5,48.9253,41.3179,41.3179,42.8543,75.976,112.06483125000001,112.06483125000001,157.2361,90.0436
447,snn,baseline,jetson_emulator,2,offload,0.5,48.8305,40.3758,40.3758,42.4834,76.3492,112.06483125000001,112.06483125000001,157.3371,89.9939
448,snn,baseline,jetson_emulator,2,local,0.5,49.3543,40.874,49.3543,50.8888,72.9344,112.06483125000001,112.06483125000001,157.5324,90.0264
449,snn,baseline,jetson_emulator,2,local,0.5,49.2309,40.3878,49.2309,51.6182,72.9792,112.06483125000001,112.06483125000001,157.6335,90.0448
450,snn,baseline,jetson_emulator,2,offload,0.5,49.6266,40.8771,40.8771,42.1678,76.1502,112.06483125000001,112.06483125000001,157.64,90.0352
451,snn,baseline,jetson_emulator,2,local,0.5,48.8728,41.8546,48.8728,50.5542,73.1097,112.06483125000001,112.06483125000001,157.8355,90.024
452,snn,baseline,jetson_emulator,2,local,0.5,49.235,40.5885,49.235,51.4313,72.9778,112.06483125000001,112.06483125000001,157.9366,89.921
453,snn,baseline,jetson_emulator,2,offload,0.5,49.11,41.2322,41.2322,43.0912,76.0098,112.06483125000001,112.06483125000001,157.943,90.0437
454,snn,baseline,jetson_emulator,2,local,0.5,49.4485,41.7967,49.4485,51.2551,72.9002,112.06483125000001,112.06483125000001,158.1387,90.0248
455,snn,baseline,jetson_emulator,2,offload,0.5,49.3077,42.3889,42.3889,44.5324,75.5561,112.06483125000001,112.06483125000001,158.1449,90.0587
456,snn,baseline,jetson_emulator,2,local,0.5,49.519,41.6484,49.519,51.948,72.8746,112.06483125000001,112.06483125000001,158.3407,90.1213
457,snn,baseline,jetson_emulator,2,offload,0.5,49.6217,41.3329,41.3329,42.8836,75.9701,112.06483125000001,112.06483125000001,158.3469,90.034
458,snn,baseline,jetson_emulator,2,offload,0.5,49.3733,40.5889,40.5889,42.5482,76.2645,112.06483125000001,112.06483125000001,158.4479,89.9525
459,snn,baseline,jetson_emulator,2,local,0.5,49.5595,41.6054,49.5595,51.2251,72.8599,112.06483125000001,112.06483125000001,158.6439,89.9424
460,snn,baseline,jetson_emulator,2,offload,0.5,49.8531,40.3955,40.3955,42.3489,76.3414,112.06483125000001,112.06483125000001,158.6498,90.1001
461,snn,baseline,jetson_emulator,2,local,0.5,48.9458,40.604,48.9458,50.809,73.0831,112.06483125000001,112.06483125000001,158.8459,90.137
462,snn,baseline,jetson_emulator,2,local,0.5,49.7645,40.5404,49.7645,51.6058,72.7856,112.06483125000001,112.06483125000001,158.947,90.0367
463,snn,baseline,jetson_emulator,2,local,0.5,50.0982,41.9205,50.0982,51.626,72.6651,112.06483125000001,112.06483125000001,159.048,90.042
464,snn,baseline,jetson_emulator,2,local,0.5,49.5611,41.2711,49.5611,51.9933,72.8593,112.06483125000001,112.06483125000001,159.1491,90.1069
465,snn,baseline,jetson_emulator,2,offload,0.5,49.4691,41.3621,41.3621,42.1018,75.9586,112.06483125000001,112.06483125000001,159.1547,89.956
466,snn,baseline,jetson_emulator,2,local,0.5,49.2627,41.3274,49.2627,50.7227,72.9677,112.06483125000001,112.06483125000001,159.3511,90.0945
467,snn,baseline,jetson_emulator,2,offload,0.5,49.1365,40.5041,40.5041,41.2755,76.2982,112.06483125000001,112.06483125000001,159.3567,90.0103
468,snn,baseline,jetson_emulator,2,offload,0.5,49.5152,41.2272,41.2272,42.7976,76.0117,112.06483125000001,112.06483125000001,159.4577,90.0666
469,snn,baseline,jetson_emulator,2,offload,0.5,49.3412,40.639,40.639,42.3879,76.2446,112.06483125000001,112.06483125000001,159.5586,90.0534
470,snn,baseline,jetson_emulator,2,offload,0.5,49.4565,40.6313,40.6313,42.2846,76.2476,112.06483125000001,112.06483125000001,159.6596,89.9652
471,snn,baseline,jetson_emulator,2,local,0.5,49.3456,41.1901,49.3456,50.4607,72.9375,112.06483125000001,112.06483125000001,159.8563,89.9871
472,snn,baseline,jetson_emulator,2,local,0.5,49.2196,40.5927,49.2196,50.5385,72.9834,112.06483125000001,112.06483125000001,159.9574,90.0719
473,snn,baseline,jetson_emulator,2,local,0.5,49.2904,41.3537,49.2904,51.2098,72.9576,112.06483125000001,112.06483125000001,160.0584,90.0047
474,snn,baseline,jetson_emulator,2,offload,0.5,49.6723,41.0445,41.0445,43.1305,76.0839,112.06483125000001,112.06483125000001,160.0635,89.9952
475,snn,baseline,jetson_emulator,2,local,0.5,50.0895,41.1691,50.0895,51.9985,72.6682,112.06483125000001,112.06483125000001,160.2605,90.067
476,snn,baseline,jetson_emulator,2,local,0.5,49.7964,41.9773,49.7964,51.7028,72.7741,112.06483125000001,112.06483125000001,160.3615,89.9841
477,snn,baseline,jetson_emulator,2,local,0.5,49.0376,40.8028,49.0376,49.7619,73.0496,112.06483125000001,112.06483125000001,160.4626,90.0507
478,snn,baseline,jetson_emulator,2,local,0.5,49.0167,41.3653,49.0167,49.8018,73.0573,112.06483125000001,112.06483125000001,160.5636,90.0255
479,snn,baseline,jetson_emulator,2,offload,0.5,49.0371,41.3277,41.3277,43.621,75.9721,112.06483125000001,112.06483125000001,160.5684,90.0283
480,snn,baseline,jetson_emulator,2,offload,0.5,49.2201,41.658,41.658,44.3283,75.8421,112.06483125000001,112.06483125000001,160.6694,89.9693
481,snn,baseline,jetson_emulator,2,local,0.5,49.8739,42.0076,49.8739,51.2324,72.7461,112.06483125000001,112.06483125000001,160.8667,90.005
482,snn,baseline,jetson_emulator,2,local,0.5,49.3305,40.8838,49.3305,51.1534,72.943,112.06483125000001,112.06483125000001,160.9678,90.0102
483,snn,baseline,jetson_emulator,2,local,0.5,50.1071,41.1931,50.1071,52.4767,72.6619,112.06483125000001,112.06483125000001,161.0688,89.9756
484,snn,baseline,jetson_emulator,2,local,0.5,49.8109,41.2566,49.8109,51.6332,72.7689,112.06483125000001,112.06483125000001,161.1699,90.0687
485,snn,baseline,jetson_emulator,2,local,0.5,49.2105,40.8497,49.2105,50.1892,72.9867,112.06483125000001,112.06483125000001,161.2709,90.0672
486,snn,baseline,jetson_emulator,2,local,0.5,50.2043,40.6973,50.2043,51.8317,72.6269,112.06483125000001,112.06483125000001,161.3719,90.1364
487,snn,baseline,jetson_emulator,2,offload,0.5,49.4167,40.9426,40.9426,42.1422,76.1242,112.06483125000001,112.06483125000001,161.3763,89.991
488,snn,baseline,jetson_emulator,2,local,0.5,49.5434,40.7807,49.5434,51.0075,72.8658,112.06483125000001,112.06483125000001,161.574,89.9932
489,snn,baseline,jetson_emulator,2,offload,0.5,49.6882,41.1172,41.1172,43.1554,76.0552,112.06483125000001,112.06483125000001,161.5782,89.9797
490,snn,baseline,jetson_emulator,2,offload,0.5,49.6946,41.8803,41.8803,43.7787,75.7549,112.06483125000001,112.06483125000001,161.6792,89.9955
491,snn,baseline,jetson_emulator,2,local,0.5,49.5299,41.898,49.5299,51.1499,72.8706,112.06483125000001,112.06483125000001,161.8771,89.9862
492,snn,baseline,jetson_emulator,2,local,0.5,49.641,41.3544,49.641,51.5183,72.8304,112.06483125000001,112.06483125000001,161.9782,90.0943
493,snn,baseline,jetson_emulator,2,local,0.5,49.3779,41.8886,49.3779,51.4335,72.9258,112.06483125000001,112.06483125000001,162.0792,90.0255
494,snn,baseline,jetson_emulator,2,local,0.5,50.0827,41.4378,50.0827,51.0171,72.6707,112.06483125000001,112.06483125000001,162.1803,90.0462
495,snn,baseline,jetson_emulator,2,local,0.5,49.608,41.9391,49.608,51.5929,72.8423,112.06483125000001,112.06483125000001,162.2813,90.0194
496,snn,baseline,jetson_emulator,2,local,0.5,50.0379,41.6263,50.0379,51.6372,72.6868,112.06483125000001,112.06483125000001,162.3823,90.0505
497,snn,baseline,jetson_emulator,2,local,0.5,49.5848,41.0978,49.5848,51.4861,72.8507,112.06483125000001,112.06483125000001,162.4834,89.9679
498,snn,baseline,jetson_emulator,2,offload,0.5,49.8682,42.0278,42.0278,43.8872,75.6971,112.06483125000001,112.06483125000001,162.487,90.0371
499,snn,baseline,jetson_emulator,2,local,0.5,50.186,41.7274,50.186,52.2184,72.6335,112.06483125000001,112.06483125000001,162.6855,89.9837
500,snn,baseline,jetson_emulator,2,local,0.5,49.6246,41.1482,49.6246,50.8313,72.8363,112.06483125000001,112.06483125000001,162.7865,89.9751
501,snn,baseline,jetson_emulator,2,offload,0.5,49.7724,41.6446,41.6446,42.7276,75.8474,112.06483125000001,112.06483125000001,162.79,90.0299
502,snn,baseline,jetson_emulator,2,local,0.5,50.1593,41.0744,50.1593,51.8589,72.6431,112.06483125000001,112.06483125000001,162.9886,90.0075
503,snn,baseline,jetson_emulator,2,local,0.5,50.095,42.4139,50.095,52.7557,72.6663,112.06483125000001,112.06483125000001,163.0896,90.0134
504,snn,baseline,jetson_emulator,2,local,0.5,49.9457,42.5593,49.9457,51.3502,72.7202,112.06483125000001,112.06483125000001,163.1907,89.9889
505,snn,baseline,jetson_emulator,2,local,0.5,50.0936,41.2182,50.0936,51.6725,72.6667,112.06483125000001,112.06483125000001,163.2917,90.0481
506,snn,baseline,jetson_emulator,2,local,0.5,50.4463,41.9854,50.4463,51.9415,72.5398,112.06483125000001,112.06483125000001,163.3927,90.0832
507,snn,baseline,jetson_emulator,2,offload,0.5,50.045,41.6539,41.6539,43.8834,75.8437,112.06483125000001,112.06483125000001,163.3959,90.0182
508,snn,baseline,jetson_emulator,2,offload,0.5,50.266,41.8158,41.8158,42.7524,75.7802,112.06483125000001,112.06483125000001,163.4968,90.0599
509,snn,baseline,jetson_emulator,2,local,0.5,50.149,41.4671,50.149,51.3423,72.6468,112.06483125000001,112.06483125000001,163.6959,90.004
510,snn,baseline,jetson_emulator,2,offload,0.5,51.2309,41.8033,41.8033,43.8338,75.7851,112.06483125000001,112.06483125000001,163.6988,89.9987
511,snn,baseline,jetson_emulator,2,local,0.5,50.2237,42.3556,50.2237,52.0043,72.6199,112.06483125000001,112.06483125000001,163.8979,89.999
512,snn,baseline,jetson_emulator,2,offload,0.5,50.5961,42.5879,42.5879,44.3068,75.4785,112.06483125000001,112.06483125000001,163.9008,90.0279
513,snn,baseline,jetson_emulator,2,offload,0.5,50.6812,42.3698,42.3698,43.4244,75.5635,112.06483125000001,112.06483125000001,164.0017,90.1166
514,snn,baseline,jetson_emulator,2,local,0.5,50.3155,41.5507,50.3155,51.4085,72.5868,112.06483125000001,112.06483125000001,164.2011,89.9578
515,snn,baseline,jetson_emulator,2,local,0.5,51.4377,41.6759,51.4377,52.3138,72.1852,112.06483125000001,112.06483125000001,164.3021,90.0173
516,snn,baseline,jetson_emulator,2,offload,0.5,51.245,42.1031,42.1031,43.7725,75.6676,112.06483125000001,112.06483125000001,164.3047,90.0397
517,snn,baseline,jetson_emulator,2,local,0.5,50.4947,43.4817,50.4947,52.5973,72.5224,112.06483125000001,112.06483125000001,164.5042,90.0377
518,snn,baseline,jetson_emulator,2,local,0.5,51.3514,42.6701,51.3514,53.5978,72.2159,112.06483125000001,112.06483125000001,164.6052,89.9561
519,snn,baseline,jetson_emulator,2,offload,0.5,50.9153,42.8019,42.8019,44.6782,75.3954,112.06483125000001,112.06483125000001,164.6076,89.8748
520,snn,baseline,jetson_emulator,2,local,0.5,51.3442,42.6237,51.3442,52.8292,72.2185,112.06483125000001,112.06483125000001,164.8073,89.9827
521,snn,baseline,jetson_emulator,2,local,0.5,50.8942,42.0918,50.8942,52.2873,72.3792,112.06483125000001,112.06483125000001,164.9083,89.9898
522,snn,baseline,jetson_emulator,2,local,0.5,52.3868,41.9464,52.3868,54.263,71.849,112.06483125000001,112.06483125000001,165.0094,89.9262
523,snn,baseline,jetson_emulator,2,local,0.5,50.7823,42.6331,50.7823,52.3084,72.4192,112.06483125000001,112.06483125000001,165.1104,90.0598
524,snn,baseline,jetson_emulator,2,offload,0.5,51.0152,42.5211,42.5211,44.5191,75.5046,112.06483125000001,112.06483125000001,165.1125,90.0435
525,snn,baseline,jetson_emulator,2,offload,0.5,52.6405,43.3352,43.3352,45.5019,75.1889,112.06483125000001,112.06483125000001,165.2135,90.0548
526,snn,baseline,jetson_emulator,2,offload,0.5,51.0629,43.8159,43.8159,45.1646,75.0037,112.06483125000001,112.06483125000001,165.3145,89.9439
527,snn,baseline,jetson_emulator,2,local,0.5,51.1924,43.8657,51.1924,53.229,72.2726,112.06483125000001,112.06483125000001,165.5146,90.0384
528,snn,baseline,jetson_emulator,2,local,0.5,51.5805,43.3141,51.5805,53.841,72.1344,112.06483125000001,112.06483125000001,165.6156,90.0648
529,snn,baseline,jetson_emulator,2,offload,0.5,51.6236,42.4115,42.4115,43.8357,75.5473,112.06483125000001,112.06483125000001,165.6174,90.0144
530,snn,baseline,jetson_emulator,2,local,0.5,51.8542,42.3563,51.8542,53.3366,72.0373,112.06483125000001,112.06483125000001,165.8177,90.0121
531,snn,baseline,jetson_emulator,2,local,0.5,51.662,43.3495,51.662,53.5121,72.1054,112.06483125000001,112.06483125000001,165.9187,89.9921
532,snn,baseline,jetson_emulator,2,offload,0.5,51.5385,42.647,42.647,44.1042,75.4556,112.06483125000001,112.06483125000001,165.9203,90.0583
533,snn,baseline,jetson_emulator,2,offload,0.5,51.6484,42.7962,42.7962,44.7686,75.3976,112.06483125000001,112.06483125000001,166.0213,89.9583
534,snn,baseline,jetson_emulator,2,offload,0.5,51.8036,42.6342,42.6342,44.5827,75.4605,112.06483125000001,112.06483125000001,166.1223,90.0474
535,snn,baseline,jetson_emulator,2,local,0.5,52.3224,43.5096,52.3224,53.8498,71.8717,112.06483125000001,112.06483125000001,166.3229,90.0557
536,snn,baseline,jetson_emulator,2,offload,0.5,51.9111,42.6784,42.6784,43.2156,75.4433,112.06483125000001,112.06483125000001,166.3243,90.0836
537,snn,baseline,jetson_emulator,2,local,0.5,52.2616,43.5489,52.2616,53.656,71.8932,112.06483125000001,112.06483125000001,166.525,90.0074
538,snn,baseline,jetson_emulator,2,offload,0.5,52.3019,42.9196,42.9196,44.75,75.3497,112.06483125000001,112.06483125000001,166.5262,89.9836
539,snn,baseline,jetson_emulator,2,offload,0.5,52.2292,43.0865,43.0865,44.5973,75.285,112.06483125000001,112.06483125000001,166.6272,89.9528
540,snn,baseline,jetson_emulator,2,offload,0.5,52.1277,43.127,43.127,44.9557,75.2694,112.06483125000001,112.06483125000001,166.7282,90.0248
541,snn,baseline,jetson_emulator,2,local,0.5,52.0993,44.0935,52.0993,53.9412,71.9505,112.06483125000001,112.06483125000001,166.9291,90.0188
542,snn,baseline,jetson_emulator,2,local,0.5,52.1186,43.593,52.1186,53.6538,71.9437,112.06483125000001,112.06483125000001,167.0302,89.9792
543,snn,baseline,jetson_emulator,2,local,0.5,53.3219,43.7361,53.3219,54.9722,71.5208,112.06483125000001,112.06483125000001,167.1312,89.9668
544,snn,baseline,jetson_emulator,2,offload,0.5,52.9308,43.8752,43.8752,45.3235,74.9809,112.06483125000001,112.06483125000001,167.1321,90.0272
545,snn,baseline,jetson_emulator,2,local,0.5,52.6945,44.5575,52.6945,53.7364,71.7407,112.06483125000001,112.06483125000001,167.3333,90.0621
546,snn,baseline,jetson_emulator,2,offload,0.5,52.6553,43.4129,43.4129,45.1416,75.1589,112.06483125000001,112.06483125000001,167.334,90.0356
547,snn,baseline,jetson_emulator,2,local,0.5,53.1561,44.4837,53.1561,55.3736,71.5788,112.06483125000001,112.06483125000001,167.5354,90.0296
548,snn,baseline,jetson_emulator,2,local,0.5,53.0168,43.9765,53.0168,54.6845,71.6276,112.06483125000001,112.06483125000001,167.6364,90.0305
549,snn,baseline,jetson_emulator,2,local,0.5,52.8692,45.3403,52.8692,54.1176,71.6793,112.06483125000001,112.06483125000001,167.7374,89.9756
550,snn,baseline,jetson_emulator,2,local,0.5,52.7801,44.6656,52.7801,54.4657,71.7106,112.06483125000001,112.06483125000001,167.8385,89.9779
551,snn,baseline,jetson_emulator,2,offload,0.5,52.7485,43.805,43.805,45.4577,75.0079,112.06483125000001,112.06483125000001,167.8389,89.8838
552,snn,baseline,jetson_emulator,2,local,0.5,52.9796,44.6002,52.9796,55.1503,71.6406,112.06483125000001,112.06483125000001,168.0406,89.9744
553,snn,baseline,jetson_emulator,2,local,0.5,53.3762,43.9497,53.3762,54.9251,71.5018,112.06483125000001,112.06483125000001,168.1416,90.0258
554,snn,baseline,jetson_emulator,2,local,0.5,54.0798,43.8089,54.0798,55.6859,71.257,112.06483125000001,112.06483125000001,168.2426,90.0491
555,snn,baseline,jetson_emulator,2,offload,0.5,53.612,44.0705,44.0705,46.405,74.906,112.06483125000001,112.06483125000001,168.2429,90.08
556,snn,baseline,jetson_emulator,2,local,0.5,54.2033,44.1506,54.2033,55.6592,71.2142,112.06483125000001,112.06483125000001,168.4447,90.0179
557,snn,baseline,jetson_emulator,2,local,0.5,53.4904,44.1376,53.4904,55.5389,71.462,112.06483125000001,112.06483125000001,168.5458,89.9302
558,snn,baseline,jetson_emulator,2,local,0.5,53.9505,45.2179,53.9505,55.8296,71.3018,112.06483125000001,112.06483125000001,168.6468,90.0606
559,snn,baseline,jetson_emulator,2,offload,0.5,54.1466,44.1906,44.1906,46.3755,74.86,112.06483125000001,112.06483125000001,168.6468,90.0782
560,snn,baseline,jetson_emulator,2,offload,0.5,54.2354,45.1609,45.1609,46.3175,74.4904,112.06483125000001,112.06483125000001,168.7478,89.964
561,snn,baseline,jetson_emulator,2,local,0.5,53.7597,44.3547,53.7597,55.7396,71.3682,112.06483125000001,112.06483125000001,168.9499,90.0051
562,snn,baseline,jetson_emulator,2,offload,0.5,53.6269,45.4084,45.4084,46.9235,74.3968,112.06483125000001,112.06483125000001,168.9497,89.9777
563,snn,baseline,jetson_emulator,2,local,0.5,54.6658,45.1294,54.6658,55.9855,71.0543,112.06483125000001,112.06483125000001,169.152,90.0017
564,snn,baseline,jetson_emulator,2,local,0.5,54.4001,45.4687,54.4001,55.6747,71.1461,112.06483125000001,112.06483125000001,169.253,90.003
565,snn,baseline,jetson_emulator,2,local,0.5,53.9231,44.9727,53.9231,56.1735,71.3114,112.06483125000001,112.06483125000001,169.3541,90.0126
566,snn,baseline,jetson_emulator,2,offload,0.5,54.2275,45.843,45.843,46.9346,74.2328,112.06483125000001,112.06483125000001,169.3536,89.9755
567,snn,baseline,jetson_emulator,2,offload,0.5,54.2629,44.9719,44.9719,46.7983,74.5622,112.06483125000001,112.06483125000001,169.4546,90.0493
568,snn,baseline,jetson_emulator,2,local,0.5,54.4023,45.4157,54.4023,56.1637,71.1453,112.06483125000001,112.06483125000001,169.6572,90.004
569,snn,baseline,jetson_emulator,2,offload,0.5,55.3805,45.0963,45.0963,46.8764,74.5149,112.06483125000001,112.06483125000001,169.6566,90.0193
570,snn,baseline,jetson_emulator,2,offload,0.5,54.6289,45.4724,45.4724,47.5911,74.3726,112.06483125000001,112.06483125000001,169.7576,89.9785
571,snn,baseline,jetson_emulator,2,local,0.5,55.2754,46.9923,55.2754,56.8969,70.8447,112.06483125000001,112.06483125000001,169.9603,90.0343
572,snn,baseline,jetson_emulator,2,local,0.5,54.564,44.9899,54.564,56.8084,71.0895,112.06483125000001,112.06483125000001,170.0614,89.965
573,snn,baseline,jetson_emulator,2,local,0.5,54.4452,46.1574,54.4452,56.3743,71.1305,112.06483125000001,112.06483125000001,170.1624,90.0881
574,snn,baseline,jetson_emulator,2,offload,0.5,54.9757,45.2693,45.2693,47.0938,74.4494,112.06483125000001,112.06483125000001,170.1615,90.0323
575,snn,baseline,jetson_emulator,2,local,0.5,54.5944,45.7813,54.5944,56.3435,71.079,112.06483125000001,112.06483125000001,170.3645,90.035
576,snn,baseline,jetson_emulator,2,offload,0.5,55.035,45.4279,45.4279,47.1291,74.3894,112.06483125000001,112.06483125000001,170.3634,89.9696
577,snn,baseline,jetson_emulator,2,local,0.5,55.0007,45.9441,55.0007,56.5088,70.939,112.06483125000001,112.06483125000001,170.5666,90.0172
578,snn,baseline,jetson_emulator,2,local,0.5,55.0841,46.5554,55.0841,56.6949,70.9104,112.06483125000001,112.06483125000001,170.6676,89.9897
579,snn,baseline,jetson_emulator,2,offload,0.5,55.6323,45.7792,45.7792,47.3354,74.2569,112.06483125000001,112.06483125000001,170.6664,89.9968
580,snn,baseline,jetson_emulator,2,offload,0.5,54.963,46.3105,46.3105,48.2701,74.0573,112.06483125000001,112.06483125000001,170.7673,90.0032
581,snn,baseline,jetson_emulator,2,local,0.5,55.068,45.6349,55.068,57.4662,70.9159,112.06483125000001,112.06483125000001,170.9707,89.988
582,snn,baseline,jetson_emulator,2,local,0.5,55.7302,45.7794,55.7302,58.165,70.6892,112.06483125000001,112.06483125000001,171.0718,90.0401
583,snn,baseline,jetson_emulator,2,local,0.5,55.2679,45.9027,55.2679,56.9398,70.8473,112.06483125000001,112.06483125000001,171.1728,90.058
584,snn,baseline,jetson_emulator,2,offload,0.5,55.9529,46.734,46.734,48.9308,73.899,112.06483125000001,112.06483125000001,171.1713,90.1066
585,snn,baseline,jetson_emulator,2,offload,0.5,55.3232,46.2762,46.2762,47.2746,74.0702,112.06483125000001,112.06483125000001,171.2722,90.0078
586,snn,baseline,jetson_emulator,2,offload,0.5,56.0876,46.5341,46.5341,47.8328,73.9736,112.06483125000001,112.06483125000001,171.3732,89.9931
587,snn,baseline,jetson_emulator,2,offload,0.5,56.6334,46.1594,46.1594,47.3021,74.1139,112.06483125000001,112.06483125000001,171.4742,90.0036
588,snn,baseline,jetson_emulator,2,offload,0.5,56.014,46.4952,46.4952,48.3328,73.9882,112.06483125000001,112.06483125000001,171.5752,90.0228
589,snn,baseline,jetson_emulator,2,local,0.5,56.2947,47.7767,56.2947,58.4437,70.497,112.06483125000001,112.06483125000001,171.779,90.008
590,snn,baseline,jetson_emulator,2,local,0.5,56.7953,46.789,56.7953,58.5923,70.3275,112.06483125000001,112.06483125000001,171.8801,89.8728
591,snn,baseline,jetson_emulator,2,local,0.5,56.2856,46.3814,56.2856,57.9771,70.5001,112.06483125000001,112.06483125000001,171.9811,89.9154
592,snn,baseline,jetson_emulator,2,offload,0.5,56.3422,46.8604,46.8604,47.8166,73.8519,112.06483125000001,112.06483125000001,171.9791,90.022
593,snn,baseline,jetson_emulator,2,offload,0.5,56.1136,46.9956,46.9956,49.3418,73.8016,112.06483125000001,112.06483125000001,172.0801,90.0842
594,snn,baseline,jetson_emulator,2,local,0.5,56.4166,47.3842,56.4166,57.121,70.4557,112.06483125000001,112.06483125000001,172.2842,89.9954
595,snn,baseline,jetson_emulator,2,local,0.5,57.3577,46.396,57.3577,59.2494,70.138,112.06483125000001,112.06483125000001,172.3853,90.019
596,snn,baseline,jetson_emulator,2,offload,0.5,56.8365,46.7541,46.7541,47.9099,73.8915,112.06483125000001,112.06483125000001,172.383,90.0106
597,snn,baseline,jetson_emulator,2,local,0.5,56.1471,46.7804,56.1471,57.5235,70.5472,112.06483125000001,112.06483125000001,172.5874,90.111
598,snn,baseline,jetson_emulator,2,offload,0.5,56.3773,46.6285,46.6285,48.4892,73.9384,112.06483125000001,112.06483125000001,172.585,90.0583
599,snn,baseline,jetson_emulator,2,offload,0.5,56.6231,46.5511,46.5511,48.3217,73.9673,112.06483125000001,112.06483125000001,172.686,90.0441
600,snn,baseline,jetson_emulator,2,offload,0.5,56.8015,46.9065,46.9065,48.1782,73.8347,112.06483125000001,112.06483125000001,172.7869,90.0661
601,snn,baseline,jetson_emulator,2,offload,0.5,56.969,47.2877,47.2877,47.9657,73.693,112.06483125000001,112.06483125000001,172.8879,89.9764
602,snn,baseline,jetson_emulator,2,offload,0.5,57.3192,46.9188,46.9188,48.4593,73.8301,112.06483125000001,112.06483125000001,172.9889,89.9294
603,snn,baseline,jetson_emulator,2,local,0.5,56.8639,46.6905,56.8639,58.7944,70.3043,112.06483125000001,112.06483125000001,173.1936,90.0635
604,snn,baseline,jetson_emulator,2,offload,0.5,57.4574,47.5268,47.5268,48.3826,73.6045,112.06483125000001,112.06483125000001,173.1909,90.0423
605,snn,baseline,jetson_emulator,2,local,0.5,56.6253,47.3349,56.6253,59.6156,70.385,112.06483125000001,112.06483125000001,173.3957,90.0533
606,snn,baseline,jetson_emulator,2,local,0.5,56.7287,48.3253,56.7287,58.2427,70.35,112.06483125000001,112.06483125000001,173.4967,89.9475
607,snn,baseline,jetson_emulator,2,local,0.5,57.7259,48.2526,57.7259,59.1482,70.0145,112.06483125000001,112.06483125000001,173.5978,90.022
608,snn,baseline,jetson_emulator,2,offload,0.5,56.796,48.7682,48.7682,50.7601,73.148,112.06483125000001,112.06483125000001,173.5948,90.0697
609,snn,baseline,jetson_emulator,2,local,0.5,57.5714,47.186,57.5714,60.0864,70.0663,112.06483125000001,112.06483125000001,173.7998,90.0225
610,snn,baseline,jetson_emulator,2,local,0.5,57.5886,47.7556,57.5886,59.7284,70.0606,112.06483125000001,112.06483125000001,173.9009,90.0242
611,snn,baseline,jetson_emulator,2,offload,0.5,57.1091,47.395,47.395,48.2297,73.6533,112.06483125000001,112.06483125000001,173.8977,89.9497
612,snn,baseline,jetson_emulator,2,local,0.5,57.1724,47.5747,57.1724,58.6547,70.2003,112.06483125000001,112.06483125000001,174.103,90.0279
613,snn,baseline,jetson_emulator,2,offload,0.5,57.1932,47.2133,47.2133,48.4454,73.7206,112.06483125000001,112.06483125000001,174.0997,90.0187
614,snn,baseline,jetson_emulator,2,local,0.5,58.293,48.295,58.293,59.2971,69.8252,112.06483125000001,112.06483125000001,174.305,89.9271
615,snn,baseline,jetson_emulator,2,local,0.5,57.991,47.7801,57.991,59.3766,69.9259,112.06483125000001,112.06483125000001,174.4061,89.9684
616,snn,baseline,jetson_emulator,2,offload,0.5,57.0997,47.3672,47.3672,48.9949,73.6635,112.06483125000001,112.06483125000001,174.4026,90.0987
617,snn,baseline,jetson_emulator,2,local,0.5,57.433,47.5065,57.433,58.8248,70.1127,112.06483125000001,112.06483125000001,174.6082,90.0538
618,snn,baseline,jetson_emulator,2,offload,0.5,57.1564,48.7149,48.7149,50.7405,73.1674,112.06483125000001,112.06483125000001,174.6046,90.0442
619,snn,baseline,jetson_emulator,2,local,0.5,57.5343,47.9507,57.5343,58.8964,70.0787,112.06483125000001,112.06483125000001,174.8102,89.9983
620,snn,baseline,jetson_emulator,2,offload,0.5,57.5509,47.4664,47.4664,49.0631,73.6268,112.06483125000001,112.06483125000001,174.8065,90.0466
621,snn,baseline,jetson_emulator,2,offload,0.5,57.2813,47.7711,47.7711,49.4966,73.5142,112.06483125000001,112.06483125000001,174.9075,90.0465
622,snn,baseline,jetson_emulator,2,offload,0.5,57.4066,47.811,47.811,49.8044,73.4994,112.06483125000001,112.06483125000001,175.0085,90.0833
623,snn,baseline,jetson_emulator,2,local,0.5,57.9504,47.5481,57.9504,59.6091,69.9395,112.06483125000001,112.06483125000001,175.2144,90.0361
624,snn,baseline,jetson_emulator,2,offload,0.5,57.4393,47.5931,47.5931,49.5675,73.5799,112.06483125000001,112.06483125000001,175.2104,90.083
625,snn,baseline,jetson_emulator,2,local,0.5,57.5736,49.0763,57.5736,58.7924,70.0656,112.06483125000001,112.06483125000001,175.4165,90.014
626,snn,baseline,jetson_emulator,2,local,0.5,57.5163,48.4781,57.5163,59.4644,70.0848,112.06483125000001,112.06483125000001,175.5175,89.9724
627,snn,baseline,jetson_emulator,2,local,0.5,58.0951,49.0598,58.0951,60.2326,69.8911,112.06483125000001,112.06483125000001,175.6186,90.0106
628,snn,baseline,jetson_emulator,2,local,0.5,58.5793,47.6351,58.5793,60.8232,69.73,112.06483125000001,112.06483125000001,175.7196,90.1264
629,snn,baseline,jetson_emulator,2,offload,0.5,57.6084,48.611,48.611,50.6211,73.2054,112.06483125000001,112.06483125000001,175.7153,90.0313
630,snn,baseline,jetson_emulator,2,local,0.5,57.5328,50.1469,57.5328,58.6161,70.0792,112.06483125000001,112.06483125000001,175.9217,89.9982
631,snn,baseline,jetson_emulator,2,offload,0.5,57.6268,47.6355,47.6355,48.6855,73.5643,112.06483125000001,112.06483125000001,175.9173,89.9921
632,snn,baseline,jetson_emulator,2,offload,0.5,58.6766,48.8542,48.8542,50.2522,73.1165,112.06483125000001,112.06483125000001,176.0183,90.0224
633,snn,baseline,jetson_emulator,2,offload,0.5,57.9673,48.5454,48.5454,50.3433,73.2294,112.06483125000001,112.06483125000001,176.1193,90.0529
634,snn,baseline,jetson_emulator,2,local,0.5,57.7121,47.9036,57.7121,58.3607,70.0192,112.06483125000001,112.06483125000001,176.3258,90.0895
635,snn,baseline,jetson_emulator,2,local,0.5,57.8957,48.3705,57.8957,59.9941,69.9577,112.06483125000001,112.06483125000001,176.4269,90.0682
636,snn,baseline,jetson_emulator,2,offload,0.5,58.6405,48.4998,48.4998,50.3119,73.2462,112.06483125000001,112.06483125000001,176.4222,89.963
637,snn,baseline,jetson_emulator,2,local,0.5,57.9672,49.7443,57.9672,59.296,69.9338,112.06483125000001,112.06483125000001,176.629,90.0626
638,snn,baseline,jetson_emulator,2,offload,0.5,57.6298,48.6193,48.6193,49.7791,73.2024,112.06483125000001,112.06483125000001,176.6242,90.0539
639,snn,baseline,jetson_emulator,2,offload,0.5,57.8757,47.6538,47.6538,49.6395,73.5575,112.06483125000001,112.06483125000001,176.7251,89.9549
640,snn,baseline,jetson_emulator,2,local,0.5,57.7054,48.0411,57.7054,59.2125,70.0214,112.06483125000001,112.06483125000001,176.9321,90.0158
641,snn,baseline,jetson_emulator,2,offload,0.5,57.9563,49.3756,49.3756,51.314,72.9266,112.06483125000001,112.06483125000001,176.9271,89.9412
642,snn,baseline,jetson_emulator,2,local,0.5,57.9641,47.8159,57.9641,60.1753,69.9349,112.06483125000001,112.06483125000001,177.1342,89.9903
643,snn,baseline,jetson_emulator,2,local,0.5,58.2245,48.3056,58.2245,60.3004,69.848,112.06483125000001,112.06483125000001,177.2352,90.0149
644,snn,baseline,jetson_emulator,2,local,0.5,57.9931,48.1277,57.9931,60.213,69.9252,112.06483125000001,112.06483125000001,177.3362,90.1017
645,snn,baseline,jetson_emulator,2,offload,0.5,58.9922,47.8965,47.8965,49.2161,73.4679,112.06483125000001,112.06483125000001,177.331,90.0345
646,snn,baseline,jetson_emulator,2,local,0.5,57.7892,47.8284,57.7892,59.6452,69.9933,112.06483125000001,112.06483125000001,177.5383,90.0405
647,snn,baseline,jetson_emulator,2,offload,0.5,58.2254,48.2875,48.2875,50.4237,73.324,112.06483125000001,112.06483125000001,177.533,89.962
648,snn,baseline,jetson_emulator,2,offload,0.5,57.7868,49.1782,49.1782,51.0477,72.9984,112.06483125000001,112.06483125000001,177.6339,89.9966
649,snn,baseline,jetson_emulator,2,offload,0.5,57.9668,48.7582,48.7582,50.3448,73.1516,112.06483125000001,112.06483125000001,177.7349,90.0522
650,snn,baseline,jetson_emulator,2,local,0.5,58.2527,47.8971,58.2527,59.885,69.8386,112.06483125000001,112.06483125000001,177.9425,89.9459
651,snn,baseline,jetson_emulator,2,offload,0.5,58.2882,47.7452,47.7452,49.5758,73.5237,112.06483125000001,112.06483125000001,177.9369,90.0818
652,snn,baseline,jetson_emulator,2,local,0.5,57.7503,47.6595,57.7503,59.7117,70.0064,112.06483125000001,112.06483125000001,178.1446,89.9593
653,snn,baseline,jetson_emulator,2,local,0.5,57.9572,48.5405,57.9572,59.2934,69.9372,112.06483125000001,112.06483125000001,178.2456,90.0998
654,snn,baseline,jetson_emulator,2,offload,0.5,58.2165,48.129,48.129,49.9416,73.3823,112.06483125000001,112.06483125000001,178.2398,90.0449
655,snn,baseline,jetson_emulator,2,offload,0.5,59.1049,47.6356,47.6356,49.7166,73.5642,112.06483125000001,112.06483125000001,178.3408,89.9664
656,snn,baseline,jetson_emulator,2,local,0.5,58.3885,48.1289,58.3885,60.1415,69.7934,112.06483125000001,112.06483125000001,178.5487,90.0304
657,snn,baseline,jetson_emulator,2,local,0.5,58.3924,48.2792,58.3924,59.619,69.7921,112.06483125000001,112.06483125000001,178.6498,90.0609
658,snn,baseline,jetson_emulator,2,local,0.5,57.9869,49.257,57.9869,58.8397,69.9273,112.06483125000001,112.06483125000001,178.7508,89.9596
659,snn,baseline,jetson_emulator,2,offload,0.5,58.2981,47.8757,47.8757,49.4655,73.4756,112.06483125000001,112.06483125000001,178.7447,90.0643
660,snn,baseline,jetson_emulator,2,local,0.5,57.8207,47.7915,57.8207,59.1859,69.9828,112.06483125000001,112.06483125000001,178.9529,90.0103
661,snn,baseline,jetson_emulator,2,offload,0.5,57.5219,48.2931,48.2931,50.5291,73.322,112.06483125000001,112.06483125000001,178.9467,90.0227
662,snn,baseline,jetson_emulator,2,offload,0.5,57.6685,48.739,48.739,50.0634,73.1586,112.06483125000001,112.06483125000001,179.0477,89.9921
663,snn,baseline,jetson_emulator,2,local,0.5,57.6943,47.9215,57.6943,59.4866,70.0251,112.06483125000001,112.06483125000001,179.256,90.1111
664,snn,baseline,jetson_emulator,2,offload,0.5,58.5351,48.7549,48.7549,49.5686,73.1528,112.06483125000001,112.06483125000001,179.2496,89.9967
665,snn,baseline,jetson_emulator,2,offload,0.5,57.7635,47.5128,47.5128,49.1906,73.6096,112.06483125000001,112.06483125000001,179.3506,90.1036
666,snn,baseline,jetson_emulator,2,offload,0.5,57.4131,48.173,48.173,50.0676,73.3661,112.06483125000001,112.06483125000001,179.4516,90.0174
667,snn,baseline,jetson_emulator,2,local,0.5,57.6942,47.4333,57.6942,59.7301,70.0251,112.06483125000001,112.06483125000001,179.6602,90.0175
668,snn,baseline,jetson_emulator,2,local,0.5,58.2284,47.7759,58.2284,59.6586,69.8467,112.06483125000001,112.06483125000001,179.7612,89.9848
669,snn,baseline,jetson_emulator,2,local,0.5,57.8627,47.9293,57.8627,59.4925,69.9688,112.06483125000001,112.06483125000001,179.8622,90.004
670,snn,baseline,jetson_emulator,2,local,0.5,57.5741,48.3261,57.5741,58.7147,70.0654,112.06483125000001,112.06483125000001,179.9633,90.0174
671,snn,baseline,jetson_emulator,2,local,0.5,57.5896,48.0787,57.5896,59.6176,70.0602,112.06483125000001,112.06483125000001,180.0643,89.927
672,snn,baseline,jetson_emulator,2,offload,0.5,57.4954,47.7917,47.7917,49.7491,73.5066,112.06483125000001,112.06483125000001,180.0575,89.9804
673,snn,baseline,jetson_emulator,2,local,0.5,58.1863,48.214,58.1863,59.9232,69.8607,112.06483125000001,112.06483125000001,180.2664,90.0609
674,snn,baseline,jetson_emulator,2,local,0.5,58.2952,47.6368,58.2952,60.022,69.8244,112.06483125000001,112.06483125000001,180.3674,90.016
675,snn,baseline,jetson_emulator,2,local,0.5,57.234,48.3547,57.234,58.9322,70.1796,112.06483125000001,112.06483125000001,180.4685,89.9707
676,snn,baseline,jetson_emulator,2,offload,0.5,57.2553,48.0982,48.0982,49.4781,73.3936,112.06483125000001,112.06483125000001,180.4614,89.9792
677,snn,baseline,jetson_emulator,2,local,0.5,57.7786,48.3391,57.7786,60.3412,69.9969,112.06483125000001,112.06483125000001,180.6706,90.0231
678,snn,baseline,jetson_emulator,2,offload,0.5,57.9174,47.6462,47.6462,49.1148,73.5603,112.06483125000001,112.06483125000001,180.6633,90.0511
679,snn,baseline,jetson_emulator,2,offload,0.5,57.0709,48.0841,48.0841,49.3582,73.3988,112.06483125000001,112.06483125000001,180.7643,90.0347
680,snn,baseline,jetson_emulator,2,local,0.5,57.0879,47.9532,57.0879,59.1312,70.2288,112.06483125000001,112.06483125000001,180.9737,89.9557
681,snn,baseline,jetson_emulator,2,local,0.5,57.0454,47.8367,57.0454,59.0294,70.2431,112.06483125000001,112.06483125000001,181.0747,90.0061
682,snn,baseline,jetson_emulator,2,offload,0.5,57.6182,47.0993,47.0993,48.5976,73.763,112.06483125000001,112.06483125000001,181.0672,90.0532
683,snn,baseline,jetson_emulator,2,offload,0.5,57.6252,47.6972,47.6972,49.6673,73.5415,112.06483125000001,112.06483125000001,181.1682,89.9097
684,snn,baseline,jetson_emulator,2,offload,0.5,57.063,47.0979,47.0979,48.7579,73.7635,112.06483125000001,112.06483125000001,181.2692,90.0094
685,snn,baseline,jetson_emulator,2,offload,0.5,56.7993,48.0015,48.0015,49.5304,73.4292,112.06483125000001,112.06483125000001,181.3702,90.0192
686,snn,baseline,jetson_emulator,2,local,0.5,57.7049,47.1721,57.7049,58.8782,70.0216,112.06483125000001,112.06483125000001,181.5799,89.9933
687,snn,baseline,jetson_emulator,2,local,0.5,56.7533,46.9778,56.7533,59.038,70.3417,112.06483125000001,112.06483125000001,181.681,90.0461
688,snn,baseline,jetson_emulator,2,offload,0.5,57.5937,47.0408,47.0408,48.116,73.7847,112.06483125000001,112.06483125000001,181.6731,90.0239
689,snn,baseline,jetson_emulator,2,local,0.5,56.6414,46.9073,56.6414,58.3778,70.3795,112.06483125000001,112.06483125000001,181.883,90.0572
690,snn,baseline,jetson_emulator,2,offload,0.5,56.6651,47.9039,47.9039,49.0898,73.4652,112.06483125000001,112.06483125000001,181.8751,90.0048
691,snn,baseline,jetson_emulator,2,local,0.5,56.9532,46.9835,56.9532,58.4189,70.2742,112.06483125000001,112.06483125000001,182.0851,90.0719
692,snn,baseline,jetson_emulator,2,offload,0.5,56.6131,46.743,46.743,49.2043,73.8956,112.06483125000001,112.06483125000001,182.077,90.0004
693,snn,baseline,jetson_emulator,2,offload,0.5,56.8378,47.0481,47.0481,48.6871,73.782,112.06483125000001,112.06483125000001,182.178,90.051
694,snn,baseline,jetson_emulator,2,local,0.5,56.868,47.3408,56.868,59.2311,70.303,112.06483125000001,112.06483125000001,182.3882,89.9764
695,snn,baseline,jetson_emulator,2,offload,0.5,57.2608,46.8746,46.8746,47.5604,73.8466,112.06483125000001,112.06483125000001,182.38,90.0276
696,snn,baseline,jetson_emulator,2,local,0.5,56.5332,46.9742,56.5332,58.8643,70.4161,112.06483125000001,112.06483125000001,182.5903,90.0025
697,snn,baseline,jetson_emulator,2,local,0.5,56.8352,47.199,56.8352,58.6719,70.314,112.06483125000001,112.06483125000001,182.6914,90.0159
698,snn,baseline,jetson_emulator,2,local,0.5,57.0209,47.9117,57.0209,59.347,70.2514,112.06483125000001,112.06483125000001,182.7924,89.9227
699,snn,baseline,jetson_emulator,2,local,0.5,56.8432,47.0918,56.8432,58.2071,70.3113,112.06483125000001,112.06483125000001,182.8934,90.0014
700,snn,baseline,jetson_emulator,2,local,0.5,56.5925,46.592,56.5925,58.2302,70.3961,112.06483125000001,112.06483125000001,182.9945,89.9704
701,snn,baseline,jetson_emulator,2,local,0.5,57.1864,46.466,57.1864,58.4211,70.1956,112.06483125000001,112.06483125000001,183.0955,90.0109
702,snn,baseline,jetson_emulator,2,offload,0.5,56.1474,47.3807,47.3807,48.7291,73.6585,112.06483125000001,112.06483125000001,183.0868,90.0558
703,snn,baseline,jetson_emulator,2,offload,0.5,56.5773,46.3935,46.3935,47.8434,74.0262,112.06483125000001,112.06483125000001,183.1878,90.0585
704,snn,baseline,jetson_emulator,2,offload,0.5,56.4645,47.8111,47.8111,49.5671,73.4994,112.06483125000001,112.06483125000001,183.2888,90.1136
705,snn,baseline,jetson_emulator,2,offload,0.5,57.2513,46.8889,46.8889,49.1009,73.8413,112.06483125000001,112.06483125000001,183.3898,89.9961
706,snn,baseline,jetson_emulator,2,local,0.5,56.067,46.4213,56.067,58.3794,70.5744,112.06483125000001,112.06483125000001,183.6007,90.0159
707,snn,baseline,jetson_emulator,2,offload,0.5,56.4373,46.8231,46.8231,48.7656,73.8658,112.06483125000001,112.06483125000001,183.5917,90.0564
708,snn,baseline,jetson_emulator,2,offload,0.5,55.7397,46.7158,46.7158,48.4684,73.9058,112.06483125000001,112.06483125000001,183.6927,90.0235
709,snn,baseline,jetson_emulator,2,local,0.5,56.5214,46.47,56.5214,58.0895,70.4202,112.06483125000001,112.06483125000001,183.9038,90.0277
710,snn,baseline,jetson_emulator,2,local,0.5,56.2566,47.0921,56.2566,58.5171,70.51,112.06483125000001,112.06483125000001,184.0049,90.022
711,snn,baseline,jetson_emulator,2,local,0.5,56.8436,46.1031,56.8436,59.0945,70.3112,112.06483125000001,112.06483125000001,184.1059,90.0732
712,snn,baseline,jetson_emulator,2,local,0.5,56.0178,46.683,56.0178,57.9789,70.5911,112.06483125000001,112.06483125000001,184.207,89.9849
713,snn,baseline,jetson_emulator,2,offload,0.5,55.8459,46.3727,46.3727,47.0534,74.034,112.06483125000001,112.06483125000001,184.1976,90.0413
714,snn,baseline,jetson_emulator,2,offload,0.5,55.7145,45.8812,45.8812,48.1792,74.2185,112.06483125000001,112.06483125000001,184.2986,90.0349
715,snn,baseline,jetson_emulator,2,offload,0.5,55.6686,46.6912,46.6912,48.379,73.915,112.06483125000001,112.06483125000001,184.3996,90.096
716,snn,baseline,jetson_emulator,2,local,0.5,55.3803,47.0447,55.3803,57.0885,70.8088,112.06483125000001,112.06483125000001,184.6111,89.9807
717,snn,baseline,jetson_emulator,2,local,0.5,55.9945,46.1726,55.9945,57.6935,70.5991,112.06483125000001,112.06483125000001,184.7122,89.978
718,snn,baseline,jetson_emulator,2,local,0.5,55.3025,46.0479,55.3025,57.365,70.8354,112.06483125000001,112.06483125000001,184.8132,90.002
719,snn,baseline,jetson_emulator,2,offload,0.5,56.0045,45.6573,45.6573,47.9639,74.3028,112.06483125000001,112.06483125000001,184.8035,90.0582
720,snn,baseline,jetson_emulator,2,offload,0.5,55.4164,45.836,45.836,47.3118,74.2355,112.06483125000001,112.06483125000001,184.9045,90.0292
721,snn,baseline,jetson_emulator,2,local,0.5,56.1734,46.1152,56.1734,57.9628,70.5382,112.06483125000001,112.06483125000001,185.1163,89.9634
722,snn,baseline,jetson_emulator,2,local,0.5,55.5851,45.7646,55.5851,57.303,70.7387,112.06483125000001,112.06483125000001,185.2174,90.0763
723,snn,baseline,jetson_emulator,2,local,0.5,55.6238,46.872,55.6238,57.8936,70.7255,112.06483125000001,112.06483125000001,185.3184,90.041
724,snn,baseline,jetson_emulator,2,offload,0.5,56.0535,45.6787,45.6787,47.2858,74.2947,112.06483125000001,112.06483125000001,185.3084,90.0605
725,snn,baseline,jetson_emulator,2,offload,0.5,55.0802,46.6254,46.6254,48.0782,73.9395,112.06483125000001,112.06483125000001,185.4094,89.9492
726,snn,baseline,jetson_emulator,2,offload,0.5,55.552,45.8105,45.8105,47.4767,74.2451,112.06483125000001,112.06483125000001,185.5103,90.016
727,snn,baseline,jetson_emulator,2,local,0.5,56.1948,45.5815,56.1948,57.644,70.5309,112.06483125000001,112.06483125000001,185.7226,90.006
728,snn,baseline,jetson_emulator,2,offload,0.5,55.4598,45.3915,45.3915,47.5132,74.4032,112.06483125000001,112.06483125000001,185.7123,90.0197
729,snn,baseline,jetson_emulator,2,local,0.5,54.8627,45.4606,54.8627,56.4865,70.9865,112.06483125000001,112.06483125000001,185.9246,90.076
730,snn,baseline,jetson_emulator,2,local,0.5,55.166,45.9193,55.166,56.5647,70.8823,112.06483125000001,112.06483125000001,186.0257,89.9864
731,snn,baseline,jetson_emulator,2,offload,0.5,54.7722,45.4231,45.4231,46.814,74.3912,112.06483125000001,112.06483125000001,186.0152,89.9148
732,snn,baseline,jetson_emulator,2,local,0.5,55.5331,46.0545,55.5331,58.0072,70.7565,112.06483125000001,112.06483125000001,186.2277,89.9091
733,snn,baseline,jetson_emulator,2,offload,0.5,55.2445,45.5712,45.5712,47.0857,74.3353,112.06483125000001,112.06483125000001,186.2172,89.9943
734,snn,baseline,jetson_emulator,2,local,0.5,55.1673,45.6386,55.1673,57.1144,70.8818,112.06483125000001,112.06483125000001,186.4298,90.0412
735,snn,baseline,jetson_emulator,2,offload,0.5,55.3813,46.1178,46.1178,48.5647,74.1295,112.06483125000001,112.06483125000001,186.4192,90.0301
736,snn,baseline,jetson_emulator,2,offload,0.5,54.7482,45.555,45.555,48.1804,74.3414,112.06483125000001,112.06483125000001,186.5201,90.072
737,snn,baseline,jetson_emulator,2,local,0.5,55.0857,45.3833,55.0857,56.6428,70.9098,112.06483125000001,112.06483125000001,186.7329,90.0284
738,snn,baseline,jetson_emulator,2,local,0.5,55.0144,45.1702,55.0144,56.7507,70.9343,112.06483125000001,112.06483125000001,186.834,90.0964
739,snn,baseline,jetson_emulator,2,local,0.5,54.5525,45.5877,54.5525,55.723,71.0934,112.06483125000001,112.06483125000001,186.935,89.9864
740,snn,baseline,jetson_emulator,2,offload,0.5,54.6106,46.1326,46.1326,47.1612,74.124,112.06483125000001,112.06483125000001,186.924,90.0506
741,snn,baseline,jetson_emulator,2,offload,0.5,54.9443,45.405,45.405,47.8982,74.3981,112.06483125000001,112.06483125000001,187.025,90.0207
742,snn,baseline,jetson_emulator,2,local,0.5,55.1758,46.65,55.1758,56.4075,70.8789,112.06483125000001,112.06483125000001,187.2381,90.049
743,snn,baseline,jetson_emulator,2,local,0.5,55.1048,46.1427,55.1048,56.2175,70.9033,112.06483125000001,112.06483125000001,187.3392,89.9786
744,snn,baseline,jetson_emulator,2,local,0.5,55.2863,45.137,55.2863,57.0554,70.841,112.06483125000001,112.06483125000001,187.4402,89.9352
745,snn,baseline,jetson_emulator,2,offload,0.5,55.0181,45.6216,45.6216,47.8453,74.3163,112.06483125000001,112.06483125000001,187.4289,90.0993
746,snn,baseline,jetson_emulator,2,offload,0.5,54.3959,46.8526,46.8526,47.5831,73.8548,112.06483125000001,112.06483125000001,187.5299,90.002
747,snn,baseline,jetson_emulator,2,local,0.5,54.5978,45.7153,54.5978,56.5892,71.0778,112.06483125000001,112.06483125000001,187.7433,90.0601
748,snn,baseline,jetson_emulator,2,local,0.5,55.4228,45.0737,55.4228,57.3755,70.7942,112.06483125000001,112.06483125000001,187.8444,89.9958
749,snn,baseline,jetson_emulator,2,local,0.5,54.7531,45.4531,54.7531,57.1149,71.0242,112.06483125000001,112.06483125000001,187.9454,89.9591
750,snn,baseline,jetson_emulator,2,offload,0.5,55.1331,46.826,46.826,48.827,73.8647,112.06483125000001,112.06483125000001,187.9338,90.0651
751,snn,baseline,jetson_emulator,2,offload,0.5,54.4476,45.9642,45.9642,47.4905,74.1872,112.06483125000001,112.06483125000001,188.0348,90.0806
752,snn,baseline,jetson_emulator,2,offload,0.5,54.3125,44.8952,44.8952,46.0235,74.5913,112.06483125000001,112.06483125000001,188.1358,90.0377
753,snn,baseline,jetson_emulator,2,local,0.5,55.1672,45.8438,55.1672,55.8198,70.8819,112.06483125000001,112.06483125000001,188.3496,90.0436
754,snn,baseline,jetson_emulator,2,offload,0.5,54.6143,44.9585,44.9585,46.4726,74.5672,112.06483125000001,112.06483125000001,188.3378,89.9678
755,snn,baseline,jetson_emulator,2,local,0.5,54.9333,45.3288,54.9333,55.8315,70.9622,112.06483125000001,112.06483125000001,188.5517,89.976
756,snn,baseline,jetson_emulator,2,local,0.5,56.222,45.7489,56.222,58.2402,70.5217,112.06483125000001,112.06483125000001,188.6527,89.9965
757,snn,baseline,jetson_emulator,2,local,0.5,54.4909,45.4302,54.4909,56.2261,71.1147,112.06483125000001,112.06483125000001,188.7537,90.0651
758,snn,baseline,jetson_emulator,2,offload,0.5,54.417,46.0467,46.0467,47.3462,74.1562,112.06483125000001,112.06483125000001,188.7417,90.1405
759,snn,baseline,jetson_emulator,2,offload,0.5,54.5796,45.688,45.688,47.9592,74.2912,112.06483125000001,112.06483125000001,188.8427,90.023
760,snn,baseline,jetson_emulator,2,local,0.5,54.5907,45.2499,54.5907,56.5404,71.0802,112.06483125000001,112.06483125000001,189.0569,89.8895
761,snn,baseline,jetson_emulator,2,local,0.5,54.3298,45.4273,54.3298,56.814,71.1704,112.06483125000001,112.06483125000001,189.1579,89.9983
762,snn,baseline,jetson_emulator,2,local,0.5,54.6635,45.5164,54.6635,56.7222,71.0551,112.06483125000001,112.06483125000001,189.2589,90.1008
763,snn,baseline,jetson_emulator,2,offload,0.5,54.8213,45.2477,45.2477,46.4726,74.4576,112.06483125000001,112.06483125000001,189.2466,89.9724
764,snn,baseline,jetson_emulator,2,local,0.5,55.3951,45.7692,55.3951,57.3245,70.8037,112.06483125000001,112.06483125000001,189.461,89.9788
765,snn,baseline,jetson_emulator,2,local,0.5,54.5483,45.3917,54.5483,55.7747,71.0949,112.06483125000001,112.06483125000001,189.5621,89.9543
766,snn,baseline,jetson_emulator,2,local,0.5,54.9212,45.6484,54.9212,57.0844,70.9664,112.06483125000001,112.06483125000001,189.6631,90.0415
767,snn,baseline,jetson_emulator,2,local,0.5,54.4954,46.0874,54.4954,56.0726,71.1131,112.06483125000001,112.06483125000001,189.7641,89.9884
768,snn,baseline,jetson_emulator,2,local,0.5,55.3434,45.1765,55.3434,58.4526,70.8214,112.06483125000001,112.06483125000001,189.8652,90.0699
769,snn,baseline,jetson_emulator,2,local,0.5,54.3781,45.0943,54.3781,57.4671,71.1537,112.06483125000001,112.06483125000001,189.9662,90.0862
770,snn,baseline,jetson_emulator,2,local,0.5,54.9273,45.0109,54.9273,56.9332,70.9643,112.06483125000001,112.06483125000001,190.0673,90.0034
771,snn,baseline,jetson_emulator,2,local,0.5,54.9092,46.31,54.9092,56.7292,70.9705,112.06483125000001,112.06483125000001,190.1683,89.9846
772,snn,baseline,jetson_emulator,2,offload,0.5,54.4898,45.4287,45.4287,46.1518,74.3891,112.06483125000001,112.06483125000001,190.1554,90.0251
773,snn,baseline,jetson_emulator,2,local,0.5,55.6756,45.1305,55.6756,57.4422,70.7078,112.06483125000001,112.06483125000001,190.3704,89.9251
774,snn,baseline,jetson_emulator,2,local,0.5,55.2887,45.356,55.2887,56.7229,70.8402,112.06483125000001,112.06483125000001,190.4714,90.0587
775,snn,baseline,jetson_emulator,2,local,0.5,55.22,45.3308,55.22,56.6856,70.8637,112.06483125000001,112.06483125000001,190.5725,90.0318
776,snn,baseline,jetson_emulator,2,offload,0.5,55.1184,46.1654,46.1654,47.6794,74.1117,112.06483125000001,112.06483125000001,190.5593,90.0589
777,snn,baseline,jetson_emulator,2,local,0.5,55.8939,45.5021,55.8939,57.7867,70.6333,112.06483125000001,112.06483125000001,190.7745,89.9989
778,snn,baseline,jetson_emulator,2,offload,0.5,55.2927,45.6686,45.6686,47.6772,74.2985,112.06483125000001,112.06483125000001,190.7613,90.0177
779,snn,baseline,jetson_emulator,2,offload,0.5,54.8546,45.7,45.7,47.4638,74.2867,112.06483125000001,112.06483125000001,190.8622,90.0959
780,snn,baseline,jetson_emulator,2,local,0.5,55.0027,45.3623,55.0027,56.5006,70.9383,112.06483125000001,112.06483125000001,191.0777,90.021
781,snn,baseline,jetson_emulator,2,local,0.5,55.5872,46.5277,55.5872,57.2196,70.738,112.06483125000001,112.06483125000001,191.1787,90.0197
782,snn,baseline,jetson_emulator,2,local,0.5,55.1215,45.4681,55.1215,57.0046,70.8975,112.06483125000001,112.06483125000001,191.2797,90.0269
783,snn,baseline,jetson_emulator,2,offload,0.5,55.2897,45.4866,45.4866,46.9487,74.3672,112.06483125000001,112.06483125000001,191.2662,90.0062
784,snn,baseline,jetson_emulator,2,local,0.5,55.1168,47.244,55.1168,56.6308,70.8992,112.06483125000001,112.06483125000001,191.4818,89.9978
785,snn,baseline,jetson_emulator,2,local,0.5,55.6537,47.6602,55.6537,57.1476,70.7153,112.06483125000001,112.06483125000001,191.5829,90.1035
786,snn,baseline,jetson_emulator,2,local,0.5,55.3204,45.4496,55.3204,56.8421,70.8293,112.06483125000001,112.06483125000001,191.6839,89.9637
787,snn,baseline,jetson_emulator,2,local,0.5,55.251,46.2878,55.251,56.9416,70.8531,112.06483125000001,112.06483125000001,191.7849,90.0216
788,snn,baseline,jetson_emulator,2,local,0.5,55.5882,46.1663,55.5882,57.4773,70.7377,112.06483125000001,112.06483125000001,191.886,89.9441
789,snn,baseline,jetson_emulator,2,offload,0.5,55.4481,45.9283,45.9283,47.4223,74.2007,112.06483125000001,112.06483125000001,191.872,90.0528
790,snn,baseline,jetson_emulator,2,offload,0.5,55.4387,45.6921,45.6921,46.3374,74.2897,112.06483125000001,112.06483125000001,191.973,90.0209
791,snn,baseline,jetson_emulator,2,local,0.5,56.0331,45.6406,56.0331,57.2211,70.586,112.06483125000001,112.06483125000001,192.1891,90.0312
792,snn,baseline,jetson_emulator,2,offload,0.5,55.2637,46.2614,46.2614,47.9056,74.0757,112.06483125000001,112.06483125000001,192.175,89.9334
793,snn,baseline,jetson_emulator,2,local,0.5,56.3165,46.5688,56.3165,58.3419,70.4896,112.06483125000001,112.06483125000001,192.3912,90.0584
794,snn,baseline,jetson_emulator,2,local,0.5,55.857,46.4793,55.857,58.1372,70.6459,112.06483125000001,112.06483125000001,192.4922,90.0188
795,snn,baseline,jetson_emulator,2,local,0.5,56.3817,47.4913,56.3817,58.5376,70.4675,112.06483125000001,112.06483125000001,192.5933,90.0121
796,snn,baseline,jetson_emulator,2,local,0.5,55.8231,47.1039,55.8231,58.2423,70.6575,112.06483125000001,112.06483125000001,192.6943,89.9894
797,snn,baseline,jetson_emulator,2,local,0.5,55.7239,46.4849,55.7239,58.4554,70.6913,112.06483125000001,112.06483125000001,192.7953,89.9303
798,snn,baseline,jetson_emulator,2,offload,0.5,56.0734,47.1835,47.1835,48.7393,73.7317,112.06483125000001,112.06483125000001,192.7809,90.0372
799,snn,baseline,jetson_emulator,2,local,0.5,56.3097,46.0806,56.3097,58.3044,70.4919,112.06483125000001,112.06483125000001,192.9974,90.0236
800,snn,baseline,jetson_emulator,2,local,0.5,55.8982,47.1404,55.8982,57.1844,70.6319,112.06483125000001,112.06483125000001,193.0985,89.982
801,snn,baseline,jetson_emulator,2,local,0.5,56.101,46.7392,56.101,57.6413,70.5628,112.06483125000001,112.06483125000001,193.1995,89.9612
802,snn,baseline,jetson_emulator,2,offload,0.5,56.2362,46.818,46.818,48.7975,73.8677,112.06483125000001,112.06483125000001,193.1848,90.0152
803,snn,baseline,jetson_emulator,2,local,0.5,56.0047,46.9087,56.0047,57.2003,70.5956,112.06483125000001,112.06483125000001,193.4016,90.0325
804,snn,baseline,jetson_emulator,2,local,0.5,56.3026,47.5183,56.3026,58.9951,70.4944,112.06483125000001,112.06483125000001,193.5026,90.0301
805,snn,baseline,jetson_emulator,2,local,0.5,56.476,48.0942,56.476,58.4117,70.4355,112.06483125000001,112.06483125000001,193.6037,89.95
806,snn,baseline,jetson_emulator,2,local,0.5,56.7981,46.5853,56.7981,58.406,70.3266,112.06483125000001,112.06483125000001,193.7047,89.9398
807,snn,baseline,jetson_emulator,2,offload,0.5,56.8076,47.386,47.386,49.6743,73.6566,112.06483125000001,112.06483125000001,193.6897,90.059
808,snn,baseline,jetson_emulator,2,offload,0.5,57.2001,46.9506,46.9506,47.8639,73.8183,112.06483125000001,112.06483125000001,193.7906,89.9743
809,snn,baseline,jetson_emulator,2,offload,0.5,57.1351,46.6776,46.6776,48.0516,73.92,112.06483125000001,112.06483125000001,193.8916,90.0209
810,snn,baseline,jetson_emulator,2,local,0.5,56.9613,47.6058,56.9613,58.1173,70.2715,112.06483125000001,112.06483125000001,194.1089,90.0709
811,snn,baseline,jetson_emulator,2,local,0.5,56.6321,47.3148,56.6321,58.4333,70.3827,112.06483125000001,112.06483125000001,194.2099,90.1053
812,snn,baseline,jetson_emulator,2,local,0.5,57.1861,47.5019,57.1861,59.0642,70.1957,112.06483125000001,112.06483125000001,194.3109,90.0428
813,snn,baseline,jetson_emulator,2,local,0.5,57.1221,47.2144,57.1221,58.4841,70.2173,112.06483125000001,112.06483125000001,194.412,90.0931
814,snn,baseline,jetson_emulator,2,local,0.5,56.9528,48.2615,56.9528,58.4589,70.2743,112.06483125000001,112.06483125000001,194.513,89.9852
815,snn,baseline,jetson_emulator,2,offload,0.5,57.5297,47.6246,47.6246,49.4482,73.5683,112.06483125000001,112.06483125000001,194.4975,90.0081
816,snn,baseline,jetson_emulator,2,local,0.5,57.9901,49.6987,57.9901,59.4918,69.9262,112.06483125000001,112.06483125000001,194.7151,90.0699
817,snn,baseline,jetson_emulator,2,local,0.5,57.3181,47.905,57.3181,59.6557,70.1513,112.06483125000001,112.06483125000001,194.8161,90.0855
818,snn,baseline,jetson_emulator,2,offload,0.5,57.3404,47.7217,47.7217,49.6762,73.5324,112.06483125000001,112.06483125000001,194.8004,90.0651
819,snn,baseline,jetson_emulator,2,offload,0.5,57.9626,47.9636,47.9636,50.6232,73.4432,112.06483125000001,112.06483125000001,194.9014,89.9413
820,snn,baseline,jetson_emulator,2,local,0.5,57.9846,48.3026,57.9846,59.8828,69.928,112.06483125000001,112.06483125000001,195.1193,90.0422
821,snn,baseline,jetson_emulator,2,offload,0.5,57.8975,48.2453,48.2453,48.9223,73.3395,112.06483125000001,112.06483125000001,195.1034,90.0726
822,snn,baseline,jetson_emulator,2,local,0.5,58.5864,47.8609,58.5864,59.9481,69.7276,112.06483125000001,112.06483125000001,195.3213,90.0616
823,snn,baseline,jetson_emulator,2,local,0.5,57.9796,48.4299,57.9796,59.8435,69.9297,112.06483125000001,112.06483125000001,195.4224,90.0206
824,snn,baseline,jetson_emulator,2,offload,0.5,57.9304,48.1293,48.1293,50.0102,73.3822,112.06483125000001,112.06483125000001,195.4063,90.0216
825,snn,baseline,jetson_emulator,2,offload,0.5,58.4885,47.9413,47.9413,49.8998,73.4514,112.06483125000001,112.06483125000001,195.5073,90.055
826,snn,baseline,jetson_emulator,2,offload,0.5,58.7861,48.2355,48.2355,50.1223,73.3431,112.06483125000001,112.06483125000001,195.6083,89.9593
827,snn,baseline,jetson_emulator,2,local,0.5,58.5941,48.5288,58.5941,59.9279,69.725,112.06483125000001,112.06483125000001,195.8265,90.0289
828,snn,baseline,jetson_emulator,2,offload,0.5,58.8002,49.8029,49.8029,51.6245,72.7717,112.06483125000001,112.06483125000001,195.8102,90.0528
829,snn,baseline,jetson_emulator,2,local,0.5,58.5208,48.722,58.5208,59.8078,69.7494,112.06483125000001,112.06483125000001,196.0286,90.0103
830,snn,baseline,jetson_emulator,2,offload,0.5,59.3374,50.1601,50.1601,52.2589,72.6428,112.06483125000001,112.06483125000001,196.0122,89.9363
831,snn,baseline,jetson_emulator,2,local,0.5,59.1038,49.0724,59.1038,60.7248,69.5562,112.06483125000001,112.06483125000001,196.2307,89.9897
832,snn,baseline,jetson_emulator,2,offload,0.5,59.2001,49.8962,49.8962,52.4777,72.738,112.06483125000001,112.06483125000001,196.2142,89.9808
833,snn,baseline,jetson_emulator,2,local,0.5,59.7433,49.6789,59.7433,61.6892,69.3455,112.06483125000001,112.06483125000001,196.4328,90.0053
834,snn,baseline,jetson_emulator,2,local,0.5,59.0486,49.3237,59.0486,61.4113,69.5745,112.06483125000001,112.06483125000001,196.5338,89.9372
835,snn,baseline,jetson_emulator,2,local,0.5,60.6073,49.6868,60.6073,62.2595,69.0629,112.06483125000001,112.06483125000001,196.6349,90.0151
836,snn,baseline,jetson_emulator,2,local,0.5,59.7966,50.2647,59.7966,61.3156,69.328,112.06483125000001,112.06483125000001,196.7359,90.0455
837,snn,baseline,jetson_emulator,2,local,0.5,59.6326,49.608,59.6326,61.9666,69.3819,112.06483125000001,112.06483125000001,196.8369,90.0503
838,snn,baseline,jetson_emulator,2,local,0.5,60.1437,50.4296,60.1437,61.2058,69.2143,112.06483125000001,112.06483125000001,196.938,89.9914
839,snn,baseline,jetson_emulator,2,offload,0.5,60.7504,49.2656,49.2656,51.102,72.9666,112.06483125000001,112.06483125000001,196.921,89.9957
840,snn,baseline,jetson_emulator,2,offload,0.5,60.1708,50.1042,50.1042,51.7395,72.6629,112.06483125000001,112.06483125000001,197.022,90.02
841,snn,baseline,jetson_emulator,2,local,0.5,60.1604,49.5439,60.1604,62.4308,69.2088,112.06483125000001,112.06483125000001,197.2411,90.0028
842,snn,baseline,jetson_emulator,2,local,0.5,60.1768,50.4888,60.1768,61.931,69.2034,112.06483125000001,112.06483125000001,197.3421,90.0653
843,snn,baseline,jetson_emulator,2,local,0.5,60.6685,50.2337,60.6685,62.7774,69.043,112.06483125000001,112.06483125000001,197.4432,89.9616
844,snn,baseline,jetson_emulator,2,local,0.5,60.7142,50.8439,60.7142,61.8408,69.0281,112.06483125000001,112.06483125000001,197.5442,89.9775
845,snn,baseline,jetson_emulator,2,local,0.5,60.9668,49.8042,60.9668,62.8667,68.946,112.06483125000001,112.06483125000001,197.6453,90.1414
846,snn,baseline,jetson_emulator,2,offload,0.5,62.19,51.2671,51.2671,52.7038,72.246,112.06483125000001,112.06483125000001,197.6279,90.0641
847,snn,baseline,jetson_emulator,2,local,0.5,60.5743,50.7332,60.5743,62.1607,69.0736,112.06483125000001,112.06483125000001,197.8473,90.0256
848,snn,baseline,jetson_emulator,2,local,0.5,61.228,50.7847,61.228,63.7317,68.8613,112.06483125000001,112.06483125000001,197.9484,89.9316
849,snn,baseline,jetson_emulator,2,offload,0.5,61.4621,50.5319,50.5319,52.1917,72.509,112.06483125000001,112.06483125000001,197.9308,89.9906
850,snn,baseline,jetson_emulator,2,local,0.5,62.1619,51.4704,62.1619,63.5804,68.5601,112.06483125000001,112.06483125000001,198.1505,89.9901
851,snn,baseline,jetson_emulator,2,local,0.5,61.1386,50.4093,61.1386,63.3591,68.8903,112.06483125000001,112.06483125000001,198.2515,89.938
852,snn,baseline,jetson_emulator,2,local,0.5,61.5115,52.5577,61.5115,62.6906,68.7696,112.06483125000001,112.06483125000001,198.3525,90.0092
853,snn,baseline,jetson_emulator,2,local,0.5,61.3644,51.3066,61.3644,62.1075,68.8171,112.06483125000001,112.06483125000001,198.4536,89.9534
854,snn,baseline,jetson_emulator,2,local,0.5,61.397,51.0227,61.397,63.6548,68.8066,112.06483125000001,112.06483125000001,198.5546,90.0415
855,snn,baseline,jetson_emulator,2,offload,0.5,62.1221,50.9022,50.9022,53.5524,72.3763,112.06483125000001,112.06483125000001,198.5367,90.0435
856,snn,baseline,jetson_emulator,2,local,0.5,61.5938,52.372,61.5938,62.6061,68.743,112.06483125000001,112.06483125000001,198.7567,89.9696
857,snn,baseline,jetson_emulator,2,offload,0.5,61.6933,51.012,51.012,52.9672,72.337,112.06483125000001,112.06483125000001,198.7386,89.9765
858,snn,baseline,jetson_emulator,2,offload,0.5,62.225,51.7795,51.7795,53.1391,72.0638,112.06483125000001,112.06483125000001,198.8396,90.0228
859,snn,baseline,jetson_emulator,2,offload,0.5,61.9104,51.7202,51.7202,53.4447,72.0848,112.06483125000001,112.06483125000001,198.9406,89.9011
860,snn,baseline,jetson_emulator,2,local,0.5,62.3384,52.7549,62.3384,63.7899,68.5035,112.06483125000001,112.06483125000001,199.1609,89.9734
861,snn,baseline,jetson_emulator,2,offload,0.5,62.3717,51.573,51.573,52.8958,72.1371,112.06483125000001,112.06483125000001,199.1426,89.915
862,snn,baseline,jetson_emulator,2,offload,0.5,62.8068,52.0558,52.0558,53.6452,71.9659,112.06483125000001,112.06483125000001,199.2435,89.9904
863,snn,baseline,jetson_emulator,2,local,0.5,62.5111,53.0712,62.5111,64.8036,68.4482,112.06483125000001,112.06483125000001,199.464,89.9075
864,snn,baseline,jetson_emulator,2,offload,0.5,63.0666,51.8604,51.8604,53.2177,72.0351,112.06483125000001,112.06483125000001,199.4455,90.0087
865,snn,baseline,jetson_emulator,2,local,0.5,62.6842,52.2363,62.6842,63.8795,68.3929,112.06483125000001,112.06483125000001,199.6661,90.0367
866,snn,baseline,jetson_emulator,2,offload,0.5,63.4781,52.3657,52.3657,53.7483,71.8564,112.06483125000001,112.06483125000001,199.6475,89.9775
867,snn,baseline,jetson_emulator,2,offload,0.5,63.2063,53.4583,53.4583,54.6331,71.4732,112.06483125000001,112.06483125000001,199.7484,90.0519
868,snn,baseline,jetson_emulator,2,local,0.5,63.7808,52.066,63.7808,65.6313,68.0443,112.06483125000001,112.06483125000001,199.9692,90.012
869,snn,baseline,jetson_emulator,2,local,0.5,63.5745,52.5075,63.5745,65.4135,68.1096,112.06483125000001,112.06483125000001,200.0702,90.033
870,snn,baseline,jetson_emulator,2,local,0.5,63.7129,53.3202,63.7129,65.5313,68.0658,112.06483125000001,112.06483125000001,200.1713,90.044
871,snn,baseline,jetson_emulator,2,local,0.5,63.814,53.3864,63.814,65.5306,68.0338,112.06483125000001,112.06483125000001,200.2723,89.9571
872,snn,baseline,jetson_emulator,2,local,0.5,64.1005,52.637,64.1005,65.4644,67.9433,112.06483125000001,112.06483125000001,200.3733,90.0602
873,snn,baseline,jetson_emulator,2,local,0.5,64.0079,53.7697,64.0079,65.4069,67.9726,112.06483125000001,112.06483125000001,200.4744,89.9931
874,snn,baseline,jetson_emulator,2,local,0.5,65.0039,54.0197,65.0039,66.7255,67.6597,112.06483125000001,112.06483125000001,200.5754,90.0504
875,snn,baseline,jetson_emulator,2,offload,0.5,63.8441,53.4338,53.4338,54.68,71.4817,112.06483125000001,112.06483125000001,200.5563,90.101
876,snn,baseline,jetson_emulator,2,offload,0.5,64.4327,52.9371,52.9371,54.8655,71.6555,112.06483125000001,112.06483125000001,200.6572,89.9895
877,snn,baseline,jetson_emulator,2,offload,0.5,64.9801,52.9373,52.9373,54.6631,71.6554,112.06483125000001,112.06483125000001,200.7582,90.0485
878,snn,baseline,jetson_emulator,2,offload,0.5,64.8036,53.1049,53.1049,54.4751,71.5967,112.06483125000001,112.06483125000001,200.8592,89.9682
879,snn,baseline,jetson_emulator,2,local,0.5,64.5757,53.0845,64.5757,66.5863,67.7939,112.06483125000001,112.06483125000001,201.0806,89.9816
880,snn,baseline,jetson_emulator,2,offload,0.5,65.5177,53.8941,53.8941,55.3061,71.3214,112.06483125000001,112.06483125000001,201.0612,90.0303
881,snn,baseline,jetson_emulator,2,local,0.5,64.4437,53.8162,64.4437,66.7938,67.8353,112.06483125000001,112.06483125000001,201.2827,90.1038
882,snn,baseline,jetson_emulator,2,local,0.5,64.5261,54.2316,64.5261,66.1345,67.8094,112.06483125000001,112.06483125000001,201.3837,90.0064
883,snn,baseline,jetson_emulator,2,local,0.5,64.745,53.6635,64.745,66.4494,67.7407,112.06483125000001,112.06483125000001,201.4848,89.9713
884,snn,baseline,jetson_emulator,2,offload,0.5,65.1944,54.1977,54.1977,55.4819,71.2161,112.06483125000001,112.06483125000001,201.4651,90.0182
885,snn,baseline,jetson_emulator,2,local,0.5,65.6081,53.7327,65.6081,66.6546,67.4713,112.06483125000001,112.06483125000001,201.6869,90.079
886,snn,baseline,jetson_emulator,2,offload,0.5,65.4622,54.2037,54.2037,56.1846,71.214,112.06483125000001,112.06483125000001,201.667,89.9997
887,snn,baseline,jetson_emulator,2,offload,0.5,66.0382,53.8188,53.8188,55.8078,71.3476,112.06483125000001,112.06483125000001,201.768,89.9363
888,snn,baseline,jetson_emulator,2,local,0.5,65.327,54.9534,65.327,67.2745,67.5588,112.06483125000001,112.06483125000001,201.99,90.0008
889,snn,baseline,jetson_emulator,2,local,0.5,65.4854,55.0658,65.4854,66.6026,67.5095,112.06483125000001,112.06483125000001,202.091,90.0283
890,snn,baseline,jetson_emulator,2,local,0.5,65.5415,54.5838,65.5415,67.4579,67.492,112.06483125000001,112.06483125000001,202.1921,90.0675
891,snn,baseline,jetson_emulator,2,local,0.5,65.9877,54.8796,65.9877,68.1615,67.3535,112.06483125000001,112.06483125000001,202.2931,89.9591
892,snn,baseline,jetson_emulator,2,offload,0.5,65.9071,54.8964,54.8964,55.8286,70.9749,112.06483125000001,112.06483125000001,202.2729,90.0466
893,snn,baseline,jetson_emulator,2,local,0.5,66.343,56.2194,66.343,67.7634,67.2436,112.06483125000001,112.06483125000001,202.4952,89.9547
894,snn,baseline,jetson_emulator,2,local,0.5,65.9872,54.5456,65.9872,67.3958,67.3536,112.06483125000001,112.06483125000001,202.5962,89.9897
895,snn,baseline,jetson_emulator,2,local,0.5,66.1379,56.0406,66.1379,67.7158,67.307,112.06483125000001,112.06483125000001,202.6973,90.029
896,snn,baseline,jetson_emulator,2,local,0.5,66.334,55.7409,66.334,68.1468,67.2463,112.06483125000001,112.06483125000001,202.7983,89.9985
897,snn,baseline,jetson_emulator,2,offload,0.5,66.2939,54.6135,54.6135,56.9925,71.0724,112.06483125000001,112.06483125000001,202.7778,90.0709
898,snn,baseline,jetson_emulator,2,local,0.5,66.2798,54.8757,66.2798,67.8594,67.2631,112.06483125000001,112.06483125000001,203.0004,90.007
899,snn,baseline,jetson_emulator,2,local,0.5,66.51,54.7844,66.51,68.5405,67.192,112.06483125000001,112.06483125000001,203.1014,90.0238
900,snn,baseline,jetson_emulator,2,local,0.5,67.1025,55.0282,67.1025,69.1441,67.0098,112.06483125000001,112.06483125000001,203.2025,90.1149
901,snn,baseline,jetson_emulator,2,local,0.5,67.1896,56.5739,67.1896,69.3493,66.9831,112.06483125000001,112.06483125000001,203.3035,90.0708
902,snn,baseline,jetson_emulator,2,offload,0.5,67.5329,56.2442,56.2442,57.9056,70.5142,112.06483125000001,112.06483125000001,203.2827,90.027
903,snn,baseline,jetson_emulator,2,local,0.5,67.007,55.3485,67.007,68.5688,67.0391,112.06483125000001,112.06483125000001,203.5056,90.0171
904,snn,baseline,jetson_emulator,2,local,0.5,66.9269,56.144,66.9269,68.7368,67.0637,112.06483125000001,112.06483125000001,203.6066,89.9961
905,snn,baseline,jetson_emulator,2,local,0.5,66.6754,56.8948,66.6754,68.1679,67.1411,112.06483125000001,112.06483125000001,203.7077,89.9792
906,snn,baseline,jetson_emulator,2,local,0.5,67.8927,56.2024,67.8927,70.0739,66.7683,112.06483125000001,112.06483125000001,203.8087,90.0162
907,snn,baseline,jetson_emulator,2,local,0.5,67.4897,57.1901,67.4897,69.0583,66.8913,112.06483125000001,112.06483125000001,203.9097,89.9801
908,snn,baseline,jetson_emulator,2,local,0.5,67.3377,55.649,67.3377,69.0391,66.9378,112.06483125000001,112.06483125000001,204.0108,90.0499
909,snn,baseline,jetson_emulator,2,offload,0.5,67.4874,55.6705,55.6705,57.6913,70.7095,112.06483125000001,112.06483125000001,203.9896,90.0749
910,snn,baseline,jetson_emulator,2,offload,0.5,67.2722,55.5172,55.5172,56.7591,70.7619,112.06483125000001,112.06483125000001,204.0905,90.0247
911,snn,baseline,jetson_emulator,2,offload,0.5,68.1266,56.6542,56.6542,58.2283,70.3752,112.06483125000001,112.06483125000001,204.1915,90.0467
912,snn,baseline,jetson_emulator,2,offload,0.5,67.1887,56.0177,56.0177,57.5417,70.5912,112.06483125000001,112.06483125000001,204.2925,89.9865
913,snn,baseline,jetson_emulator,2,offload,0.5,67.7877,55.6015,55.6015,57.604,70.7331,112.06483125000001,112.06483125000001,204.3935,90.1319
914,snn,baseline,jetson_emulator,2,offload,0.5,68.1413,55.8299,55.8299,57.3771,70.6552,112.06483125000001,112.06483125000001,204.4945,89.9672
915,snn,baseline,jetson_emulator,2,offload,0.5,68.1211,55.8733,55.8733,57.0228,70.6404,112.06483125000001,112.06483125000001,204.5954,89.9205
916,snn,baseline,jetson_emulator,2,local,0.5,67.938,55.9227,67.938,70.1201,66.7546,112.06483125000001,112.06483125000001,204.8191,90.0924
917,snn,baseline,jetson_emulator,2,offload,0.5,67.8276,56.1282,56.1282,57.7045,70.5536,112.06483125000001,112.06483125000001,204.7974,89.9957
918,snn,baseline,jetson_emulator,2,offload,0.5,67.9309,56.1551,56.1551,57.9953,70.5444,112.06483125000001,112.06483125000001,204.8984,90.0704
919,snn,baseline,jetson_emulator,2,local,0.5,67.8028,55.9083,67.8028,69.6353,66.7957,112.06483125000001,112.06483125000001,205.1222,89.9964
920,snn,baseline,jetson_emulator,2,local,0.5,68.2656,57.1237,68.2656,70.3437,66.655,112.06483125000001,112.06483125000001,205.2232,89.9388
921,snn,baseline,jetson_emulator,2,local,0.5,68.157,56.5457,68.157,70.0064,66.688,112.06483125000001,112.06483125000001,205.3243,90.0427
922,snn,baseline,jetson_emulator,2,local,0.5,68.2091,56.863,68.2091,69.8375,66.6721,112.06483125000001,112.06483125000001,205.4253,89.958
923,snn,baseline,jetson_emulator,2,local,0.5,67.9975,56.186,67.9975,69.5037,66.7365,112.06483125000001,112.06483125000001,205.5264,90.0056
924,snn,baseline,jetson_emulator,2,local,0.5,68.5516,56.7767,68.5516,69.9964,66.5683,112.06483125000001,112.06483125000001,205.6274,90.0767
925,snn,baseline,jetson_emulator,2,local,0.5,68.8797,56.3181,68.8797,71.025,66.4692,112.06483125000001,112.06483125000001,205.7284,89.9355
926,snn,baseline,jetson_emulator,2,local,0.5,68.2934,56.2709,68.2934,70.9043,66.6465,112.06483125000001,112.06483125000001,205.8295,89.9495
927,snn,baseline,jetson_emulator,2,local,0.5,68.7187,57.0286,68.7187,70.501,66.5178,112.06483125000001,112.06483125000001,205.9305,89.9799
928,snn,baseline,jetson_emulator,2,offload,0.5,68.054,57.2889,57.2889,59.0805,70.1612,112.06483125000001,112.06483125000001,205.9082,90.1162
929,snn,baseline,jetson_emulator,2,offload,0.5,69.1986,57.5113,57.5113,59.7685,70.0865,112.06483125000001,112.06483125000001,206.0092,90.0302
930,snn,baseline,jetson_emulator,2,local,0.5,68.6396,56.3996,68.6396,70.3336,66.5417,112.06483125000001,112.06483125000001,206.2336,90.0429
931,snn,baseline,jetson_emulator,2,offload,0.5,68.4794,56.829,56.829,58.6663,70.3161,112.06483125000001,112.06483125000001,206.2111,89.916
932,snn,baseline,jetson_emulator,2,local,0.5,69.2737,56.6543,69.2737,70.7077,66.3505,112.06483125000001,112.06483125000001,206.4357,89.9766
933,snn,baseline,jetson_emulator,2,offload,0.5,68.9989,57.4637,57.4637,59.8397,70.1025,112.06483125000001,112.06483125000001,206.4131,89.99
934,snn,baseline,jetson_emulator,2,offload,0.5,68.7619,56.8219,56.8219,57.962,70.3185,112.06483125000001,112.06483125000001,206.514,90.0243
935,snn,baseline,jetson_emulator,2,local,0.5,68.2921,57.055,68.2921,70.0719,66.647,112.06483125000001,112.06483125000001,206.7388,90.0523
936,snn,baseline,jetson_emulator,2,local,0.5,68.5176,57.0474,68.5176,69.9266,66.5786,112.06483125000001,112.06483125000001,206.8399,90.0027
937,snn,baseline,jetson_emulator,2,offload,0.5,68.7327,57.1083,57.1083,59.5204,70.2219,112.06483125000001,112.06483125000001,206.817,89.9684
938,snn,baseline,jetson_emulator,2,offload,0.5,68.6265,57.4075,57.4075,58.2291,70.1213,112.06483125000001,112.06483125000001,206.918,90.0032
939,snn,baseline,jetson_emulator,2,offload,0.5,68.583,56.7644,56.7644,57.519,70.3379,112.06483125000001,112.06483125000001,207.0189,89.9981
940,snn,baseline,jetson_emulator,2,offload,0.5,68.685,57.3696,57.3696,58.6034,70.134,112.06483125000001,112.06483125000001,207.1199,90.0479
941,snn,baseline,jetson_emulator,2,offload,0.5,69.033,57.5689,57.5689,59.1225,70.0671,112.06483125000001,112.06483125000001,207.2209,90.0133
942,snn,baseline,jetson_emulator,2,local,0.5,69.233,56.7578,69.233,71.0106,66.3627,112.06483125000001,112.06483125000001,207.4461,90.02
943,snn,baseline,jetson_emulator,2,offload,0.5,69.0173,58.2189,58.2189,60.4228,69.8499,112.06483125000001,112.06483125000001,207.4229,90.0228
944,snn,baseline,jetson_emulator,2,local,0.5,69.3845,56.8142,69.3845,70.973,66.3172,112.06483125000001,112.06483125000001,207.6482,89.915
945,snn,baseline,jetson_emulator,2,local,0.5,68.6455,57.6924,68.6455,70.2249,66.5399,112.06483125000001,112.06483125000001,207.7492,90.0214
946,snn,baseline,jetson_emulator,2,local,0.5,68.6488,57.7931,68.6488,70.3882,66.5389,112.06483125000001,112.06483125000001,207.8503,90.0716
947,snn,baseline,jetson_emulator,2,local,0.5,69.3834,58.0314,69.3834,70.7989,66.3175,112.06483125000001,112.06483125000001,207.9513,90.0145
948,snn,baseline,jetson_emulator,2,offload,0.5,69.215,57.9434,57.9434,59.287,69.9418,112.06483125000001,112.06483125000001,207.9278,90.0935
949,snn,baseline,jetson_emulator,2,local,0.5,68.5906,57.273,68.5906,70.2125,66.5565,112.06483125000001,112.06483125000001,208.1534,89.983
950,snn,baseline,jetson_emulator,2,offload,0.5,69.1487,57.3115,57.3115,59.282,70.1536,112.06483125000001,112.06483125000001,208.1297,90.1247
951,snn,baseline,jetson_emulator,2,local,0.5,68.6375,57.7611,68.6375,69.8249,66.5423,112.06483125000001,112.06483125000001,208.3555,90.0043
952,snn,baseline,jetson_emulator,2,local,0.5,68.9699,56.8309,68.9699,69.6224,66.442,112.06483125000001,112.06483125000001,208.4565,89.9947
953,snn,baseline,jetson_emulator,2,local,0.5,69.1919,57.2359,69.1919,70.6141,66.3751,112.06483125000001,112.06483125000001,208.5576,90.0392
954,snn,baseline,jetson_emulator,2,offload,0.5,68.6543,56.9032,56.9032,58.7451,70.2911,112.06483125000001,112.06483125000001,208.5336,89.9647
955,snn,baseline,jetson_emulator,2,offload,0.5,69.1827,56.7287,56.7287,57.3977,70.35,112.06483125000001,112.06483125000001,208.6346,90.0031
956,snn,baseline,jetson_emulator,2,offload,0.5,68.7489,56.8211,56.8211,58.1239,70.3188,112.06483125000001,112.06483125000001,208.7356,90.002
957,snn,baseline,jetson_emulator,2,offload,0.5,69.9347,57.0908,57.0908,58.6209,70.2278,112.06483125000001,112.06483125000001,208.8366,90.0042
958,snn,baseline,jetson_emulator,2,local,0.5,68.8885,57.2689,68.8885,70.5074,66.4665,112.06483125000001,112.06483125000001,209.0628,90.0532
959,snn,baseline,jetson_emulator,2,offload,0.5,68.5326,57.4495,57.4495,58.3762,70.1072,112.06483125000001,112.06483125000001,209.0385,89.9864
960,snn,baseline,jetson_emulator,2,local,0.5,68.7488,57.0001,68.7488,71.695,66.5087,112.06483125000001,112.06483125000001,209.2648,89.9725
961,snn,baseline,jetson_emulator,2,offload,0.5,68.5762,56.9122,56.9122,59.0872,70.288,112.06483125000001,112.06483125000001,209.2405,89.9858
962,snn,baseline,jetson_emulator,2,offload,0.5,68.7023,56.7859,56.7859,59.296,70.3307,112.06483125000001,112.06483125000001,209.3415,89.957
963,snn,baseline,jetson_emulator,2,local,0.5,68.8988,57.1262,68.8988,71.1762,66.4634,112.06483125000001,112.06483125000001,209.568,90.0695
964,snn,baseline,jetson_emulator,2,offload,0.5,68.7362,57.5629,57.5629,58.2451,70.0692,112.06483125000001,112.06483125000001,209.5434,89.9275
965,snn,baseline,jetson_emulator,2,local,0.5,70.5337,57.5025,70.5337,72.5314,65.9738,112.06483125000001,112.06483125000001,209.77,89.9807
966,snn,baseline,jetson_emulator,2,local,0.5,69.0431,56.6213,69.0431,71.0851,66.4199,112.06483125000001,112.06483125000001,209.8711,89.989
967,snn,baseline,jetson_emulator,2,local,0.5,69.2525,56.5986,69.2525,71.3075,66.3569,112.06483125000001,112.06483125000001,209.9721,90.0188
968,snn,baseline,jetson_emulator,2,local,0.5,69.6314,56.6624,69.6314,71.1083,66.2431,112.06483125000001,112.06483125000001,210.0732,90.0242
969,snn,baseline,jetson_emulator,2,local,0.5,69.0719,57.1353,69.0719,71.0357,66.4112,112.06483125000001,112.06483125000001,210.1742,90.0023
970,snn,baseline,jetson_emulator,2,local,0.5,68.8847,56.7411,68.8847,70.5504,66.4677,112.06483125000001,112.06483125000001,210.2752,89.915
971,snn,baseline,jetson_emulator,2,local,0.5,68.4602,56.8365,68.4602,70.7573,66.596,112.06483125000001,112.06483125000001,210.3763,89.9639
972,snn,baseline,jetson_emulator,2,local,0.5,68.693,57.5805,68.693,70.6766,66.5256,112.06483125000001,112.06483125000001,210.4773,90.0026
973,snn,baseline,jetson_emulator,2,offload,0.5,68.358,56.5686,56.5686,58.7416,70.4042,112.06483125000001,112.06483125000001,210.4522,90.0093
974,snn,baseline,jetson_emulator,2,local,0.5,68.4765,57.1657,68.4765,70.0311,66.5911,112.06483125000001,112.06483125000001,210.6794,89.9898
975,snn,baseline,jetson_emulator,2,offload,0.5,68.4935,56.6383,56.6383,58.4624,70.3806,112.06483125000001,112.06483125000001,210.6542,89.995
976,snn,baseline,jetson_emulator,2,offload,0.5,68.277,57.4411,57.4411,60.2824,70.11,112.06483125000001,112.06483125000001,210.7552,89.946
977,snn,baseline,jetson_emulator,2,offload,0.5,69.0037,57.6059,57.6059,59.8694,70.0547,112.06483125000001,112.06483125000001,210.8562,89.9863
978,snn,baseline,jetson_emulator,2,offload,0.5,68.5195,56.6305,56.6305,58.4584,70.3832,112.06483125000001,112.06483125000001,210.9571,89.9584
979,snn,baseline,jetson_emulator,2,local,0.5,68.4405,56.8461,68.4405,70.4458,66.602,112.06483125000001,112.06483125000001,211.1846,90.0479
980,snn,baseline,jetson_emulator,2,local,0.5,68.4015,57.0427,68.4015,70.3186,66.6138,112.06483125000001,112.06483125000001,211.2856,89.9837
981,snn,baseline,jetson_emulator,2,offload,0.5,68.7329,56.8613,56.8613,59.9844,70.3052,112.06483125000001,112.06483125000001,211.2601,90.0807
982,snn,baseline,jetson_emulator,2,local,0.5,68.1698,56.6326,68.1698,69.2521,66.6841,112.06483125000001,112.06483125000001,211.4877,90.0754
983,snn,baseline,jetson_emulator,2,local,0.5,68.156,56.5129,68.156,69.8488,66.6883,112.06483125000001,112.06483125000001,211.5888,90.0606
984,snn,baseline,jetson_emulator,2,local,0.5,68.7581,57.4764,68.7581,70.0805,66.5059,112.06483125000001,112.06483125000001,211.6898,90.0131
985,snn,baseline,jetson_emulator,2,offload,0.5,68.1816,56.5952,56.5952,58.4707,70.3952,112.06483125000001,112.06483125000001,211.664,90.0295
986,snn,baseline,jetson_emulator,2,local,0.5,69.137,56.5163,69.137,70.5389,66.3916,112.06483125000001,112.06483125000001,211.8919,90.1498
987,snn,baseline,jetson_emulator,2,local,0.5,68.9129,56.2026,68.9129,69.8018,66.4591,112.06483125000001,112.06483125000001,211.9929,89.9987
988,snn,baseline,jetson_emulator,2,offload,0.5,68.3733,56.131,56.131,57.869,70.5526,112.06483125000001,112.06483125000001,211.9669,90.0595
989,snn,baseline,jetson_emulator,2,local,0.5,68.1907,56.3305,68.1907,70.1295,66.6777,112.06483125000001,112.06483125000001,212.195,90.0993
990,snn,baseline,jetson_emulator,2,offload,0.5,68.3778,56.2425,56.2425,57.9632,70.5148,112.06483125000001,112.06483125000001,212.1689,90.019
991,snn,baseline,jetson_emulator,2,local,0.5,68.963,56.0455,68.963,71.583,66.444,112.06483125000001,112.06483125000001,212.3971,90.0029
992,snn,baseline,jetson_emulator,2,offload,0.5,68.3773,57.7099,57.7099,59.9203,70.0199,112.06483125000001,112.06483125000001,212.3709,89.9922
993,snn,baseline,jetson_emulator,2,local,0.5,67.7251,57.8373,67.7251,70.1958,66.8194,112.06483125000001,112.06483125000001,212.5992,89.9949
994,snn,baseline,jetson_emulator,2,local,0.5,68.238,56.9517,68.238,70.0758,66.6634,112.06483125000001,112.06483125000001,212.7002,90.0412
995,snn,baseline,jetson_emulator,2,offload,0.5,68.209,56.694,56.694,58.7664,70.3618,112.06483125000001,112.06483125000001,212.6738,90.0093
996,snn,baseline,jetson_emulator,2,local,0.5,67.661,56.1089,67.661,69.1,66.839,112.06483125000001,112.06483125000001,212.9023,89.9728
997,snn,baseline,jetson_emulator,2,local,0.5,67.7102,56.0724,67.7102,69.5565,66.824,112.06483125000001,112.06483125000001,213.0033,90.0079
998,snn,baseline,jetson_emulator,2,offload,0.5,67.855,56.2637,56.2637,58.3631,70.5076,112.06483125000001,112.06483125000001,212.9767,90.0431
999,snn,baseline,jetson_emulator,2,local,0.5,67.8158,56.8668,67.8158,68.3726,66.7918,112.06483125000001,112.06483125000001,213.2054,89.9625
1000,snn,baseline,jetson_emulator,2,offload,0.5,67.6595,57.3395,57.3395,58.972,70.1442,112.06483125000001,112.06483125000001,213.1787,90.0022
1001,snn,baseline,jetson_emulator,2,local,0.5,67.512,56.2863,67.512,69.039,66.8845,112.06483125000001,112.06483125000001,213.4075,89.9954
1002,snn,baseline,jetson_emulator,2,local,0.5,68.0374,56.3935,68.0374,70.0172,66.7243,112.06483125000001,112.06483125000001,213.5085,90.051
1003,snn,baseline,jetson_emulator,2,offload,0.5,67.5006,56.3349,56.3349,58.0562,70.4834,112.06483125000001,112.06483125000001,213.4816,90.0002
1004,snn,baseline,jetson_emulator,2,offload,0.5,67.3933,56.1017,56.1017,57.5379,70.5626,112.06483125000001,112.06483125000001,213.5826,89.9883
1005,snn,baseline,jetson_emulator,2,local,0.5,67.9206,56.8421,67.9206,69.3312,66.7599,112.06483125000001,112.06483125000001,213.8116,90.0346
1006,snn,baseline,jetson_emulator,2,offload,0.5,68.0013,55.9774,55.9774,58.4021,70.6049,112.06483125000001,112.06483125000001,213.7846,90.0862
1007,snn,baseline,jetson_emulator,2,local,0.5,67.8837,56.8403,67.8837,68.5437,66.7711,112.06483125000001,112.06483125000001,214.0137,90.0983
1008,snn,baseline,jetson_emulator,2,local,0.5,67.4448,55.7002,67.4448,68.9198,66.905,112.06483125000001,112.06483125000001,214.1148,90.0561
1009,snn,baseline,jetson_emulator,2,offload,0.5,68.0826,55.611,55.611,57.1346,70.7299,112.06483125000001,112.06483125000001,214.0875,90.0725
1010,snn,baseline,jetson_emulator,2,offload,0.5,67.3275,56.6347,56.6347,57.2192,70.3818,112.06483125000001,112.06483125000001,214.1885,89.9562
1011,snn,baseline,jetson_emulator,2,local,0.5,67.8401,56.8722,67.8401,69.1568,66.7844,112.06483125000001,112.06483125000001,214.4179,90.0317
1012,snn,baseline,jetson_emulator,2,offload,0.5,67.4716,56.2485,56.2485,57.506,70.5127,112.06483125000001,112.06483125000001,214.3904,90.0352
1013,snn,baseline,jetson_emulator,2,offload,0.5,67.281,55.8351,55.8351,58.5245,70.6534,112.06483125000001,112.06483125000001,214.4914,90.0146
1014,snn,baseline,jetson_emulator,2,local,0.5,67.5016,55.763,67.5016,68.3884,66.8876,112.06483125000001,112.06483125000001,214.721,90.0087
1015,snn,baseline,jetson_emulator,2,offload,0.5,66.9783,56.095,56.095,58.6935,70.5649,112.06483125000001,112.06483125000001,214.6934,90.0203
1016,snn,baseline,jetson_emulator,2,offload,0.5,67.4432,56.0074,56.0074,57.4214,70.5947,112.06483125000001,112.06483125000001,214.7944,90.0269
1017,snn,baseline,jetson_emulator,2,local,0.5,67.01,55.4666,67.01,69.2107,67.0382,112.06483125000001,112.06483125000001,215.0241,89.9651
1018,snn,baseline,jetson_emulator,2,local,0.5,68.2491,55.556,68.2491,69.0833,66.66,112.06483125000001,112.06483125000001,215.1252,90.0654
1019,snn,baseline,jetson_emulator,2,local,0.5,67.2043,56.7465,67.2043,69.3054,66.9786,112.06483125000001,112.06483125000001,215.2262,89.9203
1020,snn,baseline,jetson_emulator,2,offload,0.5,67.0458,55.9811,55.9811,57.4261,70.6037,112.06483125000001,112.06483125000001,215.1983,90.0313
1021,snn,baseline,jetson_emulator,2,offload,0.5,67.3188,56.8849,56.8849,58.5796,70.2973,112.06483125000001,112.06483125000001,215.2993,90.034
1022,snn,baseline,jetson_emulator,2,local,0.5,67.856,56.8316,67.856,70.1767,66.7795,112.06483125000001,112.06483125000001,215.5293,89.9691
1023,snn,baseline,jetson_emulator,2,local,0.5,67.4112,55.5939,67.4112,68.6417,66.9153,112.06483125000001,112.06483125000001,215.6304,90.0788
1024,snn,baseline,jetson_emulator,2,offload,0.5,67.7051,56.2982,56.2982,57.7299,70.4958,112.06483125000001,112.06483125000001,215.6022,89.9902
1025,snn,baseline,jetson_emulator,2,local,0.5,67.0279,55.6381,67.0279,69.159,67.0327,112.06483125000001,112.06483125000001,215.8324,90.075
1026,snn,baseline,jetson_emulator,2,offload,0.5,66.8493,55.5367,55.5367,57.1308,70.7553,112.06483125000001,112.06483125000001,215.8042,90.1205
1027,snn,baseline,jetson_emulator,2,local,0.5,66.786,56.0285,66.786,68.3562,67.107,112.06483125000001,112.06483125000001,216.0345,90.0315
1028,snn,baseline,jetson_emulator,2,local,0.5,66.9091,55.1235,66.9091,68.4011,67.0692,112.06483125000001,112.06483125000001,216.1356,90.0383
1029,snn,baseline,jetson_emulator,2,offload,0.5,67.2454,56.6964,56.6964,58.0486,70.3609,112.06483125000001,112.06483125000001,216.1071,90.0331
1030,snn,baseline,jetson_emulator,2,offload,0.5,66.608,55.6695,55.6695,57.3344,70.7099,112.06483125000001,112.06483125000001,216.2081,90.0424
1031,snn,baseline,jetson_emulator,2,offload,0.5,67.025,55.1398,55.1398,56.2875,70.8912,112.06483125000001,112.06483125000001,216.309,90.0156
1032,snn,baseline,jetson_emulator,2,offload,0.5,66.7842,56.0007,56.0007,57.2209,70.597,112.06483125000001,112.06483125000001,216.41,90.1047
1033,snn,baseline,jetson_emulator,2,offload,0.5,66.6085,55.4375,55.4375,58.5154,70.7892,112.06483125000001,112.06483125000001,216.511,90.1374
1034,snn,baseline,jetson_emulator,2,local,0.5,68.5522,55.4694,68.5522,70.1534,66.5681,112.06483125000001,112.06483125000001,216.7418,90.0142
1035,snn,baseline,jetson_emulator,2,offload,0.5,67.7306,55.5101,55.5101,56.4404,70.7644,112.06483125000001,112.06483125000001,216.713,89.9797
1036,snn,baseline,jetson_emulator,2,offload,0.5,66.8411,55.3886,55.3886,57.6376,70.806,112.06483125000001,112.06483125000001,216.8139,90.0031
1037,snn,baseline,jetson_emulator,2,local,0.5,66.5419,56.4987,66.5419,67.5443,67.1822,112.06483125000001,112.06483125000001,217.0449,90.0509
1038,snn,baseline,jetson_emulator,2,local,0.5,67.1156,55.0379,67.1156,69.0426,67.0058,112.06483125000001,112.06483125000001,217.146,89.9797
1039,snn,baseline,jetson_emulator,2,local,0.5,66.4798,55.2177,66.4798,67.9546,67.2014,112.06483125000001,112.06483125000001,217.247,90.0058
1040,snn,baseline,jetson_emulator,2,offload,0.5,66.8643,55.6969,55.6969,57.1813,70.7005,112.06483125000001,112.06483125000001,217.2179,89.9876
1041,snn,baseline,jetson_emulator,2,local,0.5,66.6564,55.737,66.6564,68.3609,67.1469,112.06483125000001,112.06483125000001,217.4491,90.0014
1042,snn,baseline,jetson_emulator,2,local,0.5,66.4625,55.119,66.4625,67.6134,67.2067,112.06483125000001,112.06483125000001,217.5501,90.0399
1043,snn,baseline,jetson_emulator,2,offload,0.5,66.6445,54.9499,54.9499,56.5961,70.9565,112.06483125000001,112.06483125000001,217.5208,90.054
1044,snn,baseline,jetson_emulator,2,offload,0.5,67.0246,56.3809,56.3809,57.6207,70.4678,112.06483125000001,112.06483125000001,217.6218,90.0292
1045,snn,baseline,jetson_emulator,2,offload,0.5,67.3475,55.0703,55.0703,57.2717,70.9151,112.06483125000001,112.06483125000001,217.7228,90.052
1046,snn,baseline,jetson_emulator,2,offload,0.5,66.613,55.9653,55.9653,57.7294,70.609,112.06483125000001,112.06483125000001,217.8237,90.092
1047,snn,baseline,jetson_emulator,2,local,0.5,66.6448,54.9464,66.6448,67.5651,67.1505,112.06483125000001,112.06483125000001,218.0553,90.0214
1048,snn,baseline,jetson_emulator,2,offload,0.5,67.2984,55.2047,55.2047,56.8881,70.869,112.06483125000001,112.06483125000001,218.0257,90.0293
1049,snn,baseline,jetson_emulator,2,local,0.5,66.6384,55.1176,66.6384,68.3542,67.1525,112.06483125000001,112.06483125000001,218.2574,90.091
1050,snn,baseline,jetson_emulator,2,offload,0.5,66.4348,56.3622,56.3622,57.8022,70.4741,112.06483125000001,112.06483125000001,218.2277,89.9513
1051,snn,baseline,jetson_emulator,2,local,0.5,66.525,55.612,66.525,69.0086,67.1874,112.06483125000001,112.06483125000001,218.4595,90.0744
1052,snn,baseline,jetson_emulator,2,local,0.5,66.6342,55.5848,66.6342,68.538,67.1538,112.06483125000001,112.06483125000001,218.5605,89.9829
1053,snn,baseline,jetson_emulator,2,local,0.5,66.612,56.2479,66.612,67.7762,67.1606,112.06483125000001,112.06483125000001,218.6616,90.023
1054,snn,baseline,jetson_emulator,2,offload,0.5,66.5606,56.1019,56.1019,57.9483,70.5626,112.06483125000001,112.06483125000001,218.6316,89.9381
1055,snn,baseline,jetson_emulator,2,local,0.5,67.0333,55.5692,67.0333,68.7302,67.031,112.06483125000001,112.06483125000001,218.8636,90.0333
1056,snn,baseline,jetson_emulator,2,local,0.5,66.6907,55.1358,66.6907,68.5736,67.1364,112.06483125000001,112.06483125000001,218.9647,89.9832
1057,snn,baseline,jetson_emulator,2,offload,0.5,66.6627,55.1193,55.1193,57.6362,70.8983,112.06483125000001,112.06483125000001,218.9345,90.0827
1058,snn,baseline,jetson_emulator,2,local,0.5,66.8224,55.093,66.8224,68.0642,67.0958,112.06483125000001,112.06483125000001,219.1668,90.071
1059,snn,baseline,jetson_emulator,2,local,0.5,66.7727,55.3272,66.7727,68.8229,67.1111,112.06483125000001,112.06483125000001,219.2678,90.0042
1060,snn,baseline,jetson_emulator,2,local,0.5,66.8933,55.3777,66.8933,69.186,67.074,112.06483125000001,112.06483125000001,219.3688,90.0218
1061,snn,baseline,jetson_emulator,2,offload,0.5,67.1156,55.2195,55.2195,56.9982,70.8639,112.06483125000001,112.06483125000001,219.3384,90.0123
1062,snn,baseline,jetson_emulator,2,offload,0.5,66.9105,55.6918,55.6918,57.4313,70.7023,112.06483125000001,112.06483125000001,219.4394,89.9902
1063,snn,baseline,jetson_emulator,2,offload,0.5,66.9899,55.4681,55.4681,57.5433,70.7787,112.06483125000001,112.06483125000001,219.5404,89.956
1064,snn,baseline,jetson_emulator,2,local,0.5,67.1847,55.8261,67.1847,69.604,66.9846,112.06483125000001,112.06483125000001,219.773,90.0222
1065,snn,baseline,jetson_emulator,2,offload,0.5,67.6395,55.8997,55.8997,57.0586,70.6314,112.06483125000001,112.06483125000001,219.7423,90.0513
1066,snn,baseline,jetson_emulator,2,local,0.5,67.2172,55.2537,67.2172,69.5666,66.9747,112.06483125000001,112.06483125000001,219.9751,89.9982
1067,snn,baseline,jetson_emulator,2,offload,0.5,67.0364,55.5174,55.5174,57.1811,70.7619,112.06483125000001,112.06483125000001,219.9443,90.0665
1068,snn,baseline,jetson_emulator,2,offload,0.5,67.026,55.7915,55.7915,57.649,70.6683,112.06483125000001,112.06483125000001,220.0453,89.9656
1069,snn,baseline,jetson_emulator,2,offload,0.5,66.995,55.4712,55.4712,56.9646,70.7777,112.06483125000001,112.06483125000001,220.1463,90.0382
1070,snn,baseline,jetson_emulator,2,offload,0.5,66.9883,56.4148,56.4148,57.6643,70.4563,112.06483125000001,112.06483125000001,220.2472,90.0345
1071,snn,baseline,jetson_emulator,2,offload,0.5,66.9502,55.7572,55.7572,57.7971,70.6799,112.06483125000001,112.06483125000001,220.3482,90.0375
1072,snn,baseline,jetson_emulator,2,offload,0.5,67.1596,55.8082,55.8082,57.5501,70.6626,112.06483125000001,112.06483125000001,220.4492,89.9754
1073,snn,baseline,jetson_emulator,2,offload,0.5,67.9128,56.2142,56.2142,57.6096,70.5244,112.06483125000001,112.06483125000001,220.5502,90.0279
1074,snn,baseline,jetson_emulator,2,local,0.5,67.0804,55.8785,67.0804,67.7734,67.0166,112.06483125000001,112.06483125000001,220.7834,90.0293
1075,snn,baseline,jetson_emulator,2,offload,0.5,68.2258,55.81,55.81,58.0063,70.662,112.06483125000001,112.06483125000001,220.7521,90.0156
1076,snn,baseline,jetson_emulator,2,local,0.5,67.8203,56.0995,67.8203,69.5766,66.7904,112.06483125000001,112.06483125000001,220.9855,90.0424
1077,snn,baseline,jetson_emulator,2,local,0.5,67.2695,56.4354,67.2695,68.5817,66.9587,112.06483125000001,112.06483125000001,221.0865,89.9494
1078,snn,baseline,jetson_emulator,2,local,0.5,68.1707,56.069,68.1707,69.6961,66.6838,112.06483125000001,112.06483125000001,221.1876,90.0669
1079,snn,baseline,jetson_emulator,2,local,0.5,67.4778,56.5093,67.4778,68.4044,66.8949,112.06483125000001,112.06483125000001,221.2886,90.0256
1080,snn,baseline,jetson_emulator,2,local,0.5,68.6558,56.4351,68.6558,70.3271,66.5368,112.06483125000001,112.06483125000001,221.3896,90.003
1081,snn,baseline,jetson_emulator,2,local,0.5,67.4515,57.774,67.4515,69.2516,66.903,112.06483125000001,112.06483125000001,221.4907,90.0921
1082,snn,baseline,jetson_emulator,2,local,0.5,68.5022,56.052,68.5022,71.132,66.5833,112.06483125000001,112.06483125000001,221.5917,90.0385
1083,snn,baseline,jetson_emulator,2,local,0.5,67.8424,56.0245,67.8424,70.0935,66.7837,112.06483125000001,112.06483125000001,221.6928,89.9843
1084,snn,baseline,jetson_emulator,2,local,0.5,68.0347,55.8621,68.0347,69.7757,66.7251,112.06483125000001,112.06483125000001,221.7938,90.0228
1085,snn,baseline,jetson_emulator,2,offload,0.5,67.5731,56.5405,56.5405,58.5106,70.4137,112.06483125000001,112.06483125000001,221.7619,89.9457
1086,snn,baseline,jetson_emulator,2,offload,0.5,68.4287,55.9583,55.9583,58.202,70.6114,112.06483125000001,112.06483125000001,221.8629,90.0408
1087,snn,baseline,jetson_emulator,2,local,0.5,67.6872,56.2248,67.6872,68.5634,66.831,112.06483125000001,112.06483125000001,222.0969,89.9427
1088,snn,baseline,jetson_emulator,2,local,0.5,68.5187,56.5802,68.5187,70.2103,66.5783,112.06483125000001,112.06483125000001,222.198,90.038
1089,snn,baseline,jetson_emulator,2,offload,0.5,67.8643,56.8206,56.8206,58.5836,70.319,112.06483125000001,112.06483125000001,222.1659,90.083
1090,snn,baseline,jetson_emulator,2,local,0.5,69.1086,57.0949,69.1086,71.008,66.4002,112.06483125000001,112.06483125000001,222.4,89.9839
1091,snn,baseline,jetson_emulator,2,local,0.5,67.7793,56.4078,67.7793,70.2131,66.8029,112.06483125000001,112.06483125000001,222.5011,89.965
1092,snn,baseline,jetson_emulator,2,offload,0.5,68.2097,56.9599,56.9599,58.0747,70.272,112.06483125000001,112.06483125000001,222.4688,89.9735
1093,snn,baseline,jetson_emulator,2,local,0.5,68.0333,56.7016,68.0333,69.9957,66.7256,112.06483125000001,112.06483125000001,222.7032,90.0123
1094,snn,baseline,jetson_emulator,2,offload,0.5,68.5768,56.7875,56.7875,58.7305,70.3302,112.06483125000001,112.06483125000001,222.6707,90.0946
1095,snn,baseline,jetson_emulator,2,offload,0.5,68.1102,56.5401,56.5401,57.7646,70.4138,112.06483125000001,112.06483125000001,222.7717,90.0182
1096,snn,baseline,jetson_emulator,2,offload,0.5,69.076,56.4704,56.4704,57.5548,70.4374,112.06483125000001,112.06483125000001,222.8727,90.038
1097,snn,baseline,jetson_emulator,2,offload,0.5,69.0614,56.8364,56.8364,58.7028,70.3136,112.06483125000001,112.06483125000001,222.9737,90.0728
1098,snn,baseline,jetson_emulator,2,local,0.5,69.0349,56.8812,69.0349,70.6145,66.4224,112.06483125000001,112.06483125000001,223.2084,90.0689
1099,snn,baseline,jetson_emulator,2,local,0.5,68.6493,58.7691,68.6493,70.2402,66.5388,112.06483125000001,112.06483125000001,223.3094,89.9882
1100,snn,baseline,jetson_emulator,2,local,0.5,69.0378,56.8556,69.0378,71.9491,66.4215,112.06483125000001,112.06483125000001,223.4104,90.0447
1101,snn,baseline,jetson_emulator,2,offload,0.5,68.6549,56.5425,56.5425,57.8345,70.413,112.06483125000001,112.06483125000001,223.3776,89.984
1102,snn,baseline,jetson_emulator,2,local,0.5,68.5535,56.6038,68.5535,70.5645,66.5678,112.06483125000001,112.06483125000001,223.6125,90.0287
1103,snn,baseline,jetson_emulator,2,local,0.5,69.2447,57.8212,69.2447,71.813,66.3592,112.06483125000001,112.06483125000001,223.7136,90.0354
1104,snn,baseline,jetson_emulator,2,local,0.5,69.4483,56.763,69.4483,70.0658,66.298,112.06483125000001,112.06483125000001,223.8146,90.0092
1105,snn,baseline,jetson_emulator,2,offload,0.5,69.4081,58.0682,58.0682,59.1028,69.9001,112.06483125000001,112.06483125000001,223.7815,90.0784
1106,snn,baseline,jetson_emulator,2,offload,0.5,69.2741,57.678,57.678,59.8424,70.0306,112.06483125000001,112.06483125000001,223.8825,89.9354
1107,snn,baseline,jetson_emulator,2,local,0.5,69.6133,57.2561,69.6133,72.0602,66.2485,112.06483125000001,112.06483125000001,224.1177,89.9949
1108,snn,baseline,jetson_emulator,2,local,0.5,69.4256,57.0588,69.4256,71.0391,66.3048,112.06483125000001,112.06483125000001,224.2187,90.0483
1109,snn,baseline,jetson_emulator,2,offload,0.5,69.8313,58.814,58.814,60.3058,69.6521,112.06483125000001,112.06483125000001,224.1854,89.9633
1110,snn,baseline,jetson_emulator,2,local,0.5,69.1234,57.9786,69.1234,70.7988,66.3957,112.06483125000001,112.06483125000001,224.4208,90.0038
1111,snn,baseline,jetson_emulator,2,local,0.5,69.9829,58.1245,69.9829,71.1643,66.1379,112.06483125000001,112.06483125000001,224.5219,90.0305
1112,snn,baseline,jetson_emulator,2,local,0.5,69.9294,57.2782,69.9294,71.435,66.1539,112.06483125000001,112.06483125000001,224.6229,90.0216
1113,snn,baseline,jetson_emulator,2,local,0.5,69.3097,58.1544,69.3097,70.906,66.3397,112.06483125000001,112.06483125000001,224.7239,89.9834
1114,snn,baseline,jetson_emulator,2,local,0.5,69.4583,57.4353,69.4583,70.616,66.295,112.06483125000001,112.06483125000001,224.825,89.9669
1115,snn,baseline,jetson_emulator,2,local,0.5,70.2844,57.5388,70.2844,71.0232,66.048,112.06483125000001,112.06483125000001,224.926,90.0318
1116,snn,baseline,jetson_emulator,2,offload,0.5,69.8635,58.4702,58.4702,59.7209,69.7662,112.06483125000001,112.06483125000001,224.8923,89.9566
1117,snn,baseline,jetson_emulator,2,local,0.5,69.965,57.7158,69.965,71.3905,66.1433,112.06483125000001,112.06483125000001,225.1281,90.0665
1118,snn,baseline,jetson_emulator,2,offload,0.5,69.9872,60.1666,60.1666,61.5849,69.2068,112.06483125000001,112.06483125000001,225.0943,89.9578
1119,snn,baseline,jetson_emulator,2,local,0.5,69.9831,58.8753,69.9831,70.9996,66.1379,112.06483125000001,112.06483125000001,225.3302,89.9299
1120,snn,baseline,jetson_emulator,2,offload,0.5,70.0972,58.114,58.114,60.4629,69.8848,112.06483125000001,112.06483125000001,225.2962,90.0782
1121,snn,baseline,jetson_emulator,2,offload,0.5,70.1004,58.3029,58.3029,60.5879,69.8219,112.06483125000001,112.06483125000001,225.3972,89.9376
1122,snn,baseline,jetson_emulator,2,offload,0.5,70.5449,58.4295,58.4295,60.5814,69.7797,112.06483125000001,112.06483125000001,225.4982,90.0897
1123,snn,baseline,jetson_emulator,2,offload,0.5,70.3394,58.1988,58.1988,60.4831,69.8566,112.06483125000001,112.06483125000001,225.5992,89.9591
1124,snn,baseline,jetson_emulator,2,local,0.5,70.2124,58.7651,70.2124,71.9632,66.0694,112.06483125000001,112.06483125000001,225.8354,89.9458
1125,snn,baseline,jetson_emulator,2,local,0.5,70.884,59.0662,70.884,72.422,65.8698,112.06483125000001,112.06483125000001,225.9364,90.1484
1126,snn,baseline,jetson_emulator,2,local,0.5,70.3775,58.2335,70.3775,72.0586,66.0202,112.06483125000001,112.06483125000001,226.0375,90.0271
1127,snn,baseline,jetson_emulator,2,offload,0.5,71.9642,59.4172,59.4172,61.0479,69.4528,112.06483125000001,112.06483125000001,226.0031,89.9762
1128,snn,baseline,jetson_emulator,2,offload,0.5,71.2367,58.5139,58.5139,60.7815,69.7517,112.06483125000001,112.06483125000001,226.104,89.9422
1129,snn,baseline,jetson_emulator,2,offload,0.5,71.0397,58.376,58.376,60.3593,69.7975,112.06483125000001,112.06483125000001,226.205,90.0835
1130,snn,baseline,jetson_emulator,2,local,0.5,71.4883,59.1114,71.4883,73.068,65.6912,112.06483125000001,112.06483125000001,226.4416,90.0808
1131,snn,baseline,jetson_emulator,2,local,0.5,71.1421,58.7411,71.1421,73.5255,65.7934,112.06483125000001,112.06483125000001,226.5427,89.9504
1132,snn,baseline,jetson_emulator,2,offload,0.5,71.1542,58.695,58.695,60.8682,69.6916,112.06483125000001,112.06483125000001,226.508,90.0297
1133,snn,baseline,jetson_emulator,2,local,0.5,70.9879,60.5232,70.9879,73.2579,65.839,112.06483125000001,112.06483125000001,226.7447,90.0019
1134,snn,baseline,jetson_emulator,2,local,0.5,71.576,59.5991,71.576,73.6576,65.6653,112.06483125000001,112.06483125000001,226.8458,90.0754
1135,snn,baseline,jetson_emulator,2,offload,0.5,71.4294,59.2819,59.2819,61.0568,69.4974,112.06483125000001,112.06483125000001,226.8109,89.9884
1136,snn,baseline,jetson_emulator,2,local,0.5,71.4987,60.3896,71.4987,72.8966,65.6881,112.06483125000001,112.06483125000001,227.0479,90.0615
1137,snn,baseline,jetson_emulator,2,local,0.5,71.6053,59.0723,71.6053,73.835,65.6567,112.06483125000001,112.06483125000001,227.1489,89.9893
1138,snn,baseline,jetson_emulator,2,offload,0.5,71.609,59.338,59.338,61.8,69.4789,112.06483125000001,112.06483125000001,227.1138,89.9322
1139,snn,baseline,jetson_emulator,2,local,0.5,71.7815,60.2978,71.7815,73.3202,65.6049,112.06483125000001,112.06483125000001,227.351,89.9461
1140,snn,baseline,jetson_emulator,2,offload,0.5,71.5758,60.2804,60.2804,61.9361,69.1696,112.06483125000001,112.06483125000001,227.3158,90.0293
1141,snn,baseline,jetson_emulator,2,offload,0.5,72.3909,59.9953,59.9953,61.7246,69.2629,112.06483125000001,112.06483125000001,227.4168,90.0074
1142,snn,baseline,jetson_emulator,2,offload,0.5,72.0181,60.1234,60.1234,61.2138,69.2209,112.06483125000001,112.06483125000001,227.5178,89.9772
1143,snn,baseline,jetson_emulator,2,offload,0.5,71.7927,60.063,60.063,61.4207,69.2407,112.06483125000001,112.06483125000001,227.6187,90.0719
1144,snn,baseline,jetson_emulator,2,offload,0.5,71.9838,59.6096,59.6096,61.6426,69.3895,112.06483125000001,112.06483125000001,227.7197,90.0491
1145,snn,baseline,jetson_emulator,2,offload,0.5,72.5525,61.0585,61.0585,62.5612,68.9162,112.06483125000001,112.06483125000001,227.8207,89.9917
1146,snn,baseline,jetson_emulator,2,local,0.5,72.2094,60.4606,72.2094,73.8724,65.4793,112.06483125000001,112.06483125000001,228.0583,89.9748
1147,snn,baseline,jetson_emulator,2,local,0.5,72.2753,60.7358,72.2753,74.2817,65.4601,112.06483125000001,112.06483125000001,228.1593,90.0062
1148,snn,baseline,jetson_emulator,2,local,0.5,72.8384,59.9415,72.8384,75.2612,65.2956,112.06483125000001,112.06483125000001,228.2603,89.9948
1149,snn,baseline,jetson_emulator,2,local,0.5,72.3719,60.1228,72.3719,73.3678,65.4318,112.06483125000001,112.06483125000001,228.3614,89.9915
1150,snn,baseline,jetson_emulator,2,offload,0.5,72.7914,60.7398,60.7398,62.1384,69.0198,112.06483125000001,112.06483125000001,228.3256,89.9261
1151,snn,baseline,jetson_emulator,2,offload,0.5,72.4836,61.1289,61.1289,63.0992,68.8934,112.06483125000001,112.06483125000001,228.4266,90.0175
1152,snn,baseline,jetson_emulator,2,offload,0.5,72.6827,59.9328,59.9328,61.3605,69.2833,112.06483125000001,112.06483125000001,228.5276,90.064
1153,snn,baseline,jetson_emulator,2,local,0.5,73.0145,60.536,73.0145,73.7922,65.2444,112.06483125000001,112.06483125000001,228.7655,90.0046
1154,snn,baseline,jetson_emulator,2,local,0.5,72.7535,60.5459,72.7535,74.2582,65.3204,112.06483125000001,112.06483125000001,228.8666,90.0912
1155,snn,baseline,jetson_emulator,2,local,0.5,73.3526,60.8932,73.3526,75.2332,65.1463,112.06483125000001,112.06483125000001,228.9676,90.0294
1156,snn,baseline,jetson_emulator,2,local,0.5,72.8353,60.5133,72.8353,74.6964,65.2966,112.06483125000001,112.06483125000001,229.0687,90.1054
1157,snn,baseline,jetson_emulator,2,local,0.5,73.5023,61.3326,73.5023,75.5721,65.1029,112.06483125000001,112.06483125000001,229.1697,89.972
1158,snn,baseline,jetson_emulator,2,offload,0.5,73.0061,61.3767,61.3767,62.9217,68.8132,112.06483125000001,112.06483125000001,229.1334,89.9927
1159,snn,baseline,jetson_emulator,2,local,0.5,73.3395,61.6339,73.3395,75.0366,65.1501,112.06483125000001,112.06483125000001,229.3718,89.9211
1160,snn,baseline,jetson_emulator,2,local,0.5,73.256,60.807,73.256,74.0691,65.1743,112.06483125000001,112.06483125000001,229.4728,89.9784
1161,snn,baseline,jetson_emulator,2,local,0.5,73.4039,60.6513,73.4039,74.4723,65.1314,112.06483125000001,112.06483125000001,229.5739,90.0223
1162,snn,baseline,jetson_emulator,2,local,0.5,73.4903,61.1804,73.4903,74.4543,65.1064,112.06483125000001,112.06483125000001,229.6749,90.0581
1163,snn,baseline,jetson_emulator,2,offload,0.5,73.7088,60.8025,60.8025,62.404,68.9994,112.06483125000001,112.06483125000001,229.6383,89.9932
1164,snn,baseline,jetson_emulator,2,offload,0.5,73.4315,61.239,61.239,63.1753,68.8577,112.06483125000001,112.06483125000001,229.7393,90.0053
1165,snn,baseline,jetson_emulator,2,offload,0.5,73.4297,61.7684,61.7684,63.6655,68.6867,112.06483125000001,112.06483125000001,229.8403,90.0083
1166,snn,baseline,jetson_emulator,2,local,0.5,74.3211,61.5767,74.3211,76.3693,64.8667,112.06483125000001,112.06483125000001,230.0791,89.9262
1167,snn,baseline,jetson_emulator,2,local,0.5,74.2305,61.2602,74.2305,76.0297,64.8928,112.06483125000001,112.06483125000001,230.1801,89.9411
1168,snn,baseline,jetson_emulator,2,local,0.5,74.3717,61.9275,74.3717,75.9517,64.8522,112.06483125000001,112.06483125000001,230.2811,89.8592
1169,snn,baseline,jetson_emulator,2,local,0.5,73.8322,61.9277,73.8322,75.8687,65.0075,112.06483125000001,112.06483125000001,230.3822,90.0415
1170,snn,baseline,jetson_emulator,2,offload,0.5,73.8053,61.0534,61.0534,63.1886,68.9179,112.06483125000001,112.06483125000001,230.3452,90.0658
1171,snn,baseline,jetson_emulator,2,offload,0.5,74.3463,62.1361,62.1361,63.6786,68.5684,112.06483125000001,112.06483125000001,230.4462,89.9766
1172,snn,baseline,jetson_emulator,2,local,0.5,73.8252,61.0478,73.8252,75.5908,65.0095,112.06483125000001,112.06483125000001,230.6853,90.0246
1173,snn,baseline,jetson_emulator,2,local,0.5,74.5882,61.2595,74.5882,75.536,64.79,112.06483125000001,112.06483125000001,230.7863,90.0478
1174,snn,baseline,jetson_emulator,2,local,0.5,74.2791,61.7721,74.2791,75.5453,64.8788,112.06483125000001,112.06483125000001,230.8874,90.0674
1175,snn,baseline,jetson_emulator,2,local,0.5,74.3314,63.3701,74.3314,76.0588,64.8638,112.06483125000001,112.06483125000001,230.9884,90.0836
1176,snn,baseline,jetson_emulator,2,offload,0.5,74.3902,62.0845,62.0845,63.7216,68.585,112.06483125000001,112.06483125000001,230.9511,89.979
1177,snn,baseline,jetson_emulator,2,local,0.5,74.2107,61.7036,74.2107,76.5487,64.8985,112.06483125000001,112.06483125000001,231.1905,89.9132
1178,snn,baseline,jetson_emulator,2,local,0.5,74.4682,61.4634,74.4682,75.9721,64.8245,112.06483125000001,112.06483125000001,231.2915,90.1595
1179,snn,baseline,jetson_emulator,2,local,0.5,75.3012,62.3273,75.3012,77.2838,64.5863,112.06483125000001,112.06483125000001,231.3926,90.017
1180,snn,baseline,jetson_emulator,2,local,0.5,74.8612,62.1373,74.8612,76.7809,64.7119,112.06483125000001,112.06483125000001,231.4936,90.0349
1181,snn,baseline,jetson_emulator,2,local,0.5,74.5007,62.2533,74.5007,75.9054,64.8152,112.06483125000001,112.06483125000001,231.5947,89.9905
1182,snn,baseline,jetson_emulator,2,local,0.5,74.8389,62.8039,74.8389,76.7212,64.7182,112.06483125000001,112.06483125000001,231.6957,89.9916
1183,snn,baseline,jetson_emulator,2,local,0.5,74.4245,62.246,74.4245,76.5179,64.837,112.06483125000001,112.06483125000001,231.7967,89.8995
1184,snn,baseline,jetson_emulator,2,local,0.5,74.7243,62.0562,74.7243,76.5547,64.751,112.06483125000001,112.06483125000001,231.8978,90.0662
1185,snn,baseline,jetson_emulator,2,local,0.5,74.5802,62.3813,74.5802,77.4046,64.7923,112.06483125000001,112.06483125000001,231.9988,89.9528
1186,snn,baseline,jetson_emulator,2,local,0.5,75.6308,61.7139,75.6308,77.7869,64.4925,112.06483125000001,112.06483125000001,232.0999,89.9367
1187,snn,baseline,jetson_emulator,2,local,0.5,75.3519,63.1039,75.3519,76.9385,64.5718,112.06483125000001,112.06483125000001,232.2009,89.9295
1188,snn,baseline,jetson_emulator,2,local,0.5,75.6016,62.5855,75.6016,77.3793,64.5008,112.06483125000001,112.06483125000001,232.3019,90.0574
1189,snn,baseline,jetson_emulator,2,local,0.5,74.9304,62.0058,74.9304,77.1245,64.6921,112.06483125000001,112.06483125000001,232.403,90.0467
1190,snn,baseline,jetson_emulator,2,offload,0.5,74.7578,62.6434,62.6434,64.6594,68.4059,112.06483125000001,112.06483125000001,232.3648,90.0693
1191,snn,baseline,jetson_emulator,2,local,0.5,75.405,61.9782,75.405,76.7387,64.5567,112.06483125000001,112.06483125000001,232.6051,89.952
1192,snn,baseline,jetson_emulator,2,local,0.5,74.9979,62.314,74.9979,76.4646,64.6728,112.06483125000001,112.06483125000001,232.7061,89.991
1193,snn,baseline,jetson_emulator,2,local,0.5,75.0008,62.5124,75.0008,75.9989,64.672,112.06483125000001,112.06483125000001,232.8071,89.9073
1194,snn,baseline,jetson_emulator,2,local,0.5,75.0183,62.1251,75.0183,77.2748,64.667,112.06483125000001,112.06483125000001,232.9082,90.0511
1195,snn,baseline,jetson_emulator,2,offload,0.5,74.966,62.7809,62.7809,65.2188,68.362,112.06483125000001,112.06483125000001,232.8697,90.002
1196,snn,baseline,jetson_emulator,2,local,0.5,74.9045,62.3497,74.9045,76.6052,64.6995,112.06483125000001,112.06483125000001,233.1103,90.0671
1197,snn,baseline,jetson_emulator,2,local,0.5,74.8461,62.1591,74.8461,75.9624,64.7162,112.06483125000001,112.06483125000001,233.2113,89.9586
1198,snn,baseline,jetson_emulator,2,local,0.5,75.1802,63.1216,75.1802,77.0729,64.6208,112.06483125000001,112.06483125000001,233.3123,90.0281
1199,snn,baseline,jetson_emulator,2,local,0.5,75.26,62.9352,75.26,77.6575,64.598,112.06483125000001,112.06483125000001,233.4134,90.0139
1200,snn,baseline,jetson_emulator,2,offload,0.5,75.0005,62.2248,62.2248,63.8321,68.5399,112.06483125000001,112.06483125000001,233.3746,90.0136
