cycle_id,model,architecture,profile,nodes,decision,threshold,local_latency_ms,offload_latency_ms,total_latency_ms,rtt_ms,throughput_fps,local_power_mw,offload_power_mw,effective_power_mw,accuracy_step
1,cnn,baseline,jetson_emulator,50,offload,0.5,47.5321,39.9489,39.9489,42.3148,24.0161,167.274,167.274,172.4473,92.8227
2,cnn,baseline,jetson_emulator,50,offload,0.5,47.7498,40.4313,40.4313,41.9256,23.9728,167.274,167.274,172.6023,92.8318
3,cnn,baseline,jetson_emulator,50,offload,0.5,47.3824,39.5134,39.5134,40.8362,24.0553,167.274,167.274,172.7574,92.8459
4,cnn,baseline,jetson_emulator,50,offload,0.5,47.8605,39.879,39.879,42.0255,24.0224,167.274,167.274,172.9125,92.8304
5,cnn,baseline,jetson_emulator,50,offload,0.5,47.8239,39.2493,39.2493,40.6041,24.0792,167.274,167.274,173.0675,92.7933
6,cnn,baseline,jetson_emulator,50,offload,0.5,48.5904,39.5231,39.5231,41.6874,24.0545,167.274,167.274,173.2226,92.7991
7,cnn,baseline,jetson_emulator,50,offload,0.5,48.0937,40.0773,40.0773,42.2176,24.0046,167.274,167.274,173.3777,92.68
8,cnn,baseline,jetson_emulator,50,offload,0.5,48.664,39.6692,39.6692,41.411,24.0413,167.274,167.274,173.5327,92.7366
9,cnn,baseline,jetson_emulator,50,offload,0.5,47.9439,40.319,40.319,42.4937,23.9829,167.274,167.274,173.6878,92.7892
10,cnn,baseline,jetson_emulator,50,offload,0.5,47.8732,40.5201,40.5201,41.6095,23.9648,167.274,167.274,173.8428,92.8042
11,cnn,baseline,jetson_emulator,50,offload,0.5,48.1297,40.5618,40.5618,42.5828,23.9611,167.274,167.274,173.9979,92.7446
12,cnn,baseline,jetson_emulator,50,local,0.5,48.476,39.8714,48.476,51.3108,23.2729,167.274,167.274,176.6892,92.8318
13,cnn,baseline,jetson_emulator,50,offload,0.5,48.7539,40.2315,40.2315,42.3048,23.9907,167.274,167.274,174.308,92.809
14,cnn,baseline,jetson_emulator,50,local,0.5,48.3215,39.944,48.3215,49.3315,23.2859,167.274,167.274,177.0038,92.7437
15,cnn,baseline,jetson_emulator,50,local,0.5,48.4584,40.2763,48.4584,50.5959,23.2744,167.274,167.274,177.1611,92.8058
16,cnn,baseline,jetson_emulator,50,local,0.5,49.539,40.1448,49.539,52.0604,23.1835,167.274,167.274,177.3185,92.6619
17,cnn,baseline,jetson_emulator,50,local,0.5,48.8043,42.0395,48.8043,50.7826,23.2452,167.274,167.274,177.4758,92.8054
18,cnn,baseline,jetson_emulator,50,offload,0.5,49.1235,40.1631,40.1631,42.5725,23.9969,167.274,167.274,175.0834,92.6784
19,cnn,baseline,jetson_emulator,50,offload,0.5,48.8864,42.0199,42.0199,44.8731,23.8313,167.274,167.274,175.2384,92.8621
20,cnn,baseline,jetson_emulator,50,offload,0.5,49.3849,40.9319,40.9319,42.8477,23.928,167.274,167.274,175.3935,92.8484
21,cnn,baseline,jetson_emulator,50,local,0.5,49.0461,41.0767,49.0461,51.6221,23.2248,167.274,167.274,178.1051,92.8024
22,cnn,baseline,jetson_emulator,50,offload,0.5,48.9817,40.47,40.47,42.6668,23.9693,167.274,167.274,175.7036,92.8192
23,cnn,baseline,jetson_emulator,50,offload,0.5,49.1939,41.9389,41.9389,44.126,23.8384,167.274,167.274,175.8587,92.7847
24,cnn,baseline,jetson_emulator,50,local,0.5,49.3683,40.7031,49.3683,51.1864,23.1978,167.274,167.274,178.577,92.6838
25,cnn,baseline,jetson_emulator,50,local,0.5,49.7423,41.3056,49.7423,51.9538,23.1664,167.274,167.274,178.7344,92.8795
26,cnn,baseline,jetson_emulator,50,local,0.5,49.8218,41.0289,49.8218,52.1916,23.1598,167.274,167.274,178.8917,92.7924
27,cnn,baseline,jetson_emulator,50,local,0.5,49.5263,41.1141,49.5263,51.8071,23.1845,167.274,167.274,179.049,92.7632
28,cnn,baseline,jetson_emulator,50,offload,0.5,49.4545,42.6984,42.6984,45.2992,23.7713,167.274,167.274,176.634,92.7887
29,cnn,baseline,jetson_emulator,50,local,0.5,49.97,41.3339,49.97,52.7119,23.1474,167.274,167.274,179.3636,92.8014
30,cnn,baseline,jetson_emulator,50,local,0.5,50.0352,41.4028,50.0352,51.7728,23.1419,167.274,167.274,179.521,92.8093
31,cnn,baseline,jetson_emulator,50,offload,0.5,50.2766,42.9324,42.9324,44.519,23.7507,167.274,167.274,177.0992,92.7404
32,cnn,baseline,jetson_emulator,50,offload,0.5,50.373,42.2,42.2,44.6441,23.8153,167.274,167.274,177.2542,92.718
33,cnn,baseline,jetson_emulator,50,offload,0.5,49.7866,41.203,41.203,43.528,23.9038,167.274,167.274,177.4093,92.7493
34,cnn,baseline,jetson_emulator,50,offload,0.5,50.8655,42.1608,42.1608,45.0928,23.8188,167.274,167.274,177.5644,92.8356
35,cnn,baseline,jetson_emulator,50,local,0.5,50.1564,41.3993,50.1564,51.9406,23.1318,167.274,167.274,180.3076,92.7986
36,cnn,baseline,jetson_emulator,50,offload,0.5,50.2931,41.8294,41.8294,44.0016,23.8481,167.274,167.274,177.8745,92.7398
37,cnn,baseline,jetson_emulator,50,local,0.5,50.1951,42.2917,50.1951,51.8136,23.1286,167.274,167.274,180.6222,92.8153
38,cnn,baseline,jetson_emulator,50,local,0.5,50.4674,41.8679,50.4674,53.118,23.1059,167.274,167.274,180.7795,92.7881
39,cnn,baseline,jetson_emulator,50,local,0.5,50.2225,41.661,50.2225,52.2853,23.1263,167.274,167.274,180.9369,92.7643
40,cnn,baseline,jetson_emulator,50,local,0.5,50.41,41.7123,50.41,52.582,23.1107,167.274,167.274,181.0942,92.7621
41,cnn,baseline,jetson_emulator,50,offload,0.5,50.6252,41.6542,41.6542,43.1686,23.8637,167.274,167.274,178.6498,92.8034
42,cnn,baseline,jetson_emulator,50,local,0.5,51.0055,43.0608,51.0055,52.6361,23.0612,167.274,167.274,181.4088,92.9383
43,cnn,baseline,jetson_emulator,50,local,0.5,50.6639,44.0662,50.6639,52.5331,23.0896,167.274,167.274,181.5661,92.8192
44,cnn,baseline,jetson_emulator,50,local,0.5,50.5508,41.9924,50.5508,51.4876,23.099,167.274,167.274,181.7235,92.7688
45,cnn,baseline,jetson_emulator,50,local,0.5,51.2948,41.8754,51.2948,53.0985,23.0372,167.274,167.274,181.8808,92.7103
46,cnn,baseline,jetson_emulator,50,offload,0.5,50.8137,42.3249,42.3249,44.4795,23.8043,167.274,167.274,179.4251,92.7787
47,cnn,baseline,jetson_emulator,50,local,0.5,51.7852,42.0589,51.7852,53.0744,22.9967,167.274,167.274,182.1954,92.7785
48,cnn,baseline,jetson_emulator,50,offload,0.5,51.1003,43.047,43.047,45.1656,23.7407,167.274,167.274,179.7352,92.7553
49,cnn,baseline,jetson_emulator,50,local,0.5,50.8642,42.2117,50.8642,52.1761,23.0729,167.274,167.274,182.5101,92.8277
50,cnn,baseline,jetson_emulator,50,offload,0.5,51.4727,42.3891,42.3891,44.239,23.7986,167.274,167.274,180.0454,92.7691
51,cnn,baseline,jetson_emulator,50,local,0.5,51.1943,42.8016,51.1943,52.6816,23.0455,167.274,167.274,182.8247,92.7202
52,cnn,baseline,jetson_emulator,50,offload,0.5,51.2362,42.5406,42.5406,43.6393,23.7852,167.274,167.274,180.3555,92.7765
53,cnn,baseline,jetson_emulator,50,offload,0.5,51.6503,42.2429,42.2429,44.6323,23.8115,167.274,167.274,180.5106,92.7397
54,cnn,baseline,jetson_emulator,50,local,0.5,51.3319,43.2727,51.3319,53.1623,23.0342,167.274,167.274,183.2967,92.7081
55,cnn,baseline,jetson_emulator,50,offload,0.5,51.3068,43.6338,43.6338,46.1161,23.6892,167.274,167.274,180.8207,92.8831
56,cnn,baseline,jetson_emulator,50,local,0.5,51.456,43.3481,51.456,53.5245,23.0239,167.274,167.274,183.6113,92.8087
57,cnn,baseline,jetson_emulator,50,local,0.5,51.4062,42.4963,51.4062,53.0701,23.028,167.274,167.274,183.7686,92.8295
58,cnn,baseline,jetson_emulator,50,local,0.5,51.3643,42.5198,51.3643,52.8428,23.0315,167.274,167.274,183.926,92.8835
59,cnn,baseline,jetson_emulator,50,local,0.5,51.5651,43.3731,51.5651,52.8911,23.0149,167.274,167.274,184.0833,92.773
60,cnn,baseline,jetson_emulator,50,offload,0.5,51.5892,44.2058,44.2058,46.2606,23.6392,167.274,167.274,181.596,92.7101
61,cnn,baseline,jetson_emulator,50,offload,0.5,51.5037,43.0929,43.0929,45.1923,23.7366,167.274,167.274,181.7511,92.7738
62,cnn,baseline,jetson_emulator,50,local,0.5,51.8038,44.0584,51.8038,53.9095,22.9952,167.274,167.274,184.5552,92.8587
63,cnn,baseline,jetson_emulator,50,local,0.5,52.9552,43.1982,52.9552,55.4258,22.9006,167.274,167.274,184.7126,92.8802
64,cnn,baseline,jetson_emulator,50,local,0.5,52.5923,43.713,52.5923,53.9382,22.9303,167.274,167.274,184.8699,92.7637
65,cnn,baseline,jetson_emulator,50,offload,0.5,51.922,43.629,43.629,45.8079,23.6896,167.274,167.274,182.3713,92.76
66,cnn,baseline,jetson_emulator,50,local,0.5,52.3453,43.7225,52.3453,54.4262,22.9506,167.274,167.274,185.1845,92.7769
67,cnn,baseline,jetson_emulator,50,local,0.5,51.8935,43.7963,51.8935,53.809,22.9878,167.274,167.274,185.3419,92.8412
68,cnn,baseline,jetson_emulator,50,local,0.5,52.7688,43.1979,52.7688,54.6107,22.9159,167.274,167.274,185.4992,92.81
69,cnn,baseline,jetson_emulator,50,offload,0.5,53.2319,42.9446,42.9446,44.1717,23.7497,167.274,167.274,182.9916,92.7081
70,cnn,baseline,jetson_emulator,50,offload,0.5,52.0914,43.9236,43.9236,45.7403,23.6639,167.274,167.274,183.1466,92.8213
71,cnn,baseline,jetson_emulator,50,local,0.5,51.8796,43.0195,51.8796,53.6971,22.9889,167.274,167.274,185.9711,92.7844
72,cnn,baseline,jetson_emulator,50,local,0.5,52.482,43.7301,52.482,53.8878,22.9394,167.274,167.274,186.1285,92.8671
73,cnn,baseline,jetson_emulator,50,local,0.5,52.4412,43.4633,52.4412,54.6686,22.9427,167.274,167.274,186.2858,92.7972
74,cnn,baseline,jetson_emulator,50,offload,0.5,51.9276,43.3961,43.3961,45.8753,23.71,167.274,167.274,183.7669,92.8414
75,cnn,baseline,jetson_emulator,50,local,0.5,52.7868,43.3225,52.7868,54.4396,22.9144,167.274,167.274,186.6004,92.7831
76,cnn,baseline,jetson_emulator,50,offload,0.5,51.9879,43.129,43.129,45.1624,23.7334,167.274,167.274,184.077,92.846
77,cnn,baseline,jetson_emulator,50,offload,0.5,52.7124,43.8142,43.8142,45.886,23.6734,167.274,167.274,184.2321,92.8296
78,cnn,baseline,jetson_emulator,50,local,0.5,52.5102,43.7357,52.5102,54.7997,22.9371,167.274,167.274,187.0724,92.7919
79,cnn,baseline,jetson_emulator,50,offload,0.5,52.9276,43.8205,43.8205,46.0692,23.6729,167.274,167.274,184.5422,92.8237
80,cnn,baseline,jetson_emulator,50,local,0.5,52.2956,43.9321,52.2956,54.4149,22.9547,167.274,167.274,187.387,92.8215
81,cnn,baseline,jetson_emulator,50,offload,0.5,52.3058,43.8887,43.8887,46.4045,23.6669,167.274,167.274,184.8523,92.7347
82,cnn,baseline,jetson_emulator,50,local,0.5,52.8886,43.2488,52.8886,55.0763,22.9061,167.274,167.274,187.7017,92.7886
83,cnn,baseline,jetson_emulator,50,local,0.5,52.3358,43.0582,52.3358,54.3079,22.9514,167.274,167.274,187.859,92.8387
84,cnn,baseline,jetson_emulator,50,offload,0.5,52.0977,44.1859,44.1859,46.6297,23.641,167.274,167.274,185.3175,92.7968
85,cnn,baseline,jetson_emulator,50,offload,0.5,52.1969,43.2638,43.2638,45.0728,23.7216,167.274,167.274,185.4726,92.8906
86,cnn,baseline,jetson_emulator,50,offload,0.5,52.6129,43.1971,43.1971,44.1989,23.7275,167.274,167.274,185.6276,92.7361
87,cnn,baseline,jetson_emulator,50,offload,0.5,52.9692,43.5441,43.5441,44.6365,23.697,167.274,167.274,185.7827,92.7813
88,cnn,baseline,jetson_emulator,50,local,0.5,52.647,43.1465,52.647,54.4088,22.9259,167.274,167.274,188.6456,92.7958
89,cnn,baseline,jetson_emulator,50,local,0.5,52.555,44.0437,52.555,54.8757,22.9334,167.274,167.274,188.8029,92.8112
90,cnn,baseline,jetson_emulator,50,local,0.5,53.0189,43.5875,53.0189,55.6781,22.8954,167.274,167.274,188.9602,92.7507
91,cnn,baseline,jetson_emulator,50,offload,0.5,52.2911,43.5217,43.5217,45.2267,23.699,167.274,167.274,186.403,92.7577
92,cnn,baseline,jetson_emulator,50,local,0.5,52.2755,44.5327,52.2755,53.9601,22.9563,167.274,167.274,189.2749,92.8215
93,cnn,baseline,jetson_emulator,50,offload,0.5,52.9789,43.4923,43.4923,45.633,23.7016,167.274,167.274,186.7131,92.6928
94,cnn,baseline,jetson_emulator,50,offload,0.5,53.2847,43.6807,43.6807,46.3087,23.6851,167.274,167.274,186.8681,92.8048
95,cnn,baseline,jetson_emulator,50,local,0.5,53.0674,44.4369,53.0674,55.5687,22.8915,167.274,167.274,189.7468,92.7345
96,cnn,baseline,jetson_emulator,50,offload,0.5,53.0843,44.2231,44.2231,45.5621,23.6377,167.274,167.274,187.1783,92.8881
97,cnn,baseline,jetson_emulator,50,offload,0.5,52.776,43.303,43.303,45.6437,23.7182,167.274,167.274,187.3333,92.7902
98,cnn,baseline,jetson_emulator,50,offload,0.5,52.5804,43.447,43.447,44.8217,23.7055,167.274,167.274,187.4884,92.7326
99,cnn,baseline,jetson_emulator,50,offload,0.5,52.945,43.1004,43.1004,44.5132,23.736,167.274,167.274,187.6435,92.8541
100,cnn,baseline,jetson_emulator,50,offload,0.5,52.9136,43.2859,43.2859,45.8566,23.7197,167.274,167.274,187.7985,92.7488
101,cnn,baseline,jetson_emulator,50,offload,0.5,52.7965,43.8581,43.8581,45.9562,23.6696,167.274,167.274,187.9536,92.8179
102,cnn,baseline,jetson_emulator,50,offload,0.5,53.3552,43.9118,43.9118,45.7325,23.6649,167.274,167.274,188.1086,92.7223
103,cnn,baseline,jetson_emulator,50,offload,0.5,52.5939,43.5587,43.5587,45.2617,23.6958,167.274,167.274,188.2637,92.8578
104,cnn,baseline,jetson_emulator,50,offload,0.5,52.1245,43.2371,43.2371,45.237,23.7239,167.274,167.274,188.4188,92.8174
105,cnn,baseline,jetson_emulator,50,offload,0.5,52.2506,43.6585,43.6585,46.027,23.687,167.274,167.274,188.5738,92.841
106,cnn,baseline,jetson_emulator,50,offload,0.5,53.194,43.3608,43.3608,44.6532,23.7131,167.274,167.274,188.7289,92.8024
107,cnn,baseline,jetson_emulator,50,local,0.5,52.7134,44.0369,52.7134,54.2897,22.9204,167.274,167.274,191.6347,92.749
108,cnn,baseline,jetson_emulator,50,local,0.5,52.5406,43.8172,52.5406,54.9744,22.9346,167.274,167.274,191.792,92.7824
109,cnn,baseline,jetson_emulator,50,offload,0.5,52.8989,43.0199,43.0199,45.2335,23.743,167.274,167.274,189.1941,92.767
110,cnn,baseline,jetson_emulator,50,local,0.5,52.7957,43.3333,52.7957,54.6408,22.9137,167.274,167.274,192.1067,92.7441
111,cnn,baseline,jetson_emulator,50,offload,0.5,52.2127,44.1778,44.1778,46.373,23.6417,167.274,167.274,189.5042,92.8088
112,cnn,baseline,jetson_emulator,50,offload,0.5,52.9738,43.5792,43.5792,45.8998,23.694,167.274,167.274,189.6593,92.8519
113,cnn,baseline,jetson_emulator,50,local,0.5,52.0855,43.2529,52.0855,54.2603,22.972,167.274,167.274,192.5786,92.7878
114,cnn,baseline,jetson_emulator,50,local,0.5,52.983,43.1194,52.983,54.6785,22.8984,167.274,167.274,192.7359,92.8884
115,cnn,baseline,jetson_emulator,50,offload,0.5,52.5523,43.6748,43.6748,45.382,23.6856,167.274,167.274,190.1245,92.8034
116,cnn,baseline,jetson_emulator,50,local,0.5,52.1254,43.6391,52.1254,53.8442,22.9687,167.274,167.274,193.0506,92.7249
117,cnn,baseline,jetson_emulator,50,local,0.5,52.3081,43.2208,52.3081,54.5088,22.9537,167.274,167.274,193.2079,92.7873
118,cnn,baseline,jetson_emulator,50,offload,0.5,52.3407,43.2359,43.2359,45.0657,23.7241,167.274,167.274,190.5897,92.8709
119,cnn,baseline,jetson_emulator,50,offload,0.5,52.2504,43.4883,43.4883,45.3379,23.7019,167.274,167.274,190.7447,92.7493
120,cnn,baseline,jetson_emulator,50,offload,0.5,52.0679,43.632,43.632,46.4724,23.6893,167.274,167.274,190.8998,92.7582
121,cnn,baseline,jetson_emulator,50,offload,0.5,52.4342,43.3949,43.3949,45.5673,23.7101,167.274,167.274,191.0548,92.8135
122,cnn,baseline,jetson_emulator,50,offload,0.5,52.1452,43.5575,43.5575,45.312,23.6959,167.274,167.274,191.2099,92.7698
123,cnn,baseline,jetson_emulator,50,local,0.5,51.9974,43.5732,51.9974,54.5697,22.9792,167.274,167.274,194.1518,92.8394
124,cnn,baseline,jetson_emulator,50,offload,0.5,51.8049,43.3032,43.3032,44.6319,23.7182,167.274,167.274,191.52,92.6473
125,cnn,baseline,jetson_emulator,50,local,0.5,52.9455,42.8286,52.9455,55.0529,22.9014,167.274,167.274,194.4665,92.8121
126,cnn,baseline,jetson_emulator,50,local,0.5,52.3357,43.0664,52.3357,53.9692,22.9514,167.274,167.274,194.6238,92.9085
127,cnn,baseline,jetson_emulator,50,local,0.5,51.8116,42.9333,51.8116,53.6041,22.9945,167.274,167.274,194.7811,92.7123
128,cnn,baseline,jetson_emulator,50,local,0.5,52.4936,42.7227,52.4936,53.8323,22.9384,167.274,167.274,194.9384,92.8968
129,cnn,baseline,jetson_emulator,50,local,0.5,51.8004,43.3924,51.8004,53.4953,22.9955,167.274,167.274,195.0958,92.7356
130,cnn,baseline,jetson_emulator,50,local,0.5,51.9282,43.2046,51.9282,53.609,22.9849,167.274,167.274,195.2531,92.7069
131,cnn,baseline,jetson_emulator,50,offload,0.5,51.8955,42.8582,42.8582,45.107,23.7573,167.274,167.274,192.6055,92.8092
132,cnn,baseline,jetson_emulator,50,offload,0.5,51.459,42.9169,42.9169,44.7472,23.7521,167.274,167.274,192.7605,92.7614
133,cnn,baseline,jetson_emulator,50,local,0.5,51.617,44.1206,51.617,53.4929,23.0106,167.274,167.274,195.725,92.7555
134,cnn,baseline,jetson_emulator,50,local,0.5,51.6596,43.1045,51.6596,53.4391,23.0071,167.274,167.274,195.8824,92.8023
135,cnn,baseline,jetson_emulator,50,offload,0.5,52.8149,44.0079,44.0079,46.3333,23.6565,167.274,167.274,193.2257,92.7752
136,cnn,baseline,jetson_emulator,50,offload,0.5,51.4014,43.3462,43.3462,44.4447,23.7144,167.274,167.274,193.3808,92.8073
137,cnn,baseline,jetson_emulator,50,offload,0.5,51.4546,43.1908,43.1908,45.4036,23.728,167.274,167.274,193.5359,92.77
138,cnn,baseline,jetson_emulator,50,local,0.5,51.506,43.3549,51.506,52.5575,23.0198,167.274,167.274,196.5117,92.8168
139,cnn,baseline,jetson_emulator,50,offload,0.5,51.5276,42.535,42.535,44.4692,23.7857,167.274,167.274,193.846,92.7082
140,cnn,baseline,jetson_emulator,50,offload,0.5,51.6062,42.9348,42.9348,44.4287,23.7505,167.274,167.274,194.001,92.8264
141,cnn,baseline,jetson_emulator,50,local,0.5,51.3091,42.7645,51.3091,53.7165,23.036,167.274,167.274,196.9836,92.7184
142,cnn,baseline,jetson_emulator,50,offload,0.5,51.3864,42.4071,42.4071,44.8449,23.797,167.274,167.274,194.3112,92.7894
143,cnn,baseline,jetson_emulator,50,offload,0.5,51.4627,42.2736,42.2736,44.3466,23.8088,167.274,167.274,194.4662,92.7772
144,cnn,baseline,jetson_emulator,50,local,0.5,51.281,42.6049,51.281,53.4805,23.0384,167.274,167.274,197.4556,92.7938
145,cnn,baseline,jetson_emulator,50,local,0.5,52.0476,42.8148,52.0476,54.0372,22.9751,167.274,167.274,197.6129,92.8847
146,cnn,baseline,jetson_emulator,50,offload,0.5,51.6938,42.8356,42.8356,45.2576,23.7592,167.274,167.274,194.9314,92.9319
147,cnn,baseline,jetson_emulator,50,local,0.5,51.1332,43.1233,51.1332,52.5785,23.0506,167.274,167.274,197.9275,92.8488
148,cnn,baseline,jetson_emulator,50,local,0.5,51.8444,42.1652,51.8444,53.9857,22.9918,167.274,167.274,198.0849,92.7618
149,cnn,baseline,jetson_emulator,50,offload,0.5,50.9065,42.4568,42.4568,44.6416,23.7926,167.274,167.274,195.3966,92.7882
150,cnn,baseline,jetson_emulator,50,local,0.5,50.8491,43.3314,50.8491,52.9215,23.0742,167.274,167.274,198.3995,92.8181
151,cnn,baseline,jetson_emulator,50,local,0.5,51.8204,42.1254,51.8204,53.2672,22.9938,167.274,167.274,198.5568,92.7394
152,cnn,baseline,jetson_emulator,50,offload,0.5,51.0369,41.9463,41.9463,44.7181,23.8378,167.274,167.274,195.8618,92.7559
153,cnn,baseline,jetson_emulator,50,offload,0.5,51.4851,42.3004,42.3004,44.1296,23.8065,167.274,167.274,196.0169,92.8206
154,cnn,baseline,jetson_emulator,50,offload,0.5,50.7274,43.0715,43.0715,44.7595,23.7385,167.274,167.274,196.1719,92.7671
155,cnn,baseline,jetson_emulator,50,local,0.5,50.8767,42.7496,50.8767,53.0189,23.0719,167.274,167.274,199.1861,92.7621
156,cnn,baseline,jetson_emulator,50,offload,0.5,51.1983,42.2309,42.2309,43.7516,23.8126,167.274,167.274,196.482,92.7248
157,cnn,baseline,jetson_emulator,50,offload,0.5,50.5786,41.9976,41.9976,43.0123,23.8332,167.274,167.274,196.6371,92.7593
158,cnn,baseline,jetson_emulator,50,offload,0.5,51.4909,42.151,42.151,43.3867,23.8197,167.274,167.274,196.7922,92.7584
159,cnn,baseline,jetson_emulator,50,offload,0.5,51.3001,41.9275,41.9275,43.1372,23.8395,167.274,167.274,196.9472,92.7727
160,cnn,baseline,jetson_emulator,50,offload,0.5,50.6776,41.9244,41.9244,44.2567,23.8397,167.274,167.274,197.1023,92.8222
161,cnn,baseline,jetson_emulator,50,offload,0.5,50.7475,42.3222,42.3222,45.1753,23.8045,167.274,167.274,197.2574,92.7462
162,cnn,baseline,jetson_emulator,50,local,0.5,51.0438,42.3947,51.0438,52.3948,23.058,167.274,167.274,200.2874,92.7346
163,cnn,baseline,jetson_emulator,50,local,0.5,50.5499,42.3249,50.5499,51.7674,23.099,167.274,167.274,200.4447,92.8649
164,cnn,baseline,jetson_emulator,50,local,0.5,50.8183,41.979,50.8183,52.2274,23.0767,167.274,167.274,200.602,92.9147
165,cnn,baseline,jetson_emulator,50,local,0.5,50.5727,42.1927,50.5727,53.0649,23.0971,167.274,167.274,200.7593,92.7694
166,cnn,baseline,jetson_emulator,50,offload,0.5,50.6054,42.291,42.291,44.9569,23.8073,167.274,167.274,198.0327,92.8999
167,cnn,baseline,jetson_emulator,50,local,0.5,50.6144,42.252,50.6144,53.061,23.0937,167.274,167.274,201.074,92.821
168,cnn,baseline,jetson_emulator,50,offload,0.5,50.9497,41.8315,41.8315,43.6135,23.848,167.274,167.274,198.3428,92.8226
169,cnn,baseline,jetson_emulator,50,offload,0.5,50.2332,41.9546,41.9546,43.6633,23.837,167.274,167.274,198.4979,92.8282
170,cnn,baseline,jetson_emulator,50,offload,0.5,50.9403,41.7674,41.7674,43.5004,23.8536,167.274,167.274,198.6529,92.7962
171,cnn,baseline,jetson_emulator,50,offload,0.5,50.6726,41.7634,41.7634,43.3764,23.854,167.274,167.274,198.808,92.8093
172,cnn,baseline,jetson_emulator,50,local,0.5,50.2214,42.06,50.2214,52.5317,23.1264,167.274,167.274,201.8606,92.6708
173,cnn,baseline,jetson_emulator,50,local,0.5,50.5556,42.2773,50.5556,52.6289,23.0986,167.274,167.274,202.0179,92.8129
174,cnn,baseline,jetson_emulator,50,local,0.5,50.5498,42.0106,50.5498,52.2255,23.099,167.274,167.274,202.1752,92.8156
175,cnn,baseline,jetson_emulator,50,local,0.5,50.8961,42.0539,50.8961,53.3524,23.0703,167.274,167.274,202.3325,92.8156
176,cnn,baseline,jetson_emulator,50,local,0.5,50.2292,41.6109,50.2292,52.183,23.1258,167.274,167.274,202.4899,92.8124
177,cnn,baseline,jetson_emulator,50,local,0.5,50.1225,42.6793,50.1225,51.8771,23.1347,167.274,167.274,202.6472,92.877
178,cnn,baseline,jetson_emulator,50,local,0.5,50.7961,41.6663,50.7961,52.4287,23.0786,167.274,167.274,202.8045,92.7609
179,cnn,baseline,jetson_emulator,50,offload,0.5,50.5921,42.1585,42.1585,44.5548,23.819,167.274,167.274,200.0485,92.809
180,cnn,baseline,jetson_emulator,50,local,0.5,50.3274,41.415,50.3274,52.1656,23.1176,167.274,167.274,203.1191,92.7617
181,cnn,baseline,jetson_emulator,50,local,0.5,49.986,41.6378,49.986,51.4677,23.146,167.274,167.274,203.2765,92.7537
182,cnn,baseline,jetson_emulator,50,local,0.5,50.5545,42.5498,50.5545,52.8353,23.0987,167.274,167.274,203.4338,92.788
183,cnn,baseline,jetson_emulator,50,offload,0.5,50.5852,42.4419,42.4419,43.8047,23.794,167.274,167.274,200.6687,92.7628
184,cnn,baseline,jetson_emulator,50,local,0.5,50.8458,41.6776,50.8458,53.3532,23.0744,167.274,167.274,203.7484,92.8218
185,cnn,baseline,jetson_emulator,50,offload,0.5,50.6388,42.0387,42.0387,44.0503,23.8296,167.274,167.274,200.9789,92.7511
186,cnn,baseline,jetson_emulator,50,offload,0.5,50.039,41.3831,41.3831,42.8194,23.8878,167.274,167.274,201.1339,92.8103
187,cnn,baseline,jetson_emulator,50,local,0.5,49.9459,42.0532,49.9459,51.6143,23.1494,167.274,167.274,204.2204,92.7703
188,cnn,baseline,jetson_emulator,50,local,0.5,50.2117,42.2537,50.2117,52.1452,23.1272,167.274,167.274,204.3777,92.8122
189,cnn,baseline,jetson_emulator,50,offload,0.5,50.2774,41.558,41.558,43.048,23.8722,167.274,167.274,201.5991,92.7908
190,cnn,baseline,jetson_emulator,50,offload,0.5,50.2457,41.6483,41.6483,43.8431,23.8642,167.274,167.274,201.7542,92.8127
191,cnn,baseline,jetson_emulator,50,local,0.5,50.4276,41.8468,50.4276,51.9467,23.1092,167.274,167.274,204.8497,92.813
192,cnn,baseline,jetson_emulator,50,local,0.5,50.0405,41.8932,50.0405,51.7346,23.1415,167.274,167.274,205.007,92.8077
193,cnn,baseline,jetson_emulator,50,local,0.5,50.1976,42.1878,50.1976,52.2053,23.1284,167.274,167.274,205.1643,92.7653
194,cnn,baseline,jetson_emulator,50,offload,0.5,50.5638,42.1095,42.1095,44.1321,23.8233,167.274,167.274,202.3744,92.9008
195,cnn,baseline,jetson_emulator,50,offload,0.5,50.5742,41.5744,41.5744,44.0451,23.8708,167.274,167.274,202.5295,92.8234
196,cnn,baseline,jetson_emulator,50,local,0.5,50.0168,41.3272,50.0168,52.0048,23.1435,167.274,167.274,205.6363,92.8742
197,cnn,baseline,jetson_emulator,50,local,0.5,50.6331,41.3607,50.6331,51.6792,23.0921,167.274,167.274,205.7936,92.8655
198,cnn,baseline,jetson_emulator,50,local,0.5,50.0921,41.4901,50.0921,52.2438,23.1372,167.274,167.274,205.9509,92.8201
199,cnn,baseline,jetson_emulator,50,offload,0.5,50.3934,42.0721,42.0721,43.8566,23.8266,167.274,167.274,203.1498,92.7439
200,cnn,baseline,jetson_emulator,50,offload,0.5,49.9224,43.1356,43.1356,45.0529,23.7329,167.274,167.274,203.3048,92.8815
201,cnn,baseline,jetson_emulator,50,offload,0.5,50.3354,41.6862,41.6862,43.5827,23.8609,167.274,167.274,203.4599,92.7709
202,cnn,baseline,jetson_emulator,50,local,0.5,51.1996,42.2003,51.1996,54.3644,23.0451,167.274,167.274,206.5802,92.7789
203,cnn,baseline,jetson_emulator,50,local,0.5,50.0559,41.464,50.0559,51.9937,23.1402,167.274,167.274,206.7375,92.8103
204,cnn,baseline,jetson_emulator,50,local,0.5,50.4254,41.8111,50.4254,52.6507,23.1094,167.274,167.274,206.8949,92.7548
205,cnn,baseline,jetson_emulator,50,offload,0.5,50.3376,41.7711,41.7711,42.7843,23.8533,167.274,167.274,204.0801,92.7518
206,cnn,baseline,jetson_emulator,50,local,0.5,50.1511,41.4162,50.1511,51.6561,23.1323,167.274,167.274,207.2095,92.7627
207,cnn,baseline,jetson_emulator,50,offload,0.5,50.0614,41.9896,41.9896,43.3525,23.834,167.274,167.274,204.3903,92.8324
208,cnn,baseline,jetson_emulator,50,local,0.5,50.3577,41.4884,50.3577,51.8791,23.115,167.274,167.274,207.5241,92.8058
209,cnn,baseline,jetson_emulator,50,offload,0.5,51.3492,41.7085,41.7085,43.035,23.8589,167.274,167.274,204.7004,92.7598
210,cnn,baseline,jetson_emulator,50,offload,0.5,50.6541,41.9729,41.9729,44.2865,23.8354,167.274,167.274,204.8554,92.7451
211,cnn,baseline,jetson_emulator,50,offload,0.5,50.6147,41.5801,41.5801,44.1273,23.8703,167.274,167.274,205.0105,92.7966
212,cnn,baseline,jetson_emulator,50,local,0.5,50.1756,41.8963,50.1756,51.6496,23.1302,167.274,167.274,208.1534,92.8023
213,cnn,baseline,jetson_emulator,50,offload,0.5,50.6867,42.9771,42.9771,45.6633,23.7468,167.274,167.274,205.3206,92.819
214,cnn,baseline,jetson_emulator,50,local,0.5,50.4412,42.4906,50.4412,51.7449,23.1081,167.274,167.274,208.4681,92.7487
215,cnn,baseline,jetson_emulator,50,local,0.5,50.8918,42.2499,50.8918,53.329,23.0706,167.274,167.274,208.6254,92.8609
216,cnn,baseline,jetson_emulator,50,offload,0.5,50.333,42.0425,42.0425,45.2666,23.8293,167.274,167.274,205.7858,92.8349
217,cnn,baseline,jetson_emulator,50,offload,0.5,50.893,42.2744,42.2744,45.0893,23.8087,167.274,167.274,205.9409,92.8164
218,cnn,baseline,jetson_emulator,50,local,0.5,50.3287,42.2996,50.3287,52.6544,23.1175,167.274,167.274,209.0974,92.8974
219,cnn,baseline,jetson_emulator,50,offload,0.5,50.3956,42.0083,42.0083,43.4257,23.8323,167.274,167.274,206.251,92.7068
220,cnn,baseline,jetson_emulator,50,offload,0.5,50.6841,42.2167,42.2167,44.1145,23.8138,167.274,167.274,206.4061,92.8503
221,cnn,baseline,jetson_emulator,50,local,0.5,51.0517,41.8581,51.0517,52.9145,23.0574,167.274,167.274,209.5693,92.8359
222,cnn,baseline,jetson_emulator,50,offload,0.5,51.0165,41.8011,41.8011,43.3593,23.8507,167.274,167.274,206.7162,92.8316
223,cnn,baseline,jetson_emulator,50,offload,0.5,51.459,41.9685,41.9685,44.0804,23.8358,167.274,167.274,206.8713,92.7898
224,cnn,baseline,jetson_emulator,50,offload,0.5,50.5821,43.0992,43.0992,44.4256,23.7361,167.274,167.274,207.0263,92.9232
225,cnn,baseline,jetson_emulator,50,offload,0.5,51.038,42.0653,42.0653,43.7095,23.8272,167.274,167.274,207.1814,92.7675
226,cnn,baseline,jetson_emulator,50,local,0.5,51.1566,42.2144,51.1566,53.2797,23.0487,167.274,167.274,210.3559,92.796
227,cnn,baseline,jetson_emulator,50,local,0.5,51.2854,43.1174,51.2854,52.7174,23.038,167.274,167.274,210.5132,92.8154
228,cnn,baseline,jetson_emulator,50,local,0.5,51.4868,42.0717,51.4868,53.4464,23.0213,167.274,167.274,210.6706,92.7685
229,cnn,baseline,jetson_emulator,50,local,0.5,50.8453,43.7448,50.8453,52.5715,23.0745,167.274,167.274,210.8279,92.8597
230,cnn,baseline,jetson_emulator,50,local,0.5,51.0181,42.3441,51.0181,53.3823,23.0601,167.274,167.274,210.9852,92.7032
231,cnn,baseline,jetson_emulator,50,local,0.5,51.1292,42.6,51.1292,52.5626,23.0509,167.274,167.274,211.1425,92.8798
232,cnn,baseline,jetson_emulator,50,local,0.5,51.2692,42.185,51.2692,52.9362,23.0393,167.274,167.274,211.2998,92.7986
233,cnn,baseline,jetson_emulator,50,offload,0.5,51.107,43.2642,43.2642,44.8808,23.7216,167.274,167.274,208.4219,92.7635
234,cnn,baseline,jetson_emulator,50,local,0.5,52.1782,42.8057,52.1782,53.9157,22.9644,167.274,167.274,211.6145,92.7775
235,cnn,baseline,jetson_emulator,50,local,0.5,52.3603,42.8965,52.3603,53.7419,22.9494,167.274,167.274,211.7718,92.8272
236,cnn,baseline,jetson_emulator,50,offload,0.5,52.2067,43.594,43.594,45.3875,23.6927,167.274,167.274,208.8871,92.6877
237,cnn,baseline,jetson_emulator,50,offload,0.5,51.503,43.6834,43.6834,46.4689,23.6848,167.274,167.274,209.0422,92.7628
238,cnn,baseline,jetson_emulator,50,local,0.5,51.8299,44.0679,51.8299,52.9505,22.993,167.274,167.274,212.2438,92.8306
239,cnn,baseline,jetson_emulator,50,offload,0.5,52.3207,43.0213,43.0213,44.9701,23.7429,167.274,167.274,209.3523,92.7545
240,cnn,baseline,jetson_emulator,50,offload,0.5,51.8389,43.688,43.688,45.5641,23.6844,167.274,167.274,209.5073,92.8074
241,cnn,baseline,jetson_emulator,50,offload,0.5,51.9747,43.7836,43.7836,45.5202,23.6761,167.274,167.274,209.6624,92.8541
242,cnn,baseline,jetson_emulator,50,offload,0.5,51.9455,42.8259,42.8259,44.996,23.7601,167.274,167.274,209.8175,92.7774
243,cnn,baseline,jetson_emulator,50,offload,0.5,51.8695,42.8811,42.8811,44.8317,23.7552,167.274,167.274,209.9725,92.8012
244,cnn,baseline,jetson_emulator,50,local,0.5,52.9233,44.0481,52.9233,55.1223,22.9032,167.274,167.274,213.1877,92.806
245,cnn,baseline,jetson_emulator,50,offload,0.5,51.939,44.1629,44.1629,45.4019,23.643,167.274,167.274,210.2827,92.8224
246,cnn,baseline,jetson_emulator,50,offload,0.5,53.2815,43.0284,43.0284,44.9566,23.7423,167.274,167.274,210.4377,92.7125
247,cnn,baseline,jetson_emulator,50,offload,0.5,52.1176,43.8243,43.8243,45.9857,23.6725,167.274,167.274,210.5928,92.7607
248,cnn,baseline,jetson_emulator,50,offload,0.5,53.0075,43.984,43.984,45.4586,23.6586,167.274,167.274,210.7478,92.79
249,cnn,baseline,jetson_emulator,50,offload,0.5,52.5951,43.8848,43.8848,46.2004,23.6672,167.274,167.274,210.9029,92.7201
250,cnn,baseline,jetson_emulator,50,local,0.5,52.9362,43.5174,52.9362,54.5254,22.9022,167.274,167.274,214.1316,92.8919
251,cnn,baseline,jetson_emulator,50,local,0.5,53.2495,43.5951,53.2495,54.9974,22.8766,167.274,167.274,214.289,92.8049
252,cnn,baseline,jetson_emulator,50,local,0.5,53.6405,43.8515,53.6405,55.7021,22.8447,167.274,167.274,214.4463,92.7762
253,cnn,baseline,jetson_emulator,50,offload,0.5,52.5752,43.7165,43.7165,45.5561,23.682,167.274,167.274,211.5232,92.8794
254,cnn,baseline,jetson_emulator,50,offload,0.5,52.8824,45.6548,45.6548,48.2648,23.5136,167.274,167.274,211.6782,92.8617
255,cnn,baseline,jetson_emulator,50,local,0.5,53.838,44.5966,53.838,55.2284,22.8287,167.274,167.274,214.9182,92.7871
256,cnn,baseline,jetson_emulator,50,offload,0.5,53.5328,44.2078,44.2078,45.2613,23.6391,167.274,167.274,211.9883,92.7427
257,cnn,baseline,jetson_emulator,50,local,0.5,53.5174,44.7413,53.5174,55.567,22.8547,167.274,167.274,215.2329,92.7926
258,cnn,baseline,jetson_emulator,50,offload,0.5,53.8115,44.9495,44.9495,46.8684,23.5746,167.274,167.274,212.2985,92.8138
259,cnn,baseline,jetson_emulator,50,local,0.5,53.6684,44.2943,53.6684,55.161,22.8425,167.274,167.274,215.5475,92.7579
260,cnn,baseline,jetson_emulator,50,local,0.5,53.2939,44.6498,53.2939,55.4365,22.873,167.274,167.274,215.7048,92.7866
261,cnn,baseline,jetson_emulator,50,offload,0.5,53.7679,45.27,45.27,47.7812,23.5469,167.274,167.274,212.7637,92.7623
262,cnn,baseline,jetson_emulator,50,offload,0.5,53.8425,44.3758,44.3758,45.9168,23.6244,167.274,167.274,212.9187,92.8279
263,cnn,baseline,jetson_emulator,50,local,0.5,53.6181,44.2421,53.6181,56.5569,22.8465,167.274,167.274,216.1768,92.8078
264,cnn,baseline,jetson_emulator,50,offload,0.5,53.8013,45.1781,45.1781,46.9298,23.5548,167.274,167.274,213.2289,92.6845
265,cnn,baseline,jetson_emulator,50,offload,0.5,53.7135,44.4422,44.4422,46.7091,23.6187,167.274,167.274,213.3839,92.7407
266,cnn,baseline,jetson_emulator,50,offload,0.5,54.5683,45.6612,45.6612,47.6752,23.5131,167.274,167.274,213.539,92.8679
267,cnn,baseline,jetson_emulator,50,local,0.5,55.0518,45.4576,55.0518,56.965,22.7304,167.274,167.274,216.8061,92.8104
268,cnn,baseline,jetson_emulator,50,offload,0.5,54.1098,44.6395,44.6395,46.3093,23.6015,167.274,167.274,213.8491,92.8275
269,cnn,baseline,jetson_emulator,50,local,0.5,55.2591,46.0002,55.2591,57.2418,22.7138,167.274,167.274,217.1207,92.8806
270,cnn,baseline,jetson_emulator,50,offload,0.5,54.6995,45.233,45.233,46.8491,23.5501,167.274,167.274,214.1592,92.8086
271,cnn,baseline,jetson_emulator,50,local,0.5,54.3157,45.1435,54.3157,56.1721,22.7899,167.274,167.274,217.4354,92.7497
272,cnn,baseline,jetson_emulator,50,offload,0.5,54.7713,45.04,45.04,46.7832,23.5668,167.274,167.274,214.4694,92.821
273,cnn,baseline,jetson_emulator,50,local,0.5,54.9483,45.1206,54.9483,56.2096,22.7388,167.274,167.274,217.75,92.9107
274,cnn,baseline,jetson_emulator,50,offload,0.5,55.0472,45.5065,45.5065,47.8524,23.5264,167.274,167.274,214.7795,92.774
275,cnn,baseline,jetson_emulator,50,offload,0.5,54.8016,46.1515,46.1515,48.0807,23.4709,167.274,167.274,214.9345,92.7822
276,cnn,baseline,jetson_emulator,50,local,0.5,55.5911,45.8609,55.5911,57.5857,22.6871,167.274,167.274,218.222,92.8319
277,cnn,baseline,jetson_emulator,50,offload,0.5,55.2501,45.5041,45.5041,47.5201,23.5266,167.274,167.274,215.2447,92.7866
278,cnn,baseline,jetson_emulator,50,offload,0.5,55.9342,45.5111,45.5111,47.7088,23.526,167.274,167.274,215.3997,92.7617
279,cnn,baseline,jetson_emulator,50,local,0.5,55.4635,46.2154,55.4635,57.4716,22.6973,167.274,167.274,218.6939,92.7013
280,cnn,baseline,jetson_emulator,50,offload,0.5,55.3241,46.1964,46.1964,48.2943,23.467,167.274,167.274,215.7099,92.8751
281,cnn,baseline,jetson_emulator,50,offload,0.5,55.6001,45.9889,45.9889,47.698,23.4849,167.274,167.274,215.8649,92.7329
282,cnn,baseline,jetson_emulator,50,local,0.5,56.5315,47.0107,56.5315,58.7054,22.6118,167.274,167.274,219.1659,92.7638
283,cnn,baseline,jetson_emulator,50,offload,0.5,56.2577,46.2088,46.2088,47.8664,23.466,167.274,167.274,216.175,92.8931
284,cnn,baseline,jetson_emulator,50,local,0.5,56.7088,47.0708,56.7088,58.9704,22.5977,167.274,167.274,219.4805,92.7788
285,cnn,baseline,jetson_emulator,50,local,0.5,56.0884,46.5476,56.0884,58.2172,22.6472,167.274,167.274,219.6379,92.8613
286,cnn,baseline,jetson_emulator,50,offload,0.5,56.5161,46.7307,46.7307,48.4826,23.4212,167.274,167.274,216.6402,92.7987
287,cnn,baseline,jetson_emulator,50,local,0.5,56.5597,46.7618,56.5597,58.3983,22.6096,167.274,167.274,219.9525,92.7363
288,cnn,baseline,jetson_emulator,50,local,0.5,56.5498,47.3998,56.5498,58.9809,22.6104,167.274,167.274,220.1098,92.8022
289,cnn,baseline,jetson_emulator,50,offload,0.5,56.3527,47.3172,47.3172,49.6259,23.3712,167.274,167.274,217.1054,92.7903
290,cnn,baseline,jetson_emulator,50,local,0.5,56.4973,46.8966,56.4973,58.3812,22.6146,167.274,167.274,220.4245,92.8157
291,cnn,baseline,jetson_emulator,50,offload,0.5,56.658,46.9731,46.9731,48.8634,23.4005,167.274,167.274,217.4156,92.6992
292,cnn,baseline,jetson_emulator,50,offload,0.5,57.1012,47.9767,47.9767,49.5231,23.3151,167.274,167.274,217.5706,92.7115
293,cnn,baseline,jetson_emulator,50,local,0.5,56.7391,47.4303,56.7391,58.8009,22.5953,167.274,167.274,220.8964,92.7866
294,cnn,baseline,jetson_emulator,50,offload,0.5,57.1526,47.2184,47.2184,49.106,23.3796,167.274,167.274,217.8807,92.8455
295,cnn,baseline,jetson_emulator,50,local,0.5,57.7802,47.5137,57.7802,59.6013,22.5127,167.274,167.274,221.2111,92.7498
296,cnn,baseline,jetson_emulator,50,local,0.5,57.4957,48.2095,57.4957,59.912,22.5352,167.274,167.274,221.3684,92.7532
297,cnn,baseline,jetson_emulator,50,local,0.5,58.1757,47.5769,58.1757,59.7853,22.4815,167.274,167.274,221.5257,92.7209
298,cnn,baseline,jetson_emulator,50,local,0.5,57.7083,48.2015,57.7083,59.2455,22.5184,167.274,167.274,221.683,92.8026
299,cnn,baseline,jetson_emulator,50,local,0.5,57.5096,48.0768,57.5096,59.7311,22.5341,167.274,167.274,221.8404,92.8119
300,cnn,baseline,jetson_emulator,50,offload,0.5,58.4316,48.541,48.541,50.1112,23.2674,167.274,167.274,218.8111,92.6914
301,cnn,baseline,jetson_emulator,50,offload,0.5,57.7007,47.8874,47.8874,49.0246,23.3227,167.274,167.274,218.9662,92.8209
302,cnn,baseline,jetson_emulator,50,local,0.5,57.843,47.7335,57.843,61.0693,22.5078,167.274,167.274,222.3123,92.7142
303,cnn,baseline,jetson_emulator,50,offload,0.5,59.1183,49.0569,49.0569,50.5542,23.2239,167.274,167.274,219.2763,92.8591
304,cnn,baseline,jetson_emulator,50,local,0.5,58.6362,48.8181,58.6362,60.7649,22.4453,167.274,167.274,222.627,92.7784
305,cnn,baseline,jetson_emulator,50,offload,0.5,59.1312,48.5346,48.5346,49.9375,23.2679,167.274,167.274,219.5864,92.7743
306,cnn,baseline,jetson_emulator,50,offload,0.5,58.7095,48.3825,48.3825,50.0685,23.2808,167.274,167.274,219.7415,92.8337
307,cnn,baseline,jetson_emulator,50,local,0.5,58.7211,48.94,58.7211,60.3291,22.4386,167.274,167.274,223.0989,92.7799
308,cnn,baseline,jetson_emulator,50,offload,0.5,59.047,48.8174,48.8174,50.5053,23.2441,167.274,167.274,220.0516,92.7981
309,cnn,baseline,jetson_emulator,50,offload,0.5,58.8425,48.366,48.366,49.6981,23.2822,167.274,167.274,220.2067,92.7081
310,cnn,baseline,jetson_emulator,50,offload,0.5,59.0919,48.6036,48.6036,51.1248,23.2621,167.274,167.274,220.3617,92.7653
311,cnn,baseline,jetson_emulator,50,offload,0.5,59.1648,49.1978,49.1978,51.8317,23.2121,167.274,167.274,220.5168,92.8102
312,cnn,baseline,jetson_emulator,50,local,0.5,58.8172,49.0501,58.8172,60.8775,22.4311,167.274,167.274,223.8855,92.809
313,cnn,baseline,jetson_emulator,50,offload,0.5,60.2101,49.1133,49.1133,51.0525,23.2192,167.274,167.274,220.8269,92.8483
314,cnn,baseline,jetson_emulator,50,local,0.5,60.1877,49.2296,60.1877,62.8837,22.324,167.274,167.274,224.2002,92.7402
315,cnn,baseline,jetson_emulator,50,local,0.5,59.4982,49.1811,59.4982,61.7745,22.3778,167.274,167.274,224.3575,92.7375
316,cnn,baseline,jetson_emulator,50,offload,0.5,59.3882,49.5849,49.5849,51.6549,23.1796,167.274,167.274,221.2921,92.8917
317,cnn,baseline,jetson_emulator,50,offload,0.5,59.5916,49.0805,49.0805,50.444,23.2219,167.274,167.274,221.4472,92.7573
318,cnn,baseline,jetson_emulator,50,offload,0.5,59.9285,49.6229,49.6229,51.5179,23.1764,167.274,167.274,221.6023,92.81
319,cnn,baseline,jetson_emulator,50,offload,0.5,60.085,49.2227,49.2227,51.2471,23.21,167.274,167.274,221.7573,92.7808
320,cnn,baseline,jetson_emulator,50,local,0.5,60.0522,49.6666,60.0522,62.2288,22.3346,167.274,167.274,225.1441,92.7903
321,cnn,baseline,jetson_emulator,50,offload,0.5,60.092,49.5967,49.5967,51.8644,23.1786,167.274,167.274,222.0674,92.7738
322,cnn,baseline,jetson_emulator,50,offload,0.5,60.1946,50.5179,50.5179,52.3691,23.1017,167.274,167.274,222.2225,92.726
323,cnn,baseline,jetson_emulator,50,local,0.5,60.2001,49.7163,60.2001,61.864,22.3231,167.274,167.274,225.6161,92.7913
324,cnn,baseline,jetson_emulator,50,local,0.5,60.5071,50.4404,60.5071,62.8021,22.2992,167.274,167.274,225.7734,92.7908
325,cnn,baseline,jetson_emulator,50,local,0.5,61.0526,50.0581,61.0526,62.7485,22.257,167.274,167.274,225.9307,92.867
326,cnn,baseline,jetson_emulator,50,local,0.5,61.5029,50.27,61.5029,63.8329,22.2223,167.274,167.274,226.088,92.8245
327,cnn,baseline,jetson_emulator,50,local,0.5,61.2825,50.439,61.2825,63.1725,22.2393,167.274,167.274,226.2454,92.753
328,cnn,baseline,jetson_emulator,50,offload,0.5,61.0802,50.6486,50.6486,52.8715,23.0908,167.274,167.274,223.1529,92.6798
329,cnn,baseline,jetson_emulator,50,local,0.5,60.5228,50.0359,60.5228,62.8752,22.298,167.274,167.274,226.56,92.9186
330,cnn,baseline,jetson_emulator,50,local,0.5,60.7664,50.9402,60.7664,63.4377,22.2792,167.274,167.274,226.7173,92.8677
331,cnn,baseline,jetson_emulator,50,local,0.5,61.2745,50.5951,61.2745,63.0823,22.2399,167.274,167.274,226.8746,92.786
332,cnn,baseline,jetson_emulator,50,offload,0.5,60.9623,50.4448,50.4448,52.5409,23.1078,167.274,167.274,223.7731,92.8278
333,cnn,baseline,jetson_emulator,50,offload,0.5,60.8857,50.6857,50.6857,53.1894,23.0877,167.274,167.274,223.9282,92.8523
334,cnn,baseline,jetson_emulator,50,offload,0.5,61.1273,50.691,50.691,52.8772,23.0873,167.274,167.274,224.0833,92.8105
335,cnn,baseline,jetson_emulator,50,offload,0.5,61.5934,50.5062,50.5062,53.0111,23.1027,167.274,167.274,224.2383,92.8209
336,cnn,baseline,jetson_emulator,50,local,0.5,62.1986,50.9885,62.1986,63.4369,22.1689,167.274,167.274,227.6613,92.8222
337,cnn,baseline,jetson_emulator,50,local,0.5,61.3694,51.7229,61.3694,63.7079,22.2326,167.274,167.274,227.8186,92.7321
338,cnn,baseline,jetson_emulator,50,offload,0.5,61.3812,51.7059,51.7059,53.5268,23.0033,167.274,167.274,224.7035,92.859
339,cnn,baseline,jetson_emulator,50,local,0.5,62.6948,50.9582,62.6948,64.7678,22.1309,167.274,167.274,228.1332,92.7887
340,cnn,baseline,jetson_emulator,50,offload,0.5,62.0324,51.3378,51.3378,53.716,23.0337,167.274,167.274,225.0136,92.7853
341,cnn,baseline,jetson_emulator,50,local,0.5,62.3698,51.2981,62.3698,65.1668,22.1557,167.274,167.274,228.4479,92.7573
342,cnn,baseline,jetson_emulator,50,local,0.5,61.7376,51.7153,61.7376,63.6796,22.2042,167.274,167.274,228.6052,92.8321
343,cnn,baseline,jetson_emulator,50,offload,0.5,62.4887,51.5698,51.5698,54.4177,23.0145,167.274,167.274,225.4788,92.8048
344,cnn,baseline,jetson_emulator,50,local,0.5,63.0491,52.0395,63.0491,66.0902,22.1039,167.274,167.274,228.9198,92.7967
345,cnn,baseline,jetson_emulator,50,offload,0.5,62.0807,52.1837,52.1837,54.7214,22.9639,167.274,167.274,225.789,92.8162
346,cnn,baseline,jetson_emulator,50,offload,0.5,62.8579,51.3048,51.3048,52.6335,23.0364,167.274,167.274,225.944,92.818
347,cnn,baseline,jetson_emulator,50,local,0.5,62.7482,52.2437,62.7482,64.5389,22.1268,167.274,167.274,229.3918,92.8288
348,cnn,baseline,jetson_emulator,50,offload,0.5,63.2867,51.459,51.459,52.9542,23.0236,167.274,167.274,226.2541,92.736
349,cnn,baseline,jetson_emulator,50,local,0.5,62.5622,51.8588,62.5622,64.7224,22.141,167.274,167.274,229.7064,92.8537
350,cnn,baseline,jetson_emulator,50,local,0.5,62.881,52.2278,62.881,64.7243,22.1167,167.274,167.274,229.8637,92.8459
351,cnn,baseline,jetson_emulator,50,local,0.5,62.5659,52.8522,62.5659,66.0746,22.1407,167.274,167.274,230.0211,92.7487
352,cnn,baseline,jetson_emulator,50,local,0.5,62.6339,52.3302,62.6339,64.8445,22.1355,167.274,167.274,230.1784,92.7707
353,cnn,baseline,jetson_emulator,50,offload,0.5,62.4493,52.8087,52.8087,54.0077,22.9126,167.274,167.274,227.0295,92.8558
354,cnn,baseline,jetson_emulator,50,local,0.5,62.9285,53.2111,62.9285,64.6292,22.1131,167.274,167.274,230.493,92.7299
355,cnn,baseline,jetson_emulator,50,offload,0.5,64.0816,52.2,52.2,53.7573,22.9626,167.274,167.274,227.3396,92.8084
356,cnn,baseline,jetson_emulator,50,local,0.5,63.8554,52.2023,63.8554,65.7837,22.0426,167.274,167.274,230.8077,92.844
357,cnn,baseline,jetson_emulator,50,offload,0.5,64.0058,53.1041,53.1041,54.6576,22.8885,167.274,167.274,227.6497,92.7058
358,cnn,baseline,jetson_emulator,50,local,0.5,63.3333,53.0059,63.3333,65.2876,22.0822,167.274,167.274,231.1223,92.7323
359,cnn,baseline,jetson_emulator,50,offload,0.5,63.2349,52.4666,52.4666,54.5561,22.9407,167.274,167.274,227.9598,92.8498
360,cnn,baseline,jetson_emulator,50,offload,0.5,63.6422,52.4256,52.4256,54.4272,22.944,167.274,167.274,228.1149,92.864
361,cnn,baseline,jetson_emulator,50,offload,0.5,63.1136,53.1184,53.1184,55.8746,22.8873,167.274,167.274,228.27,92.8161
362,cnn,baseline,jetson_emulator,50,local,0.5,63.0518,52.8775,63.0518,65.0188,22.1037,167.274,167.274,231.7516,92.857
363,cnn,baseline,jetson_emulator,50,local,0.5,63.1407,53.3503,63.1407,64.7159,22.0969,167.274,167.274,231.9089,92.8593
364,cnn,baseline,jetson_emulator,50,local,0.5,63.0542,52.6274,63.0542,65.484,22.1035,167.274,167.274,232.0662,92.681
365,cnn,baseline,jetson_emulator,50,offload,0.5,63.504,53.0215,53.0215,55.022,22.8952,167.274,167.274,228.8902,92.801
366,cnn,baseline,jetson_emulator,50,local,0.5,63.2486,52.657,63.2486,65.3947,22.0887,167.274,167.274,232.3809,92.7708
367,cnn,baseline,jetson_emulator,50,local,0.5,63.7069,52.6805,63.7069,65.4025,22.0539,167.274,167.274,232.5382,92.7702
368,cnn,baseline,jetson_emulator,50,offload,0.5,63.4829,53.1837,53.1837,55.242,22.882,167.274,167.274,229.3554,92.7811
369,cnn,baseline,jetson_emulator,50,local,0.5,63.7625,52.5216,63.7625,65.0681,22.0496,167.274,167.274,232.8529,92.6762
370,cnn,baseline,jetson_emulator,50,local,0.5,63.6816,53.5643,63.6816,64.7112,22.0558,167.274,167.274,233.0102,92.7957
371,cnn,baseline,jetson_emulator,50,offload,0.5,63.9392,52.6383,52.6383,54.6305,22.9266,167.274,167.274,229.8206,92.754
372,cnn,baseline,jetson_emulator,50,offload,0.5,64.1418,54.5807,54.5807,56.4158,22.7685,167.274,167.274,229.9757,92.7842
373,cnn,baseline,jetson_emulator,50,offload,0.5,63.4913,52.8671,52.8671,54.7376,22.9078,167.274,167.274,230.1307,92.7991
374,cnn,baseline,jetson_emulator,50,offload,0.5,64.3758,52.7963,52.7963,54.9224,22.9136,167.274,167.274,230.2858,92.8477
375,cnn,baseline,jetson_emulator,50,local,0.5,64.6915,54.3485,64.6915,66.4865,21.9794,167.274,167.274,233.7968,92.8192
376,cnn,baseline,jetson_emulator,50,offload,0.5,64.2735,53.0803,53.0803,55.7979,22.8904,167.274,167.274,230.5959,92.8439
377,cnn,baseline,jetson_emulator,50,local,0.5,64.2899,52.7782,64.2899,67.0882,22.0097,167.274,167.274,234.1114,92.7856
378,cnn,baseline,jetson_emulator,50,local,0.5,63.8683,52.7936,63.8683,65.5897,22.0416,167.274,167.274,234.2687,92.7733
379,cnn,baseline,jetson_emulator,50,local,0.5,63.8205,53.1884,63.8205,66.2559,22.0452,167.274,167.274,234.4261,92.8491
380,cnn,baseline,jetson_emulator,50,local,0.5,64.0882,53.5165,64.0882,66.2038,22.025,167.274,167.274,234.5834,92.8001
381,cnn,baseline,jetson_emulator,50,offload,0.5,63.7757,53.6044,53.6044,56.0209,22.8477,167.274,167.274,231.3712,92.796
382,cnn,baseline,jetson_emulator,50,local,0.5,64.1567,53.8793,64.1567,67.3349,22.0198,167.274,167.274,234.898,92.8913
383,cnn,baseline,jetson_emulator,50,offload,0.5,64.5322,52.9125,52.9125,54.4989,22.9041,167.274,167.274,231.6813,92.6966
384,cnn,baseline,jetson_emulator,50,offload,0.5,64.8356,54.0036,54.0036,55.7871,22.8152,167.274,167.274,231.8364,92.7718
385,cnn,baseline,jetson_emulator,50,offload,0.5,63.9721,53.7912,53.7912,56.3421,22.8325,167.274,167.274,231.9915,92.7936
386,cnn,baseline,jetson_emulator,50,local,0.5,64.0761,52.8347,64.0761,65.4832,22.0259,167.274,167.274,235.5273,92.7857
387,cnn,baseline,jetson_emulator,50,local,0.5,63.8502,52.7867,63.8502,66.1858,22.043,167.274,167.274,235.6846,92.7987
388,cnn,baseline,jetson_emulator,50,offload,0.5,63.9092,54.4347,54.4347,56.5796,22.7803,167.274,167.274,232.4567,92.8684
389,cnn,baseline,jetson_emulator,50,local,0.5,63.9636,53.6637,63.9636,65.7288,22.0344,167.274,167.274,235.9993,92.831
390,cnn,baseline,jetson_emulator,50,local,0.5,64.3019,53.2584,64.3019,66.1532,22.0088,167.274,167.274,236.1566,92.8455
391,cnn,baseline,jetson_emulator,50,offload,0.5,64.0432,54.1778,54.1778,55.9633,22.8011,167.274,167.274,232.9219,92.6733
392,cnn,baseline,jetson_emulator,50,offload,0.5,64.79,53.598,53.598,55.5063,22.8482,167.274,167.274,233.0769,92.8449
393,cnn,baseline,jetson_emulator,50,offload,0.5,64.8098,54.1649,54.1649,56.1815,22.8021,167.274,167.274,233.232,92.7375
394,cnn,baseline,jetson_emulator,50,offload,0.5,64.5741,53.6652,53.6652,54.5698,22.8427,167.274,167.274,233.387,92.8485
395,cnn,baseline,jetson_emulator,50,offload,0.5,63.9355,53.2786,53.2786,55.1389,22.8742,167.274,167.274,233.5421,92.875
396,cnn,baseline,jetson_emulator,50,offload,0.5,64.0594,53.4295,53.4295,55.218,22.8619,167.274,167.274,233.6972,92.789
397,cnn,baseline,jetson_emulator,50,offload,0.5,64.4687,53.4264,53.4264,55.2257,22.8622,167.274,167.274,233.8522,92.8023
398,cnn,baseline,jetson_emulator,50,offload,0.5,64.9614,53.6794,53.6794,55.442,22.8416,167.274,167.274,234.0073,92.8485
399,cnn,baseline,jetson_emulator,50,local,0.5,64.1043,54.1227,64.1043,66.2643,22.0238,167.274,167.274,237.5725,92.7782
400,cnn,baseline,jetson_emulator,50,local,0.5,64.2673,54.5189,64.2673,65.4311,22.0114,167.274,167.274,237.7298,92.8079
401,cnn,baseline,jetson_emulator,50,local,0.5,64.4606,53.4892,64.4606,66.8174,21.9968,167.274,167.274,237.8871,92.6913
402,cnn,baseline,jetson_emulator,50,local,0.5,64.3417,53.5237,64.3417,66.7113,22.0058,167.274,167.274,238.0445,92.7724
403,cnn,baseline,jetson_emulator,50,offload,0.5,64.2836,53.0075,53.0075,54.3026,22.8964,167.274,167.274,234.7826,92.7915
404,cnn,baseline,jetson_emulator,50,local,0.5,64.8577,53.7666,64.8577,66.4516,21.9669,167.274,167.274,238.3591,92.7725
405,cnn,baseline,jetson_emulator,50,local,0.5,64.7683,53.4855,64.7683,67.0883,21.9737,167.274,167.274,238.5164,92.8857
406,cnn,baseline,jetson_emulator,50,offload,0.5,64.0732,54.3232,54.3232,56.4282,22.7893,167.274,167.274,235.2478,92.8334
407,cnn,baseline,jetson_emulator,50,offload,0.5,64.4407,54.5181,54.5181,56.5839,22.7735,167.274,167.274,235.4029,92.7829
408,cnn,baseline,jetson_emulator,50,offload,0.5,64.197,54.2026,54.2026,56.315,22.7991,167.274,167.274,235.5579,92.7925
409,cnn,baseline,jetson_emulator,50,offload,0.5,64.148,53.5938,53.5938,55.6058,22.8485,167.274,167.274,235.713,92.8266
410,cnn,baseline,jetson_emulator,50,offload,0.5,64.1682,54.2213,54.2213,56.4205,22.7976,167.274,167.274,235.868,92.8171
411,cnn,baseline,jetson_emulator,50,offload,0.5,64.3903,52.9223,52.9223,53.9953,22.9033,167.274,167.274,236.0231,92.8239
412,cnn,baseline,jetson_emulator,50,local,0.5,64.1042,53.0105,64.1042,65.8479,22.0238,167.274,167.274,239.6177,92.8318
413,cnn,baseline,jetson_emulator,50,offload,0.5,64.5657,53.0325,53.0325,54.7677,22.8943,167.274,167.274,236.3332,92.7412
414,cnn,baseline,jetson_emulator,50,offload,0.5,64.292,53.5934,53.5934,55.6964,22.8486,167.274,167.274,236.4883,92.8471
415,cnn,baseline,jetson_emulator,50,local,0.5,64.2453,53.4921,64.2453,65.8568,22.0131,167.274,167.274,240.0896,92.7364
416,cnn,baseline,jetson_emulator,50,offload,0.5,64.0883,53.0548,53.0548,55.3645,22.8925,167.274,167.274,236.7984,92.7968
417,cnn,baseline,jetson_emulator,50,local,0.5,64.6682,53.8792,64.6682,65.8536,21.9812,167.274,167.274,240.4043,92.7753
418,cnn,baseline,jetson_emulator,50,local,0.5,64.175,52.9078,64.175,66.9339,22.0184,167.274,167.274,240.5616,92.7904
419,cnn,baseline,jetson_emulator,50,offload,0.5,65.0403,53.4303,53.4303,55.7305,22.8618,167.274,167.274,237.2636,92.8225
420,cnn,baseline,jetson_emulator,50,local,0.5,64.7467,53.6667,64.7467,67.2551,21.9753,167.274,167.274,240.8762,92.7522
421,cnn,baseline,jetson_emulator,50,offload,0.5,64.4279,53.8921,53.8921,55.8833,22.8243,167.274,167.274,237.5737,92.794
422,cnn,baseline,jetson_emulator,50,local,0.5,64.1366,53.0249,64.1366,66.6324,22.0213,167.274,167.274,241.1909,92.7899
423,cnn,baseline,jetson_emulator,50,local,0.5,65.505,52.8699,65.505,67.6165,21.9183,167.274,167.274,241.3482,92.8372
424,cnn,baseline,jetson_emulator,50,local,0.5,64.6981,53.1113,64.6981,66.6383,21.9789,167.274,167.274,241.5055,92.7291
425,cnn,baseline,jetson_emulator,50,offload,0.5,64.0806,53.8685,53.8685,55.8462,22.8262,167.274,167.274,238.194,92.7468
426,cnn,baseline,jetson_emulator,50,local,0.5,64.4072,53.7226,64.4072,65.9496,22.0009,167.274,167.274,241.8202,92.7879
427,cnn,baseline,jetson_emulator,50,local,0.5,64.0635,52.8757,64.0635,66.1029,22.0268,167.274,167.274,241.9775,92.7845
428,cnn,baseline,jetson_emulator,50,local,0.5,63.8713,53.3587,63.8713,66.165,22.0414,167.274,167.274,242.1348,92.7425
429,cnn,baseline,jetson_emulator,50,offload,0.5,64.0727,54.2039,54.2039,56.5777,22.799,167.274,167.274,238.8142,92.855
430,cnn,baseline,jetson_emulator,50,offload,0.5,64.5805,53.2825,53.2825,54.999,22.8739,167.274,167.274,238.9693,92.8106
431,cnn,baseline,jetson_emulator,50,offload,0.5,63.9563,54.0391,54.0391,55.6383,22.8123,167.274,167.274,239.1244,92.8035
432,cnn,baseline,jetson_emulator,50,offload,0.5,64.0153,53.8554,53.8554,56.1524,22.8272,167.274,167.274,239.2794,92.7879
433,cnn,baseline,jetson_emulator,50,local,0.5,64.2016,53.9124,64.2016,66.3424,22.0164,167.274,167.274,242.9214,92.7366
434,cnn,baseline,jetson_emulator,50,offload,0.5,64.3893,53.2133,53.2133,55.9384,22.8795,167.274,167.274,239.5896,92.8336
435,cnn,baseline,jetson_emulator,50,local,0.5,64.3449,53.9511,64.3449,67.0364,22.0056,167.274,167.274,243.2361,92.8355
436,cnn,baseline,jetson_emulator,50,offload,0.5,64.7705,53.446,53.446,55.7455,22.8606,167.274,167.274,239.8997,92.7935
437,cnn,baseline,jetson_emulator,50,local,0.5,63.8453,52.7475,63.8453,66.0428,22.0434,167.274,167.274,243.5507,92.7343
438,cnn,baseline,jetson_emulator,50,offload,0.5,64.4076,52.9013,52.9013,55.2581,22.905,167.274,167.274,240.2098,92.8662
439,cnn,baseline,jetson_emulator,50,local,0.5,64.4401,53.2157,64.4401,67.084,21.9984,167.274,167.274,243.8653,92.7924
440,cnn,baseline,jetson_emulator,50,offload,0.5,64.6428,52.7715,52.7715,54.9877,22.9157,167.274,167.274,240.5199,92.7795
441,cnn,baseline,jetson_emulator,50,offload,0.5,64.0289,53.2955,53.2955,54.9217,22.8728,167.274,167.274,240.675,92.855
442,cnn,baseline,jetson_emulator,50,offload,0.5,64.3668,52.7404,52.7404,54.7225,22.9182,167.274,167.274,240.8301,92.8445
443,cnn,baseline,jetson_emulator,50,local,0.5,64.3551,52.9693,64.3551,66.3269,22.0048,167.274,167.274,244.4946,92.8288
444,cnn,baseline,jetson_emulator,50,local,0.5,64.2852,53.3912,64.2852,66.4377,22.0101,167.274,167.274,244.6519,92.8281
445,cnn,baseline,jetson_emulator,50,offload,0.5,64.499,53.938,53.938,55.7186,22.8205,167.274,167.274,241.2953,92.7805
446,cnn,baseline,jetson_emulator,50,offload,0.5,64.4949,52.9349,52.9349,54.4675,22.9023,167.274,167.274,241.4503,92.6708
447,cnn,baseline,jetson_emulator,50,local,0.5,65.0868,54.5798,65.0868,67.2788,21.9497,167.274,167.274,245.1239,92.7357
448,cnn,baseline,jetson_emulator,50,offload,0.5,63.7973,53.3972,53.3972,54.6518,22.8645,167.274,167.274,241.7604,92.7579
449,cnn,baseline,jetson_emulator,50,local,0.5,63.9486,54.2449,63.9486,66.0998,22.0355,167.274,167.274,245.4385,92.8357
450,cnn,baseline,jetson_emulator,50,offload,0.5,63.8118,52.9064,52.9064,55.6023,22.9046,167.274,167.274,242.0706,92.8184
451,cnn,baseline,jetson_emulator,50,local,0.5,63.7626,53.2088,63.7626,65.5873,22.0496,167.274,167.274,245.7532,92.7662
452,cnn,baseline,jetson_emulator,50,offload,0.5,65.2185,54.1054,54.1054,56.5372,22.8069,167.274,167.274,242.3807,92.7852
453,cnn,baseline,jetson_emulator,50,local,0.5,64.1837,54.5582,64.1837,65.8419,22.0178,167.274,167.274,246.0678,92.7309
454,cnn,baseline,jetson_emulator,50,offload,0.5,64.3654,53.7589,53.7589,55.2264,22.8351,167.274,167.274,242.6908,92.7772
455,cnn,baseline,jetson_emulator,50,offload,0.5,64.1309,53.4618,53.4618,55.2012,22.8593,167.274,167.274,242.8459,92.7227
456,cnn,baseline,jetson_emulator,50,local,0.5,64.0254,53.5952,64.0254,65.8509,22.0297,167.274,167.274,246.5398,92.8215
457,cnn,baseline,jetson_emulator,50,local,0.5,63.7205,53.8381,63.7205,65.9522,22.0528,167.274,167.274,246.6971,92.7943
458,cnn,baseline,jetson_emulator,50,offload,0.5,64.4391,53.3578,53.3578,55.5844,22.8677,167.274,167.274,243.3111,92.7763
459,cnn,baseline,jetson_emulator,50,offload,0.5,64.6781,54.3848,54.3848,55.4986,22.7843,167.274,167.274,243.4661,92.7909
460,cnn,baseline,jetson_emulator,50,offload,0.5,63.9151,53.1214,53.1214,56.0845,22.887,167.274,167.274,243.6212,92.7898
461,cnn,baseline,jetson_emulator,50,offload,0.5,63.9184,53.6187,53.6187,55.6463,22.8465,167.274,167.274,243.7763,92.8885
462,cnn,baseline,jetson_emulator,50,offload,0.5,64.4492,53.0795,53.0795,54.8864,22.8905,167.274,167.274,243.9313,92.7947
463,cnn,baseline,jetson_emulator,50,local,0.5,64.2918,52.871,64.2918,66.6639,22.0096,167.274,167.274,247.641,92.8234
464,cnn,baseline,jetson_emulator,50,local,0.5,63.8495,52.6949,63.8495,65.712,22.0431,167.274,167.274,247.7984,92.7924
465,cnn,baseline,jetson_emulator,50,local,0.5,63.7978,52.901,63.7978,65.7746,22.047,167.274,167.274,247.9557,92.7843
466,cnn,baseline,jetson_emulator,50,local,0.5,64.7055,53.0922,64.7055,67.0024,21.9784,167.274,167.274,248.113,92.7075
467,cnn,baseline,jetson_emulator,50,offload,0.5,63.8382,54.0388,54.0388,55.3869,22.8124,167.274,167.274,244.7066,92.8064
468,cnn,baseline,jetson_emulator,50,offload,0.5,64.088,53.0061,53.0061,55.0324,22.8965,167.274,167.274,244.8617,92.8285
469,cnn,baseline,jetson_emulator,50,offload,0.5,64.3053,54.1287,54.1287,56.51,22.8051,167.274,167.274,245.0168,92.8014
470,cnn,baseline,jetson_emulator,50,offload,0.5,64.5361,53.3845,53.3845,55.483,22.8656,167.274,167.274,245.1718,92.79
471,cnn,baseline,jetson_emulator,50,local,0.5,64.4333,53.0537,64.4333,66.2802,21.9989,167.274,167.274,248.8996,92.7521
472,cnn,baseline,jetson_emulator,50,local,0.5,64.4464,52.7906,64.4464,66.3283,21.9979,167.274,167.274,249.0569,92.7485
473,cnn,baseline,jetson_emulator,50,offload,0.5,64.6128,53.5149,53.5149,56.1099,22.8549,167.274,167.274,245.637,92.8147
474,cnn,baseline,jetson_emulator,50,local,0.5,64.4969,53.2493,64.4969,65.7451,21.9941,167.274,167.274,249.3716,92.8597
475,cnn,baseline,jetson_emulator,50,local,0.5,64.0349,53.472,64.0349,66.1975,22.029,167.274,167.274,249.5289,92.8439
476,cnn,baseline,jetson_emulator,50,local,0.5,64.0265,54.0533,64.0265,66.3448,22.0296,167.274,167.274,249.6862,92.8012
477,cnn,baseline,jetson_emulator,50,offload,0.5,64.1139,53.369,53.369,55.4009,22.8668,167.274,167.274,246.2573,92.7042
478,cnn,baseline,jetson_emulator,50,local,0.5,64.1709,53.3734,64.1709,66.2077,22.0187,167.274,167.274,250.0009,92.8324
479,cnn,baseline,jetson_emulator,50,local,0.5,64.4458,53.7507,64.4458,66.5206,21.998,167.274,167.274,250.1582,92.7949
480,cnn,baseline,jetson_emulator,50,offload,0.5,64.3984,52.9126,52.9126,55.0716,22.9041,167.274,167.274,246.7225,92.7875
481,cnn,baseline,jetson_emulator,50,local,0.5,64.576,54.4529,64.576,66.7413,21.9881,167.274,167.274,250.4728,92.7749
482,cnn,baseline,jetson_emulator,50,offload,0.5,64.6073,53.8937,53.8937,56.0116,22.8241,167.274,167.274,247.0326,92.8176
483,cnn,baseline,jetson_emulator,50,offload,0.5,64.2028,53.3619,53.3619,55.3042,22.8674,167.274,167.274,247.1876,92.7614
484,cnn,baseline,jetson_emulator,50,offload,0.5,64.3669,54.4955,54.4955,56.0148,22.7754,167.274,167.274,247.3427,92.8293
485,cnn,baseline,jetson_emulator,50,local,0.5,64.78,53.9561,64.78,66.7729,21.9728,167.274,167.274,251.1021,92.7305
486,cnn,baseline,jetson_emulator,50,offload,0.5,64.3568,53.6767,53.6767,55.8785,22.8418,167.274,167.274,247.6528,92.7059
487,cnn,baseline,jetson_emulator,50,local,0.5,64.846,53.5017,64.846,67.0974,21.9678,167.274,167.274,251.4168,92.7674
488,cnn,baseline,jetson_emulator,50,offload,0.5,64.7627,53.2532,53.2532,55.696,22.8763,167.274,167.274,247.963,92.775
489,cnn,baseline,jetson_emulator,50,offload,0.5,64.4804,53.7098,53.7098,55.203,22.8391,167.274,167.274,248.118,92.7671
490,cnn,baseline,jetson_emulator,50,offload,0.5,64.4294,54.693,54.693,56.7278,22.7594,167.274,167.274,248.2731,92.7836
491,cnn,baseline,jetson_emulator,50,local,0.5,64.944,53.9549,64.944,66.0743,21.9604,167.274,167.274,252.046,92.7857
492,cnn,baseline,jetson_emulator,50,local,0.5,64.7621,53.3479,64.7621,66.8244,21.9741,167.274,167.274,252.2034,92.7979
493,cnn,baseline,jetson_emulator,50,local,0.5,64.9332,53.661,64.9332,67.2591,21.9612,167.274,167.274,252.3607,92.8277
494,cnn,baseline,jetson_emulator,50,local,0.5,65.0213,53.4571,65.0213,66.421,21.9546,167.274,167.274,252.518,92.82
495,cnn,baseline,jetson_emulator,50,local,0.5,64.718,53.8867,64.718,67.1122,21.9774,167.274,167.274,252.6753,92.7547
496,cnn,baseline,jetson_emulator,50,local,0.5,65.1162,54.394,65.1162,66.7767,21.9475,167.274,167.274,252.8326,92.8101
497,cnn,baseline,jetson_emulator,50,local,0.5,64.7075,54.0462,64.7075,66.729,21.9782,167.274,167.274,252.99,92.7205
498,cnn,baseline,jetson_emulator,50,local,0.5,65.1238,53.9921,65.1238,66.7397,21.9469,167.274,167.274,253.1473,92.8323
499,cnn,baseline,jetson_emulator,50,offload,0.5,65.4763,53.7728,53.7728,55.3998,22.834,167.274,167.274,249.6687,92.7577
500,cnn,baseline,jetson_emulator,50,local,0.5,64.9267,53.9569,64.9267,66.3828,21.9617,167.274,167.274,253.4619,92.7249
501,cnn,baseline,jetson_emulator,50,local,0.5,65.1005,53.6212,65.1005,66.6717,21.9487,167.274,167.274,253.6192,92.8455
502,cnn,baseline,jetson_emulator,50,local,0.5,65.11,53.6849,65.11,66.3598,21.948,167.274,167.274,253.7766,92.7715
503,cnn,baseline,jetson_emulator,50,local,0.5,64.973,53.9893,64.973,67.0944,21.9583,167.274,167.274,253.9339,92.7478
504,cnn,baseline,jetson_emulator,50,offload,0.5,65.2003,54.4306,54.4306,56.9668,22.7806,167.274,167.274,250.444,92.8248
505,cnn,baseline,jetson_emulator,50,offload,0.5,65.5857,54.8745,54.8745,57.0383,22.7447,167.274,167.274,250.599,92.7905
506,cnn,baseline,jetson_emulator,50,offload,0.5,65.6149,54.2794,54.2794,56.2083,22.7928,167.274,167.274,250.7541,92.7914
507,cnn,baseline,jetson_emulator,50,local,0.5,65.8054,54.3486,65.8054,68.0008,21.8958,167.274,167.274,254.5632,92.7498
508,cnn,baseline,jetson_emulator,50,offload,0.5,65.6728,55.5576,55.5576,57.9047,22.6898,167.274,167.274,251.0642,92.8277
509,cnn,baseline,jetson_emulator,50,offload,0.5,66.4532,54.5751,54.5751,57.7266,22.7689,167.274,167.274,251.2193,92.7719
510,cnn,baseline,jetson_emulator,50,local,0.5,66.3054,55.3558,66.3054,68.1227,21.8585,167.274,167.274,255.0351,92.7737
511,cnn,baseline,jetson_emulator,50,offload,0.5,65.7197,54.3833,54.3833,56.627,22.7844,167.274,167.274,251.5294,92.8266
512,cnn,baseline,jetson_emulator,50,local,0.5,65.5583,54.7988,65.5583,66.8764,21.9143,167.274,167.274,255.3498,92.8243
513,cnn,baseline,jetson_emulator,50,local,0.5,65.6364,54.5136,65.6364,67.8548,21.9085,167.274,167.274,255.5071,92.7948
514,cnn,baseline,jetson_emulator,50,offload,0.5,65.7163,54.6681,54.6681,55.6433,22.7614,167.274,167.274,251.9946,92.8303
515,cnn,baseline,jetson_emulator,50,local,0.5,66.2706,54.9107,66.2706,67.4361,21.8611,167.274,167.274,255.8217,92.7541
516,cnn,baseline,jetson_emulator,50,offload,0.5,66.2561,54.9039,54.9039,57.1406,22.7424,167.274,167.274,252.3047,92.7749
517,cnn,baseline,jetson_emulator,50,offload,0.5,66.943,54.6581,54.6581,56.3335,22.7622,167.274,167.274,252.4598,92.9028
518,cnn,baseline,jetson_emulator,50,offload,0.5,66.6167,54.5011,54.5011,56.3392,22.7749,167.274,167.274,252.6149,92.7672
519,cnn,baseline,jetson_emulator,50,local,0.5,66.6793,55.3759,66.6793,68.0288,21.8307,167.274,167.274,256.451,92.745
520,cnn,baseline,jetson_emulator,50,local,0.5,66.1988,56.3454,66.1988,67.1873,21.8665,167.274,167.274,256.6084,92.7458
521,cnn,baseline,jetson_emulator,50,offload,0.5,66.6842,54.9963,54.9963,57.0872,22.7349,167.274,167.274,253.08,92.7975
522,cnn,baseline,jetson_emulator,50,offload,0.5,66.472,55.5895,55.5895,57.1492,22.6872,167.274,167.274,253.2351,92.8304
523,cnn,baseline,jetson_emulator,50,offload,0.5,66.9781,54.8554,54.8554,57.7633,22.7463,167.274,167.274,253.3902,92.6757
524,cnn,baseline,jetson_emulator,50,offload,0.5,66.826,55.1882,55.1882,57.4318,22.7195,167.274,167.274,253.5452,92.8109
525,cnn,baseline,jetson_emulator,50,local,0.5,66.9333,55.4981,66.9333,68.0105,21.8118,167.274,167.274,257.395,92.7774
526,cnn,baseline,jetson_emulator,50,offload,0.5,66.572,55.6123,55.6123,57.4419,22.6854,167.274,167.274,253.8554,92.749
527,cnn,baseline,jetson_emulator,50,local,0.5,68.008,55.8468,68.008,69.9441,21.7324,167.274,167.274,257.7096,92.7679
528,cnn,baseline,jetson_emulator,50,offload,0.5,67.2692,55.3613,55.3613,57.0689,22.7055,167.274,167.274,254.1655,92.8229
529,cnn,baseline,jetson_emulator,50,local,0.5,67.1309,56.0334,67.1309,68.5318,21.7972,167.274,167.274,258.0242,92.8114
530,cnn,baseline,jetson_emulator,50,offload,0.5,67.4737,55.8249,55.8249,58.2258,22.6683,167.274,167.274,254.4756,92.7784
531,cnn,baseline,jetson_emulator,50,offload,0.5,67.3517,55.4739,55.4739,57.36,22.6965,167.274,167.274,254.6307,92.8901
532,cnn,baseline,jetson_emulator,50,offload,0.5,67.2331,56.1539,56.1539,58.6687,22.642,167.274,167.274,254.7857,92.8729
533,cnn,baseline,jetson_emulator,50,local,0.5,67.3501,56.1037,67.3501,68.8493,21.781,167.274,167.274,258.6535,92.875
534,cnn,baseline,jetson_emulator,50,local,0.5,67.2549,56.215,67.2549,67.8306,21.788,167.274,167.274,258.8108,92.7156
535,cnn,baseline,jetson_emulator,50,local,0.5,67.6703,55.9176,67.6703,69.6782,21.7573,167.274,167.274,258.9682,92.7719
536,cnn,baseline,jetson_emulator,50,offload,0.5,67.6628,56.1488,56.1488,58.3,22.6424,167.274,167.274,255.406,92.8078
537,cnn,baseline,jetson_emulator,50,local,0.5,67.6372,55.8712,67.6372,70.0181,21.7597,167.274,167.274,259.2828,92.8072
538,cnn,baseline,jetson_emulator,50,local,0.5,68.2148,57.3546,68.2148,69.6922,21.7172,167.274,167.274,259.4401,92.7859
539,cnn,baseline,jetson_emulator,50,local,0.5,67.7711,56.7134,67.7711,69.1897,21.7499,167.274,167.274,259.5975,92.7626
540,cnn,baseline,jetson_emulator,50,local,0.5,68.5011,56.5442,68.5011,70.3311,21.6961,167.274,167.274,259.7548,92.7748
541,cnn,baseline,jetson_emulator,50,offload,0.5,68.171,57.6987,57.6987,60.3643,22.5192,167.274,167.274,256.1813,92.8384
542,cnn,baseline,jetson_emulator,50,offload,0.5,68.502,57.0959,57.0959,58.8301,22.5669,167.274,167.274,256.3364,92.661
543,cnn,baseline,jetson_emulator,50,offload,0.5,68.9051,57.3599,57.3599,59.0228,22.546,167.274,167.274,256.4914,92.7045
544,cnn,baseline,jetson_emulator,50,local,0.5,68.5522,56.7828,68.5522,70.7995,21.6924,167.274,167.274,260.3841,92.8225
545,cnn,baseline,jetson_emulator,50,local,0.5,68.4653,58.5113,68.4653,70.4256,21.6988,167.274,167.274,260.5414,92.8333
546,cnn,baseline,jetson_emulator,50,offload,0.5,68.9265,57.2145,57.2145,58.0318,22.5575,167.274,167.274,256.9566,92.8333
547,cnn,baseline,jetson_emulator,50,local,0.5,69.3326,57.2541,69.3326,70.8513,21.6353,167.274,167.274,260.856,92.8902
548,cnn,baseline,jetson_emulator,50,offload,0.5,68.6415,57.3638,57.3638,59.0571,22.5457,167.274,167.274,257.2667,92.8775
549,cnn,baseline,jetson_emulator,50,local,0.5,69.4189,57.0742,69.4189,71.4512,21.629,167.274,167.274,261.1707,92.8301
550,cnn,baseline,jetson_emulator,50,offload,0.5,69.2466,57.4762,57.4762,59.0219,22.5368,167.274,167.274,257.5769,92.739
551,cnn,baseline,jetson_emulator,50,local,0.5,68.8676,57.167,68.8676,70.9437,21.6693,167.274,167.274,261.4853,92.8281
552,cnn,baseline,jetson_emulator,50,offload,0.5,69.289,57.1492,57.1492,59.1778,22.5627,167.274,167.274,257.887,92.7385
553,cnn,baseline,jetson_emulator,50,local,0.5,69.1426,57.8667,69.1426,71.1222,21.6492,167.274,167.274,261.8,92.7646
554,cnn,baseline,jetson_emulator,50,local,0.5,70.0452,57.4252,70.0452,72.019,21.5834,167.274,167.274,261.9573,92.8437
555,cnn,baseline,jetson_emulator,50,offload,0.5,69.5815,58.6435,58.6435,61.0876,22.4447,167.274,167.274,258.3522,92.8161
556,cnn,baseline,jetson_emulator,50,local,0.5,69.6764,58.1847,69.6764,71.622,21.6102,167.274,167.274,262.2719,92.7487
557,cnn,baseline,jetson_emulator,50,local,0.5,69.5315,57.6973,69.5315,71.3332,21.6208,167.274,167.274,262.4292,92.7237
558,cnn,baseline,jetson_emulator,50,local,0.5,70.0006,58.2828,70.0006,72.853,21.5866,167.274,167.274,262.5866,92.8231
559,cnn,baseline,jetson_emulator,50,offload,0.5,69.9459,58.0511,58.0511,59.9252,22.4913,167.274,167.274,258.9724,92.8232
560,cnn,baseline,jetson_emulator,50,local,0.5,70.2612,58.3103,70.2612,71.9883,21.5677,167.274,167.274,262.9012,92.7364
561,cnn,baseline,jetson_emulator,50,offload,0.5,70.1584,58.4883,58.4883,59.844,22.4569,167.274,167.274,259.2826,92.8278
562,cnn,baseline,jetson_emulator,50,local,0.5,70.3574,58.501,70.3574,71.6135,21.5607,167.274,167.274,263.2158,92.7389
563,cnn,baseline,jetson_emulator,50,local,0.5,70.5774,58.458,70.5774,72.2607,21.5448,167.274,167.274,263.3732,92.7382
564,cnn,baseline,jetson_emulator,50,offload,0.5,70.9946,58.1002,58.1002,60.7202,22.4875,167.274,167.274,259.7478,92.7382
565,cnn,baseline,jetson_emulator,50,local,0.5,71.234,58.9701,71.234,72.7003,21.4974,167.274,167.274,263.6878,92.863
566,cnn,baseline,jetson_emulator,50,local,0.5,70.4012,60.4565,70.4012,72.9131,21.5576,167.274,167.274,263.8451,92.7786
567,cnn,baseline,jetson_emulator,50,local,0.5,71.77,58.7462,71.77,73.3535,21.4588,167.274,167.274,264.0024,92.8452
568,cnn,baseline,jetson_emulator,50,offload,0.5,70.6944,58.6824,58.6824,60.2268,22.4416,167.274,167.274,260.368,92.746
569,cnn,baseline,jetson_emulator,50,local,0.5,71.1766,58.7695,71.1766,72.5637,21.5015,167.274,167.274,264.3171,92.7685
570,cnn,baseline,jetson_emulator,50,local,0.5,70.975,58.7089,70.975,72.1397,21.5161,167.274,167.274,264.4744,92.7345
571,cnn,baseline,jetson_emulator,50,local,0.5,71.5911,59.9182,71.5911,73.9023,21.4717,167.274,167.274,264.6317,92.7088
572,cnn,baseline,jetson_emulator,50,offload,0.5,71.1217,58.9737,58.9737,60.6148,22.4188,167.274,167.274,260.9883,92.7373
573,cnn,baseline,jetson_emulator,50,local,0.5,72.6456,59.4614,72.6456,74.1938,21.3961,167.274,167.274,264.9464,92.8059
574,cnn,baseline,jetson_emulator,50,local,0.5,71.5406,59.2831,71.5406,73.3451,21.4753,167.274,167.274,265.1037,92.6816
575,cnn,baseline,jetson_emulator,50,local,0.5,72.4419,59.0458,72.4419,74.7068,21.4107,167.274,167.274,265.261,92.9257
576,cnn,baseline,jetson_emulator,50,offload,0.5,72.0244,59.7508,59.7508,61.9804,22.358,167.274,167.274,261.6085,92.7774
577,cnn,baseline,jetson_emulator,50,offload,0.5,71.9679,59.3475,59.3475,61.2117,22.3895,167.274,167.274,261.7636,92.76
578,cnn,baseline,jetson_emulator,50,local,0.5,71.7547,59.837,71.7547,73.7439,21.4599,167.274,167.274,265.733,92.8103
579,cnn,baseline,jetson_emulator,50,local,0.5,71.7429,60.9142,71.7429,74.1298,21.4608,167.274,167.274,265.8903,92.8505
580,cnn,baseline,jetson_emulator,50,offload,0.5,72.0482,59.7052,59.7052,61.6587,22.3616,167.274,167.274,262.2288,92.747
581,cnn,baseline,jetson_emulator,50,local,0.5,72.4918,61.0226,72.4918,74.3182,21.4071,167.274,167.274,266.2049,92.7583
582,cnn,baseline,jetson_emulator,50,local,0.5,72.5633,59.8377,72.5633,74.3198,21.402,167.274,167.274,266.3623,92.7156
583,cnn,baseline,jetson_emulator,50,local,0.5,72.2753,60.7207,72.2753,74.2526,21.4226,167.274,167.274,266.5196,92.8188
584,cnn,baseline,jetson_emulator,50,local,0.5,72.3901,60.2618,72.3901,74.5953,21.4144,167.274,167.274,266.6769,92.8687
585,cnn,baseline,jetson_emulator,50,offload,0.5,73.1817,60.3003,60.3003,61.6308,22.3153,167.274,167.274,263.0041,92.7561
586,cnn,baseline,jetson_emulator,50,local,0.5,72.3536,60.3934,72.3536,73.7469,21.417,167.274,167.274,266.9916,92.8409
587,cnn,baseline,jetson_emulator,50,local,0.5,73.0454,60.1246,73.0454,74.9255,21.3676,167.274,167.274,267.1489,92.7986
588,cnn,baseline,jetson_emulator,50,offload,0.5,73.4162,60.4262,60.4262,60.9031,22.3055,167.274,167.274,263.4693,92.741
589,cnn,baseline,jetson_emulator,50,local,0.5,72.7397,60.2934,72.7397,74.6042,21.3894,167.274,167.274,267.4635,92.7144
590,cnn,baseline,jetson_emulator,50,local,0.5,72.9361,60.3771,72.9361,75.4569,21.3754,167.274,167.274,267.6208,92.8776
591,cnn,baseline,jetson_emulator,50,offload,0.5,73.2298,60.4759,60.4759,62.0698,22.3017,167.274,167.274,263.9345,92.889
592,cnn,baseline,jetson_emulator,50,offload,0.5,73.4721,61.8097,61.8097,64.1313,22.1987,167.274,167.274,264.0895,92.7213
593,cnn,baseline,jetson_emulator,50,local,0.5,73.0093,60.3437,73.0093,75.2815,21.3702,167.274,167.274,268.0928,92.7323
594,cnn,baseline,jetson_emulator,50,offload,0.5,73.1323,60.4872,60.4872,62.7075,22.3008,167.274,167.274,264.3996,92.7806
595,cnn,baseline,jetson_emulator,50,local,0.5,73.4867,60.9917,73.4867,75.7102,21.3363,167.274,167.274,268.4074,92.7555
596,cnn,baseline,jetson_emulator,50,local,0.5,74.315,61.1447,74.315,76.2048,21.2776,167.274,167.274,268.5648,92.8971
597,cnn,baseline,jetson_emulator,50,offload,0.5,73.3165,62.4715,62.4715,64.3286,22.148,167.274,167.274,264.8648,92.8042
598,cnn,baseline,jetson_emulator,50,local,0.5,73.7902,62.0865,73.7902,75.6591,21.3147,167.274,167.274,268.8794,92.8708
599,cnn,baseline,jetson_emulator,50,local,0.5,73.9768,61.1634,73.9768,75.1317,21.3015,167.274,167.274,269.0367,92.8798
600,cnn,baseline,jetson_emulator,50,offload,0.5,74.2405,61.5502,61.5502,63.5682,22.2187,167.274,167.274,265.33,92.8135
601,cnn,baseline,jetson_emulator,50,offload,0.5,73.7252,61.1186,61.1186,63.125,22.2519,167.274,167.274,265.4851,92.7722
602,cnn,baseline,jetson_emulator,50,offload,0.5,73.766,62.2816,62.2816,63.3933,22.1625,167.274,167.274,265.6401,92.781
603,cnn,baseline,jetson_emulator,50,local,0.5,74.2155,62.7502,74.2155,76.4933,21.2846,167.274,167.274,269.666,92.7523
604,cnn,baseline,jetson_emulator,50,offload,0.5,74.6619,61.0325,61.0325,62.5119,22.2586,167.274,167.274,265.9503,92.7437
605,cnn,baseline,jetson_emulator,50,offload,0.5,74.1642,62.2648,62.2648,64.3139,22.1638,167.274,167.274,266.1053,92.7485
606,cnn,baseline,jetson_emulator,50,local,0.5,74.4313,61.9988,74.4313,75.9439,21.2694,167.274,167.274,270.138,92.876
607,cnn,baseline,jetson_emulator,50,local,0.5,74.3314,61.7504,74.3314,75.9815,21.2765,167.274,167.274,270.2953,92.6977
608,cnn,baseline,jetson_emulator,50,offload,0.5,74.1305,62.2715,62.2715,63.6416,22.1633,167.274,167.274,266.5705,92.7504
609,cnn,baseline,jetson_emulator,50,offload,0.5,74.738,63.0693,63.0693,65.4892,22.1023,167.274,167.274,266.7256,92.8006
610,cnn,baseline,jetson_emulator,50,local,0.5,75.12,61.5194,75.12,77.084,21.2209,167.274,167.274,270.7673,92.6992
611,cnn,baseline,jetson_emulator,50,offload,0.5,74.3745,62.0804,62.0804,64.4176,22.1779,167.274,167.274,267.0357,92.8198
612,cnn,baseline,jetson_emulator,50,offload,0.5,74.5933,61.5918,61.5918,63.8151,22.2155,167.274,167.274,267.1908,92.8077
613,cnn,baseline,jetson_emulator,50,local,0.5,74.9855,61.6173,74.9855,77.2544,21.2304,167.274,167.274,271.2392,92.7622
614,cnn,baseline,jetson_emulator,50,offload,0.5,74.7265,62.0495,62.0495,63.2172,22.1803,167.274,167.274,267.5009,92.7959
615,cnn,baseline,jetson_emulator,50,offload,0.5,76.1529,62.4783,62.4783,64.0513,22.1474,167.274,167.274,267.656,92.8584
616,cnn,baseline,jetson_emulator,50,local,0.5,75.4274,62.1086,75.4274,77.5177,21.1994,167.274,167.274,271.7112,92.7612
617,cnn,baseline,jetson_emulator,50,local,0.5,74.6601,62.0353,74.6601,76.3599,21.2533,167.274,167.274,271.8685,92.7779
618,cnn,baseline,jetson_emulator,50,local,0.5,75.0799,62.836,75.0799,76.5644,21.2237,167.274,167.274,272.0258,92.7943
619,cnn,baseline,jetson_emulator,50,offload,0.5,74.9883,61.7821,61.7821,62.7156,22.2008,167.274,167.274,268.2762,92.8551
620,cnn,baseline,jetson_emulator,50,offload,0.5,74.7751,61.8625,61.8625,63.7419,22.1946,167.274,167.274,268.4313,92.784
621,cnn,baseline,jetson_emulator,50,offload,0.5,75.2263,61.8421,61.8421,63.6811,22.1962,167.274,167.274,268.5863,92.7987
622,cnn,baseline,jetson_emulator,50,local,0.5,75.4503,61.9331,75.4503,77.468,21.1978,167.274,167.274,272.6551,92.7485
623,cnn,baseline,jetson_emulator,50,offload,0.5,75.4288,61.8897,61.8897,64.1638,22.1926,167.274,167.274,268.8965,92.7225
624,cnn,baseline,jetson_emulator,50,local,0.5,74.9587,62.0518,74.9587,76.4395,21.2323,167.274,167.274,272.9698,92.7254
625,cnn,baseline,jetson_emulator,50,offload,0.5,75.1772,62.9954,62.9954,64.9854,22.108,167.274,167.274,269.2066,92.7023
626,cnn,baseline,jetson_emulator,50,local,0.5,75.1966,62.6186,75.1966,77.7216,21.2156,167.274,167.274,273.2844,92.8627
627,cnn,baseline,jetson_emulator,50,offload,0.5,75.3468,62.2981,62.2981,64.039,22.1612,167.274,167.274,269.5167,92.8374
628,cnn,baseline,jetson_emulator,50,offload,0.5,76.1732,62.8027,62.8027,65.1443,22.1227,167.274,167.274,269.6718,92.649
629,cnn,baseline,jetson_emulator,50,offload,0.5,75.5685,63.7947,63.7947,66.2285,22.0472,167.274,167.274,269.8268,92.8556
630,cnn,baseline,jetson_emulator,50,local,0.5,75.1893,62.8722,75.1893,77.8221,21.2161,167.274,167.274,273.9137,92.7585
631,cnn,baseline,jetson_emulator,50,local,0.5,75.6521,62.3834,75.6521,77.3343,21.1836,167.274,167.274,274.071,92.8355
632,cnn,baseline,jetson_emulator,50,offload,0.5,75.8555,64.5892,64.5892,66.5472,21.9871,167.274,167.274,270.292,92.7395
633,cnn,baseline,jetson_emulator,50,offload,0.5,75.5522,62.3184,62.3184,65.1405,22.1597,167.274,167.274,270.4471,92.6059
634,cnn,baseline,jetson_emulator,50,local,0.5,75.8242,63.0324,75.8242,77.6439,21.1716,167.274,167.274,274.543,92.8034
635,cnn,baseline,jetson_emulator,50,local,0.5,76.2508,62.6779,76.2508,77.6694,21.1418,167.274,167.274,274.7003,92.8124
636,cnn,baseline,jetson_emulator,50,local,0.5,75.3829,62.5286,75.3829,77.5346,21.2025,167.274,167.274,274.8576,92.7311
637,cnn,baseline,jetson_emulator,50,offload,0.5,75.364,62.6656,62.6656,64.6107,22.1331,167.274,167.274,271.0673,92.7964
638,cnn,baseline,jetson_emulator,50,local,0.5,75.7251,62.5416,75.7251,77.5307,21.1785,167.274,167.274,275.1723,92.6987
639,cnn,baseline,jetson_emulator,50,local,0.5,75.9395,62.5425,75.9395,77.2804,21.1635,167.274,167.274,275.3296,92.7966
640,cnn,baseline,jetson_emulator,50,offload,0.5,75.8371,62.3696,62.3696,64.1026,22.1558,167.274,167.274,271.5325,92.8101
641,cnn,baseline,jetson_emulator,50,offload,0.5,75.3977,62.9465,62.9465,64.3527,22.1117,167.274,167.274,271.6876,92.7354
642,cnn,baseline,jetson_emulator,50,local,0.5,75.4788,62.3934,75.4788,77.6859,21.1958,167.274,167.274,275.8015,92.728
643,cnn,baseline,jetson_emulator,50,offload,0.5,75.5735,64.0751,64.0751,66.9042,22.026,167.274,167.274,271.9977,92.715
644,cnn,baseline,jetson_emulator,50,offload,0.5,75.3218,62.7033,62.7033,64.0989,22.1302,167.274,167.274,272.1528,92.844
645,cnn,baseline,jetson_emulator,50,offload,0.5,75.4716,62.8592,62.8592,64.8801,22.1183,167.274,167.274,272.3079,92.7861
646,cnn,baseline,jetson_emulator,50,local,0.5,75.6525,63.0937,75.6525,78.291,21.1836,167.274,167.274,276.4308,92.8329
647,cnn,baseline,jetson_emulator,50,offload,0.5,75.7164,62.8412,62.8412,64.9214,22.1197,167.274,167.274,272.618,92.7966
648,cnn,baseline,jetson_emulator,50,local,0.5,76.868,62.2855,76.868,78.6453,21.0989,167.274,167.274,276.7455,92.7519
649,cnn,baseline,jetson_emulator,50,local,0.5,75.4547,62.5664,75.4547,77.674,21.1975,167.274,167.274,276.9028,92.7814
650,cnn,baseline,jetson_emulator,50,local,0.5,75.5828,63.056,75.5828,77.6589,21.1885,167.274,167.274,277.0601,92.8659
651,cnn,baseline,jetson_emulator,50,offload,0.5,75.6559,63.0838,63.0838,64.8325,22.1012,167.274,167.274,273.2382,92.8068
652,cnn,baseline,jetson_emulator,50,local,0.5,75.3754,62.3469,75.3754,77.3496,21.203,167.274,167.274,277.3748,92.8858
653,cnn,baseline,jetson_emulator,50,local,0.5,75.822,62.3317,75.822,76.8142,21.1718,167.274,167.274,277.5321,92.8035
654,cnn,baseline,jetson_emulator,50,local,0.5,75.7242,63.5304,75.7242,77.6163,21.1786,167.274,167.274,277.6894,92.7555
655,cnn,baseline,jetson_emulator,50,local,0.5,75.5159,63.0203,75.5159,77.2488,21.1932,167.274,167.274,277.8467,92.73
656,cnn,baseline,jetson_emulator,50,offload,0.5,75.5033,62.8946,62.8946,65.1761,22.1156,167.274,167.274,274.0135,92.848
657,cnn,baseline,jetson_emulator,50,local,0.5,75.4955,62.8613,75.4955,77.8353,21.1946,167.274,167.274,278.1614,92.7857
658,cnn,baseline,jetson_emulator,50,local,0.5,75.7404,62.1725,75.7404,77.3871,21.1775,167.274,167.274,278.3187,92.7669
659,cnn,baseline,jetson_emulator,50,local,0.5,75.7902,63.108,75.7902,77.9667,21.174,167.274,167.274,278.476,92.8409
660,cnn,baseline,jetson_emulator,50,offload,0.5,75.7655,62.1278,62.1278,63.971,22.1743,167.274,167.274,274.6338,92.7951
661,cnn,baseline,jetson_emulator,50,local,0.5,75.1054,63.1042,75.1054,76.895,21.222,167.274,167.274,278.7906,92.8296
662,cnn,baseline,jetson_emulator,50,offload,0.5,75.5003,62.359,62.359,64.5697,22.1566,167.274,167.274,274.9439,92.7508
663,cnn,baseline,jetson_emulator,50,offload,0.5,75.8296,62.0431,62.0431,63.9877,22.1808,167.274,167.274,275.099,92.764
664,cnn,baseline,jetson_emulator,50,offload,0.5,75.4685,62.296,62.296,64.3952,22.1614,167.274,167.274,275.2541,92.8061
665,cnn,baseline,jetson_emulator,50,offload,0.5,75.1842,63.1143,63.1143,64.785,22.0989,167.274,167.274,275.4091,92.6763
666,cnn,baseline,jetson_emulator,50,offload,0.5,76.8043,62.2974,62.2974,64.487,22.1613,167.274,167.274,275.5642,92.7529
667,cnn,baseline,jetson_emulator,50,offload,0.5,75.7057,63.2102,63.2102,64.4572,22.0916,167.274,167.274,275.7192,92.7569
668,cnn,baseline,jetson_emulator,50,local,0.5,75.2801,63.0957,75.2801,76.6628,21.2097,167.274,167.274,279.8919,92.7988
669,cnn,baseline,jetson_emulator,50,local,0.5,74.9722,62.6278,74.9722,75.7132,21.2313,167.274,167.274,280.0492,92.7524
670,cnn,baseline,jetson_emulator,50,local,0.5,74.9311,62.2073,74.9311,77.0178,21.2342,167.274,167.274,280.2065,92.7893
671,cnn,baseline,jetson_emulator,50,local,0.5,75.9611,62.695,75.9611,77.637,21.162,167.274,167.274,280.3639,92.7486
672,cnn,baseline,jetson_emulator,50,offload,0.5,74.9284,62.0991,62.0991,63.7695,22.1765,167.274,167.274,276.4946,92.7707
673,cnn,baseline,jetson_emulator,50,local,0.5,75.4429,62.1786,75.4429,77.6998,21.1983,167.274,167.274,280.6785,92.8367
674,cnn,baseline,jetson_emulator,50,local,0.5,74.9091,62.6795,74.9091,76.8728,21.2358,167.274,167.274,280.8358,92.8162
675,cnn,baseline,jetson_emulator,50,local,0.5,75.1508,62.4102,75.1508,77.6737,21.2188,167.274,167.274,280.9931,92.7506
676,cnn,baseline,jetson_emulator,50,offload,0.5,75.0636,61.9944,61.9944,63.8777,22.1845,167.274,167.274,277.1148,92.8021
677,cnn,baseline,jetson_emulator,50,local,0.5,75.1135,61.862,75.1135,76.6602,21.2214,167.274,167.274,281.3078,92.7954
678,cnn,baseline,jetson_emulator,50,offload,0.5,74.7887,62.5725,62.5725,64.9688,22.1402,167.274,167.274,277.4249,92.7013
679,cnn,baseline,jetson_emulator,50,local,0.5,74.8259,61.955,74.8259,76.1006,21.2416,167.274,167.274,281.6224,92.8071
680,cnn,baseline,jetson_emulator,50,offload,0.5,75.0304,62.013,62.013,63.9482,22.1831,167.274,167.274,277.7351,92.7935
681,cnn,baseline,jetson_emulator,50,local,0.5,74.9648,61.9098,74.9648,77.1105,21.2318,167.274,167.274,281.9371,92.7581
682,cnn,baseline,jetson_emulator,50,local,0.5,74.3691,62.0735,74.3691,75.9245,21.2738,167.274,167.274,282.0944,92.8106
683,cnn,baseline,jetson_emulator,50,local,0.5,74.3519,62.6131,74.3519,75.6861,21.275,167.274,167.274,282.2517,92.7748
684,cnn,baseline,jetson_emulator,50,offload,0.5,74.4186,61.5646,61.5646,63.385,22.2176,167.274,167.274,278.3553,92.8372
685,cnn,baseline,jetson_emulator,50,offload,0.5,74.4584,61.2986,61.2986,63.6298,22.238,167.274,167.274,278.5104,92.7347
686,cnn,baseline,jetson_emulator,50,offload,0.5,75.1071,61.4134,61.4134,62.8595,22.2292,167.274,167.274,278.6654,92.7293
687,cnn,baseline,jetson_emulator,50,local,0.5,74.5936,62.5223,74.5936,76.6507,21.258,167.274,167.274,282.881,92.7346
688,cnn,baseline,jetson_emulator,50,local,0.5,74.1315,61.3448,74.1315,75.4579,21.2906,167.274,167.274,283.0383,92.7896
689,cnn,baseline,jetson_emulator,50,local,0.5,73.9503,61.1119,73.9503,75.8378,21.3034,167.274,167.274,283.1956,92.8172
690,cnn,baseline,jetson_emulator,50,offload,0.5,74.0635,61.1123,61.1123,63.2729,22.2524,167.274,167.274,279.2857,92.8146
691,cnn,baseline,jetson_emulator,50,local,0.5,74.024,62.3367,74.024,75.8762,21.2982,167.274,167.274,283.5103,92.8256
692,cnn,baseline,jetson_emulator,50,local,0.5,74.7809,61.6281,74.7809,76.6848,21.2448,167.274,167.274,283.6676,92.7537
693,cnn,baseline,jetson_emulator,50,offload,0.5,74.4498,61.8129,61.8129,64.5122,22.1985,167.274,167.274,279.7509,92.832
694,cnn,baseline,jetson_emulator,50,offload,0.5,74.1715,61.8561,61.8561,64.1047,22.1951,167.274,167.274,279.9059,92.6978
695,cnn,baseline,jetson_emulator,50,local,0.5,73.5767,61.1336,73.5767,76.1147,21.3299,167.274,167.274,284.1396,92.7973
696,cnn,baseline,jetson_emulator,50,offload,0.5,73.8405,61.1917,61.1917,63.2825,22.2463,167.274,167.274,280.2161,92.8244
697,cnn,baseline,jetson_emulator,50,offload,0.5,73.6021,62.2054,62.2054,64.7965,22.1683,167.274,167.274,280.3711,92.7942
698,cnn,baseline,jetson_emulator,50,offload,0.5,73.9339,60.6685,60.6685,62.6977,22.2867,167.274,167.274,280.5262,92.8471
699,cnn,baseline,jetson_emulator,50,local,0.5,74.2484,61.2306,74.2484,75.4314,21.2823,167.274,167.274,284.7688,92.7305
700,cnn,baseline,jetson_emulator,50,offload,0.5,73.93,61.5996,61.5996,63.9429,22.2149,167.274,167.274,280.8363,92.7209
701,cnn,baseline,jetson_emulator,50,offload,0.5,73.2424,60.9879,60.9879,62.7104,22.262,167.274,167.274,280.9914,92.7665
702,cnn,baseline,jetson_emulator,50,local,0.5,73.7029,61.092,73.7029,75.4463,21.3209,167.274,167.274,285.2408,92.8832
703,cnn,baseline,jetson_emulator,50,offload,0.5,73.4278,60.6551,60.6551,63.1367,22.2878,167.274,167.274,281.3015,92.7796
704,cnn,baseline,jetson_emulator,50,local,0.5,73.3748,61.0751,73.3748,75.8242,21.3442,167.274,167.274,285.5555,92.7854
705,cnn,baseline,jetson_emulator,50,local,0.5,73.624,60.7569,73.624,75.1523,21.3265,167.274,167.274,285.7128,92.8698
706,cnn,baseline,jetson_emulator,50,offload,0.5,73.4419,61.6114,61.6114,63.0983,22.2139,167.274,167.274,281.7667,92.8537
707,cnn,baseline,jetson_emulator,50,local,0.5,73.7707,60.8295,73.7707,75.8727,21.3161,167.274,167.274,286.0274,92.8085
708,cnn,baseline,jetson_emulator,50,local,0.5,73.3673,61.2484,73.3673,74.7701,21.3447,167.274,167.274,286.1847,92.7144
709,cnn,baseline,jetson_emulator,50,local,0.5,72.7818,60.3582,72.7818,74.2568,21.3864,167.274,167.274,286.3421,92.8282
710,cnn,baseline,jetson_emulator,50,local,0.5,73.0271,60.3302,73.0271,75.6612,21.3689,167.274,167.274,286.4994,92.7141
711,cnn,baseline,jetson_emulator,50,offload,0.5,72.9054,60.154,60.154,61.8031,22.3267,167.274,167.274,282.542,92.7649
712,cnn,baseline,jetson_emulator,50,offload,0.5,72.9724,60.4945,60.4945,62.4278,22.3002,167.274,167.274,282.6971,92.8025
713,cnn,baseline,jetson_emulator,50,offload,0.5,72.8877,60.001,60.001,62.0499,22.3386,167.274,167.274,282.8521,92.8181
714,cnn,baseline,jetson_emulator,50,offload,0.5,73.032,60.0405,60.0405,61.8534,22.3355,167.274,167.274,283.0072,92.7659
715,cnn,baseline,jetson_emulator,50,offload,0.5,72.4304,60.7627,60.7627,62.3726,22.2794,167.274,167.274,283.1623,92.7967
716,cnn,baseline,jetson_emulator,50,offload,0.5,72.5897,60.4397,60.4397,62.6526,22.3045,167.274,167.274,283.3173,92.7301
717,cnn,baseline,jetson_emulator,50,offload,0.5,72.5273,60.4853,60.4853,62.573,22.3009,167.274,167.274,283.4724,92.6987
718,cnn,baseline,jetson_emulator,50,offload,0.5,72.2967,59.7511,59.7511,61.5463,22.358,167.274,167.274,283.6275,92.7887
719,cnn,baseline,jetson_emulator,50,offload,0.5,72.1476,60.324,60.324,61.908,22.3135,167.274,167.274,283.7825,92.8338
720,cnn,baseline,jetson_emulator,50,local,0.5,72.6863,61.2487,72.6863,74.2612,21.3932,167.274,167.274,288.0726,92.7734
721,cnn,baseline,jetson_emulator,50,offload,0.5,72.0186,59.6428,59.6428,61.5038,22.3665,167.274,167.274,284.0926,92.7589
722,cnn,baseline,jetson_emulator,50,offload,0.5,71.9889,60.025,60.025,61.9669,22.3367,167.274,167.274,284.2477,92.7894
723,cnn,baseline,jetson_emulator,50,offload,0.5,72.7052,59.7437,59.7437,60.9894,22.3586,167.274,167.274,284.4028,92.7586
724,cnn,baseline,jetson_emulator,50,local,0.5,72.1302,60.3462,72.1302,74.0862,21.433,167.274,167.274,288.7019,92.6701
725,cnn,baseline,jetson_emulator,50,local,0.5,71.9435,60.3912,71.9435,73.5982,21.4464,167.274,167.274,288.8592,92.7882
726,cnn,baseline,jetson_emulator,50,local,0.5,71.9674,60.822,71.9674,73.6322,21.4447,167.274,167.274,289.0165,92.8702
727,cnn,baseline,jetson_emulator,50,offload,0.5,72.3614,60.1683,60.1683,62.5259,22.3255,167.274,167.274,285.023,92.8671
728,cnn,baseline,jetson_emulator,50,offload,0.5,71.6653,60.2059,60.2059,62.3577,22.3226,167.274,167.274,285.1781,92.7709
729,cnn,baseline,jetson_emulator,50,local,0.5,72.7612,60.1927,72.7612,74.7953,21.3879,167.274,167.274,289.4885,92.7067
730,cnn,baseline,jetson_emulator,50,local,0.5,71.6883,59.5047,71.6883,73.7911,21.4647,167.274,167.274,289.6458,92.8835
731,cnn,baseline,jetson_emulator,50,local,0.5,71.8873,60.1281,71.8873,74.2727,21.4504,167.274,167.274,289.8031,92.7607
732,cnn,baseline,jetson_emulator,50,offload,0.5,72.2106,60.4079,60.4079,62.3502,22.3069,167.274,167.274,285.7983,92.8186
733,cnn,baseline,jetson_emulator,50,offload,0.5,71.7477,59.3494,59.3494,62.3177,22.3894,167.274,167.274,285.9534,92.7345
734,cnn,baseline,jetson_emulator,50,offload,0.5,72.568,59.0449,59.0449,61.2778,22.4132,167.274,167.274,286.1085,92.8398
735,cnn,baseline,jetson_emulator,50,local,0.5,71.8026,59.0018,71.8026,73.2611,21.4565,167.274,167.274,290.4324,92.8583
736,cnn,baseline,jetson_emulator,50,local,0.5,71.5131,59.9721,71.5131,73.5176,21.4773,167.274,167.274,290.5897,92.8713
737,cnn,baseline,jetson_emulator,50,offload,0.5,71.8331,60.4213,60.4213,61.6111,22.3059,167.274,167.274,286.5736,92.7076
738,cnn,baseline,jetson_emulator,50,offload,0.5,71.2515,59.3077,59.3077,61.5443,22.3926,167.274,167.274,286.7287,92.813
739,cnn,baseline,jetson_emulator,50,local,0.5,72.5953,58.9525,72.5953,74.1134,21.3997,167.274,167.274,291.0617,92.7971
740,cnn,baseline,jetson_emulator,50,local,0.5,71.9187,59.5125,71.9187,73.3607,21.4482,167.274,167.274,291.219,92.7308
741,cnn,baseline,jetson_emulator,50,local,0.5,71.3059,59.318,71.3059,73.7967,21.4922,167.274,167.274,291.3763,92.7346
742,cnn,baseline,jetson_emulator,50,offload,0.5,71.4668,59.5426,59.5426,62.2152,22.3743,167.274,167.274,287.349,92.7417
743,cnn,baseline,jetson_emulator,50,offload,0.5,71.455,59.2175,59.2175,61.0607,22.3997,167.274,167.274,287.504,92.8317
744,cnn,baseline,jetson_emulator,50,local,0.5,72.958,59.7203,72.958,74.6274,21.3739,167.274,167.274,291.8483,92.8918
745,cnn,baseline,jetson_emulator,50,local,0.5,71.1903,58.7647,71.1903,73.624,21.5005,167.274,167.274,292.0056,92.8364
746,cnn,baseline,jetson_emulator,50,offload,0.5,71.9901,59.3264,59.3264,60.9586,22.3912,167.274,167.274,287.9692,92.7844
747,cnn,baseline,jetson_emulator,50,offload,0.5,71.6379,59.1671,59.1671,60.4839,22.4036,167.274,167.274,288.1243,92.761
748,cnn,baseline,jetson_emulator,50,local,0.5,71.1865,59.1546,71.1865,73.5952,21.5008,167.274,167.274,292.4776,92.8192
749,cnn,baseline,jetson_emulator,50,local,0.5,71.1441,58.8095,71.1441,72.5469,21.5039,167.274,167.274,292.6349,92.7916
750,cnn,baseline,jetson_emulator,50,offload,0.5,71.2425,60.1527,60.1527,63.0125,22.3268,167.274,167.274,288.5895,92.7731
751,cnn,baseline,jetson_emulator,50,local,0.5,71.2346,60.2174,71.2346,73.7959,21.4973,167.274,167.274,292.9495,92.7952
752,cnn,baseline,jetson_emulator,50,offload,0.5,70.992,59.1368,59.1368,60.9983,22.406,167.274,167.274,288.8996,92.7052
753,cnn,baseline,jetson_emulator,50,offload,0.5,71.3816,58.6797,58.6797,61.3119,22.4419,167.274,167.274,289.0547,92.7096
754,cnn,baseline,jetson_emulator,50,offload,0.5,71.4143,59.8422,59.8422,61.4383,22.3509,167.274,167.274,289.2097,92.7744
755,cnn,baseline,jetson_emulator,50,local,0.5,71.0315,58.9704,71.0315,72.3895,21.512,167.274,167.274,293.5788,92.6621
756,cnn,baseline,jetson_emulator,50,local,0.5,71.7131,59.2096,71.7131,74.0692,21.4629,167.274,167.274,293.7362,92.8109
757,cnn,baseline,jetson_emulator,50,offload,0.5,71.2374,58.9564,58.9564,60.7094,22.4201,167.274,167.274,289.6749,92.7741
758,cnn,baseline,jetson_emulator,50,local,0.5,71.1097,59.2175,71.1097,72.8645,21.5063,167.274,167.274,294.0508,92.8071
759,cnn,baseline,jetson_emulator,50,offload,0.5,71.2908,60.7159,60.7159,62.3508,22.2831,167.274,167.274,289.985,92.7421
760,cnn,baseline,jetson_emulator,50,offload,0.5,71.5296,59.6839,59.6839,61.727,22.3633,167.274,167.274,290.1401,92.7629
761,cnn,baseline,jetson_emulator,50,local,0.5,71.3924,59.7136,71.3924,73.9045,21.486,167.274,167.274,294.5228,92.7539
762,cnn,baseline,jetson_emulator,50,local,0.5,70.981,58.7328,70.981,73.0504,21.5156,167.274,167.274,294.6801,92.8061
763,cnn,baseline,jetson_emulator,50,local,0.5,72.4754,59.4089,72.4754,74.3838,21.4083,167.274,167.274,294.8374,92.7874
764,cnn,baseline,jetson_emulator,50,offload,0.5,71.6066,58.7009,58.7009,60.2792,22.4402,167.274,167.274,290.7604,92.7702
765,cnn,baseline,jetson_emulator,50,local,0.5,71.1823,59.6271,71.1823,73.9078,21.5011,167.274,167.274,295.152,92.7404
766,cnn,baseline,jetson_emulator,50,local,0.5,72.5841,59.4603,72.5841,75.0257,21.4005,167.274,167.274,295.3094,92.7334
767,cnn,baseline,jetson_emulator,50,offload,0.5,71.02,59.0137,59.0137,61.0078,22.4157,167.274,167.274,291.2255,92.7644
768,cnn,baseline,jetson_emulator,50,local,0.5,71.6657,58.98,71.6657,73.8886,21.4663,167.274,167.274,295.624,92.811
769,cnn,baseline,jetson_emulator,50,local,0.5,71.613,59.4022,71.613,73.964,21.4701,167.274,167.274,295.7813,92.7607
770,cnn,baseline,jetson_emulator,50,local,0.5,71.1986,59.2546,71.1986,73.4654,21.4999,167.274,167.274,295.9387,92.8443
771,cnn,baseline,jetson_emulator,50,offload,0.5,71.6523,59.4027,59.4027,61.71,22.3852,167.274,167.274,291.8458,92.8757
772,cnn,baseline,jetson_emulator,50,offload,0.5,71.3301,59.1416,59.1416,59.9461,22.4056,167.274,167.274,292.0009,92.6373
773,cnn,baseline,jetson_emulator,50,local,0.5,71.3875,60.1226,71.3875,73.1054,21.4863,167.274,167.274,296.4106,92.7201
774,cnn,baseline,jetson_emulator,50,local,0.5,71.2121,59.1138,71.2121,72.9879,21.499,167.274,167.274,296.5679,92.7716
775,cnn,baseline,jetson_emulator,50,offload,0.5,72.0139,59.6653,59.6653,61.6052,22.3647,167.274,167.274,292.466,92.8376
776,cnn,baseline,jetson_emulator,50,offload,0.5,71.9434,59.7282,59.7282,62.4177,22.3598,167.274,167.274,292.6211,92.7487
777,cnn,baseline,jetson_emulator,50,local,0.5,72.1473,59.4016,72.1473,74.536,21.4318,167.274,167.274,297.0399,92.8448
778,cnn,baseline,jetson_emulator,50,local,0.5,71.3953,59.437,71.3953,72.9952,21.4858,167.274,167.274,297.1972,92.7513
779,cnn,baseline,jetson_emulator,50,offload,0.5,71.6255,59.2417,59.2417,60.8702,22.3978,167.274,167.274,293.0863,92.7991
780,cnn,baseline,jetson_emulator,50,offload,0.5,71.4484,59.6513,59.6513,61.9197,22.3658,167.274,167.274,293.2414,92.6873
781,cnn,baseline,jetson_emulator,50,offload,0.5,71.531,60.4381,60.4381,61.5554,22.3046,167.274,167.274,293.3964,92.7718
782,cnn,baseline,jetson_emulator,50,local,0.5,71.9312,59.8789,71.9312,73.1971,21.4473,167.274,167.274,297.8265,92.8094
783,cnn,baseline,jetson_emulator,50,offload,0.5,72.0209,59.3015,59.3015,60.9796,22.3931,167.274,167.274,293.7065,92.7257
784,cnn,baseline,jetson_emulator,50,local,0.5,72.1871,59.2785,72.1871,73.9885,21.4289,167.274,167.274,298.1411,92.8419
785,cnn,baseline,jetson_emulator,50,local,0.5,72.4105,60.1226,72.4105,75.4987,21.4129,167.274,167.274,298.2985,92.7455
786,cnn,baseline,jetson_emulator,50,local,0.5,71.8691,59.5983,71.8691,73.9801,21.4517,167.274,167.274,298.4558,92.8507
787,cnn,baseline,jetson_emulator,50,local,0.5,72.1571,60.8739,72.1571,74.0587,21.4311,167.274,167.274,298.6131,92.7543
788,cnn,baseline,jetson_emulator,50,offload,0.5,72.6432,60.0361,60.0361,62.1916,22.3358,167.274,167.274,294.4819,92.8204
789,cnn,baseline,jetson_emulator,50,local,0.5,72.6584,59.7275,72.6584,74.4267,21.3952,167.274,167.274,298.9278,92.8492
790,cnn,baseline,jetson_emulator,50,offload,0.5,72.9623,60.3028,60.3028,62.2312,22.3151,167.274,167.274,294.792,92.8277
791,cnn,baseline,jetson_emulator,50,offload,0.5,73.1871,59.8574,59.8574,61.9131,22.3497,167.274,167.274,294.9471,92.836
792,cnn,baseline,jetson_emulator,50,offload,0.5,72.8698,60.161,60.161,62.0177,22.3261,167.274,167.274,295.1021,92.747
793,cnn,baseline,jetson_emulator,50,offload,0.5,72.219,61.0534,61.0534,64.0482,22.257,167.274,167.274,295.2572,92.7129
794,cnn,baseline,jetson_emulator,50,local,0.5,72.5979,60.3074,72.5979,74.5245,21.3995,167.274,167.274,299.7144,92.7653
795,cnn,baseline,jetson_emulator,50,offload,0.5,72.3744,60.4965,60.4965,62.3019,22.3001,167.274,167.274,295.5673,92.7385
796,cnn,baseline,jetson_emulator,50,local,0.5,72.9885,61.075,72.9885,74.4139,21.3717,167.274,167.274,300.029,92.8442
797,cnn,baseline,jetson_emulator,50,offload,0.5,73.0637,60.3055,60.3055,62.7811,22.3149,167.274,167.274,295.8774,92.7977
798,cnn,baseline,jetson_emulator,50,local,0.5,73.4044,60.3486,73.4044,74.177,21.3421,167.274,167.274,300.3436,92.8292
799,cnn,baseline,jetson_emulator,50,offload,0.5,72.7641,60.5606,60.5606,62.4261,22.2951,167.274,167.274,296.1876,92.754
800,cnn,baseline,jetson_emulator,50,local,0.5,74.3666,61.6647,74.3666,76.611,21.274,167.274,167.274,300.6583,92.754
801,cnn,baseline,jetson_emulator,50,local,0.5,73.2913,60.953,73.2913,74.8513,21.3501,167.274,167.274,300.8156,92.7497
802,cnn,baseline,jetson_emulator,50,local,0.5,73.5125,60.3731,73.5125,75.3794,21.3344,167.274,167.274,300.9729,92.7241
803,cnn,baseline,jetson_emulator,50,offload,0.5,73.7796,61.1905,61.1905,63.3337,22.2464,167.274,167.274,296.8078,92.8011
804,cnn,baseline,jetson_emulator,50,local,0.5,73.3766,61.537,73.3766,75.4732,21.3441,167.274,167.274,301.2876,92.7475
805,cnn,baseline,jetson_emulator,50,local,0.5,75.0687,60.8289,75.0687,76.4784,21.2245,167.274,167.274,301.4449,92.7864
806,cnn,baseline,jetson_emulator,50,local,0.5,73.6434,61.5447,73.6434,75.7064,21.3251,167.274,167.274,301.6022,92.7581
807,cnn,baseline,jetson_emulator,50,offload,0.5,74.461,60.8246,60.8246,62.6695,22.2747,167.274,167.274,297.4281,92.7677
808,cnn,baseline,jetson_emulator,50,offload,0.5,74.3859,61.1661,61.1661,63.6255,22.2483,167.274,167.274,297.5831,92.7926
809,cnn,baseline,jetson_emulator,50,local,0.5,74.1127,61.2673,74.1127,76.9786,21.2919,167.274,167.274,302.0742,92.7233
810,cnn,baseline,jetson_emulator,50,offload,0.5,75.083,62.0342,62.0342,63.8377,22.1815,167.274,167.274,297.8932,92.8774
811,cnn,baseline,jetson_emulator,50,offload,0.5,74.5241,61.4217,61.4217,63.4649,22.2286,167.274,167.274,298.0483,92.7801
812,cnn,baseline,jetson_emulator,50,local,0.5,74.3245,62.2616,74.3245,75.9117,21.2769,167.274,167.274,302.5461,92.8102
813,cnn,baseline,jetson_emulator,50,offload,0.5,74.5866,61.5643,61.5643,63.3537,22.2176,167.274,167.274,298.3584,92.7408
814,cnn,baseline,jetson_emulator,50,offload,0.5,74.6639,63.1624,63.1624,63.7208,22.0952,167.274,167.274,298.5135,92.779
815,cnn,baseline,jetson_emulator,50,local,0.5,74.5018,61.6286,74.5018,76.5977,21.2644,167.274,167.274,303.0181,92.7711
816,cnn,baseline,jetson_emulator,50,offload,0.5,74.6284,62.5471,62.5471,63.4175,22.1422,167.274,167.274,298.8236,92.7961
817,cnn,baseline,jetson_emulator,50,offload,0.5,75.7515,61.8712,61.8712,64.3547,22.194,167.274,167.274,298.9787,92.7812
818,cnn,baseline,jetson_emulator,50,local,0.5,76.2006,62.9594,76.2006,78.6319,21.1453,167.274,167.274,303.4901,92.737
819,cnn,baseline,jetson_emulator,50,offload,0.5,75.231,63.7918,63.7918,66.3985,22.0474,167.274,167.274,299.2888,92.8513
820,cnn,baseline,jetson_emulator,50,local,0.5,75.6406,62.2799,75.6406,77.4009,21.1844,167.274,167.274,303.8047,92.7225
821,cnn,baseline,jetson_emulator,50,offload,0.5,75.3162,62.8724,62.8724,64.8281,22.1173,167.274,167.274,299.5989,92.9412
822,cnn,baseline,jetson_emulator,50,local,0.5,75.4497,62.3922,75.4497,77.5367,21.1978,167.274,167.274,304.1194,92.8132
823,cnn,baseline,jetson_emulator,50,local,0.5,75.971,62.6318,75.971,77.5439,21.1613,167.274,167.274,304.2767,92.7936
824,cnn,baseline,jetson_emulator,50,local,0.5,76.0026,62.7069,76.0026,77.9282,21.1591,167.274,167.274,304.434,92.7707
825,cnn,baseline,jetson_emulator,50,local,0.5,76.193,62.7999,76.193,78.1982,21.1458,167.274,167.274,304.5913,92.8142
826,cnn,baseline,jetson_emulator,50,offload,0.5,76.5715,63.2934,63.2934,65.5097,22.0853,167.274,167.274,300.3743,92.8152
827,cnn,baseline,jetson_emulator,50,local,0.5,76.3672,64.1485,76.3672,78.2186,21.1337,167.274,167.274,304.906,92.8504
828,cnn,baseline,jetson_emulator,50,local,0.5,76.5622,63.8665,76.5622,78.9296,21.1201,167.274,167.274,305.0633,92.7983
829,cnn,baseline,jetson_emulator,50,local,0.5,76.4246,64.4485,76.4246,79.4139,21.1297,167.274,167.274,305.2206,92.7747
830,cnn,baseline,jetson_emulator,50,local,0.5,77.3247,63.4207,77.3247,79.0921,21.0672,167.274,167.274,305.3779,92.7662
831,cnn,baseline,jetson_emulator,50,offload,0.5,77.2116,64.1316,64.1316,66.6362,22.0217,167.274,167.274,301.1496,92.7143
832,cnn,baseline,jetson_emulator,50,local,0.5,77.5911,63.5337,77.5911,80.065,21.0488,167.274,167.274,305.6926,92.7799
833,cnn,baseline,jetson_emulator,50,offload,0.5,77.7468,63.9303,63.9303,65.2635,22.0369,167.274,167.274,301.4597,92.7821
834,cnn,baseline,jetson_emulator,50,local,0.5,78.0717,64.4448,78.0717,80.0483,21.0157,167.274,167.274,306.0072,92.7705
835,cnn,baseline,jetson_emulator,50,local,0.5,77.5503,64.1616,77.5503,79.8741,21.0516,167.274,167.274,306.1645,92.7864
836,cnn,baseline,jetson_emulator,50,offload,0.5,78.0427,64.1141,64.1141,66.1186,22.023,167.274,167.274,301.9249,92.8605
837,cnn,baseline,jetson_emulator,50,local,0.5,77.6279,65.7677,77.6279,79.791,21.0463,167.274,167.274,306.4792,92.7667
838,cnn,baseline,jetson_emulator,50,offload,0.5,78.8485,64.1986,64.1986,66.3703,22.0166,167.274,167.274,302.235,92.7284
839,cnn,baseline,jetson_emulator,50,offload,0.5,78.2474,64.6503,64.6503,66.7111,21.9825,167.274,167.274,302.3901,92.7746
840,cnn,baseline,jetson_emulator,50,offload,0.5,78.0295,65.1376,65.1376,67.3619,21.9459,167.274,167.274,302.5451,92.8234
841,cnn,baseline,jetson_emulator,50,local,0.5,78.489,64.6687,78.489,80.5823,20.987,167.274,167.274,307.1085,92.7871
842,cnn,baseline,jetson_emulator,50,local,0.5,78.1993,66.4108,78.1993,80.3902,21.0069,167.274,167.274,307.2658,92.8456
843,cnn,baseline,jetson_emulator,50,offload,0.5,78.3686,65.1967,65.1967,67.2255,21.9414,167.274,167.274,303.0103,92.7303
844,cnn,baseline,jetson_emulator,50,offload,0.5,78.6995,65.4829,65.4829,66.6973,21.92,167.274,167.274,303.1654,92.7334
845,cnn,baseline,jetson_emulator,50,offload,0.5,79.1995,65.7665,65.7665,68.1471,21.8987,167.274,167.274,303.3205,92.8557
846,cnn,baseline,jetson_emulator,50,offload,0.5,79.7908,65.842,65.842,67.5905,21.8931,167.274,167.274,303.4755,92.7982
847,cnn,baseline,jetson_emulator,50,local,0.5,79.7256,65.4546,79.7256,82.2165,20.9024,167.274,167.274,308.0524,92.7479
848,cnn,baseline,jetson_emulator,50,local,0.5,79.2334,65.6957,79.2334,80.764,20.936,167.274,167.274,308.2097,92.8003
849,cnn,baseline,jetson_emulator,50,offload,0.5,79.6064,66.7187,66.7187,68.5713,21.8278,167.274,167.274,303.9407,92.699
850,cnn,baseline,jetson_emulator,50,offload,0.5,79.4901,66.9924,66.9924,68.3354,21.8075,167.274,167.274,304.0958,92.8261
851,cnn,baseline,jetson_emulator,50,local,0.5,80.5035,66.8615,80.5035,82.4445,20.8495,167.274,167.274,308.6817,92.788
852,cnn,baseline,jetson_emulator,50,offload,0.5,80.3687,66.5717,66.5717,69.0437,21.8387,167.274,167.274,304.4059,92.7836
853,cnn,baseline,jetson_emulator,50,offload,0.5,80.481,66.1017,66.1017,68.3346,21.8737,167.274,167.274,304.561,92.7415
854,cnn,baseline,jetson_emulator,50,local,0.5,80.2578,66.2078,80.2578,82.9816,20.8662,167.274,167.274,309.1536,92.7737
855,cnn,baseline,jetson_emulator,50,local,0.5,80.3244,66.3152,80.3244,83.1963,20.8616,167.274,167.274,309.311,92.8438
856,cnn,baseline,jetson_emulator,50,offload,0.5,80.4233,68.4384,68.4384,70.6149,21.7007,167.274,167.274,305.0261,92.7967
857,cnn,baseline,jetson_emulator,50,offload,0.5,81.2978,67.2492,67.2492,70.0141,21.7884,167.274,167.274,305.1812,92.7838
858,cnn,baseline,jetson_emulator,50,local,0.5,80.7692,68.007,80.7692,82.875,20.8315,167.274,167.274,309.7829,92.8643
859,cnn,baseline,jetson_emulator,50,offload,0.5,80.9692,67.3438,67.3438,69.3433,21.7814,167.274,167.274,305.4913,92.7914
860,cnn,baseline,jetson_emulator,50,offload,0.5,81.1642,67.035,67.035,68.8942,21.8043,167.274,167.274,305.6464,92.7054
861,cnn,baseline,jetson_emulator,50,local,0.5,81.5203,68.1642,81.5203,84.0214,20.7808,167.274,167.274,310.2549,92.8198
862,cnn,baseline,jetson_emulator,50,offload,0.5,81.6212,67.9899,67.9899,69.8386,21.7337,167.274,167.274,305.9565,92.7407
863,cnn,baseline,jetson_emulator,50,offload,0.5,82.2549,67.8571,67.8571,70.1651,21.7435,167.274,167.274,306.1116,92.7776
864,cnn,baseline,jetson_emulator,50,local,0.5,82.0243,67.7596,82.0243,84.0323,20.7469,167.274,167.274,310.7268,92.7611
865,cnn,baseline,jetson_emulator,50,offload,0.5,82.2228,68.7224,68.7224,69.6938,21.6799,167.274,167.274,306.4217,92.6659
866,cnn,baseline,jetson_emulator,50,local,0.5,83.3895,69.0688,83.3895,85.3112,20.6557,167.274,167.274,311.0415,92.7441
867,cnn,baseline,jetson_emulator,50,offload,0.5,82.6736,68.9216,68.9216,70.8445,21.6653,167.274,167.274,306.7318,92.8395
868,cnn,baseline,jetson_emulator,50,offload,0.5,82.6276,68.6754,68.6754,70.3551,21.6834,167.274,167.274,306.8869,92.7999
869,cnn,baseline,jetson_emulator,50,offload,0.5,82.9675,68.9842,68.9842,71.3084,21.6607,167.274,167.274,307.042,92.8291
870,cnn,baseline,jetson_emulator,50,offload,0.5,83.3142,69.3561,69.3561,70.938,21.6336,167.274,167.274,307.197,92.8037
871,cnn,baseline,jetson_emulator,50,offload,0.5,83.264,68.8847,68.8847,71.7179,21.668,167.274,167.274,307.3521,92.8131
872,cnn,baseline,jetson_emulator,50,offload,0.5,83.2458,68.4991,68.4991,70.6282,21.6963,167.274,167.274,307.5072,92.7053
873,cnn,baseline,jetson_emulator,50,offload,0.5,83.1139,68.8253,68.8253,71.2652,21.6724,167.274,167.274,307.6622,92.7903
874,cnn,baseline,jetson_emulator,50,offload,0.5,83.506,68.9263,68.9263,71.0445,21.665,167.274,167.274,307.8173,92.8245
875,cnn,baseline,jetson_emulator,50,local,0.5,84.2608,69.1919,84.2608,86.0709,20.5979,167.274,167.274,312.4574,92.7504
876,cnn,baseline,jetson_emulator,50,offload,0.5,83.416,69.2827,69.2827,71.8052,21.6389,167.274,167.274,308.1274,92.8453
877,cnn,baseline,jetson_emulator,50,offload,0.5,83.5956,71.3559,71.3559,72.8159,21.4886,167.274,167.274,308.2825,92.8175
878,cnn,baseline,jetson_emulator,50,local,0.5,83.7808,70.0459,83.7808,85.1374,20.6297,167.274,167.274,312.9293,92.8017
879,cnn,baseline,jetson_emulator,50,offload,0.5,83.9431,69.8898,69.8898,71.5342,21.5947,167.274,167.274,308.5926,92.8246
880,cnn,baseline,jetson_emulator,50,local,0.5,84.181,70.1727,84.181,86.1274,20.6032,167.274,167.274,313.244,92.8891
881,cnn,baseline,jetson_emulator,50,offload,0.5,85.2826,69.8107,69.8107,72.2304,21.6004,167.274,167.274,308.9027,92.7883
882,cnn,baseline,jetson_emulator,50,offload,0.5,84.5763,69.8014,69.8014,71.7716,21.6011,167.274,167.274,309.0578,92.7815
883,cnn,baseline,jetson_emulator,50,offload,0.5,84.817,71.0046,71.0046,71.75,21.5139,167.274,167.274,309.2128,92.7914
884,cnn,baseline,jetson_emulator,50,local,0.5,85.7519,70.3266,85.7519,87.8563,20.4997,167.274,167.274,313.8733,92.7312
885,cnn,baseline,jetson_emulator,50,local,0.5,84.846,70.3591,84.846,87.0316,20.5592,167.274,167.274,314.0306,92.8751
886,cnn,baseline,jetson_emulator,50,offload,0.5,85.0953,71.0042,71.0042,73.1452,21.5139,167.274,167.274,309.678,92.7632
887,cnn,baseline,jetson_emulator,50,offload,0.5,85.9607,70.7978,70.7978,72.3563,21.5289,167.274,167.274,309.8331,92.7695
888,cnn,baseline,jetson_emulator,50,offload,0.5,85.7017,70.4997,70.4997,72.4945,21.5504,167.274,167.274,309.9882,92.8598
889,cnn,baseline,jetson_emulator,50,offload,0.5,85.392,71.5312,71.5312,73.7888,21.476,167.274,167.274,310.1432,92.8145
890,cnn,baseline,jetson_emulator,50,offload,0.5,85.3553,71.5031,71.5031,74.3522,21.478,167.274,167.274,310.2983,92.7134
891,cnn,baseline,jetson_emulator,50,offload,0.5,85.7164,70.8565,70.8565,72.3682,21.5246,167.274,167.274,310.4534,92.7442
892,cnn,baseline,jetson_emulator,50,local,0.5,86.3539,70.8427,86.3539,88.0438,20.4603,167.274,167.274,315.1318,92.7885
893,cnn,baseline,jetson_emulator,50,offload,0.5,86.0561,72.8714,72.8714,74.8439,21.38,167.274,167.274,310.7635,92.8004
894,cnn,baseline,jetson_emulator,50,local,0.5,86.1405,71.5324,86.1405,87.6217,20.4743,167.274,167.274,315.4465,92.6956
895,cnn,baseline,jetson_emulator,50,offload,0.5,86.6363,72.2637,72.2637,73.8409,21.4234,167.274,167.274,311.0736,92.7986
896,cnn,baseline,jetson_emulator,50,local,0.5,86.5139,72.1299,86.5139,88.0969,20.4499,167.274,167.274,315.7611,92.8015
897,cnn,baseline,jetson_emulator,50,offload,0.5,86.735,71.2497,71.2497,73.3498,21.4962,167.274,167.274,311.3837,92.7475
898,cnn,baseline,jetson_emulator,50,local,0.5,87.4571,72.8157,87.4571,89.8121,20.3886,167.274,167.274,316.0758,92.765
899,cnn,baseline,jetson_emulator,50,offload,0.5,87.2897,72.1059,72.1059,73.9968,21.4347,167.274,167.274,311.6939,92.8171
900,cnn,baseline,jetson_emulator,50,local,0.5,86.7326,72.6092,86.7326,88.6359,20.4356,167.274,167.274,316.3904,92.7675
901,cnn,baseline,jetson_emulator,50,offload,0.5,87.3476,71.7545,71.7545,73.8124,21.4599,167.274,167.274,312.004,92.856
902,cnn,baseline,jetson_emulator,50,offload,0.5,87.3312,71.8626,71.8626,73.7698,21.4522,167.274,167.274,312.159,92.8322
903,cnn,baseline,jetson_emulator,50,local,0.5,87.0428,71.9011,87.0428,88.7665,20.4154,167.274,167.274,316.8624,92.8293
904,cnn,baseline,jetson_emulator,50,local,0.5,87.4045,72.3342,87.4045,88.908,20.392,167.274,167.274,317.0197,92.7516
905,cnn,baseline,jetson_emulator,50,local,0.5,88.411,72.1011,88.411,89.9719,20.3269,167.274,167.274,317.177,92.7662
906,cnn,baseline,jetson_emulator,50,offload,0.5,87.2947,72.606,72.606,74.7185,21.399,167.274,167.274,312.7793,92.7389
907,cnn,baseline,jetson_emulator,50,offload,0.5,88.1276,72.8873,72.8873,74.816,21.3789,167.274,167.274,312.9344,92.7601
908,cnn,baseline,jetson_emulator,50,offload,0.5,87.4499,72.589,72.589,74.237,21.4002,167.274,167.274,313.0894,92.8849
909,cnn,baseline,jetson_emulator,50,offload,0.5,87.4524,72.515,72.515,74.7278,21.4055,167.274,167.274,313.2445,92.8475
910,cnn,baseline,jetson_emulator,50,offload,0.5,87.7604,73.5044,73.5044,75.4466,21.335,167.274,167.274,313.3995,92.779
911,cnn,baseline,jetson_emulator,50,local,0.5,88.7902,72.7966,88.7902,90.4834,20.3025,167.274,167.274,318.1209,92.8166
912,cnn,baseline,jetson_emulator,50,offload,0.5,88.1357,73.6893,73.6893,75.5385,21.3219,167.274,167.274,313.7097,92.8205
913,cnn,baseline,jetson_emulator,50,offload,0.5,88.0441,73.0066,73.0066,74.9939,21.3704,167.274,167.274,313.8647,92.6961
914,cnn,baseline,jetson_emulator,50,offload,0.5,88.8571,73.0145,73.0145,75.4345,21.3698,167.274,167.274,314.0198,92.7402
915,cnn,baseline,jetson_emulator,50,offload,0.5,88.1538,74.5179,74.5179,76.0937,21.2633,167.274,167.274,314.1749,92.803
916,cnn,baseline,jetson_emulator,50,offload,0.5,88.6147,73.2689,73.2689,74.9319,21.3517,167.274,167.274,314.3299,92.8211
917,cnn,baseline,jetson_emulator,50,local,0.5,88.4726,73.4421,88.4726,90.5281,20.3229,167.274,167.274,319.0649,92.8633
918,cnn,baseline,jetson_emulator,50,offload,0.5,88.4612,73.3132,73.3132,75.8329,21.3486,167.274,167.274,314.6401,92.8355
919,cnn,baseline,jetson_emulator,50,local,0.5,89.2909,73.8238,89.2909,90.7952,20.2704,167.274,167.274,319.3795,92.829
920,cnn,baseline,jetson_emulator,50,local,0.5,89.5608,73.2994,89.5608,91.4762,20.2531,167.274,167.274,319.5368,92.8765
921,cnn,baseline,jetson_emulator,50,offload,0.5,89.4427,73.3423,73.3423,75.4121,21.3465,167.274,167.274,315.1052,92.8229
922,cnn,baseline,jetson_emulator,50,local,0.5,88.4788,74.4219,88.4788,90.2477,20.3225,167.274,167.274,319.8515,92.7454
923,cnn,baseline,jetson_emulator,50,local,0.5,88.772,73.3078,88.772,90.415,20.3037,167.274,167.274,320.0088,92.8366
924,cnn,baseline,jetson_emulator,50,local,0.5,88.6654,74.5715,88.6654,90.9478,20.3105,167.274,167.274,320.1661,92.8024
925,cnn,baseline,jetson_emulator,50,local,0.5,90.1513,74.9086,90.1513,92.0273,20.2154,167.274,167.274,320.3234,92.7505
926,cnn,baseline,jetson_emulator,50,local,0.5,89.6965,74.7339,89.6965,91.9156,20.2444,167.274,167.274,320.4808,92.7763
927,cnn,baseline,jetson_emulator,50,local,0.5,89.4162,73.6886,89.4162,90.9532,20.2624,167.274,167.274,320.6381,92.7826
928,cnn,baseline,jetson_emulator,50,local,0.5,89.9877,74.8163,89.9877,91.9187,20.2258,167.274,167.274,320.7954,92.8123
929,cnn,baseline,jetson_emulator,50,offload,0.5,89.6076,75.22,75.22,76.7618,21.2139,167.274,167.274,316.3457,92.81
930,cnn,baseline,jetson_emulator,50,local,0.5,88.9367,74.3505,88.9367,90.8107,20.2931,167.274,167.274,321.11,92.8293
931,cnn,baseline,jetson_emulator,50,offload,0.5,90.2923,74.5035,74.5035,76.8092,21.2643,167.274,167.274,316.6559,92.7687
932,cnn,baseline,jetson_emulator,50,local,0.5,89.3643,74.018,89.3643,91.2531,20.2657,167.274,167.274,321.4247,92.8009
933,cnn,baseline,jetson_emulator,50,local,0.5,89.2064,74.0499,89.2064,91.643,20.2758,167.274,167.274,321.582,92.718
934,cnn,baseline,jetson_emulator,50,offload,0.5,89.3571,73.6751,73.6751,76.1499,21.3229,167.274,167.274,317.1211,92.7473
935,cnn,baseline,jetson_emulator,50,offload,0.5,89.2546,73.7268,73.7268,75.1444,21.3192,167.274,167.274,317.2761,92.7866
936,cnn,baseline,jetson_emulator,50,local,0.5,89.7953,74.9641,89.7953,92.2935,20.2381,167.274,167.274,322.054,92.7839
937,cnn,baseline,jetson_emulator,50,local,0.5,89.684,73.9218,89.684,91.6665,20.2452,167.274,167.274,322.2113,92.8409
938,cnn,baseline,jetson_emulator,50,offload,0.5,89.2481,74.401,74.401,77.0463,21.2715,167.274,167.274,317.7413,92.8444
939,cnn,baseline,jetson_emulator,50,local,0.5,89.4172,74.9189,89.4172,91.4784,20.2623,167.274,167.274,322.5259,92.7612
940,cnn,baseline,jetson_emulator,50,local,0.5,89.5344,74.2305,89.5344,91.1317,20.2548,167.274,167.274,322.6833,92.8411
941,cnn,baseline,jetson_emulator,50,offload,0.5,90.3515,74.1054,74.1054,76.1623,21.2924,167.274,167.274,318.2065,92.7706
942,cnn,baseline,jetson_emulator,50,offload,0.5,89.8058,74.1926,74.1926,76.0927,21.2863,167.274,167.274,318.3616,92.6422
943,cnn,baseline,jetson_emulator,50,local,0.5,90.2253,73.9642,90.2253,92.2347,20.2107,167.274,167.274,323.1552,92.7664
944,cnn,baseline,jetson_emulator,50,offload,0.5,90.5051,74.602,74.602,76.276,21.2574,167.274,167.274,318.6717,92.7181
945,cnn,baseline,jetson_emulator,50,local,0.5,90.0167,74.4129,90.0167,91.1234,20.224,167.274,167.274,323.4699,92.7893
946,cnn,baseline,jetson_emulator,50,offload,0.5,89.7775,74.6242,74.6242,76.8367,21.2558,167.274,167.274,318.9818,92.7836
947,cnn,baseline,jetson_emulator,50,offload,0.5,89.4918,74.5611,74.5611,76.2942,21.2603,167.274,167.274,319.1369,92.8541
948,cnn,baseline,jetson_emulator,50,offload,0.5,89.4635,74.3797,74.3797,76.455,21.273,167.274,167.274,319.2919,92.8358
949,cnn,baseline,jetson_emulator,50,offload,0.5,90.8189,75.6121,75.6121,77.3452,21.1864,167.274,167.274,319.447,92.8171
950,cnn,baseline,jetson_emulator,50,offload,0.5,90.0612,74.7064,74.7064,77.3992,21.25,167.274,167.274,319.6021,92.8008
951,cnn,baseline,jetson_emulator,50,offload,0.5,90.4917,74.1049,74.1049,75.8382,21.2925,167.274,167.274,319.7571,92.7896
952,cnn,baseline,jetson_emulator,50,offload,0.5,90.0419,75.1321,75.1321,76.4976,21.2201,167.274,167.274,319.9122,92.8452
953,cnn,baseline,jetson_emulator,50,offload,0.5,89.5385,74.7498,74.7498,76.435,21.247,167.274,167.274,320.0673,92.8058
954,cnn,baseline,jetson_emulator,50,local,0.5,89.9974,74.4312,89.9974,92.2482,20.2252,167.274,167.274,324.8858,92.8414
955,cnn,baseline,jetson_emulator,50,offload,0.5,89.7626,74.6929,74.6929,76.4749,21.251,167.274,167.274,320.3774,92.7257
956,cnn,baseline,jetson_emulator,50,offload,0.5,90.1088,74.1561,74.1561,76.2463,21.2888,167.274,167.274,320.5324,92.7864
957,cnn,baseline,jetson_emulator,50,local,0.5,89.9443,74.108,89.9443,91.6992,20.2286,167.274,167.274,325.3577,92.761
958,cnn,baseline,jetson_emulator,50,local,0.5,89.5392,75.0781,89.5392,91.044,20.2545,167.274,167.274,325.515,92.8165
959,cnn,baseline,jetson_emulator,50,local,0.5,89.9198,74.3192,89.9198,92.8236,20.2302,167.274,167.274,325.6724,92.7804
960,cnn,baseline,jetson_emulator,50,local,0.5,90.0098,75.3598,90.0098,91.7641,20.2244,167.274,167.274,325.8297,92.8213
961,cnn,baseline,jetson_emulator,50,offload,0.5,89.9755,74.1815,74.1815,76.0422,21.287,167.274,167.274,321.3078,92.7572
962,cnn,baseline,jetson_emulator,50,local,0.5,89.7597,74.9797,89.7597,91.2314,20.2404,167.274,167.274,326.1443,92.8349
963,cnn,baseline,jetson_emulator,50,local,0.5,89.6546,74.6781,89.6546,91.8491,20.2471,167.274,167.274,326.3016,92.755
964,cnn,baseline,jetson_emulator,50,offload,0.5,89.4414,74.1685,74.1685,76.3966,21.288,167.274,167.274,321.773,92.7247
965,cnn,baseline,jetson_emulator,50,local,0.5,90.3457,74.3161,90.3457,92.8053,20.203,167.274,167.274,326.6163,92.5958
966,cnn,baseline,jetson_emulator,50,local,0.5,89.7804,74.0995,89.7804,92.5452,20.2391,167.274,167.274,326.7736,92.7535
967,cnn,baseline,jetson_emulator,50,offload,0.5,90.4673,74.1048,74.1048,76.3899,21.2925,167.274,167.274,322.2381,92.7097
968,cnn,baseline,jetson_emulator,50,offload,0.5,90.1007,74.6679,74.6679,76.6761,21.2527,167.274,167.274,322.3932,92.8377
969,cnn,baseline,jetson_emulator,50,offload,0.5,89.7239,73.8688,73.8688,75.5471,21.3092,167.274,167.274,322.5483,92.8363
970,cnn,baseline,jetson_emulator,50,offload,0.5,89.8814,74.6459,74.6459,76.6694,21.2543,167.274,167.274,322.7033,92.833
971,cnn,baseline,jetson_emulator,50,offload,0.5,89.4471,74.3032,74.3032,76.0381,21.2784,167.274,167.274,322.8584,92.8413
972,cnn,baseline,jetson_emulator,50,offload,0.5,89.3535,74.7542,74.7542,76.7822,21.2467,167.274,167.274,323.0135,92.7844
973,cnn,baseline,jetson_emulator,50,local,0.5,89.6292,74.3833,89.6292,91.2552,20.2487,167.274,167.274,327.8749,92.8792
974,cnn,baseline,jetson_emulator,50,offload,0.5,89.4812,74.3321,74.3321,75.6529,21.2764,167.274,167.274,323.3236,92.7784
975,cnn,baseline,jetson_emulator,50,local,0.5,89.8434,74.8688,89.8434,92.0224,20.235,167.274,167.274,328.1895,92.7628
976,cnn,baseline,jetson_emulator,50,local,0.5,89.0889,74.8993,89.0889,91.1497,20.2833,167.274,167.274,328.3468,92.782
977,cnn,baseline,jetson_emulator,50,local,0.5,89.4687,75.0931,89.4687,90.7962,20.259,167.274,167.274,328.5041,92.8111
978,cnn,baseline,jetson_emulator,50,offload,0.5,89.6623,73.8145,73.8145,75.2864,21.313,167.274,167.274,323.9438,92.8086
979,cnn,baseline,jetson_emulator,50,offload,0.5,89.145,73.6522,73.6522,75.6326,21.3245,167.274,167.274,324.0989,92.8277
980,cnn,baseline,jetson_emulator,50,local,0.5,90.2196,74.1061,90.2196,92.6147,20.211,167.274,167.274,328.9761,92.7595
981,cnn,baseline,jetson_emulator,50,offload,0.5,90.0666,74.4688,74.4688,76.9165,21.2668,167.274,167.274,324.409,92.8793
982,cnn,baseline,jetson_emulator,50,local,0.5,90.1326,73.7053,90.1326,91.6541,20.2166,167.274,167.274,329.2907,92.7421
983,cnn,baseline,jetson_emulator,50,local,0.5,89.0057,73.5319,89.0057,91.8479,20.2887,167.274,167.274,329.4481,92.7211
984,cnn,baseline,jetson_emulator,50,offload,0.5,88.8132,74.0947,74.0947,76.1164,21.2932,167.274,167.274,324.8742,92.8418
985,cnn,baseline,jetson_emulator,50,local,0.5,89.7701,74.6579,89.7701,92.2754,20.2397,167.274,167.274,329.7627,92.7694
986,cnn,baseline,jetson_emulator,50,offload,0.5,89.3075,73.395,73.395,74.8092,21.3428,167.274,167.274,325.1843,92.8014
987,cnn,baseline,jetson_emulator,50,local,0.5,88.7421,74.1306,88.7421,90.1572,20.3056,167.274,167.274,330.0774,92.7488
988,cnn,baseline,jetson_emulator,50,local,0.5,89.3274,73.4339,89.3274,91.1225,20.268,167.274,167.274,330.2347,92.8317
989,cnn,baseline,jetson_emulator,50,local,0.5,88.6593,73.5461,88.6593,89.4132,20.3109,167.274,167.274,330.392,92.7169
990,cnn,baseline,jetson_emulator,50,local,0.5,89.4849,73.6079,89.4849,90.8145,20.258,167.274,167.274,330.5493,92.8234
991,cnn,baseline,jetson_emulator,50,offload,0.5,89.0525,73.2039,73.2039,74.8614,21.3563,167.274,167.274,325.9597,92.8886
992,cnn,baseline,jetson_emulator,50,local,0.5,89.434,74.0624,89.434,92.013,20.2612,167.274,167.274,330.864,92.811
993,cnn,baseline,jetson_emulator,50,offload,0.5,89.1082,74.0332,74.0332,75.9772,21.2975,167.274,167.274,326.2698,92.7366
994,cnn,baseline,jetson_emulator,50,offload,0.5,88.5533,73.6593,73.6593,75.5173,21.324,167.274,167.274,326.4248,92.777
995,cnn,baseline,jetson_emulator,50,local,0.5,88.7499,74.5778,88.7499,91.0813,20.3051,167.274,167.274,331.3359,92.8826
996,cnn,baseline,jetson_emulator,50,offload,0.5,88.3048,73.1022,73.1022,75.2329,21.3636,167.274,167.274,326.735,92.7252
997,cnn,baseline,jetson_emulator,50,local,0.5,88.5067,73.6629,88.5067,90.2902,20.3207,167.274,167.274,331.6506,92.7651
998,cnn,baseline,jetson_emulator,50,local,0.5,88.3751,73.8632,88.3751,90.4183,20.3292,167.274,167.274,331.8079,92.716
999,cnn,baseline,jetson_emulator,50,local,0.5,88.2482,73.3724,88.2482,89.0837,20.3374,167.274,167.274,331.9652,92.8343
1000,cnn,baseline,jetson_emulator,50,offload,0.5,89.1501,73.5362,73.5362,75.1948,21.3327,167.274,167.274,327.3552,92.7458
1001,cnn,baseline,jetson_emulator,50,offload,0.5,88.4371,73.4778,73.4778,76.298,21.3369,167.274,167.274,327.5103,92.8401
1002,cnn,baseline,jetson_emulator,50,local,0.5,88.5005,74.1769,88.5005,90.8244,20.3211,167.274,167.274,332.4372,92.7355
1003,cnn,baseline,jetson_emulator,50,local,0.5,87.9929,72.7421,87.9929,88.9519,20.3539,167.274,167.274,332.5945,92.7877
1004,cnn,baseline,jetson_emulator,50,local,0.5,87.9644,72.8172,87.9644,90.2008,20.3557,167.274,167.274,332.7518,92.7704
1005,cnn,baseline,jetson_emulator,50,offload,0.5,88.9863,73.1583,73.1583,74.997,21.3596,167.274,167.274,328.1305,92.7626
1006,cnn,baseline,jetson_emulator,50,offload,0.5,88.3027,72.6659,72.6659,74.1596,21.3947,167.274,167.274,328.2856,92.8015
1007,cnn,baseline,jetson_emulator,50,local,0.5,88.4534,72.7157,88.4534,90.0995,20.3242,167.274,167.274,333.2238,92.753
1008,cnn,baseline,jetson_emulator,50,local,0.5,88.4743,72.6802,88.4743,89.9477,20.3228,167.274,167.274,333.3811,92.7843
1009,cnn,baseline,jetson_emulator,50,offload,0.5,88.0204,73.0191,73.0191,75.2494,21.3695,167.274,167.274,328.7508,92.8203
1010,cnn,baseline,jetson_emulator,50,offload,0.5,89.2244,73.5034,73.5034,75.6808,21.3351,167.274,167.274,328.9058,92.7792
1011,cnn,baseline,jetson_emulator,50,offload,0.5,87.7694,72.653,72.653,75.3252,21.3956,167.274,167.274,329.0609,92.9173
1012,cnn,baseline,jetson_emulator,50,local,0.5,89.0861,73.983,89.0861,91.0226,20.2835,167.274,167.274,334.0104,92.7753
1013,cnn,baseline,jetson_emulator,50,offload,0.5,88.183,72.5036,72.5036,74.1579,21.4063,167.274,167.274,329.371,92.8662
1014,cnn,baseline,jetson_emulator,50,offload,0.5,88.2496,73.5321,73.5321,75.3457,21.333,167.274,167.274,329.5261,92.7957
1015,cnn,baseline,jetson_emulator,50,offload,0.5,87.5869,72.5474,72.5474,74.4649,21.4031,167.274,167.274,329.6812,92.8448
1016,cnn,baseline,jetson_emulator,50,offload,0.5,88.0075,72.4236,72.4236,73.6148,21.412,167.274,167.274,329.8362,92.8226
1017,cnn,baseline,jetson_emulator,50,offload,0.5,87.7429,72.7544,72.7544,75.1505,21.3884,167.274,167.274,329.9913,92.8063
1018,cnn,baseline,jetson_emulator,50,offload,0.5,87.5108,73.4728,73.4728,75.4817,21.3372,167.274,167.274,330.1464,92.7494
1019,cnn,baseline,jetson_emulator,50,local,0.5,87.9103,72.4889,87.9103,89.5081,20.3592,167.274,167.274,335.1116,92.7526
1020,cnn,baseline,jetson_emulator,50,offload,0.5,87.4148,73.2114,73.2114,75.3838,21.3558,167.274,167.274,330.4565,92.7977
1021,cnn,baseline,jetson_emulator,50,offload,0.5,87.367,72.1681,72.1681,73.3447,21.4303,167.274,167.274,330.6115,92.7572
1022,cnn,baseline,jetson_emulator,50,offload,0.5,87.2321,72.1779,72.1779,73.6334,21.4296,167.274,167.274,330.7666,92.8404
1023,cnn,baseline,jetson_emulator,50,local,0.5,87.371,72.9034,87.371,89.3481,20.3941,167.274,167.274,335.7409,92.9094
1024,cnn,baseline,jetson_emulator,50,offload,0.5,87.4496,72.4799,72.4799,74.7277,21.408,167.274,167.274,331.0767,92.7759
1025,cnn,baseline,jetson_emulator,50,local,0.5,87.5171,72.2831,87.5171,89.0852,20.3847,167.274,167.274,336.0556,92.7955
1026,cnn,baseline,jetson_emulator,50,local,0.5,87.3585,72.2896,87.3585,89.4443,20.395,167.274,167.274,336.2129,92.7212
1027,cnn,baseline,jetson_emulator,50,offload,0.5,87.3145,73.2896,73.2896,76.1923,21.3503,167.274,167.274,331.5419,92.7685
1028,cnn,baseline,jetson_emulator,50,local,0.5,87.9025,72.5375,87.9025,89.7115,20.3597,167.274,167.274,336.5275,92.7833
1029,cnn,baseline,jetson_emulator,50,offload,0.5,87.8346,73.4407,73.4407,75.8719,21.3395,167.274,167.274,331.852,92.7586
1030,cnn,baseline,jetson_emulator,50,local,0.5,87.5101,72.7509,87.5101,89.2366,20.3851,167.274,167.274,336.8422,92.811
1031,cnn,baseline,jetson_emulator,50,offload,0.5,87.3544,72.8908,72.8908,75.3727,21.3786,167.274,167.274,332.1622,92.8474
1032,cnn,baseline,jetson_emulator,50,local,0.5,87.3988,72.7397,87.3988,89.1989,20.3923,167.274,167.274,337.1568,92.7786
1033,cnn,baseline,jetson_emulator,50,offload,0.5,87.4714,73.1431,73.1431,75.3314,21.3607,167.274,167.274,332.4723,92.9179
1034,cnn,baseline,jetson_emulator,50,local,0.5,87.221,73.1992,87.221,89.4982,20.4039,167.274,167.274,337.4714,92.845
1035,cnn,baseline,jetson_emulator,50,local,0.5,87.2356,72.6982,87.2356,89.6323,20.4029,167.274,167.274,337.6288,92.8038
1036,cnn,baseline,jetson_emulator,50,local,0.5,87.6953,72.1978,87.6953,89.7604,20.3731,167.274,167.274,337.7861,92.777
1037,cnn,baseline,jetson_emulator,50,local,0.5,88.1364,73.0695,88.1364,90.3389,20.3446,167.274,167.274,337.9434,92.8497
1038,cnn,baseline,jetson_emulator,50,offload,0.5,88.3728,72.6061,72.6061,74.1539,21.399,167.274,167.274,333.2476,92.9137
1039,cnn,baseline,jetson_emulator,50,local,0.5,87.606,72.2379,87.606,89.1081,20.3789,167.274,167.274,338.2581,92.691
1040,cnn,baseline,jetson_emulator,50,offload,0.5,87.1558,72.3932,72.3932,74.5531,21.4142,167.274,167.274,333.5577,92.7523
1041,cnn,baseline,jetson_emulator,50,offload,0.5,87.4149,71.8379,71.8379,73.5675,21.4539,167.274,167.274,333.7128,92.8402
1042,cnn,baseline,jetson_emulator,50,offload,0.5,86.9122,71.9734,71.9734,74.1492,21.4442,167.274,167.274,333.8679,92.8523
1043,cnn,baseline,jetson_emulator,50,local,0.5,86.8968,71.8638,86.8968,88.8438,20.4249,167.274,167.274,338.8873,92.7592
1044,cnn,baseline,jetson_emulator,50,offload,0.5,87.8527,73.0059,73.0059,74.4799,21.3704,167.274,167.274,334.178,92.926
1045,cnn,baseline,jetson_emulator,50,offload,0.5,87.0675,72.0819,72.0819,74.3013,21.4364,167.274,167.274,334.3331,92.8008
1046,cnn,baseline,jetson_emulator,50,offload,0.5,87.9339,71.9474,71.9474,74.1433,21.4461,167.274,167.274,334.4881,92.7597
1047,cnn,baseline,jetson_emulator,50,local,0.5,86.8819,71.7834,86.8819,88.0664,20.4259,167.274,167.274,339.5166,92.8365
1048,cnn,baseline,jetson_emulator,50,local,0.5,86.9286,73.044,86.9286,88.5104,20.4229,167.274,167.274,339.6739,92.8095
1049,cnn,baseline,jetson_emulator,50,local,0.5,87.4043,71.9949,87.4043,89.5068,20.392,167.274,167.274,339.8313,92.7927
1050,cnn,baseline,jetson_emulator,50,offload,0.5,87.2799,72.7995,72.7995,75.2407,21.3851,167.274,167.274,335.1084,92.7623
1051,cnn,baseline,jetson_emulator,50,offload,0.5,87.4957,73.0184,73.0184,75.7427,21.3695,167.274,167.274,335.2634,92.7315
1052,cnn,baseline,jetson_emulator,50,local,0.5,87.0384,73.0154,87.0384,88.2276,20.4157,167.274,167.274,340.3032,92.7484
1053,cnn,baseline,jetson_emulator,50,local,0.5,86.8316,72.1606,86.8316,88.4322,20.4292,167.274,167.274,340.4606,92.6326
1054,cnn,baseline,jetson_emulator,50,local,0.5,87.3164,71.795,87.3164,89.4657,20.3977,167.274,167.274,340.6179,92.8305
1055,cnn,baseline,jetson_emulator,50,local,0.5,88.3661,72.1868,88.3661,90.9269,20.3298,167.274,167.274,340.7752,92.7317
1056,cnn,baseline,jetson_emulator,50,offload,0.5,87.5844,72.8725,72.8725,75.3138,21.3799,167.274,167.274,336.0387,92.8483
1057,cnn,baseline,jetson_emulator,50,local,0.5,87.8535,71.9708,87.8535,90.1439,20.3629,167.274,167.274,341.0898,92.7434
1058,cnn,baseline,jetson_emulator,50,offload,0.5,86.9877,72.4695,72.4695,73.9957,21.4087,167.274,167.274,336.3489,92.6857
1059,cnn,baseline,jetson_emulator,50,local,0.5,88.1935,72.0122,88.1935,90.1066,20.3409,167.274,167.274,341.4045,92.7775
1060,cnn,baseline,jetson_emulator,50,local,0.5,87.0789,71.853,87.0789,88.9431,20.4131,167.274,167.274,341.5618,92.8131
1061,cnn,baseline,jetson_emulator,50,offload,0.5,88.1777,72.5677,72.5677,74.8815,21.4017,167.274,167.274,336.8141,92.8889
1062,cnn,baseline,jetson_emulator,50,local,0.5,87.3236,72.0667,87.3236,89.4284,20.3972,167.274,167.274,341.8764,92.7822
1063,cnn,baseline,jetson_emulator,50,offload,0.5,87.1415,72.0819,72.0819,74.2013,21.4364,167.274,167.274,337.1242,92.8432
1064,cnn,baseline,jetson_emulator,50,offload,0.5,87.5012,72.1146,72.1146,73.5572,21.4341,167.274,167.274,337.2792,92.7796
1065,cnn,baseline,jetson_emulator,50,local,0.5,87.2966,72.6838,87.2966,89.438,20.399,167.274,167.274,342.3484,92.7928
1066,cnn,baseline,jetson_emulator,50,offload,0.5,87.9146,72.3416,72.3416,74.4251,21.4179,167.274,167.274,337.5894,92.7961
1067,cnn,baseline,jetson_emulator,50,local,0.5,87.2622,72.0494,87.2622,89.6332,20.4012,167.274,167.274,342.663,92.786
1068,cnn,baseline,jetson_emulator,50,local,0.5,87.2476,72.0724,87.2476,89.0273,20.4022,167.274,167.274,342.8204,92.848
1069,cnn,baseline,jetson_emulator,50,offload,0.5,87.7091,72.5242,72.5242,73.9452,21.4048,167.274,167.274,338.0546,92.7922
1070,cnn,baseline,jetson_emulator,50,offload,0.5,87.2793,73.2662,73.2662,74.2341,21.3519,167.274,167.274,338.2096,92.7944
1071,cnn,baseline,jetson_emulator,50,offload,0.5,87.6327,72.1818,72.1818,73.8271,21.4293,167.274,167.274,338.3647,92.7903
1072,cnn,baseline,jetson_emulator,50,offload,0.5,87.4665,72.4971,72.4971,74.2858,21.4067,167.274,167.274,338.5198,92.8877
1073,cnn,baseline,jetson_emulator,50,local,0.5,87.5543,72.3279,87.5543,89.4754,20.3823,167.274,167.274,343.607,92.7435
1074,cnn,baseline,jetson_emulator,50,local,0.5,87.5054,72.8759,87.5054,89.1165,20.3854,167.274,167.274,343.7643,92.7417
1075,cnn,baseline,jetson_emulator,50,offload,0.5,88.3252,74.1113,74.1113,75.6428,21.292,167.274,167.274,338.9849,92.8098
1076,cnn,baseline,jetson_emulator,50,offload,0.5,88.1604,72.5574,72.5574,75.138,21.4024,167.274,167.274,339.14,92.868
1077,cnn,baseline,jetson_emulator,50,local,0.5,87.705,72.6694,87.705,89.926,20.3725,167.274,167.274,344.2363,92.7916
1078,cnn,baseline,jetson_emulator,50,local,0.5,87.7207,72.7906,87.7207,89.433,20.3715,167.274,167.274,344.3936,92.7972
1079,cnn,baseline,jetson_emulator,50,offload,0.5,87.9314,74.2629,74.2629,76.6712,21.2813,167.274,167.274,339.6052,92.8832
1080,cnn,baseline,jetson_emulator,50,offload,0.5,88.9718,72.8472,72.8472,74.6904,21.3817,167.274,167.274,339.7603,92.8136
1081,cnn,baseline,jetson_emulator,50,local,0.5,88.9457,72.7246,88.9457,90.9283,20.2925,167.274,167.274,344.8655,92.8237
1082,cnn,baseline,jetson_emulator,50,offload,0.5,87.9124,72.7802,72.7802,74.6077,21.3865,167.274,167.274,340.0704,92.8272
1083,cnn,baseline,jetson_emulator,50,offload,0.5,88.2606,73.0395,73.0395,75.3752,21.368,167.274,167.274,340.2254,92.8214
1084,cnn,baseline,jetson_emulator,50,offload,0.5,88.2688,72.8097,72.8097,74.535,21.3844,167.274,167.274,340.3805,92.854
1085,cnn,baseline,jetson_emulator,50,offload,0.5,89.0568,73.8181,73.8181,75.6035,21.3128,167.274,167.274,340.5356,92.726
1086,cnn,baseline,jetson_emulator,50,local,0.5,89.0017,73.2377,89.0017,91.1056,20.2889,167.274,167.274,345.6521,92.7385
1087,cnn,baseline,jetson_emulator,50,local,0.5,88.3552,73.4135,88.3552,90.4586,20.3305,167.274,167.274,345.8095,92.8664
1088,cnn,baseline,jetson_emulator,50,local,0.5,88.8028,74.7667,88.8028,90.8098,20.3017,167.274,167.274,345.9668,92.8588
1089,cnn,baseline,jetson_emulator,50,offload,0.5,88.5602,73.69,73.69,75.7364,21.3218,167.274,167.274,341.1558,92.813
1090,cnn,baseline,jetson_emulator,50,offload,0.5,89.2121,73.1496,73.1496,75.0211,21.3602,167.274,167.274,341.3109,92.7971
1091,cnn,baseline,jetson_emulator,50,local,0.5,88.4806,74.8171,88.4806,90.082,20.3224,167.274,167.274,346.4388,92.7505
1092,cnn,baseline,jetson_emulator,50,local,0.5,88.6483,74.5985,88.6483,90.3074,20.3116,167.274,167.274,346.5961,92.7379
1093,cnn,baseline,jetson_emulator,50,offload,0.5,89.5055,74.3787,74.3787,75.8405,21.2731,167.274,167.274,341.7761,92.8621
1094,cnn,baseline,jetson_emulator,50,offload,0.5,89.1158,73.5614,73.5614,74.4114,21.3309,167.274,167.274,341.9311,92.7645
1095,cnn,baseline,jetson_emulator,50,offload,0.5,89.1584,73.7748,73.7748,75.9284,21.3158,167.274,167.274,342.0862,92.8288
1096,cnn,baseline,jetson_emulator,50,local,0.5,90.2222,73.5361,90.2222,92.2634,20.2109,167.274,167.274,347.2254,92.728
1097,cnn,baseline,jetson_emulator,50,local,0.5,89.6441,74.336,89.6441,91.1381,20.2478,167.274,167.274,347.3827,92.8266
1098,cnn,baseline,jetson_emulator,50,local,0.5,89.4938,73.6847,89.4938,92.0173,20.2574,167.274,167.274,347.54,92.8141
1099,cnn,baseline,jetson_emulator,50,local,0.5,89.9411,74.4625,89.9411,92.192,20.2288,167.274,167.274,347.6973,92.9247
1100,cnn,baseline,jetson_emulator,50,offload,0.5,90.4301,74.2293,74.2293,76.4173,21.2837,167.274,167.274,342.8615,92.7904
1101,cnn,baseline,jetson_emulator,50,local,0.5,89.5257,74.4241,89.5257,90.9018,20.2553,167.274,167.274,348.012,92.7617
1102,cnn,baseline,jetson_emulator,50,offload,0.5,90.2189,74.0506,74.0506,75.7015,21.2963,167.274,167.274,343.1716,92.7432
1103,cnn,baseline,jetson_emulator,50,offload,0.5,89.8315,74.2335,74.2335,75.2382,21.2834,167.274,167.274,343.3267,92.8024
1104,cnn,baseline,jetson_emulator,50,offload,0.5,90.024,74.4081,74.4081,76.0502,21.271,167.274,167.274,343.4818,92.7603
1105,cnn,baseline,jetson_emulator,50,offload,0.5,89.7825,74.5673,74.5673,76.4234,21.2598,167.274,167.274,343.6368,92.7941
1106,cnn,baseline,jetson_emulator,50,offload,0.5,90.7663,75.3359,75.3359,77.3891,21.2058,167.274,167.274,343.7919,92.8348
1107,cnn,baseline,jetson_emulator,50,offload,0.5,90.4313,74.3203,74.3203,75.9816,21.2772,167.274,167.274,343.947,92.7169
1108,cnn,baseline,jetson_emulator,50,offload,0.5,90.0686,75.8858,75.8858,78.8967,21.1673,167.274,167.274,344.102,92.7479
1109,cnn,baseline,jetson_emulator,50,local,0.5,90.9392,76.0488,90.9392,93.0708,20.1653,167.274,167.274,349.2705,92.7916
1110,cnn,baseline,jetson_emulator,50,local,0.5,90.4086,76.8455,90.4086,92.4482,20.199,167.274,167.274,349.4279,92.7758
1111,cnn,baseline,jetson_emulator,50,local,0.5,90.7341,74.8583,90.7341,93.1007,20.1783,167.274,167.274,349.5852,92.8261
1112,cnn,baseline,jetson_emulator,50,offload,0.5,90.7922,74.7721,74.7721,76.8225,21.2454,167.274,167.274,344.7223,92.7805
1113,cnn,baseline,jetson_emulator,50,offload,0.5,90.5627,75.6377,75.6377,77.8487,21.1846,167.274,167.274,344.8773,92.8466
1114,cnn,baseline,jetson_emulator,50,offload,0.5,90.5971,74.9048,74.9048,77.12,21.2361,167.274,167.274,345.0324,92.7522
1115,cnn,baseline,jetson_emulator,50,offload,0.5,91.5111,76.0678,76.0678,77.7509,21.1546,167.274,167.274,345.1875,92.7928
1116,cnn,baseline,jetson_emulator,50,local,0.5,91.645,75.8275,91.645,92.8348,20.1207,167.274,167.274,350.3718,92.7113
1117,cnn,baseline,jetson_emulator,50,offload,0.5,91.6421,76.1897,76.1897,78.9242,21.1461,167.274,167.274,345.4976,92.7512
1118,cnn,baseline,jetson_emulator,50,offload,0.5,91.3663,75.2835,75.2835,78.0248,21.2095,167.274,167.274,345.6527,92.8003
1119,cnn,baseline,jetson_emulator,50,local,0.5,91.5807,77.2679,91.5807,93.2331,20.1247,167.274,167.274,350.8437,92.7568
1120,cnn,baseline,jetson_emulator,50,offload,0.5,91.6877,75.4298,75.4298,78.6662,21.1992,167.274,167.274,345.9628,92.7841
1121,cnn,baseline,jetson_emulator,50,local,0.5,91.4725,76.1233,91.4725,93.8525,20.1316,167.274,167.274,351.1584,92.7395
1122,cnn,baseline,jetson_emulator,50,offload,0.5,91.4713,75.9661,75.9661,78.2487,21.1617,167.274,167.274,346.2729,92.8403
1123,cnn,baseline,jetson_emulator,50,offload,0.5,91.9318,76.3183,76.3183,78.542,21.1371,167.274,167.274,346.428,92.7653
1124,cnn,baseline,jetson_emulator,50,local,0.5,92.1023,76.243,92.1023,94.3192,20.0918,167.274,167.274,351.6304,92.8111
1125,cnn,baseline,jetson_emulator,50,offload,0.5,93.1111,76.1442,76.1442,78.5684,21.1493,167.274,167.274,346.7381,92.6927
1126,cnn,baseline,jetson_emulator,50,offload,0.5,91.9511,76.1537,76.1537,78.004,21.1486,167.274,167.274,346.8932,92.747
1127,cnn,baseline,jetson_emulator,50,local,0.5,92.7614,76.5003,92.7614,94.0295,20.0504,167.274,167.274,352.1023,92.8601
1128,cnn,baseline,jetson_emulator,50,local,0.5,92.27,76.4948,92.27,93.3321,20.0813,167.274,167.274,352.2596,92.7155
1129,cnn,baseline,jetson_emulator,50,offload,0.5,92.6329,77.1084,77.1084,79.1555,21.0822,167.274,167.274,347.3583,92.814
1130,cnn,baseline,jetson_emulator,50,local,0.5,93.1678,76.941,93.1678,95.7906,20.025,167.274,167.274,352.5743,92.8097
1131,cnn,baseline,jetson_emulator,50,local,0.5,92.5396,77.0556,92.5396,94.4843,20.0643,167.274,167.274,352.7316,92.7749
1132,cnn,baseline,jetson_emulator,50,offload,0.5,92.8199,76.6087,76.6087,77.9919,21.1169,167.274,167.274,347.8235,92.7369
1133,cnn,baseline,jetson_emulator,50,local,0.5,93.065,77.7149,93.065,94.6161,20.0314,167.274,167.274,353.0462,92.7826
1134,cnn,baseline,jetson_emulator,50,local,0.5,92.7922,76.9979,92.7922,93.6762,20.0485,167.274,167.274,353.2036,92.8761
1135,cnn,baseline,jetson_emulator,50,local,0.5,92.915,76.8733,92.915,95.202,20.0408,167.274,167.274,353.3609,92.8003
1136,cnn,baseline,jetson_emulator,50,offload,0.5,93.2513,76.9963,76.9963,79.3815,21.09,167.274,167.274,348.4438,92.7984
1137,cnn,baseline,jetson_emulator,50,offload,0.5,93.1591,78.0271,78.0271,79.3245,21.0187,167.274,167.274,348.5988,92.8386
1138,cnn,baseline,jetson_emulator,50,local,0.5,93.9948,78.8558,93.9948,95.9812,19.9734,167.274,167.274,353.8329,92.7808
1139,cnn,baseline,jetson_emulator,50,offload,0.5,93.4569,77.8809,77.8809,79.8888,21.0288,167.274,167.274,348.909,92.7356
1140,cnn,baseline,jetson_emulator,50,offload,0.5,93.7498,77.7268,77.7268,80.5359,21.0394,167.274,167.274,349.064,92.9013
1141,cnn,baseline,jetson_emulator,50,offload,0.5,93.5363,77.3136,77.3136,79.6939,21.068,167.274,167.274,349.2191,92.8132
1142,cnn,baseline,jetson_emulator,50,offload,0.5,93.7106,77.8771,77.8771,79.6816,21.0291,167.274,167.274,349.3742,92.7838
1143,cnn,baseline,jetson_emulator,50,offload,0.5,93.7377,77.6142,77.6142,79.9893,21.0472,167.274,167.274,349.5292,92.8016
1144,cnn,baseline,jetson_emulator,50,local,0.5,94.0174,78.0249,94.0174,96.026,19.972,167.274,167.274,354.7768,92.8191
1145,cnn,baseline,jetson_emulator,50,offload,0.5,94.0138,78.3004,78.3004,79.9024,20.9999,167.274,167.274,349.8394,92.7943
1146,cnn,baseline,jetson_emulator,50,local,0.5,94.2188,78.4257,94.2188,95.891,19.9595,167.274,167.274,355.0914,92.8703
1147,cnn,baseline,jetson_emulator,50,offload,0.5,94.5449,79.0173,79.0173,81.0393,20.9507,167.274,167.274,350.1495,92.764
1148,cnn,baseline,jetson_emulator,50,local,0.5,94.5721,78.9622,94.5721,96.0058,19.9375,167.274,167.274,355.4061,92.7946
1149,cnn,baseline,jetson_emulator,50,offload,0.5,94.5057,78.6038,78.6038,80.9756,20.9791,167.274,167.274,350.4596,92.7566
1150,cnn,baseline,jetson_emulator,50,local,0.5,95.6223,78.2856,95.6223,97.5015,19.8727,167.274,167.274,355.7207,92.8568
1151,cnn,baseline,jetson_emulator,50,offload,0.5,95.1058,79.3102,79.3102,81.121,20.9307,167.274,167.274,350.7697,92.7661
1152,cnn,baseline,jetson_emulator,50,local,0.5,95.3342,79.178,95.3342,97.1848,19.8904,167.274,167.274,356.0353,92.8107
1153,cnn,baseline,jetson_emulator,50,offload,0.5,95.0708,78.5845,78.5845,80.5158,20.9804,167.274,167.274,351.0799,92.7771
1154,cnn,baseline,jetson_emulator,50,offload,0.5,95.5784,79.6223,79.6223,81.4488,20.9094,167.274,167.274,351.2349,92.7764
1155,cnn,baseline,jetson_emulator,50,local,0.5,95.4166,79.1405,95.4166,97.2841,19.8853,167.274,167.274,356.5073,92.839
1156,cnn,baseline,jetson_emulator,50,offload,0.5,95.8773,79.1508,79.1508,81.1573,20.9416,167.274,167.274,351.545,92.7883
1157,cnn,baseline,jetson_emulator,50,local,0.5,95.3422,79.2419,95.3422,98.177,19.8899,167.274,167.274,356.822,92.7463
1158,cnn,baseline,jetson_emulator,50,offload,0.5,95.2899,79.1423,79.1423,81.2223,20.9422,167.274,167.274,351.8552,92.7399
1159,cnn,baseline,jetson_emulator,50,offload,0.5,95.4773,79.716,79.716,81.2543,20.903,167.274,167.274,352.0102,92.8336
1160,cnn,baseline,jetson_emulator,50,offload,0.5,96.0367,79.0404,79.0404,80.9043,20.9492,167.274,167.274,352.1653,92.8246
1161,cnn,baseline,jetson_emulator,50,offload,0.5,95.855,78.9829,78.9829,80.468,20.9531,167.274,167.274,352.3204,92.7672
1162,cnn,baseline,jetson_emulator,50,local,0.5,96.1904,80.3733,96.1904,98.5991,19.8377,167.274,167.274,357.6086,92.7587
1163,cnn,baseline,jetson_emulator,50,local,0.5,95.6929,79.794,95.6929,97.3368,19.8683,167.274,167.274,357.7659,92.8389
1164,cnn,baseline,jetson_emulator,50,offload,0.5,96.4656,79.6862,79.6862,81.2375,20.9051,167.274,167.274,352.7855,92.7934
1165,cnn,baseline,jetson_emulator,50,local,0.5,96.3815,79.5422,96.3815,97.898,19.826,167.274,167.274,358.0805,92.8619
1166,cnn,baseline,jetson_emulator,50,local,0.5,96.5864,79.5928,96.5864,98.6073,19.8135,167.274,167.274,358.2378,92.8297
1167,cnn,baseline,jetson_emulator,50,offload,0.5,96.489,80.4205,80.4205,83.5074,20.8551,167.274,167.274,353.2507,92.7433
1168,cnn,baseline,jetson_emulator,50,local,0.5,96.9893,79.5146,96.9893,99.4984,19.7888,167.274,167.274,358.5525,92.8061
1169,cnn,baseline,jetson_emulator,50,offload,0.5,97.1732,81.9243,81.9243,83.5746,20.7536,167.274,167.274,353.5609,92.7463
1170,cnn,baseline,jetson_emulator,50,local,0.5,96.6343,80.453,96.6343,99.0159,19.8105,167.274,167.274,358.8671,92.7863
1171,cnn,baseline,jetson_emulator,50,offload,0.5,96.4638,80.7335,80.7335,82.9178,20.8339,167.274,167.274,353.871,92.7531
1172,cnn,baseline,jetson_emulator,50,local,0.5,96.9311,79.7063,96.9311,98.7971,19.7924,167.274,167.274,359.1818,92.8146
1173,cnn,baseline,jetson_emulator,50,local,0.5,97.1,80.2125,97.1,98.359,19.7821,167.274,167.274,359.3391,92.8429
1174,cnn,baseline,jetson_emulator,50,local,0.5,96.7166,79.9916,96.7166,99.2105,19.8055,167.274,167.274,359.4964,92.8335
1175,cnn,baseline,jetson_emulator,50,offload,0.5,97.2208,79.8982,79.8982,82.0756,20.8906,167.274,167.274,354.4912,92.7737
1176,cnn,baseline,jetson_emulator,50,offload,0.5,97.0062,80.0438,80.0438,81.7368,20.8807,167.274,167.274,354.6463,92.809
1177,cnn,baseline,jetson_emulator,50,offload,0.5,96.9297,80.3204,80.3204,82.4638,20.8619,167.274,167.274,354.8014,92.8156
1178,cnn,baseline,jetson_emulator,50,local,0.5,97.6868,80.6031,97.6868,99.2149,19.7463,167.274,167.274,360.1257,92.7713
1179,cnn,baseline,jetson_emulator,50,offload,0.5,97.0634,81.3048,81.3048,82.4801,20.7953,167.274,167.274,355.1115,92.7479
1180,cnn,baseline,jetson_emulator,50,offload,0.5,97.2906,80.7269,80.7269,82.5365,20.8344,167.274,167.274,355.2666,92.7595
1181,cnn,baseline,jetson_emulator,50,offload,0.5,97.6597,80.9304,80.9304,83.3394,20.8206,167.274,167.274,355.4216,92.813
1182,cnn,baseline,jetson_emulator,50,offload,0.5,97.6908,81.1425,81.1425,83.707,20.8063,167.274,167.274,355.5767,92.7974
1183,cnn,baseline,jetson_emulator,50,offload,0.5,97.1546,80.4741,80.4741,82.0713,20.8515,167.274,167.274,355.7317,92.8123
1184,cnn,baseline,jetson_emulator,50,offload,0.5,97.5412,80.4893,80.4893,82.6477,20.8505,167.274,167.274,355.8868,92.8359
1185,cnn,baseline,jetson_emulator,50,local,0.5,98.3878,80.8623,98.3878,100.1136,19.7038,167.274,167.274,361.2269,92.7971
1186,cnn,baseline,jetson_emulator,50,local,0.5,97.5232,80.7112,97.5232,99.862,19.7563,167.274,167.274,361.3843,92.7586
1187,cnn,baseline,jetson_emulator,50,local,0.5,97.9431,81.562,97.9431,100.4314,19.7308,167.274,167.274,361.5416,92.8611
1188,cnn,baseline,jetson_emulator,50,local,0.5,97.4944,81.5293,97.4944,99.2366,19.758,167.274,167.274,361.6989,92.7747
1189,cnn,baseline,jetson_emulator,50,offload,0.5,98.1157,80.8281,80.8281,82.4825,20.8275,167.274,167.274,356.6621,92.8229
1190,cnn,baseline,jetson_emulator,50,offload,0.5,97.5683,81.7758,81.7758,83.8951,20.7636,167.274,167.274,356.8172,92.7302
1191,cnn,baseline,jetson_emulator,50,offload,0.5,97.7986,81.1166,81.1166,82.201,20.808,167.274,167.274,356.9723,92.7861
1192,cnn,baseline,jetson_emulator,50,offload,0.5,97.5575,80.7949,80.7949,82.7622,20.8298,167.274,167.274,357.1273,92.7799
1193,cnn,baseline,jetson_emulator,50,offload,0.5,98.3502,80.6713,80.6713,82.6134,20.8381,167.274,167.274,357.2824,92.75
1194,cnn,baseline,jetson_emulator,50,offload,0.5,99.0511,80.8609,80.8609,82.4443,20.8253,167.274,167.274,357.4374,92.793
1195,cnn,baseline,jetson_emulator,50,local,0.5,98.1328,81.4328,98.1328,99.8852,19.7192,167.274,167.274,362.8002,92.8678
1196,cnn,baseline,jetson_emulator,50,offload,0.5,97.7374,81.1788,81.1788,83.5339,20.8038,167.274,167.274,357.7476,92.8035
1197,cnn,baseline,jetson_emulator,50,offload,0.5,97.7186,81.5667,81.5667,83.5809,20.7777,167.274,167.274,357.9026,92.9362
1198,cnn,baseline,jetson_emulator,50,local,0.5,98.0838,83.1422,98.0838,100.7766,19.7222,167.274,167.274,363.2721,92.7541
1199,cnn,baseline,jetson_emulator,50,offload,0.5,97.7274,82.1247,82.1247,83.2235,20.7402,167.274,167.274,358.2128,92.7639
1200,cnn,baseline,jetson_emulator,50,local,0.5,97.9542,81.4401,97.9542,100.1953,19.7301,167.274,167.274,363.5868,92.7216
