cycle_id,model,architecture,profile,nodes,decision,threshold,local_latency_ms,offload_latency_ms,total_latency_ms,rtt_ms,throughput_fps,local_power_mw,offload_power_mw,effective_power_mw,accuracy_step
1,snn,baseline,jetson_emulator,300,offload,0.5,52.5737,43.5637,43.5637,46.0032,33.7297,112.06483125000001,112.06483125000001,132.3555,89.8262
2,snn,baseline,jetson_emulator,300,offload,0.5,53.5223,45.3287,45.3287,47.3535,33.5931,112.06483125000001,112.06483125000001,132.4745,89.9042
3,snn,baseline,jetson_emulator,300,offload,0.5,53.7576,44.9626,44.9626,48.0428,33.6213,112.06483125000001,112.06483125000001,132.5935,89.7934
4,snn,baseline,jetson_emulator,300,offload,0.5,53.3718,43.7165,43.7165,46.6007,33.7178,112.06483125000001,112.06483125000001,132.7126,89.8578
5,snn,baseline,jetson_emulator,300,local,0.5,53.0442,44.0956,53.0442,56.0913,33.0087,112.06483125000001,112.06483125000001,142.9628,89.8634
6,snn,baseline,jetson_emulator,300,offload,0.5,54.2225,44.1978,44.1978,47.8739,33.6805,112.06483125000001,112.06483125000001,132.9506,89.8967
7,snn,baseline,jetson_emulator,300,local,0.5,53.4985,44.8306,53.4985,56.7642,32.9749,112.06483125000001,112.06483125000001,143.219,89.9238
8,snn,baseline,jetson_emulator,300,local,0.5,53.3215,45.1434,53.3215,55.7127,32.9881,112.06483125000001,112.06483125000001,143.3471,89.8688
9,snn,baseline,jetson_emulator,300,local,0.5,54.0457,44.8021,54.0457,57.6224,32.9344,112.06483125000001,112.06483125000001,143.4751,89.9472
10,snn,baseline,jetson_emulator,300,offload,0.5,53.7611,45.0575,45.0575,47.8125,33.614,112.06483125000001,112.06483125000001,133.4266,89.7934
11,snn,baseline,jetson_emulator,300,local,0.5,53.7447,44.4,53.7447,57.229,32.9567,112.06483125000001,112.06483125000001,143.7313,89.9275
12,snn,baseline,jetson_emulator,300,offload,0.5,54.1967,45.3526,45.3526,48.5452,33.5912,112.06483125000001,112.06483125000001,133.6647,89.8099
13,snn,baseline,jetson_emulator,300,offload,0.5,54.0397,44.5563,44.5563,48.6042,33.6527,112.06483125000001,112.06483125000001,133.7837,89.8439
14,snn,baseline,jetson_emulator,300,offload,0.5,54.3401,45.7076,45.7076,49.7368,33.5639,112.06483125000001,112.06483125000001,133.9027,89.9245
15,snn,baseline,jetson_emulator,300,local,0.5,54.1067,45.2009,54.1067,56.5221,32.9298,112.06483125000001,112.06483125000001,144.2437,89.9021
16,snn,baseline,jetson_emulator,300,local,0.5,54.8669,46.1118,54.8669,57.9743,32.8736,112.06483125000001,112.06483125000001,144.3718,89.8889
17,snn,baseline,jetson_emulator,300,local,0.5,54.8049,45.439,54.8049,57.9018,32.8782,112.06483125000001,112.06483125000001,144.4999,89.8517
18,snn,baseline,jetson_emulator,300,local,0.5,54.4778,45.4859,54.4778,57.9287,32.9024,112.06483125000001,112.06483125000001,144.628,89.8689
19,snn,baseline,jetson_emulator,300,offload,0.5,54.3795,45.7153,45.7153,48.678,33.5633,112.06483125000001,112.06483125000001,134.4977,89.8231
20,snn,baseline,jetson_emulator,300,local,0.5,55.3556,45.1709,55.3556,58.6305,32.8376,112.06483125000001,112.06483125000001,144.8841,89.9137
21,snn,baseline,jetson_emulator,300,local,0.5,55.4542,45.1787,55.4542,58.4975,32.8303,112.06483125000001,112.06483125000001,145.0122,89.8815
22,snn,baseline,jetson_emulator,300,offload,0.5,55.0861,46.5975,46.5975,49.366,33.4956,112.06483125000001,112.06483125000001,134.8548,89.8487
23,snn,baseline,jetson_emulator,300,offload,0.5,54.9457,45.7859,45.7859,49.7092,33.5579,112.06483125000001,112.06483125000001,134.9738,89.8403
24,snn,baseline,jetson_emulator,300,offload,0.5,54.9975,47.0925,47.0925,49.7244,33.4577,112.06483125000001,112.06483125000001,135.0928,89.8937
25,snn,baseline,jetson_emulator,300,offload,0.5,55.0032,45.7241,45.7241,48.9723,33.5626,112.06483125000001,112.06483125000001,135.2118,89.998
26,snn,baseline,jetson_emulator,300,offload,0.5,56.0525,45.4931,45.4931,48.4036,33.5804,112.06483125000001,112.06483125000001,135.3308,89.8633
27,snn,baseline,jetson_emulator,300,offload,0.5,55.5361,45.5697,45.5697,49.3596,33.5745,112.06483125000001,112.06483125000001,135.4498,89.8405
28,snn,baseline,jetson_emulator,300,local,0.5,55.8818,46.8541,55.8818,58.7487,32.7989,112.06483125000001,112.06483125000001,145.9089,89.9638
29,snn,baseline,jetson_emulator,300,offload,0.5,55.7962,45.7313,45.7313,48.4425,33.5621,112.06483125000001,112.06483125000001,135.6879,89.9111
30,snn,baseline,jetson_emulator,300,offload,0.5,55.5052,46.7006,46.7006,49.262,33.4876,112.06483125000001,112.06483125000001,135.8069,89.7547
31,snn,baseline,jetson_emulator,300,offload,0.5,56.6914,46.128,46.128,49.612,33.5316,112.06483125000001,112.06483125000001,135.9259,89.8304
32,snn,baseline,jetson_emulator,300,offload,0.5,55.6085,45.9506,45.9506,48.1732,33.5452,112.06483125000001,112.06483125000001,136.0449,89.8543
33,snn,baseline,jetson_emulator,300,local,0.5,56.1442,46.2418,56.1442,59.27,32.7796,112.06483125000001,112.06483125000001,146.5493,89.9372
34,snn,baseline,jetson_emulator,300,local,0.5,56.1794,46.4877,56.1794,59.2671,32.777,112.06483125000001,112.06483125000001,146.6774,89.9534
35,snn,baseline,jetson_emulator,300,offload,0.5,56.1044,47.5788,47.5788,50.6591,33.4205,112.06483125000001,112.06483125000001,136.402,89.9432
36,snn,baseline,jetson_emulator,300,offload,0.5,56.0614,46.6508,46.6508,49.5564,33.4915,112.06483125000001,112.06483125000001,136.521,89.8546
37,snn,baseline,jetson_emulator,300,offload,0.5,56.3479,46.6643,46.6643,49.5532,33.4904,112.06483125000001,112.06483125000001,136.64,89.8478
38,snn,baseline,jetson_emulator,300,local,0.5,56.0407,46.3335,56.0407,59.0535,32.7872,112.06483125000001,112.06483125000001,147.1898,89.8718
39,snn,baseline,jetson_emulator,300,offload,0.5,56.1944,46.5223,46.5223,49.3718,33.5013,112.06483125000001,112.06483125000001,136.878,89.8012
40,snn,baseline,jetson_emulator,300,local,0.5,57.0624,47.606,57.0624,59.063,32.7124,112.06483125000001,112.06483125000001,147.4459,89.8272
41,snn,baseline,jetson_emulator,300,offload,0.5,56.7896,48.1002,48.1002,51.0752,33.3808,112.06483125000001,112.06483125000001,137.116,89.8207
42,snn,baseline,jetson_emulator,300,offload,0.5,56.3918,47.1838,47.1838,50.3547,33.4507,112.06483125000001,112.06483125000001,137.235,89.933
43,snn,baseline,jetson_emulator,300,offload,0.5,57.0682,46.6068,46.6068,49.2735,33.4948,112.06483125000001,112.06483125000001,137.3541,89.8899
44,snn,baseline,jetson_emulator,300,offload,0.5,56.5018,47.4052,47.4052,50.8959,33.4338,112.06483125000001,112.06483125000001,137.4731,89.8317
45,snn,baseline,jetson_emulator,300,offload,0.5,56.61,46.7242,46.7242,48.9548,33.4858,112.06483125000001,112.06483125000001,137.5921,89.9131
46,snn,baseline,jetson_emulator,300,offload,0.5,57.096,48.2491,48.2491,51.6107,33.3695,112.06483125000001,112.06483125000001,137.7111,89.8829
47,snn,baseline,jetson_emulator,300,offload,0.5,57.4356,46.8564,46.8564,50.1482,33.4757,112.06483125000001,112.06483125000001,137.8301,89.8455
48,snn,baseline,jetson_emulator,300,local,0.5,57.151,48.568,57.151,60.3748,32.7059,112.06483125000001,112.06483125000001,148.4707,89.8651
49,snn,baseline,jetson_emulator,300,offload,0.5,57.2963,47.7279,47.7279,50.5715,33.4091,112.06483125000001,112.06483125000001,138.0681,89.8499
50,snn,baseline,jetson_emulator,300,offload,0.5,57.6879,48.2849,48.2849,52.3311,33.3667,112.06483125000001,112.06483125000001,138.1871,89.8392
51,snn,baseline,jetson_emulator,300,offload,0.5,57.4513,47.1372,47.1372,50.9261,33.4542,112.06483125000001,112.06483125000001,138.3062,89.8422
52,snn,baseline,jetson_emulator,300,offload,0.5,57.3711,47.2452,47.2452,49.8697,33.446,112.06483125000001,112.06483125000001,138.4252,89.8382
53,snn,baseline,jetson_emulator,300,offload,0.5,57.2088,48.1882,48.1882,51.7542,33.3741,112.06483125000001,112.06483125000001,138.5442,89.9313
54,snn,baseline,jetson_emulator,300,offload,0.5,57.6043,48.7621,48.7621,51.7842,33.3305,112.06483125000001,112.06483125000001,138.6632,89.8735
55,snn,baseline,jetson_emulator,300,offload,0.5,58.2186,47.4911,47.4911,49.9734,33.4272,112.06483125000001,112.06483125000001,138.7822,89.8445
56,snn,baseline,jetson_emulator,300,local,0.5,57.2556,48.452,57.2556,60.3813,32.6982,112.06483125000001,112.06483125000001,149.4954,89.8179
57,snn,baseline,jetson_emulator,300,offload,0.5,57.6683,49.1413,49.1413,52.0751,33.3017,112.06483125000001,112.06483125000001,139.0202,89.8791
58,snn,baseline,jetson_emulator,300,offload,0.5,57.31,49.4027,49.4027,52.3806,33.282,112.06483125000001,112.06483125000001,139.1392,89.8513
59,snn,baseline,jetson_emulator,300,offload,0.5,57.3925,47.7115,47.7115,51.2438,33.4104,112.06483125000001,112.06483125000001,139.2583,89.8555
60,snn,baseline,jetson_emulator,300,offload,0.5,57.634,48.0891,48.0891,51.1026,33.3816,112.06483125000001,112.06483125000001,139.3773,89.9512
61,snn,baseline,jetson_emulator,300,offload,0.5,57.7037,48.3716,48.3716,51.8664,33.3601,112.06483125000001,112.06483125000001,139.4963,89.919
62,snn,baseline,jetson_emulator,300,local,0.5,57.9961,48.696,57.9961,61.3618,32.6443,112.06483125000001,112.06483125000001,150.2639,89.7661
63,snn,baseline,jetson_emulator,300,local,0.5,58.6691,48.1874,58.6691,62.3295,32.5953,112.06483125000001,112.06483125000001,150.392,89.8443
64,snn,baseline,jetson_emulator,300,local,0.5,58.0464,49.5434,58.0464,61.9417,32.6406,112.06483125000001,112.06483125000001,150.5201,89.8686
65,snn,baseline,jetson_emulator,300,offload,0.5,58.0714,47.8165,47.8165,50.176,33.4024,112.06483125000001,112.06483125000001,139.9723,89.7866
66,snn,baseline,jetson_emulator,300,offload,0.5,58.8863,48.1986,48.1986,51.8804,33.3733,112.06483125000001,112.06483125000001,140.0913,89.8546
67,snn,baseline,jetson_emulator,300,local,0.5,58.0512,49.3595,58.0512,61.3739,32.6402,112.06483125000001,112.06483125000001,150.9044,89.917
68,snn,baseline,jetson_emulator,300,local,0.5,58.2724,47.9411,58.2724,61.0208,32.6242,112.06483125000001,112.06483125000001,151.0325,89.8334
69,snn,baseline,jetson_emulator,300,offload,0.5,58.1912,48.6445,48.6445,52.0876,33.3394,112.06483125000001,112.06483125000001,140.4484,89.8301
70,snn,baseline,jetson_emulator,300,local,0.5,57.896,48.272,57.896,61.1677,32.6516,112.06483125000001,112.06483125000001,151.2886,89.855
71,snn,baseline,jetson_emulator,300,offload,0.5,58.4636,48.1817,48.1817,51.1531,33.3746,112.06483125000001,112.06483125000001,140.6864,89.8853
72,snn,baseline,jetson_emulator,300,offload,0.5,58.3785,48.4103,48.4103,52.8767,33.3572,112.06483125000001,112.06483125000001,140.8054,89.8877
73,snn,baseline,jetson_emulator,300,offload,0.5,58.9445,48.6593,48.6593,50.7418,33.3383,112.06483125000001,112.06483125000001,140.9244,89.8802
74,snn,baseline,jetson_emulator,300,offload,0.5,58.636,48.4903,48.4903,51.9574,33.3511,112.06483125000001,112.06483125000001,141.0435,89.8585
75,snn,baseline,jetson_emulator,300,local,0.5,58.813,48.5434,58.813,61.9187,32.5849,112.06483125000001,112.06483125000001,151.9291,89.768
76,snn,baseline,jetson_emulator,300,offload,0.5,58.6083,48.316,48.316,51.8673,33.3644,112.06483125000001,112.06483125000001,141.2815,89.8445
77,snn,baseline,jetson_emulator,300,local,0.5,58.5167,48.6373,58.5167,61.8014,32.6064,112.06483125000001,112.06483125000001,152.1853,89.8543
78,snn,baseline,jetson_emulator,300,local,0.5,58.5617,48.8299,58.5617,61.9723,32.6031,112.06483125000001,112.06483125000001,152.3134,89.8831
79,snn,baseline,jetson_emulator,300,offload,0.5,58.4582,48.419,48.419,51.4347,33.3565,112.06483125000001,112.06483125000001,141.6385,89.8014
80,snn,baseline,jetson_emulator,300,offload,0.5,58.2493,49.0435,49.0435,52.929,33.3092,112.06483125000001,112.06483125000001,141.7575,89.7975
81,snn,baseline,jetson_emulator,300,offload,0.5,58.3376,49.0202,49.0202,51.9664,33.3109,112.06483125000001,112.06483125000001,141.8765,89.8468
82,snn,baseline,jetson_emulator,300,offload,0.5,58.3231,49.126,49.126,51.9213,33.3029,112.06483125000001,112.06483125000001,141.9956,89.8503
83,snn,baseline,jetson_emulator,300,offload,0.5,58.6787,49.308,49.308,52.4339,33.2891,112.06483125000001,112.06483125000001,142.1146,89.8565
84,snn,baseline,jetson_emulator,300,local,0.5,58.8857,48.2977,58.8857,61.9962,32.5796,112.06483125000001,112.06483125000001,153.0819,89.9832
85,snn,baseline,jetson_emulator,300,offload,0.5,58.5764,50.0544,50.0544,52.0732,33.2327,112.06483125000001,112.06483125000001,142.3526,89.798
86,snn,baseline,jetson_emulator,300,local,0.5,58.3814,48.9621,58.3814,62.218,32.6162,112.06483125000001,112.06483125000001,153.3381,89.8621
87,snn,baseline,jetson_emulator,300,offload,0.5,58.7184,49.1056,49.1056,52.5291,33.3044,112.06483125000001,112.06483125000001,142.5906,89.8568
88,snn,baseline,jetson_emulator,300,offload,0.5,58.5844,49.1733,49.1733,53.2052,33.2993,112.06483125000001,112.06483125000001,142.7096,89.8433
89,snn,baseline,jetson_emulator,300,local,0.5,58.2987,48.262,58.2987,62.6028,32.6222,112.06483125000001,112.06483125000001,153.7224,89.9576
90,snn,baseline,jetson_emulator,300,offload,0.5,58.5285,48.6796,48.6796,51.0269,33.3367,112.06483125000001,112.06483125000001,142.9477,89.8902
91,snn,baseline,jetson_emulator,300,offload,0.5,58.6145,48.8455,48.8455,51.5974,33.3242,112.06483125000001,112.06483125000001,143.0667,89.9338
92,snn,baseline,jetson_emulator,300,local,0.5,58.6293,48.77,58.6293,61.8535,32.5982,112.06483125000001,112.06483125000001,154.1066,89.7958
93,snn,baseline,jetson_emulator,300,local,0.5,58.8867,48.9288,58.8867,61.8353,32.5796,112.06483125000001,112.06483125000001,154.2347,89.8012
94,snn,baseline,jetson_emulator,300,local,0.5,58.7806,48.1473,58.7806,62.6012,32.5873,112.06483125000001,112.06483125000001,154.3628,89.8821
95,snn,baseline,jetson_emulator,300,local,0.5,59.2682,49.222,59.2682,62.917,32.5519,112.06483125000001,112.06483125000001,154.4909,89.7722
96,snn,baseline,jetson_emulator,300,offload,0.5,58.7634,48.2531,48.2531,51.471,33.3692,112.06483125000001,112.06483125000001,143.6617,89.9559
97,snn,baseline,jetson_emulator,300,offload,0.5,59.3873,48.9652,48.9652,52.2541,33.3151,112.06483125000001,112.06483125000001,143.7807,89.7914
98,snn,baseline,jetson_emulator,300,local,0.5,59.4604,48.7988,59.4604,63.3671,32.538,112.06483125000001,112.06483125000001,154.8752,89.8686
99,snn,baseline,jetson_emulator,300,offload,0.5,58.8422,49.5153,49.5153,52.879,33.2734,112.06483125000001,112.06483125000001,144.0188,89.9148
100,snn,baseline,jetson_emulator,300,offload,0.5,58.5313,49.2927,49.2927,52.8944,33.2903,112.06483125000001,112.06483125000001,144.1378,89.8686
101,snn,baseline,jetson_emulator,300,offload,0.5,58.6479,49.5003,49.5003,52.1879,33.2746,112.06483125000001,112.06483125000001,144.2568,89.9429
102,snn,baseline,jetson_emulator,300,offload,0.5,58.8475,49.2833,49.2833,52.4112,33.291,112.06483125000001,112.06483125000001,144.3758,89.9046
103,snn,baseline,jetson_emulator,300,offload,0.5,58.5939,48.8839,48.8839,52.3392,33.3212,112.06483125000001,112.06483125000001,144.4948,89.8808
104,snn,baseline,jetson_emulator,300,offload,0.5,58.9416,48.5402,48.5402,51.63,33.3473,112.06483125000001,112.06483125000001,144.6138,89.8427
105,snn,baseline,jetson_emulator,300,offload,0.5,58.3058,48.4363,48.4363,52.0621,33.3552,112.06483125000001,112.06483125000001,144.7329,89.8653
106,snn,baseline,jetson_emulator,300,local,0.5,59.0286,48.9933,59.0286,62.3475,32.5693,112.06483125000001,112.06483125000001,155.8999,89.8684
107,snn,baseline,jetson_emulator,300,offload,0.5,58.4226,48.6643,48.6643,51.8474,33.3379,112.06483125000001,112.06483125000001,144.9709,89.8685
108,snn,baseline,jetson_emulator,300,offload,0.5,58.332,49.7028,49.7028,52.6168,33.2593,112.06483125000001,112.06483125000001,145.0899,89.8203
109,snn,baseline,jetson_emulator,300,offload,0.5,58.1878,49.4095,49.4095,52.2766,33.2814,112.06483125000001,112.06483125000001,145.2089,89.877
110,snn,baseline,jetson_emulator,300,offload,0.5,58.4267,48.2383,48.2383,51.8628,33.3703,112.06483125000001,112.06483125000001,145.3279,89.7953
111,snn,baseline,jetson_emulator,300,local,0.5,59.2224,48.874,59.2224,63.172,32.5552,112.06483125000001,112.06483125000001,156.5403,89.9932
112,snn,baseline,jetson_emulator,300,local,0.5,58.2373,49.022,58.2373,61.3443,32.6267,112.06483125000001,112.06483125000001,156.6684,89.9481
113,snn,baseline,jetson_emulator,300,offload,0.5,58.1216,48.1551,48.1551,51.6077,33.3766,112.06483125000001,112.06483125000001,145.685,89.8121
114,snn,baseline,jetson_emulator,300,offload,0.5,58.2238,49.898,49.898,52.8081,33.2445,112.06483125000001,112.06483125000001,145.804,89.9224
115,snn,baseline,jetson_emulator,300,offload,0.5,58.9101,48.6582,48.6582,51.8454,33.3384,112.06483125000001,112.06483125000001,145.923,89.8096
116,snn,baseline,jetson_emulator,300,local,0.5,58.3173,48.3358,58.3173,62.1987,32.6209,112.06483125000001,112.06483125000001,157.1808,89.8321
117,snn,baseline,jetson_emulator,300,offload,0.5,58.6399,49.1396,49.1396,52.7069,33.3019,112.06483125000001,112.06483125000001,146.161,89.8785
118,snn,baseline,jetson_emulator,300,offload,0.5,59.3462,48.9622,48.9622,51.9601,33.3153,112.06483125000001,112.06483125000001,146.28,89.9568
119,snn,baseline,jetson_emulator,300,offload,0.5,58.2925,48.6877,48.6877,52.3615,33.3361,112.06483125000001,112.06483125000001,146.399,89.8563
120,snn,baseline,jetson_emulator,300,offload,0.5,57.8887,48.8032,48.8032,51.9442,33.3274,112.06483125000001,112.06483125000001,146.518,89.8167
121,snn,baseline,jetson_emulator,300,local,0.5,58.671,47.7962,58.671,62.8334,32.5952,112.06483125000001,112.06483125000001,157.8212,89.866
122,snn,baseline,jetson_emulator,300,local,0.5,57.7925,48.749,57.7925,60.4887,32.6591,112.06483125000001,112.06483125000001,157.9493,89.8971
123,snn,baseline,jetson_emulator,300,local,0.5,58.1344,48.3436,58.1344,62.3876,32.6342,112.06483125000001,112.06483125000001,158.0774,89.822
124,snn,baseline,jetson_emulator,300,local,0.5,57.8499,48.7276,57.8499,61.7783,32.6549,112.06483125000001,112.06483125000001,158.2055,89.8504
125,snn,baseline,jetson_emulator,300,local,0.5,58.2686,47.7256,58.2686,61.4679,32.6244,112.06483125000001,112.06483125000001,158.3336,89.8026
126,snn,baseline,jetson_emulator,300,local,0.5,57.8129,48.7601,57.8129,60.8751,32.6576,112.06483125000001,112.06483125000001,158.4617,89.9599
127,snn,baseline,jetson_emulator,300,offload,0.5,57.7384,48.2309,48.2309,51.6941,33.3708,112.06483125000001,112.06483125000001,147.3511,89.8526
128,snn,baseline,jetson_emulator,300,offload,0.5,57.7466,47.648,47.648,50.6025,33.4152,112.06483125000001,112.06483125000001,147.4701,89.8632
129,snn,baseline,jetson_emulator,300,local,0.5,58.3965,47.7915,58.3965,62.5357,32.6151,112.06483125000001,112.06483125000001,158.846,89.9007
130,snn,baseline,jetson_emulator,300,local,0.5,57.6129,47.983,57.6129,59.9649,32.6722,112.06483125000001,112.06483125000001,158.974,89.8162
131,snn,baseline,jetson_emulator,300,local,0.5,58.5345,48.7867,58.5345,61.3639,32.6051,112.06483125000001,112.06483125000001,159.1021,89.7909
132,snn,baseline,jetson_emulator,300,local,0.5,57.4115,48.8033,57.4115,60.9827,32.6869,112.06483125000001,112.06483125000001,159.2302,89.8837
133,snn,baseline,jetson_emulator,300,offload,0.5,57.8528,47.7507,47.7507,51.3587,33.4074,112.06483125000001,112.06483125000001,148.0652,89.8563
134,snn,baseline,jetson_emulator,300,offload,0.5,57.7543,48.9835,48.9835,52.1141,33.3137,112.06483125000001,112.06483125000001,148.1842,89.8456
135,snn,baseline,jetson_emulator,300,offload,0.5,57.5829,47.9217,47.9217,51.3693,33.3944,112.06483125000001,112.06483125000001,148.3032,89.8729
136,snn,baseline,jetson_emulator,300,offload,0.5,57.2609,47.4984,47.4984,50.5735,33.4267,112.06483125000001,112.06483125000001,148.4222,89.9008
137,snn,baseline,jetson_emulator,300,local,0.5,57.3149,48.0895,57.3149,60.0697,32.6939,112.06483125000001,112.06483125000001,159.8707,89.8198
138,snn,baseline,jetson_emulator,300,offload,0.5,57.2718,47.717,47.717,50.7958,33.41,112.06483125000001,112.06483125000001,148.6603,89.8019
139,snn,baseline,jetson_emulator,300,local,0.5,57.1563,48.1034,57.1563,60.2558,32.7055,112.06483125000001,112.06483125000001,160.1269,89.9711
140,snn,baseline,jetson_emulator,300,local,0.5,57.1064,47.7083,57.1064,60.984,32.7091,112.06483125000001,112.06483125000001,160.2549,89.8453
141,snn,baseline,jetson_emulator,300,local,0.5,58.2219,48.8561,58.2219,61.1439,32.6278,112.06483125000001,112.06483125000001,160.383,89.8675
142,snn,baseline,jetson_emulator,300,offload,0.5,57.048,47.4406,47.4406,51.0287,33.4311,112.06483125000001,112.06483125000001,149.1363,89.9462
143,snn,baseline,jetson_emulator,300,offload,0.5,57.3666,48.0378,48.0378,51.3419,33.3855,112.06483125000001,112.06483125000001,149.2553,89.8116
144,snn,baseline,jetson_emulator,300,offload,0.5,57.1537,47.3549,47.3549,50.3684,33.4376,112.06483125000001,112.06483125000001,149.3744,89.878
145,snn,baseline,jetson_emulator,300,offload,0.5,57.2941,47.1468,47.1468,51.0807,33.4535,112.06483125000001,112.06483125000001,149.4934,89.9586
146,snn,baseline,jetson_emulator,300,offload,0.5,58.153,47.507,47.507,50.2797,33.426,112.06483125000001,112.06483125000001,149.6124,89.8868
147,snn,baseline,jetson_emulator,300,local,0.5,56.8885,47.6432,56.8885,59.66,32.7251,112.06483125000001,112.06483125000001,161.1516,89.8427
148,snn,baseline,jetson_emulator,300,offload,0.5,57.2008,47.7785,47.7785,50.8286,33.4053,112.06483125000001,112.06483125000001,149.8504,89.8016
149,snn,baseline,jetson_emulator,300,local,0.5,56.8195,47.2429,56.8195,60.1835,32.7301,112.06483125000001,112.06483125000001,161.4078,89.8129
150,snn,baseline,jetson_emulator,300,offload,0.5,57.1799,47.8603,47.8603,51.1526,33.3991,112.06483125000001,112.06483125000001,150.0884,89.8932
151,snn,baseline,jetson_emulator,300,offload,0.5,57.3284,47.5394,47.5394,50.6556,33.4235,112.06483125000001,112.06483125000001,150.2074,89.9833
152,snn,baseline,jetson_emulator,300,offload,0.5,56.8489,47.7103,47.7103,50.5323,33.4105,112.06483125000001,112.06483125000001,150.3265,89.8779
153,snn,baseline,jetson_emulator,300,local,0.5,56.8457,47.48,56.8457,59.7564,32.7282,112.06483125000001,112.06483125000001,161.9201,89.8145
154,snn,baseline,jetson_emulator,300,offload,0.5,56.6998,46.9471,46.9471,50.1877,33.4688,112.06483125000001,112.06483125000001,150.5645,89.8509
155,snn,baseline,jetson_emulator,300,local,0.5,57.0417,47.4652,57.0417,60.1152,32.7139,112.06483125000001,112.06483125000001,162.1763,89.883
156,snn,baseline,jetson_emulator,300,local,0.5,56.4962,47.2777,56.4962,60.665,32.7538,112.06483125000001,112.06483125000001,162.3044,89.9192
157,snn,baseline,jetson_emulator,300,offload,0.5,57.0772,47.4066,47.4066,50.8855,33.4337,112.06483125000001,112.06483125000001,150.9215,89.8827
158,snn,baseline,jetson_emulator,300,offload,0.5,56.5244,47.1611,47.1611,50.9425,33.4524,112.06483125000001,112.06483125000001,151.0405,89.9496
159,snn,baseline,jetson_emulator,300,offload,0.5,57.3853,47.3414,47.3414,50.639,33.4386,112.06483125000001,112.06483125000001,151.1595,89.9581
160,snn,baseline,jetson_emulator,300,local,0.5,56.9309,46.5876,56.9309,59.93,32.722,112.06483125000001,112.06483125000001,162.8168,89.7876
161,snn,baseline,jetson_emulator,300,offload,0.5,56.4023,46.9259,46.9259,50.3719,33.4704,112.06483125000001,112.06483125000001,151.3976,89.8529
162,snn,baseline,jetson_emulator,300,local,0.5,57.3652,46.56,57.3652,61.1971,32.6902,112.06483125000001,112.06483125000001,163.0729,89.8226
163,snn,baseline,jetson_emulator,300,offload,0.5,57.032,47.3773,47.3773,50.1942,33.4359,112.06483125000001,112.06483125000001,151.6356,89.8652
164,snn,baseline,jetson_emulator,300,offload,0.5,56.4705,46.5773,46.5773,50.044,33.4971,112.06483125000001,112.06483125000001,151.7546,89.8918
165,snn,baseline,jetson_emulator,300,offload,0.5,56.2747,46.7947,46.7947,50.2026,33.4804,112.06483125000001,112.06483125000001,151.8736,89.8065
166,snn,baseline,jetson_emulator,300,offload,0.5,57.2406,46.7872,46.7872,49.8651,33.481,112.06483125000001,112.06483125000001,151.9926,89.921
167,snn,baseline,jetson_emulator,300,offload,0.5,56.2041,47.8596,47.8596,51.5647,33.3991,112.06483125000001,112.06483125000001,152.1116,89.8269
168,snn,baseline,jetson_emulator,300,local,0.5,56.3877,47.5676,56.3877,59.2228,32.7617,112.06483125000001,112.06483125000001,163.8415,89.8765
169,snn,baseline,jetson_emulator,300,local,0.5,56.3038,47.3594,56.3038,59.2234,32.7679,112.06483125000001,112.06483125000001,163.9696,89.8528
170,snn,baseline,jetson_emulator,300,offload,0.5,56.6813,46.7437,46.7437,50.6535,33.4843,112.06483125000001,112.06483125000001,152.4687,89.8865
171,snn,baseline,jetson_emulator,300,offload,0.5,56.9709,47.9329,47.9329,50.4392,33.3935,112.06483125000001,112.06483125000001,152.5877,89.8595
172,snn,baseline,jetson_emulator,300,offload,0.5,56.3496,46.8202,46.8202,50.4507,33.4785,112.06483125000001,112.06483125000001,152.7067,89.8487
173,snn,baseline,jetson_emulator,300,offload,0.5,56.0286,46.6973,46.6973,49.3914,33.4879,112.06483125000001,112.06483125000001,152.8257,89.8816
174,snn,baseline,jetson_emulator,300,local,0.5,56.6329,47.6294,56.6329,60.4119,32.7438,112.06483125000001,112.06483125000001,164.61,89.8129
175,snn,baseline,jetson_emulator,300,offload,0.5,56.4459,47.3871,47.3871,51.5183,33.4351,112.06483125000001,112.06483125000001,153.0637,89.8121
176,snn,baseline,jetson_emulator,300,offload,0.5,56.3,47.5227,47.5227,49.9847,33.4248,112.06483125000001,112.06483125000001,153.1828,89.914
177,snn,baseline,jetson_emulator,300,local,0.5,56.2688,46.5319,56.2688,59.3029,32.7705,112.06483125000001,112.06483125000001,164.9943,89.8622
178,snn,baseline,jetson_emulator,300,offload,0.5,56.9673,46.8371,46.8371,50.0681,33.4772,112.06483125000001,112.06483125000001,153.4208,89.9265
179,snn,baseline,jetson_emulator,300,offload,0.5,56.2057,46.6518,46.6518,50.1309,33.4914,112.06483125000001,112.06483125000001,153.5398,89.8516
180,snn,baseline,jetson_emulator,300,local,0.5,56.3786,46.5519,56.3786,59.0176,32.7624,112.06483125000001,112.06483125000001,165.3786,89.8689
181,snn,baseline,jetson_emulator,300,local,0.5,56.2358,46.3888,56.2358,59.5614,32.7729,112.06483125000001,112.06483125000001,165.5066,89.8634
182,snn,baseline,jetson_emulator,300,local,0.5,56.1464,46.6063,56.1464,58.8039,32.7795,112.06483125000001,112.06483125000001,165.6347,89.8774
183,snn,baseline,jetson_emulator,300,offload,0.5,56.0527,46.9011,46.9011,49.943,33.4723,112.06483125000001,112.06483125000001,154.0159,89.8036
184,snn,baseline,jetson_emulator,300,offload,0.5,55.9364,46.5486,46.5486,49.9971,33.4993,112.06483125000001,112.06483125000001,154.1349,89.8814
185,snn,baseline,jetson_emulator,300,local,0.5,55.9266,46.7095,55.9266,59.7664,32.7956,112.06483125000001,112.06483125000001,166.019,89.9894
186,snn,baseline,jetson_emulator,300,offload,0.5,55.7757,46.1667,46.1667,50.0773,33.5286,112.06483125000001,112.06483125000001,154.3729,89.8371
187,snn,baseline,jetson_emulator,300,offload,0.5,55.7726,46.5251,46.5251,49.4902,33.5011,112.06483125000001,112.06483125000001,154.4919,89.909
188,snn,baseline,jetson_emulator,300,offload,0.5,56.2611,46.8721,46.8721,49.937,33.4745,112.06483125000001,112.06483125000001,154.6109,89.7906
189,snn,baseline,jetson_emulator,300,offload,0.5,55.7696,47.0172,47.0172,50.1763,33.4634,112.06483125000001,112.06483125000001,154.7299,89.8878
190,snn,baseline,jetson_emulator,300,offload,0.5,56.1662,46.8971,46.8971,49.3745,33.4726,112.06483125000001,112.06483125000001,154.8489,89.8414
191,snn,baseline,jetson_emulator,300,local,0.5,56.4151,46.3447,56.4151,59.4251,32.7597,112.06483125000001,112.06483125000001,166.7875,89.8445
192,snn,baseline,jetson_emulator,300,offload,0.5,56.484,47.4137,47.4137,50.7347,33.4331,112.06483125000001,112.06483125000001,155.087,89.9024
193,snn,baseline,jetson_emulator,300,local,0.5,55.9897,46.7545,55.9897,59.1778,32.791,112.06483125000001,112.06483125000001,167.0437,89.9228
194,snn,baseline,jetson_emulator,300,offload,0.5,56.6479,47.0191,47.0191,49.5543,33.4633,112.06483125000001,112.06483125000001,155.325,89.8715
195,snn,baseline,jetson_emulator,300,offload,0.5,56.2568,46.7109,46.7109,49.7431,33.4869,112.06483125000001,112.06483125000001,155.444,89.8579
196,snn,baseline,jetson_emulator,300,offload,0.5,56.1929,46.9918,46.9918,50.5887,33.4654,112.06483125000001,112.06483125000001,155.563,89.8566
197,snn,baseline,jetson_emulator,300,offload,0.5,56.11,46.8184,46.8184,50.7593,33.4786,112.06483125000001,112.06483125000001,155.682,89.8671
198,snn,baseline,jetson_emulator,300,offload,0.5,55.7853,46.2373,46.2373,49.7452,33.5232,112.06483125000001,112.06483125000001,155.801,89.9927
199,snn,baseline,jetson_emulator,300,offload,0.5,55.8228,46.4903,46.4903,49.8186,33.5038,112.06483125000001,112.06483125000001,155.9201,89.9104
200,snn,baseline,jetson_emulator,300,offload,0.5,55.925,46.4158,46.4158,49.5548,33.5095,112.06483125000001,112.06483125000001,156.0391,89.8793
201,snn,baseline,jetson_emulator,300,offload,0.5,55.9833,46.7873,46.7873,50.2199,33.481,112.06483125000001,112.06483125000001,156.1581,89.9258
202,snn,baseline,jetson_emulator,300,local,0.5,55.9197,46.6193,55.9197,59.2031,32.7961,112.06483125000001,112.06483125000001,168.1965,89.9082
203,snn,baseline,jetson_emulator,300,local,0.5,56.0995,46.3171,56.0995,59.0002,32.7829,112.06483125000001,112.06483125000001,168.3246,89.9198
204,snn,baseline,jetson_emulator,300,offload,0.5,56.5111,47.5529,47.5529,50.5292,33.4225,112.06483125000001,112.06483125000001,156.5151,89.8817
205,snn,baseline,jetson_emulator,300,offload,0.5,56.4428,46.3234,46.3234,49.6177,33.5166,112.06483125000001,112.06483125000001,156.6341,89.8911
206,snn,baseline,jetson_emulator,300,offload,0.5,56.0172,46.1505,46.1505,49.6624,33.5298,112.06483125000001,112.06483125000001,156.7531,89.8724
207,snn,baseline,jetson_emulator,300,local,0.5,56.1413,47.2196,56.1413,59.4863,32.7798,112.06483125000001,112.06483125000001,168.837,89.851
208,snn,baseline,jetson_emulator,300,offload,0.5,56.3659,47.0041,47.0041,49.5251,33.4644,112.06483125000001,112.06483125000001,156.9912,89.9462
209,snn,baseline,jetson_emulator,300,local,0.5,56.0018,47.5426,56.0018,59.0611,32.7901,112.06483125000001,112.06483125000001,169.0932,89.8916
210,snn,baseline,jetson_emulator,300,offload,0.5,56.5739,46.2831,46.2831,49.2085,33.5197,112.06483125000001,112.06483125000001,157.2292,89.9021
211,snn,baseline,jetson_emulator,300,offload,0.5,56.4726,46.5277,46.5277,49.314,33.5009,112.06483125000001,112.06483125000001,157.3482,89.9882
212,snn,baseline,jetson_emulator,300,offload,0.5,56.1483,46.6672,46.6672,50.309,33.4902,112.06483125000001,112.06483125000001,157.4672,89.8829
213,snn,baseline,jetson_emulator,300,offload,0.5,56.9011,46.5312,46.5312,50.0649,33.5006,112.06483125000001,112.06483125000001,157.5862,89.9331
214,snn,baseline,jetson_emulator,300,offload,0.5,56.1338,47.3218,47.3218,50.6661,33.4401,112.06483125000001,112.06483125000001,157.7053,89.8762
215,snn,baseline,jetson_emulator,300,local,0.5,56.8316,47.543,56.8316,59.2813,32.7292,112.06483125000001,112.06483125000001,169.8617,89.8028
216,snn,baseline,jetson_emulator,300,local,0.5,56.8491,47.3813,56.8491,60.3378,32.728,112.06483125000001,112.06483125000001,169.9898,89.8391
217,snn,baseline,jetson_emulator,300,offload,0.5,56.2598,46.8222,46.8222,51.0747,33.4783,112.06483125000001,112.06483125000001,158.0623,89.968
218,snn,baseline,jetson_emulator,300,offload,0.5,56.9765,47.5883,47.5883,50.395,33.4198,112.06483125000001,112.06483125000001,158.1813,89.8257
219,snn,baseline,jetson_emulator,300,local,0.5,56.2595,46.5011,56.2595,58.7777,32.7712,112.06483125000001,112.06483125000001,170.3741,89.9822
220,snn,baseline,jetson_emulator,300,local,0.5,56.8242,46.6554,56.8242,59.279,32.7298,112.06483125000001,112.06483125000001,170.5022,89.836
221,snn,baseline,jetson_emulator,300,local,0.5,56.8185,46.6644,56.8185,60.261,32.7302,112.06483125000001,112.06483125000001,170.6302,89.9
222,snn,baseline,jetson_emulator,300,offload,0.5,56.6902,48.046,48.046,51.2742,33.3849,112.06483125000001,112.06483125000001,158.6574,89.8165
223,snn,baseline,jetson_emulator,300,local,0.5,57.2979,48.3552,57.2979,60.2961,32.6952,112.06483125000001,112.06483125000001,170.8864,89.9323
224,snn,baseline,jetson_emulator,300,local,0.5,57.1715,47.4698,57.1715,59.3499,32.7044,112.06483125000001,112.06483125000001,171.0145,89.8635
225,snn,baseline,jetson_emulator,300,offload,0.5,56.5801,47.6269,47.6269,50.9971,33.4168,112.06483125000001,112.06483125000001,159.0144,89.8544
226,snn,baseline,jetson_emulator,300,offload,0.5,56.6775,48.0543,48.0543,50.3928,33.3843,112.06483125000001,112.06483125000001,159.1334,89.7729
227,snn,baseline,jetson_emulator,300,offload,0.5,56.8458,46.8544,46.8544,50.2309,33.4759,112.06483125000001,112.06483125000001,159.2524,89.8887
228,snn,baseline,jetson_emulator,300,local,0.5,58.5641,48.1524,58.5641,61.308,32.603,112.06483125000001,112.06483125000001,171.5269,89.8775
229,snn,baseline,jetson_emulator,300,local,0.5,56.8975,47.8686,56.8975,60.4301,32.7244,112.06483125000001,112.06483125000001,171.655,89.9054
230,snn,baseline,jetson_emulator,300,offload,0.5,57.1639,47.5288,47.5288,50.653,33.4243,112.06483125000001,112.06483125000001,159.6095,89.9414
231,snn,baseline,jetson_emulator,300,local,0.5,57.0966,47.1588,57.0966,60.7203,32.7099,112.06483125000001,112.06483125000001,171.9111,89.7562
232,snn,baseline,jetson_emulator,300,offload,0.5,57.8939,47.5373,47.5373,50.3613,33.4237,112.06483125000001,112.06483125000001,159.8475,89.8838
233,snn,baseline,jetson_emulator,300,local,0.5,57.2898,47.7596,57.2898,60.3204,32.6958,112.06483125000001,112.06483125000001,172.1673,89.8779
234,snn,baseline,jetson_emulator,300,offload,0.5,58.771,47.3905,47.3905,50.5708,33.4349,112.06483125000001,112.06483125000001,160.0855,89.8849
235,snn,baseline,jetson_emulator,300,offload,0.5,57.3458,47.2819,47.2819,50.671,33.4432,112.06483125000001,112.06483125000001,160.2045,89.8208
236,snn,baseline,jetson_emulator,300,offload,0.5,57.7608,48.0772,48.0772,50.7372,33.3825,112.06483125000001,112.06483125000001,160.3235,89.9504
237,snn,baseline,jetson_emulator,300,offload,0.5,57.5199,47.586,47.586,51.159,33.42,112.06483125000001,112.06483125000001,160.4425,89.9226
238,snn,baseline,jetson_emulator,300,local,0.5,57.6244,47.6497,57.6244,59.7231,32.6713,112.06483125000001,112.06483125000001,172.8078,89.8406
239,snn,baseline,jetson_emulator,300,offload,0.5,57.9642,48.0153,48.0153,51.8537,33.3872,112.06483125000001,112.06483125000001,160.6806,89.8954
240,snn,baseline,jetson_emulator,300,offload,0.5,57.5983,48.0182,48.0182,52.0303,33.387,112.06483125000001,112.06483125000001,160.7996,89.8625
241,snn,baseline,jetson_emulator,300,offload,0.5,58.092,48.9573,48.9573,52.1753,33.3157,112.06483125000001,112.06483125000001,160.9186,89.9357
242,snn,baseline,jetson_emulator,300,local,0.5,57.7671,47.9908,57.7671,61.0903,32.6609,112.06483125000001,112.06483125000001,173.3201,89.7928
243,snn,baseline,jetson_emulator,300,local,0.5,57.8787,48.0311,57.8787,60.9202,32.6528,112.06483125000001,112.06483125000001,173.4482,89.8661
244,snn,baseline,jetson_emulator,300,local,0.5,58.4971,48.644,58.4971,62.2754,32.6078,112.06483125000001,112.06483125000001,173.5763,89.8714
245,snn,baseline,jetson_emulator,300,local,0.5,58.5212,48.4869,58.5212,62.0263,32.6061,112.06483125000001,112.06483125000001,173.7044,89.9212
246,snn,baseline,jetson_emulator,300,local,0.5,58.1936,48.6363,58.1936,61.8509,32.6299,112.06483125000001,112.06483125000001,173.8325,89.8524
247,snn,baseline,jetson_emulator,300,offload,0.5,58.4558,48.1977,48.1977,50.8089,33.3734,112.06483125000001,112.06483125000001,161.6327,89.8828
248,snn,baseline,jetson_emulator,300,offload,0.5,58.225,48.7409,48.7409,52.5401,33.3321,112.06483125000001,112.06483125000001,161.7517,89.8312
249,snn,baseline,jetson_emulator,300,offload,0.5,58.9598,48.2749,48.2749,51.7417,33.3675,112.06483125000001,112.06483125000001,161.8707,89.8776
250,snn,baseline,jetson_emulator,300,local,0.5,58.7556,48.8761,58.7556,61.8715,32.5891,112.06483125000001,112.06483125000001,174.3449,89.8028
251,snn,baseline,jetson_emulator,300,offload,0.5,58.7656,49.0705,49.0705,51.8154,33.3071,112.06483125000001,112.06483125000001,162.1087,89.8215
252,snn,baseline,jetson_emulator,300,offload,0.5,59.151,48.8303,48.8303,51.8881,33.3253,112.06483125000001,112.06483125000001,162.2277,89.8367
253,snn,baseline,jetson_emulator,300,offload,0.5,58.7065,48.7097,48.7097,52.1072,33.3345,112.06483125000001,112.06483125000001,162.3468,89.8747
254,snn,baseline,jetson_emulator,300,offload,0.5,59.9955,49.0911,49.0911,52.1399,33.3055,112.06483125000001,112.06483125000001,162.4658,89.9025
255,snn,baseline,jetson_emulator,300,offload,0.5,59.3892,50.015,50.015,53.1333,33.2357,112.06483125000001,112.06483125000001,162.5848,89.8454
256,snn,baseline,jetson_emulator,300,offload,0.5,59.4889,48.7955,48.7955,53.2297,33.328,112.06483125000001,112.06483125000001,162.7038,89.8583
257,snn,baseline,jetson_emulator,300,local,0.5,59.1428,50.5436,59.1428,62.4564,32.561,112.06483125000001,112.06483125000001,175.2415,89.8777
258,snn,baseline,jetson_emulator,300,local,0.5,60.2041,49.5901,60.2041,63.3988,32.4843,112.06483125000001,112.06483125000001,175.3696,89.7861
259,snn,baseline,jetson_emulator,300,offload,0.5,59.9241,50.0527,50.0527,53.7961,33.2328,112.06483125000001,112.06483125000001,163.0608,89.9396
260,snn,baseline,jetson_emulator,300,local,0.5,59.4496,49.6604,59.4496,62.0641,32.5388,112.06483125000001,112.06483125000001,175.6258,89.8717
261,snn,baseline,jetson_emulator,300,local,0.5,59.6997,50.2883,59.6997,63.2063,32.5207,112.06483125000001,112.06483125000001,175.7539,90.0033
262,snn,baseline,jetson_emulator,300,local,0.5,60.1252,50.5728,60.1252,63.3846,32.49,112.06483125000001,112.06483125000001,175.8819,89.9162
263,snn,baseline,jetson_emulator,300,offload,0.5,60.0572,50.115,50.115,52.8685,33.2281,112.06483125000001,112.06483125000001,163.5369,89.9068
264,snn,baseline,jetson_emulator,300,local,0.5,60.12,49.9051,60.12,63.3603,32.4904,112.06483125000001,112.06483125000001,176.1381,89.824
265,snn,baseline,jetson_emulator,300,local,0.5,60.2701,49.5346,60.2701,64.0686,32.4796,112.06483125000001,112.06483125000001,176.2662,89.9904
266,snn,baseline,jetson_emulator,300,offload,0.5,61.3251,51.7164,51.7164,54.303,33.1078,112.06483125000001,112.06483125000001,163.8939,89.7805
267,snn,baseline,jetson_emulator,300,offload,0.5,60.6706,50.1399,50.1399,53.0835,33.2263,112.06483125000001,112.06483125000001,164.0129,89.8869
268,snn,baseline,jetson_emulator,300,offload,0.5,60.9506,50.5984,50.5984,53.6682,33.1917,112.06483125000001,112.06483125000001,164.1319,89.885
269,snn,baseline,jetson_emulator,300,local,0.5,61.2861,51.01,61.2861,64.2092,32.4065,112.06483125000001,112.06483125000001,176.7786,89.9985
270,snn,baseline,jetson_emulator,300,offload,0.5,60.8502,50.0864,50.0864,52.604,33.2303,112.06483125000001,112.06483125000001,164.37,89.82
271,snn,baseline,jetson_emulator,300,offload,0.5,60.7353,50.362,50.362,53.7219,33.2095,112.06483125000001,112.06483125000001,164.489,89.881
272,snn,baseline,jetson_emulator,300,offload,0.5,60.7181,51.2296,51.2296,54.0725,33.1443,112.06483125000001,112.06483125000001,164.608,89.9162
273,snn,baseline,jetson_emulator,300,offload,0.5,60.9862,50.3798,50.3798,53.8866,33.2082,112.06483125000001,112.06483125000001,164.727,89.8433
274,snn,baseline,jetson_emulator,300,offload,0.5,61.2253,51.2036,51.2036,54.5777,33.1463,112.06483125000001,112.06483125000001,164.846,89.8908
275,snn,baseline,jetson_emulator,300,offload,0.5,61.2394,50.8635,50.8635,54.1346,33.1718,112.06483125000001,112.06483125000001,164.965,89.8215
276,snn,baseline,jetson_emulator,300,offload,0.5,62.5292,51.5783,51.5783,54.6274,33.1182,112.06483125000001,112.06483125000001,165.084,89.8936
277,snn,baseline,jetson_emulator,300,offload,0.5,61.7444,51.5033,51.5033,55.0485,33.1238,112.06483125000001,112.06483125000001,165.2031,89.8733
278,snn,baseline,jetson_emulator,300,local,0.5,61.6324,52.1668,61.6324,64.5595,32.3817,112.06483125000001,112.06483125000001,177.9314,89.8222
279,snn,baseline,jetson_emulator,300,offload,0.5,61.6119,51.2569,51.2569,54.5362,33.1423,112.06483125000001,112.06483125000001,165.4411,89.7346
280,snn,baseline,jetson_emulator,300,offload,0.5,61.8727,51.7043,51.7043,54.4087,33.1087,112.06483125000001,112.06483125000001,165.5601,89.8761
281,snn,baseline,jetson_emulator,300,offload,0.5,62.3006,51.6637,51.6637,55.3216,33.1118,112.06483125000001,112.06483125000001,165.6791,89.9368
282,snn,baseline,jetson_emulator,300,offload,0.5,62.839,51.5639,51.5639,54.8046,33.1192,112.06483125000001,112.06483125000001,165.7981,90.0061
283,snn,baseline,jetson_emulator,300,local,0.5,62.3881,51.3367,62.3881,65.3228,32.3277,112.06483125000001,112.06483125000001,178.5718,89.9148
284,snn,baseline,jetson_emulator,300,local,0.5,62.7227,52.1332,62.7227,66.0928,32.3038,112.06483125000001,112.06483125000001,178.6999,89.8684
285,snn,baseline,jetson_emulator,300,offload,0.5,62.3978,51.9823,51.9823,55.0837,33.0879,112.06483125000001,112.06483125000001,166.1552,89.8474
286,snn,baseline,jetson_emulator,300,local,0.5,62.4471,52.0331,62.4471,64.9083,32.3235,112.06483125000001,112.06483125000001,178.9561,89.8117
287,snn,baseline,jetson_emulator,300,local,0.5,63.5929,52.2009,63.5929,66.8256,32.2419,112.06483125000001,112.06483125000001,179.0842,89.8919
288,snn,baseline,jetson_emulator,300,local,0.5,62.9185,53.8803,62.9185,66.4258,32.2899,112.06483125000001,112.06483125000001,179.2123,89.8889
289,snn,baseline,jetson_emulator,300,local,0.5,62.7953,53.0497,62.7953,65.9421,32.2986,112.06483125000001,112.06483125000001,179.3404,89.8739
290,snn,baseline,jetson_emulator,300,local,0.5,63.2435,52.1422,63.2435,66.8488,32.2667,112.06483125000001,112.06483125000001,179.4685,89.869
291,snn,baseline,jetson_emulator,300,offload,0.5,63.2412,52.7738,52.7738,56.0888,33.0288,112.06483125000001,112.06483125000001,166.8692,89.8247
292,snn,baseline,jetson_emulator,300,local,0.5,63.3104,52.7308,63.3104,67.7061,32.262,112.06483125000001,112.06483125000001,179.7246,89.9489
293,snn,baseline,jetson_emulator,300,local,0.5,63.6107,52.3414,63.6107,67.4003,32.2407,112.06483125000001,112.06483125000001,179.8527,89.9086
294,snn,baseline,jetson_emulator,300,offload,0.5,64.2201,53.5966,53.5966,56.2288,32.9676,112.06483125000001,112.06483125000001,167.2263,89.8537
295,snn,baseline,jetson_emulator,300,offload,0.5,63.9195,52.6381,52.6381,56.186,33.039,112.06483125000001,112.06483125000001,167.3453,89.9532
296,snn,baseline,jetson_emulator,300,offload,0.5,63.9345,53.0755,53.0755,56.5738,33.0064,112.06483125000001,112.06483125000001,167.4643,89.808
297,snn,baseline,jetson_emulator,300,local,0.5,64.6537,53.0294,64.6537,68.3114,32.1668,112.06483125000001,112.06483125000001,180.3651,89.766
298,snn,baseline,jetson_emulator,300,offload,0.5,64.8285,53.1003,53.1003,56.8774,33.0045,112.06483125000001,112.06483125000001,167.7023,89.8609
299,snn,baseline,jetson_emulator,300,local,0.5,64.0727,54.5285,64.0727,66.3935,32.2079,112.06483125000001,112.06483125000001,180.6213,89.8291
300,snn,baseline,jetson_emulator,300,offload,0.5,64.5306,53.441,53.441,56.8866,32.9792,112.06483125000001,112.06483125000001,167.9404,89.9145
301,snn,baseline,jetson_emulator,300,local,0.5,65.5181,54.621,65.5181,68.089,32.1058,112.06483125000001,112.06483125000001,180.8775,89.9123
302,snn,baseline,jetson_emulator,300,offload,0.5,64.8893,54.2358,54.2358,57.5897,32.9203,112.06483125000001,112.06483125000001,168.1784,89.8847
303,snn,baseline,jetson_emulator,300,offload,0.5,64.6293,54.0859,54.0859,57.7808,32.9314,112.06483125000001,112.06483125000001,168.2974,89.8585
304,snn,baseline,jetson_emulator,300,local,0.5,64.9047,53.8654,64.9047,68.0217,32.149,112.06483125000001,112.06483125000001,181.2617,89.8654
305,snn,baseline,jetson_emulator,300,offload,0.5,65.2333,54.0018,54.0018,57.2039,32.9376,112.06483125000001,112.06483125000001,168.5354,89.8582
306,snn,baseline,jetson_emulator,300,offload,0.5,65.5876,53.7265,53.7265,57.0184,32.958,112.06483125000001,112.06483125000001,168.6544,89.9398
307,snn,baseline,jetson_emulator,300,local,0.5,65.7179,53.9567,65.7179,69.6465,32.0917,112.06483125000001,112.06483125000001,181.646,89.9312
308,snn,baseline,jetson_emulator,300,offload,0.5,65.5122,54.2189,54.2189,57.4378,32.9215,112.06483125000001,112.06483125000001,168.8925,89.7887
309,snn,baseline,jetson_emulator,300,local,0.5,66.3713,53.9872,66.3713,69.0996,32.0458,112.06483125000001,112.06483125000001,181.9022,89.7873
310,snn,baseline,jetson_emulator,300,offload,0.5,65.8737,54.5455,54.5455,57.983,32.8974,112.06483125000001,112.06483125000001,169.1305,89.8007
311,snn,baseline,jetson_emulator,300,offload,0.5,66.5047,54.9585,54.9585,58.3034,32.8669,112.06483125000001,112.06483125000001,169.2495,89.8451
312,snn,baseline,jetson_emulator,300,offload,0.5,65.8417,54.9554,54.9554,58.4066,32.8671,112.06483125000001,112.06483125000001,169.3685,89.8846
313,snn,baseline,jetson_emulator,300,local,0.5,65.996,54.6451,65.996,69.0328,32.0722,112.06483125000001,112.06483125000001,182.4145,89.8861
314,snn,baseline,jetson_emulator,300,offload,0.5,67.8668,55.026,55.026,58.7202,32.8619,112.06483125000001,112.06483125000001,169.6065,89.7874
315,snn,baseline,jetson_emulator,300,offload,0.5,66.1881,55.9864,55.9864,58.4803,32.7912,112.06483125000001,112.06483125000001,169.7255,89.9065
316,snn,baseline,jetson_emulator,300,local,0.5,66.315,55.9308,66.315,69.7506,32.0498,112.06483125000001,112.06483125000001,182.7988,89.8207
317,snn,baseline,jetson_emulator,300,offload,0.5,66.2274,55.0242,55.0242,58.9559,32.862,112.06483125000001,112.06483125000001,169.9636,89.9225
318,snn,baseline,jetson_emulator,300,offload,0.5,67.3813,55.4283,55.4283,59.1485,32.8322,112.06483125000001,112.06483125000001,170.0826,89.8809
319,snn,baseline,jetson_emulator,300,local,0.5,66.621,55.7793,66.621,69.6306,32.0283,112.06483125000001,112.06483125000001,183.1831,89.8466
320,snn,baseline,jetson_emulator,300,offload,0.5,66.7694,55.9037,55.9037,59.508,32.7973,112.06483125000001,112.06483125000001,170.3206,89.9813
321,snn,baseline,jetson_emulator,300,offload,0.5,66.9986,56.8277,56.8277,60.535,32.7295,112.06483125000001,112.06483125000001,170.4396,89.885
322,snn,baseline,jetson_emulator,300,offload,0.5,67.5055,55.4228,55.4228,58.705,32.8326,112.06483125000001,112.06483125000001,170.5586,89.911
323,snn,baseline,jetson_emulator,300,offload,0.5,67.0321,56.7017,56.7017,59.9459,32.7387,112.06483125000001,112.06483125000001,170.6777,89.8723
324,snn,baseline,jetson_emulator,300,offload,0.5,68.2115,55.9697,55.9697,60.091,32.7924,112.06483125000001,112.06483125000001,170.7967,89.9392
325,snn,baseline,jetson_emulator,300,offload,0.5,67.4918,56.0537,56.0537,59.6153,32.7863,112.06483125000001,112.06483125000001,170.9157,89.8641
326,snn,baseline,jetson_emulator,300,local,0.5,67.5371,56.4742,67.5371,69.5705,31.9643,112.06483125000001,112.06483125000001,184.0797,89.9012
327,snn,baseline,jetson_emulator,300,offload,0.5,67.7491,56.3754,56.3754,59.0443,32.7627,112.06483125000001,112.06483125000001,171.1537,89.8073
328,snn,baseline,jetson_emulator,300,offload,0.5,67.6657,57.0729,57.0729,60.965,32.7116,112.06483125000001,112.06483125000001,171.2727,89.8601
329,snn,baseline,jetson_emulator,300,offload,0.5,67.6077,56.1213,56.1213,59.9691,32.7813,112.06483125000001,112.06483125000001,171.3917,89.9091
330,snn,baseline,jetson_emulator,300,offload,0.5,68.2459,56.7316,56.7316,59.7493,32.7366,112.06483125000001,112.06483125000001,171.5107,89.8679
331,snn,baseline,jetson_emulator,300,local,0.5,68.5563,56.0738,68.5563,71.6125,31.8933,112.06483125000001,112.06483125000001,184.7202,89.9718
332,snn,baseline,jetson_emulator,300,local,0.5,68.6169,56.1998,68.6169,71.7609,31.8891,112.06483125000001,112.06483125000001,184.8482,89.8157
333,snn,baseline,jetson_emulator,300,local,0.5,67.9959,57.0967,67.9959,71.6152,31.9323,112.06483125000001,112.06483125000001,184.9763,89.868
334,snn,baseline,jetson_emulator,300,offload,0.5,68.2311,56.5159,56.5159,59.3937,32.7524,112.06483125000001,112.06483125000001,171.9868,89.8305
335,snn,baseline,jetson_emulator,300,local,0.5,68.7821,57.4765,68.7821,71.2339,31.8776,112.06483125000001,112.06483125000001,185.2325,89.915
336,snn,baseline,jetson_emulator,300,local,0.5,69.1828,58.1071,69.1828,72.1602,31.8498,112.06483125000001,112.06483125000001,185.3606,89.8174
337,snn,baseline,jetson_emulator,300,local,0.5,68.8351,56.5278,68.8351,71.6752,31.874,112.06483125000001,112.06483125000001,185.4887,89.9081
338,snn,baseline,jetson_emulator,300,local,0.5,69.2921,56.7856,69.2921,73.0719,31.8423,112.06483125000001,112.06483125000001,185.6168,89.8412
339,snn,baseline,jetson_emulator,300,offload,0.5,68.7221,56.7668,56.7668,60.4318,32.734,112.06483125000001,112.06483125000001,172.5819,89.9143
340,snn,baseline,jetson_emulator,300,local,0.5,69.1912,58.0036,69.1912,72.3157,31.8493,112.06483125000001,112.06483125000001,185.873,89.8214
341,snn,baseline,jetson_emulator,300,local,0.5,68.7888,57.4245,68.7888,71.4395,31.8772,112.06483125000001,112.06483125000001,186.0011,89.8988
342,snn,baseline,jetson_emulator,300,offload,0.5,69.3382,57.1336,57.1336,60.3924,32.7072,112.06483125000001,112.06483125000001,172.9389,89.8567
343,snn,baseline,jetson_emulator,300,offload,0.5,69.0101,58.1893,58.1893,61.5983,32.6302,112.06483125000001,112.06483125000001,173.0579,89.8999
344,snn,baseline,jetson_emulator,300,offload,0.5,69.0152,57.9584,57.9584,61.4017,32.647,112.06483125000001,112.06483125000001,173.1769,89.8925
345,snn,baseline,jetson_emulator,300,offload,0.5,69.5996,57.9769,57.9769,61.3098,32.6457,112.06483125000001,112.06483125000001,173.2959,89.8702
346,snn,baseline,jetson_emulator,300,offload,0.5,69.513,57.202,57.202,60.4904,32.7022,112.06483125000001,112.06483125000001,173.4149,89.8918
347,snn,baseline,jetson_emulator,300,offload,0.5,70.6281,58.1598,58.1598,61.1999,32.6323,112.06483125000001,112.06483125000001,173.534,89.8106
348,snn,baseline,jetson_emulator,300,local,0.5,69.3395,58.2238,69.3395,72.9072,31.839,112.06483125000001,112.06483125000001,186.8977,89.8647
349,snn,baseline,jetson_emulator,300,local,0.5,69.8697,57.6228,69.8697,72.8549,31.8023,112.06483125000001,112.06483125000001,187.0258,89.8763
350,snn,baseline,jetson_emulator,300,offload,0.5,69.5225,57.6027,57.6027,60.9939,32.6729,112.06483125000001,112.06483125000001,173.891,89.8166
351,snn,baseline,jetson_emulator,300,offload,0.5,71.1151,57.7441,57.7441,61.2306,32.6626,112.06483125000001,112.06483125000001,174.01,89.873
352,snn,baseline,jetson_emulator,300,local,0.5,70.7478,59.4419,70.7478,73.853,31.7418,112.06483125000001,112.06483125000001,187.4101,89.848
353,snn,baseline,jetson_emulator,300,local,0.5,69.7973,58.0296,69.7973,73.3565,31.8073,112.06483125000001,112.06483125000001,187.5381,89.8015
354,snn,baseline,jetson_emulator,300,offload,0.5,69.8815,58.5285,58.5285,62.0397,32.6056,112.06483125000001,112.06483125000001,174.3671,89.87
355,snn,baseline,jetson_emulator,300,local,0.5,69.9471,58.6632,69.9471,73.4245,31.797,112.06483125000001,112.06483125000001,187.7943,89.9166
356,snn,baseline,jetson_emulator,300,local,0.5,70.0707,58.7332,70.0707,73.3465,31.7884,112.06483125000001,112.06483125000001,187.9224,89.8406
357,snn,baseline,jetson_emulator,300,local,0.5,70.4427,58.0658,70.4427,74.4458,31.7628,112.06483125000001,112.06483125000001,188.0505,89.8973
358,snn,baseline,jetson_emulator,300,offload,0.5,70.1189,58.9175,58.9175,62.53,32.5773,112.06483125000001,112.06483125000001,174.8431,89.8284
359,snn,baseline,jetson_emulator,300,local,0.5,70.0932,57.9853,70.0932,73.2486,31.7869,112.06483125000001,112.06483125000001,188.3067,89.8306
360,snn,baseline,jetson_emulator,300,offload,0.5,71.0693,59.2122,59.2122,62.6045,32.556,112.06483125000001,112.06483125000001,175.0811,89.8807
361,snn,baseline,jetson_emulator,300,offload,0.5,70.2535,58.2725,58.2725,61.7444,32.6242,112.06483125000001,112.06483125000001,175.2001,89.8188
362,snn,baseline,jetson_emulator,300,offload,0.5,70.4322,59.4226,59.4226,62.3891,32.5408,112.06483125000001,112.06483125000001,175.3192,89.9282
363,snn,baseline,jetson_emulator,300,local,0.5,70.6555,58.7533,70.6555,73.385,31.7481,112.06483125000001,112.06483125000001,188.819,89.8711
364,snn,baseline,jetson_emulator,300,offload,0.5,71.0659,58.6838,58.6838,61.958,32.5943,112.06483125000001,112.06483125000001,175.5572,89.8471
365,snn,baseline,jetson_emulator,300,local,0.5,71.7269,58.8512,71.7269,75.2542,31.6745,112.06483125000001,112.06483125000001,189.0752,89.7769
366,snn,baseline,jetson_emulator,300,local,0.5,70.581,58.4991,70.581,73.411,31.7533,112.06483125000001,112.06483125000001,189.2033,89.9513
367,snn,baseline,jetson_emulator,300,offload,0.5,71.4107,58.4372,58.4372,61.5311,32.6122,112.06483125000001,112.06483125000001,175.9142,89.8335
368,snn,baseline,jetson_emulator,300,offload,0.5,70.7369,58.5587,58.5587,61.199,32.6034,112.06483125000001,112.06483125000001,176.0332,89.8708
369,snn,baseline,jetson_emulator,300,offload,0.5,71.2394,59.1419,59.1419,62.0241,32.5611,112.06483125000001,112.06483125000001,176.1522,89.9365
370,snn,baseline,jetson_emulator,300,offload,0.5,70.8442,59.0885,59.0885,62.0976,32.5649,112.06483125000001,112.06483125000001,176.2713,89.8829
371,snn,baseline,jetson_emulator,300,offload,0.5,71.3918,59.9855,59.9855,64.052,32.5001,112.06483125000001,112.06483125000001,176.3903,89.8316
372,snn,baseline,jetson_emulator,300,offload,0.5,70.9429,58.6751,58.6751,61.9993,32.5949,112.06483125000001,112.06483125000001,176.5093,89.8459
373,snn,baseline,jetson_emulator,300,offload,0.5,71.3636,59.2771,59.2771,62.4833,32.5513,112.06483125000001,112.06483125000001,176.6283,89.9814
374,snn,baseline,jetson_emulator,300,offload,0.5,70.9013,58.6019,58.6019,61.3175,32.6002,112.06483125000001,112.06483125000001,176.7473,89.8063
375,snn,baseline,jetson_emulator,300,local,0.5,71.2106,58.9839,71.2106,74.9345,31.71,112.06483125000001,112.06483125000001,190.3561,89.8672
376,snn,baseline,jetson_emulator,300,local,0.5,71.0749,58.6433,71.0749,74.4332,31.7193,112.06483125000001,112.06483125000001,190.4842,90.001
377,snn,baseline,jetson_emulator,300,local,0.5,71.3445,60.0226,71.3445,74.6596,31.7008,112.06483125000001,112.06483125000001,190.6123,89.8496
378,snn,baseline,jetson_emulator,300,offload,0.5,71.5927,58.7036,58.7036,62.6756,32.5928,112.06483125000001,112.06483125000001,177.2234,89.9854
379,snn,baseline,jetson_emulator,300,offload,0.5,71.194,59.5029,59.5029,63.0162,32.535,112.06483125000001,112.06483125000001,177.3424,89.9182
380,snn,baseline,jetson_emulator,300,offload,0.5,71.7699,59.3929,59.3929,62.1612,32.5429,112.06483125000001,112.06483125000001,177.4614,89.9063
381,snn,baseline,jetson_emulator,300,offload,0.5,71.6229,58.991,58.991,61.6512,32.572,112.06483125000001,112.06483125000001,177.5804,89.83
382,snn,baseline,jetson_emulator,300,offload,0.5,71.1917,59.7753,59.7753,62.954,32.5153,112.06483125000001,112.06483125000001,177.6994,89.8545
383,snn,baseline,jetson_emulator,300,local,0.5,71.2962,59.0638,71.2962,74.4958,31.7041,112.06483125000001,112.06483125000001,191.3808,89.7958
384,snn,baseline,jetson_emulator,300,local,0.5,71.2794,58.9577,71.2794,74.2903,31.7052,112.06483125000001,112.06483125000001,191.5089,89.9023
385,snn,baseline,jetson_emulator,300,offload,0.5,71.4594,59.5493,59.5493,62.2853,32.5316,112.06483125000001,112.06483125000001,178.0564,89.817
386,snn,baseline,jetson_emulator,300,offload,0.5,71.9886,60.0982,60.0982,62.5268,32.492,112.06483125000001,112.06483125000001,178.1755,89.877
387,snn,baseline,jetson_emulator,300,offload,0.5,71.3372,59.8546,59.8546,63.1526,32.5095,112.06483125000001,112.06483125000001,178.2945,89.7859
388,snn,baseline,jetson_emulator,300,local,0.5,71.909,60.3485,71.909,74.811,31.6621,112.06483125000001,112.06483125000001,192.0213,89.9027
389,snn,baseline,jetson_emulator,300,local,0.5,72.2682,59.0514,72.2682,74.7271,31.6375,112.06483125000001,112.06483125000001,192.1494,89.8367
390,snn,baseline,jetson_emulator,300,offload,0.5,71.3088,59.0676,59.0676,61.8518,32.5665,112.06483125000001,112.06483125000001,178.6515,89.8199
391,snn,baseline,jetson_emulator,300,offload,0.5,72.7372,59.3088,59.3088,62.5383,32.549,112.06483125000001,112.06483125000001,178.7705,89.8943
392,snn,baseline,jetson_emulator,300,offload,0.5,71.6131,59.0982,59.0982,62.3773,32.5642,112.06483125000001,112.06483125000001,178.8895,89.8838
393,snn,baseline,jetson_emulator,300,local,0.5,72.5038,59.9835,72.5038,76.2039,31.6214,112.06483125000001,112.06483125000001,192.6617,89.9434
394,snn,baseline,jetson_emulator,300,local,0.5,71.8496,59.0928,71.8496,75.1113,31.6661,112.06483125000001,112.06483125000001,192.7898,89.9218
395,snn,baseline,jetson_emulator,300,offload,0.5,71.8341,59.5718,59.5718,62.489,32.53,112.06483125000001,112.06483125000001,179.2466,89.8184
396,snn,baseline,jetson_emulator,300,local,0.5,71.9686,59.0905,71.9686,74.6676,31.658,112.06483125000001,112.06483125000001,193.046,89.7872
397,snn,baseline,jetson_emulator,300,offload,0.5,71.4663,59.2004,59.2004,62.3973,32.5568,112.06483125000001,112.06483125000001,179.4846,89.9557
398,snn,baseline,jetson_emulator,300,local,0.5,72.4513,59.1283,72.4513,75.4207,31.625,112.06483125000001,112.06483125000001,193.3022,89.8762
399,snn,baseline,jetson_emulator,300,local,0.5,72.5766,59.975,72.5766,76.2214,31.6164,112.06483125000001,112.06483125000001,193.4303,89.9226
400,snn,baseline,jetson_emulator,300,local,0.5,72.4219,59.1359,72.4219,75.8947,31.627,112.06483125000001,112.06483125000001,193.5584,89.8795
401,snn,baseline,jetson_emulator,300,offload,0.5,71.9425,59.1857,59.1857,62.1861,32.5579,112.06483125000001,112.06483125000001,179.9607,89.7992
402,snn,baseline,jetson_emulator,300,offload,0.5,71.7241,59.1437,59.1437,62.3188,32.5609,112.06483125000001,112.06483125000001,180.0797,89.9531
403,snn,baseline,jetson_emulator,300,local,0.5,72.0713,59.9225,72.0713,75.2369,31.651,112.06483125000001,112.06483125000001,193.9426,89.8402
404,snn,baseline,jetson_emulator,300,offload,0.5,71.5957,60.7355,60.7355,64.593,32.4461,112.06483125000001,112.06483125000001,180.3177,89.8327
405,snn,baseline,jetson_emulator,300,offload,0.5,71.7943,59.4494,59.4494,63.0581,32.5388,112.06483125000001,112.06483125000001,180.4367,89.851
406,snn,baseline,jetson_emulator,300,offload,0.5,71.6194,60.0159,60.0159,63.4798,32.4979,112.06483125000001,112.06483125000001,180.5557,89.8683
407,snn,baseline,jetson_emulator,300,local,0.5,72.4188,60.1899,72.4188,75.9797,31.6272,112.06483125000001,112.06483125000001,194.455,89.9127
408,snn,baseline,jetson_emulator,300,local,0.5,71.6341,60.071,71.6341,75.0769,31.6809,112.06483125000001,112.06483125000001,194.5831,89.8151
409,snn,baseline,jetson_emulator,300,local,0.5,71.4728,60.1947,71.4728,75.1342,31.692,112.06483125000001,112.06483125000001,194.7112,89.8678
410,snn,baseline,jetson_emulator,300,offload,0.5,72.1681,59.506,59.506,63.0627,32.5347,112.06483125000001,112.06483125000001,181.0318,89.8243
411,snn,baseline,jetson_emulator,300,local,0.5,71.6058,59.3834,71.6058,75.0374,31.6828,112.06483125000001,112.06483125000001,194.9674,89.8705
412,snn,baseline,jetson_emulator,300,offload,0.5,71.7647,59.1728,59.1728,62.5137,32.5588,112.06483125000001,112.06483125000001,181.2698,89.9164
413,snn,baseline,jetson_emulator,300,local,0.5,72.8416,59.4396,72.8416,76.1976,31.5983,112.06483125000001,112.06483125000001,195.2235,89.8712
414,snn,baseline,jetson_emulator,300,offload,0.5,71.6298,59.393,59.393,62.5579,32.5429,112.06483125000001,112.06483125000001,181.5078,89.8202
415,snn,baseline,jetson_emulator,300,offload,0.5,72.3816,59.2462,59.2462,61.4324,32.5535,112.06483125000001,112.06483125000001,181.6268,89.838
416,snn,baseline,jetson_emulator,300,offload,0.5,72.0965,59.4273,59.4273,62.7193,32.5404,112.06483125000001,112.06483125000001,181.7458,89.965
417,snn,baseline,jetson_emulator,300,local,0.5,71.6766,59.0559,71.6766,74.7561,31.678,112.06483125000001,112.06483125000001,195.7359,89.811
418,snn,baseline,jetson_emulator,300,local,0.5,71.6969,60.047,71.6969,74.0874,31.6766,112.06483125000001,112.06483125000001,195.864,89.929
419,snn,baseline,jetson_emulator,300,local,0.5,71.9866,59.9867,71.9866,74.967,31.6568,112.06483125000001,112.06483125000001,195.9921,89.9281
420,snn,baseline,jetson_emulator,300,offload,0.5,71.8434,60.7121,60.7121,63.4673,32.4478,112.06483125000001,112.06483125000001,182.2219,89.8759
421,snn,baseline,jetson_emulator,300,offload,0.5,71.9705,59.4968,59.4968,62.7271,32.5354,112.06483125000001,112.06483125000001,182.3409,89.7736
422,snn,baseline,jetson_emulator,300,offload,0.5,71.6247,59.2047,59.2047,61.8802,32.5565,112.06483125000001,112.06483125000001,182.4599,89.8693
423,snn,baseline,jetson_emulator,300,offload,0.5,71.8187,59.7796,59.7796,63.1219,32.515,112.06483125000001,112.06483125000001,182.5789,89.9423
424,snn,baseline,jetson_emulator,300,offload,0.5,71.4729,58.9873,58.9873,61.7209,32.5723,112.06483125000001,112.06483125000001,182.6979,89.8228
425,snn,baseline,jetson_emulator,300,offload,0.5,72.3457,60.236,60.236,63.9264,32.482,112.06483125000001,112.06483125000001,182.817,89.7863
426,snn,baseline,jetson_emulator,300,offload,0.5,71.4469,59.0708,59.0708,62.8318,32.5662,112.06483125000001,112.06483125000001,182.936,89.8542
427,snn,baseline,jetson_emulator,300,offload,0.5,71.6021,59.2062,59.2062,63.3606,32.5564,112.06483125000001,112.06483125000001,183.055,89.9283
428,snn,baseline,jetson_emulator,300,offload,0.5,71.742,60.4201,60.4201,63.3024,32.4688,112.06483125000001,112.06483125000001,183.174,89.8971
429,snn,baseline,jetson_emulator,300,offload,0.5,71.8056,59.9654,59.9654,62.4774,32.5015,112.06483125000001,112.06483125000001,183.293,89.889
430,snn,baseline,jetson_emulator,300,local,0.5,72.115,60.5636,72.115,74.8991,31.648,112.06483125000001,112.06483125000001,197.4011,89.865
431,snn,baseline,jetson_emulator,300,offload,0.5,71.5084,58.9891,58.9891,62.6807,32.5721,112.06483125000001,112.06483125000001,183.531,89.8573
432,snn,baseline,jetson_emulator,300,local,0.5,71.8053,59.8556,71.8053,75.013,31.6692,112.06483125000001,112.06483125000001,197.6573,89.8995
433,snn,baseline,jetson_emulator,300,offload,0.5,72.1775,59.3814,59.3814,62.4351,32.5437,112.06483125000001,112.06483125000001,183.7691,89.8576
434,snn,baseline,jetson_emulator,300,offload,0.5,71.5994,59.007,59.007,62.28,32.5708,112.06483125000001,112.06483125000001,183.8881,89.8426
435,snn,baseline,jetson_emulator,300,offload,0.5,71.4256,59.787,59.787,63.0704,32.5144,112.06483125000001,112.06483125000001,184.0071,89.8454
436,snn,baseline,jetson_emulator,300,local,0.5,71.3571,59.0672,71.3571,74.7038,31.6999,112.06483125000001,112.06483125000001,198.1696,89.9058
437,snn,baseline,jetson_emulator,300,offload,0.5,72.439,58.9428,58.9428,61.7534,32.5755,112.06483125000001,112.06483125000001,184.2451,89.8928
438,snn,baseline,jetson_emulator,300,local,0.5,72.1386,59.5367,72.1386,75.0265,31.6464,112.06483125000001,112.06483125000001,198.4258,89.9271
439,snn,baseline,jetson_emulator,300,offload,0.5,71.2838,59.8906,59.8906,62.338,32.5069,112.06483125000001,112.06483125000001,184.4831,89.8362
440,snn,baseline,jetson_emulator,300,local,0.5,71.2623,60.2907,71.2623,75.1301,31.7064,112.06483125000001,112.06483125000001,198.682,89.8448
441,snn,baseline,jetson_emulator,300,offload,0.5,71.4638,59.3194,59.3194,62.1626,32.5482,112.06483125000001,112.06483125000001,184.7212,89.7759
442,snn,baseline,jetson_emulator,300,offload,0.5,71.3935,60.0875,60.0875,63.537,32.4927,112.06483125000001,112.06483125000001,184.8402,89.9258
443,snn,baseline,jetson_emulator,300,local,0.5,71.6009,59.6001,71.6009,74.5549,31.6832,112.06483125000001,112.06483125000001,199.0663,89.914
444,snn,baseline,jetson_emulator,300,local,0.5,71.2412,59.1542,71.2412,73.8792,31.7079,112.06483125000001,112.06483125000001,199.1943,89.8625
445,snn,baseline,jetson_emulator,300,offload,0.5,71.4477,59.0618,59.0618,62.0879,32.5669,112.06483125000001,112.06483125000001,185.1972,89.8096
446,snn,baseline,jetson_emulator,300,offload,0.5,72.215,58.859,58.859,62.9846,32.5816,112.06483125000001,112.06483125000001,185.3162,90.0154
447,snn,baseline,jetson_emulator,300,local,0.5,72.9268,58.9732,72.9268,75.5778,31.5925,112.06483125000001,112.06483125000001,199.5786,89.8276
448,snn,baseline,jetson_emulator,300,local,0.5,71.709,59.9738,71.709,74.1711,31.6758,112.06483125000001,112.06483125000001,199.7067,89.8441
449,snn,baseline,jetson_emulator,300,offload,0.5,71.274,58.9858,58.9858,62.8183,32.5724,112.06483125000001,112.06483125000001,185.6733,89.7934
450,snn,baseline,jetson_emulator,300,offload,0.5,71.1313,59.9475,59.9475,62.7321,32.5028,112.06483125000001,112.06483125000001,185.7923,89.9014
451,snn,baseline,jetson_emulator,300,local,0.5,71.1399,60.4034,71.1399,73.8325,31.7148,112.06483125000001,112.06483125000001,200.091,89.8513
452,snn,baseline,jetson_emulator,300,offload,0.5,71.5632,58.8395,58.8395,61.472,32.583,112.06483125000001,112.06483125000001,186.0303,89.8084
453,snn,baseline,jetson_emulator,300,local,0.5,71.2204,59.7618,71.2204,74.0352,31.7093,112.06483125000001,112.06483125000001,200.3472,89.8551
454,snn,baseline,jetson_emulator,300,local,0.5,71.3415,59.3951,71.3415,75.0176,31.701,112.06483125000001,112.06483125000001,200.4752,89.8281
455,snn,baseline,jetson_emulator,300,offload,0.5,71.4298,58.9238,58.9238,62.148,32.5769,112.06483125000001,112.06483125000001,186.3873,89.9496
456,snn,baseline,jetson_emulator,300,offload,0.5,71.4798,59.7707,59.7707,62.8257,32.5156,112.06483125000001,112.06483125000001,186.5064,89.9095
457,snn,baseline,jetson_emulator,300,offload,0.5,71.7862,60.4488,60.4488,64.2458,32.4667,112.06483125000001,112.06483125000001,186.6254,89.8951
458,snn,baseline,jetson_emulator,300,offload,0.5,71.2364,60.0388,60.0388,63.093,32.4963,112.06483125000001,112.06483125000001,186.7444,89.8667
459,snn,baseline,jetson_emulator,300,local,0.5,71.2465,59.9898,71.2465,74.8262,31.7075,112.06483125000001,112.06483125000001,201.1157,89.8157
460,snn,baseline,jetson_emulator,300,offload,0.5,71.3431,60.4542,60.4542,63.8904,32.4663,112.06483125000001,112.06483125000001,186.9824,89.8814
461,snn,baseline,jetson_emulator,300,offload,0.5,71.8327,58.8412,58.8412,61.102,32.5829,112.06483125000001,112.06483125000001,187.1014,89.8467
462,snn,baseline,jetson_emulator,300,offload,0.5,71.683,60.2467,60.2467,63.019,32.4813,112.06483125000001,112.06483125000001,187.2204,89.9177
463,snn,baseline,jetson_emulator,300,offload,0.5,71.3589,59.1519,59.1519,62.5974,32.5604,112.06483125000001,112.06483125000001,187.3395,89.8588
464,snn,baseline,jetson_emulator,300,offload,0.5,71.9074,59.5079,59.5079,62.7998,32.5346,112.06483125000001,112.06483125000001,187.4585,89.9567
465,snn,baseline,jetson_emulator,300,offload,0.5,71.5592,59.151,59.151,61.7638,32.5604,112.06483125000001,112.06483125000001,187.5775,89.9553
466,snn,baseline,jetson_emulator,300,offload,0.5,72.4906,58.908,58.908,62.5241,32.578,112.06483125000001,112.06483125000001,187.6965,89.7639
467,snn,baseline,jetson_emulator,300,local,0.5,71.5968,58.8707,71.5968,75.4607,31.6835,112.06483125000001,112.06483125000001,202.1404,89.8239
468,snn,baseline,jetson_emulator,300,offload,0.5,71.8831,61.1226,61.1226,63.7584,32.4183,112.06483125000001,112.06483125000001,187.9345,89.8357
469,snn,baseline,jetson_emulator,300,local,0.5,71.4608,59.0896,71.4608,74.8863,31.6928,112.06483125000001,112.06483125000001,202.3966,89.8215
470,snn,baseline,jetson_emulator,300,local,0.5,71.3787,58.9204,71.3787,74.6693,31.6984,112.06483125000001,112.06483125000001,202.5247,89.802
471,snn,baseline,jetson_emulator,300,offload,0.5,71.8122,59.431,59.431,63.2935,32.5402,112.06483125000001,112.06483125000001,188.2916,89.8814
472,snn,baseline,jetson_emulator,300,offload,0.5,72.1554,60.5971,60.5971,64.224,32.456,112.06483125000001,112.06483125000001,188.4106,89.8511
473,snn,baseline,jetson_emulator,300,local,0.5,71.5916,59.408,71.5916,74.5397,31.6838,112.06483125000001,112.06483125000001,202.909,89.9339
474,snn,baseline,jetson_emulator,300,offload,0.5,72.9561,59.0117,59.0117,62.8795,32.5705,112.06483125000001,112.06483125000001,188.6486,89.9828
475,snn,baseline,jetson_emulator,300,offload,0.5,72.3297,59.6969,59.6969,62.944,32.5209,112.06483125000001,112.06483125000001,188.7676,89.7924
476,snn,baseline,jetson_emulator,300,local,0.5,71.5214,59.3846,71.5214,75.1698,31.6886,112.06483125000001,112.06483125000001,203.2932,89.8963
477,snn,baseline,jetson_emulator,300,local,0.5,71.7594,59.412,71.7594,75.3676,31.6723,112.06483125000001,112.06483125000001,203.4213,89.8565
478,snn,baseline,jetson_emulator,300,offload,0.5,72.3923,59.0714,59.0714,62.2923,32.5662,112.06483125000001,112.06483125000001,189.1246,89.9289
479,snn,baseline,jetson_emulator,300,offload,0.5,72.3479,59.6598,59.6598,62.3288,32.5236,112.06483125000001,112.06483125000001,189.2437,89.8769
480,snn,baseline,jetson_emulator,300,offload,0.5,71.9692,60.3514,60.3514,63.7028,32.4737,112.06483125000001,112.06483125000001,189.3627,89.8986
481,snn,baseline,jetson_emulator,300,local,0.5,71.6755,59.3557,71.6755,74.4489,31.6781,112.06483125000001,112.06483125000001,203.9337,89.7927
482,snn,baseline,jetson_emulator,300,offload,0.5,71.7601,60.5549,60.5549,63.306,32.4591,112.06483125000001,112.06483125000001,189.6007,89.8339
483,snn,baseline,jetson_emulator,300,local,0.5,71.7046,59.6382,71.7046,75.3632,31.6761,112.06483125000001,112.06483125000001,204.1899,89.8683
484,snn,baseline,jetson_emulator,300,local,0.5,71.9962,59.4364,71.9962,75.3943,31.6561,112.06483125000001,112.06483125000001,204.3179,89.8707
485,snn,baseline,jetson_emulator,300,local,0.5,71.6097,59.3484,71.6097,74.326,31.6826,112.06483125000001,112.06483125000001,204.446,89.8779
486,snn,baseline,jetson_emulator,300,offload,0.5,71.868,59.7027,59.7027,63.1528,32.5205,112.06483125000001,112.06483125000001,190.0767,89.9088
487,snn,baseline,jetson_emulator,300,local,0.5,72.062,60.5279,72.062,75.9626,31.6516,112.06483125000001,112.06483125000001,204.7022,89.8414
488,snn,baseline,jetson_emulator,300,offload,0.5,72.337,59.3902,59.3902,62.6301,32.5431,112.06483125000001,112.06483125000001,190.3148,89.861
489,snn,baseline,jetson_emulator,300,local,0.5,72.2616,59.7,72.2616,74.9848,31.638,112.06483125000001,112.06483125000001,204.9584,89.8729
490,snn,baseline,jetson_emulator,300,local,0.5,71.9953,60.7229,71.9953,74.9776,31.6562,112.06483125000001,112.06483125000001,205.0865,89.9111
491,snn,baseline,jetson_emulator,300,local,0.5,71.9684,60.2008,71.9684,75.1891,31.658,112.06483125000001,112.06483125000001,205.2146,89.919
492,snn,baseline,jetson_emulator,300,offload,0.5,72.8783,59.6485,59.6485,62.2317,32.5244,112.06483125000001,112.06483125000001,190.7908,89.9393
493,snn,baseline,jetson_emulator,300,offload,0.5,71.9786,60.7829,60.7829,63.4273,32.4427,112.06483125000001,112.06483125000001,190.9098,89.8333
494,snn,baseline,jetson_emulator,300,offload,0.5,72.3034,59.684,59.684,63.2274,32.5219,112.06483125000001,112.06483125000001,191.0288,89.9065
495,snn,baseline,jetson_emulator,300,offload,0.5,72.5557,60.8955,60.8955,64.2809,32.4346,112.06483125000001,112.06483125000001,191.1479,89.8786
496,snn,baseline,jetson_emulator,300,offload,0.5,72.1,60.229,60.229,63.4808,32.4825,112.06483125000001,112.06483125000001,191.2669,89.872
497,snn,baseline,jetson_emulator,300,offload,0.5,72.512,59.8968,59.8968,63.0582,32.5065,112.06483125000001,112.06483125000001,191.3859,89.8367
498,snn,baseline,jetson_emulator,300,offload,0.5,73.0519,59.7369,59.7369,63.2741,32.518,112.06483125000001,112.06483125000001,191.5049,89.9069
499,snn,baseline,jetson_emulator,300,local,0.5,72.372,60.0949,72.372,75.3969,31.6304,112.06483125000001,112.06483125000001,206.2393,89.8373
500,snn,baseline,jetson_emulator,300,offload,0.5,72.4304,59.8998,59.8998,63.5145,32.5063,112.06483125000001,112.06483125000001,191.7429,89.8585
501,snn,baseline,jetson_emulator,300,local,0.5,72.8397,60.2376,72.8397,76.8149,31.5985,112.06483125000001,112.06483125000001,206.4955,89.8347
502,snn,baseline,jetson_emulator,300,offload,0.5,72.8956,60.0945,60.0945,63.3814,32.4922,112.06483125000001,112.06483125000001,191.981,89.9397
503,snn,baseline,jetson_emulator,300,offload,0.5,72.57,60.548,60.548,64.3121,32.4596,112.06483125000001,112.06483125000001,192.1,89.8025
504,snn,baseline,jetson_emulator,300,offload,0.5,72.5793,60.0031,60.0031,63.0046,32.4988,112.06483125000001,112.06483125000001,192.219,89.7661
505,snn,baseline,jetson_emulator,300,offload,0.5,72.9914,60.3262,60.3262,62.9238,32.4755,112.06483125000001,112.06483125000001,192.338,89.8367
506,snn,baseline,jetson_emulator,300,local,0.5,72.8483,60.9222,72.8483,74.8951,31.5979,112.06483125000001,112.06483125000001,207.1359,89.8408
507,snn,baseline,jetson_emulator,300,local,0.5,72.8675,60.3924,72.8675,76.2185,31.5966,112.06483125000001,112.06483125000001,207.264,89.8058
508,snn,baseline,jetson_emulator,300,offload,0.5,73.1702,60.4792,60.4792,63.4527,32.4645,112.06483125000001,112.06483125000001,192.695,89.8773
509,snn,baseline,jetson_emulator,300,local,0.5,73.0979,60.4426,73.0979,76.9431,31.5809,112.06483125000001,112.06483125000001,207.5202,89.9004
510,snn,baseline,jetson_emulator,300,offload,0.5,73.3562,61.2877,61.2877,63.5659,32.4064,112.06483125000001,112.06483125000001,192.9331,89.7478
511,snn,baseline,jetson_emulator,300,offload,0.5,73.2563,62.0625,62.0625,65.103,32.3509,112.06483125000001,112.06483125000001,193.0521,89.9141
512,snn,baseline,jetson_emulator,300,local,0.5,73.194,60.6334,73.194,76.3881,31.5743,112.06483125000001,112.06483125000001,207.9045,89.8079
513,snn,baseline,jetson_emulator,300,local,0.5,73.8116,61.1533,73.8116,76.7531,31.5323,112.06483125000001,112.06483125000001,208.0326,89.905
514,snn,baseline,jetson_emulator,300,local,0.5,74.0144,61.9971,74.0144,77.6857,31.5186,112.06483125000001,112.06483125000001,208.1606,89.8964
515,snn,baseline,jetson_emulator,300,local,0.5,74.0001,60.76,74.0001,76.8127,31.5195,112.06483125000001,112.06483125000001,208.2887,89.9335
516,snn,baseline,jetson_emulator,300,local,0.5,73.6222,61.4444,73.6222,75.5258,31.5452,112.06483125000001,112.06483125000001,208.4168,89.9724
517,snn,baseline,jetson_emulator,300,offload,0.5,73.4817,62.1076,62.1076,64.7568,32.3477,112.06483125000001,112.06483125000001,193.7661,89.8758
518,snn,baseline,jetson_emulator,300,local,0.5,74.3728,60.9382,74.3728,77.9156,31.4943,112.06483125000001,112.06483125000001,208.673,89.8421
519,snn,baseline,jetson_emulator,300,offload,0.5,74.7241,61.4473,61.4473,64.105,32.395,112.06483125000001,112.06483125000001,194.0042,89.9018
520,snn,baseline,jetson_emulator,300,offload,0.5,73.8745,60.9627,60.9627,65.1208,32.4298,112.06483125000001,112.06483125000001,194.1232,89.8743
521,snn,baseline,jetson_emulator,300,local,0.5,74.6348,61.9275,74.6348,78.2286,31.4765,112.06483125000001,112.06483125000001,209.0573,89.8744
522,snn,baseline,jetson_emulator,300,local,0.5,74.0966,61.7871,74.0966,77.0279,31.513,112.06483125000001,112.06483125000001,209.1854,89.8862
523,snn,baseline,jetson_emulator,300,local,0.5,74.3137,61.3065,74.3137,77.1458,31.4983,112.06483125000001,112.06483125000001,209.3135,89.9003
524,snn,baseline,jetson_emulator,300,offload,0.5,74.955,62.4242,62.4242,65.4811,32.3251,112.06483125000001,112.06483125000001,194.5992,89.9203
525,snn,baseline,jetson_emulator,300,offload,0.5,74.2525,61.4373,61.4373,64.2027,32.3957,112.06483125000001,112.06483125000001,194.7182,89.8312
526,snn,baseline,jetson_emulator,300,offload,0.5,74.4937,61.5252,61.5252,64.7022,32.3894,112.06483125000001,112.06483125000001,194.8373,89.8614
527,snn,baseline,jetson_emulator,300,offload,0.5,74.9532,62.2512,62.2512,65.9339,32.3375,112.06483125000001,112.06483125000001,194.9563,89.9192
528,snn,baseline,jetson_emulator,300,offload,0.5,75.3609,61.8723,61.8723,64.9824,32.3645,112.06483125000001,112.06483125000001,195.0753,89.8395
529,snn,baseline,jetson_emulator,300,offload,0.5,74.8168,62.3476,62.3476,64.746,32.3306,112.06483125000001,112.06483125000001,195.1943,89.859
530,snn,baseline,jetson_emulator,300,offload,0.5,74.716,62.5194,62.5194,66.023,32.3183,112.06483125000001,112.06483125000001,195.3133,89.8602
531,snn,baseline,jetson_emulator,300,offload,0.5,75.7726,62.1007,62.1007,66.3316,32.3482,112.06483125000001,112.06483125000001,195.4323,89.8369
532,snn,baseline,jetson_emulator,300,offload,0.5,75.1094,63.1331,63.1331,66.5316,32.2746,112.06483125000001,112.06483125000001,195.5513,89.834
533,snn,baseline,jetson_emulator,300,offload,0.5,74.9598,62.0374,62.0374,65.0886,32.3527,112.06483125000001,112.06483125000001,195.6704,89.8054
534,snn,baseline,jetson_emulator,300,offload,0.5,75.1679,63.2128,63.2128,65.7291,32.2689,112.06483125000001,112.06483125000001,195.7894,89.8201
535,snn,baseline,jetson_emulator,300,offload,0.5,76.1484,62.1762,62.1762,66.1011,32.3428,112.06483125000001,112.06483125000001,195.9084,89.8673
536,snn,baseline,jetson_emulator,300,local,0.5,75.3907,62.9745,75.3907,78.4527,31.4255,112.06483125000001,112.06483125000001,210.9786,89.9272
537,snn,baseline,jetson_emulator,300,offload,0.5,75.9519,62.829,62.829,65.8169,32.2962,112.06483125000001,112.06483125000001,196.1464,89.9294
538,snn,baseline,jetson_emulator,300,offload,0.5,76.6343,62.7578,62.7578,65.3748,32.3013,112.06483125000001,112.06483125000001,196.2654,89.8604
539,snn,baseline,jetson_emulator,300,offload,0.5,76.4819,64.1368,64.1368,67.7557,32.2033,112.06483125000001,112.06483125000001,196.3844,89.7854
540,snn,baseline,jetson_emulator,300,offload,0.5,76.1044,62.5528,62.5528,65.748,32.3159,112.06483125000001,112.06483125000001,196.5034,89.875
541,snn,baseline,jetson_emulator,300,offload,0.5,76.8536,62.6538,62.6538,65.4228,32.3087,112.06483125000001,112.06483125000001,196.6225,89.8509
542,snn,baseline,jetson_emulator,300,local,0.5,76.124,63.3308,76.124,78.9173,31.3761,112.06483125000001,112.06483125000001,211.7472,89.8679
543,snn,baseline,jetson_emulator,300,offload,0.5,76.2841,64.3852,64.3852,67.5493,32.1858,112.06483125000001,112.06483125000001,196.8605,89.8561
544,snn,baseline,jetson_emulator,300,local,0.5,76.4012,63.5649,76.4012,79.8367,31.3574,112.06483125000001,112.06483125000001,212.0034,89.9285
545,snn,baseline,jetson_emulator,300,offload,0.5,76.5318,63.1843,63.1843,66.5224,32.271,112.06483125000001,112.06483125000001,197.0985,89.8381
546,snn,baseline,jetson_emulator,300,offload,0.5,77.577,65.5731,65.5731,68.4472,32.1019,112.06483125000001,112.06483125000001,197.2175,89.757
547,snn,baseline,jetson_emulator,300,offload,0.5,76.655,63.4425,63.4425,65.8894,32.2526,112.06483125000001,112.06483125000001,197.3365,89.8129
548,snn,baseline,jetson_emulator,300,offload,0.5,77.0773,64.5561,64.5561,67.4253,32.1737,112.06483125000001,112.06483125000001,197.4555,89.8705
549,snn,baseline,jetson_emulator,300,offload,0.5,77.1249,63.4098,63.4098,65.1212,32.2549,112.06483125000001,112.06483125000001,197.5746,89.7981
550,snn,baseline,jetson_emulator,300,local,0.5,77.3995,65.1924,77.3995,80.1136,31.2905,112.06483125000001,112.06483125000001,212.7719,89.9232
551,snn,baseline,jetson_emulator,300,offload,0.5,77.1482,64.2506,64.2506,67.6441,32.1953,112.06483125000001,112.06483125000001,197.8126,89.8405
552,snn,baseline,jetson_emulator,300,offload,0.5,77.0896,64.7071,64.7071,68.2078,32.163,112.06483125000001,112.06483125000001,197.9316,89.8595
553,snn,baseline,jetson_emulator,300,offload,0.5,77.5104,64.206,64.206,67.0853,32.1984,112.06483125000001,112.06483125000001,198.0506,89.8577
554,snn,baseline,jetson_emulator,300,offload,0.5,77.7429,65.1467,65.1467,69.1355,32.132,112.06483125000001,112.06483125000001,198.1696,89.8911
555,snn,baseline,jetson_emulator,300,offload,0.5,77.8657,64.6928,64.6928,68.4424,32.164,112.06483125000001,112.06483125000001,198.2886,89.8517
556,snn,baseline,jetson_emulator,300,local,0.5,77.8247,64.8849,77.8247,81.0421,31.2621,112.06483125000001,112.06483125000001,213.5404,89.8099
557,snn,baseline,jetson_emulator,300,offload,0.5,78.2662,64.5686,64.5686,66.8099,32.1728,112.06483125000001,112.06483125000001,198.5267,89.821
558,snn,baseline,jetson_emulator,300,offload,0.5,78.1661,65.1198,65.1198,68.0697,32.1339,112.06483125000001,112.06483125000001,198.6457,89.8407
559,snn,baseline,jetson_emulator,300,offload,0.5,78.0981,64.5222,64.5222,67.3267,32.1761,112.06483125000001,112.06483125000001,198.7647,89.8583
560,snn,baseline,jetson_emulator,300,local,0.5,78.1192,65.0771,78.1192,81.5373,31.2425,112.06483125000001,112.06483125000001,214.0528,89.869
561,snn,baseline,jetson_emulator,300,offload,0.5,79.0228,64.8042,64.8042,67.7753,32.1561,112.06483125000001,112.06483125000001,199.0027,89.8157
562,snn,baseline,jetson_emulator,300,offload,0.5,78.8087,64.9298,64.9298,67.5804,32.1473,112.06483125000001,112.06483125000001,199.1217,89.8906
563,snn,baseline,jetson_emulator,300,offload,0.5,78.6452,65.682,65.682,68.6254,32.0943,112.06483125000001,112.06483125000001,199.2407,89.8342
564,snn,baseline,jetson_emulator,300,local,0.5,78.4051,65.3721,78.4051,81.4496,31.2234,112.06483125000001,112.06483125000001,214.5652,89.8321
565,snn,baseline,jetson_emulator,300,offload,0.5,79.4483,64.8747,64.8747,68.0987,32.1512,112.06483125000001,112.06483125000001,199.4788,89.9268
566,snn,baseline,jetson_emulator,300,offload,0.5,80.1244,66.3706,66.3706,69.4467,32.0459,112.06483125000001,112.06483125000001,199.5978,89.9342
567,snn,baseline,jetson_emulator,300,offload,0.5,79.7379,67.3724,67.3724,69.9365,31.9758,112.06483125000001,112.06483125000001,199.7168,89.9324
568,snn,baseline,jetson_emulator,300,local,0.5,79.4657,66.6875,79.4657,83.5083,31.153,112.06483125000001,112.06483125000001,215.0775,89.8203
569,snn,baseline,jetson_emulator,300,offload,0.5,80.5369,65.8385,65.8385,68.8127,32.0833,112.06483125000001,112.06483125000001,199.9548,89.8365
570,snn,baseline,jetson_emulator,300,local,0.5,79.4161,65.9621,79.4161,82.6509,31.1563,112.06483125000001,112.06483125000001,215.3337,89.8303
571,snn,baseline,jetson_emulator,300,offload,0.5,79.5199,65.9801,65.9801,68.8419,32.0733,112.06483125000001,112.06483125000001,200.1928,89.9154
572,snn,baseline,jetson_emulator,300,offload,0.5,79.356,66.4751,66.4751,69.6049,32.0386,112.06483125000001,112.06483125000001,200.3119,89.8614
573,snn,baseline,jetson_emulator,300,offload,0.5,79.6518,66.7376,66.7376,69.1272,32.0202,112.06483125000001,112.06483125000001,200.4309,89.9218
574,snn,baseline,jetson_emulator,300,offload,0.5,79.9973,65.7435,65.7435,68.6959,32.0899,112.06483125000001,112.06483125000001,200.5499,89.7997
575,snn,baseline,jetson_emulator,300,offload,0.5,79.8093,66.6563,66.6563,70.0546,32.0259,112.06483125000001,112.06483125000001,200.6689,89.9002
576,snn,baseline,jetson_emulator,300,local,0.5,80.2421,66.4723,80.2421,83.7684,31.1016,112.06483125000001,112.06483125000001,216.1022,89.8164
577,snn,baseline,jetson_emulator,300,offload,0.5,79.9668,66.0578,66.0578,68.8875,32.0678,112.06483125000001,112.06483125000001,200.9069,89.7985
578,snn,baseline,jetson_emulator,300,offload,0.5,80.4814,66.8482,66.8482,69.4108,32.0124,112.06483125000001,112.06483125000001,201.0259,89.8672
579,snn,baseline,jetson_emulator,300,offload,0.5,80.2039,66.9866,66.9866,70.9201,32.0027,112.06483125000001,112.06483125000001,201.1449,89.8376
580,snn,baseline,jetson_emulator,300,offload,0.5,80.1749,66.9552,66.9552,69.817,32.0049,112.06483125000001,112.06483125000001,201.264,89.8388
581,snn,baseline,jetson_emulator,300,offload,0.5,80.3004,67.2686,67.2686,71.0276,31.983,112.06483125000001,112.06483125000001,201.383,89.8345
582,snn,baseline,jetson_emulator,300,local,0.5,80.4439,66.5081,80.4439,83.1683,31.0883,112.06483125000001,112.06483125000001,216.8708,89.9719
583,snn,baseline,jetson_emulator,300,offload,0.5,80.5919,68.6353,68.6353,70.9255,31.8878,112.06483125000001,112.06483125000001,201.621,89.9074
584,snn,baseline,jetson_emulator,300,offload,0.5,81.2517,67.2537,67.2537,70.5001,31.9841,112.06483125000001,112.06483125000001,201.74,89.8535
585,snn,baseline,jetson_emulator,300,local,0.5,81.7124,67.127,81.7124,84.373,31.0048,112.06483125000001,112.06483125000001,217.255,89.7701
586,snn,baseline,jetson_emulator,300,offload,0.5,81.2715,67.0982,67.0982,70.6214,31.9949,112.06483125000001,112.06483125000001,201.978,89.8574
587,snn,baseline,jetson_emulator,300,local,0.5,80.9842,68.9777,80.9842,83.6644,31.0526,112.06483125000001,112.06483125000001,217.5112,89.9233
588,snn,baseline,jetson_emulator,300,offload,0.5,82.1223,67.049,67.049,70.0599,31.9984,112.06483125000001,112.06483125000001,202.2161,89.9153
589,snn,baseline,jetson_emulator,300,offload,0.5,81.9485,68.4865,68.4865,72.2095,31.8982,112.06483125000001,112.06483125000001,202.3351,89.9337
590,snn,baseline,jetson_emulator,300,local,0.5,81.3425,67.6164,81.3425,84.644,31.0291,112.06483125000001,112.06483125000001,217.8955,89.965
591,snn,baseline,jetson_emulator,300,offload,0.5,81.5772,67.3414,67.3414,70.5517,31.9779,112.06483125000001,112.06483125000001,202.5731,89.8714
592,snn,baseline,jetson_emulator,300,local,0.5,82.0084,67.3584,82.0084,84.7355,30.9853,112.06483125000001,112.06483125000001,218.1517,89.8832
593,snn,baseline,jetson_emulator,300,offload,0.5,82.5689,67.3363,67.3363,71.3844,31.9783,112.06483125000001,112.06483125000001,202.8111,89.8913
594,snn,baseline,jetson_emulator,300,offload,0.5,81.776,68.6035,68.6035,72.0431,31.89,112.06483125000001,112.06483125000001,202.9301,89.9015
595,snn,baseline,jetson_emulator,300,offload,0.5,82.4515,68.2115,68.2115,71.0372,31.9173,112.06483125000001,112.06483125000001,203.0491,89.8699
596,snn,baseline,jetson_emulator,300,local,0.5,81.8308,67.7495,81.8308,85.598,30.997,112.06483125000001,112.06483125000001,218.664,89.895
597,snn,baseline,jetson_emulator,300,offload,0.5,82.1932,68.2878,68.2878,71.3505,31.912,112.06483125000001,112.06483125000001,203.2872,89.9269
598,snn,baseline,jetson_emulator,300,local,0.5,83.2335,67.9658,83.2335,86.5964,30.9052,112.06483125000001,112.06483125000001,218.9202,89.9135
599,snn,baseline,jetson_emulator,300,offload,0.5,82.8211,68.6179,68.6179,72.0249,31.889,112.06483125000001,112.06483125000001,203.5252,89.8952
600,snn,baseline,jetson_emulator,300,local,0.5,82.9718,68.1173,82.9718,87.443,30.9223,112.06483125000001,112.06483125000001,219.1764,89.879
601,snn,baseline,jetson_emulator,300,offload,0.5,82.9826,68.4121,68.4121,72.0525,31.9033,112.06483125000001,112.06483125000001,203.7632,89.9103
602,snn,baseline,jetson_emulator,300,local,0.5,83.5036,68.6525,83.5036,86.6609,30.8876,112.06483125000001,112.06483125000001,219.4326,89.8399
603,snn,baseline,jetson_emulator,300,local,0.5,84.3811,68.3282,84.3811,88.5955,30.8305,112.06483125000001,112.06483125000001,219.5607,89.8737
604,snn,baseline,jetson_emulator,300,offload,0.5,82.5864,68.6394,68.6394,71.9474,31.8875,112.06483125000001,112.06483125000001,204.1203,89.8721
605,snn,baseline,jetson_emulator,300,local,0.5,82.5895,68.2028,82.5895,85.4403,30.9473,112.06483125000001,112.06483125000001,219.8168,89.8638
606,snn,baseline,jetson_emulator,300,local,0.5,82.6039,69.3107,82.6039,86.3276,30.9463,112.06483125000001,112.06483125000001,219.9449,89.8622
607,snn,baseline,jetson_emulator,300,local,0.5,83.195,68.8156,83.195,86.3216,30.9077,112.06483125000001,112.06483125000001,220.073,89.8807
608,snn,baseline,jetson_emulator,300,offload,0.5,82.832,68.7615,68.7615,71.824,31.8791,112.06483125000001,112.06483125000001,204.5963,89.8188
609,snn,baseline,jetson_emulator,300,offload,0.5,82.8296,68.5556,68.5556,72.2964,31.8934,112.06483125000001,112.06483125000001,204.7153,89.8651
610,snn,baseline,jetson_emulator,300,local,0.5,83.1615,69.2969,83.1615,86.1672,30.9099,112.06483125000001,112.06483125000001,220.4573,89.9194
611,snn,baseline,jetson_emulator,300,local,0.5,82.9535,70.228,82.9535,86.3105,30.9235,112.06483125000001,112.06483125000001,220.5854,89.8427
612,snn,baseline,jetson_emulator,300,offload,0.5,83.5069,69.1486,69.1486,72.008,31.8522,112.06483125000001,112.06483125000001,205.0724,89.9067
613,snn,baseline,jetson_emulator,300,offload,0.5,84.3677,68.7219,68.7219,71.6131,31.8818,112.06483125000001,112.06483125000001,205.1914,89.8345
614,snn,baseline,jetson_emulator,300,offload,0.5,83.1815,69.0653,69.0653,72.6594,31.858,112.06483125000001,112.06483125000001,205.3104,89.8719
615,snn,baseline,jetson_emulator,300,offload,0.5,83.8179,69.3112,69.3112,71.7414,31.841,112.06483125000001,112.06483125000001,205.4294,90.0071
616,snn,baseline,jetson_emulator,300,offload,0.5,83.3934,70.1329,70.1329,73.3031,31.7842,112.06483125000001,112.06483125000001,205.5484,89.9259
617,snn,baseline,jetson_emulator,300,offload,0.5,83.5988,69.7488,69.7488,73.5307,31.8107,112.06483125000001,112.06483125000001,205.6674,89.883
618,snn,baseline,jetson_emulator,300,local,0.5,83.3831,69.3248,83.3831,86.7088,30.8955,112.06483125000001,112.06483125000001,221.482,89.8466
619,snn,baseline,jetson_emulator,300,offload,0.5,83.4471,68.9657,68.9657,72.2901,31.8649,112.06483125000001,112.06483125000001,205.9055,89.8199
620,snn,baseline,jetson_emulator,300,offload,0.5,83.7012,69.7967,69.7967,72.9401,31.8074,112.06483125000001,112.06483125000001,206.0245,89.9405
621,snn,baseline,jetson_emulator,300,offload,0.5,83.9627,70.0977,70.0977,72.8431,31.7866,112.06483125000001,112.06483125000001,206.1435,89.8982
622,snn,baseline,jetson_emulator,300,offload,0.5,84.7866,69.364,69.364,71.8482,31.8373,112.06483125000001,112.06483125000001,206.2625,89.8609
623,snn,baseline,jetson_emulator,300,offload,0.5,83.6428,69.3275,69.3275,73.2169,31.8398,112.06483125000001,112.06483125000001,206.3815,89.8915
624,snn,baseline,jetson_emulator,300,local,0.5,84.3679,70.221,84.3679,87.4291,30.8314,112.06483125000001,112.06483125000001,222.2506,90.0123
625,snn,baseline,jetson_emulator,300,offload,0.5,84.5196,70.6231,70.6231,73.8611,31.7504,112.06483125000001,112.06483125000001,206.6195,89.8084
626,snn,baseline,jetson_emulator,300,local,0.5,85.0832,70.1672,85.0832,87.991,30.785,112.06483125000001,112.06483125000001,222.5067,89.7741
627,snn,baseline,jetson_emulator,300,offload,0.5,83.7851,69.8309,69.8309,72.4099,31.805,112.06483125000001,112.06483125000001,206.8576,89.9032
628,snn,baseline,jetson_emulator,300,local,0.5,83.7897,70.0253,83.7897,87.3561,30.869,112.06483125000001,112.06483125000001,222.7629,89.8832
629,snn,baseline,jetson_emulator,300,offload,0.5,84.636,70.3093,70.3093,74.2044,31.772,112.06483125000001,112.06483125000001,207.0956,89.8939
630,snn,baseline,jetson_emulator,300,local,0.5,84.9669,70.1753,84.9669,87.3151,30.7925,112.06483125000001,112.06483125000001,223.0191,89.9587
631,snn,baseline,jetson_emulator,300,local,0.5,83.9587,70.3192,83.9587,87.452,30.858,112.06483125000001,112.06483125000001,223.1472,89.9241
632,snn,baseline,jetson_emulator,300,local,0.5,83.988,69.7051,83.988,86.5537,30.8561,112.06483125000001,112.06483125000001,223.2753,89.7901
633,snn,baseline,jetson_emulator,300,offload,0.5,83.9906,69.8921,69.8921,72.6722,31.8008,112.06483125000001,112.06483125000001,207.5716,89.9176
634,snn,baseline,jetson_emulator,300,offload,0.5,84.0919,69.5572,69.5572,73.1457,31.8239,112.06483125000001,112.06483125000001,207.6906,89.7799
635,snn,baseline,jetson_emulator,300,local,0.5,84.6793,69.9302,84.6793,88.1947,30.8112,112.06483125000001,112.06483125000001,223.6596,89.8501
636,snn,baseline,jetson_emulator,300,local,0.5,84.4278,70.0095,84.4278,87.3365,30.8275,112.06483125000001,112.06483125000001,223.7876,89.7657
637,snn,baseline,jetson_emulator,300,offload,0.5,84.2587,70.2514,70.2514,74.0703,31.776,112.06483125000001,112.06483125000001,208.0477,89.8597
638,snn,baseline,jetson_emulator,300,offload,0.5,84.9097,69.8319,69.8319,73.5602,31.8049,112.06483125000001,112.06483125000001,208.1667,89.9097
639,snn,baseline,jetson_emulator,300,local,0.5,84.0921,70.4239,84.0921,87.7163,30.8493,112.06483125000001,112.06483125000001,224.1719,89.8567
640,snn,baseline,jetson_emulator,300,local,0.5,84.712,69.9045,84.712,87.8307,30.8091,112.06483125000001,112.06483125000001,224.3,89.8437
641,snn,baseline,jetson_emulator,300,local,0.5,85.0092,69.9209,85.0092,87.7526,30.7898,112.06483125000001,112.06483125000001,224.4281,89.8174
642,snn,baseline,jetson_emulator,300,offload,0.5,84.5309,70.2805,70.2805,73.2927,31.774,112.06483125000001,112.06483125000001,208.6428,89.8355
643,snn,baseline,jetson_emulator,300,offload,0.5,85.0088,69.82,69.82,72.8956,31.8058,112.06483125000001,112.06483125000001,208.7618,89.9193
644,snn,baseline,jetson_emulator,300,local,0.5,84.5582,70.1956,84.5582,87.8365,30.819,112.06483125000001,112.06483125000001,224.8124,89.8665
645,snn,baseline,jetson_emulator,300,offload,0.5,84.4228,72.2738,72.2738,75.1608,31.6371,112.06483125000001,112.06483125000001,208.9998,89.9598
646,snn,baseline,jetson_emulator,300,local,0.5,84.815,69.8918,84.815,87.9419,30.8024,112.06483125000001,112.06483125000001,225.0685,89.9183
647,snn,baseline,jetson_emulator,300,local,0.5,84.8244,69.752,84.8244,88.0414,30.8018,112.06483125000001,112.06483125000001,225.1966,89.8835
648,snn,baseline,jetson_emulator,300,local,0.5,84.6181,69.9874,84.6181,86.9362,30.8151,112.06483125000001,112.06483125000001,225.3247,89.946
649,snn,baseline,jetson_emulator,300,local,0.5,85.2431,70.9065,85.2431,87.9459,30.7747,112.06483125000001,112.06483125000001,225.4528,89.8519
650,snn,baseline,jetson_emulator,300,local,0.5,84.2626,69.9139,84.2626,86.9053,30.8382,112.06483125000001,112.06483125000001,225.5809,89.922
651,snn,baseline,jetson_emulator,300,offload,0.5,85.2147,69.8447,69.8447,72.9105,31.8041,112.06483125000001,112.06483125000001,209.7139,89.8306
652,snn,baseline,jetson_emulator,300,offload,0.5,84.2327,70.477,70.477,73.6888,31.7604,112.06483125000001,112.06483125000001,209.8329,89.8364
653,snn,baseline,jetson_emulator,300,offload,0.5,84.2353,70.3743,70.3743,73.0974,31.7675,112.06483125000001,112.06483125000001,209.9519,89.9216
654,snn,baseline,jetson_emulator,300,offload,0.5,85.4253,69.4979,69.4979,72.3878,31.828,112.06483125000001,112.06483125000001,210.0709,89.8296
655,snn,baseline,jetson_emulator,300,offload,0.5,85.4874,69.5244,69.5244,72.1382,31.8262,112.06483125000001,112.06483125000001,210.1899,89.9175
656,snn,baseline,jetson_emulator,300,offload,0.5,84.4,70.1789,70.1789,73.118,31.781,112.06483125000001,112.06483125000001,210.3089,89.8502
657,snn,baseline,jetson_emulator,300,offload,0.5,84.6894,69.6175,69.6175,73.4756,31.8198,112.06483125000001,112.06483125000001,210.4279,89.8532
658,snn,baseline,jetson_emulator,300,offload,0.5,83.951,69.4916,69.4916,72.9837,31.8285,112.06483125000001,112.06483125000001,210.547,89.8937
659,snn,baseline,jetson_emulator,300,offload,0.5,84.4455,69.4222,69.4222,72.7542,31.8333,112.06483125000001,112.06483125000001,210.666,89.9971
660,snn,baseline,jetson_emulator,300,offload,0.5,85.0361,69.8714,69.8714,73.7038,31.8022,112.06483125000001,112.06483125000001,210.785,89.7962
661,snn,baseline,jetson_emulator,300,offload,0.5,84.365,69.3384,69.3384,72.4331,31.8391,112.06483125000001,112.06483125000001,210.904,89.9352
662,snn,baseline,jetson_emulator,300,offload,0.5,83.9921,69.7167,69.7167,72.8687,31.8129,112.06483125000001,112.06483125000001,211.023,89.8605
663,snn,baseline,jetson_emulator,300,offload,0.5,84.0888,70.6941,70.6941,74.3382,31.7455,112.06483125000001,112.06483125000001,211.142,89.8976
664,snn,baseline,jetson_emulator,300,offload,0.5,85.3758,69.5431,69.5431,72.5934,31.8249,112.06483125000001,112.06483125000001,211.261,89.9123
665,snn,baseline,jetson_emulator,300,local,0.5,83.773,69.4801,83.773,86.6929,30.87,112.06483125000001,112.06483125000001,227.5023,89.8392
666,snn,baseline,jetson_emulator,300,offload,0.5,84.2999,69.8487,69.8487,72.9856,31.8038,112.06483125000001,112.06483125000001,211.4991,89.81
667,snn,baseline,jetson_emulator,300,local,0.5,84.1519,69.2882,84.1519,87.1618,30.8454,112.06483125000001,112.06483125000001,227.7584,89.7783
668,snn,baseline,jetson_emulator,300,offload,0.5,84.1308,69.9612,69.9612,73.0256,31.796,112.06483125000001,112.06483125000001,211.7371,89.8817
669,snn,baseline,jetson_emulator,300,offload,0.5,83.621,69.564,69.564,72.9927,31.8235,112.06483125000001,112.06483125000001,211.8561,89.9025
670,snn,baseline,jetson_emulator,300,offload,0.5,83.8464,70.9755,70.9755,74.6833,31.7261,112.06483125000001,112.06483125000001,211.9751,89.8563
671,snn,baseline,jetson_emulator,300,local,0.5,83.8742,69.6627,83.8742,86.8034,30.8635,112.06483125000001,112.06483125000001,228.2708,89.8921
672,snn,baseline,jetson_emulator,300,offload,0.5,83.6335,69.3404,69.3404,72.6233,31.8389,112.06483125000001,112.06483125000001,212.2131,89.8968
673,snn,baseline,jetson_emulator,300,offload,0.5,83.9228,69.1834,69.1834,72.4033,31.8498,112.06483125000001,112.06483125000001,212.3321,89.8253
674,snn,baseline,jetson_emulator,300,offload,0.5,83.7214,69.0866,69.0866,72.0611,31.8565,112.06483125000001,112.06483125000001,212.4512,89.8868
675,snn,baseline,jetson_emulator,300,local,0.5,83.578,69.2968,83.578,86.497,30.8827,112.06483125000001,112.06483125000001,228.7832,89.8472
676,snn,baseline,jetson_emulator,300,local,0.5,83.8954,68.8882,83.8954,87.4992,30.8621,112.06483125000001,112.06483125000001,228.9112,89.8769
677,snn,baseline,jetson_emulator,300,local,0.5,83.2183,70.4278,83.2183,87.1446,30.9062,112.06483125000001,112.06483125000001,229.0393,89.8313
678,snn,baseline,jetson_emulator,300,offload,0.5,83.7541,68.8915,68.8915,71.86,31.87,112.06483125000001,112.06483125000001,212.9272,89.9275
679,snn,baseline,jetson_emulator,300,local,0.5,83.1806,68.888,83.1806,86.0568,30.9087,112.06483125000001,112.06483125000001,229.2955,89.8756
680,snn,baseline,jetson_emulator,300,offload,0.5,83.2598,69.0433,69.0433,72.4872,31.8595,112.06483125000001,112.06483125000001,213.1652,89.8195
681,snn,baseline,jetson_emulator,300,local,0.5,83.6346,68.7704,83.6346,86.5862,30.8791,112.06483125000001,112.06483125000001,229.5517,89.8225
682,snn,baseline,jetson_emulator,300,offload,0.5,83.8571,68.6282,68.6282,71.2334,31.8883,112.06483125000001,112.06483125000001,213.4033,89.9169
683,snn,baseline,jetson_emulator,300,local,0.5,83.1822,68.7072,83.1822,86.9861,30.9086,112.06483125000001,112.06483125000001,229.8079,89.8929
684,snn,baseline,jetson_emulator,300,local,0.5,83.1141,69.117,83.1141,86.9765,30.913,112.06483125000001,112.06483125000001,229.936,89.8534
685,snn,baseline,jetson_emulator,300,offload,0.5,83.4075,69.7974,69.7974,72.9306,31.8073,112.06483125000001,112.06483125000001,213.7603,89.8408
686,snn,baseline,jetson_emulator,300,offload,0.5,83.3454,68.6073,68.6073,71.0215,31.8898,112.06483125000001,112.06483125000001,213.8793,89.928
687,snn,baseline,jetson_emulator,300,local,0.5,82.8654,68.6973,82.8654,86.4535,30.9292,112.06483125000001,112.06483125000001,230.3202,89.8926
688,snn,baseline,jetson_emulator,300,offload,0.5,83.5114,68.9304,68.9304,72.1524,31.8673,112.06483125000001,112.06483125000001,214.1173,89.8085
689,snn,baseline,jetson_emulator,300,offload,0.5,82.5697,69.0249,69.0249,72.1448,31.8608,112.06483125000001,112.06483125000001,214.2364,89.9348
690,snn,baseline,jetson_emulator,300,local,0.5,82.4738,69.5368,82.4738,86.5097,30.9548,112.06483125000001,112.06483125000001,230.7045,89.9088
691,snn,baseline,jetson_emulator,300,offload,0.5,82.6876,68.9462,68.9462,71.4235,31.8662,112.06483125000001,112.06483125000001,214.4744,89.888
692,snn,baseline,jetson_emulator,300,offload,0.5,82.4323,68.1764,68.1764,70.4775,31.9197,112.06483125000001,112.06483125000001,214.5934,89.9232
693,snn,baseline,jetson_emulator,300,offload,0.5,82.4502,68.6589,68.6589,71.5749,31.8862,112.06483125000001,112.06483125000001,214.7124,89.9188
694,snn,baseline,jetson_emulator,300,offload,0.5,82.8288,68.8317,68.8317,72.1323,31.8742,112.06483125000001,112.06483125000001,214.8314,89.7994
695,snn,baseline,jetson_emulator,300,offload,0.5,83.2235,68.2228,68.2228,70.5344,31.9165,112.06483125000001,112.06483125000001,214.9504,89.807
696,snn,baseline,jetson_emulator,300,offload,0.5,82.6236,68.953,68.953,72.7987,31.8658,112.06483125000001,112.06483125000001,215.0694,89.8961
697,snn,baseline,jetson_emulator,300,offload,0.5,82.5631,68.6429,68.6429,71.36,31.8873,112.06483125000001,112.06483125000001,215.1885,89.8511
698,snn,baseline,jetson_emulator,300,local,0.5,83.0006,67.9503,83.0006,85.5568,30.9204,112.06483125000001,112.06483125000001,231.7292,89.912
699,snn,baseline,jetson_emulator,300,offload,0.5,82.0314,68.4019,68.4019,70.95,31.904,112.06483125000001,112.06483125000001,215.4265,89.9593
700,snn,baseline,jetson_emulator,300,local,0.5,82.283,67.8541,82.283,85.1961,30.9673,112.06483125000001,112.06483125000001,231.9854,89.8209
701,snn,baseline,jetson_emulator,300,local,0.5,82.6179,69.1085,82.6179,85.2626,30.9454,112.06483125000001,112.06483125000001,232.1135,89.9353
702,snn,baseline,jetson_emulator,300,local,0.5,81.8405,68.7519,81.8405,85.0802,30.9963,112.06483125000001,112.06483125000001,232.2416,89.8912
703,snn,baseline,jetson_emulator,300,offload,0.5,81.8615,67.4546,67.4546,71.1346,31.97,112.06483125000001,112.06483125000001,215.9025,89.8323
704,snn,baseline,jetson_emulator,300,local,0.5,81.5694,68.1405,81.5694,84.6578,31.0141,112.06483125000001,112.06483125000001,232.4978,89.9084
705,snn,baseline,jetson_emulator,300,offload,0.5,81.8761,69.4717,69.4717,73.1781,31.8298,112.06483125000001,112.06483125000001,216.1406,89.828
706,snn,baseline,jetson_emulator,300,offload,0.5,82.1858,68.305,68.305,71.7002,31.9108,112.06483125000001,112.06483125000001,216.2596,89.744
707,snn,baseline,jetson_emulator,300,offload,0.5,82.7125,68.3402,68.3402,71.7017,31.9083,112.06483125000001,112.06483125000001,216.3786,89.8391
708,snn,baseline,jetson_emulator,300,local,0.5,81.593,67.445,81.593,84.0222,31.0126,112.06483125000001,112.06483125000001,233.0101,89.9148
709,snn,baseline,jetson_emulator,300,offload,0.5,81.6475,67.7913,67.7913,71.0291,31.9465,112.06483125000001,112.06483125000001,216.6166,89.8256
710,snn,baseline,jetson_emulator,300,local,0.5,82.0132,67.5328,82.0132,84.5985,30.985,112.06483125000001,112.06483125000001,233.2663,89.9814
711,snn,baseline,jetson_emulator,300,local,0.5,81.0833,67.2939,81.0833,84.1967,31.0461,112.06483125000001,112.06483125000001,233.3944,89.8391
712,snn,baseline,jetson_emulator,300,local,0.5,81.0031,69.1103,81.0031,84.0059,31.0514,112.06483125000001,112.06483125000001,233.5225,89.7879
713,snn,baseline,jetson_emulator,300,local,0.5,81.201,68.2812,81.201,84.4575,31.0384,112.06483125000001,112.06483125000001,233.6506,89.8012
714,snn,baseline,jetson_emulator,300,local,0.5,80.8829,67.446,80.8829,83.8604,31.0593,112.06483125000001,112.06483125000001,233.7787,89.9429
715,snn,baseline,jetson_emulator,300,offload,0.5,81.9311,66.7806,66.7806,70.4615,32.0172,112.06483125000001,112.06483125000001,217.3307,89.8551
716,snn,baseline,jetson_emulator,300,local,0.5,80.817,67.6671,80.817,84.7046,31.0637,112.06483125000001,112.06483125000001,234.0348,89.8122
717,snn,baseline,jetson_emulator,300,local,0.5,81.2323,66.7363,81.2323,84.0341,31.0363,112.06483125000001,112.06483125000001,234.1629,89.8974
718,snn,baseline,jetson_emulator,300,offload,0.5,81.8845,66.6902,66.6902,70.0946,32.0235,112.06483125000001,112.06483125000001,217.6877,89.8374
719,snn,baseline,jetson_emulator,300,local,0.5,81.0656,66.9755,81.0656,84.8904,31.0473,112.06483125000001,112.06483125000001,234.4191,89.8925
720,snn,baseline,jetson_emulator,300,offload,0.5,80.7788,66.7124,66.7124,70.1167,32.0219,112.06483125000001,112.06483125000001,217.9258,89.809
721,snn,baseline,jetson_emulator,300,local,0.5,80.6746,66.5218,80.6746,84.5828,31.073,112.06483125000001,112.06483125000001,234.6753,89.8855
722,snn,baseline,jetson_emulator,300,offload,0.5,80.7775,67.0721,67.0721,71.1271,31.9968,112.06483125000001,112.06483125000001,218.1638,89.9405
723,snn,baseline,jetson_emulator,300,local,0.5,80.6591,66.8503,80.6591,83.8235,31.0741,112.06483125000001,112.06483125000001,234.9315,89.886
724,snn,baseline,jetson_emulator,300,local,0.5,80.9089,66.9109,80.9089,84.4563,31.0576,112.06483125000001,112.06483125000001,235.0596,89.8052
725,snn,baseline,jetson_emulator,300,local,0.5,80.4703,66.4914,80.4703,82.9186,31.0865,112.06483125000001,112.06483125000001,235.1877,89.7659
726,snn,baseline,jetson_emulator,300,offload,0.5,80.8299,66.9597,66.9597,70.2338,32.0046,112.06483125000001,112.06483125000001,218.6398,89.9034
727,snn,baseline,jetson_emulator,300,offload,0.5,80.5301,67.5751,67.5751,70.4291,31.9616,112.06483125000001,112.06483125000001,218.7588,89.8641
728,snn,baseline,jetson_emulator,300,local,0.5,80.3475,67.0833,80.3475,82.6919,31.0946,112.06483125000001,112.06483125000001,235.5719,89.856
729,snn,baseline,jetson_emulator,300,offload,0.5,79.9619,66.696,66.696,70.0415,32.0231,112.06483125000001,112.06483125000001,218.9969,89.8459
730,snn,baseline,jetson_emulator,300,local,0.5,80.2465,66.2022,80.2465,83.4761,31.1013,112.06483125000001,112.06483125000001,235.8281,89.9109
731,snn,baseline,jetson_emulator,300,offload,0.5,79.9828,66.3224,66.3224,69.7771,32.0493,112.06483125000001,112.06483125000001,219.2349,89.8532
732,snn,baseline,jetson_emulator,300,offload,0.5,80.1536,66.5364,66.5364,69.2646,32.0343,112.06483125000001,112.06483125000001,219.3539,89.885
733,snn,baseline,jetson_emulator,300,local,0.5,80.5353,66.3671,80.5353,83.3404,31.0822,112.06483125000001,112.06483125000001,236.2124,89.8023
734,snn,baseline,jetson_emulator,300,local,0.5,79.9808,66.0861,79.9808,82.6448,31.1189,112.06483125000001,112.06483125000001,236.3405,89.9017
735,snn,baseline,jetson_emulator,300,local,0.5,80.1912,66.642,80.1912,83.4696,31.105,112.06483125000001,112.06483125000001,236.4686,89.9197
736,snn,baseline,jetson_emulator,300,offload,0.5,80.0595,66.4168,66.4168,70.3325,32.0427,112.06483125000001,112.06483125000001,219.83,89.8553
737,snn,baseline,jetson_emulator,300,local,0.5,79.9813,66.8948,79.9813,82.9937,31.1188,112.06483125000001,112.06483125000001,236.7247,89.8408
738,snn,baseline,jetson_emulator,300,offload,0.5,80.0523,65.8461,65.8461,68.8732,32.0827,112.06483125000001,112.06483125000001,220.068,89.8989
739,snn,baseline,jetson_emulator,300,local,0.5,80.1963,66.5435,80.1963,84.1898,31.1046,112.06483125000001,112.06483125000001,236.9809,89.8569
740,snn,baseline,jetson_emulator,300,local,0.5,80.9401,66.7024,80.9401,83.7858,31.0555,112.06483125000001,112.06483125000001,237.109,89.8787
741,snn,baseline,jetson_emulator,300,offload,0.5,79.5452,65.8005,65.8005,69.1321,32.0859,112.06483125000001,112.06483125000001,220.425,89.8278
742,snn,baseline,jetson_emulator,300,offload,0.5,80.0267,66.5115,66.5115,69.1511,32.036,112.06483125000001,112.06483125000001,220.544,89.8331
743,snn,baseline,jetson_emulator,300,local,0.5,79.6996,66.6401,79.6996,83.2281,31.1375,112.06483125000001,112.06483125000001,237.4933,89.8758
744,snn,baseline,jetson_emulator,300,offload,0.5,79.486,66.209,66.209,69.4404,32.0572,112.06483125000001,112.06483125000001,220.7821,89.8946
745,snn,baseline,jetson_emulator,300,offload,0.5,79.6523,65.6042,65.6042,68.9177,32.0997,112.06483125000001,112.06483125000001,220.9011,89.8897
746,snn,baseline,jetson_emulator,300,offload,0.5,79.2802,66.085,66.085,69.3057,32.0659,112.06483125000001,112.06483125000001,221.0201,89.8543
747,snn,baseline,jetson_emulator,300,offload,0.5,79.7166,65.9393,65.9393,69.0608,32.0762,112.06483125000001,112.06483125000001,221.1391,89.9089
748,snn,baseline,jetson_emulator,300,offload,0.5,80.1254,66.367,66.367,69.7261,32.0461,112.06483125000001,112.06483125000001,221.2581,89.9065
749,snn,baseline,jetson_emulator,300,local,0.5,79.6977,67.1526,79.6977,82.6077,31.1376,112.06483125000001,112.06483125000001,238.2618,89.7568
750,snn,baseline,jetson_emulator,300,local,0.5,79.8916,65.5,79.8916,83.4337,31.1248,112.06483125000001,112.06483125000001,238.3899,89.9427
751,snn,baseline,jetson_emulator,300,offload,0.5,79.2684,65.6141,65.6141,69.0709,32.099,112.06483125000001,112.06483125000001,221.6152,89.8604
752,snn,baseline,jetson_emulator,300,offload,0.5,79.6582,65.6236,65.6236,68.0224,32.0984,112.06483125000001,112.06483125000001,221.7342,89.8405
753,snn,baseline,jetson_emulator,300,offload,0.5,79.8119,65.7441,65.7441,68.5456,32.0899,112.06483125000001,112.06483125000001,221.8532,89.8033
754,snn,baseline,jetson_emulator,300,offload,0.5,79.3413,67.106,67.106,70.1403,31.9944,112.06483125000001,112.06483125000001,221.9722,89.8468
755,snn,baseline,jetson_emulator,300,local,0.5,79.4044,65.5375,79.4044,83.3532,31.157,112.06483125000001,112.06483125000001,239.0304,89.859
756,snn,baseline,jetson_emulator,300,offload,0.5,79.454,65.9681,65.9681,68.6638,32.0741,112.06483125000001,112.06483125000001,222.2102,89.8668
757,snn,baseline,jetson_emulator,300,offload,0.5,79.4638,65.5744,65.5744,70.0105,32.1018,112.06483125000001,112.06483125000001,222.3292,89.8323
758,snn,baseline,jetson_emulator,300,offload,0.5,79.337,65.637,65.637,69.3662,32.0974,112.06483125000001,112.06483125000001,222.4482,89.8476
759,snn,baseline,jetson_emulator,300,local,0.5,80.3729,66.2312,80.3729,83.7652,31.093,112.06483125000001,112.06483125000001,239.5427,89.8366
760,snn,baseline,jetson_emulator,300,offload,0.5,79.1758,67.0073,67.0073,69.713,32.0013,112.06483125000001,112.06483125000001,222.6863,89.8578
761,snn,baseline,jetson_emulator,300,offload,0.5,79.6682,65.602,65.602,68.3449,32.0999,112.06483125000001,112.06483125000001,222.8053,89.9025
762,snn,baseline,jetson_emulator,300,offload,0.5,80.5198,65.7325,65.7325,68.7922,32.0907,112.06483125000001,112.06483125000001,222.9243,89.8827
763,snn,baseline,jetson_emulator,300,offload,0.5,79.3165,65.9126,65.9126,69.329,32.0781,112.06483125000001,112.06483125000001,223.0433,89.7451
764,snn,baseline,jetson_emulator,300,local,0.5,79.6458,66.1805,79.6458,83.0845,31.141,112.06483125000001,112.06483125000001,240.1832,89.835
765,snn,baseline,jetson_emulator,300,local,0.5,79.5085,65.5662,79.5085,83.5985,31.1501,112.06483125000001,112.06483125000001,240.3113,89.7714
766,snn,baseline,jetson_emulator,300,offload,0.5,79.3824,65.4838,65.4838,68.5218,32.1082,112.06483125000001,112.06483125000001,223.4003,89.8557
767,snn,baseline,jetson_emulator,300,local,0.5,79.4181,66.2101,79.4181,83.5366,31.1561,112.06483125000001,112.06483125000001,240.5674,89.8841
768,snn,baseline,jetson_emulator,300,local,0.5,79.4289,66.2638,79.4289,82.3603,31.1554,112.06483125000001,112.06483125000001,240.6955,89.8972
769,snn,baseline,jetson_emulator,300,local,0.5,80.1143,65.9763,80.1143,83.6695,31.11,112.06483125000001,112.06483125000001,240.8236,89.7991
770,snn,baseline,jetson_emulator,300,local,0.5,79.3937,66.2496,79.3937,82.655,31.1577,112.06483125000001,112.06483125000001,240.9517,89.8281
771,snn,baseline,jetson_emulator,300,offload,0.5,79.4707,67.1964,67.1964,70.3634,31.9881,112.06483125000001,112.06483125000001,223.9954,89.9224
772,snn,baseline,jetson_emulator,300,local,0.5,79.7475,65.7171,79.7475,82.0979,31.1343,112.06483125000001,112.06483125000001,241.2079,89.8886
773,snn,baseline,jetson_emulator,300,offload,0.5,80.2061,65.8372,65.8372,69.4019,32.0834,112.06483125000001,112.06483125000001,224.2334,89.8914
774,snn,baseline,jetson_emulator,300,offload,0.5,80.2622,66.2758,66.2758,69.0327,32.0525,112.06483125000001,112.06483125000001,224.3524,89.7743
775,snn,baseline,jetson_emulator,300,local,0.5,80.2111,65.9182,80.2111,82.9715,31.1036,112.06483125000001,112.06483125000001,241.5922,89.796
776,snn,baseline,jetson_emulator,300,local,0.5,80.066,65.8413,80.066,82.9399,31.1132,112.06483125000001,112.06483125000001,241.7203,89.8231
777,snn,baseline,jetson_emulator,300,offload,0.5,79.9347,66.5781,66.5781,69.8102,32.0313,112.06483125000001,112.06483125000001,224.7095,89.9465
778,snn,baseline,jetson_emulator,300,offload,0.5,79.632,66.284,66.284,68.8409,32.052,112.06483125000001,112.06483125000001,224.8285,89.7966
779,snn,baseline,jetson_emulator,300,offload,0.5,79.9231,66.2025,66.2025,69.9755,32.0577,112.06483125000001,112.06483125000001,224.9475,89.7835
780,snn,baseline,jetson_emulator,300,local,0.5,80.0083,66.1485,80.0083,82.5447,31.117,112.06483125000001,112.06483125000001,242.2326,89.8483
781,snn,baseline,jetson_emulator,300,offload,0.5,80.622,66.3345,66.3345,70.3757,32.0484,112.06483125000001,112.06483125000001,225.1855,89.8327
782,snn,baseline,jetson_emulator,300,offload,0.5,81.1815,66.3085,66.3085,68.8871,32.0502,112.06483125000001,112.06483125000001,225.3046,89.8785
783,snn,baseline,jetson_emulator,300,offload,0.5,80.0427,66.5882,66.5882,69.3094,32.0306,112.06483125000001,112.06483125000001,225.4236,89.8937
784,snn,baseline,jetson_emulator,300,offload,0.5,80.9818,67.6427,67.6427,71.8474,31.9569,112.06483125000001,112.06483125000001,225.5426,89.9662
785,snn,baseline,jetson_emulator,300,offload,0.5,80.5344,67.0216,67.0216,70.1435,32.0003,112.06483125000001,112.06483125000001,225.6616,89.8206
786,snn,baseline,jetson_emulator,300,local,0.5,80.7007,67.5974,80.7007,84.0038,31.0713,112.06483125000001,112.06483125000001,243.0012,89.8147
787,snn,baseline,jetson_emulator,300,local,0.5,80.1556,67.6373,80.1556,83.5591,31.1073,112.06483125000001,112.06483125000001,243.1292,89.9235
788,snn,baseline,jetson_emulator,300,offload,0.5,80.2843,66.4556,66.4556,69.6674,32.0399,112.06483125000001,112.06483125000001,226.0186,89.8654
789,snn,baseline,jetson_emulator,300,offload,0.5,80.6046,66.9574,66.9574,70.505,32.0048,112.06483125000001,112.06483125000001,226.1376,89.8919
790,snn,baseline,jetson_emulator,300,local,0.5,80.7565,67.0106,80.7565,83.7531,31.0676,112.06483125000001,112.06483125000001,243.5135,89.8803
791,snn,baseline,jetson_emulator,300,local,0.5,80.7199,66.8209,80.7199,84.4221,31.0701,112.06483125000001,112.06483125000001,243.6416,90.0021
792,snn,baseline,jetson_emulator,300,offload,0.5,80.7024,66.5901,66.5901,68.9752,32.0305,112.06483125000001,112.06483125000001,226.4947,89.8907
793,snn,baseline,jetson_emulator,300,offload,0.5,80.9963,67.9691,67.9691,71.5249,31.9342,112.06483125000001,112.06483125000001,226.6137,89.9914
794,snn,baseline,jetson_emulator,300,offload,0.5,81.4027,68.1916,68.1916,71.5347,31.9187,112.06483125000001,112.06483125000001,226.7327,89.8247
795,snn,baseline,jetson_emulator,300,local,0.5,80.95,66.922,80.95,83.8465,31.0549,112.06483125000001,112.06483125000001,244.154,89.7847
796,snn,baseline,jetson_emulator,300,offload,0.5,81.769,67.2349,67.2349,71.0951,31.9854,112.06483125000001,112.06483125000001,226.9707,89.8928
797,snn,baseline,jetson_emulator,300,offload,0.5,81.8213,67.0749,67.0749,69.8289,31.9966,112.06483125000001,112.06483125000001,227.0897,89.9077
798,snn,baseline,jetson_emulator,300,local,0.5,81.8036,67.1276,81.8036,84.8315,30.9988,112.06483125000001,112.06483125000001,244.5382,89.7977
799,snn,baseline,jetson_emulator,300,local,0.5,81.6465,68.1321,81.6465,84.1941,31.0091,112.06483125000001,112.06483125000001,244.6663,89.7659
800,snn,baseline,jetson_emulator,300,local,0.5,82.5767,68.1979,82.5767,86.1673,30.9481,112.06483125000001,112.06483125000001,244.7944,89.8911
801,snn,baseline,jetson_emulator,300,offload,0.5,81.5198,67.569,67.569,70.6995,31.9621,112.06483125000001,112.06483125000001,227.5658,89.8355
802,snn,baseline,jetson_emulator,300,offload,0.5,82.7587,68.727,68.727,72.2634,31.8815,112.06483125000001,112.06483125000001,227.6848,89.9153
803,snn,baseline,jetson_emulator,300,offload,0.5,81.973,67.744,67.744,70.6466,31.9498,112.06483125000001,112.06483125000001,227.8038,89.8008
804,snn,baseline,jetson_emulator,300,local,0.5,81.933,67.9978,81.933,85.8925,30.9903,112.06483125000001,112.06483125000001,245.3068,89.7976
805,snn,baseline,jetson_emulator,300,offload,0.5,81.9191,68.1004,68.1004,71.1968,31.925,112.06483125000001,112.06483125000001,228.0418,89.9184
806,snn,baseline,jetson_emulator,300,offload,0.5,82.93,68.7798,68.7798,72.0974,31.8778,112.06483125000001,112.06483125000001,228.1609,89.8765
807,snn,baseline,jetson_emulator,300,offload,0.5,82.9351,68.2638,68.2638,70.8486,31.9136,112.06483125000001,112.06483125000001,228.2799,89.7753
808,snn,baseline,jetson_emulator,300,offload,0.5,82.4569,68.6409,68.6409,72.4818,31.8874,112.06483125000001,112.06483125000001,228.3989,89.8484
809,snn,baseline,jetson_emulator,300,offload,0.5,82.3647,68.9359,68.9359,71.9663,31.867,112.06483125000001,112.06483125000001,228.5179,89.8516
810,snn,baseline,jetson_emulator,300,offload,0.5,83.2651,70.2801,70.2801,72.8345,31.774,112.06483125000001,112.06483125000001,228.6369,89.7985
811,snn,baseline,jetson_emulator,300,offload,0.5,82.9877,68.4255,68.4255,71.4116,31.9024,112.06483125000001,112.06483125000001,228.7559,89.7615
812,snn,baseline,jetson_emulator,300,offload,0.5,82.9352,68.895,68.895,72.4503,31.8698,112.06483125000001,112.06483125000001,228.8749,89.8077
813,snn,baseline,jetson_emulator,300,offload,0.5,83.5925,68.686,68.686,71.7664,31.8843,112.06483125000001,112.06483125000001,228.9939,89.9211
814,snn,baseline,jetson_emulator,300,offload,0.5,83.7014,68.8549,68.8549,71.8821,31.8726,112.06483125000001,112.06483125000001,229.113,89.871
815,snn,baseline,jetson_emulator,300,local,0.5,83.9946,69.1242,83.9946,87.6441,30.8556,112.06483125000001,112.06483125000001,246.7158,89.829
816,snn,baseline,jetson_emulator,300,offload,0.5,83.3843,69.4349,69.4349,71.665,31.8324,112.06483125000001,112.06483125000001,229.351,89.7946
817,snn,baseline,jetson_emulator,300,local,0.5,83.7166,69.8143,83.7166,86.7321,30.8737,112.06483125000001,112.06483125000001,246.9719,89.8977
818,snn,baseline,jetson_emulator,300,offload,0.5,84.4262,69.2397,69.2397,72.8215,31.8459,112.06483125000001,112.06483125000001,229.589,89.8982
819,snn,baseline,jetson_emulator,300,offload,0.5,83.9016,69.3003,69.3003,73.3742,31.8417,112.06483125000001,112.06483125000001,229.708,89.8576
820,snn,baseline,jetson_emulator,300,offload,0.5,84.2393,69.5567,69.5567,72.1203,31.824,112.06483125000001,112.06483125000001,229.827,89.7877
821,snn,baseline,jetson_emulator,300,local,0.5,84.7809,70.3021,84.7809,87.9345,30.8046,112.06483125000001,112.06483125000001,247.4843,89.9031
822,snn,baseline,jetson_emulator,300,local,0.5,84.4296,69.6421,84.4296,87.124,30.8274,112.06483125000001,112.06483125000001,247.6124,89.8974
823,snn,baseline,jetson_emulator,300,local,0.5,84.7857,69.9785,84.7857,87.5205,30.8043,112.06483125000001,112.06483125000001,247.7405,89.9192
824,snn,baseline,jetson_emulator,300,offload,0.5,84.7644,70.7568,70.7568,73.9357,31.7412,112.06483125000001,112.06483125000001,230.3031,89.8611
825,snn,baseline,jetson_emulator,300,offload,0.5,84.9446,70.1827,70.1827,72.8232,31.7807,112.06483125000001,112.06483125000001,230.4221,89.7828
826,snn,baseline,jetson_emulator,300,offload,0.5,84.9212,70.2409,70.2409,73.4688,31.7767,112.06483125000001,112.06483125000001,230.5411,89.8634
827,snn,baseline,jetson_emulator,300,offload,0.5,84.9362,70.7141,70.7141,73.5275,31.7441,112.06483125000001,112.06483125000001,230.6601,89.9119
828,snn,baseline,jetson_emulator,300,local,0.5,85.43,70.7167,85.43,88.4969,30.7626,112.06483125000001,112.06483125000001,248.3809,89.8717
829,snn,baseline,jetson_emulator,300,local,0.5,85.7853,70.5924,85.7853,89.0614,30.7396,112.06483125000001,112.06483125000001,248.509,89.8804
830,snn,baseline,jetson_emulator,300,offload,0.5,85.9265,71.1774,71.1774,74.9004,31.7122,112.06483125000001,112.06483125000001,231.0172,89.8203
831,snn,baseline,jetson_emulator,300,local,0.5,85.6199,70.8304,85.6199,88.6099,30.7503,112.06483125000001,112.06483125000001,248.7652,89.8468
832,snn,baseline,jetson_emulator,300,local,0.5,86.5711,71.0839,86.5711,89.6483,30.689,112.06483125000001,112.06483125000001,248.8933,89.8726
833,snn,baseline,jetson_emulator,300,offload,0.5,86.3973,71.4048,71.4048,74.5602,31.6966,112.06483125000001,112.06483125000001,231.3742,89.873
834,snn,baseline,jetson_emulator,300,offload,0.5,86.2334,71.2147,71.2147,74.2207,31.7097,112.06483125000001,112.06483125000001,231.4932,89.9391
835,snn,baseline,jetson_emulator,300,offload,0.5,86.6033,71.4008,71.4008,74.7075,31.6969,112.06483125000001,112.06483125000001,231.6122,89.8668
836,snn,baseline,jetson_emulator,300,offload,0.5,86.5629,71.4655,71.4655,73.947,31.6925,112.06483125000001,112.06483125000001,231.7312,89.9422
837,snn,baseline,jetson_emulator,300,offload,0.5,87.0249,72.0293,72.0293,74.5741,31.6538,112.06483125000001,112.06483125000001,231.8503,89.9114
838,snn,baseline,jetson_emulator,300,offload,0.5,86.9946,72.2183,72.2183,75.9161,31.6409,112.06483125000001,112.06483125000001,231.9693,89.8793
839,snn,baseline,jetson_emulator,300,local,0.5,88.0547,73.3058,88.0547,91.8858,30.5939,112.06483125000001,112.06483125000001,249.7899,89.8698
840,snn,baseline,jetson_emulator,300,offload,0.5,87.2828,73.2133,73.2133,76.9768,31.573,112.06483125000001,112.06483125000001,232.2073,89.9426
841,snn,baseline,jetson_emulator,300,offload,0.5,87.5653,72.3418,72.3418,75.3143,31.6325,112.06483125000001,112.06483125000001,232.3263,89.9303
842,snn,baseline,jetson_emulator,300,local,0.5,87.8415,73.3241,87.8415,90.8535,30.6075,112.06483125000001,112.06483125000001,250.1742,89.9293
843,snn,baseline,jetson_emulator,300,offload,0.5,87.8631,72.4539,72.4539,76.1395,31.6248,112.06483125000001,112.06483125000001,232.5643,89.844
844,snn,baseline,jetson_emulator,300,offload,0.5,88.2103,72.8029,72.8029,75.5393,31.601,112.06483125000001,112.06483125000001,232.6833,89.8611
845,snn,baseline,jetson_emulator,300,local,0.5,88.0132,72.9017,88.0132,91.8434,30.5965,112.06483125000001,112.06483125000001,250.5585,89.9218
846,snn,baseline,jetson_emulator,300,local,0.5,88.0541,73.2978,88.0541,90.4936,30.5939,112.06483125000001,112.06483125000001,250.6866,89.8627
847,snn,baseline,jetson_emulator,300,local,0.5,88.3096,73.7962,88.3096,92.015,30.5776,112.06483125000001,112.06483125000001,250.8147,89.9016
848,snn,baseline,jetson_emulator,300,local,0.5,88.5197,73.9859,88.5197,91.3518,30.5642,112.06483125000001,112.06483125000001,250.9427,89.8589
849,snn,baseline,jetson_emulator,300,local,0.5,88.787,73.9855,88.787,92.559,30.5471,112.06483125000001,112.06483125000001,251.0708,89.8391
850,snn,baseline,jetson_emulator,300,local,0.5,88.8388,74.6771,88.8388,91.5262,30.5438,112.06483125000001,112.06483125000001,251.1989,90.0119
851,snn,baseline,jetson_emulator,300,offload,0.5,88.8574,73.4601,73.4601,76.2133,31.5562,112.06483125000001,112.06483125000001,233.5164,89.8627
852,snn,baseline,jetson_emulator,300,offload,0.5,89.067,74.256,74.256,77.5273,31.5022,112.06483125000001,112.06483125000001,233.6354,89.8869
853,snn,baseline,jetson_emulator,300,local,0.5,89.8444,75.3954,89.8444,93.1174,30.4799,112.06483125000001,112.06483125000001,251.5832,89.8004
854,snn,baseline,jetson_emulator,300,local,0.5,89.3586,75.6332,89.3586,92.957,30.5107,112.06483125000001,112.06483125000001,251.7113,89.9332
855,snn,baseline,jetson_emulator,300,offload,0.5,90.1498,74.9914,74.9914,78.365,31.4524,112.06483125000001,112.06483125000001,233.9925,89.7166
856,snn,baseline,jetson_emulator,300,offload,0.5,90.1158,74.946,74.946,78.3216,31.4555,112.06483125000001,112.06483125000001,234.1115,89.8847
857,snn,baseline,jetson_emulator,300,local,0.5,91.1996,74.4904,91.1996,94.4456,30.3941,112.06483125000001,112.06483125000001,252.0956,89.8658
858,snn,baseline,jetson_emulator,300,local,0.5,90.6014,75.2267,90.6014,93.7663,30.4319,112.06483125000001,112.06483125000001,252.2236,89.8489
859,snn,baseline,jetson_emulator,300,local,0.5,90.5462,76.6393,90.5462,93.328,30.4354,112.06483125000001,112.06483125000001,252.3517,89.8195
860,snn,baseline,jetson_emulator,300,local,0.5,90.7615,75.2155,90.7615,94.2461,30.4218,112.06483125000001,112.06483125000001,252.4798,89.8779
861,snn,baseline,jetson_emulator,300,local,0.5,90.7567,76.5121,90.7567,94.5396,30.4221,112.06483125000001,112.06483125000001,252.6079,89.8716
862,snn,baseline,jetson_emulator,300,offload,0.5,91.1366,75.5031,75.5031,79.1541,31.4179,112.06483125000001,112.06483125000001,234.8256,89.8744
863,snn,baseline,jetson_emulator,300,offload,0.5,91.2279,75.1682,75.1682,78.1555,31.4405,112.06483125000001,112.06483125000001,234.9446,89.8803
864,snn,baseline,jetson_emulator,300,offload,0.5,91.1053,75.5686,75.5686,78.7198,31.4135,112.06483125000001,112.06483125000001,235.0636,89.9079
865,snn,baseline,jetson_emulator,300,local,0.5,91.4134,75.6496,91.4134,95.1352,30.3806,112.06483125000001,112.06483125000001,253.1203,89.8525
866,snn,baseline,jetson_emulator,300,local,0.5,92.4495,75.8633,92.4495,96.309,30.3155,112.06483125000001,112.06483125000001,253.2484,89.8913
867,snn,baseline,jetson_emulator,300,offload,0.5,92.6546,76.3963,76.3963,79.4811,31.3578,112.06483125000001,112.06483125000001,235.4206,89.9401
868,snn,baseline,jetson_emulator,300,offload,0.5,93.0208,76.6524,76.6524,80.388,31.3406,112.06483125000001,112.06483125000001,235.5397,89.9228
869,snn,baseline,jetson_emulator,300,offload,0.5,92.1596,76.2813,76.2813,79.295,31.3655,112.06483125000001,112.06483125000001,235.6587,89.876
870,snn,baseline,jetson_emulator,300,offload,0.5,92.5689,76.9462,76.9462,80.7737,31.3209,112.06483125000001,112.06483125000001,235.7777,89.7831
871,snn,baseline,jetson_emulator,300,offload,0.5,93.0294,76.6627,76.6627,80.1923,31.3399,112.06483125000001,112.06483125000001,235.8967,89.79
872,snn,baseline,jetson_emulator,300,local,0.5,93.475,76.9554,93.475,96.0984,30.2512,112.06483125000001,112.06483125000001,254.0169,89.8137
873,snn,baseline,jetson_emulator,300,local,0.5,92.6651,77.4661,92.6651,96.1475,30.3019,112.06483125000001,112.06483125000001,254.145,89.847
874,snn,baseline,jetson_emulator,300,offload,0.5,93.5939,76.9897,76.9897,80.4351,31.318,112.06483125000001,112.06483125000001,236.2537,89.8865
875,snn,baseline,jetson_emulator,300,local,0.5,93.0667,78.0303,93.0667,96.537,30.2768,112.06483125000001,112.06483125000001,254.4012,89.9117
876,snn,baseline,jetson_emulator,300,offload,0.5,93.6983,77.097,77.097,79.7387,31.3108,112.06483125000001,112.06483125000001,236.4918,89.8402
877,snn,baseline,jetson_emulator,300,local,0.5,94.3984,78.6787,94.3984,97.2805,30.1936,112.06483125000001,112.06483125000001,254.6574,89.784
878,snn,baseline,jetson_emulator,300,offload,0.5,93.7712,77.5331,77.5331,81.5018,31.2816,112.06483125000001,112.06483125000001,236.7298,89.8947
879,snn,baseline,jetson_emulator,300,local,0.5,93.6278,77.5459,93.6278,97.2459,30.2417,112.06483125000001,112.06483125000001,254.9135,89.8855
880,snn,baseline,jetson_emulator,300,offload,0.5,93.762,77.802,77.802,81.0054,31.2636,112.06483125000001,112.06483125000001,236.9678,89.8536
881,snn,baseline,jetson_emulator,300,offload,0.5,94.0387,78.0974,78.0974,81.5964,31.2439,112.06483125000001,112.06483125000001,237.0868,89.8773
882,snn,baseline,jetson_emulator,300,local,0.5,94.8204,79.3471,94.8204,98.325,30.1674,112.06483125000001,112.06483125000001,255.2978,89.8537
883,snn,baseline,jetson_emulator,300,offload,0.5,94.2748,78.0919,78.0919,80.8244,31.2443,112.06483125000001,112.06483125000001,237.3248,89.9009
884,snn,baseline,jetson_emulator,300,local,0.5,95.0764,78.4304,95.0764,98.9999,30.1515,112.06483125000001,112.06483125000001,255.554,89.9135
885,snn,baseline,jetson_emulator,300,offload,0.5,95.6555,78.4307,78.4307,81.7993,31.2217,112.06483125000001,112.06483125000001,237.5629,89.8453
886,snn,baseline,jetson_emulator,300,offload,0.5,94.9099,78.878,78.878,81.728,31.192,112.06483125000001,112.06483125000001,237.6819,89.8844
887,snn,baseline,jetson_emulator,300,offload,0.5,95.4021,79.4499,79.4499,82.4087,31.154,112.06483125000001,112.06483125000001,237.8009,89.8969
888,snn,baseline,jetson_emulator,300,offload,0.5,96.4937,78.7473,78.7473,81.8893,31.2007,112.06483125000001,112.06483125000001,237.9199,89.8137
889,snn,baseline,jetson_emulator,300,offload,0.5,95.4404,80.0597,80.0597,83.1853,31.1136,112.06483125000001,112.06483125000001,238.0389,89.843
890,snn,baseline,jetson_emulator,300,offload,0.5,95.3599,78.7514,78.7514,81.6006,31.2004,112.06483125000001,112.06483125000001,238.1579,89.8449
891,snn,baseline,jetson_emulator,300,local,0.5,95.6581,81.6941,95.6581,99.2592,30.1154,112.06483125000001,112.06483125000001,256.4506,89.9088
892,snn,baseline,jetson_emulator,300,local,0.5,96.1465,79.1022,96.1465,99.3075,30.0852,112.06483125000001,112.06483125000001,256.5787,89.7737
893,snn,baseline,jetson_emulator,300,offload,0.5,96.3083,79.7383,79.7383,82.5942,31.1349,112.06483125000001,112.06483125000001,238.515,89.863
894,snn,baseline,jetson_emulator,300,offload,0.5,95.9594,81.1081,81.1081,84.0413,31.0445,112.06483125000001,112.06483125000001,238.634,89.8737
895,snn,baseline,jetson_emulator,300,offload,0.5,96.1888,80.3699,80.3699,83.5507,31.0932,112.06483125000001,112.06483125000001,238.753,89.8488
896,snn,baseline,jetson_emulator,300,offload,0.5,96.9078,79.6283,79.6283,83.4326,31.1422,112.06483125000001,112.06483125000001,238.872,89.8458
897,snn,baseline,jetson_emulator,300,offload,0.5,96.284,80.5576,80.5576,83.8903,31.0808,112.06483125000001,112.06483125000001,238.991,89.9093
898,snn,baseline,jetson_emulator,300,offload,0.5,97.2708,80.4612,80.4612,83.6193,31.0871,112.06483125000001,112.06483125000001,239.11,89.8825
899,snn,baseline,jetson_emulator,300,local,0.5,97.2207,80.4858,97.2207,100.1563,30.0189,112.06483125000001,112.06483125000001,257.4753,89.7972
900,snn,baseline,jetson_emulator,300,offload,0.5,96.6152,81.7904,81.7904,85.0754,30.9996,112.06483125000001,112.06483125000001,239.3481,89.8519
901,snn,baseline,jetson_emulator,300,offload,0.5,96.9987,80.3676,80.3676,83.0285,31.0933,112.06483125000001,112.06483125000001,239.4671,89.8587
902,snn,baseline,jetson_emulator,300,local,0.5,97.416,80.7808,97.416,100.4282,30.0069,112.06483125000001,112.06483125000001,257.8596,89.9632
903,snn,baseline,jetson_emulator,300,local,0.5,97.2619,80.2173,97.2619,99.3821,30.0164,112.06483125000001,112.06483125000001,257.9877,89.8499
904,snn,baseline,jetson_emulator,300,offload,0.5,97.6607,81.0329,81.0329,84.0575,31.0494,112.06483125000001,112.06483125000001,239.8241,89.8447
905,snn,baseline,jetson_emulator,300,local,0.5,97.8206,81.4093,97.8206,101.0827,29.982,112.06483125000001,112.06483125000001,258.2439,89.8834
906,snn,baseline,jetson_emulator,300,local,0.5,97.3299,80.7828,97.3299,101.0652,30.0122,112.06483125000001,112.06483125000001,258.372,89.862
907,snn,baseline,jetson_emulator,300,offload,0.5,97.7422,81.6353,81.6353,84.9306,31.0098,112.06483125000001,112.06483125000001,240.1812,89.8682
908,snn,baseline,jetson_emulator,300,local,0.5,97.6834,80.7912,97.6834,100.7204,29.9904,112.06483125000001,112.06483125000001,258.6281,89.8637
909,snn,baseline,jetson_emulator,300,offload,0.5,97.6218,81.1517,81.1517,83.9188,31.0416,112.06483125000001,112.06483125000001,240.4192,89.9175
910,snn,baseline,jetson_emulator,300,local,0.5,97.7632,81.705,97.7632,101.0581,29.9855,112.06483125000001,112.06483125000001,258.8843,89.9023
911,snn,baseline,jetson_emulator,300,local,0.5,97.9139,81.0486,97.9139,100.9931,29.9763,112.06483125000001,112.06483125000001,259.0124,89.9301
912,snn,baseline,jetson_emulator,300,offload,0.5,98.7503,82.1045,82.1045,85.1893,30.979,112.06483125000001,112.06483125000001,240.7762,89.9326
913,snn,baseline,jetson_emulator,300,offload,0.5,98.2013,81.8043,81.8043,84.8079,30.9987,112.06483125000001,112.06483125000001,240.8952,89.9443
914,snn,baseline,jetson_emulator,300,local,0.5,99.7733,81.8237,99.7733,102.4657,29.8626,112.06483125000001,112.06483125000001,259.3967,89.8805
915,snn,baseline,jetson_emulator,300,offload,0.5,98.7634,81.3013,81.3013,83.8159,31.0318,112.06483125000001,112.06483125000001,241.1333,89.92
916,snn,baseline,jetson_emulator,300,offload,0.5,98.5698,82.2096,82.2096,86.0113,30.9721,112.06483125000001,112.06483125000001,241.2523,89.8698
917,snn,baseline,jetson_emulator,300,offload,0.5,99.2901,82.0911,82.0911,84.8931,30.9799,112.06483125000001,112.06483125000001,241.3713,89.9084
918,snn,baseline,jetson_emulator,300,offload,0.5,98.5426,81.5301,81.5301,84.8954,31.0167,112.06483125000001,112.06483125000001,241.4903,89.9097
919,snn,baseline,jetson_emulator,300,offload,0.5,98.7854,82.3103,82.3103,85.3408,30.9655,112.06483125000001,112.06483125000001,241.6093,89.8545
920,snn,baseline,jetson_emulator,300,offload,0.5,99.3118,82.2559,82.2559,85.3306,30.9691,112.06483125000001,112.06483125000001,241.7283,89.9089
921,snn,baseline,jetson_emulator,300,offload,0.5,98.8703,82.3522,82.3522,84.7848,30.9628,112.06483125000001,112.06483125000001,241.8473,89.8986
922,snn,baseline,jetson_emulator,300,local,0.5,99.2739,81.6985,99.2739,101.4363,29.893,112.06483125000001,112.06483125000001,260.4214,89.8399
923,snn,baseline,jetson_emulator,300,offload,0.5,99.4661,82.658,82.658,86.1335,30.9428,112.06483125000001,112.06483125000001,242.0854,89.8942
924,snn,baseline,jetson_emulator,300,local,0.5,99.133,82.2874,99.133,102.1834,29.9017,112.06483125000001,112.06483125000001,260.6776,89.8481
925,snn,baseline,jetson_emulator,300,offload,0.5,99.161,82.1806,82.1806,85.772,30.974,112.06483125000001,112.06483125000001,242.3234,89.9055
926,snn,baseline,jetson_emulator,300,local,0.5,100.1028,83.0132,100.1028,103.8239,29.8425,112.06483125000001,112.06483125000001,260.9338,89.8866
927,snn,baseline,jetson_emulator,300,offload,0.5,99.436,82.0602,82.0602,84.9104,30.9819,112.06483125000001,112.06483125000001,242.5614,89.863
928,snn,baseline,jetson_emulator,300,offload,0.5,99.3216,83.2402,83.2402,85.8765,30.9048,112.06483125000001,112.06483125000001,242.6804,89.841
929,snn,baseline,jetson_emulator,300,local,0.5,99.2914,82.1884,99.2914,103.0468,29.892,112.06483125000001,112.06483125000001,261.318,89.9313
930,snn,baseline,jetson_emulator,300,offload,0.5,99.3869,82.5279,82.5279,86.0259,30.9513,112.06483125000001,112.06483125000001,242.9185,89.8099
931,snn,baseline,jetson_emulator,300,local,0.5,99.3992,83.3745,99.3992,102.4796,29.8854,112.06483125000001,112.06483125000001,261.5742,89.9812
932,snn,baseline,jetson_emulator,300,local,0.5,99.9684,83.9862,99.9684,102.2486,29.8507,112.06483125000001,112.06483125000001,261.7023,89.8061
933,snn,baseline,jetson_emulator,300,offload,0.5,99.8111,82.8019,82.8019,85.4342,30.9334,112.06483125000001,112.06483125000001,243.2755,89.9126
934,snn,baseline,jetson_emulator,300,local,0.5,99.4881,82.7087,99.4881,102.8067,29.88,112.06483125000001,112.06483125000001,261.9585,89.8451
935,snn,baseline,jetson_emulator,300,offload,0.5,99.8226,83.2258,83.2258,86.7417,30.9057,112.06483125000001,112.06483125000001,243.5135,89.8482
936,snn,baseline,jetson_emulator,300,local,0.5,100.3419,82.6161,100.3419,103.9989,29.828,112.06483125000001,112.06483125000001,262.2147,89.7574
937,snn,baseline,jetson_emulator,300,offload,0.5,100.2568,82.9401,82.9401,86.5055,30.9244,112.06483125000001,112.06483125000001,243.7515,89.8575
938,snn,baseline,jetson_emulator,300,offload,0.5,100.1277,82.5732,82.5732,85.3904,30.9483,112.06483125000001,112.06483125000001,243.8706,89.9032
939,snn,baseline,jetson_emulator,300,offload,0.5,100.2759,82.5547,82.5547,85.4225,30.9495,112.06483125000001,112.06483125000001,243.9896,89.8021
940,snn,baseline,jetson_emulator,300,local,0.5,99.9656,82.6909,99.9656,104.0655,29.8509,112.06483125000001,112.06483125000001,262.727,89.8673
941,snn,baseline,jetson_emulator,300,local,0.5,100.4436,83.267,100.4436,102.8301,29.8218,112.06483125000001,112.06483125000001,262.8551,89.9211
942,snn,baseline,jetson_emulator,300,offload,0.5,100.3797,82.9003,82.9003,85.1381,30.927,112.06483125000001,112.06483125000001,244.3466,89.8368
943,snn,baseline,jetson_emulator,300,offload,0.5,100.2413,82.662,82.662,85.8406,30.9425,112.06483125000001,112.06483125000001,244.4656,89.8915
944,snn,baseline,jetson_emulator,300,local,0.5,99.8404,83.0673,99.8404,102.2597,29.8585,112.06483125000001,112.06483125000001,263.2394,89.8847
945,snn,baseline,jetson_emulator,300,offload,0.5,100.0123,84.6864,84.6864,88.1795,30.8107,112.06483125000001,112.06483125000001,244.7036,89.8854
946,snn,baseline,jetson_emulator,300,local,0.5,100.3657,82.9006,100.3657,103.0667,29.8266,112.06483125000001,112.06483125000001,263.4956,89.779
947,snn,baseline,jetson_emulator,300,offload,0.5,99.865,82.7259,82.7259,85.5843,30.9384,112.06483125000001,112.06483125000001,244.9417,89.8819
948,snn,baseline,jetson_emulator,300,local,0.5,99.9982,83.559,99.9982,103.3844,29.8489,112.06483125000001,112.06483125000001,263.7518,89.8607
949,snn,baseline,jetson_emulator,300,local,0.5,100.5099,84.0982,100.5099,103.6544,29.8178,112.06483125000001,112.06483125000001,263.8798,89.8548
950,snn,baseline,jetson_emulator,300,local,0.5,99.9089,82.8859,99.9089,102.5105,29.8543,112.06483125000001,112.06483125000001,264.0079,89.8991
951,snn,baseline,jetson_emulator,300,offload,0.5,100.1325,82.9015,82.9015,86.3428,30.9269,112.06483125000001,112.06483125000001,245.4177,89.8726
952,snn,baseline,jetson_emulator,300,local,0.5,100.6579,83.0871,100.6579,103.6901,29.8088,112.06483125000001,112.06483125000001,264.2641,89.8334
953,snn,baseline,jetson_emulator,300,offload,0.5,100.8717,84.1066,84.1066,86.8594,30.8484,112.06483125000001,112.06483125000001,245.6557,89.9618
954,snn,baseline,jetson_emulator,300,offload,0.5,100.4345,82.9749,82.9749,85.8331,30.9221,112.06483125000001,112.06483125000001,245.7748,89.824
955,snn,baseline,jetson_emulator,300,offload,0.5,101.6434,83.1302,83.1302,86.3653,30.9119,112.06483125000001,112.06483125000001,245.8938,89.7786
956,snn,baseline,jetson_emulator,300,offload,0.5,100.2841,84.9296,84.9296,88.6777,30.7949,112.06483125000001,112.06483125000001,246.0128,89.7579
957,snn,baseline,jetson_emulator,300,offload,0.5,100.1011,83.4404,83.4404,86.7234,30.8917,112.06483125000001,112.06483125000001,246.1318,89.8838
958,snn,baseline,jetson_emulator,300,offload,0.5,101.0446,83.017,83.017,85.7756,30.9193,112.06483125000001,112.06483125000001,246.2508,89.845
959,snn,baseline,jetson_emulator,300,offload,0.5,100.1606,82.7447,82.7447,86.1661,30.9371,112.06483125000001,112.06483125000001,246.3698,89.9059
960,snn,baseline,jetson_emulator,300,local,0.5,100.3213,82.8016,100.3213,103.05,29.8293,112.06483125000001,112.06483125000001,265.2888,89.8679
961,snn,baseline,jetson_emulator,300,offload,0.5,100.1253,83.7623,83.7623,86.95,30.8707,112.06483125000001,112.06483125000001,246.6079,89.8866
962,snn,baseline,jetson_emulator,300,offload,0.5,100.1101,82.8868,82.8868,85.6176,30.9278,112.06483125000001,112.06483125000001,246.7269,89.8507
963,snn,baseline,jetson_emulator,300,local,0.5,99.8376,82.8569,99.8376,103.8429,29.8587,112.06483125000001,112.06483125000001,265.6731,89.7931
964,snn,baseline,jetson_emulator,300,local,0.5,100.6674,82.508,100.6674,104.538,29.8082,112.06483125000001,112.06483125000001,265.8012,89.8038
965,snn,baseline,jetson_emulator,300,local,0.5,100.1505,83.5313,100.1505,103.4035,29.8396,112.06483125000001,112.06483125000001,265.9293,89.8671
966,snn,baseline,jetson_emulator,300,offload,0.5,99.8988,82.8626,82.8626,86.6288,30.9294,112.06483125000001,112.06483125000001,247.2029,89.8664
967,snn,baseline,jetson_emulator,300,offload,0.5,99.8242,82.6607,82.6607,85.6502,30.9426,112.06483125000001,112.06483125000001,247.3219,89.8855
968,snn,baseline,jetson_emulator,300,local,0.5,100.9222,82.5552,100.9222,103.7348,29.7928,112.06483125000001,112.06483125000001,266.3136,89.8285
969,snn,baseline,jetson_emulator,300,offload,0.5,100.0173,82.9525,82.9525,85.9476,30.9235,112.06483125000001,112.06483125000001,247.56,89.8347
970,snn,baseline,jetson_emulator,300,local,0.5,100.4641,83.1835,100.4641,103.8263,29.8206,112.06483125000001,112.06483125000001,266.5697,89.8827
971,snn,baseline,jetson_emulator,300,offload,0.5,99.9782,82.8872,82.8872,86.4796,30.9278,112.06483125000001,112.06483125000001,247.798,89.9418
972,snn,baseline,jetson_emulator,300,offload,0.5,99.8045,82.8573,82.8573,85.7464,30.9298,112.06483125000001,112.06483125000001,247.917,89.8889
973,snn,baseline,jetson_emulator,300,local,0.5,99.682,83.2451,99.682,102.0678,29.8682,112.06483125000001,112.06483125000001,266.954,89.8738
974,snn,baseline,jetson_emulator,300,offload,0.5,100.4374,82.6549,82.6549,85.8933,30.943,112.06483125000001,112.06483125000001,248.155,89.7965
975,snn,baseline,jetson_emulator,300,offload,0.5,99.7231,82.6782,82.6782,85.8337,30.9415,112.06483125000001,112.06483125000001,248.274,89.8454
976,snn,baseline,jetson_emulator,300,local,0.5,100.5097,84.783,100.5097,103.9393,29.8178,112.06483125000001,112.06483125000001,267.3383,89.7705
977,snn,baseline,jetson_emulator,300,offload,0.5,99.504,82.4012,82.4012,85.3352,30.9596,112.06483125000001,112.06483125000001,248.5121,89.8608
978,snn,baseline,jetson_emulator,300,offload,0.5,99.7372,84.5845,84.5845,87.7052,30.8173,112.06483125000001,112.06483125000001,248.6311,89.9509
979,snn,baseline,jetson_emulator,300,local,0.5,99.8649,83.9246,99.8649,103.8659,29.857,112.06483125000001,112.06483125000001,267.7225,89.8629
980,snn,baseline,jetson_emulator,300,local,0.5,99.7557,82.6285,99.7557,103.2585,29.8637,112.06483125000001,112.06483125000001,267.8506,89.9186
981,snn,baseline,jetson_emulator,300,local,0.5,99.3355,82.5042,99.3355,102.5368,29.8893,112.06483125000001,112.06483125000001,267.9787,89.8178
982,snn,baseline,jetson_emulator,300,offload,0.5,99.4278,82.8313,82.8313,85.3368,30.9315,112.06483125000001,112.06483125000001,249.1071,89.9279
983,snn,baseline,jetson_emulator,300,local,0.5,99.7171,82.3869,99.7171,103.4855,29.866,112.06483125000001,112.06483125000001,268.2349,89.8511
984,snn,baseline,jetson_emulator,300,offload,0.5,99.5709,82.6872,82.6872,86.2999,30.9409,112.06483125000001,112.06483125000001,249.3451,89.9884
985,snn,baseline,jetson_emulator,300,local,0.5,99.4903,83.1178,99.4903,102.4969,29.8798,112.06483125000001,112.06483125000001,268.4911,89.8628
986,snn,baseline,jetson_emulator,300,local,0.5,99.0902,82.2141,99.0902,102.3825,29.9043,112.06483125000001,112.06483125000001,268.6192,89.9348
987,snn,baseline,jetson_emulator,300,local,0.5,99.1565,83.0076,99.1565,102.3924,29.9002,112.06483125000001,112.06483125000001,268.7473,89.8112
988,snn,baseline,jetson_emulator,300,offload,0.5,100.2511,82.3512,82.3512,85.0777,30.9629,112.06483125000001,112.06483125000001,249.8212,89.8109
989,snn,baseline,jetson_emulator,300,offload,0.5,99.0293,83.4606,83.4606,86.8298,30.8904,112.06483125000001,112.06483125000001,249.9402,89.8434
990,snn,baseline,jetson_emulator,300,local,0.5,98.8708,82.2902,98.8708,101.9898,29.9177,112.06483125000001,112.06483125000001,269.1315,89.8144
991,snn,baseline,jetson_emulator,300,local,0.5,99.2236,82.5965,99.2236,102.3468,29.8961,112.06483125000001,112.06483125000001,269.2596,89.8952
992,snn,baseline,jetson_emulator,300,offload,0.5,98.9125,82.6981,82.6981,87.1631,30.9402,112.06483125000001,112.06483125000001,250.2972,89.9062
993,snn,baseline,jetson_emulator,300,offload,0.5,99.1702,82.9214,82.9214,85.9241,30.9256,112.06483125000001,112.06483125000001,250.4163,89.8336
994,snn,baseline,jetson_emulator,300,local,0.5,99.1162,82.065,99.1162,102.5155,29.9027,112.06483125000001,112.06483125000001,269.6439,89.8597
995,snn,baseline,jetson_emulator,300,local,0.5,98.7682,82.3645,98.7682,102.1332,29.9239,112.06483125000001,112.06483125000001,269.772,89.883
996,snn,baseline,jetson_emulator,300,offload,0.5,99.455,82.8235,82.8235,85.7896,30.932,112.06483125000001,112.06483125000001,250.7733,89.8604
997,snn,baseline,jetson_emulator,300,local,0.5,99.0574,81.7874,99.0574,102.5308,29.9063,112.06483125000001,112.06483125000001,270.0282,89.8681
998,snn,baseline,jetson_emulator,300,offload,0.5,98.8187,82.1208,82.1208,85.564,30.978,112.06483125000001,112.06483125000001,251.0113,89.9395
999,snn,baseline,jetson_emulator,300,offload,0.5,98.8438,81.4085,81.4085,84.7732,31.0247,112.06483125000001,112.06483125000001,251.1303,89.8583
1000,snn,baseline,jetson_emulator,300,offload,0.5,98.735,83.0787,83.0787,86.3821,30.9153,112.06483125000001,112.06483125000001,251.2494,89.8599
1001,snn,baseline,jetson_emulator,300,offload,0.5,99.0377,81.4834,81.4834,84.9192,31.0198,112.06483125000001,112.06483125000001,251.3684,89.8624
1002,snn,baseline,jetson_emulator,300,local,0.5,98.4268,81.3554,98.4268,101.6456,29.9448,112.06483125000001,112.06483125000001,270.6686,89.8163
1003,snn,baseline,jetson_emulator,300,local,0.5,98.2444,82.5781,98.2444,102.0665,29.956,112.06483125000001,112.06483125000001,270.7967,89.9451
1004,snn,baseline,jetson_emulator,300,local,0.5,98.3592,81.389,98.3592,101.7572,29.949,112.06483125000001,112.06483125000001,270.9248,89.9023
1005,snn,baseline,jetson_emulator,300,local,0.5,98.1744,82.4239,98.1744,101.9502,29.9603,112.06483125000001,112.06483125000001,271.0529,89.8952
1006,snn,baseline,jetson_emulator,300,offload,0.5,98.9959,81.6875,81.6875,84.8257,31.0064,112.06483125000001,112.06483125000001,251.9634,89.8967
1007,snn,baseline,jetson_emulator,300,local,0.5,98.528,81.6841,98.528,101.0603,29.9386,112.06483125000001,112.06483125000001,271.3091,89.8414
1008,snn,baseline,jetson_emulator,300,offload,0.5,98.154,81.3109,81.3109,84.7839,31.0311,112.06483125000001,112.06483125000001,252.2015,89.8486
1009,snn,baseline,jetson_emulator,300,local,0.5,98.3733,81.2902,98.3733,101.7856,29.9481,112.06483125000001,112.06483125000001,271.5652,89.7818
1010,snn,baseline,jetson_emulator,300,local,0.5,97.9048,81.7807,97.9048,101.5436,29.9768,112.06483125000001,112.06483125000001,271.6933,89.852
1011,snn,baseline,jetson_emulator,300,offload,0.5,97.8692,82.164,82.164,85.2819,30.9751,112.06483125000001,112.06483125000001,252.5585,89.8268
1012,snn,baseline,jetson_emulator,300,offload,0.5,98.3504,81.1806,81.1806,84.4103,31.0397,112.06483125000001,112.06483125000001,252.6775,89.8903
1013,snn,baseline,jetson_emulator,300,local,0.5,98.5622,82.6266,98.5622,101.8529,29.9365,112.06483125000001,112.06483125000001,272.0776,89.8099
1014,snn,baseline,jetson_emulator,300,local,0.5,98.4651,81.4945,98.4651,102.6815,29.9425,112.06483125000001,112.06483125000001,272.2057,89.9472
1015,snn,baseline,jetson_emulator,300,offload,0.5,98.1168,81.5582,81.5582,84.4901,31.0149,112.06483125000001,112.06483125000001,253.0345,89.9476
1016,snn,baseline,jetson_emulator,300,offload,0.5,98.5075,81.1366,81.1366,84.1156,31.0426,112.06483125000001,112.06483125000001,253.1536,89.8908
1017,snn,baseline,jetson_emulator,300,local,0.5,97.7597,81.0458,97.7597,100.6272,29.9858,112.06483125000001,112.06483125000001,272.59,89.8857
1018,snn,baseline,jetson_emulator,300,local,0.5,97.648,81.8809,97.648,101.2212,29.9926,112.06483125000001,112.06483125000001,272.7181,89.8242
1019,snn,baseline,jetson_emulator,300,offload,0.5,97.5981,80.8354,80.8354,84.3917,31.0624,112.06483125000001,112.06483125000001,253.5106,89.8227
1020,snn,baseline,jetson_emulator,300,local,0.5,97.8073,81.9043,97.8073,100.6074,29.9828,112.06483125000001,112.06483125000001,272.9742,89.914
1021,snn,baseline,jetson_emulator,300,offload,0.5,97.9097,81.2902,81.2902,84.8744,31.0325,112.06483125000001,112.06483125000001,253.7486,89.8246
1022,snn,baseline,jetson_emulator,300,offload,0.5,97.8001,81.0721,81.0721,84.2981,31.0469,112.06483125000001,112.06483125000001,253.8676,89.8585
1023,snn,baseline,jetson_emulator,300,offload,0.5,97.424,80.7638,80.7638,84.0987,31.0672,112.06483125000001,112.06483125000001,253.9866,89.8794
1024,snn,baseline,jetson_emulator,300,offload,0.5,97.3469,80.7398,80.7398,84.5507,31.0687,112.06483125000001,112.06483125000001,254.1057,89.8992
1025,snn,baseline,jetson_emulator,300,local,0.5,98.434,80.4729,98.434,100.7898,29.9444,112.06483125000001,112.06483125000001,273.6147,89.8576
1026,snn,baseline,jetson_emulator,300,offload,0.5,98.7038,80.7451,80.7451,84.0584,31.0684,112.06483125000001,112.06483125000001,254.3437,89.9021
1027,snn,baseline,jetson_emulator,300,offload,0.5,97.9142,80.8648,80.8648,84.5135,31.0605,112.06483125000001,112.06483125000001,254.4627,89.7536
1028,snn,baseline,jetson_emulator,300,local,0.5,97.3275,81.6421,97.3275,100.0293,30.0123,112.06483125000001,112.06483125000001,273.999,89.8657
1029,snn,baseline,jetson_emulator,300,offload,0.5,98.1591,81.0522,81.0522,83.8337,31.0482,112.06483125000001,112.06483125000001,254.7007,89.8863
1030,snn,baseline,jetson_emulator,300,local,0.5,97.3834,80.4551,97.3834,101.5554,30.0089,112.06483125000001,112.06483125000001,274.2551,89.8148
1031,snn,baseline,jetson_emulator,300,offload,0.5,97.4445,81.1343,81.1343,85.5742,31.0428,112.06483125000001,112.06483125000001,254.9388,89.8579
1032,snn,baseline,jetson_emulator,300,offload,0.5,97.3519,80.7486,80.7486,84.304,31.0682,112.06483125000001,112.06483125000001,255.0578,89.8364
1033,snn,baseline,jetson_emulator,300,offload,0.5,97.7662,80.7938,80.7938,84.4671,31.0652,112.06483125000001,112.06483125000001,255.1768,89.9199
1034,snn,baseline,jetson_emulator,300,local,0.5,97.2515,81.3912,97.2515,100.5232,30.017,112.06483125000001,112.06483125000001,274.7675,89.7939
1035,snn,baseline,jetson_emulator,300,offload,0.5,97.2608,80.7554,80.7554,84.8654,31.0677,112.06483125000001,112.06483125000001,255.4148,89.8365
1036,snn,baseline,jetson_emulator,300,offload,0.5,97.902,80.4742,80.4742,83.5864,31.0863,112.06483125000001,112.06483125000001,255.5338,89.8862
1037,snn,baseline,jetson_emulator,300,local,0.5,97.2282,80.7465,97.2282,100.3674,30.0184,112.06483125000001,112.06483125000001,275.1518,89.8089
1038,snn,baseline,jetson_emulator,300,offload,0.5,97.053,81.3351,81.3351,84.6945,31.0295,112.06483125000001,112.06483125000001,255.7718,89.8982
1039,snn,baseline,jetson_emulator,300,offload,0.5,97.1209,82.2526,82.2526,84.5549,30.9693,112.06483125000001,112.06483125000001,255.8909,89.9182
1040,snn,baseline,jetson_emulator,300,offload,0.5,97.5001,80.1969,80.1969,82.9417,31.1046,112.06483125000001,112.06483125000001,256.0099,89.923
1041,snn,baseline,jetson_emulator,300,local,0.5,97.0291,80.1132,97.0291,100.3184,30.0307,112.06483125000001,112.06483125000001,275.6641,89.868
1042,snn,baseline,jetson_emulator,300,offload,0.5,97.1252,81.0299,81.0299,83.633,31.0496,112.06483125000001,112.06483125000001,256.2479,89.8557
1043,snn,baseline,jetson_emulator,300,offload,0.5,97.0753,80.6301,80.6301,84.6507,31.076,112.06483125000001,112.06483125000001,256.3669,89.9027
1044,snn,baseline,jetson_emulator,300,local,0.5,97.7134,80.2122,97.7134,100.596,29.9886,112.06483125000001,112.06483125000001,276.0484,89.895
1045,snn,baseline,jetson_emulator,300,offload,0.5,96.9347,80.4857,80.4857,83.6562,31.0855,112.06483125000001,112.06483125000001,256.6049,89.8018
1046,snn,baseline,jetson_emulator,300,offload,0.5,97.8106,81.2905,81.2905,84.3173,31.0325,112.06483125000001,112.06483125000001,256.7239,89.7567
1047,snn,baseline,jetson_emulator,300,offload,0.5,97.8473,81.0308,81.0308,85.1691,31.0496,112.06483125000001,112.06483125000001,256.843,89.8687
1048,snn,baseline,jetson_emulator,300,offload,0.5,96.8756,80.4305,80.4305,83.4113,31.0892,112.06483125000001,112.06483125000001,256.962,89.85
1049,snn,baseline,jetson_emulator,300,offload,0.5,98.2998,81.4598,81.4598,84.5979,31.0214,112.06483125000001,112.06483125000001,257.081,89.8847
1050,snn,baseline,jetson_emulator,300,offload,0.5,97.1629,80.5607,80.5607,83.2844,31.0806,112.06483125000001,112.06483125000001,257.2,89.956
1051,snn,baseline,jetson_emulator,300,local,0.5,96.928,80.8006,96.928,99.1861,30.0369,112.06483125000001,112.06483125000001,276.945,89.919
1052,snn,baseline,jetson_emulator,300,local,0.5,97.1468,81.0028,97.1468,100.3583,30.0234,112.06483125000001,112.06483125000001,277.0731,89.8226
1053,snn,baseline,jetson_emulator,300,offload,0.5,97.4271,81.1325,81.1325,85.0492,31.0429,112.06483125000001,112.06483125000001,257.557,89.9175
1054,snn,baseline,jetson_emulator,300,offload,0.5,97.7046,80.428,80.428,83.6103,31.0893,112.06483125000001,112.06483125000001,257.676,89.8486
1055,snn,baseline,jetson_emulator,300,local,0.5,97.4386,80.5042,97.4386,101.0679,30.0055,112.06483125000001,112.06483125000001,277.4574,89.8346
1056,snn,baseline,jetson_emulator,300,offload,0.5,97.0893,80.8668,80.8668,84.449,31.0604,112.06483125000001,112.06483125000001,257.9141,89.9198
1057,snn,baseline,jetson_emulator,300,offload,0.5,96.9757,81.0384,81.0384,85.1427,31.0491,112.06483125000001,112.06483125000001,258.0331,89.8776
1058,snn,baseline,jetson_emulator,300,local,0.5,97.5458,80.6054,97.5458,101.1398,29.9989,112.06483125000001,112.06483125000001,277.8417,89.865
1059,snn,baseline,jetson_emulator,300,local,0.5,97.1045,80.5486,97.1045,100.7613,30.026,112.06483125000001,112.06483125000001,277.9698,89.8144
1060,snn,baseline,jetson_emulator,300,local,0.5,97.0571,81.3031,97.0571,99.7271,30.029,112.06483125000001,112.06483125000001,278.0978,89.931
1061,snn,baseline,jetson_emulator,300,offload,0.5,97.0653,82.0704,82.0704,85.5011,30.9813,112.06483125000001,112.06483125000001,258.5091,89.82
1062,snn,baseline,jetson_emulator,300,offload,0.5,97.3168,80.6318,80.6318,83.9086,31.0759,112.06483125000001,112.06483125000001,258.6281,89.9129
1063,snn,baseline,jetson_emulator,300,offload,0.5,97.2065,80.3516,80.3516,83.732,31.0944,112.06483125000001,112.06483125000001,258.7472,89.9295
1064,snn,baseline,jetson_emulator,300,local,0.5,97.8047,80.6728,97.8047,101.6211,29.983,112.06483125000001,112.06483125000001,278.6102,89.8005
1065,snn,baseline,jetson_emulator,300,local,0.5,97.876,80.7779,97.876,101.1788,29.9786,112.06483125000001,112.06483125000001,278.7383,89.8569
1066,snn,baseline,jetson_emulator,300,local,0.5,97.3157,80.7667,97.3157,100.6477,30.013,112.06483125000001,112.06483125000001,278.8664,89.8366
1067,snn,baseline,jetson_emulator,300,local,0.5,97.2404,81.7733,97.2404,100.6079,30.0177,112.06483125000001,112.06483125000001,278.9945,89.8409
1068,snn,baseline,jetson_emulator,300,offload,0.5,98.3053,81.24,81.24,84.0419,31.0358,112.06483125000001,112.06483125000001,259.3422,89.8894
1069,snn,baseline,jetson_emulator,300,offload,0.5,97.6517,80.5625,80.5625,82.7469,31.0804,112.06483125000001,112.06483125000001,259.4612,89.8272
1070,snn,baseline,jetson_emulator,300,local,0.5,97.6411,80.7195,97.6411,100.5858,29.993,112.06483125000001,112.06483125000001,279.3787,89.8969
1071,snn,baseline,jetson_emulator,300,local,0.5,97.7803,81.0596,97.7803,100.838,29.9845,112.06483125000001,112.06483125000001,279.5068,89.877
1072,snn,baseline,jetson_emulator,300,offload,0.5,98.4619,81.1332,81.1332,84.4609,31.0428,112.06483125000001,112.06483125000001,259.8183,89.7871
1073,snn,baseline,jetson_emulator,300,offload,0.5,97.688,82.0295,82.0295,85.1917,30.984,112.06483125000001,112.06483125000001,259.9373,89.8424
1074,snn,baseline,jetson_emulator,300,offload,0.5,97.8993,80.8531,80.8531,84.3726,31.0613,112.06483125000001,112.06483125000001,260.0563,89.8503
1075,snn,baseline,jetson_emulator,300,local,0.5,98.284,82.02,98.284,100.895,29.9536,112.06483125000001,112.06483125000001,280.0192,89.8763
1076,snn,baseline,jetson_emulator,300,local,0.5,98.3463,80.9455,98.3463,101.0575,29.9498,112.06483125000001,112.06483125000001,280.1473,89.8602
1077,snn,baseline,jetson_emulator,300,local,0.5,98.5149,81.1348,98.5149,101.7571,29.9394,112.06483125000001,112.06483125000001,280.2754,89.9085
1078,snn,baseline,jetson_emulator,300,offload,0.5,98.1385,81.4203,81.4203,84.1916,31.0239,112.06483125000001,112.06483125000001,260.5324,89.8647
1079,snn,baseline,jetson_emulator,300,offload,0.5,97.9833,81.6503,81.6503,85.4114,31.0088,112.06483125000001,112.06483125000001,260.6514,89.8451
1080,snn,baseline,jetson_emulator,300,local,0.5,98.7582,81.5901,98.7582,101.4171,29.9246,112.06483125000001,112.06483125000001,280.6596,89.8621
1081,snn,baseline,jetson_emulator,300,offload,0.5,98.6794,81.4401,81.4401,84.7023,31.0226,112.06483125000001,112.06483125000001,260.8894,89.8795
1082,snn,baseline,jetson_emulator,300,offload,0.5,98.2975,82.0508,82.0508,85.4067,30.9826,112.06483125000001,112.06483125000001,261.0084,89.7976
1083,snn,baseline,jetson_emulator,300,offload,0.5,99.3113,82.0936,82.0936,85.6727,30.9797,112.06483125000001,112.06483125000001,261.1274,89.7935
1084,snn,baseline,jetson_emulator,300,offload,0.5,98.2197,82.4864,82.4864,85.9625,30.954,112.06483125000001,112.06483125000001,261.2464,89.8366
1085,snn,baseline,jetson_emulator,300,local,0.5,99.195,82.0148,99.195,102.6388,29.8979,112.06483125000001,112.06483125000001,281.3001,89.8577
1086,snn,baseline,jetson_emulator,300,local,0.5,99.469,81.569,99.469,103.2466,29.8811,112.06483125000001,112.06483125000001,281.4282,89.8154
1087,snn,baseline,jetson_emulator,300,local,0.5,98.7452,82.0554,98.7452,100.9417,29.9253,112.06483125000001,112.06483125000001,281.5563,89.879
1088,snn,baseline,jetson_emulator,300,offload,0.5,99.1956,81.467,81.467,84.5166,31.0209,112.06483125000001,112.06483125000001,261.7225,89.8502
1089,snn,baseline,jetson_emulator,300,offload,0.5,99.0416,81.8581,81.8581,85.0483,30.9952,112.06483125000001,112.06483125000001,261.8415,89.9511
1090,snn,baseline,jetson_emulator,300,offload,0.5,100.6433,81.6722,81.6722,85.3133,31.0074,112.06483125000001,112.06483125000001,261.9605,89.8307
1091,snn,baseline,jetson_emulator,300,offload,0.5,99.0321,82.2955,82.2955,85.1194,30.9665,112.06483125000001,112.06483125000001,262.0795,89.8645
1092,snn,baseline,jetson_emulator,300,local,0.5,99.0989,82.0465,99.0989,102.5736,29.9037,112.06483125000001,112.06483125000001,282.1967,89.7646
1093,snn,baseline,jetson_emulator,300,local,0.5,99.4739,82.0374,99.4739,102.4847,29.8808,112.06483125000001,112.06483125000001,282.3248,89.9038
1094,snn,baseline,jetson_emulator,300,offload,0.5,99.7421,82.6428,82.6428,86.0507,30.9438,112.06483125000001,112.06483125000001,262.4366,89.7909
1095,snn,baseline,jetson_emulator,300,local,0.5,99.7939,83.5366,99.7939,102.8819,29.8613,112.06483125000001,112.06483125000001,282.581,89.9053
1096,snn,baseline,jetson_emulator,300,local,0.5,99.6967,82.3055,99.6967,101.7611,29.8673,112.06483125000001,112.06483125000001,282.7091,89.8018
1097,snn,baseline,jetson_emulator,300,offload,0.5,99.6846,83.0952,83.0952,85.5038,30.9142,112.06483125000001,112.06483125000001,262.7936,89.9099
1098,snn,baseline,jetson_emulator,300,offload,0.5,99.9714,83.1325,83.1325,86.1242,30.9118,112.06483125000001,112.06483125000001,262.9126,89.9254
1099,snn,baseline,jetson_emulator,300,local,0.5,99.7579,82.6645,99.7579,102.6686,29.8635,112.06483125000001,112.06483125000001,283.0934,89.9945
1100,snn,baseline,jetson_emulator,300,offload,0.5,99.8592,82.9137,82.9137,86.4693,30.9261,112.06483125000001,112.06483125000001,263.1506,89.8388
1101,snn,baseline,jetson_emulator,300,offload,0.5,100.2989,82.7832,82.7832,86.6323,30.9346,112.06483125000001,112.06483125000001,263.2696,89.8683
1102,snn,baseline,jetson_emulator,300,local,0.5,100.1391,82.7179,100.1391,102.9009,29.8403,112.06483125000001,112.06483125000001,283.4776,89.805
1103,snn,baseline,jetson_emulator,300,local,0.5,100.9106,83.8007,100.9106,104.1771,29.7935,112.06483125000001,112.06483125000001,283.6057,89.8998
1104,snn,baseline,jetson_emulator,300,local,0.5,100.9609,83.726,100.9609,103.2408,29.7904,112.06483125000001,112.06483125000001,283.7338,89.8244
1105,snn,baseline,jetson_emulator,300,offload,0.5,100.9538,83.9756,83.9756,87.1773,30.8569,112.06483125000001,112.06483125000001,263.7457,89.8303
1106,snn,baseline,jetson_emulator,300,offload,0.5,100.2596,82.9943,82.9943,85.7895,30.9208,112.06483125000001,112.06483125000001,263.8647,89.8664
1107,snn,baseline,jetson_emulator,300,offload,0.5,100.4375,83.2895,83.2895,85.9617,30.9016,112.06483125000001,112.06483125000001,263.9837,89.8428
1108,snn,baseline,jetson_emulator,300,offload,0.5,101.1114,83.2369,83.2369,86.6626,30.905,112.06483125000001,112.06483125000001,264.1027,89.7772
1109,snn,baseline,jetson_emulator,300,offload,0.5,101.077,84.4214,84.4214,87.5863,30.8279,112.06483125000001,112.06483125000001,264.2218,89.8396
1110,snn,baseline,jetson_emulator,300,offload,0.5,101.6959,83.814,83.814,87.3847,30.8674,112.06483125000001,112.06483125000001,264.3408,89.8005
1111,snn,baseline,jetson_emulator,300,local,0.5,101.2335,83.6708,101.2335,104.5303,29.7739,112.06483125000001,112.06483125000001,284.6304,89.885
1112,snn,baseline,jetson_emulator,300,offload,0.5,101.1688,85.2893,85.2893,88.7211,30.7717,112.06483125000001,112.06483125000001,264.5788,89.828
1113,snn,baseline,jetson_emulator,300,offload,0.5,101.3251,84.0438,84.0438,87.8628,30.8524,112.06483125000001,112.06483125000001,264.6978,89.8494
1114,snn,baseline,jetson_emulator,300,local,0.5,101.858,83.86,101.858,105.5723,29.7362,112.06483125000001,112.06483125000001,285.0147,89.9483
1115,snn,baseline,jetson_emulator,300,local,0.5,101.335,86.2563,101.335,104.9095,29.7678,112.06483125000001,112.06483125000001,285.1428,89.821
1116,snn,baseline,jetson_emulator,300,offload,0.5,102.1235,85.2355,85.2355,88.2083,30.7752,112.06483125000001,112.06483125000001,265.0548,89.8893
1117,snn,baseline,jetson_emulator,300,offload,0.5,102.0792,84.3759,84.3759,87.3039,30.8309,112.06483125000001,112.06483125000001,265.1739,89.8065
1118,snn,baseline,jetson_emulator,300,local,0.5,101.8656,84.5394,101.8656,106.4997,29.7357,112.06483125000001,112.06483125000001,285.5271,89.8076
1119,snn,baseline,jetson_emulator,300,local,0.5,102.2816,84.4561,102.2816,105.9416,29.7106,112.06483125000001,112.06483125000001,285.6552,89.8479
1120,snn,baseline,jetson_emulator,300,offload,0.5,101.9908,84.7982,84.7982,88.0297,30.8035,112.06483125000001,112.06483125000001,265.5309,89.8966
1121,snn,baseline,jetson_emulator,300,offload,0.5,102.9055,85.6256,85.6256,88.9657,30.7499,112.06483125000001,112.06483125000001,265.6499,89.8914
1122,snn,baseline,jetson_emulator,300,offload,0.5,102.6399,85.3636,85.3636,88.9003,30.7669,112.06483125000001,112.06483125000001,265.7689,89.849
1123,snn,baseline,jetson_emulator,300,offload,0.5,102.2967,85.671,85.671,89.6386,30.747,112.06483125000001,112.06483125000001,265.8879,89.8392
1124,snn,baseline,jetson_emulator,300,offload,0.5,102.6972,85.0139,85.0139,88.5102,30.7895,112.06483125000001,112.06483125000001,266.0069,89.9227
1125,snn,baseline,jetson_emulator,300,local,0.5,103.1653,85.9897,103.1653,106.7747,29.6574,112.06483125000001,112.06483125000001,286.4237,89.9156
1126,snn,baseline,jetson_emulator,300,offload,0.5,102.8827,86.0816,86.0816,89.2767,30.7205,112.06483125000001,112.06483125000001,266.245,89.8409
1127,snn,baseline,jetson_emulator,300,local,0.5,103.6634,86.0303,103.6634,107.0397,29.6275,112.06483125000001,112.06483125000001,286.6799,89.912
1128,snn,baseline,jetson_emulator,300,local,0.5,103.1768,86.2594,103.1768,106.451,29.6567,112.06483125000001,112.06483125000001,286.808,89.8842
1129,snn,baseline,jetson_emulator,300,offload,0.5,104.0039,85.185,85.185,88.8806,30.7784,112.06483125000001,112.06483125000001,266.602,89.8549
1130,snn,baseline,jetson_emulator,300,local,0.5,103.3741,85.858,103.3741,106.1056,29.6449,112.06483125000001,112.06483125000001,287.0642,89.8457
1131,snn,baseline,jetson_emulator,300,local,0.5,103.4118,85.9925,103.4118,105.9624,29.6426,112.06483125000001,112.06483125000001,287.1922,89.7623
1132,snn,baseline,jetson_emulator,300,offload,0.5,103.3798,87.0317,87.0317,89.7201,30.6594,112.06483125000001,112.06483125000001,266.959,89.8324
1133,snn,baseline,jetson_emulator,300,local,0.5,104.1047,86.6713,104.1047,107.5627,29.6011,112.06483125000001,112.06483125000001,287.4484,89.8597
1134,snn,baseline,jetson_emulator,300,offload,0.5,103.963,85.7427,85.7427,89.3033,30.7424,112.06483125000001,112.06483125000001,267.1971,89.9073
1135,snn,baseline,jetson_emulator,300,local,0.5,103.7684,86.6907,103.7684,107.4128,29.6212,112.06483125000001,112.06483125000001,287.7046,89.924
1136,snn,baseline,jetson_emulator,300,offload,0.5,103.9403,85.9975,85.9975,88.4073,30.7259,112.06483125000001,112.06483125000001,267.4351,89.7935
1137,snn,baseline,jetson_emulator,300,offload,0.5,104.1868,86.0998,86.0998,89.2684,30.7193,112.06483125000001,112.06483125000001,267.5541,89.8875
1138,snn,baseline,jetson_emulator,300,local,0.5,105.2566,86.9349,105.2566,108.2056,29.5323,112.06483125000001,112.06483125000001,288.0889,89.9464
1139,snn,baseline,jetson_emulator,300,local,0.5,104.3234,87.1405,104.3234,107.0579,29.588,112.06483125000001,112.06483125000001,288.217,89.8911
1140,snn,baseline,jetson_emulator,300,local,0.5,104.4412,87.3463,104.4412,107.7255,29.581,112.06483125000001,112.06483125000001,288.3451,89.9214
1141,snn,baseline,jetson_emulator,300,local,0.5,104.7878,87.2096,104.7878,107.8643,29.5603,112.06483125000001,112.06483125000001,288.4731,89.8036
1142,snn,baseline,jetson_emulator,300,offload,0.5,104.8141,87.2633,87.2633,90.6759,30.6445,112.06483125000001,112.06483125000001,268.1492,89.824
1143,snn,baseline,jetson_emulator,300,local,0.5,104.848,87.3134,104.848,108.5441,29.5567,112.06483125000001,112.06483125000001,288.7293,89.8611
1144,snn,baseline,jetson_emulator,300,offload,0.5,104.9664,87.0774,87.0774,89.9872,30.6565,112.06483125000001,112.06483125000001,268.3872,89.8777
1145,snn,baseline,jetson_emulator,300,offload,0.5,105.4076,86.8889,86.8889,90.18,30.6686,112.06483125000001,112.06483125000001,268.5062,89.8195
1146,snn,baseline,jetson_emulator,300,offload,0.5,105.9835,87.4357,87.4357,90.9518,30.6335,112.06483125000001,112.06483125000001,268.6252,89.8459
1147,snn,baseline,jetson_emulator,300,offload,0.5,105.5143,87.0797,87.0797,90.3713,30.6563,112.06483125000001,112.06483125000001,268.7442,89.8434
1148,snn,baseline,jetson_emulator,300,local,0.5,105.6694,88.2629,105.6694,108.1697,29.5077,112.06483125000001,112.06483125000001,289.3698,89.8913
1149,snn,baseline,jetson_emulator,300,offload,0.5,105.7731,88.674,88.674,92.0285,30.5543,112.06483125000001,112.06483125000001,268.9823,89.7671
1150,snn,baseline,jetson_emulator,300,offload,0.5,105.8026,88.0002,88.0002,91.2579,30.5973,112.06483125000001,112.06483125000001,269.1013,89.8166
1151,snn,baseline,jetson_emulator,300,offload,0.5,105.7406,87.9101,87.9101,90.8935,30.6031,112.06483125000001,112.06483125000001,269.2203,89.9713
1152,snn,baseline,jetson_emulator,300,offload,0.5,106.669,87.4324,87.4324,90.3488,30.6337,112.06483125000001,112.06483125000001,269.3393,89.9023
1153,snn,baseline,jetson_emulator,300,offload,0.5,106.181,88.462,88.462,91.0027,30.5678,112.06483125000001,112.06483125000001,269.4583,89.8186
1154,snn,baseline,jetson_emulator,300,offload,0.5,105.9857,88.6483,88.6483,92.035,30.5559,112.06483125000001,112.06483125000001,269.5773,89.8034
1155,snn,baseline,jetson_emulator,300,offload,0.5,106.3856,88.0779,88.0779,91.1328,30.5924,112.06483125000001,112.06483125000001,269.6963,89.918
1156,snn,baseline,jetson_emulator,300,local,0.5,106.2828,90.7088,106.2828,109.0136,29.4713,112.06483125000001,112.06483125000001,290.3945,89.838
1157,snn,baseline,jetson_emulator,300,offload,0.5,107.2832,87.8724,87.8724,91.4212,30.6055,112.06483125000001,112.06483125000001,269.9344,89.8582
1158,snn,baseline,jetson_emulator,300,offload,0.5,106.3184,88.6338,88.6338,91.7896,30.5569,112.06483125000001,112.06483125000001,270.0534,89.8399
1159,snn,baseline,jetson_emulator,300,offload,0.5,106.6159,89.1298,89.1298,92.4697,30.5253,112.06483125000001,112.06483125000001,270.1724,89.8285
1160,snn,baseline,jetson_emulator,300,offload,0.5,107.0059,88.4157,88.4157,91.6619,30.5708,112.06483125000001,112.06483125000001,270.2914,89.9683
1161,snn,baseline,jetson_emulator,300,offload,0.5,107.3198,88.3065,88.3065,91.6352,30.5778,112.06483125000001,112.06483125000001,270.4104,89.8872
1162,snn,baseline,jetson_emulator,300,local,0.5,107.5399,88.8185,107.5399,110.9937,29.3969,112.06483125000001,112.06483125000001,291.163,89.7897
1163,snn,baseline,jetson_emulator,300,offload,0.5,107.3844,89.3623,89.3623,91.9758,30.5105,112.06483125000001,112.06483125000001,270.6484,89.8052
1164,snn,baseline,jetson_emulator,300,offload,0.5,107.0242,88.508,88.508,92.4488,30.5649,112.06483125000001,112.06483125000001,270.7675,89.858
1165,snn,baseline,jetson_emulator,300,offload,0.5,107.1438,89.0108,89.0108,91.3648,30.5329,112.06483125000001,112.06483125000001,270.8865,89.8255
1166,snn,baseline,jetson_emulator,300,local,0.5,107.9912,88.8878,107.9912,111.1489,29.3703,112.06483125000001,112.06483125000001,291.6754,89.8574
1167,snn,baseline,jetson_emulator,300,local,0.5,107.8148,88.7099,107.8148,111.1462,29.3807,112.06483125000001,112.06483125000001,291.8035,89.852
1168,snn,baseline,jetson_emulator,300,offload,0.5,107.4984,90.6302,90.6302,94.0772,30.4301,112.06483125000001,112.06483125000001,271.2435,89.8057
1169,snn,baseline,jetson_emulator,300,local,0.5,107.6325,89.6083,107.6325,111.1741,29.3914,112.06483125000001,112.06483125000001,292.0597,89.8524
1170,snn,baseline,jetson_emulator,300,offload,0.5,107.5408,89.7052,89.7052,92.8016,30.4887,112.06483125000001,112.06483125000001,271.4815,89.8715
1171,snn,baseline,jetson_emulator,300,local,0.5,108.0067,90.5672,108.0067,110.1829,29.3694,112.06483125000001,112.06483125000001,292.3158,89.7977
1172,snn,baseline,jetson_emulator,300,offload,0.5,107.9936,88.9846,88.9846,91.3308,30.5345,112.06483125000001,112.06483125000001,271.7196,89.8756
1173,snn,baseline,jetson_emulator,300,offload,0.5,108.0984,91.1897,91.1897,94.7468,30.3947,112.06483125000001,112.06483125000001,271.8386,89.9348
1174,snn,baseline,jetson_emulator,300,offload,0.5,108.0259,89.9668,89.9668,92.7169,30.4721,112.06483125000001,112.06483125000001,271.9576,89.9103
1175,snn,baseline,jetson_emulator,300,offload,0.5,108.0756,90.2487,90.2487,93.5678,30.4542,112.06483125000001,112.06483125000001,272.0766,89.9213
1176,snn,baseline,jetson_emulator,300,offload,0.5,108.2631,90.0086,90.0086,92.4485,30.4694,112.06483125000001,112.06483125000001,272.1956,89.8406
1177,snn,baseline,jetson_emulator,300,local,0.5,108.6582,90.8458,108.6582,111.9574,29.3311,112.06483125000001,112.06483125000001,293.0844,89.8122
1178,snn,baseline,jetson_emulator,300,offload,0.5,108.1634,89.6823,89.6823,92.0243,30.4902,112.06483125000001,112.06483125000001,272.4336,89.8961
1179,snn,baseline,jetson_emulator,300,offload,0.5,108.5364,89.9956,89.9956,93.0649,30.4703,112.06483125000001,112.06483125000001,272.5527,89.7349
1180,snn,baseline,jetson_emulator,300,local,0.5,108.7347,90.0096,108.7347,112.1928,29.3266,112.06483125000001,112.06483125000001,293.4687,89.8679
1181,snn,baseline,jetson_emulator,300,local,0.5,109.2146,89.5768,109.2146,111.582,29.2984,112.06483125000001,112.06483125000001,293.5967,89.9212
1182,snn,baseline,jetson_emulator,300,local,0.5,108.8252,90.4457,108.8252,111.955,29.3212,112.06483125000001,112.06483125000001,293.7248,89.7832
1183,snn,baseline,jetson_emulator,300,offload,0.5,109.5179,89.7322,89.7322,92.0156,30.487,112.06483125000001,112.06483125000001,273.0287,89.8642
1184,snn,baseline,jetson_emulator,300,offload,0.5,108.9611,89.7351,89.7351,92.9116,30.4868,112.06483125000001,112.06483125000001,273.1477,89.8652
1185,snn,baseline,jetson_emulator,300,local,0.5,109.1787,90.7805,109.1787,112.4895,29.3005,112.06483125000001,112.06483125000001,294.1091,89.9219
1186,snn,baseline,jetson_emulator,300,offload,0.5,109.8359,90.1038,90.1038,93.6579,30.4634,112.06483125000001,112.06483125000001,273.3857,89.8538
1187,snn,baseline,jetson_emulator,300,offload,0.5,108.8727,90.767,90.767,95.0307,30.4214,112.06483125000001,112.06483125000001,273.5048,89.8642
1188,snn,baseline,jetson_emulator,300,offload,0.5,109.1955,89.9884,89.9884,93.2718,30.4707,112.06483125000001,112.06483125000001,273.6238,89.7679
1189,snn,baseline,jetson_emulator,300,offload,0.5,109.535,89.9762,89.9762,92.7842,30.4715,112.06483125000001,112.06483125000001,273.7428,89.8631
1190,snn,baseline,jetson_emulator,300,offload,0.5,109.5736,90.5225,90.5225,94.0232,30.4369,112.06483125000001,112.06483125000001,273.8618,89.9115
1191,snn,baseline,jetson_emulator,300,offload,0.5,109.1779,90.6097,90.6097,94.0903,30.4314,112.06483125000001,112.06483125000001,273.9808,89.9107
1192,snn,baseline,jetson_emulator,300,local,0.5,108.9526,90.8026,108.9526,111.8163,29.3138,112.06483125000001,112.06483125000001,295.0057,89.8349
1193,snn,baseline,jetson_emulator,300,offload,0.5,109.2292,90.3213,90.3213,93.1163,30.4496,112.06483125000001,112.06483125000001,274.2188,89.8167
1194,snn,baseline,jetson_emulator,300,local,0.5,109.2717,90.1426,109.2717,112.5142,29.2951,112.06483125000001,112.06483125000001,295.2619,89.7921
1195,snn,baseline,jetson_emulator,300,local,0.5,109.0265,90.5834,109.0265,112.7651,29.3094,112.06483125000001,112.06483125000001,295.39,89.8757
1196,snn,baseline,jetson_emulator,300,offload,0.5,110.0106,90.5661,90.5661,94.1071,30.4341,112.06483125000001,112.06483125000001,274.5759,89.883
1197,snn,baseline,jetson_emulator,300,local,0.5,109.2619,91.82,109.2619,112.6815,29.2956,112.06483125000001,112.06483125000001,295.6462,89.9163
1198,snn,baseline,jetson_emulator,300,offload,0.5,109.7992,90.333,90.333,93.1919,30.4489,112.06483125000001,112.06483125000001,274.8139,89.8297
1199,snn,baseline,jetson_emulator,300,local,0.5,109.3457,91.0321,109.3457,113.0195,29.2907,112.06483125000001,112.06483125000001,295.9024,89.8345
1200,snn,baseline,jetson_emulator,300,local,0.5,109.4548,90.6939,109.4548,113.1886,29.2843,112.06483125000001,112.06483125000001,296.0305,89.8294
