cycle_id,model,architecture,profile,nodes,decision,threshold,local_latency_ms,offload_latency_ms,total_latency_ms,rtt_ms,throughput_fps,local_power_mw,offload_power_mw,effective_power_mw,accuracy_step
1,snn,baseline,jetson_emulator,20,local,0.5,37.7639,32.0071,37.7639,39.6721,71.9124,112.06483125000001,112.06483125000001,114.1847,89.9657
2,snn,baseline,jetson_emulator,20,offload,0.5,37.5339,31.3467,31.3467,33.7223,74.2528,112.06483125000001,112.06483125000001,113.6137,90.0389
3,snn,baseline,jetson_emulator,20,local,0.5,37.8726,32.2915,37.8726,39.4841,71.874,112.06483125000001,112.06483125000001,114.39,90.0792
4,snn,baseline,jetson_emulator,20,local,0.5,37.8017,31.5619,37.8017,40.0396,71.899,112.06483125000001,112.06483125000001,114.4927,89.988
5,snn,baseline,jetson_emulator,20,local,0.5,38.2208,31.3955,38.2208,39.6395,71.7513,112.06483125000001,112.06483125000001,114.5954,89.9185
6,snn,baseline,jetson_emulator,20,offload,0.5,38.3059,32.2869,32.2869,34.3392,73.9004,112.06483125000001,112.06483125000001,114.022,89.9787
7,snn,baseline,jetson_emulator,20,local,0.5,38.1829,32.4132,38.1829,40.6334,71.7647,112.06483125000001,112.06483125000001,114.8007,90.0085
8,snn,baseline,jetson_emulator,20,offload,0.5,38.948,31.6864,31.6864,33.4755,74.1251,112.06483125000001,112.06483125000001,114.2262,89.9646
9,snn,baseline,jetson_emulator,20,local,0.5,38.9761,31.7759,38.9761,40.5021,71.4867,112.06483125000001,112.06483125000001,115.0061,90.0026
10,snn,baseline,jetson_emulator,20,offload,0.5,38.8043,31.51,31.51,33.6226,74.1913,112.06483125000001,112.06483125000001,114.4303,89.9916
11,snn,baseline,jetson_emulator,20,offload,0.5,38.5654,32.4813,32.4813,34.423,73.828,112.06483125000001,112.06483125000001,114.5324,90.0942
12,snn,baseline,jetson_emulator,20,offload,0.5,38.8154,31.6764,31.6764,33.7032,74.1288,112.06483125000001,112.06483125000001,114.6344,89.8921
13,snn,baseline,jetson_emulator,20,local,0.5,38.7265,33.1236,38.7265,41.0559,71.574,112.06483125000001,112.06483125000001,115.4168,90.0923
14,snn,baseline,jetson_emulator,20,offload,0.5,38.9007,31.8161,31.8161,33.7022,74.0764,112.06483125000001,112.06483125000001,114.8386,90.0113
15,snn,baseline,jetson_emulator,20,offload,0.5,38.6585,32.3784,32.3784,34.0128,73.8663,112.06483125000001,112.06483125000001,114.9406,90.0138
16,snn,baseline,jetson_emulator,20,offload,0.5,38.9265,32.5733,32.5733,34.0004,73.7937,112.06483125000001,112.06483125000001,115.0427,90.0569
17,snn,baseline,jetson_emulator,20,offload,0.5,39.2815,32.3734,32.3734,34.5081,73.8682,112.06483125000001,112.06483125000001,115.1448,90.0005
18,snn,baseline,jetson_emulator,20,offload,0.5,39.0033,33.3474,33.3474,35.6677,73.5069,112.06483125000001,112.06483125000001,115.2468,90.0002
19,snn,baseline,jetson_emulator,20,offload,0.5,38.7505,32.3164,32.3164,34.7864,73.8894,112.06483125000001,112.06483125000001,115.3489,90.0156
20,snn,baseline,jetson_emulator,20,offload,0.5,39.018,32.3374,32.3374,34.721,73.8816,112.06483125000001,112.06483125000001,115.451,89.9539
21,snn,baseline,jetson_emulator,20,local,0.5,38.9932,33.2506,38.9932,40.8298,71.4808,112.06483125000001,112.06483125000001,116.2381,90.0888
22,snn,baseline,jetson_emulator,20,offload,0.5,39.4097,32.2176,32.2176,34.2523,73.9263,112.06483125000001,112.06483125000001,115.6551,90.0268
23,snn,baseline,jetson_emulator,20,local,0.5,39.7937,32.6128,39.7937,41.3093,71.2025,112.06483125000001,112.06483125000001,116.4435,89.9694
24,snn,baseline,jetson_emulator,20,local,0.5,39.1873,32.5803,39.1873,40.9009,71.4131,112.06483125000001,112.06483125000001,116.5462,89.9612
25,snn,baseline,jetson_emulator,20,local,0.5,40.6339,32.4694,40.6339,42.3451,70.9127,112.06483125000001,112.06483125000001,116.6488,90.1391
26,snn,baseline,jetson_emulator,20,local,0.5,39.4765,32.8225,39.4765,41.5245,71.3125,112.06483125000001,112.06483125000001,116.7515,90.0603
27,snn,baseline,jetson_emulator,20,local,0.5,39.3986,33.3175,39.3986,40.7604,71.3396,112.06483125000001,112.06483125000001,116.8542,89.9616
28,snn,baseline,jetson_emulator,20,local,0.5,40.2771,33.6735,40.2771,41.5247,71.0355,112.06483125000001,112.06483125000001,116.9569,89.9143
29,snn,baseline,jetson_emulator,20,local,0.5,40.0896,32.9312,40.0896,41.8639,71.1002,112.06483125000001,112.06483125000001,117.0595,89.9801
30,snn,baseline,jetson_emulator,20,local,0.5,39.7567,33.482,39.7567,41.3797,71.2153,112.06483125000001,112.06483125000001,117.1622,89.9609
31,snn,baseline,jetson_emulator,20,offload,0.5,39.8297,32.7664,32.7664,34.1443,73.722,112.06483125000001,112.06483125000001,116.5737,90.092
32,snn,baseline,jetson_emulator,20,local,0.5,40.2534,33.57,40.2534,41.7507,71.0437,112.06483125000001,112.06483125000001,117.3676,89.9643
33,snn,baseline,jetson_emulator,20,local,0.5,39.926,33.1643,39.926,41.5336,71.1567,112.06483125000001,112.06483125000001,117.4702,90.0194
34,snn,baseline,jetson_emulator,20,offload,0.5,40.0857,33.8113,33.8113,35.7151,73.3361,112.06483125000001,112.06483125000001,116.8799,90.0558
35,snn,baseline,jetson_emulator,20,offload,0.5,39.7837,33.5314,33.5314,34.6502,73.4391,112.06483125000001,112.06483125000001,116.982,90.0112
36,snn,baseline,jetson_emulator,20,offload,0.5,39.8776,33.5031,33.5031,35.5215,73.4495,112.06483125000001,112.06483125000001,117.0841,89.9687
37,snn,baseline,jetson_emulator,20,local,0.5,39.8863,33.0557,39.8863,41.7704,71.1704,112.06483125000001,112.06483125000001,117.8809,90.0385
38,snn,baseline,jetson_emulator,20,local,0.5,40.9362,34.1832,40.9362,42.5808,70.8091,112.06483125000001,112.06483125000001,117.9836,90.0377
39,snn,baseline,jetson_emulator,20,local,0.5,40.0254,35.2055,40.0254,41.5612,71.1224,112.06483125000001,112.06483125000001,118.0863,90.0045
40,snn,baseline,jetson_emulator,20,offload,0.5,40.3278,33.2282,33.2282,35.9516,73.5509,112.06483125000001,112.06483125000001,117.4924,89.9035
41,snn,baseline,jetson_emulator,20,offload,0.5,40.7246,33.8637,33.8637,35.4692,73.3169,112.06483125000001,112.06483125000001,117.5944,90.0074
42,snn,baseline,jetson_emulator,20,offload,0.5,40.4164,33.4675,33.4675,35.4979,73.4626,112.06483125000001,112.06483125000001,117.6965,89.9759
43,snn,baseline,jetson_emulator,20,local,0.5,41.3608,34.791,41.3608,43.9965,70.664,112.06483125000001,112.06483125000001,118.497,90.0274
44,snn,baseline,jetson_emulator,20,local,0.5,40.4341,33.9556,40.4341,41.7416,70.9814,112.06483125000001,112.06483125000001,118.5996,89.9913
45,snn,baseline,jetson_emulator,20,local,0.5,40.408,34.1464,40.408,42.0834,70.9904,112.06483125000001,112.06483125000001,118.7023,90.0094
46,snn,baseline,jetson_emulator,20,offload,0.5,40.3921,34.498,34.498,36.1907,73.0847,112.06483125000001,112.06483125000001,118.1048,90.0681
47,snn,baseline,jetson_emulator,20,offload,0.5,41.099,34.7453,34.7453,36.8333,72.9946,112.06483125000001,112.06483125000001,118.2068,89.9942
48,snn,baseline,jetson_emulator,20,offload,0.5,41.787,34.9942,34.9942,36.6521,72.9042,112.06483125000001,112.06483125000001,118.3089,90.0369
49,snn,baseline,jetson_emulator,20,offload,0.5,40.8374,34.2191,34.2191,35.4439,73.1866,112.06483125000001,112.06483125000001,118.411,90.0877
50,snn,baseline,jetson_emulator,20,local,0.5,40.7688,34.3334,40.7688,41.749,70.8664,112.06483125000001,112.06483125000001,119.2157,90.0388
51,snn,baseline,jetson_emulator,20,offload,0.5,41.2253,34.3677,34.3677,36.9994,73.1323,112.06483125000001,112.06483125000001,118.6151,89.9463
52,snn,baseline,jetson_emulator,20,local,0.5,41.3567,34.7408,41.3567,43.3784,70.6653,112.06483125000001,112.06483125000001,119.421,90.0373
53,snn,baseline,jetson_emulator,20,offload,0.5,40.8474,34.4199,34.4199,36.009,73.1132,112.06483125000001,112.06483125000001,118.8192,89.9637
54,snn,baseline,jetson_emulator,20,local,0.5,41.1603,34.6184,41.1603,42.6281,70.7324,112.06483125000001,112.06483125000001,119.6264,90.0143
55,snn,baseline,jetson_emulator,20,local,0.5,40.9305,34.9181,40.9305,42.4007,70.811,112.06483125000001,112.06483125000001,119.7291,89.9991
56,snn,baseline,jetson_emulator,20,local,0.5,41.3741,34.7943,41.3741,42.7998,70.6594,112.06483125000001,112.06483125000001,119.8317,89.9263
57,snn,baseline,jetson_emulator,20,offload,0.5,41.246,34.4373,34.4373,36.7016,73.1069,112.06483125000001,112.06483125000001,119.2275,89.9471
58,snn,baseline,jetson_emulator,20,local,0.5,41.2309,35.0589,41.2309,43.7762,70.7083,112.06483125000001,112.06483125000001,120.0371,90.0594
59,snn,baseline,jetson_emulator,20,local,0.5,41.7124,34.8898,41.7124,43.3005,70.5443,112.06483125000001,112.06483125000001,120.1398,89.9673
60,snn,baseline,jetson_emulator,20,local,0.5,41.2761,35.481,41.2761,43.0977,70.6929,112.06483125000001,112.06483125000001,120.2424,90.0626
61,snn,baseline,jetson_emulator,20,local,0.5,41.2239,34.6067,41.2239,42.6939,70.7107,112.06483125000001,112.06483125000001,120.3451,90.0241
62,snn,baseline,jetson_emulator,20,local,0.5,41.1133,35.4454,41.1133,43.2246,70.7485,112.06483125000001,112.06483125000001,120.4478,89.9585
63,snn,baseline,jetson_emulator,20,local,0.5,41.8378,35.6336,41.8378,44.0053,70.5017,112.06483125000001,112.06483125000001,120.5504,89.9826
64,snn,baseline,jetson_emulator,20,offload,0.5,41.4878,35.0738,35.0738,36.8794,72.8753,112.06483125000001,112.06483125000001,119.942,90.0064
65,snn,baseline,jetson_emulator,20,local,0.5,41.5056,35.0855,41.5056,42.9813,70.6146,112.06483125000001,112.06483125000001,120.7558,90.0717
66,snn,baseline,jetson_emulator,20,local,0.5,41.4882,34.1298,41.4882,42.6348,70.6205,112.06483125000001,112.06483125000001,120.8585,90.0067
67,snn,baseline,jetson_emulator,20,local,0.5,41.3622,35.0385,41.3622,42.8683,70.6635,112.06483125000001,112.06483125000001,120.9611,90.0193
68,snn,baseline,jetson_emulator,20,local,0.5,41.4931,34.975,41.4931,43.805,70.6189,112.06483125000001,112.06483125000001,121.0638,90.0366
69,snn,baseline,jetson_emulator,20,local,0.5,42.3241,34.1107,42.3241,44.3203,70.3369,112.06483125000001,112.06483125000001,121.1665,90.0381
70,snn,baseline,jetson_emulator,20,local,0.5,41.7127,34.1502,41.7127,43.0425,70.5441,112.06483125000001,112.06483125000001,121.2692,90.0546
71,snn,baseline,jetson_emulator,20,offload,0.5,41.359,34.6294,34.6294,36.2811,73.0368,112.06483125000001,112.06483125000001,120.6565,90.0066
72,snn,baseline,jetson_emulator,20,local,0.5,41.9114,34.3973,41.9114,43.6813,70.4767,112.06483125000001,112.06483125000001,121.4745,90.0452
73,snn,baseline,jetson_emulator,20,offload,0.5,41.6703,35.176,35.176,37.6288,72.8382,112.06483125000001,112.06483125000001,120.8606,90.0387
74,snn,baseline,jetson_emulator,20,local,0.5,42.2107,34.5558,42.2107,44.1214,70.3753,112.06483125000001,112.06483125000001,121.6799,89.986
75,snn,baseline,jetson_emulator,20,local,0.5,41.3788,34.6403,41.3788,42.8525,70.6578,112.06483125000001,112.06483125000001,121.7825,90.0135
76,snn,baseline,jetson_emulator,20,offload,0.5,42.4116,34.4992,34.4992,36.7338,73.0843,112.06483125000001,112.06483125000001,121.1668,90.0374
77,snn,baseline,jetson_emulator,20,offload,0.5,41.4324,34.3957,34.3957,36.6612,73.1221,112.06483125000001,112.06483125000001,121.2689,90.0324
78,snn,baseline,jetson_emulator,20,offload,0.5,42.3251,35.123,35.123,36.9392,72.8574,112.06483125000001,112.06483125000001,121.371,89.9587
79,snn,baseline,jetson_emulator,20,local,0.5,41.9187,34.8126,41.9187,43.3341,70.4742,112.06483125000001,112.06483125000001,122.1932,89.9363
80,snn,baseline,jetson_emulator,20,offload,0.5,41.8458,35.2367,35.2367,37.7686,72.8162,112.06483125000001,112.06483125000001,121.5751,89.9714
81,snn,baseline,jetson_emulator,20,local,0.5,42.1885,35.3271,42.1885,44.2667,70.3828,112.06483125000001,112.06483125000001,122.3986,89.9489
82,snn,baseline,jetson_emulator,20,local,0.5,42.0273,35.6793,42.0273,43.3193,70.4374,112.06483125000001,112.06483125000001,122.5012,89.9902
83,snn,baseline,jetson_emulator,20,local,0.5,41.6427,35.3106,41.6427,43.9824,70.5679,112.06483125000001,112.06483125000001,122.6039,90.015
84,snn,baseline,jetson_emulator,20,local,0.5,42.0794,34.336,42.0794,44.2089,70.4197,112.06483125000001,112.06483125000001,122.7066,89.9734
85,snn,baseline,jetson_emulator,20,offload,0.5,42.3126,34.3434,34.3434,36.5991,73.1412,112.06483125000001,112.06483125000001,122.0854,90.029
86,snn,baseline,jetson_emulator,20,local,0.5,41.629,34.4686,41.629,43.3091,70.5726,112.06483125000001,112.06483125000001,122.9119,90.0101
87,snn,baseline,jetson_emulator,20,offload,0.5,42.7374,35.4875,35.4875,37.1714,72.7255,112.06483125000001,112.06483125000001,122.2896,89.9741
88,snn,baseline,jetson_emulator,20,local,0.5,42.3279,35.2528,42.3279,43.1387,70.3357,112.06483125000001,112.06483125000001,123.1173,90.025
89,snn,baseline,jetson_emulator,20,local,0.5,41.8382,34.3358,41.8382,43.5652,70.5015,112.06483125000001,112.06483125000001,123.22,90.066
90,snn,baseline,jetson_emulator,20,offload,0.5,41.6389,35.0227,35.0227,37.235,72.8938,112.06483125000001,112.06483125000001,122.5958,89.9839
91,snn,baseline,jetson_emulator,20,local,0.5,42.4286,34.5735,42.4286,44.5885,70.3016,112.06483125000001,112.06483125000001,123.4253,90.0628
92,snn,baseline,jetson_emulator,20,local,0.5,41.9585,34.6691,41.9585,43.9713,70.4607,112.06483125000001,112.06483125000001,123.528,90.0444
93,snn,baseline,jetson_emulator,20,offload,0.5,41.7354,34.4858,34.4858,36.9301,73.0892,112.06483125000001,112.06483125000001,122.902,89.9644
94,snn,baseline,jetson_emulator,20,offload,0.5,41.9115,35.2695,35.2695,36.6975,72.8043,112.06483125000001,112.06483125000001,123.0041,90.0808
95,snn,baseline,jetson_emulator,20,offload,0.5,41.6077,34.5248,34.5248,36.3458,73.075,112.06483125000001,112.06483125000001,123.1061,90.0664
96,snn,baseline,jetson_emulator,20,local,0.5,42.1803,35.0226,42.1803,44.0614,70.3855,112.06483125000001,112.06483125000001,123.9387,90.0355
97,snn,baseline,jetson_emulator,20,offload,0.5,41.8289,34.7092,34.7092,36.8428,73.0078,112.06483125000001,112.06483125000001,123.3103,90.0608
98,snn,baseline,jetson_emulator,20,local,0.5,42.2147,35.0838,42.2147,43.8545,70.3739,112.06483125000001,112.06483125000001,124.144,90.0412
99,snn,baseline,jetson_emulator,20,offload,0.5,41.5499,35.0415,35.0415,37.3531,72.887,112.06483125000001,112.06483125000001,123.5144,89.9321
100,snn,baseline,jetson_emulator,20,local,0.5,41.6262,34.5313,41.6262,42.3652,70.5735,112.06483125000001,112.06483125000001,124.3494,90.0292
101,snn,baseline,jetson_emulator,20,local,0.5,42.3698,34.5175,42.3698,43.8937,70.3215,112.06483125000001,112.06483125000001,124.4521,90.0603
102,snn,baseline,jetson_emulator,20,local,0.5,41.5761,34.6395,41.5761,43.5042,70.5906,112.06483125000001,112.06483125000001,124.5547,90.0873
103,snn,baseline,jetson_emulator,20,offload,0.5,42.3875,35.5067,35.5067,37.4354,72.7186,112.06483125000001,112.06483125000001,123.9227,90.0917
104,snn,baseline,jetson_emulator,20,local,0.5,41.6236,34.8942,41.6236,43.782,70.5744,112.06483125000001,112.06483125000001,124.7601,89.9997
105,snn,baseline,jetson_emulator,20,offload,0.5,41.6366,34.8607,34.8607,36.8916,72.9526,112.06483125000001,112.06483125000001,124.1268,90.0083
106,snn,baseline,jetson_emulator,20,local,0.5,42.6861,34.3277,42.6861,44.5982,70.2148,112.06483125000001,112.06483125000001,124.9654,89.9678
107,snn,baseline,jetson_emulator,20,offload,0.5,42.5053,34.7187,34.7187,36.5244,73.0043,112.06483125000001,112.06483125000001,124.331,90.0186
108,snn,baseline,jetson_emulator,20,offload,0.5,41.85,34.432,34.432,36.1012,73.1088,112.06483125000001,112.06483125000001,124.433,90.01
109,snn,baseline,jetson_emulator,20,offload,0.5,41.6829,34.4176,34.4176,36.089,73.1141,112.06483125000001,112.06483125000001,124.5351,90.0113
110,snn,baseline,jetson_emulator,20,offload,0.5,42.4569,35.6727,35.6727,37.2862,72.6587,112.06483125000001,112.06483125000001,124.6372,90.0927
111,snn,baseline,jetson_emulator,20,offload,0.5,41.8215,34.8056,34.8056,36.0398,72.9727,112.06483125000001,112.06483125000001,124.7392,89.989
112,snn,baseline,jetson_emulator,20,local,0.5,41.7148,34.6559,41.7148,42.9028,70.5434,112.06483125000001,112.06483125000001,125.5815,90.0572
113,snn,baseline,jetson_emulator,20,offload,0.5,42.4721,34.4698,34.4698,36.5626,73.095,112.06483125000001,112.06483125000001,124.9434,90.1629
114,snn,baseline,jetson_emulator,20,offload,0.5,41.864,34.7557,34.7557,36.9378,72.9908,112.06483125000001,112.06483125000001,125.0454,90.0283
115,snn,baseline,jetson_emulator,20,local,0.5,41.4258,34.3996,41.4258,43.2718,70.6418,112.06483125000001,112.06483125000001,125.8895,89.9278
116,snn,baseline,jetson_emulator,20,offload,0.5,41.9483,34.2664,34.2664,35.9566,73.1693,112.06483125000001,112.06483125000001,125.2496,90.063
117,snn,baseline,jetson_emulator,20,local,0.5,41.9664,34.4324,41.9664,44.4106,70.458,112.06483125000001,112.06483125000001,126.0948,90.0107
118,snn,baseline,jetson_emulator,20,local,0.5,41.4073,35.0531,41.4073,43.3794,70.6481,112.06483125000001,112.06483125000001,126.1975,89.9833
119,snn,baseline,jetson_emulator,20,local,0.5,42.1795,34.6069,42.1795,43.6045,70.3858,112.06483125000001,112.06483125000001,126.3002,90.037
120,snn,baseline,jetson_emulator,20,local,0.5,41.2493,34.7514,41.2493,42.5485,70.702,112.06483125000001,112.06483125000001,126.4029,89.9735
121,snn,baseline,jetson_emulator,20,local,0.5,41.2598,34.5489,41.2598,43.1534,70.6984,112.06483125000001,112.06483125000001,126.5055,90.0136
122,snn,baseline,jetson_emulator,20,local,0.5,41.9884,34.2056,41.9884,44.0192,70.4505,112.06483125000001,112.06483125000001,126.6082,89.9695
123,snn,baseline,jetson_emulator,20,local,0.5,41.7091,34.2925,41.7091,43.4362,70.5454,112.06483125000001,112.06483125000001,126.7109,90.0741
124,snn,baseline,jetson_emulator,20,offload,0.5,41.5453,34.1444,34.1444,36.0294,73.214,112.06483125000001,112.06483125000001,126.0661,89.954
125,snn,baseline,jetson_emulator,20,local,0.5,42.0057,34.1691,42.0057,44.1417,70.4447,112.06483125000001,112.06483125000001,126.9162,90.0628
126,snn,baseline,jetson_emulator,20,local,0.5,41.6061,34.333,41.6061,44.0251,70.5804,112.06483125000001,112.06483125000001,127.0189,90.0861
127,snn,baseline,jetson_emulator,20,local,0.5,41.8683,34.9358,41.8683,43.7181,70.4913,112.06483125000001,112.06483125000001,127.1216,90.0193
128,snn,baseline,jetson_emulator,20,offload,0.5,42.2231,34.6824,34.6824,37.0046,73.0175,112.06483125000001,112.06483125000001,126.4744,89.9377
129,snn,baseline,jetson_emulator,20,local,0.5,41.1368,34.5846,41.1368,43.2089,70.7404,112.06483125000001,112.06483125000001,127.3269,90.023
130,snn,baseline,jetson_emulator,20,local,0.5,41.9075,34.6972,41.9075,44.8272,70.478,112.06483125000001,112.06483125000001,127.4296,90.081
131,snn,baseline,jetson_emulator,20,offload,0.5,41.3174,34.5532,34.5532,36.1341,73.0646,112.06483125000001,112.06483125000001,126.7806,89.9751
132,snn,baseline,jetson_emulator,20,local,0.5,41.3775,34.194,41.3775,43.4057,70.6583,112.06483125000001,112.06483125000001,127.6349,89.9833
133,snn,baseline,jetson_emulator,20,local,0.5,40.9699,35.1778,40.9699,42.6929,70.7975,112.06483125000001,112.06483125000001,127.7376,90.0441
134,snn,baseline,jetson_emulator,20,local,0.5,41.0425,34.113,41.0425,43.3769,70.7727,112.06483125000001,112.06483125000001,127.8403,89.9307
135,snn,baseline,jetson_emulator,20,offload,0.5,41.584,35.591,35.591,37.3927,72.6881,112.06483125000001,112.06483125000001,127.1889,90.0983
136,snn,baseline,jetson_emulator,20,local,0.5,41.1097,34.5039,41.1097,43.1007,70.7497,112.06483125000001,112.06483125000001,128.0456,90.127
137,snn,baseline,jetson_emulator,20,offload,0.5,40.8647,35.8391,35.8391,38.4096,72.5987,112.06483125000001,112.06483125000001,127.393,89.9801
138,snn,baseline,jetson_emulator,20,local,0.5,41.1477,34.1269,41.1477,42.9129,70.7367,112.06483125000001,112.06483125000001,128.251,90.0277
139,snn,baseline,jetson_emulator,20,local,0.5,41.2776,34.2336,41.2776,43.0073,70.6923,112.06483125000001,112.06483125000001,128.3537,89.9664
140,snn,baseline,jetson_emulator,20,offload,0.5,41.4022,33.859,33.859,35.5654,73.3186,112.06483125000001,112.06483125000001,127.6992,90.0173
141,snn,baseline,jetson_emulator,20,offload,0.5,40.8881,34.7271,34.7271,36.9512,73.0013,112.06483125000001,112.06483125000001,127.8013,89.9711
142,snn,baseline,jetson_emulator,20,offload,0.5,41.6708,34.9772,34.9772,36.32,72.9103,112.06483125000001,112.06483125000001,127.9034,89.9389
143,snn,baseline,jetson_emulator,20,offload,0.5,40.7514,34.2455,34.2455,35.5756,73.177,112.06483125000001,112.06483125000001,128.0054,90.1066
144,snn,baseline,jetson_emulator,20,offload,0.5,41.4547,33.622,33.622,35.7107,73.4057,112.06483125000001,112.06483125000001,128.1075,89.9583
145,snn,baseline,jetson_emulator,20,local,0.5,40.8442,33.5676,40.8442,42.927,70.8406,112.06483125000001,112.06483125000001,128.9697,89.9832
146,snn,baseline,jetson_emulator,20,local,0.5,40.6234,33.6556,40.6234,42.2397,70.9164,112.06483125000001,112.06483125000001,129.0724,90.0165
147,snn,baseline,jetson_emulator,20,offload,0.5,40.8525,34.5113,34.5113,36.718,73.0799,112.06483125000001,112.06483125000001,128.4137,89.9247
148,snn,baseline,jetson_emulator,20,local,0.5,41.244,34.2971,41.244,41.8366,70.7038,112.06483125000001,112.06483125000001,129.2777,89.9173
149,snn,baseline,jetson_emulator,20,local,0.5,40.9598,34.2989,40.9598,42.3399,70.801,112.06483125000001,112.06483125000001,129.3804,89.9769
150,snn,baseline,jetson_emulator,20,local,0.5,40.6788,33.6705,40.6788,43.4708,70.8973,112.06483125000001,112.06483125000001,129.4831,89.9986
151,snn,baseline,jetson_emulator,20,offload,0.5,40.6959,34.3224,34.3224,35.7845,73.1489,112.06483125000001,112.06483125000001,128.822,90.058
152,snn,baseline,jetson_emulator,20,local,0.5,40.8646,34.3919,40.8646,42.4282,70.8336,112.06483125000001,112.06483125000001,129.6884,90.0249
153,snn,baseline,jetson_emulator,20,local,0.5,40.6424,33.6924,40.6424,41.8325,70.9098,112.06483125000001,112.06483125000001,129.7911,89.989
154,snn,baseline,jetson_emulator,20,local,0.5,40.5518,34.1432,40.5518,42.4948,70.941,112.06483125000001,112.06483125000001,129.8938,89.9967
155,snn,baseline,jetson_emulator,20,local,0.5,40.7945,33.9765,40.7945,42.2437,70.8576,112.06483125000001,112.06483125000001,129.9964,89.9163
156,snn,baseline,jetson_emulator,20,local,0.5,40.639,34.2979,40.639,41.9617,70.911,112.06483125000001,112.06483125000001,130.0991,90.0869
157,snn,baseline,jetson_emulator,20,local,0.5,41.1131,33.521,41.1131,43.2005,70.7485,112.06483125000001,112.06483125000001,130.2018,89.9401
158,snn,baseline,jetson_emulator,20,offload,0.5,40.3195,33.7716,33.7716,35.2966,73.3507,112.06483125000001,112.06483125000001,129.5365,90.0175
159,snn,baseline,jetson_emulator,20,offload,0.5,40.5534,33.2978,33.2978,34.2174,73.5253,112.06483125000001,112.06483125000001,129.6385,90.1041
160,snn,baseline,jetson_emulator,20,local,0.5,40.7243,33.6349,40.7243,41.4049,70.8817,112.06483125000001,112.06483125000001,130.5098,89.9562
161,snn,baseline,jetson_emulator,20,local,0.5,40.6287,33.9246,40.6287,42.3862,70.9145,112.06483125000001,112.06483125000001,130.6125,90.0166
162,snn,baseline,jetson_emulator,20,offload,0.5,40.8196,33.2072,33.2072,34.9687,73.5587,112.06483125000001,112.06483125000001,129.9447,90.0352
163,snn,baseline,jetson_emulator,20,offload,0.5,40.7055,34.737,34.737,36.295,72.9977,112.06483125000001,112.06483125000001,130.0468,89.9477
164,snn,baseline,jetson_emulator,20,local,0.5,40.2731,34.0852,40.2731,41.6212,71.0369,112.06483125000001,112.06483125000001,130.9205,90.0295
165,snn,baseline,jetson_emulator,20,local,0.5,40.8064,34.5594,40.8064,42.577,70.8535,112.06483125000001,112.06483125000001,131.0232,89.978
166,snn,baseline,jetson_emulator,20,offload,0.5,40.5576,34.0137,34.0137,35.728,73.2619,112.06483125000001,112.06483125000001,130.353,89.9757
167,snn,baseline,jetson_emulator,20,offload,0.5,40.2056,33.628,33.628,35.3784,73.4035,112.06483125000001,112.06483125000001,130.4551,90.0801
168,snn,baseline,jetson_emulator,20,local,0.5,40.1156,34.1201,40.1156,42.1075,71.0912,112.06483125000001,112.06483125000001,131.3312,89.9674
169,snn,baseline,jetson_emulator,20,offload,0.5,40.5039,33.5432,33.5432,35.8841,73.4348,112.06483125000001,112.06483125000001,130.6592,90.0355
170,snn,baseline,jetson_emulator,20,offload,0.5,40.4037,34.3717,34.3717,35.1658,73.1308,112.06483125000001,112.06483125000001,130.7613,89.8723
171,snn,baseline,jetson_emulator,20,local,0.5,40.3978,34.3491,40.3978,42.2912,70.9939,112.06483125000001,112.06483125000001,131.6392,89.998
172,snn,baseline,jetson_emulator,20,offload,0.5,40.4793,33.6612,33.6612,36.3476,73.3913,112.06483125000001,112.06483125000001,130.9654,89.992
173,snn,baseline,jetson_emulator,20,offload,0.5,40.2587,33.138,33.138,34.4571,73.5843,112.06483125000001,112.06483125000001,131.0675,89.9419
174,snn,baseline,jetson_emulator,20,offload,0.5,40.0768,33.9665,33.9665,35.7176,73.2792,112.06483125000001,112.06483125000001,131.1696,90.0265
175,snn,baseline,jetson_emulator,20,offload,0.5,39.9864,33.9967,33.9967,36.4136,73.2681,112.06483125000001,112.06483125000001,131.2716,90.0316
176,snn,baseline,jetson_emulator,20,local,0.5,40.2417,33.9328,40.2417,42.1602,71.0477,112.06483125000001,112.06483125000001,132.1526,90.1199
177,snn,baseline,jetson_emulator,20,local,0.5,41.6636,33.3072,41.6636,42.7034,70.5608,112.06483125000001,112.06483125000001,132.2553,90.0019
178,snn,baseline,jetson_emulator,20,offload,0.5,40.3025,33.1966,33.1966,35.0331,73.5626,112.06483125000001,112.06483125000001,131.5778,90.0097
179,snn,baseline,jetson_emulator,20,local,0.5,40.0177,33.0066,40.0177,41.8476,71.125,112.06483125000001,112.06483125000001,132.4606,90.1034
180,snn,baseline,jetson_emulator,20,local,0.5,40.5163,33.8662,40.5163,42.0767,70.9532,112.06483125000001,112.06483125000001,132.5633,89.9386
181,snn,baseline,jetson_emulator,20,local,0.5,39.8558,33.5814,39.8558,41.4777,71.181,112.06483125000001,112.06483125000001,132.666,90.0764
182,snn,baseline,jetson_emulator,20,local,0.5,39.9176,33.3086,39.9176,40.9751,71.1596,112.06483125000001,112.06483125000001,132.7686,90.0802
183,snn,baseline,jetson_emulator,20,local,0.5,40.1523,33.4944,40.1523,41.8548,71.0785,112.06483125000001,112.06483125000001,132.8713,90.0362
184,snn,baseline,jetson_emulator,20,local,0.5,40.1367,33.5939,40.1367,41.5137,71.0839,112.06483125000001,112.06483125000001,132.974,89.8978
185,snn,baseline,jetson_emulator,20,local,0.5,39.9454,32.9981,39.9454,41.9968,71.15,112.06483125000001,112.06483125000001,133.0767,90.0137
186,snn,baseline,jetson_emulator,20,offload,0.5,40.0026,33.8042,33.8042,35.101,73.3387,112.06483125000001,112.06483125000001,132.3944,89.9902
187,snn,baseline,jetson_emulator,20,local,0.5,40.3883,33.5377,40.3883,42.5407,70.9972,112.06483125000001,112.06483125000001,133.282,89.9352
188,snn,baseline,jetson_emulator,20,offload,0.5,39.8645,34.0077,34.0077,35.7923,73.2641,112.06483125000001,112.06483125000001,132.5985,90.0126
189,snn,baseline,jetson_emulator,20,offload,0.5,40.0506,33.9045,33.9045,35.7697,73.3019,112.06483125000001,112.06483125000001,132.7006,89.9405
190,snn,baseline,jetson_emulator,20,local,0.5,41.3188,33.6853,41.3188,43.226,70.6783,112.06483125000001,112.06483125000001,133.59,90.0522
191,snn,baseline,jetson_emulator,20,local,0.5,39.8122,33.5624,39.8122,41.7346,71.1961,112.06483125000001,112.06483125000001,133.6927,90.0003
192,snn,baseline,jetson_emulator,20,local,0.5,40.3731,33.2709,40.3731,42.5059,71.0024,112.06483125000001,112.06483125000001,133.7954,89.9853
193,snn,baseline,jetson_emulator,20,local,0.5,39.9709,33.6414,39.9709,42.2516,71.1412,112.06483125000001,112.06483125000001,133.898,90.0526
194,snn,baseline,jetson_emulator,20,local,0.5,40.011,34.4677,40.011,41.9803,71.1273,112.06483125000001,112.06483125000001,134.0007,90.0002
195,snn,baseline,jetson_emulator,20,local,0.5,40.9353,34.4779,40.9353,42.3981,70.8094,112.06483125000001,112.06483125000001,134.1034,90.0377
196,snn,baseline,jetson_emulator,20,local,0.5,39.8337,34.5422,39.8337,41.5109,71.1887,112.06483125000001,112.06483125000001,134.2061,90.0672
197,snn,baseline,jetson_emulator,20,offload,0.5,39.873,33.4553,33.4553,35.8014,73.4671,112.06483125000001,112.06483125000001,133.5171,90.0133
198,snn,baseline,jetson_emulator,20,local,0.5,40.0976,34.6834,40.0976,41.7623,71.0974,112.06483125000001,112.06483125000001,134.4114,90.0718
199,snn,baseline,jetson_emulator,20,local,0.5,41.0114,33.3692,41.0114,42.978,70.7833,112.06483125000001,112.06483125000001,134.5141,90.0075
200,snn,baseline,jetson_emulator,20,local,0.5,40.6016,32.9216,40.6016,42.2282,70.9239,112.06483125000001,112.06483125000001,134.6168,89.9304
201,snn,baseline,jetson_emulator,20,offload,0.5,40.3795,33.1462,33.1462,34.9936,73.5813,112.06483125000001,112.06483125000001,133.9254,89.9454
202,snn,baseline,jetson_emulator,20,local,0.5,40.4881,33.207,40.4881,42.5496,70.9629,112.06483125000001,112.06483125000001,134.8221,89.9409
203,snn,baseline,jetson_emulator,20,local,0.5,40.0813,33.2349,40.0813,41.7826,71.103,112.06483125000001,112.06483125000001,134.9248,89.9365
204,snn,baseline,jetson_emulator,20,offload,0.5,40.4488,33.0561,33.0561,35.4698,73.6146,112.06483125000001,112.06483125000001,134.2316,89.953
205,snn,baseline,jetson_emulator,20,local,0.5,39.9104,32.9509,39.9104,41.3643,71.1621,112.06483125000001,112.06483125000001,135.1301,89.9334
206,snn,baseline,jetson_emulator,20,local,0.5,40.7947,33.1354,40.7947,42.8555,70.8575,112.06483125000001,112.06483125000001,135.2328,90.0087
207,snn,baseline,jetson_emulator,20,offload,0.5,40.08,33.9485,33.9485,35.3362,73.2858,112.06483125000001,112.06483125000001,134.5378,89.9121
208,snn,baseline,jetson_emulator,20,offload,0.5,40.8124,33.4455,33.4455,35.2653,73.4707,112.06483125000001,112.06483125000001,134.6399,89.9281
209,snn,baseline,jetson_emulator,20,offload,0.5,40.466,34.0043,34.0043,36.5097,73.2653,112.06483125000001,112.06483125000001,134.742,89.9679
210,snn,baseline,jetson_emulator,20,local,0.5,40.1615,33.4824,40.1615,41.2937,71.0754,112.06483125000001,112.06483125000001,135.6435,90.1012
211,snn,baseline,jetson_emulator,20,local,0.5,40.6461,33.6865,40.6461,42.4939,70.9085,112.06483125000001,112.06483125000001,135.7462,90.0467
212,snn,baseline,jetson_emulator,20,local,0.5,39.9742,33.1846,39.9742,42.7843,71.14,112.06483125000001,112.06483125000001,135.8488,90.0508
213,snn,baseline,jetson_emulator,20,local,0.5,40.9993,33.4599,40.9993,43.8704,70.7875,112.06483125000001,112.06483125000001,135.9515,89.9517
214,snn,baseline,jetson_emulator,20,local,0.5,40.977,33.3176,40.977,43.2589,70.7951,112.06483125000001,112.06483125000001,136.0542,89.9836
215,snn,baseline,jetson_emulator,20,offload,0.5,40.8376,33.5017,33.5017,35.083,73.45,112.06483125000001,112.06483125000001,135.3544,90.0677
216,snn,baseline,jetson_emulator,20,local,0.5,40.5777,33.1301,40.5777,43.0574,70.9321,112.06483125000001,112.06483125000001,136.2595,90.0244
217,snn,baseline,jetson_emulator,20,offload,0.5,40.6433,33.2618,33.2618,34.7304,73.5385,112.06483125000001,112.06483125000001,135.5585,89.9835
218,snn,baseline,jetson_emulator,20,offload,0.5,40.1436,33.7983,33.7983,35.9354,73.3409,112.06483125000001,112.06483125000001,135.6606,90.0142
219,snn,baseline,jetson_emulator,20,offload,0.5,41.2839,34.246,34.246,35.6424,73.1768,112.06483125000001,112.06483125000001,135.7626,90.0445
220,snn,baseline,jetson_emulator,20,offload,0.5,40.555,33.5921,33.5921,34.5935,73.4167,112.06483125000001,112.06483125000001,135.8647,90.047
221,snn,baseline,jetson_emulator,20,local,0.5,40.5095,35.248,40.5095,42.8218,70.9555,112.06483125000001,112.06483125000001,136.7729,90.0972
222,snn,baseline,jetson_emulator,20,offload,0.5,40.506,33.4168,33.4168,34.879,73.4813,112.06483125000001,112.06483125000001,136.0688,89.946
223,snn,baseline,jetson_emulator,20,offload,0.5,40.6383,33.4795,33.4795,35.7029,73.4582,112.06483125000001,112.06483125000001,136.1709,90.0068
224,snn,baseline,jetson_emulator,20,local,0.5,40.6542,34.5578,40.6542,42.7484,70.9058,112.06483125000001,112.06483125000001,137.0809,90.0609
225,snn,baseline,jetson_emulator,20,offload,0.5,40.5808,34.2142,34.2142,35.5338,73.1884,112.06483125000001,112.06483125000001,136.3751,90.0482
226,snn,baseline,jetson_emulator,20,local,0.5,41.1386,33.5801,41.1386,43.3288,70.7398,112.06483125000001,112.06483125000001,137.2863,89.9575
227,snn,baseline,jetson_emulator,20,offload,0.5,40.5214,34.352,34.352,36.3577,73.138,112.06483125000001,112.06483125000001,136.5792,90.0851
228,snn,baseline,jetson_emulator,20,offload,0.5,41.0092,33.7192,33.7192,35.0835,73.37,112.06483125000001,112.06483125000001,136.6813,89.9973
229,snn,baseline,jetson_emulator,20,offload,0.5,41.3563,35.4646,35.4646,37.6411,72.7338,112.06483125000001,112.06483125000001,136.7833,89.9533
230,snn,baseline,jetson_emulator,20,offload,0.5,40.7197,34.0036,34.0036,36.267,73.2656,112.06483125000001,112.06483125000001,136.8854,90.018
231,snn,baseline,jetson_emulator,20,local,0.5,41.2942,33.8216,41.2942,42.4656,70.6867,112.06483125000001,112.06483125000001,137.7996,89.9797
232,snn,baseline,jetson_emulator,20,offload,0.5,40.7293,33.71,33.71,36.2422,73.3733,112.06483125000001,112.06483125000001,137.0895,89.99
233,snn,baseline,jetson_emulator,20,local,0.5,41.1315,34.3138,41.1315,42.8003,70.7423,112.06483125000001,112.06483125000001,138.005,89.9734
234,snn,baseline,jetson_emulator,20,local,0.5,41.3881,34.4587,41.3881,43.2044,70.6546,112.06483125000001,112.06483125000001,138.1077,90.0212
235,snn,baseline,jetson_emulator,20,local,0.5,41.3228,34.2368,41.3228,42.7071,70.6769,112.06483125000001,112.06483125000001,138.2103,89.9958
236,snn,baseline,jetson_emulator,20,local,0.5,41.4905,34.66,41.4905,42.4997,70.6197,112.06483125000001,112.06483125000001,138.313,90.013
237,snn,baseline,jetson_emulator,20,local,0.5,40.9033,34.2001,40.9033,42.6435,70.8203,112.06483125000001,112.06483125000001,138.4157,89.982
238,snn,baseline,jetson_emulator,20,local,0.5,41.1869,34.4015,41.1869,42.9538,70.7233,112.06483125000001,112.06483125000001,138.5184,89.8447
239,snn,baseline,jetson_emulator,20,local,0.5,41.1475,33.9961,41.1475,42.8255,70.7368,112.06483125000001,112.06483125000001,138.621,89.9355
240,snn,baseline,jetson_emulator,20,offload,0.5,41.2955,34.0386,34.0386,35.4206,73.2527,112.06483125000001,112.06483125000001,137.9061,89.9844
241,snn,baseline,jetson_emulator,20,local,0.5,41.2845,34.0621,41.2845,43.1294,70.69,112.06483125000001,112.06483125000001,138.8264,89.9831
242,snn,baseline,jetson_emulator,20,offload,0.5,42.3609,34.0935,34.0935,35.9477,73.2326,112.06483125000001,112.06483125000001,138.1102,90.0291
243,snn,baseline,jetson_emulator,20,offload,0.5,41.6336,34.8115,34.8115,35.3621,72.9705,112.06483125000001,112.06483125000001,138.2123,90.0114
244,snn,baseline,jetson_emulator,20,local,0.5,41.8042,34.6755,41.8042,42.9378,70.5131,112.06483125000001,112.06483125000001,139.1344,89.9979
245,snn,baseline,jetson_emulator,20,offload,0.5,41.494,34.9539,34.9539,36.8845,72.9188,112.06483125000001,112.06483125000001,138.4164,90.0061
246,snn,baseline,jetson_emulator,20,local,0.5,41.6329,35.2098,41.6329,43.7213,70.5713,112.06483125000001,112.06483125000001,139.3398,89.9412
247,snn,baseline,jetson_emulator,20,local,0.5,41.7653,36.0078,41.7653,43.6005,70.5263,112.06483125000001,112.06483125000001,139.4424,89.9565
248,snn,baseline,jetson_emulator,20,local,0.5,42.3561,34.6742,42.3561,43.9706,70.3261,112.06483125000001,112.06483125000001,139.5451,89.9897
249,snn,baseline,jetson_emulator,20,offload,0.5,41.892,34.6537,34.6537,36.3209,73.028,112.06483125000001,112.06483125000001,138.8247,90.0078
250,snn,baseline,jetson_emulator,20,local,0.5,42.3159,34.5511,42.3159,44.2448,70.3397,112.06483125000001,112.06483125000001,139.7504,89.8942
251,snn,baseline,jetson_emulator,20,offload,0.5,41.7573,34.5991,34.5991,35.9531,73.0479,112.06483125000001,112.06483125000001,139.0288,89.9432
252,snn,baseline,jetson_emulator,20,local,0.5,42.1708,36.3723,42.1708,44.2841,70.3888,112.06483125000001,112.06483125000001,139.9558,89.9464
253,snn,baseline,jetson_emulator,20,local,0.5,41.9376,34.7321,41.9376,43.7083,70.4678,112.06483125000001,112.06483125000001,140.0585,90.0059
254,snn,baseline,jetson_emulator,20,offload,0.5,42.4221,36.4059,36.4059,38.8546,72.3952,112.06483125000001,112.06483125000001,139.335,90.0691
255,snn,baseline,jetson_emulator,20,offload,0.5,42.4385,36.3932,36.3932,38.1933,72.3998,112.06483125000001,112.06483125000001,139.4371,90.0658
256,snn,baseline,jetson_emulator,20,local,0.5,42.384,35.5115,42.384,43.4344,70.3167,112.06483125000001,112.06483125000001,140.3665,89.9654
257,snn,baseline,jetson_emulator,20,offload,0.5,42.6857,35.104,35.104,36.3858,72.8643,112.06483125000001,112.06483125000001,139.6413,90.0552
258,snn,baseline,jetson_emulator,20,offload,0.5,42.8136,35.0982,35.0982,37.2104,72.8664,112.06483125000001,112.06483125000001,139.7433,90.0375
259,snn,baseline,jetson_emulator,20,local,0.5,42.5177,35.5922,42.5177,44.1559,70.2716,112.06483125000001,112.06483125000001,140.6745,90.005
260,snn,baseline,jetson_emulator,20,local,0.5,42.9052,35.1853,42.9052,44.4914,70.1411,112.06483125000001,112.06483125000001,140.7772,89.9689
261,snn,baseline,jetson_emulator,20,local,0.5,42.7609,35.2412,42.7609,44.6359,70.1896,112.06483125000001,112.06483125000001,140.8799,89.9661
262,snn,baseline,jetson_emulator,20,local,0.5,43.1811,36.347,43.1811,45.4447,70.0485,112.06483125000001,112.06483125000001,140.9825,89.9221
263,snn,baseline,jetson_emulator,20,offload,0.5,43.0452,35.8548,35.8548,37.5453,72.5931,112.06483125000001,112.06483125000001,140.2537,90.0255
264,snn,baseline,jetson_emulator,20,local,0.5,43.0088,35.5856,43.0088,44.7927,70.1063,112.06483125000001,112.06483125000001,141.1879,90.0983
265,snn,baseline,jetson_emulator,20,local,0.5,43.1398,35.4713,43.1398,44.7775,70.0624,112.06483125000001,112.06483125000001,141.2906,90.0579
266,snn,baseline,jetson_emulator,20,offload,0.5,43.0208,35.6656,35.6656,36.9,72.6612,112.06483125000001,112.06483125000001,140.5599,89.9766
267,snn,baseline,jetson_emulator,20,local,0.5,43.3962,36.3134,43.3962,45.6193,69.9765,112.06483125000001,112.06483125000001,141.4959,89.9424
268,snn,baseline,jetson_emulator,20,offload,0.5,43.1504,36.0096,36.0096,37.1116,72.5374,112.06483125000001,112.06483125000001,140.764,89.8884
269,snn,baseline,jetson_emulator,20,offload,0.5,43.1222,37.6303,37.6303,39.527,71.9596,112.06483125000001,112.06483125000001,140.8661,90.0087
270,snn,baseline,jetson_emulator,20,local,0.5,43.351,36.0035,43.351,44.6639,69.9917,112.06483125000001,112.06483125000001,141.8039,89.9297
271,snn,baseline,jetson_emulator,20,local,0.5,43.4595,36.6557,43.4595,45.1773,69.9554,112.06483125000001,112.06483125000001,141.9066,90.0034
272,snn,baseline,jetson_emulator,20,offload,0.5,44.6799,36.1189,36.1189,37.7592,72.4981,112.06483125000001,112.06483125000001,141.1723,89.9246
273,snn,baseline,jetson_emulator,20,offload,0.5,43.9054,36.7396,36.7396,39.1047,72.276,112.06483125000001,112.06483125000001,141.2744,90.0386
274,snn,baseline,jetson_emulator,20,local,0.5,44.6838,36.8435,44.6838,46.7223,69.5485,112.06483125000001,112.06483125000001,142.2146,89.892
275,snn,baseline,jetson_emulator,20,local,0.5,43.6747,36.4606,43.6747,45.2285,69.8835,112.06483125000001,112.06483125000001,142.3173,89.9474
276,snn,baseline,jetson_emulator,20,local,0.5,44.178,36.3299,44.178,45.5055,69.716,112.06483125000001,112.06483125000001,142.42,90.0245
277,snn,baseline,jetson_emulator,20,offload,0.5,43.9667,36.8386,36.8386,38.2941,72.2407,112.06483125000001,112.06483125000001,141.6826,89.9996
278,snn,baseline,jetson_emulator,20,local,0.5,44.4196,36.7546,44.4196,46.4204,69.6359,112.06483125000001,112.06483125000001,142.6253,90.0733
279,snn,baseline,jetson_emulator,20,local,0.5,44.3243,37.2329,44.3243,45.9353,69.6675,112.06483125000001,112.06483125000001,142.728,90.0271
280,snn,baseline,jetson_emulator,20,offload,0.5,45.2686,37.4379,37.4379,38.8762,72.0277,112.06483125000001,112.06483125000001,141.9888,89.9659
281,snn,baseline,jetson_emulator,20,offload,0.5,44.7929,36.561,36.561,38.8325,72.3398,112.06483125000001,112.06483125000001,142.0909,90.0389
282,snn,baseline,jetson_emulator,20,offload,0.5,45.0782,36.5332,36.5332,38.2187,72.3497,112.06483125000001,112.06483125000001,142.193,89.9647
283,snn,baseline,jetson_emulator,20,local,0.5,44.4126,37.6669,44.4126,46.4432,69.6382,112.06483125000001,112.06483125000001,143.1387,90.0286
284,snn,baseline,jetson_emulator,20,local,0.5,44.6197,37.4598,44.6197,46.5379,69.5697,112.06483125000001,112.06483125000001,143.2414,90.0167
285,snn,baseline,jetson_emulator,20,local,0.5,44.6821,38.296,44.6821,47.0438,69.5491,112.06483125000001,112.06483125000001,143.344,89.9394
286,snn,baseline,jetson_emulator,20,offload,0.5,45.3531,37.3559,37.3559,39.0923,72.0568,112.06483125000001,112.06483125000001,142.6012,89.9667
287,snn,baseline,jetson_emulator,20,offload,0.5,45.772,37.4043,37.4043,38.6458,72.0396,112.06483125000001,112.06483125000001,142.7033,90.0406
288,snn,baseline,jetson_emulator,20,offload,0.5,45.6011,37.3432,37.3432,38.8567,72.0613,112.06483125000001,112.06483125000001,142.8054,89.9128
289,snn,baseline,jetson_emulator,20,local,0.5,44.8499,39.037,44.8499,45.7659,69.4937,112.06483125000001,112.06483125000001,143.7547,89.9868
290,snn,baseline,jetson_emulator,20,offload,0.5,45.132,37.17,37.17,39.9752,72.1228,112.06483125000001,112.06483125000001,143.0095,90.0007
291,snn,baseline,jetson_emulator,20,local,0.5,45.0706,38.3456,45.0706,46.2238,69.421,112.06483125000001,112.06483125000001,143.9601,90.0811
292,snn,baseline,jetson_emulator,20,local,0.5,45.5766,37.9929,45.5766,47.6049,69.2548,112.06483125000001,112.06483125000001,144.0627,89.9359
293,snn,baseline,jetson_emulator,20,offload,0.5,46.1462,38.5375,38.5375,40.1014,71.6402,112.06483125000001,112.06483125000001,143.3157,90.01
294,snn,baseline,jetson_emulator,20,local,0.5,45.2426,37.5858,45.2426,46.6419,69.3644,112.06483125000001,112.06483125000001,144.2681,90.0443
295,snn,baseline,jetson_emulator,20,offload,0.5,45.6131,39.1114,39.1114,41.4867,71.4396,112.06483125000001,112.06483125000001,143.5199,90.002
296,snn,baseline,jetson_emulator,20,local,0.5,46.2688,38.7174,46.2688,48.9762,69.0288,112.06483125000001,112.06483125000001,144.4734,89.9818
297,snn,baseline,jetson_emulator,20,local,0.5,46.0364,37.8677,46.0364,47.7561,69.1045,112.06483125000001,112.06483125000001,144.5761,89.9477
298,snn,baseline,jetson_emulator,20,local,0.5,45.9302,38.7089,45.9302,47.6936,69.1392,112.06483125000001,112.06483125000001,144.6788,90.0367
299,snn,baseline,jetson_emulator,20,local,0.5,46.3704,39.1322,46.3704,47.6103,68.9957,112.06483125000001,112.06483125000001,144.7815,89.9773
300,snn,baseline,jetson_emulator,20,local,0.5,46.4442,39.3594,46.4442,48.5227,68.9717,112.06483125000001,112.06483125000001,144.8841,90.0177
301,snn,baseline,jetson_emulator,20,offload,0.5,46.4022,38.6704,38.6704,39.8437,71.5936,112.06483125000001,112.06483125000001,144.1323,90.0458
302,snn,baseline,jetson_emulator,20,local,0.5,46.069,38.1725,46.069,47.5946,69.0939,112.06483125000001,112.06483125000001,145.0895,90.0307
303,snn,baseline,jetson_emulator,20,local,0.5,46.076,38.1976,46.076,48.3387,69.0916,112.06483125000001,112.06483125000001,145.1922,89.9658
304,snn,baseline,jetson_emulator,20,local,0.5,46.4417,38.2641,46.4417,48.1515,68.9726,112.06483125000001,112.06483125000001,145.2948,89.9635
305,snn,baseline,jetson_emulator,20,offload,0.5,47.122,38.3887,38.3887,39.8646,71.6924,112.06483125000001,112.06483125000001,144.5405,89.9545
306,snn,baseline,jetson_emulator,20,offload,0.5,46.43,38.5276,38.5276,40.2513,71.6436,112.06483125000001,112.06483125000001,144.6426,90.0347
307,snn,baseline,jetson_emulator,20,offload,0.5,46.5187,39.0419,39.0419,40.4247,71.4638,112.06483125000001,112.06483125000001,144.7447,90.0579
308,snn,baseline,jetson_emulator,20,offload,0.5,46.9769,39.1138,39.1138,41.4082,71.4387,112.06483125000001,112.06483125000001,144.8468,89.918
309,snn,baseline,jetson_emulator,20,offload,0.5,46.6011,38.7517,38.7517,39.6251,71.5651,112.06483125000001,112.06483125000001,144.9488,89.9769
310,snn,baseline,jetson_emulator,20,local,0.5,46.6704,39.0993,46.6704,48.5744,68.8983,112.06483125000001,112.06483125000001,145.9109,90.0329
311,snn,baseline,jetson_emulator,20,local,0.5,46.8206,39.0849,46.8206,48.4984,68.8497,112.06483125000001,112.06483125000001,146.0135,90.0276
312,snn,baseline,jetson_emulator,20,offload,0.5,47.1603,40.5606,40.5606,41.7425,70.9379,112.06483125000001,112.06483125000001,145.255,90.0742
313,snn,baseline,jetson_emulator,20,offload,0.5,47.5336,38.8808,38.8808,40.6817,71.52,112.06483125000001,112.06483125000001,145.3571,89.9786
314,snn,baseline,jetson_emulator,20,offload,0.5,48.0364,39.0505,39.0505,40.6936,71.4608,112.06483125000001,112.06483125000001,145.4592,90.0076
315,snn,baseline,jetson_emulator,20,offload,0.5,47.6899,39.3628,39.3628,41.0263,71.352,112.06483125000001,112.06483125000001,145.5612,90.0002
316,snn,baseline,jetson_emulator,20,offload,0.5,47.969,39.065,39.065,41.3939,71.4557,112.06483125000001,112.06483125000001,145.6633,90.0298
317,snn,baseline,jetson_emulator,20,local,0.5,47.4868,39.0826,47.4868,48.7834,68.6347,112.06483125000001,112.06483125000001,146.6296,90.0219
318,snn,baseline,jetson_emulator,20,local,0.5,47.362,40.4015,47.362,48.4139,68.6748,112.06483125000001,112.06483125000001,146.7323,89.9864
319,snn,baseline,jetson_emulator,20,local,0.5,47.9079,40.1603,47.9079,49.9506,68.4994,112.06483125000001,112.06483125000001,146.8349,90.0115
320,snn,baseline,jetson_emulator,20,offload,0.5,48.3363,39.6403,39.6403,41.3651,71.2557,112.06483125000001,112.06483125000001,146.0716,89.9584
321,snn,baseline,jetson_emulator,20,local,0.5,47.6682,41.424,47.6682,49.2546,68.5763,112.06483125000001,112.06483125000001,147.0403,90.0121
322,snn,baseline,jetson_emulator,20,local,0.5,48.7295,39.8238,48.7295,50.9289,68.2371,112.06483125000001,112.06483125000001,147.143,90.0
323,snn,baseline,jetson_emulator,20,local,0.5,48.4256,39.5536,48.4256,50.4448,68.3339,112.06483125000001,112.06483125000001,147.2456,89.9869
324,snn,baseline,jetson_emulator,20,offload,0.5,48.5695,40.7249,40.7249,42.8774,70.8815,112.06483125000001,112.06483125000001,146.4799,90.0514
325,snn,baseline,jetson_emulator,20,local,0.5,48.4206,39.6496,48.4206,49.6031,68.3355,112.06483125000001,112.06483125000001,147.451,89.9688
326,snn,baseline,jetson_emulator,20,local,0.5,48.2604,39.7001,48.2604,51.222,68.3866,112.06483125000001,112.06483125000001,147.5537,90.0836
327,snn,baseline,jetson_emulator,20,offload,0.5,48.3091,39.7744,39.7744,41.6134,71.2092,112.06483125000001,112.06483125000001,146.7861,90.0456
328,snn,baseline,jetson_emulator,20,local,0.5,49.004,41.5727,49.004,50.5183,68.1499,112.06483125000001,112.06483125000001,147.759,90.0729
329,snn,baseline,jetson_emulator,20,local,0.5,48.4709,39.8633,48.4709,50.4101,68.3194,112.06483125000001,112.06483125000001,147.8617,90.0662
330,snn,baseline,jetson_emulator,20,local,0.5,48.6713,40.4897,48.6713,50.1788,68.2556,112.06483125000001,112.06483125000001,147.9644,90.0472
331,snn,baseline,jetson_emulator,20,local,0.5,48.6524,40.176,48.6524,50.154,68.2617,112.06483125000001,112.06483125000001,148.067,89.9311
332,snn,baseline,jetson_emulator,20,local,0.5,49.0136,40.8746,49.0136,50.6742,68.1469,112.06483125000001,112.06483125000001,148.1697,90.0542
333,snn,baseline,jetson_emulator,20,local,0.5,48.9071,42.3698,48.9071,50.5886,68.1807,112.06483125000001,112.06483125000001,148.2724,90.001
334,snn,baseline,jetson_emulator,20,offload,0.5,48.7356,40.6171,40.6171,42.4901,70.9185,112.06483125000001,112.06483125000001,147.5005,90.0163
335,snn,baseline,jetson_emulator,20,local,0.5,48.8401,40.8082,48.8401,49.855,68.202,112.06483125000001,112.06483125000001,148.4777,90.0084
336,snn,baseline,jetson_emulator,20,offload,0.5,49.2934,41.1638,41.1638,42.3809,70.7312,112.06483125000001,112.06483125000001,147.7047,89.9882
337,snn,baseline,jetson_emulator,20,local,0.5,48.8742,40.6569,48.8742,51.4656,68.1911,112.06483125000001,112.06483125000001,148.6831,89.94
338,snn,baseline,jetson_emulator,20,offload,0.5,49.3309,40.4953,40.4953,42.446,70.9604,112.06483125000001,112.06483125000001,147.9088,90.0219
339,snn,baseline,jetson_emulator,20,local,0.5,49.5028,40.5955,49.5028,51.3729,67.9921,112.06483125000001,112.06483125000001,148.8884,90.0031
340,snn,baseline,jetson_emulator,20,local,0.5,50.4078,40.8496,50.4078,52.3542,67.7075,112.06483125000001,112.06483125000001,148.9911,90.0795
341,snn,baseline,jetson_emulator,20,offload,0.5,49.4486,41.4158,41.4158,43.8687,70.6452,112.06483125000001,112.06483125000001,148.215,90.0089
342,snn,baseline,jetson_emulator,20,offload,0.5,49.2417,40.9275,40.9275,42.6155,70.812,112.06483125000001,112.06483125000001,148.3171,90.0235
343,snn,baseline,jetson_emulator,20,offload,0.5,49.2444,41.0193,41.0193,42.6798,70.7806,112.06483125000001,112.06483125000001,148.4192,90.0422
344,snn,baseline,jetson_emulator,20,local,0.5,49.2897,41.8485,49.2897,50.7384,68.0594,112.06483125000001,112.06483125000001,149.4018,90.0657
345,snn,baseline,jetson_emulator,20,offload,0.5,49.4594,41.3605,41.3605,42.5679,70.664,112.06483125000001,112.06483125000001,148.6233,89.9901
346,snn,baseline,jetson_emulator,20,local,0.5,49.4399,41.225,49.4399,50.2108,68.012,112.06483125000001,112.06483125000001,149.6071,90.0456
347,snn,baseline,jetson_emulator,20,local,0.5,49.6237,40.8718,49.6237,51.2892,67.9539,112.06483125000001,112.06483125000001,149.7098,90.0047
348,snn,baseline,jetson_emulator,20,offload,0.5,49.586,40.8799,40.8799,43.0868,70.8283,112.06483125000001,112.06483125000001,148.9295,90.0597
349,snn,baseline,jetson_emulator,20,offload,0.5,50.126,41.7481,41.7481,43.842,70.5321,112.06483125000001,112.06483125000001,149.0316,89.9238
350,snn,baseline,jetson_emulator,20,offload,0.5,50.0914,41.5351,41.5351,42.5817,70.6046,112.06483125000001,112.06483125000001,149.1336,90.0681
351,snn,baseline,jetson_emulator,20,offload,0.5,50.4383,41.9095,41.9095,43.0727,70.4773,112.06483125000001,112.06483125000001,149.2357,89.9252
352,snn,baseline,jetson_emulator,20,local,0.5,50.1709,41.6083,50.1709,51.8077,67.7818,112.06483125000001,112.06483125000001,150.2232,89.957
353,snn,baseline,jetson_emulator,20,local,0.5,50.5816,42.3219,50.5816,52.4221,67.6531,112.06483125000001,112.06483125000001,150.3258,90.0261
354,snn,baseline,jetson_emulator,20,local,0.5,49.8339,41.4859,49.8339,51.8661,67.8877,112.06483125000001,112.06483125000001,150.4285,90.0689
355,snn,baseline,jetson_emulator,20,local,0.5,49.9574,41.9254,49.9574,51.1541,67.8488,112.06483125000001,112.06483125000001,150.5312,90.0786
356,snn,baseline,jetson_emulator,20,offload,0.5,50.5773,42.5062,42.5062,44.3129,70.2754,112.06483125000001,112.06483125000001,149.746,90.0557
357,snn,baseline,jetson_emulator,20,local,0.5,50.4668,42.9093,50.4668,51.8724,67.6891,112.06483125000001,112.06483125000001,150.7365,90.0669
358,snn,baseline,jetson_emulator,20,local,0.5,49.9815,41.3348,49.9815,51.2031,67.8413,112.06483125000001,112.06483125000001,150.8392,89.9202
359,snn,baseline,jetson_emulator,20,offload,0.5,50.6936,41.9326,41.9326,43.1465,70.4695,112.06483125000001,112.06483125000001,150.0523,90.0599
360,snn,baseline,jetson_emulator,20,offload,0.5,50.3018,41.4219,41.4219,42.7829,70.6431,112.06483125000001,112.06483125000001,150.1543,89.9928
361,snn,baseline,jetson_emulator,20,local,0.5,50.4902,42.4203,50.4902,52.3411,67.6817,112.06483125000001,112.06483125000001,151.1472,90.0627
362,snn,baseline,jetson_emulator,20,local,0.5,50.8239,41.5626,50.8239,53.0218,67.5775,112.06483125000001,112.06483125000001,151.2499,89.9698
363,snn,baseline,jetson_emulator,20,offload,0.5,50.3968,41.9589,41.9589,43.3033,70.4606,112.06483125000001,112.06483125000001,150.4605,90.0789
364,snn,baseline,jetson_emulator,20,local,0.5,50.5705,42.254,50.5705,52.1872,67.6566,112.06483125000001,112.06483125000001,151.4553,90.0003
365,snn,baseline,jetson_emulator,20,local,0.5,50.2755,42.3476,50.2755,51.8271,67.749,112.06483125000001,112.06483125000001,151.5579,89.9157
366,snn,baseline,jetson_emulator,20,local,0.5,50.3073,42.6145,50.3073,51.4432,67.739,112.06483125000001,112.06483125000001,151.6606,89.9733
367,snn,baseline,jetson_emulator,20,local,0.5,50.9935,41.7572,50.9935,52.7345,67.5246,112.06483125000001,112.06483125000001,151.7633,90.0864
368,snn,baseline,jetson_emulator,20,local,0.5,51.3705,42.047,51.3705,53.6635,67.4074,112.06483125000001,112.06483125000001,151.866,90.0087
369,snn,baseline,jetson_emulator,20,local,0.5,50.587,41.9359,50.587,52.6174,67.6514,112.06483125000001,112.06483125000001,151.9686,90.1076
370,snn,baseline,jetson_emulator,20,offload,0.5,50.6625,42.992,42.992,45.1895,70.112,112.06483125000001,112.06483125000001,151.175,89.9543
371,snn,baseline,jetson_emulator,20,local,0.5,51.1609,42.2106,51.1609,53.7494,67.4725,112.06483125000001,112.06483125000001,152.174,90.0135
372,snn,baseline,jetson_emulator,20,local,0.5,50.8594,41.8559,50.8594,53.5115,67.5664,112.06483125000001,112.06483125000001,152.2767,89.9925
373,snn,baseline,jetson_emulator,20,local,0.5,51.3449,44.1956,51.3449,53.0439,67.4154,112.06483125000001,112.06483125000001,152.3793,89.946
374,snn,baseline,jetson_emulator,20,local,0.5,50.6065,41.8993,50.6065,52.2609,67.6453,112.06483125000001,112.06483125000001,152.482,90.0784
375,snn,baseline,jetson_emulator,20,offload,0.5,51.1788,43.405,43.405,45.5173,69.9736,112.06483125000001,112.06483125000001,151.6854,90.0462
376,snn,baseline,jetson_emulator,20,offload,0.5,50.9836,41.8983,41.8983,43.7136,70.4811,112.06483125000001,112.06483125000001,151.7874,89.9306
377,snn,baseline,jetson_emulator,20,offload,0.5,50.8354,42.9349,42.9349,45.2902,70.1311,112.06483125000001,112.06483125000001,151.8895,89.9724
378,snn,baseline,jetson_emulator,20,local,0.5,52.2622,42.9052,52.2622,53.7444,67.1318,112.06483125000001,112.06483125000001,152.8927,90.0577
379,snn,baseline,jetson_emulator,20,offload,0.5,50.8193,42.0403,42.0403,44.055,70.433,112.06483125000001,112.06483125000001,152.0936,89.9877
380,snn,baseline,jetson_emulator,20,local,0.5,50.9452,42.4293,50.9452,52.6263,67.5397,112.06483125000001,112.06483125000001,153.098,90.0615
381,snn,baseline,jetson_emulator,20,offload,0.5,51.5023,42.0701,42.0701,44.1984,70.4229,112.06483125000001,112.06483125000001,152.2978,90.039
382,snn,baseline,jetson_emulator,20,offload,0.5,51.1728,41.9942,41.9942,44.0092,70.4486,112.06483125000001,112.06483125000001,152.3998,89.997
383,snn,baseline,jetson_emulator,20,offload,0.5,51.0885,42.893,42.893,44.3443,70.1452,112.06483125000001,112.06483125000001,152.5019,89.982
384,snn,baseline,jetson_emulator,20,offload,0.5,51.3184,42.8358,42.8358,44.6953,70.1644,112.06483125000001,112.06483125000001,152.604,90.0346
385,snn,baseline,jetson_emulator,20,offload,0.5,50.9228,43.4983,43.4983,45.2666,69.9424,112.06483125000001,112.06483125000001,152.706,90.003
386,snn,baseline,jetson_emulator,20,local,0.5,50.9216,43.0738,50.9216,52.8281,67.547,112.06483125000001,112.06483125000001,153.7141,89.9546
387,snn,baseline,jetson_emulator,20,local,0.5,51.6938,42.5265,51.6938,53.6866,67.3072,112.06483125000001,112.06483125000001,153.8168,90.0165
388,snn,baseline,jetson_emulator,20,local,0.5,50.9804,42.4289,50.9804,51.725,67.5287,112.06483125000001,112.06483125000001,153.9194,89.9493
389,snn,baseline,jetson_emulator,20,offload,0.5,52.1347,42.2538,42.2538,43.8504,70.3607,112.06483125000001,112.06483125000001,153.1143,89.9591
390,snn,baseline,jetson_emulator,20,local,0.5,51.6905,42.1309,51.6905,53.6359,67.3083,112.06483125000001,112.06483125000001,154.1248,89.9627
391,snn,baseline,jetson_emulator,20,local,0.5,51.9225,43.3257,51.9225,54.3221,67.2365,112.06483125000001,112.06483125000001,154.2275,89.9846
392,snn,baseline,jetson_emulator,20,offload,0.5,51.458,42.2351,42.2351,43.8187,70.367,112.06483125000001,112.06483125000001,153.4205,90.0184
393,snn,baseline,jetson_emulator,20,local,0.5,51.9169,42.5185,51.9169,53.4711,67.2383,112.06483125000001,112.06483125000001,154.4328,90.0278
394,snn,baseline,jetson_emulator,20,offload,0.5,51.0162,42.887,42.887,43.6131,70.1473,112.06483125000001,112.06483125000001,153.6247,89.9889
395,snn,baseline,jetson_emulator,20,local,0.5,51.4493,42.1863,51.4493,52.7366,67.383,112.06483125000001,112.06483125000001,154.6381,89.9994
396,snn,baseline,jetson_emulator,20,offload,0.5,51.6905,42.2651,42.2651,43.9678,70.3569,112.06483125000001,112.06483125000001,153.8288,89.9835
397,snn,baseline,jetson_emulator,20,offload,0.5,51.4785,42.8786,42.8786,43.7727,70.1501,112.06483125000001,112.06483125000001,153.9309,90.0396
398,snn,baseline,jetson_emulator,20,offload,0.5,51.9951,42.4403,42.4403,44.0129,70.2977,112.06483125000001,112.06483125000001,154.0329,89.9573
399,snn,baseline,jetson_emulator,20,local,0.5,52.1131,42.2248,52.1131,53.6669,67.1777,112.06483125000001,112.06483125000001,155.0488,89.9553
400,snn,baseline,jetson_emulator,20,local,0.5,50.9541,42.8475,50.9541,52.1982,67.5369,112.06483125000001,112.06483125000001,155.1515,90.0856
401,snn,baseline,jetson_emulator,20,offload,0.5,51.378,42.5384,42.5384,44.9264,70.2646,112.06483125000001,112.06483125000001,154.3391,89.9779
402,snn,baseline,jetson_emulator,20,local,0.5,51.1346,42.5793,51.1346,52.9247,67.4807,112.06483125000001,112.06483125000001,155.3569,90.005
403,snn,baseline,jetson_emulator,20,offload,0.5,51.383,43.1783,43.1783,44.4743,70.0495,112.06483125000001,112.06483125000001,154.5433,89.9501
404,snn,baseline,jetson_emulator,20,offload,0.5,51.9954,43.0189,43.0189,44.3255,70.1029,112.06483125000001,112.06483125000001,154.6453,90.0704
405,snn,baseline,jetson_emulator,20,offload,0.5,51.4157,43.2632,43.2632,44.6366,70.021,112.06483125000001,112.06483125000001,154.7474,90.0698
406,snn,baseline,jetson_emulator,20,local,0.5,51.0143,42.6226,51.0143,52.9747,67.5181,112.06483125000001,112.06483125000001,155.7676,89.968
407,snn,baseline,jetson_emulator,20,local,0.5,51.5366,42.2745,51.5366,54.007,67.3559,112.06483125000001,112.06483125000001,155.8702,90.0401
408,snn,baseline,jetson_emulator,20,local,0.5,51.0866,42.8209,51.0866,52.1465,67.4956,112.06483125000001,112.06483125000001,155.9729,89.9949
409,snn,baseline,jetson_emulator,20,offload,0.5,51.1939,43.3082,43.3082,45.5309,70.006,112.06483125000001,112.06483125000001,155.1557,90.0144
410,snn,baseline,jetson_emulator,20,offload,0.5,51.5195,42.5066,42.5066,44.7994,70.2753,112.06483125000001,112.06483125000001,155.2578,90.0099
411,snn,baseline,jetson_emulator,20,local,0.5,51.8552,42.3214,51.8552,52.5106,67.2573,112.06483125000001,112.06483125000001,156.2809,89.9887
412,snn,baseline,jetson_emulator,20,local,0.5,50.9773,42.6284,50.9773,53.7438,67.5296,112.06483125000001,112.06483125000001,156.3836,89.942
413,snn,baseline,jetson_emulator,20,offload,0.5,51.0889,42.4281,42.4281,45.1015,70.3018,112.06483125000001,112.06483125000001,155.564,89.9908
414,snn,baseline,jetson_emulator,20,offload,0.5,51.0702,42.2089,42.2089,44.6246,70.3759,112.06483125000001,112.06483125000001,155.666,89.9426
415,snn,baseline,jetson_emulator,20,local,0.5,53.0132,42.9261,53.0132,54.6565,66.9014,112.06483125000001,112.06483125000001,156.6916,89.9782
416,snn,baseline,jetson_emulator,20,offload,0.5,51.8105,43.6373,43.6373,46.2283,69.896,112.06483125000001,112.06483125000001,155.8702,89.9652
417,snn,baseline,jetson_emulator,20,offload,0.5,52.1032,42.645,42.645,43.9102,70.2287,112.06483125000001,112.06483125000001,155.9722,90.0553
418,snn,baseline,jetson_emulator,20,local,0.5,51.1903,42.6371,51.1903,52.4206,67.4634,112.06483125000001,112.06483125000001,156.9996,90.0451
419,snn,baseline,jetson_emulator,20,offload,0.5,51.2752,42.5396,42.5396,44.0083,70.2642,112.06483125000001,112.06483125000001,156.1764,90.0545
420,snn,baseline,jetson_emulator,20,local,0.5,51.6621,42.1206,51.6621,52.9938,67.317,112.06483125000001,112.06483125000001,157.205,89.9945
421,snn,baseline,jetson_emulator,20,offload,0.5,51.4431,42.5104,42.5104,44.4815,70.274,112.06483125000001,112.06483125000001,156.3805,90.0601
422,snn,baseline,jetson_emulator,20,offload,0.5,51.5026,42.3139,42.3139,44.8769,70.3404,112.06483125000001,112.06483125000001,156.4826,90.0866
423,snn,baseline,jetson_emulator,20,local,0.5,50.919,42.3673,50.919,52.4563,67.5478,112.06483125000001,112.06483125000001,157.513,90.0323
424,snn,baseline,jetson_emulator,20,local,0.5,51.1587,43.0688,51.1587,52.9219,67.4732,112.06483125000001,112.06483125000001,157.6157,89.9733
425,snn,baseline,jetson_emulator,20,local,0.5,50.9568,42.5956,50.9568,52.0626,67.536,112.06483125000001,112.06483125000001,157.7184,90.015
426,snn,baseline,jetson_emulator,20,local,0.5,51.0403,42.093,51.0403,52.965,67.5101,112.06483125000001,112.06483125000001,157.821,90.1073
427,snn,baseline,jetson_emulator,20,offload,0.5,52.0628,42.3834,42.3834,43.9087,70.3169,112.06483125000001,112.06483125000001,156.9929,89.9629
428,snn,baseline,jetson_emulator,20,local,0.5,50.9217,42.6723,50.9217,52.234,67.547,112.06483125000001,112.06483125000001,158.0264,89.9168
429,snn,baseline,jetson_emulator,20,offload,0.5,51.2679,43.3645,43.3645,44.7061,69.9871,112.06483125000001,112.06483125000001,157.1971,89.9242
430,snn,baseline,jetson_emulator,20,offload,0.5,51.0261,42.4609,42.4609,44.2407,70.2908,112.06483125000001,112.06483125000001,157.2991,89.9476
431,snn,baseline,jetson_emulator,20,local,0.5,51.4952,43.3815,51.4952,53.1739,67.3687,112.06483125000001,112.06483125000001,158.3344,89.9619
432,snn,baseline,jetson_emulator,20,offload,0.5,51.0038,42.3583,42.3583,44.6262,70.3254,112.06483125000001,112.06483125000001,157.5033,90.014
433,snn,baseline,jetson_emulator,20,local,0.5,52.0437,42.612,52.0437,53.5904,67.1991,112.06483125000001,112.06483125000001,158.5398,90.0378
434,snn,baseline,jetson_emulator,20,local,0.5,51.3876,42.7098,51.3876,53.3961,67.4021,112.06483125000001,112.06483125000001,158.6424,89.9853
435,snn,baseline,jetson_emulator,20,offload,0.5,51.3811,43.3463,43.3463,45.1795,69.9932,112.06483125000001,112.06483125000001,157.8095,89.9406
436,snn,baseline,jetson_emulator,20,offload,0.5,51.0003,42.3588,42.3588,44.3259,70.3252,112.06483125000001,112.06483125000001,157.9115,89.9328
437,snn,baseline,jetson_emulator,20,offload,0.5,51.0676,42.7312,42.7312,44.6866,70.1997,112.06483125000001,112.06483125000001,158.0136,89.9835
438,snn,baseline,jetson_emulator,20,local,0.5,51.6596,42.8468,51.6596,54.3661,67.3178,112.06483125000001,112.06483125000001,159.0531,89.9312
439,snn,baseline,jetson_emulator,20,local,0.5,51.1227,42.9328,51.1227,52.0575,67.4844,112.06483125000001,112.06483125000001,159.1558,89.9778
440,snn,baseline,jetson_emulator,20,local,0.5,52.1194,42.4874,52.1194,53.7168,67.1758,112.06483125000001,112.06483125000001,159.2585,89.926
441,snn,baseline,jetson_emulator,20,local,0.5,51.014,42.914,51.014,52.4443,67.5182,112.06483125000001,112.06483125000001,159.3611,89.9439
442,snn,baseline,jetson_emulator,20,local,0.5,50.9571,43.0069,50.9571,52.552,67.5359,112.06483125000001,112.06483125000001,159.4638,90.1007
443,snn,baseline,jetson_emulator,20,local,0.5,51.1555,42.3956,51.1555,52.9571,67.4742,112.06483125000001,112.06483125000001,159.5665,90.0871
444,snn,baseline,jetson_emulator,20,local,0.5,51.2544,42.2917,51.2544,53.7749,67.4435,112.06483125000001,112.06483125000001,159.6692,89.9195
445,snn,baseline,jetson_emulator,20,local,0.5,51.2833,42.5913,51.2833,53.6454,67.4345,112.06483125000001,112.06483125000001,159.7718,89.8895
446,snn,baseline,jetson_emulator,20,offload,0.5,50.7721,42.3549,42.3549,44.0499,70.3265,112.06483125000001,112.06483125000001,158.9322,89.9934
447,snn,baseline,jetson_emulator,20,local,0.5,50.9606,42.2688,50.9606,52.6594,67.5348,112.06483125000001,112.06483125000001,159.9772,90.0373
448,snn,baseline,jetson_emulator,20,local,0.5,52.021,42.5027,52.021,53.9483,67.2061,112.06483125000001,112.06483125000001,160.0799,89.9865
449,snn,baseline,jetson_emulator,20,offload,0.5,51.8077,42.2684,42.2684,44.0853,70.3558,112.06483125000001,112.06483125000001,159.2384,90.0564
450,snn,baseline,jetson_emulator,20,offload,0.5,50.8998,42.1057,42.1057,43.904,70.4108,112.06483125000001,112.06483125000001,159.3405,90.0245
451,snn,baseline,jetson_emulator,20,local,0.5,51.3582,43.5612,51.3582,53.3221,67.4112,112.06483125000001,112.06483125000001,160.3879,89.9313
452,snn,baseline,jetson_emulator,20,local,0.5,50.9996,42.3525,50.9996,53.1329,67.5227,112.06483125000001,112.06483125000001,160.4906,90.0103
453,snn,baseline,jetson_emulator,20,local,0.5,50.9215,42.8815,50.9215,51.9323,67.5471,112.06483125000001,112.06483125000001,160.5932,90.0456
454,snn,baseline,jetson_emulator,20,offload,0.5,50.9873,43.235,43.235,45.0915,70.0305,112.06483125000001,112.06483125000001,159.7488,89.9753
455,snn,baseline,jetson_emulator,20,offload,0.5,51.1071,42.0234,42.0234,44.0971,70.4387,112.06483125000001,112.06483125000001,159.8508,90.0468
456,snn,baseline,jetson_emulator,20,local,0.5,51.3041,42.0839,51.3041,52.3901,67.428,112.06483125000001,112.06483125000001,160.9013,90.012
457,snn,baseline,jetson_emulator,20,local,0.5,50.9005,42.3544,50.9005,52.9397,67.5536,112.06483125000001,112.06483125000001,161.0039,90.0557
458,snn,baseline,jetson_emulator,20,offload,0.5,51.3285,42.3387,42.3387,44.0564,70.332,112.06483125000001,112.06483125000001,160.1571,89.9281
459,snn,baseline,jetson_emulator,20,offload,0.5,51.1025,42.2841,42.2841,43.5664,70.3505,112.06483125000001,112.06483125000001,160.2591,90.0571
460,snn,baseline,jetson_emulator,20,local,0.5,52.2625,42.5681,52.2625,54.1997,67.1317,112.06483125000001,112.06483125000001,161.3119,89.9961
461,snn,baseline,jetson_emulator,20,local,0.5,50.9219,42.0874,50.9219,52.5293,67.5469,112.06483125000001,112.06483125000001,161.4146,90.0338
462,snn,baseline,jetson_emulator,20,local,0.5,51.7882,42.0198,51.7882,53.2593,67.278,112.06483125000001,112.06483125000001,161.5173,90.0061
463,snn,baseline,jetson_emulator,20,local,0.5,52.331,42.2928,52.331,53.8762,67.1106,112.06483125000001,112.06483125000001,161.62,90.0055
464,snn,baseline,jetson_emulator,20,offload,0.5,51.5241,43.7377,43.7377,44.8253,69.8625,112.06483125000001,112.06483125000001,160.7695,90.0728
465,snn,baseline,jetson_emulator,20,offload,0.5,51.1123,42.2791,42.2791,44.2987,70.3522,112.06483125000001,112.06483125000001,160.8715,90.0171
466,snn,baseline,jetson_emulator,20,offload,0.5,51.0919,42.8751,42.8751,44.6276,70.1513,112.06483125000001,112.06483125000001,160.9736,90.0385
467,snn,baseline,jetson_emulator,20,offload,0.5,51.1053,42.2943,42.2943,44.4095,70.347,112.06483125000001,112.06483125000001,161.0757,90.0428
468,snn,baseline,jetson_emulator,20,local,0.5,50.9118,43.1456,50.9118,53.0276,67.5501,112.06483125000001,112.06483125000001,162.1333,89.9148
469,snn,baseline,jetson_emulator,20,local,0.5,51.4283,42.1525,51.4283,53.2321,67.3895,112.06483125000001,112.06483125000001,162.236,89.9566
470,snn,baseline,jetson_emulator,20,offload,0.5,50.9946,43.278,43.278,44.6802,70.0161,112.06483125000001,112.06483125000001,161.3819,89.9514
471,snn,baseline,jetson_emulator,20,local,0.5,50.9843,42.3773,50.9843,53.3104,67.5275,112.06483125000001,112.06483125000001,162.4414,89.9603
472,snn,baseline,jetson_emulator,20,local,0.5,51.2412,42.393,51.2412,53.5103,67.4476,112.06483125000001,112.06483125000001,162.544,89.9597
473,snn,baseline,jetson_emulator,20,local,0.5,51.466,43.3149,51.466,53.0756,67.3778,112.06483125000001,112.06483125000001,162.6467,90.0182
474,snn,baseline,jetson_emulator,20,local,0.5,51.4117,42.0786,51.4117,53.731,67.3946,112.06483125000001,112.06483125000001,162.7494,90.0597
475,snn,baseline,jetson_emulator,20,offload,0.5,51.436,42.3329,42.3329,44.3383,70.3339,112.06483125000001,112.06483125000001,161.8922,90.0631
476,snn,baseline,jetson_emulator,20,local,0.5,51.3148,42.4006,51.3148,53.6742,67.4247,112.06483125000001,112.06483125000001,162.9547,90.1066
477,snn,baseline,jetson_emulator,20,offload,0.5,51.8248,42.4695,42.4695,43.91,70.2878,112.06483125000001,112.06483125000001,162.0964,90.0051
478,snn,baseline,jetson_emulator,20,local,0.5,51.1959,42.1563,51.1959,52.9741,67.4616,112.06483125000001,112.06483125000001,163.1601,90.0384
479,snn,baseline,jetson_emulator,20,local,0.5,51.0649,42.2768,51.0649,53.8598,67.5024,112.06483125000001,112.06483125000001,163.2627,89.9975
480,snn,baseline,jetson_emulator,20,local,0.5,51.0028,42.4131,51.0028,52.6908,67.5217,112.06483125000001,112.06483125000001,163.3654,90.0243
481,snn,baseline,jetson_emulator,20,local,0.5,51.2594,43.6605,51.2594,53.0825,67.4419,112.06483125000001,112.06483125000001,163.4681,89.9576
482,snn,baseline,jetson_emulator,20,offload,0.5,52.4786,42.9304,42.9304,44.3141,70.1326,112.06483125000001,112.06483125000001,162.6067,90.0365
483,snn,baseline,jetson_emulator,20,local,0.5,51.6983,43.4686,51.6983,53.0342,67.3058,112.06483125000001,112.06483125000001,163.6734,90.0496
484,snn,baseline,jetson_emulator,20,offload,0.5,51.2953,43.0617,43.0617,45.4261,70.0886,112.06483125000001,112.06483125000001,162.8108,90.0357
485,snn,baseline,jetson_emulator,20,offload,0.5,51.299,42.5782,42.5782,43.8457,70.2512,112.06483125000001,112.06483125000001,162.9129,90.0617
486,snn,baseline,jetson_emulator,20,local,0.5,51.7995,42.9272,51.7995,52.7934,67.2745,112.06483125000001,112.06483125000001,163.9815,89.9706
487,snn,baseline,jetson_emulator,20,offload,0.5,51.3447,42.6811,42.6811,43.5354,70.2165,112.06483125000001,112.06483125000001,163.117,90.0519
488,snn,baseline,jetson_emulator,20,local,0.5,51.5847,42.8855,51.5847,54.377,67.341,112.06483125000001,112.06483125000001,164.1868,90.0172
489,snn,baseline,jetson_emulator,20,offload,0.5,51.2414,43.4988,43.4988,46.0792,69.9422,112.06483125000001,112.06483125000001,163.3212,90.0824
490,snn,baseline,jetson_emulator,20,local,0.5,52.111,43.073,52.111,53.8259,67.1784,112.06483125000001,112.06483125000001,164.3922,90.0133
491,snn,baseline,jetson_emulator,20,offload,0.5,51.4725,43.1295,43.1295,44.7131,70.0659,112.06483125000001,112.06483125000001,163.5253,90.0166
492,snn,baseline,jetson_emulator,20,local,0.5,51.4206,42.9207,51.4206,53.6738,67.3919,112.06483125000001,112.06483125000001,164.5975,90.0455
493,snn,baseline,jetson_emulator,20,local,0.5,52.3572,42.6693,52.3572,54.5407,67.1026,112.06483125000001,112.06483125000001,164.7002,89.954
494,snn,baseline,jetson_emulator,20,offload,0.5,51.5722,42.7701,42.7701,43.9771,70.1866,112.06483125000001,112.06483125000001,163.8315,89.9957
495,snn,baseline,jetson_emulator,20,local,0.5,51.8179,42.5474,51.8179,52.8866,67.2689,112.06483125000001,112.06483125000001,164.9055,89.9491
496,snn,baseline,jetson_emulator,20,local,0.5,51.5666,42.5572,51.5666,53.4148,67.3466,112.06483125000001,112.06483125000001,165.0082,89.9127
497,snn,baseline,jetson_emulator,20,local,0.5,51.7858,43.1734,51.7858,53.2554,67.2788,112.06483125000001,112.06483125000001,165.1109,89.9949
498,snn,baseline,jetson_emulator,20,offload,0.5,51.6386,43.8726,43.8726,45.8772,69.8176,112.06483125000001,112.06483125000001,164.2398,89.9988
499,snn,baseline,jetson_emulator,20,local,0.5,52.0892,43.1346,52.0892,54.2568,67.1851,112.06483125000001,112.06483125000001,165.3162,90.0402
500,snn,baseline,jetson_emulator,20,local,0.5,52.3285,42.9644,52.3285,53.6465,67.1114,112.06483125000001,112.06483125000001,165.4189,89.9601
501,snn,baseline,jetson_emulator,20,offload,0.5,52.0151,43.1187,43.1187,44.9144,70.0695,112.06483125000001,112.06483125000001,164.546,89.9698
502,snn,baseline,jetson_emulator,20,offload,0.5,53.6092,43.2081,43.2081,44.6476,70.0395,112.06483125000001,112.06483125000001,164.6481,90.007
503,snn,baseline,jetson_emulator,20,local,0.5,51.8662,42.9501,51.8662,53.4071,67.2539,112.06483125000001,112.06483125000001,165.7269,90.0254
504,snn,baseline,jetson_emulator,20,local,0.5,52.1914,43.0984,52.1914,53.8543,67.1536,112.06483125000001,112.06483125000001,165.8296,89.9863
505,snn,baseline,jetson_emulator,20,local,0.5,52.2283,43.2025,52.2283,54.2359,67.1422,112.06483125000001,112.06483125000001,165.9323,90.0172
506,snn,baseline,jetson_emulator,20,local,0.5,52.0737,43.8879,52.0737,54.1191,67.1899,112.06483125000001,112.06483125000001,166.0349,89.925
507,snn,baseline,jetson_emulator,20,local,0.5,53.0095,44.0528,53.0095,54.9771,66.9026,112.06483125000001,112.06483125000001,166.1376,90.0732
508,snn,baseline,jetson_emulator,20,local,0.5,51.9338,43.2626,51.9338,54.3395,67.233,112.06483125000001,112.06483125000001,166.2403,89.8681
509,snn,baseline,jetson_emulator,20,offload,0.5,52.6491,43.6736,43.6736,45.0997,69.8839,112.06483125000001,112.06483125000001,165.3626,89.9857
510,snn,baseline,jetson_emulator,20,local,0.5,52.1941,43.1741,52.1941,54.3604,67.1528,112.06483125000001,112.06483125000001,166.4456,90.0135
511,snn,baseline,jetson_emulator,20,local,0.5,52.7072,44.9113,52.7072,54.1879,66.9951,112.06483125000001,112.06483125000001,166.5483,90.0153
512,snn,baseline,jetson_emulator,20,offload,0.5,52.3382,43.8737,43.8737,45.5821,69.8172,112.06483125000001,112.06483125000001,165.6688,89.9939
513,snn,baseline,jetson_emulator,20,offload,0.5,52.338,43.6405,43.6405,45.5612,69.8949,112.06483125000001,112.06483125000001,165.7708,90.0553
514,snn,baseline,jetson_emulator,20,offload,0.5,52.6422,43.8863,43.8863,46.6528,69.813,112.06483125000001,112.06483125000001,165.8729,89.9362
515,snn,baseline,jetson_emulator,20,local,0.5,52.6327,44.2532,52.6327,54.5994,67.018,112.06483125000001,112.06483125000001,166.959,89.9251
516,snn,baseline,jetson_emulator,20,local,0.5,52.4363,43.5928,52.4363,53.9444,67.0783,112.06483125000001,112.06483125000001,167.0617,90.0279
517,snn,baseline,jetson_emulator,20,local,0.5,52.4598,44.426,52.4598,53.6619,67.071,112.06483125000001,112.06483125000001,167.1644,89.9842
518,snn,baseline,jetson_emulator,20,local,0.5,53.1332,43.5202,53.1332,54.7025,66.8648,112.06483125000001,112.06483125000001,167.267,89.9609
519,snn,baseline,jetson_emulator,20,offload,0.5,52.9969,43.4558,43.4558,45.6701,69.9566,112.06483125000001,112.06483125000001,166.3832,89.9658
520,snn,baseline,jetson_emulator,20,local,0.5,52.837,43.9558,52.837,54.6316,66.9553,112.06483125000001,112.06483125000001,167.4724,90.0056
521,snn,baseline,jetson_emulator,20,local,0.5,52.8183,44.5157,52.8183,54.3038,66.9611,112.06483125000001,112.06483125000001,167.575,90.0902
522,snn,baseline,jetson_emulator,20,local,0.5,52.7225,44.4246,52.7225,55.2914,66.9904,112.06483125000001,112.06483125000001,167.6777,90.0734
523,snn,baseline,jetson_emulator,20,offload,0.5,53.0001,44.2292,44.2292,45.9551,69.699,112.06483125000001,112.06483125000001,166.7915,90.0354
524,snn,baseline,jetson_emulator,20,local,0.5,54.0964,43.9649,54.0964,55.7761,66.5719,112.06483125000001,112.06483125000001,167.8831,90.0412
525,snn,baseline,jetson_emulator,20,local,0.5,53.4014,43.8997,53.4014,55.1857,66.783,112.06483125000001,112.06483125000001,167.9857,90.0691
526,snn,baseline,jetson_emulator,20,local,0.5,53.4653,44.2632,53.4653,55.9745,66.7635,112.06483125000001,112.06483125000001,168.0884,90.0767
527,snn,baseline,jetson_emulator,20,local,0.5,53.6371,43.888,53.6371,54.9899,66.7112,112.06483125000001,112.06483125000001,168.1911,90.1212
528,snn,baseline,jetson_emulator,20,local,0.5,53.5564,44.2912,53.5564,55.7406,66.7358,112.06483125000001,112.06483125000001,168.2938,89.9491
529,snn,baseline,jetson_emulator,20,offload,0.5,53.2509,45.0029,45.0029,47.3085,69.4433,112.06483125000001,112.06483125000001,167.4039,90.0184
530,snn,baseline,jetson_emulator,20,offload,0.5,53.393,44.9947,44.9947,46.2424,69.4459,112.06483125000001,112.06483125000001,167.506,90.0461
531,snn,baseline,jetson_emulator,20,local,0.5,53.795,44.2494,53.795,55.3507,66.6633,112.06483125000001,112.06483125000001,168.6018,90.072
532,snn,baseline,jetson_emulator,20,local,0.5,53.7987,44.7834,53.7987,55.486,66.6621,112.06483125000001,112.06483125000001,168.7045,89.915
533,snn,baseline,jetson_emulator,20,offload,0.5,53.7977,45.8345,45.8345,48.6042,69.1704,112.06483125000001,112.06483125000001,167.8122,90.0276
534,snn,baseline,jetson_emulator,20,offload,0.5,54.206,44.5079,44.5079,47.2819,69.6067,112.06483125000001,112.06483125000001,167.9143,90.0579
535,snn,baseline,jetson_emulator,20,local,0.5,53.9117,44.5047,53.9117,55.3658,66.6279,112.06483125000001,112.06483125000001,169.0125,90.0199
536,snn,baseline,jetson_emulator,20,offload,0.5,53.8499,44.5339,44.5339,46.7148,69.5981,112.06483125000001,112.06483125000001,168.1184,89.9966
537,snn,baseline,jetson_emulator,20,offload,0.5,54.5937,45.1035,45.1035,46.919,69.4101,112.06483125000001,112.06483125000001,168.2205,90.0198
538,snn,baseline,jetson_emulator,20,offload,0.5,54.2647,44.7785,44.7785,46.4867,69.5172,112.06483125000001,112.06483125000001,168.3225,89.9724
539,snn,baseline,jetson_emulator,20,local,0.5,54.3221,44.7744,54.3221,56.0142,66.5037,112.06483125000001,112.06483125000001,169.4232,89.9769
540,snn,baseline,jetson_emulator,20,local,0.5,54.5339,45.6953,54.5339,56.2163,66.4398,112.06483125000001,112.06483125000001,169.5258,89.958
541,snn,baseline,jetson_emulator,20,offload,0.5,54.3937,44.9299,44.9299,47.0113,69.4673,112.06483125000001,112.06483125000001,168.6287,89.9852
542,snn,baseline,jetson_emulator,20,local,0.5,55.3081,45.5194,55.3081,57.2029,66.2071,112.06483125000001,112.06483125000001,169.7312,89.9965
543,snn,baseline,jetson_emulator,20,offload,0.5,55.2014,44.9928,44.9928,47.1333,69.4466,112.06483125000001,112.06483125000001,168.8329,89.9696
544,snn,baseline,jetson_emulator,20,local,0.5,54.4182,46.2409,54.4182,56.4944,66.4747,112.06483125000001,112.06483125000001,169.9365,89.9891
545,snn,baseline,jetson_emulator,20,offload,0.5,54.7386,45.3424,45.3424,47.0182,69.3316,112.06483125000001,112.06483125000001,169.037,90.0726
546,snn,baseline,jetson_emulator,20,offload,0.5,54.4718,45.0578,45.0578,47.207,69.4252,112.06483125000001,112.06483125000001,169.1391,89.9819
547,snn,baseline,jetson_emulator,20,offload,0.5,54.9984,45.4529,45.4529,46.9739,69.2953,112.06483125000001,112.06483125000001,169.2412,89.9851
548,snn,baseline,jetson_emulator,20,offload,0.5,54.7025,46.5567,46.5567,48.227,68.9352,112.06483125000001,112.06483125000001,169.3432,89.9958
549,snn,baseline,jetson_emulator,20,offload,0.5,55.0684,45.8426,45.8426,48.5785,69.1678,112.06483125000001,112.06483125000001,169.4453,90.0202
550,snn,baseline,jetson_emulator,20,offload,0.5,55.5429,46.6441,46.6441,48.9385,68.9069,112.06483125000001,112.06483125000001,169.5474,90.0145
551,snn,baseline,jetson_emulator,20,offload,0.5,55.1468,46.4385,46.4385,48.2283,68.9736,112.06483125000001,112.06483125000001,169.6494,89.9317
552,snn,baseline,jetson_emulator,20,local,0.5,55.2644,46.5649,55.2644,57.2553,66.2202,112.06483125000001,112.06483125000001,170.7579,89.9438
553,snn,baseline,jetson_emulator,20,offload,0.5,55.4168,46.1675,46.1675,47.6831,69.0618,112.06483125000001,112.06483125000001,169.8536,89.9669
554,snn,baseline,jetson_emulator,20,local,0.5,55.4688,45.5507,55.4688,57.4617,66.1591,112.06483125000001,112.06483125000001,170.9633,90.0465
555,snn,baseline,jetson_emulator,20,offload,0.5,55.4239,46.225,46.225,47.2461,69.0431,112.06483125000001,112.06483125000001,170.0577,90.0525
556,snn,baseline,jetson_emulator,20,offload,0.5,55.2984,46.1123,46.1123,47.0414,69.0797,112.06483125000001,112.06483125000001,170.1598,89.978
557,snn,baseline,jetson_emulator,20,offload,0.5,55.6025,46.1045,46.1045,48.862,69.0823,112.06483125000001,112.06483125000001,170.2618,89.9796
558,snn,baseline,jetson_emulator,20,local,0.5,55.5502,46.6592,55.5502,57.7431,66.1347,112.06483125000001,112.06483125000001,171.374,89.9114
559,snn,baseline,jetson_emulator,20,offload,0.5,56.0097,47.0318,47.0318,48.7547,68.7814,112.06483125000001,112.06483125000001,170.466,90.0864
560,snn,baseline,jetson_emulator,20,offload,0.5,56.8483,47.7555,47.7555,49.9183,68.5483,112.06483125000001,112.06483125000001,170.5681,89.9583
561,snn,baseline,jetson_emulator,20,offload,0.5,55.8001,46.304,46.304,48.1276,69.0173,112.06483125000001,112.06483125000001,170.6701,90.1372
562,snn,baseline,jetson_emulator,20,local,0.5,55.9838,46.1014,55.9838,58.2762,66.0055,112.06483125000001,112.06483125000001,171.7847,90.0354
563,snn,baseline,jetson_emulator,20,local,0.5,55.8892,46.2425,55.8892,57.728,66.0336,112.06483125000001,112.06483125000001,171.8873,89.9842
564,snn,baseline,jetson_emulator,20,offload,0.5,56.3246,46.8457,46.8457,49.4533,68.8416,112.06483125000001,112.06483125000001,170.9763,90.0209
565,snn,baseline,jetson_emulator,20,local,0.5,56.558,46.5725,56.558,58.6054,65.835,112.06483125000001,112.06483125000001,172.0927,89.9607
566,snn,baseline,jetson_emulator,20,offload,0.5,56.3988,47.9245,47.9245,50.2105,68.4941,112.06483125000001,112.06483125000001,171.1805,89.9756
567,snn,baseline,jetson_emulator,20,local,0.5,56.6177,46.9456,56.6177,58.5017,65.8174,112.06483125000001,112.06483125000001,172.298,90.048
568,snn,baseline,jetson_emulator,20,offload,0.5,56.5035,46.768,46.768,47.7352,68.8667,112.06483125000001,112.06483125000001,171.3846,89.926
569,snn,baseline,jetson_emulator,20,local,0.5,57.2194,47.3392,57.2194,58.8366,65.6398,112.06483125000001,112.06483125000001,172.5034,90.0156
570,snn,baseline,jetson_emulator,20,offload,0.5,57.5992,47.1759,47.1759,48.8405,68.7348,112.06483125000001,112.06483125000001,171.5887,90.0332
571,snn,baseline,jetson_emulator,20,local,0.5,56.8908,46.8099,56.8908,58.5735,65.7367,112.06483125000001,112.06483125000001,172.7087,90.0521
572,snn,baseline,jetson_emulator,20,offload,0.5,56.5888,47.4825,47.4825,48.7943,68.636,112.06483125000001,112.06483125000001,171.7929,89.9758
573,snn,baseline,jetson_emulator,20,local,0.5,56.7727,47.2649,56.7727,58.8822,65.7715,112.06483125000001,112.06483125000001,172.9141,90.0302
574,snn,baseline,jetson_emulator,20,offload,0.5,58.1273,46.9253,46.9253,48.8116,68.8158,112.06483125000001,112.06483125000001,171.997,90.0165
575,snn,baseline,jetson_emulator,20,offload,0.5,57.3206,48.0383,48.0383,49.5238,68.4576,112.06483125000001,112.06483125000001,172.0991,90.0397
576,snn,baseline,jetson_emulator,20,offload,0.5,58.107,47.5629,47.5629,49.4803,68.6102,112.06483125000001,112.06483125000001,172.2012,89.8852
577,snn,baseline,jetson_emulator,20,offload,0.5,57.913,47.4111,47.4111,49.0831,68.659,112.06483125000001,112.06483125000001,172.3032,89.9503
578,snn,baseline,jetson_emulator,20,local,0.5,57.5732,47.4864,57.5732,60.119,65.5359,112.06483125000001,112.06483125000001,173.4275,89.9956
579,snn,baseline,jetson_emulator,20,local,0.5,58.3875,47.7084,58.3875,60.4443,65.2979,112.06483125000001,112.06483125000001,173.5301,90.0348
580,snn,baseline,jetson_emulator,20,local,0.5,58.1143,48.42,58.1143,60.2591,65.3775,112.06483125000001,112.06483125000001,173.6328,90.1014
581,snn,baseline,jetson_emulator,20,offload,0.5,57.9901,48.7884,48.7884,50.2288,68.2184,112.06483125000001,112.06483125000001,172.7115,90.0066
582,snn,baseline,jetson_emulator,20,local,0.5,58.0563,47.3986,58.0563,59.7637,65.3945,112.06483125000001,112.06483125000001,173.8381,89.9458
583,snn,baseline,jetson_emulator,20,local,0.5,57.7996,47.9724,57.7996,60.1432,65.4695,112.06483125000001,112.06483125000001,173.9408,90.048
584,snn,baseline,jetson_emulator,20,local,0.5,57.5959,48.3241,57.5959,58.9443,65.5292,112.06483125000001,112.06483125000001,174.0435,89.9838
585,snn,baseline,jetson_emulator,20,local,0.5,58.0361,47.9848,58.0361,60.1235,65.4004,112.06483125000001,112.06483125000001,174.1462,90.0282
586,snn,baseline,jetson_emulator,20,local,0.5,57.7425,47.6601,57.7425,59.9018,65.4862,112.06483125000001,112.06483125000001,174.2488,90.0844
587,snn,baseline,jetson_emulator,20,offload,0.5,57.763,47.8682,47.8682,50.1175,68.5122,112.06483125000001,112.06483125000001,173.3239,90.0064
588,snn,baseline,jetson_emulator,20,local,0.5,58.2334,48.3942,58.2334,59.5492,65.3428,112.06483125000001,112.06483125000001,174.4542,90.0114
589,snn,baseline,jetson_emulator,20,offload,0.5,58.3403,48.7674,48.7674,50.7331,68.2251,112.06483125000001,112.06483125000001,173.528,90.0205
590,snn,baseline,jetson_emulator,20,local,0.5,58.767,47.925,58.767,60.1647,65.1875,112.06483125000001,112.06483125000001,174.6595,90.0729
591,snn,baseline,jetson_emulator,20,offload,0.5,58.6556,50.0152,50.0152,52.3205,67.8307,112.06483125000001,112.06483125000001,173.7322,89.9857
592,snn,baseline,jetson_emulator,20,local,0.5,58.4703,48.6786,58.4703,59.7158,65.2738,112.06483125000001,112.06483125000001,174.8649,89.9979
593,snn,baseline,jetson_emulator,20,local,0.5,58.1711,48.81,58.1711,59.7,65.3609,112.06483125000001,112.06483125000001,174.9676,89.9181
594,snn,baseline,jetson_emulator,20,local,0.5,59.027,48.4924,59.027,60.8943,65.1121,112.06483125000001,112.06483125000001,175.0702,89.999
595,snn,baseline,jetson_emulator,20,local,0.5,58.2785,48.1416,58.2785,60.3294,65.3296,112.06483125000001,112.06483125000001,175.1729,90.0209
596,snn,baseline,jetson_emulator,20,offload,0.5,58.7651,48.6204,48.6204,50.2102,68.2718,112.06483125000001,112.06483125000001,174.2425,89.97
597,snn,baseline,jetson_emulator,20,offload,0.5,58.5999,48.3924,48.3924,49.863,68.3445,112.06483125000001,112.06483125000001,174.3446,90.0616
598,snn,baseline,jetson_emulator,20,offload,0.5,58.8723,48.5321,48.5321,50.2502,68.3,112.06483125000001,112.06483125000001,174.4467,89.9768
599,snn,baseline,jetson_emulator,20,local,0.5,58.9111,49.478,58.9111,60.5542,65.1457,112.06483125000001,112.06483125000001,175.5836,90.0368
600,snn,baseline,jetson_emulator,20,offload,0.5,58.6671,48.5679,48.5679,50.2415,68.2885,112.06483125000001,112.06483125000001,174.6508,90.0465
601,snn,baseline,jetson_emulator,20,local,0.5,58.8456,48.9686,58.8456,61.1,65.1647,112.06483125000001,112.06483125000001,175.789,90.083
602,snn,baseline,jetson_emulator,20,offload,0.5,58.6688,49.2326,49.2326,51.4408,68.0775,112.06483125000001,112.06483125000001,174.8549,89.9222
603,snn,baseline,jetson_emulator,20,offload,0.5,59.2334,48.8215,48.8215,50.7648,68.2079,112.06483125000001,112.06483125000001,174.957,89.9151
604,snn,baseline,jetson_emulator,20,local,0.5,59.066,48.8518,59.066,60.9088,65.1009,112.06483125000001,112.06483125000001,176.097,90.0151
605,snn,baseline,jetson_emulator,20,local,0.5,59.1598,49.2359,59.1598,60.9239,65.0737,112.06483125000001,112.06483125000001,176.1996,90.0135
606,snn,baseline,jetson_emulator,20,local,0.5,58.9747,49.2855,58.9747,60.7607,65.1273,112.06483125000001,112.06483125000001,176.3023,89.9859
607,snn,baseline,jetson_emulator,20,offload,0.5,59.5912,49.628,49.628,51.6995,67.9526,112.06483125000001,112.06483125000001,175.3653,90.0117
608,snn,baseline,jetson_emulator,20,local,0.5,59.155,50.1651,59.155,61.1406,65.0751,112.06483125000001,112.06483125000001,176.5077,90.0306
609,snn,baseline,jetson_emulator,20,offload,0.5,59.0451,49.0831,49.0831,51.2437,68.1248,112.06483125000001,112.06483125000001,175.5694,90.0765
610,snn,baseline,jetson_emulator,20,offload,0.5,59.366,49.9917,49.9917,50.997,67.8381,112.06483125000001,112.06483125000001,175.6715,89.9387
611,snn,baseline,jetson_emulator,20,local,0.5,59.3234,49.3984,59.3234,61.329,65.0264,112.06483125000001,112.06483125000001,176.8157,89.9582
612,snn,baseline,jetson_emulator,20,local,0.5,59.8517,49.5196,59.8517,62.0822,64.8742,112.06483125000001,112.06483125000001,176.9184,90.0368
613,snn,baseline,jetson_emulator,20,offload,0.5,59.765,49.9131,49.9131,51.7374,67.8628,112.06483125000001,112.06483125000001,175.9777,89.9799
614,snn,baseline,jetson_emulator,20,local,0.5,59.5784,49.6026,59.5784,61.4351,64.9529,112.06483125000001,112.06483125000001,177.1237,89.9818
615,snn,baseline,jetson_emulator,20,offload,0.5,60.2621,49.8658,49.8658,51.9306,67.8777,112.06483125000001,112.06483125000001,176.1818,89.9736
616,snn,baseline,jetson_emulator,20,local,0.5,59.5698,49.5615,59.5698,61.2043,64.9554,112.06483125000001,112.06483125000001,177.3291,90.0179
617,snn,baseline,jetson_emulator,20,local,0.5,60.5877,49.8447,60.5877,61.9527,64.6633,112.06483125000001,112.06483125000001,177.4317,89.9859
618,snn,baseline,jetson_emulator,20,local,0.5,60.0268,49.1928,60.0268,61.8945,64.8239,112.06483125000001,112.06483125000001,177.5344,89.9931
619,snn,baseline,jetson_emulator,20,local,0.5,59.7963,49.7604,59.7963,61.0879,64.8901,112.06483125000001,112.06483125000001,177.6371,90.0301
620,snn,baseline,jetson_emulator,20,offload,0.5,59.5898,49.9024,49.9024,51.6432,67.8661,112.06483125000001,112.06483125000001,176.6922,90.0051
621,snn,baseline,jetson_emulator,20,local,0.5,60.5586,49.3432,60.5586,62.2759,64.6717,112.06483125000001,112.06483125000001,177.8424,90.0756
622,snn,baseline,jetson_emulator,20,local,0.5,60.1983,49.9283,60.1983,61.256,64.7747,112.06483125000001,112.06483125000001,177.9451,90.0547
623,snn,baseline,jetson_emulator,20,offload,0.5,59.9936,50.744,50.744,52.5874,67.6024,112.06483125000001,112.06483125000001,176.9984,90.0348
624,snn,baseline,jetson_emulator,20,offload,0.5,60.2197,49.9016,49.9016,51.7367,67.8664,112.06483125000001,112.06483125000001,177.1004,90.0098
625,snn,baseline,jetson_emulator,20,local,0.5,59.9684,49.8862,59.9684,61.2804,64.8407,112.06483125000001,112.06483125000001,178.2531,89.9791
626,snn,baseline,jetson_emulator,20,offload,0.5,59.7413,50.0482,50.0482,51.8991,67.8203,112.06483125000001,112.06483125000001,177.3046,90.0088
627,snn,baseline,jetson_emulator,20,offload,0.5,60.7075,50.3897,50.3897,53.1,67.7132,112.06483125000001,112.06483125000001,177.4067,90.0621
628,snn,baseline,jetson_emulator,20,offload,0.5,60.5316,49.762,49.762,51.056,67.9103,112.06483125000001,112.06483125000001,177.5087,89.9991
629,snn,baseline,jetson_emulator,20,local,0.5,60.1275,49.5979,60.1275,61.6243,64.795,112.06483125000001,112.06483125000001,178.6638,90.0102
630,snn,baseline,jetson_emulator,20,offload,0.5,60.1155,49.9161,49.9161,52.0212,67.8618,112.06483125000001,112.06483125000001,177.7129,89.972
631,snn,baseline,jetson_emulator,20,local,0.5,60.5698,50.1879,60.5698,62.1517,64.6684,112.06483125000001,112.06483125000001,178.8692,89.9976
632,snn,baseline,jetson_emulator,20,local,0.5,60.8304,49.5258,60.8304,62.1664,64.5941,112.06483125000001,112.06483125000001,178.9718,90.0928
633,snn,baseline,jetson_emulator,20,local,0.5,60.4415,49.6288,60.4415,62.3368,64.7051,112.06483125000001,112.06483125000001,179.0745,89.9465
634,snn,baseline,jetson_emulator,20,local,0.5,60.639,49.7469,60.639,61.9559,64.6487,112.06483125000001,112.06483125000001,179.1772,89.959
635,snn,baseline,jetson_emulator,20,local,0.5,60.0643,49.9141,60.0643,61.1845,64.8132,112.06483125000001,112.06483125000001,179.2799,90.0068
636,snn,baseline,jetson_emulator,20,offload,0.5,60.0857,51.2809,51.2809,52.7302,67.4352,112.06483125000001,112.06483125000001,178.3253,89.9926
637,snn,baseline,jetson_emulator,20,offload,0.5,60.167,50.0186,50.0186,51.1807,67.8296,112.06483125000001,112.06483125000001,178.4273,90.0728
638,snn,baseline,jetson_emulator,20,local,0.5,60.8266,50.843,60.8266,62.7769,64.5952,112.06483125000001,112.06483125000001,179.5879,90.0309
639,snn,baseline,jetson_emulator,20,offload,0.5,60.0212,50.3113,50.3113,50.9634,67.7377,112.06483125000001,112.06483125000001,178.6315,89.9114
640,snn,baseline,jetson_emulator,20,offload,0.5,60.4427,50.6511,50.6511,52.3843,67.6314,112.06483125000001,112.06483125000001,178.7335,90.0387
641,snn,baseline,jetson_emulator,20,offload,0.5,60.2419,49.7527,49.7527,52.0285,67.9132,112.06483125000001,112.06483125000001,178.8356,90.0032
642,snn,baseline,jetson_emulator,20,local,0.5,60.0156,50.4949,60.0156,61.6518,64.8271,112.06483125000001,112.06483125000001,179.9986,90.0404
643,snn,baseline,jetson_emulator,20,offload,0.5,60.3494,50.5613,50.5613,52.8433,67.6595,112.06483125000001,112.06483125000001,179.0398,90.011
644,snn,baseline,jetson_emulator,20,offload,0.5,60.3996,49.9974,49.9974,51.5366,67.8362,112.06483125000001,112.06483125000001,179.1418,89.9147
645,snn,baseline,jetson_emulator,20,local,0.5,60.6732,50.1184,60.6732,63.5919,64.6389,112.06483125000001,112.06483125000001,180.3066,89.9733
646,snn,baseline,jetson_emulator,20,local,0.5,60.3671,50.5975,60.3671,61.6022,64.7264,112.06483125000001,112.06483125000001,180.4093,90.0005
647,snn,baseline,jetson_emulator,20,offload,0.5,60.1227,49.6113,49.6113,51.8698,67.9578,112.06483125000001,112.06483125000001,179.448,90.009
648,snn,baseline,jetson_emulator,20,local,0.5,60.8916,50.0423,60.8916,62.9451,64.5767,112.06483125000001,112.06483125000001,180.6146,89.963
649,snn,baseline,jetson_emulator,20,local,0.5,60.4968,49.8297,60.4968,62.8614,64.6893,112.06483125000001,112.06483125000001,180.7173,89.983
650,snn,baseline,jetson_emulator,20,offload,0.5,60.452,50.3918,50.3918,52.2654,67.7125,112.06483125000001,112.06483125000001,179.7542,90.0231
651,snn,baseline,jetson_emulator,20,local,0.5,60.622,50.2609,60.622,62.6988,64.6535,112.06483125000001,112.06483125000001,180.9226,89.9727
652,snn,baseline,jetson_emulator,20,offload,0.5,60.6371,50.1991,50.1991,51.7241,67.7729,112.06483125000001,112.06483125000001,179.9584,90.0528
653,snn,baseline,jetson_emulator,20,local,0.5,60.1665,50.0293,60.1665,61.2297,64.7839,112.06483125000001,112.06483125000001,181.128,89.968
654,snn,baseline,jetson_emulator,20,offload,0.5,59.9351,50.4396,50.4396,52.5899,67.6976,112.06483125000001,112.06483125000001,180.1625,90.0274
655,snn,baseline,jetson_emulator,20,local,0.5,60.0933,49.6256,60.0933,61.4011,64.8048,112.06483125000001,112.06483125000001,181.3333,90.0204
656,snn,baseline,jetson_emulator,20,local,0.5,60.0965,50.4498,60.0965,62.021,64.8039,112.06483125000001,112.06483125000001,181.436,89.9334
657,snn,baseline,jetson_emulator,20,offload,0.5,60.5966,49.9349,49.9349,52.0056,67.8559,112.06483125000001,112.06483125000001,180.4687,90.0169
658,snn,baseline,jetson_emulator,20,local,0.5,60.2548,49.8703,60.2548,62.6884,64.7586,112.06483125000001,112.06483125000001,181.6414,90.0264
659,snn,baseline,jetson_emulator,20,offload,0.5,59.9702,49.4887,49.4887,50.4305,67.9965,112.06483125000001,112.06483125000001,180.6728,90.0226
660,snn,baseline,jetson_emulator,20,local,0.5,60.1535,50.4166,60.1535,62.0098,64.7876,112.06483125000001,112.06483125000001,181.8467,90.002
661,snn,baseline,jetson_emulator,20,local,0.5,60.6845,49.5995,60.6845,62.6901,64.6357,112.06483125000001,112.06483125000001,181.9494,90.024
662,snn,baseline,jetson_emulator,20,local,0.5,59.9985,49.5261,59.9985,61.0985,64.8321,112.06483125000001,112.06483125000001,182.0521,89.9532
663,snn,baseline,jetson_emulator,20,local,0.5,60.2184,49.91,60.2184,61.3915,64.769,112.06483125000001,112.06483125000001,182.1547,90.0934
664,snn,baseline,jetson_emulator,20,local,0.5,59.9696,49.5853,59.9696,61.6957,64.8403,112.06483125000001,112.06483125000001,182.2574,90.0272
665,snn,baseline,jetson_emulator,20,offload,0.5,60.3869,50.4015,50.4015,52.1209,67.7095,112.06483125000001,112.06483125000001,181.2853,90.0106
666,snn,baseline,jetson_emulator,20,local,0.5,60.4647,49.372,60.4647,62.6753,64.6985,112.06483125000001,112.06483125000001,182.4627,89.9597
667,snn,baseline,jetson_emulator,20,offload,0.5,60.0234,50.0298,50.0298,50.9854,67.8261,112.06483125000001,112.06483125000001,181.4894,90.0326
668,snn,baseline,jetson_emulator,20,local,0.5,59.7889,49.8075,59.7889,61.3881,64.8923,112.06483125000001,112.06483125000001,182.6681,89.9958
669,snn,baseline,jetson_emulator,20,local,0.5,59.9598,50.133,59.9598,61.9221,64.8432,112.06483125000001,112.06483125000001,182.7708,90.0947
670,snn,baseline,jetson_emulator,20,offload,0.5,60.4656,49.4864,49.4864,51.9727,67.9972,112.06483125000001,112.06483125000001,181.7956,90.0302
671,snn,baseline,jetson_emulator,20,local,0.5,60.6685,49.3947,60.6685,62.4001,64.6403,112.06483125000001,112.06483125000001,182.9761,90.0803
672,snn,baseline,jetson_emulator,20,local,0.5,59.8174,49.9808,59.8174,60.5427,64.8841,112.06483125000001,112.06483125000001,183.0788,90.0242
673,snn,baseline,jetson_emulator,20,local,0.5,60.1041,49.3887,60.1041,61.6591,64.8018,112.06483125000001,112.06483125000001,183.1815,89.9746
674,snn,baseline,jetson_emulator,20,local,0.5,60.158,50.4278,60.158,62.5403,64.7863,112.06483125000001,112.06483125000001,183.2841,90.0254
675,snn,baseline,jetson_emulator,20,local,0.5,59.8468,51.4058,59.8468,61.5297,64.8756,112.06483125000001,112.06483125000001,183.3868,90.0407
676,snn,baseline,jetson_emulator,20,local,0.5,60.2855,49.7039,60.2855,62.4159,64.7498,112.06483125000001,112.06483125000001,183.4895,89.9885
677,snn,baseline,jetson_emulator,20,local,0.5,59.6308,50.5706,59.6308,61.9629,64.9378,112.06483125000001,112.06483125000001,183.5922,89.9236
678,snn,baseline,jetson_emulator,20,local,0.5,59.4522,49.7794,59.4522,62.0091,64.9893,112.06483125000001,112.06483125000001,183.6948,90.0169
679,snn,baseline,jetson_emulator,20,local,0.5,60.0914,50.3882,60.0914,61.3782,64.8054,112.06483125000001,112.06483125000001,183.7975,89.9923
680,snn,baseline,jetson_emulator,20,local,0.5,59.3523,49.8905,59.3523,61.9656,65.0181,112.06483125000001,112.06483125000001,183.9002,90.0528
681,snn,baseline,jetson_emulator,20,local,0.5,60.2456,50.7625,60.2456,62.7338,64.7612,112.06483125000001,112.06483125000001,184.0029,89.9624
682,snn,baseline,jetson_emulator,20,local,0.5,59.3711,49.5401,59.3711,61.5515,65.0127,112.06483125000001,112.06483125000001,184.1055,89.9864
683,snn,baseline,jetson_emulator,20,local,0.5,59.4668,49.3609,59.4668,61.3268,64.9851,112.06483125000001,112.06483125000001,184.2082,89.9974
684,snn,baseline,jetson_emulator,20,offload,0.5,60.2176,49.9936,49.9936,52.4255,67.8374,112.06483125000001,112.06483125000001,183.2246,89.9807
685,snn,baseline,jetson_emulator,20,offload,0.5,59.1346,48.8581,48.8581,51.3181,68.1962,112.06483125000001,112.06483125000001,183.3266,90.0538
686,snn,baseline,jetson_emulator,20,local,0.5,59.9432,48.8402,59.9432,61.8298,64.8479,112.06483125000001,112.06483125000001,184.5162,89.9622
687,snn,baseline,jetson_emulator,20,local,0.5,59.3882,48.9107,59.3882,61.0856,65.0077,112.06483125000001,112.06483125000001,184.6189,89.9868
688,snn,baseline,jetson_emulator,20,local,0.5,59.5022,49.6742,59.5022,62.7601,64.9748,112.06483125000001,112.06483125000001,184.7216,90.0555
689,snn,baseline,jetson_emulator,20,offload,0.5,58.872,49.5816,49.5816,51.9843,67.9672,112.06483125000001,112.06483125000001,183.7349,89.93
690,snn,baseline,jetson_emulator,20,local,0.5,59.0953,49.4089,59.0953,60.7069,65.0924,112.06483125000001,112.06483125000001,184.9269,90.0043
691,snn,baseline,jetson_emulator,20,offload,0.5,60.1553,48.8046,48.8046,50.6827,68.2133,112.06483125000001,112.06483125000001,183.939,90.0541
692,snn,baseline,jetson_emulator,20,local,0.5,59.5573,49.2464,59.5573,61.3464,64.959,112.06483125000001,112.06483125000001,185.1323,89.9098
693,snn,baseline,jetson_emulator,20,local,0.5,59.9817,50.2146,59.9817,61.7681,64.8369,112.06483125000001,112.06483125000001,185.2349,90.0164
694,snn,baseline,jetson_emulator,20,local,0.5,58.6459,48.6157,58.6459,60.4554,65.2227,112.06483125000001,112.06483125000001,185.3376,90.0531
695,snn,baseline,jetson_emulator,20,local,0.5,58.8113,48.7394,58.8113,60.6388,65.1747,112.06483125000001,112.06483125000001,185.4403,90.0124
696,snn,baseline,jetson_emulator,20,local,0.5,58.7515,48.631,58.7515,60.8896,65.192,112.06483125000001,112.06483125000001,185.543,89.9569
697,snn,baseline,jetson_emulator,20,offload,0.5,58.6526,49.7913,49.7913,51.6006,67.9011,112.06483125000001,112.06483125000001,184.5515,89.9761
698,snn,baseline,jetson_emulator,20,local,0.5,59.1077,49.1811,59.1077,61.2273,65.0888,112.06483125000001,112.06483125000001,185.7483,89.9512
699,snn,baseline,jetson_emulator,20,offload,0.5,58.4628,49.4046,49.4046,51.5523,68.0231,112.06483125000001,112.06483125000001,184.7556,90.0189
700,snn,baseline,jetson_emulator,20,local,0.5,58.6318,49.3897,58.6318,59.6741,65.2268,112.06483125000001,112.06483125000001,185.9537,90.0384
701,snn,baseline,jetson_emulator,20,offload,0.5,58.6067,49.2761,49.2761,51.345,68.0637,112.06483125000001,112.06483125000001,184.9597,89.8957
702,snn,baseline,jetson_emulator,20,offload,0.5,58.3671,48.7325,48.7325,50.5559,68.2362,112.06483125000001,112.06483125000001,185.0618,90.0487
703,snn,baseline,jetson_emulator,20,local,0.5,58.249,49.2119,58.249,60.2371,65.3382,112.06483125000001,112.06483125000001,186.2617,90.0112
704,snn,baseline,jetson_emulator,20,local,0.5,59.2389,49.3621,59.2389,61.406,65.0508,112.06483125000001,112.06483125000001,186.3644,89.9355
705,snn,baseline,jetson_emulator,20,local,0.5,58.3292,48.9333,58.3292,59.6755,65.3148,112.06483125000001,112.06483125000001,186.467,89.8837
706,snn,baseline,jetson_emulator,20,local,0.5,58.1739,48.1075,58.1739,59.8638,65.3601,112.06483125000001,112.06483125000001,186.5697,90.0122
707,snn,baseline,jetson_emulator,20,local,0.5,58.78,49.4808,58.78,60.32,65.1838,112.06483125000001,112.06483125000001,186.6724,90.0713
708,snn,baseline,jetson_emulator,20,offload,0.5,58.4392,48.6393,48.6393,50.6445,68.2658,112.06483125000001,112.06483125000001,185.6742,89.937
709,snn,baseline,jetson_emulator,20,local,0.5,58.5616,48.4718,58.5616,60.787,65.2472,112.06483125000001,112.06483125000001,186.8777,90.0406
710,snn,baseline,jetson_emulator,20,local,0.5,59.2139,48.4002,59.2139,61.0894,65.0581,112.06483125000001,112.06483125000001,186.9804,89.9413
711,snn,baseline,jetson_emulator,20,local,0.5,57.8193,48.0593,57.8193,59.0209,65.4638,112.06483125000001,112.06483125000001,187.0831,89.9879
712,snn,baseline,jetson_emulator,20,offload,0.5,58.1415,48.4817,48.4817,50.1231,68.316,112.06483125000001,112.06483125000001,186.0825,89.985
713,snn,baseline,jetson_emulator,20,offload,0.5,57.7396,49.916,49.916,52.1581,67.8618,112.06483125000001,112.06483125000001,186.1846,90.03
714,snn,baseline,jetson_emulator,20,offload,0.5,58.4263,47.9896,47.9896,50.0363,68.4732,112.06483125000001,112.06483125000001,186.2866,89.9669
715,snn,baseline,jetson_emulator,20,local,0.5,57.7273,49.5293,57.7273,60.1306,65.4907,112.06483125000001,112.06483125000001,187.4938,89.9269
716,snn,baseline,jetson_emulator,20,offload,0.5,57.7338,50.2808,50.2808,51.7473,67.7473,112.06483125000001,112.06483125000001,186.4908,90.0186
717,snn,baseline,jetson_emulator,20,offload,0.5,58.4016,48.3856,48.3856,49.7081,68.3467,112.06483125000001,112.06483125000001,186.5928,89.9468
718,snn,baseline,jetson_emulator,20,local,0.5,57.7319,47.903,57.7319,59.4946,65.4893,112.06483125000001,112.06483125000001,187.8018,89.9827
719,snn,baseline,jetson_emulator,20,local,0.5,57.6071,47.8415,57.6071,60.025,65.5259,112.06483125000001,112.06483125000001,187.9045,90.0773
720,snn,baseline,jetson_emulator,20,offload,0.5,57.9818,47.7785,47.7785,49.8103,68.5409,112.06483125000001,112.06483125000001,186.899,89.9935
721,snn,baseline,jetson_emulator,20,local,0.5,57.5166,49.0328,57.5166,59.0454,65.5525,112.06483125000001,112.06483125000001,188.1098,90.014
722,snn,baseline,jetson_emulator,20,local,0.5,58.394,48.1182,58.394,60.6379,65.296,112.06483125000001,112.06483125000001,188.2125,89.9248
723,snn,baseline,jetson_emulator,20,local,0.5,58.1627,48.5323,58.1627,59.5473,65.3634,112.06483125000001,112.06483125000001,188.3152,90.0712
724,snn,baseline,jetson_emulator,20,offload,0.5,57.3239,47.4433,47.4433,48.1528,68.6486,112.06483125000001,112.06483125000001,187.3073,89.9945
725,snn,baseline,jetson_emulator,20,local,0.5,58.3129,47.7924,58.3129,60.4012,65.3196,112.06483125000001,112.06483125000001,188.5205,90.0449
726,snn,baseline,jetson_emulator,20,local,0.5,57.523,48.4162,57.523,59.764,65.5506,112.06483125000001,112.06483125000001,188.6232,89.969
727,snn,baseline,jetson_emulator,20,local,0.5,57.6903,48.4,57.6903,59.4118,65.5015,112.06483125000001,112.06483125000001,188.7258,90.0139
728,snn,baseline,jetson_emulator,20,local,0.5,58.3522,47.983,58.3522,60.4495,65.3082,112.06483125000001,112.06483125000001,188.8285,90.0282
729,snn,baseline,jetson_emulator,20,offload,0.5,57.1902,48.2754,48.2754,50.4234,68.3819,112.06483125000001,112.06483125000001,187.8177,89.9421
730,snn,baseline,jetson_emulator,20,local,0.5,58.2743,47.4298,58.2743,59.6194,65.3308,112.06483125000001,112.06483125000001,189.0339,89.9895
731,snn,baseline,jetson_emulator,20,offload,0.5,57.2806,47.8889,47.8889,49.6222,68.5055,112.06483125000001,112.06483125000001,188.0218,89.9509
732,snn,baseline,jetson_emulator,20,offload,0.5,57.0399,47.613,47.613,49.1848,68.5941,112.06483125000001,112.06483125000001,188.1239,90.0428
733,snn,baseline,jetson_emulator,20,offload,0.5,58.2961,47.9192,47.9192,50.1642,68.4958,112.06483125000001,112.06483125000001,188.2259,90.0145
734,snn,baseline,jetson_emulator,20,local,0.5,56.9933,47.749,56.9933,58.9696,65.7064,112.06483125000001,112.06483125000001,189.4446,90.0206
735,snn,baseline,jetson_emulator,20,local,0.5,57.4231,48.3982,57.4231,59.9809,65.5799,112.06483125000001,112.06483125000001,189.5472,90.0185
736,snn,baseline,jetson_emulator,20,local,0.5,57.396,48.6349,57.396,58.4991,65.5879,112.06483125000001,112.06483125000001,189.6499,89.9401
737,snn,baseline,jetson_emulator,20,local,0.5,57.2591,47.5498,57.2591,58.8873,65.6282,112.06483125000001,112.06483125000001,189.7526,89.9982
738,snn,baseline,jetson_emulator,20,offload,0.5,56.8791,47.1441,47.1441,48.7159,68.7451,112.06483125000001,112.06483125000001,188.7363,89.988
739,snn,baseline,jetson_emulator,20,local,0.5,57.6565,47.2806,57.6565,58.7129,65.5114,112.06483125000001,112.06483125000001,189.9579,90.1387
740,snn,baseline,jetson_emulator,20,local,0.5,57.3623,47.6471,57.3623,58.4993,65.5978,112.06483125000001,112.06483125000001,190.0606,89.9885
741,snn,baseline,jetson_emulator,20,offload,0.5,57.7291,47.9765,47.9765,49.8768,68.4774,112.06483125000001,112.06483125000001,189.0425,89.9947
742,snn,baseline,jetson_emulator,20,offload,0.5,57.1398,47.0955,47.0955,48.9698,68.7608,112.06483125000001,112.06483125000001,189.1445,89.999
743,snn,baseline,jetson_emulator,20,offload,0.5,56.7521,46.8493,46.8493,48.9863,68.8404,112.06483125000001,112.06483125000001,189.2466,90.0676
744,snn,baseline,jetson_emulator,20,local,0.5,57.2595,47.7402,57.2595,59.1909,65.628,112.06483125000001,112.06483125000001,190.4713,90.0416
745,snn,baseline,jetson_emulator,20,offload,0.5,57.4763,47.1808,47.1808,49.3339,68.7332,112.06483125000001,112.06483125000001,189.4508,89.9453
746,snn,baseline,jetson_emulator,20,local,0.5,57.3795,47.1365,57.3795,59.3879,65.5928,112.06483125000001,112.06483125000001,190.6767,89.8979
747,snn,baseline,jetson_emulator,20,offload,0.5,57.4189,47.4487,47.4487,49.0509,68.6469,112.06483125000001,112.06483125000001,189.6549,89.9723
748,snn,baseline,jetson_emulator,20,offload,0.5,57.3171,47.4466,47.4466,48.8938,68.6476,112.06483125000001,112.06483125000001,189.757,90.0427
749,snn,baseline,jetson_emulator,20,local,0.5,57.5274,47.8939,57.5274,59.0776,65.5493,112.06483125000001,112.06483125000001,190.9847,90.0027
750,snn,baseline,jetson_emulator,20,local,0.5,56.9713,46.895,56.9713,58.7397,65.7129,112.06483125000001,112.06483125000001,191.0873,90.0034
751,snn,baseline,jetson_emulator,20,offload,0.5,56.8701,48.1368,48.1368,50.5274,68.4261,112.06483125000001,112.06483125000001,190.0632,90.0764
752,snn,baseline,jetson_emulator,20,local,0.5,56.6779,47.2313,56.6779,58.3932,65.7996,112.06483125000001,112.06483125000001,191.2927,90.0306
753,snn,baseline,jetson_emulator,20,offload,0.5,56.5537,47.1718,47.1718,48.2405,68.7361,112.06483125000001,112.06483125000001,190.2673,89.9451
754,snn,baseline,jetson_emulator,20,local,0.5,57.141,47.1297,57.141,59.4515,65.6629,112.06483125000001,112.06483125000001,191.498,89.9709
755,snn,baseline,jetson_emulator,20,offload,0.5,57.0226,47.2146,47.2146,49.4835,68.7223,112.06483125000001,112.06483125000001,190.4714,90.0088
756,snn,baseline,jetson_emulator,20,offload,0.5,57.2158,47.0527,47.0527,48.6807,68.7746,112.06483125000001,112.06483125000001,190.5735,89.919
757,snn,baseline,jetson_emulator,20,local,0.5,57.314,46.9918,57.314,58.8623,65.612,112.06483125000001,112.06483125000001,191.8061,90.0836
758,snn,baseline,jetson_emulator,20,offload,0.5,56.7762,47.2428,47.2428,49.0998,68.7132,112.06483125000001,112.06483125000001,190.7776,90.0389
759,snn,baseline,jetson_emulator,20,local,0.5,57.0798,46.7055,57.0798,58.895,65.6809,112.06483125000001,112.06483125000001,192.0114,90.0296
760,snn,baseline,jetson_emulator,20,local,0.5,57.1374,47.1821,57.1374,58.3393,65.664,112.06483125000001,112.06483125000001,192.1141,89.9929
761,snn,baseline,jetson_emulator,20,offload,0.5,56.6451,47.4457,47.4457,49.164,68.6479,112.06483125000001,112.06483125000001,191.0839,90.0104
762,snn,baseline,jetson_emulator,20,local,0.5,57.2791,46.7781,57.2791,59.1587,65.6223,112.06483125000001,112.06483125000001,192.3194,90.1086
763,snn,baseline,jetson_emulator,20,local,0.5,57.1827,48.5366,57.1827,58.2713,65.6506,112.06483125000001,112.06483125000001,192.4221,90.0204
764,snn,baseline,jetson_emulator,20,offload,0.5,56.9956,47.0782,47.0782,48.2637,68.7663,112.06483125000001,112.06483125000001,191.3901,89.9915
765,snn,baseline,jetson_emulator,20,local,0.5,56.9253,48.0018,56.9253,58.8718,65.7265,112.06483125000001,112.06483125000001,192.6275,90.0294
766,snn,baseline,jetson_emulator,20,local,0.5,56.9727,46.7842,56.9727,57.9906,65.7125,112.06483125000001,112.06483125000001,192.7301,90.0342
767,snn,baseline,jetson_emulator,20,offload,0.5,57.2009,46.8756,46.8756,48.623,68.8318,112.06483125000001,112.06483125000001,191.6963,89.9838
768,snn,baseline,jetson_emulator,20,offload,0.5,56.9592,47.1744,47.1744,49.6041,68.7353,112.06483125000001,112.06483125000001,191.7983,89.9737
769,snn,baseline,jetson_emulator,20,offload,0.5,56.6977,46.9005,46.9005,48.5262,68.8238,112.06483125000001,112.06483125000001,191.9004,89.9733
770,snn,baseline,jetson_emulator,20,local,0.5,57.1437,46.9998,57.1437,59.3843,65.6621,112.06483125000001,112.06483125000001,193.1408,89.9489
771,snn,baseline,jetson_emulator,20,local,0.5,57.088,47.2281,57.088,59.2902,65.6785,112.06483125000001,112.06483125000001,193.2435,89.9921
772,snn,baseline,jetson_emulator,20,offload,0.5,56.7326,48.9945,48.9945,50.5234,68.1529,112.06483125000001,112.06483125000001,192.2066,90.0115
773,snn,baseline,jetson_emulator,20,local,0.5,57.0162,47.4242,57.0162,58.4691,65.6997,112.06483125000001,112.06483125000001,193.4488,89.9718
774,snn,baseline,jetson_emulator,20,local,0.5,57.1352,47.5295,57.1352,58.9575,65.6646,112.06483125000001,112.06483125000001,193.5515,90.0298
775,snn,baseline,jetson_emulator,20,local,0.5,56.8857,47.2307,56.8857,57.8039,65.7382,112.06483125000001,112.06483125000001,193.6542,89.9919
776,snn,baseline,jetson_emulator,20,offload,0.5,57.814,47.3069,47.3069,48.335,68.6926,112.06483125000001,112.06483125000001,192.6149,89.9703
777,snn,baseline,jetson_emulator,20,local,0.5,57.4912,47.0022,57.4912,59.9463,65.5599,112.06483125000001,112.06483125000001,193.8595,89.9888
778,snn,baseline,jetson_emulator,20,local,0.5,56.9734,47.9779,56.9734,59.0499,65.7123,112.06483125000001,112.06483125000001,193.9622,89.992
779,snn,baseline,jetson_emulator,20,offload,0.5,56.9214,47.2132,47.2132,48.0184,68.7228,112.06483125000001,112.06483125000001,192.9211,90.0522
780,snn,baseline,jetson_emulator,20,offload,0.5,57.131,47.5974,47.5974,49.3146,68.5991,112.06483125000001,112.06483125000001,193.0232,89.9836
781,snn,baseline,jetson_emulator,20,local,0.5,57.3074,47.2939,57.3074,58.8328,65.6139,112.06483125000001,112.06483125000001,194.2702,89.99
782,snn,baseline,jetson_emulator,20,offload,0.5,57.9194,47.2784,47.2784,48.2945,68.7018,112.06483125000001,112.06483125000001,193.2273,90.0203
783,snn,baseline,jetson_emulator,20,offload,0.5,57.103,47.3536,47.3536,49.1837,68.6775,112.06483125000001,112.06483125000001,193.3294,89.9052
784,snn,baseline,jetson_emulator,20,offload,0.5,57.5978,48.1145,48.1145,49.6957,68.4333,112.06483125000001,112.06483125000001,193.4314,90.0324
785,snn,baseline,jetson_emulator,20,local,0.5,57.2279,48.9461,57.2279,59.1325,65.6373,112.06483125000001,112.06483125000001,194.6809,89.9751
786,snn,baseline,jetson_emulator,20,offload,0.5,57.7004,48.5151,48.5151,51.0831,68.3054,112.06483125000001,112.06483125000001,193.6356,90.0482
787,snn,baseline,jetson_emulator,20,local,0.5,57.7655,48.2203,57.7655,59.4637,65.4795,112.06483125000001,112.06483125000001,194.8863,89.9055
788,snn,baseline,jetson_emulator,20,offload,0.5,57.5987,50.0636,50.0636,51.8205,67.8154,112.06483125000001,112.06483125000001,193.8397,90.0
789,snn,baseline,jetson_emulator,20,local,0.5,57.5099,47.5456,57.5099,58.463,65.5544,112.06483125000001,112.06483125000001,195.0916,90.011
790,snn,baseline,jetson_emulator,20,local,0.5,57.6215,48.6627,57.6215,59.6331,65.5217,112.06483125000001,112.06483125000001,195.1943,89.9938
791,snn,baseline,jetson_emulator,20,local,0.5,58.1692,47.9562,58.1692,59.6182,65.3615,112.06483125000001,112.06483125000001,195.297,89.9691
792,snn,baseline,jetson_emulator,20,local,0.5,58.2098,48.6833,58.2098,59.2865,65.3497,112.06483125000001,112.06483125000001,195.3996,89.9282
793,snn,baseline,jetson_emulator,20,local,0.5,57.6215,48.4338,57.6215,59.3468,65.5217,112.06483125000001,112.06483125000001,195.5023,90.0189
794,snn,baseline,jetson_emulator,20,offload,0.5,57.6169,47.9779,47.9779,48.5209,68.477,112.06483125000001,112.06483125000001,194.4521,90.0045
795,snn,baseline,jetson_emulator,20,offload,0.5,57.8083,48.2498,48.2498,49.3808,68.39,112.06483125000001,112.06483125000001,194.5542,89.9481
796,snn,baseline,jetson_emulator,20,local,0.5,57.8732,48.7961,57.8732,59.4058,65.448,112.06483125000001,112.06483125000001,195.8103,90.0996
797,snn,baseline,jetson_emulator,20,offload,0.5,58.2624,48.2176,48.2176,50.3462,68.4003,112.06483125000001,112.06483125000001,194.7583,89.9999
798,snn,baseline,jetson_emulator,20,offload,0.5,59.0969,48.5279,48.5279,51.4376,68.3013,112.06483125000001,112.06483125000001,194.8604,90.054
799,snn,baseline,jetson_emulator,20,offload,0.5,58.6129,48.2981,48.2981,50.4857,68.3746,112.06483125000001,112.06483125000001,194.9625,89.9804
800,snn,baseline,jetson_emulator,20,offload,0.5,58.1172,48.8953,48.8953,50.2409,68.1844,112.06483125000001,112.06483125000001,195.0645,90.0019
801,snn,baseline,jetson_emulator,20,offload,0.5,58.6492,48.0537,48.0537,49.5659,68.4527,112.06483125000001,112.06483125000001,195.1666,90.0851
802,snn,baseline,jetson_emulator,20,offload,0.5,58.6228,48.8763,48.8763,50.8949,68.1905,112.06483125000001,112.06483125000001,195.2687,89.9401
803,snn,baseline,jetson_emulator,20,offload,0.5,59.0204,48.2324,48.2324,50.1742,68.3956,112.06483125000001,112.06483125000001,195.3707,89.9657
804,snn,baseline,jetson_emulator,20,local,0.5,59.236,49.1121,59.236,61.2193,65.0517,112.06483125000001,112.06483125000001,196.6317,90.0336
805,snn,baseline,jetson_emulator,20,local,0.5,59.6581,49.0312,59.6581,61.538,64.9299,112.06483125000001,112.06483125000001,196.7344,89.9945
806,snn,baseline,jetson_emulator,20,offload,0.5,58.651,49.0436,49.0436,51.1456,68.1374,112.06483125000001,112.06483125000001,195.6769,90.0444
807,snn,baseline,jetson_emulator,20,offload,0.5,58.5489,49.8973,49.8973,51.7184,67.8677,112.06483125000001,112.06483125000001,195.779,89.9763
808,snn,baseline,jetson_emulator,20,offload,0.5,59.2718,48.8264,48.8264,50.8216,68.2063,112.06483125000001,112.06483125000001,195.8811,90.0888
809,snn,baseline,jetson_emulator,20,local,0.5,59.2678,49.5262,59.2678,60.8381,65.0425,112.06483125000001,112.06483125000001,197.1451,89.9984
810,snn,baseline,jetson_emulator,20,offload,0.5,59.2159,49.0336,49.0336,51.1563,68.1405,112.06483125000001,112.06483125000001,196.0852,89.9757
811,snn,baseline,jetson_emulator,20,offload,0.5,59.1404,48.9133,48.9133,51.1389,68.1787,112.06483125000001,112.06483125000001,196.1873,89.9949
812,snn,baseline,jetson_emulator,20,offload,0.5,59.34,50.7768,50.7768,53.4719,67.5922,112.06483125000001,112.06483125000001,196.2894,89.9354
813,snn,baseline,jetson_emulator,20,offload,0.5,59.8057,49.8179,49.8179,51.4714,67.8927,112.06483125000001,112.06483125000001,196.3914,90.0535
814,snn,baseline,jetson_emulator,20,offload,0.5,59.1873,49.4079,49.4079,50.8716,68.0221,112.06483125000001,112.06483125000001,196.4935,89.9516
815,snn,baseline,jetson_emulator,20,offload,0.5,60.3362,49.0996,49.0996,51.7146,68.1196,112.06483125000001,112.06483125000001,196.5956,89.983
816,snn,baseline,jetson_emulator,20,offload,0.5,60.5106,49.6948,49.6948,51.5847,67.9315,112.06483125000001,112.06483125000001,196.6976,90.0175
817,snn,baseline,jetson_emulator,20,offload,0.5,59.5353,49.4921,49.4921,51.6198,67.9954,112.06483125000001,112.06483125000001,196.7997,89.9862
818,snn,baseline,jetson_emulator,20,offload,0.5,59.9135,49.8151,49.8151,51.4646,67.8936,112.06483125000001,112.06483125000001,196.9018,90.0451
819,snn,baseline,jetson_emulator,20,offload,0.5,59.7067,49.6534,49.6534,51.4286,67.9445,112.06483125000001,112.06483125000001,197.0038,90.0653
820,snn,baseline,jetson_emulator,20,offload,0.5,60.9219,50.8914,50.8914,52.4549,67.5564,112.06483125000001,112.06483125000001,197.1059,90.0187
821,snn,baseline,jetson_emulator,20,offload,0.5,60.0718,49.5748,49.5748,51.5153,67.9693,112.06483125000001,112.06483125000001,197.208,90.0583
822,snn,baseline,jetson_emulator,20,local,0.5,60.2026,49.6675,60.2026,62.3293,64.7735,112.06483125000001,112.06483125000001,198.4799,90.0359
823,snn,baseline,jetson_emulator,20,offload,0.5,60.6524,50.5838,50.5838,52.5547,67.6524,112.06483125000001,112.06483125000001,197.4121,89.9671
824,snn,baseline,jetson_emulator,20,offload,0.5,60.3419,50.3405,50.3405,52.2804,67.7286,112.06483125000001,112.06483125000001,197.5142,89.9963
825,snn,baseline,jetson_emulator,20,local,0.5,60.9965,50.2906,60.9965,62.5136,64.5468,112.06483125000001,112.06483125000001,198.7879,89.9181
826,snn,baseline,jetson_emulator,20,local,0.5,60.4657,50.8642,60.4657,61.9495,64.6982,112.06483125000001,112.06483125000001,198.8906,90.0302
827,snn,baseline,jetson_emulator,20,offload,0.5,60.5177,50.291,50.291,51.6914,67.7441,112.06483125000001,112.06483125000001,197.8204,89.985
828,snn,baseline,jetson_emulator,20,local,0.5,60.8831,51.6079,60.8831,62.5231,64.5791,112.06483125000001,112.06483125000001,199.0959,90.0218
829,snn,baseline,jetson_emulator,20,offload,0.5,61.0542,50.5301,50.5301,52.2231,67.6692,112.06483125000001,112.06483125000001,198.0245,90.0484
830,snn,baseline,jetson_emulator,20,local,0.5,61.4981,50.7495,61.4981,63.0405,64.4044,112.06483125000001,112.06483125000001,199.3013,90.026
831,snn,baseline,jetson_emulator,20,local,0.5,61.0017,50.5251,61.0017,62.3892,64.5453,112.06483125000001,112.06483125000001,199.4039,89.9563
832,snn,baseline,jetson_emulator,20,offload,0.5,61.5626,51.3492,51.3492,53.3143,67.414,112.06483125000001,112.06483125000001,198.3307,89.9796
833,snn,baseline,jetson_emulator,20,local,0.5,61.535,51.3649,61.535,62.1611,64.3939,112.06483125000001,112.06483125000001,199.6093,90.0189
834,snn,baseline,jetson_emulator,20,offload,0.5,61.6169,51.402,51.402,53.2565,67.3976,112.06483125000001,112.06483125000001,198.5349,89.9574
835,snn,baseline,jetson_emulator,20,local,0.5,62.0738,51.1182,62.0738,62.7961,64.2417,112.06483125000001,112.06483125000001,199.8146,90.024
836,snn,baseline,jetson_emulator,20,offload,0.5,61.6327,51.3279,51.3279,54.1368,67.4206,112.06483125000001,112.06483125000001,198.739,89.9787
837,snn,baseline,jetson_emulator,20,local,0.5,62.5513,51.4041,62.5513,64.5397,64.1074,112.06483125000001,112.06483125000001,200.02,89.9925
838,snn,baseline,jetson_emulator,20,local,0.5,62.4037,51.5103,62.4037,64.4485,64.1488,112.06483125000001,112.06483125000001,200.1226,89.943
839,snn,baseline,jetson_emulator,20,local,0.5,62.5611,51.9346,62.5611,64.5183,64.1046,112.06483125000001,112.06483125000001,200.2253,89.9952
840,snn,baseline,jetson_emulator,20,local,0.5,62.037,51.7309,62.037,64.1835,64.2521,112.06483125000001,112.06483125000001,200.328,89.9554
841,snn,baseline,jetson_emulator,20,offload,0.5,62.1647,52.2219,52.2219,54.4429,67.1442,112.06483125000001,112.06483125000001,199.2493,90.0365
842,snn,baseline,jetson_emulator,20,local,0.5,63.2681,52.214,63.2681,64.8057,63.9068,112.06483125000001,112.06483125000001,200.5333,89.9837
843,snn,baseline,jetson_emulator,20,offload,0.5,62.8311,51.8462,51.8462,53.2515,67.2601,112.06483125000001,112.06483125000001,199.4535,89.9192
844,snn,baseline,jetson_emulator,20,offload,0.5,63.6232,52.039,52.039,53.0639,67.2006,112.06483125000001,112.06483125000001,199.5555,89.9314
845,snn,baseline,jetson_emulator,20,offload,0.5,62.8351,52.6084,52.6084,54.9204,67.0254,112.06483125000001,112.06483125000001,199.6576,89.9276
846,snn,baseline,jetson_emulator,20,local,0.5,63.1091,53.3728,63.1091,65.259,63.9512,112.06483125000001,112.06483125000001,200.944,89.9654
847,snn,baseline,jetson_emulator,20,local,0.5,62.9563,53.126,62.9563,65.299,63.9939,112.06483125000001,112.06483125000001,201.0467,90.0298
848,snn,baseline,jetson_emulator,20,offload,0.5,63.0446,53.7257,53.7257,55.6995,66.6843,112.06483125000001,112.06483125000001,199.9638,89.9213
849,snn,baseline,jetson_emulator,20,local,0.5,63.4662,52.7166,63.4662,65.9446,63.8516,112.06483125000001,112.06483125000001,201.2521,90.0389
850,snn,baseline,jetson_emulator,20,local,0.5,64.1334,52.8133,64.1334,66.5138,63.6663,112.06483125000001,112.06483125000001,201.3547,89.9253
851,snn,baseline,jetson_emulator,20,local,0.5,64.2523,53.131,64.2523,65.7066,63.6334,112.06483125000001,112.06483125000001,201.4574,90.066
852,snn,baseline,jetson_emulator,20,local,0.5,63.6076,52.901,63.6076,64.9717,63.8122,112.06483125000001,112.06483125000001,201.5601,89.9677
853,snn,baseline,jetson_emulator,20,local,0.5,63.8603,52.8203,63.8603,66.2673,63.742,112.06483125000001,112.06483125000001,201.6627,90.0163
854,snn,baseline,jetson_emulator,20,local,0.5,64.0938,53.7547,64.0938,65.7356,63.6773,112.06483125000001,112.06483125000001,201.7654,89.9888
855,snn,baseline,jetson_emulator,20,local,0.5,64.1777,53.9539,64.1777,66.5405,63.6541,112.06483125000001,112.06483125000001,201.8681,90.0582
856,snn,baseline,jetson_emulator,20,offload,0.5,64.3502,53.297,53.297,55.3544,66.8148,112.06483125000001,112.06483125000001,200.7804,89.984
857,snn,baseline,jetson_emulator,20,local,0.5,64.2031,53.9806,64.2031,65.6154,63.647,112.06483125000001,112.06483125000001,202.0734,90.0477
858,snn,baseline,jetson_emulator,20,offload,0.5,64.653,53.5662,53.5662,55.6417,66.7328,112.06483125000001,112.06483125000001,200.9845,90.0142
859,snn,baseline,jetson_emulator,20,offload,0.5,64.5115,53.3354,53.3354,55.3276,66.8031,112.06483125000001,112.06483125000001,201.0866,89.9428
860,snn,baseline,jetson_emulator,20,local,0.5,64.9519,53.9462,64.9519,66.7575,63.4405,112.06483125000001,112.06483125000001,202.3815,90.0353
861,snn,baseline,jetson_emulator,20,offload,0.5,65.4634,54.5138,54.5138,56.2745,66.4458,112.06483125000001,112.06483125000001,201.2907,90.0154
862,snn,baseline,jetson_emulator,20,offload,0.5,65.5122,53.5983,53.5983,55.5409,66.723,112.06483125000001,112.06483125000001,201.3928,89.9763
863,snn,baseline,jetson_emulator,20,local,0.5,64.9285,53.7146,64.9285,66.573,63.447,112.06483125000001,112.06483125000001,202.6895,89.9929
864,snn,baseline,jetson_emulator,20,local,0.5,66.114,54.5333,66.114,68.2854,63.1227,112.06483125000001,112.06483125000001,202.7922,90.0448
865,snn,baseline,jetson_emulator,20,local,0.5,65.2383,54.007,65.2383,67.0826,63.3619,112.06483125000001,112.06483125000001,202.8948,89.9326
866,snn,baseline,jetson_emulator,20,local,0.5,65.4477,54.4893,65.4477,67.8044,63.3045,112.06483125000001,112.06483125000001,202.9975,90.0078
867,snn,baseline,jetson_emulator,20,local,0.5,66.23,54.5942,66.23,68.1376,63.0911,112.06483125000001,112.06483125000001,203.1002,90.1234
868,snn,baseline,jetson_emulator,20,local,0.5,65.5532,54.2179,65.5532,67.7979,63.2757,112.06483125000001,112.06483125000001,203.2029,90.0166
869,snn,baseline,jetson_emulator,20,local,0.5,66.1567,56.2972,66.1567,67.276,63.1111,112.06483125000001,112.06483125000001,203.3055,89.988
870,snn,baseline,jetson_emulator,20,offload,0.5,66.338,55.3153,55.3153,57.0187,66.205,112.06483125000001,112.06483125000001,202.2093,90.0231
871,snn,baseline,jetson_emulator,20,offload,0.5,66.8518,55.1096,55.1096,57.4994,66.2666,112.06483125000001,112.06483125000001,202.3114,90.0203
872,snn,baseline,jetson_emulator,20,offload,0.5,66.2786,56.1455,56.1455,57.934,65.9574,112.06483125000001,112.06483125000001,202.4135,90.034
873,snn,baseline,jetson_emulator,20,offload,0.5,66.4743,55.0261,55.0261,56.7473,66.2917,112.06483125000001,112.06483125000001,202.5155,90.0287
874,snn,baseline,jetson_emulator,20,offload,0.5,67.3029,55.7997,55.7997,58.3048,66.0603,112.06483125000001,112.06483125000001,202.6176,89.9626
875,snn,baseline,jetson_emulator,20,offload,0.5,67.3463,55.9395,55.9395,57.5237,66.0187,112.06483125000001,112.06483125000001,202.7197,90.0525
876,snn,baseline,jetson_emulator,20,offload,0.5,67.5234,56.5508,56.5508,58.2218,65.8372,112.06483125000001,112.06483125000001,202.8217,90.017
877,snn,baseline,jetson_emulator,20,local,0.5,66.7605,57.643,66.7605,68.8068,62.9472,112.06483125000001,112.06483125000001,204.1269,89.9869
878,snn,baseline,jetson_emulator,20,offload,0.5,66.7397,55.3885,55.3885,56.7548,66.1831,112.06483125000001,112.06483125000001,203.0259,90.0041
879,snn,baseline,jetson_emulator,20,offload,0.5,66.8594,56.206,56.206,58.7368,65.9394,112.06483125000001,112.06483125000001,203.128,90.0568
880,snn,baseline,jetson_emulator,20,offload,0.5,67.4196,56.5223,56.5223,58.449,65.8456,112.06483125000001,112.06483125000001,203.23,90.0301
881,snn,baseline,jetson_emulator,20,local,0.5,67.9262,56.1111,67.9262,69.6271,62.6333,112.06483125000001,112.06483125000001,204.5376,89.9382
882,snn,baseline,jetson_emulator,20,offload,0.5,67.5392,56.0984,56.0984,57.5369,65.9714,112.06483125000001,112.06483125000001,203.4342,90.0304
883,snn,baseline,jetson_emulator,20,offload,0.5,67.9475,56.4405,56.4405,57.7996,65.8698,112.06483125000001,112.06483125000001,203.5362,90.1457
884,snn,baseline,jetson_emulator,20,local,0.5,68.2994,57.6571,68.2994,69.5935,62.5335,112.06483125000001,112.06483125000001,204.8456,89.9462
885,snn,baseline,jetson_emulator,20,local,0.5,68.2769,55.8321,68.2769,70.2488,62.5395,112.06483125000001,112.06483125000001,204.9483,89.9244
886,snn,baseline,jetson_emulator,20,local,0.5,68.0082,56.4172,68.0082,70.3891,62.6113,112.06483125000001,112.06483125000001,205.051,89.9989
887,snn,baseline,jetson_emulator,20,local,0.5,67.661,57.5725,67.661,70.2874,62.7045,112.06483125000001,112.06483125000001,205.1537,89.9527
888,snn,baseline,jetson_emulator,20,offload,0.5,68.2744,57.678,57.678,60.2427,65.5052,112.06483125000001,112.06483125000001,204.0466,89.958
889,snn,baseline,jetson_emulator,20,local,0.5,68.155,56.172,68.155,70.2204,62.5721,112.06483125000001,112.06483125000001,205.359,89.9061
890,snn,baseline,jetson_emulator,20,offload,0.5,68.7496,56.3388,56.3388,57.9322,65.9,112.06483125000001,112.06483125000001,204.2507,89.9749
891,snn,baseline,jetson_emulator,20,local,0.5,68.3953,56.4341,68.3953,71.2087,62.5079,112.06483125000001,112.06483125000001,205.5644,89.9535
892,snn,baseline,jetson_emulator,20,local,0.5,68.6265,57.1682,68.6265,70.4085,62.4462,112.06483125000001,112.06483125000001,205.667,90.0136
893,snn,baseline,jetson_emulator,20,local,0.5,69.1632,56.8146,69.1632,71.0726,62.3036,112.06483125000001,112.06483125000001,205.7697,89.9994
894,snn,baseline,jetson_emulator,20,local,0.5,68.8659,58.0946,68.8659,71.4239,62.3825,112.06483125000001,112.06483125000001,205.8724,90.0157
895,snn,baseline,jetson_emulator,20,offload,0.5,68.5305,56.89,56.89,59.0226,65.7369,112.06483125000001,112.06483125000001,204.761,90.014
896,snn,baseline,jetson_emulator,20,offload,0.5,70.6965,57.1787,57.1787,58.8887,65.6518,112.06483125000001,112.06483125000001,204.8631,90.0302
897,snn,baseline,jetson_emulator,20,local,0.5,69.2119,57.3967,69.2119,70.7889,62.2907,112.06483125000001,112.06483125000001,206.1804,90.0112
898,snn,baseline,jetson_emulator,20,offload,0.5,69.3262,56.8475,56.8475,58.2813,65.7494,112.06483125000001,112.06483125000001,205.0673,89.9788
899,snn,baseline,jetson_emulator,20,offload,0.5,69.4085,57.8629,57.8629,59.8769,65.451,112.06483125000001,112.06483125000001,205.1693,89.9257
900,snn,baseline,jetson_emulator,20,offload,0.5,69.704,57.5824,57.5824,59.4471,65.5332,112.06483125000001,112.06483125000001,205.2714,89.9924
901,snn,baseline,jetson_emulator,20,offload,0.5,69.001,57.1344,57.1344,58.6216,65.6648,112.06483125000001,112.06483125000001,205.3735,89.9981
902,snn,baseline,jetson_emulator,20,offload,0.5,69.7592,58.1531,58.1531,59.5941,65.3662,112.06483125000001,112.06483125000001,205.4755,90.1008
903,snn,baseline,jetson_emulator,20,offload,0.5,69.5885,58.1808,58.1808,60.4592,65.3581,112.06483125000001,112.06483125000001,205.5776,90.0159
904,snn,baseline,jetson_emulator,20,local,0.5,69.8737,57.4007,69.8737,71.3539,62.1158,112.06483125000001,112.06483125000001,206.8991,90.0869
905,snn,baseline,jetson_emulator,20,local,0.5,69.6021,57.6592,69.6021,71.371,62.1875,112.06483125000001,112.06483125000001,207.0018,89.9573
906,snn,baseline,jetson_emulator,20,local,0.5,69.9588,58.4788,69.9588,71.0011,62.0934,112.06483125000001,112.06483125000001,207.1045,90.0704
907,snn,baseline,jetson_emulator,20,local,0.5,69.6705,58.7698,69.6705,71.5545,62.1694,112.06483125000001,112.06483125000001,207.2071,89.9529
908,snn,baseline,jetson_emulator,20,offload,0.5,69.7607,57.9795,57.9795,59.4203,65.4169,112.06483125000001,112.06483125000001,206.0879,90.0069
909,snn,baseline,jetson_emulator,20,offload,0.5,70.9169,57.5859,57.5859,59.4685,65.5321,112.06483125000001,112.06483125000001,206.19,89.987
910,snn,baseline,jetson_emulator,20,local,0.5,70.3292,57.6413,70.3292,71.1787,61.996,112.06483125000001,112.06483125000001,207.5152,90.1099
911,snn,baseline,jetson_emulator,20,offload,0.5,69.8799,58.6831,58.6831,60.6373,65.2119,112.06483125000001,112.06483125000001,206.3941,89.9647
912,snn,baseline,jetson_emulator,20,local,0.5,69.8586,58.2215,69.8586,71.585,62.1198,112.06483125000001,112.06483125000001,207.7205,90.1149
913,snn,baseline,jetson_emulator,20,local,0.5,70.1791,57.8403,70.1791,71.9885,62.0354,112.06483125000001,112.06483125000001,207.8232,89.9509
914,snn,baseline,jetson_emulator,20,local,0.5,70.9312,58.1499,70.9312,73.4199,61.8384,112.06483125000001,112.06483125000001,207.9258,90.0079
915,snn,baseline,jetson_emulator,20,offload,0.5,70.2778,59.496,59.496,61.3331,64.9766,112.06483125000001,112.06483125000001,206.8024,90.0938
916,snn,baseline,jetson_emulator,20,local,0.5,70.4834,58.4258,70.4834,72.2184,61.9555,112.06483125000001,112.06483125000001,208.1312,89.9554
917,snn,baseline,jetson_emulator,20,offload,0.5,70.7891,58.2894,58.2894,59.8283,65.3265,112.06483125000001,112.06483125000001,207.0066,90.0514
918,snn,baseline,jetson_emulator,20,local,0.5,71.3374,59.7222,71.3374,73.0766,61.7325,112.06483125000001,112.06483125000001,208.3365,89.9699
919,snn,baseline,jetson_emulator,20,local,0.5,70.3687,58.2262,70.3687,72.3006,61.9856,112.06483125000001,112.06483125000001,208.4392,90.0608
920,snn,baseline,jetson_emulator,20,local,0.5,70.7595,58.5864,70.7595,72.8073,61.8833,112.06483125000001,112.06483125000001,208.5419,90.0123
921,snn,baseline,jetson_emulator,20,offload,0.5,71.3789,58.377,58.377,60.1836,65.3009,112.06483125000001,112.06483125000001,207.4148,89.9681
922,snn,baseline,jetson_emulator,20,local,0.5,70.5667,58.5849,70.5667,72.6565,61.9337,112.06483125000001,112.06483125000001,208.7472,90.1016
923,snn,baseline,jetson_emulator,20,local,0.5,70.6924,58.76,70.6924,72.454,61.9008,112.06483125000001,112.06483125000001,208.8499,90.0295
924,snn,baseline,jetson_emulator,20,local,0.5,70.6547,58.4008,70.6547,72.152,61.9107,112.06483125000001,112.06483125000001,208.9526,89.8481
925,snn,baseline,jetson_emulator,20,local,0.5,70.9693,58.7882,70.9693,72.3473,61.8284,112.06483125000001,112.06483125000001,209.0553,90.0364
926,snn,baseline,jetson_emulator,20,offload,0.5,70.763,59.2117,59.2117,61.015,65.0587,112.06483125000001,112.06483125000001,207.9252,89.9692
927,snn,baseline,jetson_emulator,20,local,0.5,71.3345,59.6699,71.3345,72.7109,61.7332,112.06483125000001,112.06483125000001,209.2606,90.0786
928,snn,baseline,jetson_emulator,20,local,0.5,70.8084,58.6415,70.8084,72.3989,61.8705,112.06483125000001,112.06483125000001,209.3633,90.0078
929,snn,baseline,jetson_emulator,20,local,0.5,71.1656,59.0526,71.1656,72.3743,61.7772,112.06483125000001,112.06483125000001,209.466,89.9003
930,snn,baseline,jetson_emulator,20,local,0.5,71.0996,58.6907,71.0996,73.0599,61.7944,112.06483125000001,112.06483125000001,209.5686,90.0241
931,snn,baseline,jetson_emulator,20,local,0.5,71.6285,58.8212,71.6285,73.4934,61.6568,112.06483125000001,112.06483125000001,209.6713,90.0926
932,snn,baseline,jetson_emulator,20,offload,0.5,71.4052,59.3471,59.3471,61.5228,65.0196,112.06483125000001,112.06483125000001,208.5376,89.9246
933,snn,baseline,jetson_emulator,20,offload,0.5,71.1659,60.3317,60.3317,62.5704,64.7365,112.06483125000001,112.06483125000001,208.6397,89.9694
934,snn,baseline,jetson_emulator,20,offload,0.5,71.3184,59.8188,59.8188,61.0226,64.8837,112.06483125000001,112.06483125000001,208.7417,90.0589
935,snn,baseline,jetson_emulator,20,offload,0.5,71.369,59.5006,59.5006,61.7243,64.9753,112.06483125000001,112.06483125000001,208.8438,90.0744
936,snn,baseline,jetson_emulator,20,local,0.5,71.4943,60.0145,71.4943,73.5621,61.6916,112.06483125000001,112.06483125000001,210.1847,89.9031
937,snn,baseline,jetson_emulator,20,offload,0.5,71.2068,59.1898,59.1898,60.8617,65.0651,112.06483125000001,112.06483125000001,209.0479,90.0413
938,snn,baseline,jetson_emulator,20,local,0.5,71.5636,59.4054,71.5636,73.8579,61.6736,112.06483125000001,112.06483125000001,210.39,89.9815
939,snn,baseline,jetson_emulator,20,local,0.5,72.8625,60.2627,72.8625,74.59,61.338,112.06483125000001,112.06483125000001,210.4927,90.0503
940,snn,baseline,jetson_emulator,20,local,0.5,71.2734,59.8666,71.2734,73.4277,61.7491,112.06483125000001,112.06483125000001,210.5954,90.0017
941,snn,baseline,jetson_emulator,20,offload,0.5,71.9319,59.2489,59.2489,60.9281,65.048,112.06483125000001,112.06483125000001,209.4562,89.9857
942,snn,baseline,jetson_emulator,20,local,0.5,71.6859,59.162,71.6859,73.166,61.6419,112.06483125000001,112.06483125000001,210.8007,89.9467
943,snn,baseline,jetson_emulator,20,offload,0.5,71.9793,60.0077,60.0077,61.5613,64.8294,112.06483125000001,112.06483125000001,209.6603,90.1088
944,snn,baseline,jetson_emulator,20,local,0.5,71.4161,59.392,71.4161,73.6994,61.712,112.06483125000001,112.06483125000001,211.0061,90.0341
945,snn,baseline,jetson_emulator,20,local,0.5,71.6454,59.0175,71.6454,73.3835,61.6524,112.06483125000001,112.06483125000001,211.1087,90.0779
946,snn,baseline,jetson_emulator,20,offload,0.5,71.4878,59.2163,59.2163,61.6696,65.0574,112.06483125000001,112.06483125000001,209.9666,89.9588
947,snn,baseline,jetson_emulator,20,offload,0.5,71.5561,59.4217,59.4217,61.3646,64.9981,112.06483125000001,112.06483125000001,210.0686,90.0259
948,snn,baseline,jetson_emulator,20,local,0.5,71.5609,59.165,71.5609,73.8204,61.6743,112.06483125000001,112.06483125000001,211.4168,89.9917
949,snn,baseline,jetson_emulator,20,local,0.5,71.312,60.2643,71.312,72.623,61.7391,112.06483125000001,112.06483125000001,211.5194,89.9987
950,snn,baseline,jetson_emulator,20,local,0.5,71.5593,59.1667,71.5593,73.4873,61.6747,112.06483125000001,112.06483125000001,211.6221,90.0014
951,snn,baseline,jetson_emulator,20,offload,0.5,71.4845,59.3428,59.3428,61.2639,65.0209,112.06483125000001,112.06483125000001,210.4769,89.9509
952,snn,baseline,jetson_emulator,20,local,0.5,71.8469,60.2496,71.8469,73.3843,61.6001,112.06483125000001,112.06483125000001,211.8275,89.967
953,snn,baseline,jetson_emulator,20,offload,0.5,72.024,60.1309,60.1309,61.6005,64.7941,112.06483125000001,112.06483125000001,210.681,90.0017
954,snn,baseline,jetson_emulator,20,offload,0.5,71.3499,59.3915,59.3915,60.9814,65.0068,112.06483125000001,112.06483125000001,210.7831,89.9858
955,snn,baseline,jetson_emulator,20,local,0.5,71.3091,60.9237,71.3091,72.3015,61.7398,112.06483125000001,112.06483125000001,212.1355,90.0185
956,snn,baseline,jetson_emulator,20,offload,0.5,71.3888,59.5708,59.5708,61.5125,64.9551,112.06483125000001,112.06483125000001,210.9872,90.0408
957,snn,baseline,jetson_emulator,20,local,0.5,72.292,59.4943,72.292,74.1129,61.485,112.06483125000001,112.06483125000001,212.3408,90.0824
958,snn,baseline,jetson_emulator,20,offload,0.5,71.6282,59.6285,59.6285,61.2393,64.9384,112.06483125000001,112.06483125000001,211.1914,90.0335
959,snn,baseline,jetson_emulator,20,local,0.5,71.6534,59.3835,71.6534,73.332,61.6503,112.06483125000001,112.06483125000001,212.5462,90.0223
960,snn,baseline,jetson_emulator,20,offload,0.5,72.0213,59.3494,59.3494,60.7763,65.0189,112.06483125000001,112.06483125000001,211.3955,90.0045
961,snn,baseline,jetson_emulator,20,local,0.5,71.3342,59.2461,71.3342,72.8483,61.7333,112.06483125000001,112.06483125000001,212.7515,90.0168
962,snn,baseline,jetson_emulator,20,offload,0.5,71.3744,58.9411,58.9411,60.549,65.137,112.06483125000001,112.06483125000001,211.5996,90.0512
963,snn,baseline,jetson_emulator,20,offload,0.5,71.3862,59.2493,59.2493,60.9869,65.0478,112.06483125000001,112.06483125000001,211.7017,89.9582
964,snn,baseline,jetson_emulator,20,offload,0.5,71.9933,59.0632,59.0632,60.8291,65.1017,112.06483125000001,112.06483125000001,211.8038,90.0397
965,snn,baseline,jetson_emulator,20,offload,0.5,72.1072,58.9333,58.9333,61.1994,65.1393,112.06483125000001,112.06483125000001,211.9059,89.905
966,snn,baseline,jetson_emulator,20,local,0.5,72.6563,59.2331,72.6563,74.8455,61.3911,112.06483125000001,112.06483125000001,213.2649,90.016
967,snn,baseline,jetson_emulator,20,local,0.5,71.3517,58.9668,71.3517,73.1596,61.7287,112.06483125000001,112.06483125000001,213.3676,90.0826
968,snn,baseline,jetson_emulator,20,local,0.5,71.2561,59.1265,71.2561,73.2379,61.7536,112.06483125000001,112.06483125000001,213.4702,90.0315
969,snn,baseline,jetson_emulator,20,local,0.5,71.8831,59.8345,71.8831,73.3158,61.5907,112.06483125000001,112.06483125000001,213.5729,89.9428
970,snn,baseline,jetson_emulator,20,local,0.5,71.1684,59.0745,71.1684,73.1799,61.7765,112.06483125000001,112.06483125000001,213.6756,89.957
971,snn,baseline,jetson_emulator,20,local,0.5,71.511,59.5409,71.511,74.033,61.6873,112.06483125000001,112.06483125000001,213.7783,90.0207
972,snn,baseline,jetson_emulator,20,local,0.5,71.0671,59.4728,71.0671,73.2929,61.8029,112.06483125000001,112.06483125000001,213.8809,90.0067
973,snn,baseline,jetson_emulator,20,local,0.5,71.2899,59.9293,71.2899,72.8484,61.7448,112.06483125000001,112.06483125000001,213.9836,90.0356
974,snn,baseline,jetson_emulator,20,offload,0.5,71.0741,59.2978,59.2978,61.8861,65.0338,112.06483125000001,112.06483125000001,212.8245,90.0554
975,snn,baseline,jetson_emulator,20,offload,0.5,72.8893,58.7439,58.7439,60.0678,65.1942,112.06483125000001,112.06483125000001,212.9265,90.0321
976,snn,baseline,jetson_emulator,20,local,0.5,71.2297,59.7338,71.2297,73.1967,61.7605,112.06483125000001,112.06483125000001,214.2916,90.0484
977,snn,baseline,jetson_emulator,20,local,0.5,71.0057,59.6006,71.0057,72.9733,61.8189,112.06483125000001,112.06483125000001,214.3943,90.0646
978,snn,baseline,jetson_emulator,20,local,0.5,71.0801,59.1955,71.0801,72.2367,61.7995,112.06483125000001,112.06483125000001,214.497,90.0451
979,snn,baseline,jetson_emulator,20,offload,0.5,70.9005,58.8614,58.8614,60.3491,65.1601,112.06483125000001,112.06483125000001,213.3348,90.0306
980,snn,baseline,jetson_emulator,20,offload,0.5,71.1628,59.1624,59.1624,60.3599,65.073,112.06483125000001,112.06483125000001,213.4369,89.9881
981,snn,baseline,jetson_emulator,20,offload,0.5,70.9883,59.7355,59.7355,61.6281,64.9076,112.06483125000001,112.06483125000001,213.539,89.938
982,snn,baseline,jetson_emulator,20,local,0.5,72.4801,60.4996,72.4801,74.4565,61.4364,112.06483125000001,112.06483125000001,214.9077,90.0137
983,snn,baseline,jetson_emulator,20,offload,0.5,71.8002,58.924,58.924,61.2683,65.142,112.06483125000001,112.06483125000001,213.7431,89.9858
984,snn,baseline,jetson_emulator,20,local,0.5,71.5572,58.511,71.5572,72.8105,61.6753,112.06483125000001,112.06483125000001,215.113,90.0307
985,snn,baseline,jetson_emulator,20,local,0.5,70.7429,58.4567,70.7429,72.0396,61.8876,112.06483125000001,112.06483125000001,215.2157,90.0374
986,snn,baseline,jetson_emulator,20,local,0.5,70.7286,58.5287,70.7286,72.8444,61.8913,112.06483125000001,112.06483125000001,215.3184,90.0493
987,snn,baseline,jetson_emulator,20,local,0.5,71.2812,58.9103,71.2812,73.147,61.7471,112.06483125000001,112.06483125000001,215.421,90.0454
988,snn,baseline,jetson_emulator,20,offload,0.5,71.2278,59.257,59.257,60.974,65.0456,112.06483125000001,112.06483125000001,214.2534,90.0178
989,snn,baseline,jetson_emulator,20,offload,0.5,71.3692,58.4781,58.4781,60.3686,65.2715,112.06483125000001,112.06483125000001,214.3555,90.0784
990,snn,baseline,jetson_emulator,20,local,0.5,71.3746,58.3474,71.3746,73.3848,61.7228,112.06483125000001,112.06483125000001,215.7291,89.9883
991,snn,baseline,jetson_emulator,20,offload,0.5,70.7155,58.7529,58.7529,60.5191,65.1916,112.06483125000001,112.06483125000001,214.5596,90.0407
992,snn,baseline,jetson_emulator,20,local,0.5,70.6172,58.3334,70.6172,72.4849,61.9205,112.06483125000001,112.06483125000001,215.9344,90.0032
993,snn,baseline,jetson_emulator,20,local,0.5,70.6002,59.2795,70.6002,72.1199,61.925,112.06483125000001,112.06483125000001,216.0371,90.051
994,snn,baseline,jetson_emulator,20,local,0.5,70.4728,58.2365,70.4728,71.9795,61.9583,112.06483125000001,112.06483125000001,216.1398,89.9665
995,snn,baseline,jetson_emulator,20,offload,0.5,71.2254,59.3719,59.3719,61.0658,65.0124,112.06483125000001,112.06483125000001,214.9679,89.9919
996,snn,baseline,jetson_emulator,20,offload,0.5,70.6149,58.3669,58.3669,60.2432,65.3039,112.06483125000001,112.06483125000001,215.07,89.9505
997,snn,baseline,jetson_emulator,20,local,0.5,70.3868,58.3682,70.3868,71.5505,61.9809,112.06483125000001,112.06483125000001,216.4478,90.0118
998,snn,baseline,jetson_emulator,20,offload,0.5,70.3111,58.4448,58.4448,59.7421,65.2812,112.06483125000001,112.06483125000001,215.2741,89.98
999,snn,baseline,jetson_emulator,20,local,0.5,71.022,59.01,71.022,73.7339,61.8147,112.06483125000001,112.06483125000001,216.6531,90.0687
1000,snn,baseline,jetson_emulator,20,local,0.5,70.8772,59.4521,70.8772,72.8862,61.8525,112.06483125000001,112.06483125000001,216.7558,90.0497
1001,snn,baseline,jetson_emulator,20,local,0.5,70.7471,58.4378,70.7471,73.4232,61.8865,112.06483125000001,112.06483125000001,216.8585,90.0331
1002,snn,baseline,jetson_emulator,20,offload,0.5,70.4521,57.9738,57.9738,59.3867,65.4186,112.06483125000001,112.06483125000001,215.6824,89.9993
1003,snn,baseline,jetson_emulator,20,local,0.5,70.2081,58.1088,70.2081,72.3484,62.0278,112.06483125000001,112.06483125000001,217.0638,90.0168
1004,snn,baseline,jetson_emulator,20,local,0.5,70.9889,58.8462,70.9889,73.0791,61.8233,112.06483125000001,112.06483125000001,217.1665,89.9503
1005,snn,baseline,jetson_emulator,20,local,0.5,71.0786,58.4577,71.0786,72.6438,61.7999,112.06483125000001,112.06483125000001,217.2692,89.9448
1006,snn,baseline,jetson_emulator,20,local,0.5,70.2591,58.4985,70.2591,70.7063,62.0144,112.06483125000001,112.06483125000001,217.3718,90.0547
1007,snn,baseline,jetson_emulator,20,local,0.5,70.1758,57.8898,70.1758,71.6524,62.0363,112.06483125000001,112.06483125000001,217.4745,90.0565
1008,snn,baseline,jetson_emulator,20,offload,0.5,70.1833,58.035,58.035,60.0893,65.4007,112.06483125000001,112.06483125000001,216.2948,90.0618
1009,snn,baseline,jetson_emulator,20,offload,0.5,70.3459,58.2005,58.2005,59.6012,65.3524,112.06483125000001,112.06483125000001,216.3969,90.0115
1010,snn,baseline,jetson_emulator,20,local,0.5,70.4699,58.5556,70.4699,71.9659,61.9591,112.06483125000001,112.06483125000001,217.7825,90.0267
1011,snn,baseline,jetson_emulator,20,local,0.5,70.9198,58.5005,70.9198,72.5049,61.8413,112.06483125000001,112.06483125000001,217.8852,90.1076
1012,snn,baseline,jetson_emulator,20,offload,0.5,70.0563,57.9537,57.9537,59.3037,65.4245,112.06483125000001,112.06483125000001,216.7031,89.9212
1013,snn,baseline,jetson_emulator,20,local,0.5,70.0682,59.9603,70.0682,71.738,62.0646,112.06483125000001,112.06483125000001,218.0906,89.9839
1014,snn,baseline,jetson_emulator,20,offload,0.5,70.4194,58.1079,58.1079,60.1558,65.3794,112.06483125000001,112.06483125000001,216.9072,90.0457
1015,snn,baseline,jetson_emulator,20,offload,0.5,70.4599,58.0161,58.0161,60.3963,65.4062,112.06483125000001,112.06483125000001,217.0093,89.958
1016,snn,baseline,jetson_emulator,20,offload,0.5,69.8742,58.325,58.325,60.1124,65.3161,112.06483125000001,112.06483125000001,217.1114,89.968
1017,snn,baseline,jetson_emulator,20,local,0.5,70.0887,58.8948,70.0887,72.1783,62.0592,112.06483125000001,112.06483125000001,218.5013,90.0459
1018,snn,baseline,jetson_emulator,20,local,0.5,70.2868,57.5379,70.2868,72.6715,62.0071,112.06483125000001,112.06483125000001,218.6039,89.9957
1019,snn,baseline,jetson_emulator,20,offload,0.5,71.0218,58.2971,58.2971,60.2676,65.3242,112.06483125000001,112.06483125000001,217.4176,90.0461
1020,snn,baseline,jetson_emulator,20,local,0.5,70.3729,58.7338,70.3729,72.4123,61.9845,112.06483125000001,112.06483125000001,218.8093,90.0721
1021,snn,baseline,jetson_emulator,20,offload,0.5,69.8746,57.4783,57.4783,58.757,65.5637,112.06483125000001,112.06483125000001,217.6217,90.0012
1022,snn,baseline,jetson_emulator,20,local,0.5,70.0907,57.4772,70.0907,72.1715,62.0587,112.06483125000001,112.06483125000001,219.0146,90.0404
1023,snn,baseline,jetson_emulator,20,offload,0.5,69.8909,58.2196,58.2196,59.4786,65.3468,112.06483125000001,112.06483125000001,217.8258,89.9492
1024,snn,baseline,jetson_emulator,20,local,0.5,69.6123,58.094,69.6123,72.0114,62.1848,112.06483125000001,112.06483125000001,219.22,90.0229
1025,snn,baseline,jetson_emulator,20,local,0.5,69.4989,58.6878,69.4989,71.4274,62.2147,112.06483125000001,112.06483125000001,219.3226,89.9546
1026,snn,baseline,jetson_emulator,20,local,0.5,69.4496,59.65,69.4496,71.4844,62.2278,112.06483125000001,112.06483125000001,219.4253,90.1121
1027,snn,baseline,jetson_emulator,20,offload,0.5,69.406,58.1144,58.1144,60.5248,65.3775,112.06483125000001,112.06483125000001,218.2341,89.9691
1028,snn,baseline,jetson_emulator,20,offload,0.5,69.4798,57.3454,57.3454,58.4884,65.6028,112.06483125000001,112.06483125000001,218.3362,89.9791
1029,snn,baseline,jetson_emulator,20,local,0.5,69.3786,58.274,69.3786,71.658,62.2465,112.06483125000001,112.06483125000001,219.7333,89.9754
1030,snn,baseline,jetson_emulator,20,offload,0.5,69.4938,57.3545,57.3545,59.4935,65.6001,112.06483125000001,112.06483125000001,218.5403,89.9857
1031,snn,baseline,jetson_emulator,20,offload,0.5,70.8551,57.4014,57.4014,59.231,65.5863,112.06483125000001,112.06483125000001,218.6424,89.9958
1032,snn,baseline,jetson_emulator,20,offload,0.5,69.4445,58.7379,58.7379,59.7105,65.196,112.06483125000001,112.06483125000001,218.7445,89.9434
1033,snn,baseline,jetson_emulator,20,offload,0.5,69.3236,57.4228,57.4228,59.4168,65.58,112.06483125000001,112.06483125000001,218.8465,90.028
1034,snn,baseline,jetson_emulator,20,local,0.5,69.2908,57.8355,69.2908,71.1764,62.2698,112.06483125000001,112.06483125000001,220.2467,89.9057
1035,snn,baseline,jetson_emulator,20,offload,0.5,69.4524,57.1989,57.1989,59.27,65.6459,112.06483125000001,112.06483125000001,219.0507,89.9668
1036,snn,baseline,jetson_emulator,20,local,0.5,69.4069,57.7564,69.4069,70.7787,62.2391,112.06483125000001,112.06483125000001,220.4521,89.8924
1037,snn,baseline,jetson_emulator,20,local,0.5,69.177,57.5101,69.177,70.8353,62.2999,112.06483125000001,112.06483125000001,220.5547,89.9514
1038,snn,baseline,jetson_emulator,20,offload,0.5,69.9428,57.7086,57.7086,59.4363,65.4962,112.06483125000001,112.06483125000001,219.3569,90.0322
1039,snn,baseline,jetson_emulator,20,local,0.5,70.2858,57.634,70.2858,72.326,62.0074,112.06483125000001,112.06483125000001,220.7601,89.988
1040,snn,baseline,jetson_emulator,20,offload,0.5,69.289,58.243,58.243,59.8877,65.34,112.06483125000001,112.06483125000001,219.561,89.9884
1041,snn,baseline,jetson_emulator,20,local,0.5,69.1503,57.5825,69.1503,71.4982,62.307,112.06483125000001,112.06483125000001,220.9654,89.9674
1042,snn,baseline,jetson_emulator,20,offload,0.5,69.2979,57.9926,57.9926,60.1781,65.4131,112.06483125000001,112.06483125000001,219.7651,89.9637
1043,snn,baseline,jetson_emulator,20,offload,0.5,69.3347,58.334,58.334,60.5621,65.3135,112.06483125000001,112.06483125000001,219.8672,90.0477
1044,snn,baseline,jetson_emulator,20,local,0.5,70.0238,57.3706,70.0238,72.0501,62.0763,112.06483125000001,112.06483125000001,221.2734,90.0374
1045,snn,baseline,jetson_emulator,20,local,0.5,70.0339,57.8857,70.0339,71.8987,62.0736,112.06483125000001,112.06483125000001,221.3761,90.0157
1046,snn,baseline,jetson_emulator,20,local,0.5,69.5634,57.1881,69.5634,71.3479,62.1977,112.06483125000001,112.06483125000001,221.4788,90.0177
1047,snn,baseline,jetson_emulator,20,offload,0.5,69.1039,58.2825,58.2825,60.317,65.3285,112.06483125000001,112.06483125000001,220.2755,89.9736
1048,snn,baseline,jetson_emulator,20,offload,0.5,69.6206,58.1363,58.1363,59.9066,65.3711,112.06483125000001,112.06483125000001,220.3776,90.0066
1049,snn,baseline,jetson_emulator,20,local,0.5,69.9145,57.6544,69.9145,71.0234,62.1051,112.06483125000001,112.06483125000001,221.7868,90.0167
1050,snn,baseline,jetson_emulator,20,local,0.5,69.4284,57.355,69.4284,70.4168,62.2334,112.06483125000001,112.06483125000001,221.8895,90.0577
1051,snn,baseline,jetson_emulator,20,local,0.5,70.0961,57.4696,70.0961,71.8915,62.0573,112.06483125000001,112.06483125000001,221.9922,90.0097
1052,snn,baseline,jetson_emulator,20,offload,0.5,70.2486,57.1883,57.1883,58.0317,65.649,112.06483125000001,112.06483125000001,220.7858,89.9464
1053,snn,baseline,jetson_emulator,20,offload,0.5,69.6322,59.0623,59.0623,61.1831,65.1019,112.06483125000001,112.06483125000001,220.8879,90.1133
1054,snn,baseline,jetson_emulator,20,offload,0.5,69.8247,57.1713,57.1713,59.3747,65.654,112.06483125000001,112.06483125000001,220.99,90.0419
1055,snn,baseline,jetson_emulator,20,local,0.5,69.2642,58.0739,69.2642,70.7267,62.2768,112.06483125000001,112.06483125000001,222.4029,89.9403
1056,snn,baseline,jetson_emulator,20,local,0.5,69.4843,57.3462,69.4843,71.5488,62.2186,112.06483125000001,112.06483125000001,222.5055,90.0088
1057,snn,baseline,jetson_emulator,20,offload,0.5,69.7942,57.701,57.701,59.2923,65.4984,112.06483125000001,112.06483125000001,221.2962,89.9425
1058,snn,baseline,jetson_emulator,20,offload,0.5,69.9246,57.8289,57.8289,59.1017,65.461,112.06483125000001,112.06483125000001,221.3982,90.0076
1059,snn,baseline,jetson_emulator,20,local,0.5,69.3348,57.306,69.3348,71.5077,62.2581,112.06483125000001,112.06483125000001,222.8136,89.8869
1060,snn,baseline,jetson_emulator,20,offload,0.5,69.6515,57.5331,57.5331,59.4754,65.5476,112.06483125000001,112.06483125000001,221.6024,90.0288
1061,snn,baseline,jetson_emulator,20,local,0.5,69.9687,57.3072,69.9687,71.495,62.0908,112.06483125000001,112.06483125000001,223.0189,90.0623
1062,snn,baseline,jetson_emulator,20,offload,0.5,69.467,58.2781,58.2781,60.4053,65.3298,112.06483125000001,112.06483125000001,221.8065,89.9841
1063,snn,baseline,jetson_emulator,20,local,0.5,70.0578,57.8836,70.0578,71.5773,62.0673,112.06483125000001,112.06483125000001,223.2242,90.1
1064,snn,baseline,jetson_emulator,20,local,0.5,69.8169,57.5515,69.8169,71.6084,62.1308,112.06483125000001,112.06483125000001,223.3269,90.0011
1065,snn,baseline,jetson_emulator,20,local,0.5,70.106,58.2894,70.106,71.592,62.0547,112.06483125000001,112.06483125000001,223.4296,90.0601
1066,snn,baseline,jetson_emulator,20,local,0.5,69.8338,57.9057,69.8338,70.9217,62.1263,112.06483125000001,112.06483125000001,223.5323,89.9963
1067,snn,baseline,jetson_emulator,20,local,0.5,69.6701,58.0674,69.6701,71.9743,62.1695,112.06483125000001,112.06483125000001,223.6349,90.0319
1068,snn,baseline,jetson_emulator,20,local,0.5,69.901,57.7852,69.901,71.2811,62.1086,112.06483125000001,112.06483125000001,223.7376,90.0329
1069,snn,baseline,jetson_emulator,20,offload,0.5,70.0949,57.5931,57.5931,59.4971,65.53,112.06483125000001,112.06483125000001,222.521,89.9953
1070,snn,baseline,jetson_emulator,20,offload,0.5,69.9017,58.2555,58.2555,60.0782,65.3363,112.06483125000001,112.06483125000001,222.6231,90.0463
1071,snn,baseline,jetson_emulator,20,local,0.5,70.6089,58.4504,70.6089,72.7656,61.9227,112.06483125000001,112.06483125000001,224.0456,90.0599
1072,snn,baseline,jetson_emulator,20,offload,0.5,69.8519,58.1733,58.1733,59.0921,65.3603,112.06483125000001,112.06483125000001,222.8272,89.9636
1073,snn,baseline,jetson_emulator,20,offload,0.5,70.8195,57.9332,57.9332,59.7181,65.4304,112.06483125000001,112.06483125000001,222.9293,89.9125
1074,snn,baseline,jetson_emulator,20,local,0.5,69.8159,57.7325,69.8159,72.1321,62.131,112.06483125000001,112.06483125000001,224.3537,90.1661
1075,snn,baseline,jetson_emulator,20,offload,0.5,69.7103,58.69,58.69,60.0303,65.2099,112.06483125000001,112.06483125000001,223.1334,89.9956
1076,snn,baseline,jetson_emulator,20,local,0.5,70.373,58.358,70.373,72.7062,61.9845,112.06483125000001,112.06483125000001,224.559,89.9836
1077,snn,baseline,jetson_emulator,20,local,0.5,70.476,58.5581,70.476,72.0252,61.9575,112.06483125000001,112.06483125000001,224.6617,89.9742
1078,snn,baseline,jetson_emulator,20,local,0.5,71.1077,57.9858,71.1077,73.7272,61.7923,112.06483125000001,112.06483125000001,224.7644,90.0009
1079,snn,baseline,jetson_emulator,20,local,0.5,70.0445,59.559,70.0445,72.1936,62.0708,112.06483125000001,112.06483125000001,224.867,89.9407
1080,snn,baseline,jetson_emulator,20,offload,0.5,70.6467,57.776,57.776,60.083,65.4764,112.06483125000001,112.06483125000001,223.6437,89.9267
1081,snn,baseline,jetson_emulator,20,local,0.5,70.3755,58.8718,70.3755,71.5543,61.9838,112.06483125000001,112.06483125000001,225.0724,89.9674
1082,snn,baseline,jetson_emulator,20,local,0.5,71.3427,57.9365,71.3427,73.8525,61.7311,112.06483125000001,112.06483125000001,225.175,89.9929
1083,snn,baseline,jetson_emulator,20,offload,0.5,70.2061,58.361,58.361,60.8145,65.3056,112.06483125000001,112.06483125000001,223.95,89.9272
1084,snn,baseline,jetson_emulator,20,local,0.5,70.2892,58.3329,70.2892,71.6051,62.0065,112.06483125000001,112.06483125000001,225.3804,89.9928
1085,snn,baseline,jetson_emulator,20,local,0.5,70.8118,58.1532,70.8118,72.2129,61.8696,112.06483125000001,112.06483125000001,225.4831,89.9344
1086,snn,baseline,jetson_emulator,20,local,0.5,70.9782,58.2618,70.9782,72.2743,61.8261,112.06483125000001,112.06483125000001,225.5857,90.0615
1087,snn,baseline,jetson_emulator,20,local,0.5,70.7563,58.4994,70.7563,71.4988,61.8841,112.06483125000001,112.06483125000001,225.6884,89.9893
1088,snn,baseline,jetson_emulator,20,local,0.5,71.474,58.2421,71.474,72.8043,61.6969,112.06483125000001,112.06483125000001,225.7911,90.0085
1089,snn,baseline,jetson_emulator,20,local,0.5,70.9732,58.3901,70.9732,72.8967,61.8274,112.06483125000001,112.06483125000001,225.8938,90.0225
1090,snn,baseline,jetson_emulator,20,local,0.5,70.9198,58.4818,70.9198,72.537,61.8413,112.06483125000001,112.06483125000001,225.9964,89.9924
1091,snn,baseline,jetson_emulator,20,offload,0.5,70.8401,58.4221,58.4221,59.7666,65.2878,112.06483125000001,112.06483125000001,224.7665,89.8836
1092,snn,baseline,jetson_emulator,20,local,0.5,71.6553,58.8782,71.6553,73.7871,61.6498,112.06483125000001,112.06483125000001,226.2018,89.9665
1093,snn,baseline,jetson_emulator,20,offload,0.5,71.0678,58.8171,58.8171,60.7664,65.173,112.06483125000001,112.06483125000001,224.9706,89.8874
1094,snn,baseline,jetson_emulator,20,offload,0.5,71.4482,59.3115,59.3115,61.6142,65.0299,112.06483125000001,112.06483125000001,225.0727,90.0303
1095,snn,baseline,jetson_emulator,20,local,0.5,70.724,58.6157,70.724,71.8128,61.8925,112.06483125000001,112.06483125000001,226.5098,90.018
1096,snn,baseline,jetson_emulator,20,local,0.5,71.4866,58.9677,71.4866,73.0595,61.6937,112.06483125000001,112.06483125000001,226.6125,89.9478
1097,snn,baseline,jetson_emulator,20,offload,0.5,71.4658,58.5854,58.5854,59.7671,65.2403,112.06483125000001,112.06483125000001,225.3789,89.9312
1098,snn,baseline,jetson_emulator,20,offload,0.5,71.3963,59.2821,59.2821,60.6336,65.0384,112.06483125000001,112.06483125000001,225.481,90.0168
1099,snn,baseline,jetson_emulator,20,local,0.5,71.7513,59.5914,71.7513,73.5577,61.6249,112.06483125000001,112.06483125000001,226.9205,90.0446
1100,snn,baseline,jetson_emulator,20,local,0.5,71.5773,58.7831,71.5773,72.616,61.6701,112.06483125000001,112.06483125000001,227.0232,90.0425
1101,snn,baseline,jetson_emulator,20,local,0.5,71.163,59.5373,71.163,73.427,61.7779,112.06483125000001,112.06483125000001,227.1259,89.9461
1102,snn,baseline,jetson_emulator,20,offload,0.5,72.4002,59.6158,59.6158,61.4802,64.9421,112.06483125000001,112.06483125000001,225.8893,90.0551
1103,snn,baseline,jetson_emulator,20,offload,0.5,71.636,59.4697,59.4697,60.6729,64.9842,112.06483125000001,112.06483125000001,225.9913,90.0441
1104,snn,baseline,jetson_emulator,20,offload,0.5,71.9461,59.1498,59.1498,61.1035,65.0766,112.06483125000001,112.06483125000001,226.0934,90.0466
1105,snn,baseline,jetson_emulator,20,offload,0.5,71.8767,59.8777,59.8777,61.8729,64.8667,112.06483125000001,112.06483125000001,226.1955,90.0626
1106,snn,baseline,jetson_emulator,20,offload,0.5,72.0531,59.3373,59.3373,61.0459,65.0224,112.06483125000001,112.06483125000001,226.2975,89.9871
1107,snn,baseline,jetson_emulator,20,local,0.5,71.7646,59.3578,71.7646,72.6272,61.6215,112.06483125000001,112.06483125000001,227.7419,89.9828
1108,snn,baseline,jetson_emulator,20,local,0.5,72.3239,59.7749,72.3239,74.4908,61.4767,112.06483125000001,112.06483125000001,227.8446,90.0357
1109,snn,baseline,jetson_emulator,20,local,0.5,72.1993,59.5896,72.1993,74.1967,61.5089,112.06483125000001,112.06483125000001,227.9472,89.9943
1110,snn,baseline,jetson_emulator,20,offload,0.5,72.0745,59.5624,59.5624,61.5266,64.9575,112.06483125000001,112.06483125000001,226.7058,90.0236
1111,snn,baseline,jetson_emulator,20,offload,0.5,72.3746,60.3297,60.3297,61.7213,64.7371,112.06483125000001,112.06483125000001,226.8079,89.9863
1112,snn,baseline,jetson_emulator,20,local,0.5,72.4839,60.9175,72.4839,73.7636,61.4355,112.06483125000001,112.06483125000001,228.2553,90.0376
1113,snn,baseline,jetson_emulator,20,local,0.5,72.3743,59.8705,72.3743,74.0694,61.4637,112.06483125000001,112.06483125000001,228.3579,89.9674
1114,snn,baseline,jetson_emulator,20,local,0.5,72.6681,60.2165,72.6681,74.722,61.388,112.06483125000001,112.06483125000001,228.4606,90.0197
1115,snn,baseline,jetson_emulator,20,offload,0.5,73.4904,61.1854,61.1854,62.9381,64.4931,112.06483125000001,112.06483125000001,227.2162,89.9691
1116,snn,baseline,jetson_emulator,20,local,0.5,72.8171,60.4983,72.8171,74.9363,61.3497,112.06483125000001,112.06483125000001,228.666,90.0309
1117,snn,baseline,jetson_emulator,20,local,0.5,72.8784,60.8907,72.8784,75.0609,61.3339,112.06483125000001,112.06483125000001,228.7686,90.0015
1118,snn,baseline,jetson_emulator,20,offload,0.5,72.5063,60.3456,60.3456,61.6119,64.7326,112.06483125000001,112.06483125000001,227.5224,90.1498
1119,snn,baseline,jetson_emulator,20,local,0.5,72.9113,60.2201,72.9113,74.4212,61.3255,112.06483125000001,112.06483125000001,228.974,89.9927
1120,snn,baseline,jetson_emulator,20,offload,0.5,73.6509,60.24,60.24,61.8782,64.7628,112.06483125000001,112.06483125000001,227.7265,90.003
1121,snn,baseline,jetson_emulator,20,local,0.5,72.7929,60.8568,72.7929,75.1926,61.3559,112.06483125000001,112.06483125000001,229.1793,90.0173
1122,snn,baseline,jetson_emulator,20,offload,0.5,72.9298,61.6963,61.6963,63.405,64.3483,112.06483125000001,112.06483125000001,227.9306,90.0295
1123,snn,baseline,jetson_emulator,20,local,0.5,73.1877,61.184,73.1877,73.9736,61.2546,112.06483125000001,112.06483125000001,229.3847,89.9657
1124,snn,baseline,jetson_emulator,20,local,0.5,73.9663,61.38,73.9663,75.6587,61.0557,112.06483125000001,112.06483125000001,229.4873,90.0631
1125,snn,baseline,jetson_emulator,20,local,0.5,73.4433,60.8221,73.4433,74.8278,61.1891,112.06483125000001,112.06483125000001,229.59,89.9242
1126,snn,baseline,jetson_emulator,20,local,0.5,73.3676,60.8035,73.3676,75.4278,61.2085,112.06483125000001,112.06483125000001,229.6927,90.0158
1127,snn,baseline,jetson_emulator,20,local,0.5,73.7259,60.7539,73.7259,75.721,61.117,112.06483125000001,112.06483125000001,229.7954,89.9666
1128,snn,baseline,jetson_emulator,20,offload,0.5,73.5711,61.177,61.177,62.4111,64.4955,112.06483125000001,112.06483125000001,228.543,90.0141
1129,snn,baseline,jetson_emulator,20,local,0.5,74.3539,60.9619,74.3539,76.953,60.9571,112.06483125000001,112.06483125000001,230.0007,90.0643
1130,snn,baseline,jetson_emulator,20,local,0.5,74.2191,60.9509,74.2191,75.5254,60.9914,112.06483125000001,112.06483125000001,230.1034,89.9647
1131,snn,baseline,jetson_emulator,20,offload,0.5,73.6478,62.5514,62.5514,64.4032,64.1073,112.06483125000001,112.06483125000001,228.8493,89.9913
1132,snn,baseline,jetson_emulator,20,local,0.5,74.114,61.0366,74.114,76.5925,61.0181,112.06483125000001,112.06483125000001,230.3087,89.9886
1133,snn,baseline,jetson_emulator,20,local,0.5,74.0638,61.214,74.0638,75.8322,61.0309,112.06483125000001,112.06483125000001,230.4114,90.0243
1134,snn,baseline,jetson_emulator,20,offload,0.5,74.3492,62.0457,62.0457,63.8525,64.2496,112.06483125000001,112.06483125000001,229.1555,90.0216
1135,snn,baseline,jetson_emulator,20,offload,0.5,74.1081,61.3127,61.3127,63.4404,64.457,112.06483125000001,112.06483125000001,229.2575,90.0921
1136,snn,baseline,jetson_emulator,20,local,0.5,74.6242,61.7039,74.6242,75.8446,60.8886,112.06483125000001,112.06483125000001,230.7194,90.0121
1137,snn,baseline,jetson_emulator,20,offload,0.5,74.2701,61.8149,61.8149,63.6941,64.3147,112.06483125000001,112.06483125000001,229.4617,89.9492
1138,snn,baseline,jetson_emulator,20,local,0.5,74.4932,62.3204,74.4932,75.8867,60.9218,112.06483125000001,112.06483125000001,230.9248,89.9652
1139,snn,baseline,jetson_emulator,20,offload,0.5,75.1215,62.2641,62.2641,64.5081,64.1881,112.06483125000001,112.06483125000001,229.6658,89.9976
1140,snn,baseline,jetson_emulator,20,offload,0.5,74.3985,62.8726,62.8726,65.6945,64.0173,112.06483125000001,112.06483125000001,229.7679,90.0136
1141,snn,baseline,jetson_emulator,20,local,0.5,74.5907,61.7855,74.5907,76.7519,60.8971,112.06483125000001,112.06483125000001,231.2328,89.9938
1142,snn,baseline,jetson_emulator,20,local,0.5,75.3143,63.0056,75.3143,78.0202,60.7144,112.06483125000001,112.06483125000001,231.3355,90.0281
1143,snn,baseline,jetson_emulator,20,local,0.5,75.3174,61.7943,75.3174,76.9592,60.7136,112.06483125000001,112.06483125000001,231.4381,89.9969
1144,snn,baseline,jetson_emulator,20,local,0.5,74.8968,62.4909,74.8968,75.926,60.8197,112.06483125000001,112.06483125000001,231.5408,89.9333
1145,snn,baseline,jetson_emulator,20,local,0.5,76.4379,62.4045,76.4379,77.5614,60.4328,112.06483125000001,112.06483125000001,231.6435,90.018
1146,snn,baseline,jetson_emulator,20,offload,0.5,75.9596,62.5692,62.5692,64.842,64.1024,112.06483125000001,112.06483125000001,230.3803,89.9241
1147,snn,baseline,jetson_emulator,20,local,0.5,75.118,62.325,75.118,77.1771,60.7639,112.06483125000001,112.06483125000001,231.8488,90.102
1148,snn,baseline,jetson_emulator,20,local,0.5,75.5378,63.6253,75.5378,77.1231,60.6582,112.06483125000001,112.06483125000001,231.9515,90.0538
1149,snn,baseline,jetson_emulator,20,offload,0.5,75.5455,62.4568,62.4568,64.7553,64.1339,112.06483125000001,112.06483125000001,230.6865,89.9799
1150,snn,baseline,jetson_emulator,20,offload,0.5,75.7933,62.5525,62.5525,65.4963,64.107,112.06483125000001,112.06483125000001,230.7886,89.9984
1151,snn,baseline,jetson_emulator,20,offload,0.5,75.6877,62.8267,62.8267,64.9058,64.0302,112.06483125000001,112.06483125000001,230.8906,90.0396
1152,snn,baseline,jetson_emulator,20,local,0.5,76.6451,63.1456,76.6451,79.363,60.3812,112.06483125000001,112.06483125000001,232.3622,90.0794
1153,snn,baseline,jetson_emulator,20,offload,0.5,75.6916,63.552,63.552,64.8311,63.8277,112.06483125000001,112.06483125000001,231.0948,89.9493
1154,snn,baseline,jetson_emulator,20,local,0.5,75.9978,62.9336,75.9978,77.8257,60.5428,112.06483125000001,112.06483125000001,232.5676,90.0226
1155,snn,baseline,jetson_emulator,20,offload,0.5,75.877,62.9227,62.9227,64.5593,64.0033,112.06483125000001,112.06483125000001,231.2989,89.9045
1156,snn,baseline,jetson_emulator,20,local,0.5,77.0314,64.0688,77.0314,78.9744,60.2851,112.06483125000001,112.06483125000001,232.7729,90.0825
1157,snn,baseline,jetson_emulator,20,offload,0.5,76.0195,62.7307,62.7307,63.9115,64.0571,112.06483125000001,112.06483125000001,231.503,90.1039
1158,snn,baseline,jetson_emulator,20,local,0.5,76.3606,64.0232,76.3606,78.1655,60.4521,112.06483125000001,112.06483125000001,232.9783,89.9907
1159,snn,baseline,jetson_emulator,20,local,0.5,75.961,62.9645,75.961,78.0018,60.552,112.06483125000001,112.06483125000001,233.0809,89.9879
1160,snn,baseline,jetson_emulator,20,offload,0.5,76.1801,62.9571,62.9571,63.715,63.9937,112.06483125000001,112.06483125000001,231.8092,89.9705
1161,snn,baseline,jetson_emulator,20,offload,0.5,76.5176,63.4593,63.4593,64.4123,63.8535,112.06483125000001,112.06483125000001,231.9113,89.9877
1162,snn,baseline,jetson_emulator,20,offload,0.5,76.1682,62.9799,62.9799,64.9364,63.9873,112.06483125000001,112.06483125000001,232.0134,89.9625
1163,snn,baseline,jetson_emulator,20,local,0.5,76.889,65.2304,76.889,78.6989,60.3205,112.06483125000001,112.06483125000001,233.4916,90.0203
1164,snn,baseline,jetson_emulator,20,local,0.5,77.0788,63.7575,77.0788,78.9275,60.2734,112.06483125000001,112.06483125000001,233.5943,90.0108
1165,snn,baseline,jetson_emulator,20,offload,0.5,76.9997,63.9003,63.9003,65.7386,63.7309,112.06483125000001,112.06483125000001,232.3196,90.0418
1166,snn,baseline,jetson_emulator,20,offload,0.5,76.4784,64.0352,64.0352,65.862,63.6935,112.06483125000001,112.06483125000001,232.4217,90.0053
1167,snn,baseline,jetson_emulator,20,local,0.5,77.4982,63.3759,77.4982,79.0907,60.1695,112.06483125000001,112.06483125000001,233.9023,89.9718
1168,snn,baseline,jetson_emulator,20,offload,0.5,77.0933,64.2279,64.2279,66.0298,63.6402,112.06483125000001,112.06483125000001,232.6258,90.1241
1169,snn,baseline,jetson_emulator,20,offload,0.5,76.8724,63.3904,63.3904,65.3562,63.8727,112.06483125000001,112.06483125000001,232.7279,89.9733
1170,snn,baseline,jetson_emulator,20,offload,0.5,77.5075,65.808,65.808,67.8814,63.2061,112.06483125000001,112.06483125000001,232.8299,89.8807
1171,snn,baseline,jetson_emulator,20,local,0.5,76.8699,63.8141,76.8699,78.5217,60.3252,112.06483125000001,112.06483125000001,234.313,90.0504
1172,snn,baseline,jetson_emulator,20,local,0.5,77.0624,63.7023,77.0624,78.7677,60.2774,112.06483125000001,112.06483125000001,234.4157,90.0063
1173,snn,baseline,jetson_emulator,20,offload,0.5,77.0473,63.7266,63.7266,65.0234,63.7791,112.06483125000001,112.06483125000001,233.1361,90.0352
1174,snn,baseline,jetson_emulator,20,local,0.5,77.5999,64.6557,77.5999,79.3642,60.1443,112.06483125000001,112.06483125000001,234.621,89.9735
1175,snn,baseline,jetson_emulator,20,local,0.5,77.8248,63.6534,77.8248,80.2809,60.0888,112.06483125000001,112.06483125000001,234.7237,90.008
1176,snn,baseline,jetson_emulator,20,offload,0.5,77.4559,64.5157,64.5157,66.9161,63.5607,112.06483125000001,112.06483125000001,233.4423,90.0855
1177,snn,baseline,jetson_emulator,20,offload,0.5,77.8546,64.0301,64.0301,66.337,63.6949,112.06483125000001,112.06483125000001,233.5444,90.1149
1178,snn,baseline,jetson_emulator,20,local,0.5,77.2226,65.4526,77.2226,77.8753,60.2377,112.06483125000001,112.06483125000001,235.0317,89.9329
1179,snn,baseline,jetson_emulator,20,offload,0.5,77.6857,65.113,65.113,66.4596,63.3963,112.06483125000001,112.06483125000001,233.7485,90.0457
1180,snn,baseline,jetson_emulator,20,offload,0.5,77.4345,63.8555,63.8555,66.1443,63.7434,112.06483125000001,112.06483125000001,233.8506,90.1006
1181,snn,baseline,jetson_emulator,20,offload,0.5,78.1212,63.9521,63.9521,65.4535,63.7166,112.06483125000001,112.06483125000001,233.9527,89.9475
1182,snn,baseline,jetson_emulator,20,local,0.5,78.2385,66.4203,78.2385,80.4623,59.987,112.06483125000001,112.06483125000001,235.4424,89.937
1183,snn,baseline,jetson_emulator,20,local,0.5,77.5484,65.6228,77.5484,78.8875,60.157,112.06483125000001,112.06483125000001,235.5451,89.9547
1184,snn,baseline,jetson_emulator,20,offload,0.5,78.6834,64.139,64.139,64.606,63.6648,112.06483125000001,112.06483125000001,234.2589,89.9164
1185,snn,baseline,jetson_emulator,20,local,0.5,78.1997,64.0898,78.1997,80.3252,59.9965,112.06483125000001,112.06483125000001,235.7504,90.0857
1186,snn,baseline,jetson_emulator,20,offload,0.5,78.3152,64.6686,64.6686,66.5365,63.5185,112.06483125000001,112.06483125000001,234.463,90.0693
1187,snn,baseline,jetson_emulator,20,offload,0.5,77.7867,64.4159,64.4159,66.2931,63.5882,112.06483125000001,112.06483125000001,234.5651,90.0131
1188,snn,baseline,jetson_emulator,20,offload,0.5,78.0714,64.3059,64.3059,65.6554,63.6186,112.06483125000001,112.06483125000001,234.6672,90.0087
1189,snn,baseline,jetson_emulator,20,local,0.5,78.0913,64.7806,78.0913,79.6936,60.0232,112.06483125000001,112.06483125000001,236.1611,89.9985
1190,snn,baseline,jetson_emulator,20,local,0.5,78.04,64.8367,78.04,80.1194,60.0358,112.06483125000001,112.06483125000001,236.2638,90.0067
1191,snn,baseline,jetson_emulator,20,local,0.5,78.0782,65.0069,78.0782,79.9314,60.0264,112.06483125000001,112.06483125000001,236.3665,89.958
1192,snn,baseline,jetson_emulator,20,local,0.5,78.4697,64.2601,78.4697,80.9036,59.9302,112.06483125000001,112.06483125000001,236.4692,90.0492
1193,snn,baseline,jetson_emulator,20,local,0.5,77.8118,65.0968,77.8118,79.9254,60.092,112.06483125000001,112.06483125000001,236.5718,89.9641
1194,snn,baseline,jetson_emulator,20,offload,0.5,77.7568,64.3521,64.3521,66.2099,63.6058,112.06483125000001,112.06483125000001,235.2796,89.9596
1195,snn,baseline,jetson_emulator,20,local,0.5,79.3203,64.3187,79.3203,80.7998,59.7222,112.06483125000001,112.06483125000001,236.7772,89.9668
1196,snn,baseline,jetson_emulator,20,offload,0.5,78.0806,64.3137,64.3137,66.5386,63.6165,112.06483125000001,112.06483125000001,235.4837,89.9866
1197,snn,baseline,jetson_emulator,20,offload,0.5,77.8379,64.658,64.658,65.1999,63.5214,112.06483125000001,112.06483125000001,235.5858,89.9315
1198,snn,baseline,jetson_emulator,20,offload,0.5,78.5616,64.6772,64.6772,66.2856,63.5161,112.06483125000001,112.06483125000001,235.6878,89.9789
1199,snn,baseline,jetson_emulator,20,local,0.5,77.9776,65.6781,77.9776,79.8251,60.0512,112.06483125000001,112.06483125000001,237.1879,89.9602
1200,snn,baseline,jetson_emulator,20,offload,0.5,79.178,66.3228,66.3228,67.8851,63.0659,112.06483125000001,112.06483125000001,235.892,89.9326
