cycle_id,model,architecture,profile,nodes,decision,threshold,local_latency_ms,offload_latency_ms,total_latency_ms,rtt_ms,throughput_fps,local_power_mw,offload_power_mw,effective_power_mw,accuracy_step
1,cnn,baseline,jetson_emulator,300,offload,0.5,63.3998,52.5693,52.5693,56.0686,12.344,167.274,167.274,197.561,92.7568
2,cnn,baseline,jetson_emulator,300,offload,0.5,63.7645,52.1872,52.1872,55.5401,12.3531,167.274,167.274,197.7386,92.6772
3,cnn,baseline,jetson_emulator,300,offload,0.5,63.0218,53.5846,53.5846,57.4001,12.32,167.274,167.274,197.9163,92.6526
4,cnn,baseline,jetson_emulator,300,local,0.5,63.4098,52.6684,63.4098,66.1558,12.0917,167.274,167.274,213.2028,92.6092
5,cnn,baseline,jetson_emulator,300,offload,0.5,63.9029,53.15,53.15,56.414,12.3303,167.274,167.274,198.2715,92.6953
6,cnn,baseline,jetson_emulator,300,offload,0.5,63.9959,53.9253,53.9253,57.0218,12.3119,167.274,167.274,198.4492,92.6845
7,cnn,baseline,jetson_emulator,300,offload,0.5,63.7911,52.6825,52.6825,56.0382,12.3413,167.274,167.274,198.6268,92.6552
8,cnn,baseline,jetson_emulator,300,local,0.5,63.8747,53.4438,63.8747,66.6041,12.0811,167.274,167.274,213.9675,92.7467
9,cnn,baseline,jetson_emulator,300,offload,0.5,64.8566,53.7223,53.7223,55.9168,12.3167,167.274,167.274,198.9821,92.6498
10,cnn,baseline,jetson_emulator,300,local,0.5,64.6548,52.9457,64.6548,67.798,12.0634,167.274,167.274,214.3499,92.6665
11,cnn,baseline,jetson_emulator,300,offload,0.5,64.7786,53.4137,53.4137,56.5126,12.324,167.274,167.274,199.3374,92.6468
12,cnn,baseline,jetson_emulator,300,offload,0.5,64.7888,53.3288,53.3288,56.8167,12.326,167.274,167.274,199.5151,92.5881
13,cnn,baseline,jetson_emulator,300,local,0.5,65.2757,53.239,65.2757,69.0662,12.0493,167.274,167.274,214.9235,92.7489
14,cnn,baseline,jetson_emulator,300,offload,0.5,64.4011,53.5015,53.5015,57.2279,12.3219,167.274,167.274,199.8703,92.7027
15,cnn,baseline,jetson_emulator,300,offload,0.5,64.8062,53.5406,53.5406,56.6565,12.321,167.274,167.274,200.048,92.6662
16,cnn,baseline,jetson_emulator,300,offload,0.5,64.7621,54.5026,54.5026,58.0826,12.2983,167.274,167.274,200.2256,92.6223
17,cnn,baseline,jetson_emulator,300,offload,0.5,64.8292,53.9392,53.9392,57.0018,12.3116,167.274,167.274,200.4033,92.5838
18,cnn,baseline,jetson_emulator,300,offload,0.5,65.238,53.5977,53.5977,57.2173,12.3196,167.274,167.274,200.5809,92.6721
19,cnn,baseline,jetson_emulator,300,offload,0.5,65.0092,55.418,55.418,57.9312,12.2767,167.274,167.274,200.7586,92.6011
20,cnn,baseline,jetson_emulator,300,offload,0.5,65.614,54.2668,54.2668,56.7976,12.3038,167.274,167.274,200.9362,92.5912
21,cnn,baseline,jetson_emulator,300,local,0.5,65.564,54.8521,65.564,68.8454,12.0428,167.274,167.274,216.4531,92.7224
22,cnn,baseline,jetson_emulator,300,offload,0.5,65.3511,54.5591,54.5591,57.0053,12.2969,167.274,167.274,201.2915,92.6291
23,cnn,baseline,jetson_emulator,300,offload,0.5,66.5479,54.6982,54.6982,58.0035,12.2937,167.274,167.274,201.4692,92.5664
24,cnn,baseline,jetson_emulator,300,local,0.5,66.2445,54.4342,66.2445,69.7939,12.0274,167.274,167.274,217.0266,92.7326
25,cnn,baseline,jetson_emulator,300,offload,0.5,65.8736,54.6178,54.6178,57.3993,12.2956,167.274,167.274,201.8244,92.6822
26,cnn,baseline,jetson_emulator,300,offload,0.5,65.7857,54.898,54.898,57.6519,12.289,167.274,167.274,202.0021,92.6398
27,cnn,baseline,jetson_emulator,300,local,0.5,65.9144,55.2725,65.9144,69.2892,12.0349,167.274,167.274,217.6002,92.6204
28,cnn,baseline,jetson_emulator,300,local,0.5,65.9767,55.0288,65.9767,68.605,12.0335,167.274,167.274,217.7914,92.6282
29,cnn,baseline,jetson_emulator,300,offload,0.5,67.7292,54.8356,54.8356,58.1363,12.2904,167.274,167.274,202.535,92.6227
30,cnn,baseline,jetson_emulator,300,local,0.5,66.905,55.153,66.905,69.201,12.0126,167.274,167.274,218.1738,92.628
31,cnn,baseline,jetson_emulator,300,offload,0.5,66.3445,55.3223,55.3223,58.4477,12.279,167.274,167.274,202.8903,92.681
32,cnn,baseline,jetson_emulator,300,offload,0.5,67.2598,55.4364,55.4364,58.4577,12.2763,167.274,167.274,203.068,92.653
33,cnn,baseline,jetson_emulator,300,offload,0.5,67.0296,55.1847,55.1847,57.8854,12.2822,167.274,167.274,203.2456,92.6247
34,cnn,baseline,jetson_emulator,300,offload,0.5,67.5,55.7638,55.7638,59.1665,12.2686,167.274,167.274,203.4232,92.681
35,cnn,baseline,jetson_emulator,300,offload,0.5,67.4195,55.3436,55.3436,58.6475,12.2785,167.274,167.274,203.6009,92.7097
36,cnn,baseline,jetson_emulator,300,offload,0.5,67.065,56.4378,56.4378,59.43,12.2528,167.274,167.274,203.7785,92.7403
37,cnn,baseline,jetson_emulator,300,offload,0.5,67.2066,55.3029,55.3029,58.661,12.2794,167.274,167.274,203.9562,92.5477
38,cnn,baseline,jetson_emulator,300,offload,0.5,67.3557,55.9644,55.9644,58.9855,12.2639,167.274,167.274,204.1338,92.6432
39,cnn,baseline,jetson_emulator,300,offload,0.5,67.4727,55.7657,55.7657,59.2391,12.2686,167.274,167.274,204.3115,92.6654
40,cnn,baseline,jetson_emulator,300,local,0.5,67.1842,55.5115,67.1842,69.7175,12.0063,167.274,167.274,220.0857,92.7277
41,cnn,baseline,jetson_emulator,300,offload,0.5,67.3714,56.0706,56.0706,59.2323,12.2614,167.274,167.274,204.6668,92.65
42,cnn,baseline,jetson_emulator,300,offload,0.5,67.9338,55.8148,55.8148,59.9737,12.2674,167.274,167.274,204.8444,92.5638
43,cnn,baseline,jetson_emulator,300,local,0.5,67.6821,55.9055,67.6821,70.6621,11.9951,167.274,167.274,220.6593,92.6234
44,cnn,baseline,jetson_emulator,300,local,0.5,67.5037,57.007,67.5037,70.6592,11.9991,167.274,167.274,220.8505,92.6338
45,cnn,baseline,jetson_emulator,300,offload,0.5,68.5724,57.0249,57.0249,60.3135,12.2391,167.274,167.274,205.3773,92.6287
46,cnn,baseline,jetson_emulator,300,offload,0.5,68.1009,56.2822,56.2822,59.2244,12.2564,167.274,167.274,205.555,92.6935
47,cnn,baseline,jetson_emulator,300,offload,0.5,67.8878,56.459,56.459,59.0866,12.2523,167.274,167.274,205.7326,92.8117
48,cnn,baseline,jetson_emulator,300,offload,0.5,67.8191,56.269,56.269,58.4336,12.2568,167.274,167.274,205.9103,92.7261
49,cnn,baseline,jetson_emulator,300,offload,0.5,68.9914,56.9308,56.9308,60.3608,12.2413,167.274,167.274,206.0879,92.6408
50,cnn,baseline,jetson_emulator,300,local,0.5,68.4938,57.1836,68.4938,71.6933,11.9769,167.274,167.274,221.9977,92.6836
51,cnn,baseline,jetson_emulator,300,local,0.5,68.2503,56.2966,68.2503,71.7361,11.9824,167.274,167.274,222.1889,92.7406
52,cnn,baseline,jetson_emulator,300,offload,0.5,68.5886,57.0715,57.0715,60.7865,12.238,167.274,167.274,206.6209,92.7161
53,cnn,baseline,jetson_emulator,300,local,0.5,68.4146,56.668,68.4146,70.9178,11.9787,167.274,167.274,222.5713,92.6634
54,cnn,baseline,jetson_emulator,300,offload,0.5,70.061,57.4546,57.4546,60.2391,12.229,167.274,167.274,206.9761,92.7269
55,cnn,baseline,jetson_emulator,300,offload,0.5,68.8481,57.3968,57.3968,60.5613,12.2304,167.274,167.274,207.1538,92.6061
56,cnn,baseline,jetson_emulator,300,offload,0.5,69.0823,56.852,56.852,59.997,12.2431,167.274,167.274,207.3314,92.6858
57,cnn,baseline,jetson_emulator,300,offload,0.5,69.4527,57.009,57.009,60.1224,12.2394,167.274,167.274,207.5091,92.6805
58,cnn,baseline,jetson_emulator,300,offload,0.5,70.001,57.0823,57.0823,59.6643,12.2377,167.274,167.274,207.6867,92.6813
59,cnn,baseline,jetson_emulator,300,offload,0.5,68.8702,58.1124,58.1124,61.3113,12.2137,167.274,167.274,207.8644,92.5994
60,cnn,baseline,jetson_emulator,300,offload,0.5,69.3419,58.6107,58.6107,61.3508,12.2021,167.274,167.274,208.042,92.7191
61,cnn,baseline,jetson_emulator,300,local,0.5,69.0256,57.5777,69.0256,71.4979,11.965,167.274,167.274,224.1008,92.7484
62,cnn,baseline,jetson_emulator,300,offload,0.5,68.9901,57.7115,57.7115,61.0818,12.223,167.274,167.274,208.3973,92.7679
63,cnn,baseline,jetson_emulator,300,offload,0.5,69.3879,57.9017,57.9017,61.5884,12.2186,167.274,167.274,208.575,92.7363
64,cnn,baseline,jetson_emulator,300,local,0.5,68.9976,57.663,68.9976,72.6313,11.9656,167.274,167.274,224.6744,92.5975
65,cnn,baseline,jetson_emulator,300,offload,0.5,69.0213,57.4369,57.4369,60.9662,12.2295,167.274,167.274,208.9302,92.7463
66,cnn,baseline,jetson_emulator,300,offload,0.5,69.1324,57.3102,57.3102,61.3927,12.2324,167.274,167.274,209.1079,92.6404
67,cnn,baseline,jetson_emulator,300,local,0.5,69.6354,57.0685,69.6354,72.6347,11.9514,167.274,167.274,225.248,92.6613
68,cnn,baseline,jetson_emulator,300,offload,0.5,69.2001,58.1946,58.1946,61.5885,12.2118,167.274,167.274,209.4632,92.6181
69,cnn,baseline,jetson_emulator,300,local,0.5,69.683,57.6402,69.683,73.1867,11.9504,167.274,167.274,225.6304,92.6923
70,cnn,baseline,jetson_emulator,300,offload,0.5,69.4071,58.0929,58.0929,61.1348,12.2142,167.274,167.274,209.8185,92.6664
71,cnn,baseline,jetson_emulator,300,offload,0.5,69.5389,57.5037,57.5037,60.9113,12.2279,167.274,167.274,209.9961,92.5589
72,cnn,baseline,jetson_emulator,300,offload,0.5,69.4508,57.792,57.792,61.1507,12.2212,167.274,167.274,210.1738,92.6809
73,cnn,baseline,jetson_emulator,300,offload,0.5,69.8725,57.4035,57.4035,61.1181,12.2302,167.274,167.274,210.3514,92.6785
74,cnn,baseline,jetson_emulator,300,offload,0.5,69.4542,58.0069,58.0069,61.4478,12.2162,167.274,167.274,210.529,92.699
75,cnn,baseline,jetson_emulator,300,local,0.5,69.6136,57.8196,69.6136,72.197,11.9519,167.274,167.274,226.7775,92.6492
76,cnn,baseline,jetson_emulator,300,offload,0.5,69.9233,58.2062,58.2062,61.3197,12.2115,167.274,167.274,210.8843,92.6472
77,cnn,baseline,jetson_emulator,300,offload,0.5,69.7,58.5701,58.5701,61.3571,12.2031,167.274,167.274,211.062,92.6411
78,cnn,baseline,jetson_emulator,300,local,0.5,69.5303,57.6116,69.5303,72.7381,11.9538,167.274,167.274,227.3511,92.6948
79,cnn,baseline,jetson_emulator,300,offload,0.5,69.5851,57.6401,57.6401,60.9944,12.2247,167.274,167.274,211.4173,92.6808
80,cnn,baseline,jetson_emulator,300,local,0.5,69.7822,58.3203,69.7822,72.8975,11.9482,167.274,167.274,227.7335,92.6739
81,cnn,baseline,jetson_emulator,300,offload,0.5,69.8716,58.2321,58.2321,61.1653,12.2109,167.274,167.274,211.7726,92.7175
82,cnn,baseline,jetson_emulator,300,offload,0.5,70.0804,57.8622,57.8622,60.8215,12.2195,167.274,167.274,211.9502,92.683
83,cnn,baseline,jetson_emulator,300,offload,0.5,69.6774,58.0453,58.0453,60.8872,12.2153,167.274,167.274,212.1279,92.6454
84,cnn,baseline,jetson_emulator,300,offload,0.5,70.0089,57.9548,57.9548,60.9094,12.2174,167.274,167.274,212.3055,92.6197
85,cnn,baseline,jetson_emulator,300,offload,0.5,70.1168,57.7755,57.7755,61.4086,12.2216,167.274,167.274,212.4831,92.5208
86,cnn,baseline,jetson_emulator,300,local,0.5,69.9509,57.5544,69.9509,73.085,11.9444,167.274,167.274,228.8807,92.5888
87,cnn,baseline,jetson_emulator,300,local,0.5,70.0762,57.6876,70.0762,73.7178,11.9416,167.274,167.274,229.0719,92.6397
88,cnn,baseline,jetson_emulator,300,offload,0.5,69.7275,58.268,58.268,61.7072,12.2101,167.274,167.274,213.0161,92.5592
89,cnn,baseline,jetson_emulator,300,local,0.5,70.8048,57.6626,70.8048,74.5028,11.9254,167.274,167.274,229.4543,92.6504
90,cnn,baseline,jetson_emulator,300,local,0.5,70.5432,57.6129,70.5432,73.3558,11.9312,167.274,167.274,229.6455,92.7271
91,cnn,baseline,jetson_emulator,300,offload,0.5,69.8819,57.5762,57.5762,60.5103,12.2262,167.274,167.274,213.549,92.6536
92,cnn,baseline,jetson_emulator,300,offload,0.5,69.6931,58.1016,58.1016,61.3068,12.214,167.274,167.274,213.7267,92.6453
93,cnn,baseline,jetson_emulator,300,offload,0.5,69.7309,57.6176,57.6176,60.5145,12.2252,167.274,167.274,213.9043,92.6969
94,cnn,baseline,jetson_emulator,300,local,0.5,69.7595,57.6504,69.7595,73.5566,11.9487,167.274,167.274,230.4102,92.6156
95,cnn,baseline,jetson_emulator,300,offload,0.5,69.7507,57.7935,57.7935,61.6142,12.2211,167.274,167.274,214.2596,92.6988
96,cnn,baseline,jetson_emulator,300,local,0.5,69.9437,58.2688,69.9437,73.5176,11.9446,167.274,167.274,230.7926,92.6144
97,cnn,baseline,jetson_emulator,300,offload,0.5,70.3469,57.5778,57.5778,60.7363,12.2262,167.274,167.274,214.6149,92.5878
98,cnn,baseline,jetson_emulator,300,offload,0.5,69.7991,58.0146,58.0146,62.0815,12.216,167.274,167.274,214.7925,92.6363
99,cnn,baseline,jetson_emulator,300,offload,0.5,69.9842,57.6224,57.6224,60.874,12.2251,167.274,167.274,214.9702,92.6456
100,cnn,baseline,jetson_emulator,300,offload,0.5,70.0053,58.7949,58.7949,61.7971,12.1979,167.274,167.274,215.1478,92.5769
101,cnn,baseline,jetson_emulator,300,offload,0.5,70.0588,57.9076,57.9076,60.3318,12.2185,167.274,167.274,215.3255,92.69
102,cnn,baseline,jetson_emulator,300,local,0.5,69.6139,58.3146,69.6139,72.7103,11.9519,167.274,167.274,231.9398,92.59
103,cnn,baseline,jetson_emulator,300,local,0.5,69.9414,57.556,69.9414,72.9994,11.9446,167.274,167.274,232.131,92.6978
104,cnn,baseline,jetson_emulator,300,local,0.5,69.7446,57.61,69.7446,73.4276,11.949,167.274,167.274,232.3222,92.6982
105,cnn,baseline,jetson_emulator,300,offload,0.5,70.0457,57.5481,57.5481,60.4612,12.2269,167.274,167.274,216.036,92.655
106,cnn,baseline,jetson_emulator,300,offload,0.5,69.7805,58.6187,58.6187,61.1538,12.2019,167.274,167.274,216.2137,92.6491
107,cnn,baseline,jetson_emulator,300,offload,0.5,69.5553,57.563,57.563,60.1322,12.2265,167.274,167.274,216.3913,92.7373
108,cnn,baseline,jetson_emulator,300,local,0.5,69.608,57.5397,69.608,72.3433,11.952,167.274,167.274,233.087,92.7008
109,cnn,baseline,jetson_emulator,300,offload,0.5,69.4827,58.0249,58.0249,60.7957,12.2158,167.274,167.274,216.7466,92.6519
110,cnn,baseline,jetson_emulator,300,offload,0.5,70.3196,57.8379,57.8379,60.6557,12.2201,167.274,167.274,216.9243,92.5777
111,cnn,baseline,jetson_emulator,300,offload,0.5,70.0398,58.184,58.184,61.2246,12.2121,167.274,167.274,217.1019,92.6607
112,cnn,baseline,jetson_emulator,300,offload,0.5,69.4368,57.5293,57.5293,61.1176,12.2273,167.274,167.274,217.2796,92.635
113,cnn,baseline,jetson_emulator,300,local,0.5,69.9371,57.839,69.9371,73.0511,11.9447,167.274,167.274,234.0429,92.6965
114,cnn,baseline,jetson_emulator,300,local,0.5,69.4664,59.0437,69.4664,72.6929,11.9552,167.274,167.274,234.2341,92.632
115,cnn,baseline,jetson_emulator,300,offload,0.5,69.5368,57.8539,57.8539,61.4197,12.2197,167.274,167.274,217.8125,92.7068
116,cnn,baseline,jetson_emulator,300,local,0.5,69.4936,57.3315,69.4936,72.4243,11.9546,167.274,167.274,234.6165,92.7251
117,cnn,baseline,jetson_emulator,300,local,0.5,69.5079,57.8201,69.5079,73.2575,11.9543,167.274,167.274,234.8077,92.609
118,cnn,baseline,jetson_emulator,300,local,0.5,70.0325,57.3361,70.0325,72.8629,11.9426,167.274,167.274,234.9989,92.7144
119,cnn,baseline,jetson_emulator,300,offload,0.5,69.9253,57.6641,57.6641,61.1211,12.2242,167.274,167.274,218.5231,92.6655
120,cnn,baseline,jetson_emulator,300,offload,0.5,69.7684,57.2395,57.2395,60.9362,12.2341,167.274,167.274,218.7007,92.6252
121,cnn,baseline,jetson_emulator,300,offload,0.5,69.4279,57.6603,57.6603,60.6839,12.2242,167.274,167.274,218.8784,92.7004
122,cnn,baseline,jetson_emulator,300,local,0.5,69.44,57.6214,69.44,72.863,11.9558,167.274,167.274,235.7637,92.7399
123,cnn,baseline,jetson_emulator,300,local,0.5,70.5278,57.534,70.5278,73.2879,11.9316,167.274,167.274,235.9549,92.6434
124,cnn,baseline,jetson_emulator,300,offload,0.5,69.2283,57.931,57.931,60.8926,12.2179,167.274,167.274,219.4113,92.6679
125,cnn,baseline,jetson_emulator,300,offload,0.5,69.4977,57.1659,57.1659,60.446,12.2358,167.274,167.274,219.5889,92.6395
126,cnn,baseline,jetson_emulator,300,offload,0.5,69.3939,58.1015,58.1015,61.5936,12.214,167.274,167.274,219.7666,92.7186
127,cnn,baseline,jetson_emulator,300,offload,0.5,68.885,58.3394,58.3394,61.5721,12.2084,167.274,167.274,219.9442,92.7393
128,cnn,baseline,jetson_emulator,300,offload,0.5,69.5964,57.9014,57.9014,60.5741,12.2186,167.274,167.274,220.1219,92.6643
129,cnn,baseline,jetson_emulator,300,local,0.5,69.5024,58.1607,69.5024,72.5857,11.9544,167.274,167.274,237.102,92.5809
130,cnn,baseline,jetson_emulator,300,local,0.5,69.5347,57.8426,69.5347,72.9012,11.9537,167.274,167.274,237.2932,92.6639
131,cnn,baseline,jetson_emulator,300,offload,0.5,69.8339,57.3223,57.3223,60.652,12.2321,167.274,167.274,220.6548,92.6445
132,cnn,baseline,jetson_emulator,300,offload,0.5,68.7686,57.8754,57.8754,61.465,12.2192,167.274,167.274,220.8325,92.6875
133,cnn,baseline,jetson_emulator,300,offload,0.5,69.5304,57.5717,57.5717,60.7287,12.2263,167.274,167.274,221.0101,92.7905
134,cnn,baseline,jetson_emulator,300,offload,0.5,69.0515,57.8214,57.8214,61.4795,12.2205,167.274,167.274,221.1877,92.7841
135,cnn,baseline,jetson_emulator,300,offload,0.5,68.5713,57.034,57.034,60.3037,12.2389,167.274,167.274,221.3654,92.6727
136,cnn,baseline,jetson_emulator,300,offload,0.5,68.855,57.4551,57.4551,60.9307,12.229,167.274,167.274,221.543,92.6666
137,cnn,baseline,jetson_emulator,300,offload,0.5,69.0123,56.8513,56.8513,61.019,12.2431,167.274,167.274,221.7207,92.6919
138,cnn,baseline,jetson_emulator,300,local,0.5,68.3885,56.5769,68.3885,71.7066,11.9793,167.274,167.274,238.8228,92.6713
139,cnn,baseline,jetson_emulator,300,offload,0.5,68.7626,56.9479,56.9479,61.0919,12.2409,167.274,167.274,222.076,92.6712
140,cnn,baseline,jetson_emulator,300,local,0.5,68.4908,56.5646,68.4908,71.806,11.977,167.274,167.274,239.2052,92.5709
141,cnn,baseline,jetson_emulator,300,offload,0.5,68.6902,57.1322,57.1322,59.9721,12.2366,167.274,167.274,222.4313,92.6924
142,cnn,baseline,jetson_emulator,300,offload,0.5,68.3379,56.4008,56.4008,59.2038,12.2537,167.274,167.274,222.6089,92.7314
143,cnn,baseline,jetson_emulator,300,offload,0.5,68.2648,56.5111,56.5111,59.7633,12.2511,167.274,167.274,222.7866,92.6689
144,cnn,baseline,jetson_emulator,300,offload,0.5,68.5385,57.4499,57.4499,60.195,12.2291,167.274,167.274,222.9642,92.6571
145,cnn,baseline,jetson_emulator,300,offload,0.5,68.233,56.2788,56.2788,58.5071,12.2565,167.274,167.274,223.1418,92.5757
146,cnn,baseline,jetson_emulator,300,offload,0.5,68.2851,57.2223,57.2223,61.005,12.2345,167.274,167.274,223.3195,92.5945
147,cnn,baseline,jetson_emulator,300,local,0.5,68.4861,57.6108,68.4861,72.2459,11.9771,167.274,167.274,240.5435,92.6828
148,cnn,baseline,jetson_emulator,300,offload,0.5,68.2262,56.7395,56.7395,60.3233,12.2457,167.274,167.274,223.6748,92.6161
149,cnn,baseline,jetson_emulator,300,offload,0.5,68.8831,56.6863,56.6863,59.619,12.247,167.274,167.274,223.8524,92.7209
150,cnn,baseline,jetson_emulator,300,offload,0.5,67.9447,56.0589,56.0589,58.5109,12.2617,167.274,167.274,224.0301,92.6537
151,cnn,baseline,jetson_emulator,300,offload,0.5,67.7671,58.0776,58.0776,60.8779,12.2145,167.274,167.274,224.2077,92.691
152,cnn,baseline,jetson_emulator,300,local,0.5,68.176,56.6066,68.176,70.9246,11.984,167.274,167.274,241.4995,92.652
153,cnn,baseline,jetson_emulator,300,local,0.5,67.9583,56.7168,67.9583,70.8701,11.9889,167.274,167.274,241.6907,92.7363
154,cnn,baseline,jetson_emulator,300,offload,0.5,67.9292,56.1094,56.1094,59.2317,12.2605,167.274,167.274,224.7406,92.7714
155,cnn,baseline,jetson_emulator,300,offload,0.5,67.7676,57.1459,57.1459,60.7599,12.2362,167.274,167.274,224.9183,92.5963
156,cnn,baseline,jetson_emulator,300,local,0.5,67.7225,56.0958,67.7225,70.6262,11.9942,167.274,167.274,242.2643,92.6285
157,cnn,baseline,jetson_emulator,300,local,0.5,67.5816,55.9855,67.5816,71.027,11.9973,167.274,167.274,242.4555,92.5762
158,cnn,baseline,jetson_emulator,300,offload,0.5,68.9132,55.8238,55.8238,60.7349,12.2672,167.274,167.274,225.4512,92.586
159,cnn,baseline,jetson_emulator,300,local,0.5,67.4281,55.9979,67.4281,69.8662,12.0008,167.274,167.274,242.8379,92.6481
160,cnn,baseline,jetson_emulator,300,local,0.5,68.0333,56.6991,68.0333,71.9439,11.9872,167.274,167.274,243.029,92.6113
161,cnn,baseline,jetson_emulator,300,offload,0.5,67.653,55.7985,55.7985,59.5203,12.2678,167.274,167.274,225.9842,92.7003
162,cnn,baseline,jetson_emulator,300,offload,0.5,67.6435,56.7335,56.7335,59.6012,12.2459,167.274,167.274,226.1618,92.6077
163,cnn,baseline,jetson_emulator,300,local,0.5,67.4895,55.927,67.4895,70.2852,11.9994,167.274,167.274,243.6026,92.732
164,cnn,baseline,jetson_emulator,300,offload,0.5,67.4137,55.6014,55.6014,59.6452,12.2724,167.274,167.274,226.5171,92.683
165,cnn,baseline,jetson_emulator,300,offload,0.5,67.4948,56.8854,56.8854,60.5044,12.2423,167.274,167.274,226.6947,92.7321
166,cnn,baseline,jetson_emulator,300,local,0.5,67.8471,55.5664,67.8471,71.6865,11.9914,167.274,167.274,244.1762,92.6714
167,cnn,baseline,jetson_emulator,300,offload,0.5,68.0074,56.6603,56.6603,59.5719,12.2476,167.274,167.274,227.05,92.6969
168,cnn,baseline,jetson_emulator,300,offload,0.5,67.4619,55.7215,55.7215,59.7364,12.2696,167.274,167.274,227.2277,92.6069
169,cnn,baseline,jetson_emulator,300,offload,0.5,68.1724,56.1724,56.1724,59.1004,12.259,167.274,167.274,227.4053,92.6865
170,cnn,baseline,jetson_emulator,300,local,0.5,67.4727,56.1703,67.4727,70.6873,11.9998,167.274,167.274,244.941,92.6316
171,cnn,baseline,jetson_emulator,300,offload,0.5,67.0248,55.5804,55.5804,58.5668,12.2729,167.274,167.274,227.7606,92.6033
172,cnn,baseline,jetson_emulator,300,offload,0.5,67.7967,55.8121,55.8121,59.0941,12.2675,167.274,167.274,227.9383,92.5976
173,cnn,baseline,jetson_emulator,300,offload,0.5,67.0498,55.6071,55.6071,59.0378,12.2723,167.274,167.274,228.1159,92.616
174,cnn,baseline,jetson_emulator,300,offload,0.5,67.3472,56.1725,56.1725,59.6516,12.259,167.274,167.274,228.2935,92.7054
175,cnn,baseline,jetson_emulator,300,offload,0.5,67.2731,55.7155,55.7155,58.918,12.2697,167.274,167.274,228.4712,92.6805
176,cnn,baseline,jetson_emulator,300,offload,0.5,67.2328,56.3556,56.3556,59.7626,12.2547,167.274,167.274,228.6488,92.7209
177,cnn,baseline,jetson_emulator,300,offload,0.5,67.1372,55.3389,55.3389,58.5496,12.2786,167.274,167.274,228.8265,92.6288
178,cnn,baseline,jetson_emulator,300,offload,0.5,66.8514,55.8684,55.8684,58.3525,12.2661,167.274,167.274,229.0041,92.6937
179,cnn,baseline,jetson_emulator,300,offload,0.5,67.9488,56.037,56.037,60.0714,12.2622,167.274,167.274,229.1818,92.7243
180,cnn,baseline,jetson_emulator,300,offload,0.5,67.0206,55.5461,55.5461,59.1012,12.2737,167.274,167.274,229.3594,92.6896
181,cnn,baseline,jetson_emulator,300,offload,0.5,67.055,56.5569,56.5569,60.5223,12.25,167.274,167.274,229.5371,92.6923
182,cnn,baseline,jetson_emulator,300,offload,0.5,67.039,56.3483,56.3483,59.7972,12.2549,167.274,167.274,229.7147,92.6566
183,cnn,baseline,jetson_emulator,300,offload,0.5,67.6737,55.3252,55.3252,58.2978,12.2789,167.274,167.274,229.8924,92.6401
184,cnn,baseline,jetson_emulator,300,offload,0.5,67.3472,55.4508,55.4508,58.5612,12.2759,167.274,167.274,230.07,92.6129
185,cnn,baseline,jetson_emulator,300,offload,0.5,66.6644,55.8416,55.8416,59.1873,12.2668,167.274,167.274,230.2476,92.6914
186,cnn,baseline,jetson_emulator,300,offload,0.5,66.9707,55.1736,55.1736,58.4209,12.2825,167.274,167.274,230.4253,92.7372
187,cnn,baseline,jetson_emulator,300,local,0.5,67.0826,55.4988,67.0826,69.5271,12.0086,167.274,167.274,248.1913,92.6158
188,cnn,baseline,jetson_emulator,300,local,0.5,66.764,55.8332,66.764,69.7715,12.0157,167.274,167.274,248.3825,92.6864
189,cnn,baseline,jetson_emulator,300,offload,0.5,68.1622,56.4281,56.4281,59.3753,12.253,167.274,167.274,230.9582,92.6399
190,cnn,baseline,jetson_emulator,300,local,0.5,66.8706,55.1832,66.8706,70.1638,12.0133,167.274,167.274,248.7649,92.6395
191,cnn,baseline,jetson_emulator,300,offload,0.5,66.7132,55.2719,55.2719,58.9299,12.2802,167.274,167.274,231.3135,92.662
192,cnn,baseline,jetson_emulator,300,local,0.5,66.797,55.2718,66.797,70.3278,12.015,167.274,167.274,249.1473,92.6732
193,cnn,baseline,jetson_emulator,300,offload,0.5,66.6271,55.2729,55.2729,58.5639,12.2801,167.274,167.274,231.6688,92.7099
194,cnn,baseline,jetson_emulator,300,offload,0.5,67.2697,56.7032,56.7032,60.55,12.2466,167.274,167.274,231.8464,92.6551
195,cnn,baseline,jetson_emulator,300,local,0.5,67.4861,56.8068,67.4861,70.6701,11.9995,167.274,167.274,249.7208,92.6561
196,cnn,baseline,jetson_emulator,300,local,0.5,67.2448,55.4225,67.2448,70.7828,12.0049,167.274,167.274,249.912,92.7482
197,cnn,baseline,jetson_emulator,300,offload,0.5,67.0298,56.0778,56.0778,59.3829,12.2612,167.274,167.274,232.3794,92.6322
198,cnn,baseline,jetson_emulator,300,offload,0.5,67.2379,55.8074,55.8074,59.6451,12.2676,167.274,167.274,232.557,92.6762
199,cnn,baseline,jetson_emulator,300,offload,0.5,66.7345,55.6148,55.6148,58.5458,12.2721,167.274,167.274,232.7347,92.6366
200,cnn,baseline,jetson_emulator,300,offload,0.5,68.2103,55.9243,55.9243,60.1852,12.2648,167.274,167.274,232.9123,92.6876
201,cnn,baseline,jetson_emulator,300,local,0.5,66.6808,55.2854,66.6808,69.5642,12.0176,167.274,167.274,250.868,92.7123
202,cnn,baseline,jetson_emulator,300,offload,0.5,67.0323,55.2645,55.2645,57.9028,12.2803,167.274,167.274,233.2676,92.6373
203,cnn,baseline,jetson_emulator,300,offload,0.5,66.9775,55.2467,55.2467,58.8058,12.2807,167.274,167.274,233.4453,92.7074
204,cnn,baseline,jetson_emulator,300,local,0.5,67.6803,55.2511,67.6803,70.316,11.9951,167.274,167.274,251.4416,92.6859
205,cnn,baseline,jetson_emulator,300,local,0.5,67.2083,55.6915,67.2083,70.1045,12.0057,167.274,167.274,251.6328,92.6676
206,cnn,baseline,jetson_emulator,300,offload,0.5,67.3123,55.6929,55.6929,58.8512,12.2703,167.274,167.274,233.9782,92.742
207,cnn,baseline,jetson_emulator,300,offload,0.5,67.1596,55.4053,55.4053,58.302,12.277,167.274,167.274,234.1558,92.6439
208,cnn,baseline,jetson_emulator,300,offload,0.5,67.0065,55.686,55.686,59.6999,12.2704,167.274,167.274,234.3335,92.7477
209,cnn,baseline,jetson_emulator,300,offload,0.5,66.9219,55.6174,55.6174,58.5314,12.272,167.274,167.274,234.5111,92.6872
210,cnn,baseline,jetson_emulator,300,offload,0.5,67.6976,55.4035,55.4035,58.4064,12.2771,167.274,167.274,234.6888,92.6343
211,cnn,baseline,jetson_emulator,300,local,0.5,67.6071,56.3167,67.6071,70.4444,11.9968,167.274,167.274,252.78,92.6662
212,cnn,baseline,jetson_emulator,300,offload,0.5,68.0228,56.9014,56.9014,60.3048,12.242,167.274,167.274,235.0441,92.6578
213,cnn,baseline,jetson_emulator,300,local,0.5,67.7913,56.308,67.7913,70.7991,11.9926,167.274,167.274,253.1623,92.6968
214,cnn,baseline,jetson_emulator,300,offload,0.5,67.4063,55.526,55.526,59.0909,12.2742,167.274,167.274,235.3993,92.6994
215,cnn,baseline,jetson_emulator,300,offload,0.5,67.1286,55.5467,55.5467,58.4937,12.2737,167.274,167.274,235.577,92.6303
216,cnn,baseline,jetson_emulator,300,local,0.5,67.877,56.497,67.877,70.4971,11.9907,167.274,167.274,253.7359,92.662
217,cnn,baseline,jetson_emulator,300,offload,0.5,67.2362,55.7126,55.7126,59.3797,12.2698,167.274,167.274,235.9323,92.6729
218,cnn,baseline,jetson_emulator,300,local,0.5,68.4695,55.7884,68.4695,72.1127,11.9774,167.274,167.274,254.1183,92.548
219,cnn,baseline,jetson_emulator,300,offload,0.5,68.9502,55.9867,55.9867,59.2659,12.2634,167.274,167.274,236.2876,92.6354
220,cnn,baseline,jetson_emulator,300,local,0.5,68.012,55.7675,68.012,71.779,11.9877,167.274,167.274,254.5007,92.593
221,cnn,baseline,jetson_emulator,300,local,0.5,67.8584,56.9417,67.8584,71.7297,11.9911,167.274,167.274,254.6919,92.7162
222,cnn,baseline,jetson_emulator,300,offload,0.5,68.3088,56.6114,56.6114,59.5576,12.2487,167.274,167.274,236.8205,92.6358
223,cnn,baseline,jetson_emulator,300,local,0.5,68.0229,56.022,68.0229,71.02,11.9874,167.274,167.274,255.0743,92.5774
224,cnn,baseline,jetson_emulator,300,offload,0.5,67.998,57.8607,57.8607,60.7491,12.2196,167.274,167.274,237.1758,92.6515
225,cnn,baseline,jetson_emulator,300,offload,0.5,68.0572,56.7816,56.7816,60.1791,12.2448,167.274,167.274,237.3534,92.7029
226,cnn,baseline,jetson_emulator,300,offload,0.5,69.0449,56.8296,56.8296,58.3138,12.2436,167.274,167.274,237.5311,92.7102
227,cnn,baseline,jetson_emulator,300,offload,0.5,67.7219,57.0308,57.0308,60.3823,12.2389,167.274,167.274,237.7087,92.6685
228,cnn,baseline,jetson_emulator,300,offload,0.5,68.6697,56.3225,56.3225,60.2508,12.2555,167.274,167.274,237.8864,92.6768
229,cnn,baseline,jetson_emulator,300,offload,0.5,68.3433,57.0685,57.0685,60.2285,12.238,167.274,167.274,238.064,92.7285
230,cnn,baseline,jetson_emulator,300,local,0.5,68.3224,57.4778,68.3224,70.2928,11.9807,167.274,167.274,256.4126,92.6678
231,cnn,baseline,jetson_emulator,300,offload,0.5,68.8819,57.172,57.172,60.6502,12.2356,167.274,167.274,238.4193,92.712
232,cnn,baseline,jetson_emulator,300,offload,0.5,68.1039,56.7031,56.7031,59.5234,12.2466,167.274,167.274,238.597,92.6344
233,cnn,baseline,jetson_emulator,300,offload,0.5,68.5155,57.3842,57.3842,60.8378,12.2307,167.274,167.274,238.7746,92.7154
234,cnn,baseline,jetson_emulator,300,offload,0.5,69.8421,57.0817,57.0817,59.8222,12.2377,167.274,167.274,238.9522,92.617
235,cnn,baseline,jetson_emulator,300,local,0.5,68.4877,56.9859,68.4877,71.6245,11.977,167.274,167.274,257.3686,92.6984
236,cnn,baseline,jetson_emulator,300,local,0.5,68.9179,57.0089,68.9179,72.3091,11.9674,167.274,167.274,257.5598,92.7541
237,cnn,baseline,jetson_emulator,300,local,0.5,68.6522,57.3299,68.6522,70.9803,11.9734,167.274,167.274,257.751,92.7118
238,cnn,baseline,jetson_emulator,300,offload,0.5,68.7087,57.4681,57.4681,60.6993,12.2287,167.274,167.274,239.6628,92.6698
239,cnn,baseline,jetson_emulator,300,offload,0.5,68.9662,57.1506,57.1506,61.1356,12.2361,167.274,167.274,239.8405,92.7411
240,cnn,baseline,jetson_emulator,300,offload,0.5,70.0174,57.9093,57.9093,60.9285,12.2184,167.274,167.274,240.0181,92.6708
241,cnn,baseline,jetson_emulator,300,offload,0.5,69.6041,57.3227,57.3227,59.9509,12.2321,167.274,167.274,240.1958,92.6354
242,cnn,baseline,jetson_emulator,300,offload,0.5,70.2024,58.9924,58.9924,61.0946,12.1933,167.274,167.274,240.3734,92.6919
243,cnn,baseline,jetson_emulator,300,offload,0.5,69.1008,57.1068,57.1068,59.1901,12.2372,167.274,167.274,240.5511,92.6474
244,cnn,baseline,jetson_emulator,300,offload,0.5,70.6775,58.5929,58.5929,61.7627,12.2025,167.274,167.274,240.7287,92.645
245,cnn,baseline,jetson_emulator,300,offload,0.5,69.9504,57.6123,57.6123,60.9216,12.2254,167.274,167.274,240.9063,92.6353
246,cnn,baseline,jetson_emulator,300,offload,0.5,69.5059,58.5541,58.5541,61.6713,12.2035,167.274,167.274,241.084,92.663
247,cnn,baseline,jetson_emulator,300,offload,0.5,70.2871,58.3707,58.3707,62.1515,12.2077,167.274,167.274,241.2616,92.7082
248,cnn,baseline,jetson_emulator,300,offload,0.5,70.2027,58.2429,58.2429,62.0952,12.2107,167.274,167.274,241.4393,92.6416
249,cnn,baseline,jetson_emulator,300,offload,0.5,71.0982,57.884,57.884,61.5007,12.219,167.274,167.274,241.6169,92.6701
250,cnn,baseline,jetson_emulator,300,local,0.5,70.0405,58.8794,70.0405,73.4718,11.9424,167.274,167.274,260.2365,92.666
251,cnn,baseline,jetson_emulator,300,offload,0.5,69.9432,58.699,58.699,62.0729,12.2001,167.274,167.274,241.9722,92.7513
252,cnn,baseline,jetson_emulator,300,offload,0.5,70.288,58.3531,58.3531,60.9095,12.2081,167.274,167.274,242.1499,92.5643
253,cnn,baseline,jetson_emulator,300,offload,0.5,70.202,58.2315,58.2315,60.2039,12.2109,167.274,167.274,242.3275,92.6676
254,cnn,baseline,jetson_emulator,300,offload,0.5,70.3123,59.0554,59.0554,62.3567,12.1918,167.274,167.274,242.5051,92.7274
255,cnn,baseline,jetson_emulator,300,offload,0.5,71.2249,59.2062,59.2062,62.0687,12.1883,167.274,167.274,242.6828,92.6934
256,cnn,baseline,jetson_emulator,300,local,0.5,71.1806,58.6916,71.1806,73.9291,11.9171,167.274,167.274,261.3837,92.6922
257,cnn,baseline,jetson_emulator,300,offload,0.5,71.1945,60.2705,60.2705,63.5661,12.1637,167.274,167.274,243.0381,92.6296
258,cnn,baseline,jetson_emulator,300,offload,0.5,70.947,58.9358,58.9358,62.8838,12.1946,167.274,167.274,243.2157,92.6851
259,cnn,baseline,jetson_emulator,300,offload,0.5,71.2551,61.2365,61.2365,64.8282,12.1415,167.274,167.274,243.3934,92.6849
260,cnn,baseline,jetson_emulator,300,offload,0.5,71.7848,59.6986,59.6986,63.1742,12.1769,167.274,167.274,243.571,92.7306
261,cnn,baseline,jetson_emulator,300,offload,0.5,71.2589,60.2149,60.2149,63.4456,12.165,167.274,167.274,243.7487,92.5913
262,cnn,baseline,jetson_emulator,300,local,0.5,71.629,59.0552,71.629,74.3749,11.9072,167.274,167.274,262.5309,92.6116
263,cnn,baseline,jetson_emulator,300,offload,0.5,71.7232,59.3464,59.3464,62.6806,12.1851,167.274,167.274,244.104,92.8007
264,cnn,baseline,jetson_emulator,300,offload,0.5,71.904,59.3709,59.3709,62.3333,12.1845,167.274,167.274,244.2816,92.6671
265,cnn,baseline,jetson_emulator,300,local,0.5,72.5253,60.538,72.5253,75.5973,11.8874,167.274,167.274,263.1044,92.6662
266,cnn,baseline,jetson_emulator,300,offload,0.5,72.0572,59.476,59.476,62.6799,12.1821,167.274,167.274,244.6369,92.6686
267,cnn,baseline,jetson_emulator,300,offload,0.5,72.4129,59.5308,59.5308,62.5717,12.1808,167.274,167.274,244.8145,92.6322
268,cnn,baseline,jetson_emulator,300,offload,0.5,72.4272,59.8161,59.8161,63.4828,12.1742,167.274,167.274,244.9922,92.6531
269,cnn,baseline,jetson_emulator,300,offload,0.5,72.3961,60.1633,60.1633,62.7736,12.1662,167.274,167.274,245.1698,92.7405
270,cnn,baseline,jetson_emulator,300,offload,0.5,72.4184,60.0375,60.0375,61.8144,12.1691,167.274,167.274,245.3475,92.6209
271,cnn,baseline,jetson_emulator,300,local,0.5,72.7429,61.1965,72.7429,75.5583,11.8826,167.274,167.274,264.2516,92.6061
272,cnn,baseline,jetson_emulator,300,local,0.5,72.7644,61.3933,72.7644,76.561,11.8821,167.274,167.274,264.4428,92.629
273,cnn,baseline,jetson_emulator,300,offload,0.5,73.5722,60.6794,60.6794,64.3928,12.1543,167.274,167.274,245.8804,92.6336
274,cnn,baseline,jetson_emulator,300,offload,0.5,73.5917,60.7581,60.7581,64.1948,12.1525,167.274,167.274,246.058,92.6516
275,cnn,baseline,jetson_emulator,300,offload,0.5,73.2113,61.3473,61.3473,63.7345,12.1389,167.274,167.274,246.2357,92.701
276,cnn,baseline,jetson_emulator,300,offload,0.5,73.4697,60.7796,60.7796,63.7825,12.152,167.274,167.274,246.4133,92.6588
277,cnn,baseline,jetson_emulator,300,offload,0.5,73.5331,61.1345,61.1345,64.7269,12.1438,167.274,167.274,246.591,92.7663
278,cnn,baseline,jetson_emulator,300,offload,0.5,73.5886,61.1145,61.1145,63.6852,12.1443,167.274,167.274,246.7686,92.6319
279,cnn,baseline,jetson_emulator,300,offload,0.5,73.7423,61.3198,61.3198,65.1221,12.1396,167.274,167.274,246.9463,92.7045
280,cnn,baseline,jetson_emulator,300,offload,0.5,74.8607,61.7264,61.7264,64.6826,12.1302,167.274,167.274,247.1239,92.5761
281,cnn,baseline,jetson_emulator,300,offload,0.5,74.1554,61.6394,61.6394,64.826,12.1322,167.274,167.274,247.3016,92.6872
282,cnn,baseline,jetson_emulator,300,offload,0.5,74.4455,61.2554,61.2554,64.0677,12.141,167.274,167.274,247.4792,92.7162
283,cnn,baseline,jetson_emulator,300,offload,0.5,74.9444,61.3334,61.3334,64.5921,12.1392,167.274,167.274,247.6569,92.7214
284,cnn,baseline,jetson_emulator,300,local,0.5,74.6416,61.9568,74.6416,78.2208,11.8409,167.274,167.274,266.7371,92.7028
285,cnn,baseline,jetson_emulator,300,offload,0.5,75.2767,62.4537,62.4537,65.9727,12.1136,167.274,167.274,248.0121,92.6106
286,cnn,baseline,jetson_emulator,300,local,0.5,75.5435,62.5289,75.5435,78.8285,11.8213,167.274,167.274,267.1195,92.6612
287,cnn,baseline,jetson_emulator,300,offload,0.5,74.8631,61.9475,61.9475,64.7388,12.1251,167.274,167.274,248.3674,92.5613
288,cnn,baseline,jetson_emulator,300,offload,0.5,74.9462,64.1362,64.1362,66.8075,12.0752,167.274,167.274,248.5451,92.6394
289,cnn,baseline,jetson_emulator,300,offload,0.5,76.2863,63.0528,63.0528,66.751,12.0999,167.274,167.274,248.7227,92.7635
290,cnn,baseline,jetson_emulator,300,offload,0.5,77.1122,63.0982,63.0982,66.0305,12.0988,167.274,167.274,248.9004,92.7054
291,cnn,baseline,jetson_emulator,300,local,0.5,75.9711,63.4889,75.9711,78.8291,11.812,167.274,167.274,268.0755,92.7579
292,cnn,baseline,jetson_emulator,300,offload,0.5,75.7305,62.9234,62.9234,66.0335,12.1028,167.274,167.274,249.2557,92.6699
293,cnn,baseline,jetson_emulator,300,local,0.5,76.6525,63.1105,76.6525,79.8879,11.7971,167.274,167.274,268.4579,92.6436
294,cnn,baseline,jetson_emulator,300,local,0.5,76.0037,63.0301,76.0037,79.0507,11.8112,167.274,167.274,268.6491,92.7342
295,cnn,baseline,jetson_emulator,300,local,0.5,76.1552,63.2533,76.1552,79.3843,11.8079,167.274,167.274,268.8403,92.7024
296,cnn,baseline,jetson_emulator,300,local,0.5,77.0335,63.7394,77.0335,80.3742,11.7889,167.274,167.274,269.0315,92.7375
297,cnn,baseline,jetson_emulator,300,local,0.5,76.2838,63.4936,76.2838,78.7975,11.8052,167.274,167.274,269.2227,92.6097
298,cnn,baseline,jetson_emulator,300,offload,0.5,77.7138,63.3844,63.3844,66.9661,12.0923,167.274,167.274,250.3215,92.6906
299,cnn,baseline,jetson_emulator,300,offload,0.5,76.6054,63.8634,63.8634,66.4471,12.0814,167.274,167.274,250.4992,92.6636
300,cnn,baseline,jetson_emulator,300,offload,0.5,77.0684,64.6777,64.6777,67.3893,12.0629,167.274,167.274,250.6768,92.7068
301,cnn,baseline,jetson_emulator,300,local,0.5,77.2655,64.4373,77.2655,80.851,11.7839,167.274,167.274,269.9874,92.6882
302,cnn,baseline,jetson_emulator,300,offload,0.5,77.2933,64.5527,64.5527,68.6564,12.0657,167.274,167.274,251.0321,92.6252
303,cnn,baseline,jetson_emulator,300,offload,0.5,77.813,64.4308,64.4308,67.7749,12.0685,167.274,167.274,251.2098,92.6738
304,cnn,baseline,jetson_emulator,300,offload,0.5,77.3315,64.0705,64.0705,66.9968,12.0767,167.274,167.274,251.3874,92.624
305,cnn,baseline,jetson_emulator,300,offload,0.5,77.9785,64.5922,64.5922,67.7085,12.0648,167.274,167.274,251.565,92.7395
306,cnn,baseline,jetson_emulator,300,offload,0.5,77.7809,64.9816,64.9816,67.9855,12.056,167.274,167.274,251.7427,92.5947
307,cnn,baseline,jetson_emulator,300,offload,0.5,78.2195,64.9117,64.9117,68.3429,12.0576,167.274,167.274,251.9203,92.6872
308,cnn,baseline,jetson_emulator,300,local,0.5,78.0726,64.5124,78.0726,81.8257,11.7664,167.274,167.274,271.3258,92.7604
309,cnn,baseline,jetson_emulator,300,offload,0.5,78.5625,65.1976,65.1976,67.8316,12.0511,167.274,167.274,252.2756,92.6554
310,cnn,baseline,jetson_emulator,300,offload,0.5,78.2155,66.4244,66.4244,68.6494,12.0234,167.274,167.274,252.4533,92.7344
311,cnn,baseline,jetson_emulator,300,offload,0.5,78.6355,65.2185,65.2185,68.2157,12.0506,167.274,167.274,252.6309,92.6045
312,cnn,baseline,jetson_emulator,300,offload,0.5,78.5205,65.4516,65.4516,68.4061,12.0453,167.274,167.274,252.8086,92.6157
313,cnn,baseline,jetson_emulator,300,offload,0.5,78.7552,66.4402,66.4402,70.2551,12.023,167.274,167.274,252.9862,92.5981
314,cnn,baseline,jetson_emulator,300,offload,0.5,78.8278,66.4557,66.4557,70.7079,12.0227,167.274,167.274,253.1638,92.6946
315,cnn,baseline,jetson_emulator,300,offload,0.5,79.1001,65.2866,65.2866,68.1423,12.0491,167.274,167.274,253.3415,92.6708
316,cnn,baseline,jetson_emulator,300,offload,0.5,79.2336,65.8493,65.8493,69.8171,12.0364,167.274,167.274,253.5191,92.656
317,cnn,baseline,jetson_emulator,300,offload,0.5,79.3174,65.6634,65.6634,69.0535,12.0406,167.274,167.274,253.6968,92.6918
318,cnn,baseline,jetson_emulator,300,offload,0.5,80.3325,66.2766,66.2766,68.9999,12.0267,167.274,167.274,253.8744,92.6172
319,cnn,baseline,jetson_emulator,300,offload,0.5,80.1183,66.0566,66.0566,68.7814,12.0317,167.274,167.274,254.0521,92.6551
320,cnn,baseline,jetson_emulator,300,offload,0.5,80.1833,66.032,66.032,69.6385,12.0322,167.274,167.274,254.2297,92.6496
321,cnn,baseline,jetson_emulator,300,offload,0.5,80.057,67.0832,67.0832,69.6616,12.0085,167.274,167.274,254.4074,92.6871
322,cnn,baseline,jetson_emulator,300,offload,0.5,79.9285,66.2591,66.2591,69.3239,12.0271,167.274,167.274,254.585,92.6336
323,cnn,baseline,jetson_emulator,300,offload,0.5,80.0215,66.2598,66.2598,69.6046,12.0271,167.274,167.274,254.7627,92.6728
324,cnn,baseline,jetson_emulator,300,offload,0.5,80.9169,66.9172,66.9172,69.9728,12.0123,167.274,167.274,254.9403,92.693
325,cnn,baseline,jetson_emulator,300,offload,0.5,80.3666,67.3445,67.3445,69.7378,12.0027,167.274,167.274,255.1179,92.6399
326,cnn,baseline,jetson_emulator,300,offload,0.5,80.4904,66.6808,66.6808,69.9011,12.0176,167.274,167.274,255.2956,92.6336
327,cnn,baseline,jetson_emulator,300,offload,0.5,80.7526,67.0578,67.0578,70.0688,12.0091,167.274,167.274,255.4732,92.6041
328,cnn,baseline,jetson_emulator,300,offload,0.5,81.1058,66.9219,66.9219,70.1501,12.0122,167.274,167.274,255.6509,92.5835
329,cnn,baseline,jetson_emulator,300,offload,0.5,81.381,66.7977,66.7977,70.1614,12.015,167.274,167.274,255.8285,92.5938
330,cnn,baseline,jetson_emulator,300,local,0.5,81.589,67.1124,81.589,84.8602,11.691,167.274,167.274,275.5321,92.6817
331,cnn,baseline,jetson_emulator,300,local,0.5,81.3359,67.7463,81.3359,84.5831,11.6964,167.274,167.274,275.7233,92.6231
332,cnn,baseline,jetson_emulator,300,local,0.5,81.2073,67.2653,81.2073,84.2414,11.6991,167.274,167.274,275.9144,92.658
333,cnn,baseline,jetson_emulator,300,offload,0.5,81.7776,67.2602,67.2602,70.7983,12.0046,167.274,167.274,256.5391,92.5948
334,cnn,baseline,jetson_emulator,300,local,0.5,82.3879,67.9827,82.3879,86.1337,11.674,167.274,167.274,276.2968,92.6918
335,cnn,baseline,jetson_emulator,300,offload,0.5,82.4434,67.7171,67.7171,70.6754,11.9943,167.274,167.274,256.8944,92.7077
336,cnn,baseline,jetson_emulator,300,local,0.5,81.9962,67.9637,81.9962,85.0949,11.6823,167.274,167.274,276.6792,92.6513
337,cnn,baseline,jetson_emulator,300,local,0.5,82.0069,67.945,82.0069,85.0773,11.6821,167.274,167.274,276.8704,92.7006
338,cnn,baseline,jetson_emulator,300,offload,0.5,82.0635,67.7861,67.7861,70.6031,11.9928,167.274,167.274,257.4273,92.5728
339,cnn,baseline,jetson_emulator,300,local,0.5,82.0065,68.3774,82.0065,85.6794,11.6821,167.274,167.274,277.2528,92.6545
340,cnn,baseline,jetson_emulator,300,offload,0.5,82.6034,68.0219,68.0219,72.2435,11.9875,167.274,167.274,257.7826,92.6775
341,cnn,baseline,jetson_emulator,300,local,0.5,82.2995,68.1492,82.2995,85.9521,11.6758,167.274,167.274,277.6352,92.5902
342,cnn,baseline,jetson_emulator,300,offload,0.5,82.3524,70.2454,70.2454,73.9926,11.9379,167.274,167.274,258.1379,92.6084
343,cnn,baseline,jetson_emulator,300,local,0.5,83.4497,68.9887,83.4497,87.0683,11.6514,167.274,167.274,278.0176,92.6736
344,cnn,baseline,jetson_emulator,300,offload,0.5,82.5284,68.7827,68.7827,72.1056,11.9704,167.274,167.274,258.4932,92.6925
345,cnn,baseline,jetson_emulator,300,offload,0.5,83.0659,68.7318,68.7318,72.2026,11.9716,167.274,167.274,258.6708,92.6833
346,cnn,baseline,jetson_emulator,300,offload,0.5,82.7862,68.6018,68.6018,71.9219,11.9745,167.274,167.274,258.8485,92.6073
347,cnn,baseline,jetson_emulator,300,local,0.5,82.8984,68.7731,82.8984,85.9912,11.6631,167.274,167.274,278.7824,92.6712
348,cnn,baseline,jetson_emulator,300,offload,0.5,83.9588,69.7879,69.7879,73.0956,11.948,167.274,167.274,259.2038,92.645
349,cnn,baseline,jetson_emulator,300,offload,0.5,83.102,69.2284,69.2284,72.3139,11.9605,167.274,167.274,259.3814,92.6397
350,cnn,baseline,jetson_emulator,300,offload,0.5,83.1982,69.0924,69.0924,72.8867,11.9635,167.274,167.274,259.5591,92.6322
351,cnn,baseline,jetson_emulator,300,offload,0.5,83.3199,70.6158,70.6158,74.0332,11.9296,167.274,167.274,259.7367,92.6451
352,cnn,baseline,jetson_emulator,300,offload,0.5,84.6897,69.4347,69.4347,71.9871,11.9559,167.274,167.274,259.9144,92.649
353,cnn,baseline,jetson_emulator,300,offload,0.5,84.4004,69.2807,69.2807,72.8059,11.9593,167.274,167.274,260.092,92.6393
354,cnn,baseline,jetson_emulator,300,offload,0.5,83.4673,70.372,70.372,73.9876,11.935,167.274,167.274,260.2696,92.6408
355,cnn,baseline,jetson_emulator,300,offload,0.5,83.6457,69.2354,69.2354,72.5755,11.9603,167.274,167.274,260.4473,92.638
356,cnn,baseline,jetson_emulator,300,offload,0.5,84.3391,69.4566,69.4566,72.805,11.9554,167.274,167.274,260.6249,92.7184
357,cnn,baseline,jetson_emulator,300,local,0.5,84.2661,71.2646,84.2661,87.2712,11.6342,167.274,167.274,280.6943,92.6592
358,cnn,baseline,jetson_emulator,300,offload,0.5,83.8169,69.8233,69.8233,73.0855,11.9472,167.274,167.274,260.9802,92.6747
359,cnn,baseline,jetson_emulator,300,offload,0.5,84.3386,70.7973,70.7973,73.5845,11.9256,167.274,167.274,261.1579,92.6229
360,cnn,baseline,jetson_emulator,300,local,0.5,84.2285,70.2944,84.2285,87.7302,11.635,167.274,167.274,281.2679,92.6031
361,cnn,baseline,jetson_emulator,300,offload,0.5,84.4939,69.6968,69.6968,72.3122,11.9501,167.274,167.274,261.5132,92.5989
362,cnn,baseline,jetson_emulator,300,local,0.5,84.9562,70.1453,84.9562,88.3739,11.6196,167.274,167.274,281.6503,92.7158
363,cnn,baseline,jetson_emulator,300,local,0.5,84.4756,69.8747,84.4756,88.4984,11.6298,167.274,167.274,281.8415,92.6735
364,cnn,baseline,jetson_emulator,300,offload,0.5,84.3079,69.6938,69.6938,73.4342,11.9501,167.274,167.274,262.0461,92.6968
365,cnn,baseline,jetson_emulator,300,offload,0.5,84.3361,69.647,69.647,72.8341,11.9512,167.274,167.274,262.2237,92.6089
366,cnn,baseline,jetson_emulator,300,offload,0.5,84.6299,71.0317,71.0317,74.5456,11.9204,167.274,167.274,262.4014,92.6464
367,cnn,baseline,jetson_emulator,300,local,0.5,84.7781,70.2178,84.7781,88.1225,11.6234,167.274,167.274,282.6062,92.6317
368,cnn,baseline,jetson_emulator,300,local,0.5,84.902,70.3161,84.902,87.7838,11.6208,167.274,167.274,282.7974,92.769
369,cnn,baseline,jetson_emulator,300,local,0.5,84.5739,70.0437,84.5739,87.9249,11.6277,167.274,167.274,282.9886,92.6526
370,cnn,baseline,jetson_emulator,300,offload,0.5,85.6664,69.9338,69.9338,72.8992,11.9448,167.274,167.274,263.112,92.7685
371,cnn,baseline,jetson_emulator,300,offload,0.5,84.9047,70.6153,70.6153,74.3262,11.9296,167.274,167.274,263.2896,92.5584
372,cnn,baseline,jetson_emulator,300,local,0.5,84.9021,71.0543,84.9021,88.097,11.6208,167.274,167.274,283.5622,92.6417
373,cnn,baseline,jetson_emulator,300,offload,0.5,84.7178,70.953,70.953,74.7512,11.9221,167.274,167.274,263.6449,92.6727
374,cnn,baseline,jetson_emulator,300,offload,0.5,85.0537,70.4218,70.4218,73.4038,11.9339,167.274,167.274,263.8225,92.6994
375,cnn,baseline,jetson_emulator,300,offload,0.5,85.9304,70.3289,70.3289,73.7331,11.936,167.274,167.274,264.0002,92.627
376,cnn,baseline,jetson_emulator,300,offload,0.5,85.2959,71.0447,71.0447,74.1661,11.9201,167.274,167.274,264.1778,92.6776
377,cnn,baseline,jetson_emulator,300,local,0.5,85.7974,70.8239,85.7974,89.3299,11.602,167.274,167.274,284.5182,92.6273
378,cnn,baseline,jetson_emulator,300,offload,0.5,85.7613,71.4935,71.4935,74.7257,11.9102,167.274,167.274,264.5331,92.5269
379,cnn,baseline,jetson_emulator,300,offload,0.5,85.2846,70.9544,70.9544,73.9976,11.9221,167.274,167.274,264.7108,92.6164
380,cnn,baseline,jetson_emulator,300,offload,0.5,85.3829,71.0569,71.0569,74.3314,11.9198,167.274,167.274,264.8884,92.6352
381,cnn,baseline,jetson_emulator,300,offload,0.5,85.126,70.9491,70.9491,73.0514,11.9222,167.274,167.274,265.0661,92.5981
382,cnn,baseline,jetson_emulator,300,offload,0.5,85.6918,70.745,70.745,73.5706,11.9268,167.274,167.274,265.2437,92.6928
383,cnn,baseline,jetson_emulator,300,offload,0.5,85.1452,71.3081,71.3081,74.231,11.9143,167.274,167.274,265.4214,92.648
384,cnn,baseline,jetson_emulator,300,local,0.5,85.6737,70.4499,85.6737,88.7032,11.6046,167.274,167.274,285.8565,92.6452
385,cnn,baseline,jetson_emulator,300,local,0.5,85.6128,71.5198,85.6128,88.6833,11.6058,167.274,167.274,286.0477,92.639
386,cnn,baseline,jetson_emulator,300,local,0.5,85.3516,71.3297,85.3516,88.9921,11.6113,167.274,167.274,286.2389,92.7186
387,cnn,baseline,jetson_emulator,300,offload,0.5,85.465,71.5118,71.5118,75.1256,11.9098,167.274,167.274,266.1319,92.6088
388,cnn,baseline,jetson_emulator,300,offload,0.5,85.8541,71.5925,71.5925,75.5262,11.908,167.274,167.274,266.3096,92.5974
389,cnn,baseline,jetson_emulator,300,offload,0.5,85.5372,70.9948,70.9948,73.3559,11.9212,167.274,167.274,266.4872,92.7451
390,cnn,baseline,jetson_emulator,300,offload,0.5,86.3501,71.6034,71.6034,75.1998,11.9077,167.274,167.274,266.6649,92.642
391,cnn,baseline,jetson_emulator,300,local,0.5,86.7581,70.6243,86.7581,89.1162,11.5818,167.274,167.274,287.1949,92.6756
392,cnn,baseline,jetson_emulator,300,offload,0.5,85.2844,71.3612,71.3612,74.4904,11.9131,167.274,167.274,267.0202,92.6872
393,cnn,baseline,jetson_emulator,300,offload,0.5,86.1899,70.9103,70.9103,73.9169,11.9231,167.274,167.274,267.1978,92.5858
394,cnn,baseline,jetson_emulator,300,offload,0.5,85.8111,72.2935,72.2935,75.3488,11.8925,167.274,167.274,267.3754,92.6647
395,cnn,baseline,jetson_emulator,300,offload,0.5,85.8179,71.2863,71.2863,75.2221,11.9148,167.274,167.274,267.5531,92.625
396,cnn,baseline,jetson_emulator,300,local,0.5,86.6848,71.0072,86.6848,90.1241,11.5834,167.274,167.274,288.1509,92.5986
397,cnn,baseline,jetson_emulator,300,offload,0.5,85.7586,72.3955,72.3955,75.8395,11.8903,167.274,167.274,267.9084,92.681
398,cnn,baseline,jetson_emulator,300,offload,0.5,86.0415,70.7939,70.7939,74.5537,11.9257,167.274,167.274,268.086,92.6298
399,cnn,baseline,jetson_emulator,300,offload,0.5,86.611,71.7973,71.7973,74.8503,11.9035,167.274,167.274,268.2637,92.688
400,cnn,baseline,jetson_emulator,300,local,0.5,85.8146,70.604,85.8146,88.255,11.6016,167.274,167.274,288.9157,92.6014
401,cnn,baseline,jetson_emulator,300,local,0.5,85.8046,70.8029,85.8046,89.8489,11.6018,167.274,167.274,289.1068,92.7402
402,cnn,baseline,jetson_emulator,300,offload,0.5,85.6249,71.3268,71.3268,75.1248,11.9139,167.274,167.274,268.7966,92.6753
403,cnn,baseline,jetson_emulator,300,local,0.5,86.2982,70.8525,86.2982,89.7277,11.5915,167.274,167.274,289.4892,92.644
404,cnn,baseline,jetson_emulator,300,local,0.5,85.8174,71.0125,85.8174,89.6602,11.6015,167.274,167.274,289.6804,92.6486
405,cnn,baseline,jetson_emulator,300,offload,0.5,85.7338,71.5691,71.5691,74.5576,11.9085,167.274,167.274,269.3295,92.6834
406,cnn,baseline,jetson_emulator,300,offload,0.5,85.4589,70.7222,70.7222,74.2161,11.9273,167.274,167.274,269.5072,92.7108
407,cnn,baseline,jetson_emulator,300,offload,0.5,86.121,71.2495,71.2495,74.388,11.9156,167.274,167.274,269.6848,92.6524
408,cnn,baseline,jetson_emulator,300,offload,0.5,86.4755,70.8048,70.8048,74.3964,11.9254,167.274,167.274,269.8625,92.6158
409,cnn,baseline,jetson_emulator,300,local,0.5,86.1702,70.8316,86.1702,89.8478,11.5941,167.274,167.274,290.6364,92.6449
410,cnn,baseline,jetson_emulator,300,offload,0.5,85.9071,71.2494,71.2494,74.3908,11.9156,167.274,167.274,270.2178,92.759
411,cnn,baseline,jetson_emulator,300,offload,0.5,85.4873,71.3371,71.3371,74.0076,11.9136,167.274,167.274,270.3954,92.7152
412,cnn,baseline,jetson_emulator,300,offload,0.5,86.4188,71.7651,71.7651,74.9055,11.9042,167.274,167.274,270.5731,92.6079
413,cnn,baseline,jetson_emulator,300,offload,0.5,85.5625,71.9312,71.9312,74.8133,11.9005,167.274,167.274,270.7507,92.6953
414,cnn,baseline,jetson_emulator,300,offload,0.5,86.0947,72.997,72.997,76.3161,11.877,167.274,167.274,270.9283,92.6374
415,cnn,baseline,jetson_emulator,300,offload,0.5,85.9604,70.915,70.915,73.6261,11.923,167.274,167.274,271.106,92.8211
416,cnn,baseline,jetson_emulator,300,offload,0.5,86.2727,71.3039,71.3039,74.7436,11.9144,167.274,167.274,271.2836,92.6511
417,cnn,baseline,jetson_emulator,300,local,0.5,85.4851,70.597,85.4851,89.9511,11.6085,167.274,167.274,292.166,92.7112
418,cnn,baseline,jetson_emulator,300,offload,0.5,85.5785,70.5891,70.5891,73.7428,11.9302,167.274,167.274,271.6389,92.6695
419,cnn,baseline,jetson_emulator,300,local,0.5,85.7714,70.6712,85.7714,88.6415,11.6025,167.274,167.274,292.5483,92.6769
420,cnn,baseline,jetson_emulator,300,offload,0.5,85.7089,71.1161,71.1161,74.3144,11.9185,167.274,167.274,271.9942,92.6125
421,cnn,baseline,jetson_emulator,300,offload,0.5,86.3424,71.1436,71.1436,74.4066,11.9179,167.274,167.274,272.1719,92.7156
422,cnn,baseline,jetson_emulator,300,offload,0.5,86.2782,71.0184,71.0184,74.4169,11.9207,167.274,167.274,272.3495,92.641
423,cnn,baseline,jetson_emulator,300,offload,0.5,86.106,70.8583,70.8583,75.3145,11.9242,167.274,167.274,272.5271,92.588
424,cnn,baseline,jetson_emulator,300,offload,0.5,85.4,72.0035,72.0035,74.6256,11.8989,167.274,167.274,272.7048,92.6877
425,cnn,baseline,jetson_emulator,300,offload,0.5,85.9468,70.7194,70.7194,72.7489,11.9273,167.274,167.274,272.8824,92.6854
426,cnn,baseline,jetson_emulator,300,offload,0.5,85.3158,71.1622,71.1622,74.2176,11.9175,167.274,167.274,273.0601,92.6885
427,cnn,baseline,jetson_emulator,300,offload,0.5,86.4048,70.5889,70.5889,74.5736,11.9302,167.274,167.274,273.2377,92.6643
428,cnn,baseline,jetson_emulator,300,offload,0.5,85.711,72.4988,72.4988,75.2235,11.888,167.274,167.274,273.4154,92.5597
429,cnn,baseline,jetson_emulator,300,offload,0.5,86.0847,71.5144,71.5144,74.467,11.9097,167.274,167.274,273.593,92.6868
430,cnn,baseline,jetson_emulator,300,offload,0.5,85.5252,70.5963,70.5963,74.5639,11.9301,167.274,167.274,273.7707,92.6891
431,cnn,baseline,jetson_emulator,300,offload,0.5,86.6561,71.7024,71.7024,75.8588,11.9056,167.274,167.274,273.9483,92.6385
432,cnn,baseline,jetson_emulator,300,offload,0.5,85.3043,70.5513,70.5513,74.3616,11.9311,167.274,167.274,274.126,92.6635
433,cnn,baseline,jetson_emulator,300,offload,0.5,85.95,70.9063,70.9063,74.2683,11.9232,167.274,167.274,274.3036,92.6166
434,cnn,baseline,jetson_emulator,300,offload,0.5,85.9064,70.4464,70.4464,73.1181,11.9334,167.274,167.274,274.4812,92.6284
435,cnn,baseline,jetson_emulator,300,offload,0.5,85.5387,70.7881,70.7881,73.4654,11.9258,167.274,167.274,274.6589,92.6946
436,cnn,baseline,jetson_emulator,300,local,0.5,86.3784,70.7948,86.3784,89.5199,11.5898,167.274,167.274,295.7986,92.6828
437,cnn,baseline,jetson_emulator,300,local,0.5,85.8492,70.8107,85.8492,89.2624,11.6009,167.274,167.274,295.9898,92.619
438,cnn,baseline,jetson_emulator,300,offload,0.5,85.6586,71.2997,71.2997,75.0502,11.9145,167.274,167.274,275.1918,92.6349
439,cnn,baseline,jetson_emulator,300,offload,0.5,85.5127,71.1695,71.1695,74.3167,11.9173,167.274,167.274,275.3695,92.6149
440,cnn,baseline,jetson_emulator,300,offload,0.5,85.2543,70.9075,70.9075,74.1478,11.9232,167.274,167.274,275.5471,92.6687
441,cnn,baseline,jetson_emulator,300,offload,0.5,85.3941,70.9298,70.9298,74.3563,11.9227,167.274,167.274,275.7248,92.6701
442,cnn,baseline,jetson_emulator,300,offload,0.5,85.8485,70.9892,70.9892,74.1612,11.9213,167.274,167.274,275.9024,92.7673
443,cnn,baseline,jetson_emulator,300,offload,0.5,85.5204,71.5607,71.5607,75.0497,11.9087,167.274,167.274,276.08,92.6555
444,cnn,baseline,jetson_emulator,300,offload,0.5,85.4995,70.6216,70.6216,73.7837,11.9295,167.274,167.274,276.2577,92.6408
445,cnn,baseline,jetson_emulator,300,offload,0.5,85.4129,71.5849,71.5849,74.7381,11.9082,167.274,167.274,276.4353,92.7292
446,cnn,baseline,jetson_emulator,300,offload,0.5,85.3202,70.8784,70.8784,74.5015,11.9238,167.274,167.274,276.613,92.652
447,cnn,baseline,jetson_emulator,300,offload,0.5,85.5763,70.7328,70.7328,74.56,11.927,167.274,167.274,276.7906,92.6948
448,cnn,baseline,jetson_emulator,300,offload,0.5,85.5352,70.6779,70.6779,73.5958,11.9282,167.274,167.274,276.9683,92.6744
449,cnn,baseline,jetson_emulator,300,local,0.5,85.7386,71.3572,85.7386,88.7871,11.6032,167.274,167.274,298.2842,92.7133
450,cnn,baseline,jetson_emulator,300,offload,0.5,85.2469,70.3843,70.3843,73.4198,11.9348,167.274,167.274,277.3236,92.6517
451,cnn,baseline,jetson_emulator,300,local,0.5,85.3602,70.868,85.3602,88.096,11.6111,167.274,167.274,298.6666,92.6686
452,cnn,baseline,jetson_emulator,300,offload,0.5,85.997,70.8351,70.8351,74.4816,11.9248,167.274,167.274,277.6789,92.6803
453,cnn,baseline,jetson_emulator,300,offload,0.5,86.3175,70.9184,70.9184,73.6475,11.9229,167.274,167.274,277.8565,92.6483
454,cnn,baseline,jetson_emulator,300,offload,0.5,85.8149,71.6181,71.6181,74.8024,11.9074,167.274,167.274,278.0341,92.6067
455,cnn,baseline,jetson_emulator,300,offload,0.5,85.0471,70.3715,70.3715,73.3185,11.935,167.274,167.274,278.2118,92.7614
456,cnn,baseline,jetson_emulator,300,local,0.5,86.1019,70.7902,86.1019,89.5503,11.5956,167.274,167.274,299.6225,92.6127
457,cnn,baseline,jetson_emulator,300,offload,0.5,85.1255,70.7338,70.7338,73.4405,11.927,167.274,167.274,278.5671,92.7179
458,cnn,baseline,jetson_emulator,300,local,0.5,85.4546,71.5919,85.4546,88.3946,11.6092,167.274,167.274,300.0049,92.5815
459,cnn,baseline,jetson_emulator,300,local,0.5,85.1533,70.5355,85.1533,88.7053,11.6155,167.274,167.274,300.1961,92.7064
460,cnn,baseline,jetson_emulator,300,local,0.5,85.1002,70.409,85.1002,88.5336,11.6166,167.274,167.274,300.3873,92.6277
461,cnn,baseline,jetson_emulator,300,local,0.5,85.2809,71.9107,85.2809,88.6795,11.6128,167.274,167.274,300.5785,92.6831
462,cnn,baseline,jetson_emulator,300,offload,0.5,85.587,70.5919,70.5919,73.5839,11.9302,167.274,167.274,279.4553,92.7472
463,cnn,baseline,jetson_emulator,300,offload,0.5,85.4395,70.5627,70.5627,73.3449,11.9308,167.274,167.274,279.6329,92.6059
464,cnn,baseline,jetson_emulator,300,offload,0.5,85.2951,70.4243,70.4243,73.3811,11.9339,167.274,167.274,279.8106,92.7053
465,cnn,baseline,jetson_emulator,300,local,0.5,85.2821,70.5367,85.2821,88.0138,11.6128,167.274,167.274,301.3433,92.6353
466,cnn,baseline,jetson_emulator,300,offload,0.5,85.1936,71.5659,71.5659,75.2828,11.9086,167.274,167.274,280.1659,92.6711
467,cnn,baseline,jetson_emulator,300,local,0.5,85.75,71.1439,85.75,89.3023,11.603,167.274,167.274,301.7257,92.6441
468,cnn,baseline,jetson_emulator,300,offload,0.5,85.4988,70.544,70.544,73.4623,11.9312,167.274,167.274,280.5212,92.7793
469,cnn,baseline,jetson_emulator,300,local,0.5,85.2988,71.6388,85.2988,88.3635,11.6124,167.274,167.274,302.1081,92.6308
470,cnn,baseline,jetson_emulator,300,offload,0.5,85.2241,70.6257,70.6257,73.2947,11.9294,167.274,167.274,280.8765,92.6399
471,cnn,baseline,jetson_emulator,300,local,0.5,85.3831,70.7896,85.3831,89.1346,11.6107,167.274,167.274,302.4904,92.6796
472,cnn,baseline,jetson_emulator,300,offload,0.5,85.8821,71.491,71.491,75.1157,11.9102,167.274,167.274,281.2318,92.7147
473,cnn,baseline,jetson_emulator,300,offload,0.5,85.6953,70.5872,70.5872,72.8165,11.9303,167.274,167.274,281.4094,92.6483
474,cnn,baseline,jetson_emulator,300,offload,0.5,85.3942,72.423,72.423,76.2303,11.8897,167.274,167.274,281.587,92.5714
475,cnn,baseline,jetson_emulator,300,offload,0.5,85.427,70.6395,70.6395,74.0694,11.9291,167.274,167.274,281.7647,92.7639
476,cnn,baseline,jetson_emulator,300,offload,0.5,85.5737,71.4853,71.4853,74.776,11.9104,167.274,167.274,281.9423,92.6967
477,cnn,baseline,jetson_emulator,300,local,0.5,85.5532,71.5151,85.5532,88.5859,11.6071,167.274,167.274,303.6376,92.6025
478,cnn,baseline,jetson_emulator,300,offload,0.5,85.8052,71.6176,71.6176,74.999,11.9074,167.274,167.274,282.2976,92.6668
479,cnn,baseline,jetson_emulator,300,local,0.5,85.8592,71.6088,85.8592,88.8932,11.6007,167.274,167.274,304.02,92.7259
480,cnn,baseline,jetson_emulator,300,offload,0.5,86.3876,70.7977,70.7977,73.6469,11.9256,167.274,167.274,282.6529,92.7397
481,cnn,baseline,jetson_emulator,300,offload,0.5,85.9008,72.0604,72.0604,75.7869,11.8977,167.274,167.274,282.8306,92.6609
482,cnn,baseline,jetson_emulator,300,offload,0.5,86.2513,70.9776,70.9776,74.3135,11.9216,167.274,167.274,283.0082,92.6759
483,cnn,baseline,jetson_emulator,300,offload,0.5,85.9509,71.923,71.923,75.0927,11.9007,167.274,167.274,283.1858,92.6233
484,cnn,baseline,jetson_emulator,300,offload,0.5,86.2001,72.1735,72.1735,76.1789,11.8952,167.274,167.274,283.3635,92.6435
485,cnn,baseline,jetson_emulator,300,offload,0.5,85.8727,70.9948,70.9948,73.8937,11.9212,167.274,167.274,283.5411,92.5269
486,cnn,baseline,jetson_emulator,300,offload,0.5,86.0323,71.1462,71.1462,74.4257,11.9179,167.274,167.274,283.7188,92.7074
487,cnn,baseline,jetson_emulator,300,offload,0.5,86.1381,71.1965,71.1965,74.2992,11.9168,167.274,167.274,283.8964,92.6965
488,cnn,baseline,jetson_emulator,300,offload,0.5,86.0273,71.5517,71.5517,74.2998,11.9089,167.274,167.274,284.0741,92.6966
489,cnn,baseline,jetson_emulator,300,offload,0.5,86.2783,72.3142,72.3142,75.002,11.8921,167.274,167.274,284.2517,92.7125
490,cnn,baseline,jetson_emulator,300,offload,0.5,86.1534,72.1346,72.1346,75.7954,11.896,167.274,167.274,284.4294,92.5599
491,cnn,baseline,jetson_emulator,300,local,0.5,86.1417,72.1791,86.1417,88.6004,11.5947,167.274,167.274,306.3143,92.638
492,cnn,baseline,jetson_emulator,300,offload,0.5,86.8993,72.2301,72.2301,75.6525,11.8939,167.274,167.274,284.7847,92.6945
493,cnn,baseline,jetson_emulator,300,offload,0.5,86.4099,72.0745,72.0745,74.8526,11.8973,167.274,167.274,284.9623,92.6597
494,cnn,baseline,jetson_emulator,300,offload,0.5,86.1777,71.6442,71.6442,74.5956,11.9068,167.274,167.274,285.1399,92.6683
495,cnn,baseline,jetson_emulator,300,offload,0.5,86.3488,71.7657,71.7657,74.7648,11.9042,167.274,167.274,285.3176,92.6969
496,cnn,baseline,jetson_emulator,300,offload,0.5,86.5313,71.6009,71.6009,74.7513,11.9078,167.274,167.274,285.4952,92.6782
497,cnn,baseline,jetson_emulator,300,local,0.5,86.9178,72.0732,86.9178,89.9062,11.5785,167.274,167.274,307.4615,92.7216
498,cnn,baseline,jetson_emulator,300,offload,0.5,86.5976,72.6307,72.6307,75.8962,11.8851,167.274,167.274,285.8505,92.7201
499,cnn,baseline,jetson_emulator,300,local,0.5,86.9644,71.9877,86.9644,90.4598,11.5775,167.274,167.274,307.8439,92.7203
500,cnn,baseline,jetson_emulator,300,offload,0.5,86.5775,72.1023,72.1023,76.0773,11.8967,167.274,167.274,286.2058,92.6988
501,cnn,baseline,jetson_emulator,300,local,0.5,88.1687,73.4014,88.1687,91.5614,11.5524,167.274,167.274,308.2263,92.6051
502,cnn,baseline,jetson_emulator,300,local,0.5,86.6705,72.7588,86.6705,90.0993,11.5837,167.274,167.274,308.4175,92.7104
503,cnn,baseline,jetson_emulator,300,offload,0.5,87.465,72.0054,72.0054,75.4667,11.8989,167.274,167.274,286.7387,92.6023
504,cnn,baseline,jetson_emulator,300,local,0.5,86.9714,71.704,86.9714,89.8228,11.5774,167.274,167.274,308.7998,92.686
505,cnn,baseline,jetson_emulator,300,local,0.5,86.8505,72.4926,86.8505,90.1235,11.5799,167.274,167.274,308.991,92.7294
506,cnn,baseline,jetson_emulator,300,offload,0.5,87.7988,72.3306,72.3306,75.8924,11.8917,167.274,167.274,287.2717,92.6689
507,cnn,baseline,jetson_emulator,300,offload,0.5,87.1554,73.1276,73.1276,75.4803,11.8741,167.274,167.274,287.4493,92.6178
508,cnn,baseline,jetson_emulator,300,offload,0.5,88.4018,72.8217,72.8217,76.0695,11.8809,167.274,167.274,287.627,92.7206
509,cnn,baseline,jetson_emulator,300,local,0.5,87.4227,73.4172,87.4227,90.5707,11.5679,167.274,167.274,309.7558,92.6614
510,cnn,baseline,jetson_emulator,300,offload,0.5,87.5561,72.5443,72.5443,74.8743,11.887,167.274,167.274,287.9823,92.6463
511,cnn,baseline,jetson_emulator,300,local,0.5,87.5498,72.2745,87.5498,91.0884,11.5653,167.274,167.274,310.1382,92.718
512,cnn,baseline,jetson_emulator,300,offload,0.5,88.1563,73.052,73.052,76.3574,11.8758,167.274,167.274,288.3376,92.657
513,cnn,baseline,jetson_emulator,300,offload,0.5,88.1019,72.452,72.452,75.6838,11.889,167.274,167.274,288.5152,92.6624
514,cnn,baseline,jetson_emulator,300,offload,0.5,88.532,73.8156,73.8156,77.1832,11.859,167.274,167.274,288.6928,92.6821
515,cnn,baseline,jetson_emulator,300,offload,0.5,87.6728,73.8338,73.8338,76.158,11.8586,167.274,167.274,288.8705,92.6314
516,cnn,baseline,jetson_emulator,300,local,0.5,88.46,74.005,88.46,91.155,11.5463,167.274,167.274,311.0942,92.6883
517,cnn,baseline,jetson_emulator,300,offload,0.5,87.9524,73.0086,73.0086,76.552,11.8768,167.274,167.274,289.2258,92.6313
518,cnn,baseline,jetson_emulator,300,offload,0.5,88.172,73.2383,73.2383,76.8943,11.8717,167.274,167.274,289.4034,92.6709
519,cnn,baseline,jetson_emulator,300,offload,0.5,88.0922,75.1352,75.1352,78.3618,11.8302,167.274,167.274,289.5811,92.6286
520,cnn,baseline,jetson_emulator,300,offload,0.5,88.1696,73.6348,73.6348,77.2386,11.863,167.274,167.274,289.7587,92.639
521,cnn,baseline,jetson_emulator,300,local,0.5,88.5571,73.1229,88.5571,91.4705,11.5443,167.274,167.274,312.0501,92.5907
522,cnn,baseline,jetson_emulator,300,offload,0.5,89.4522,74.0791,74.0791,77.2675,11.8533,167.274,167.274,290.114,92.6161
523,cnn,baseline,jetson_emulator,300,offload,0.5,88.8414,73.3256,73.3256,76.2655,11.8698,167.274,167.274,290.2916,92.6155
524,cnn,baseline,jetson_emulator,300,local,0.5,90.311,73.8338,90.311,93.7088,11.508,167.274,167.274,312.6237,92.6905
525,cnn,baseline,jetson_emulator,300,offload,0.5,88.8551,73.8505,73.8505,76.8506,11.8583,167.274,167.274,290.6469,92.6638
526,cnn,baseline,jetson_emulator,300,offload,0.5,88.8839,73.8937,73.8937,77.3864,11.8573,167.274,167.274,290.8246,92.7542
527,cnn,baseline,jetson_emulator,300,offload,0.5,88.9585,74.8584,74.8584,77.292,11.8362,167.274,167.274,291.0022,92.704
528,cnn,baseline,jetson_emulator,300,local,0.5,89.2668,74.0081,89.2668,92.4295,11.5296,167.274,167.274,313.3885,92.6904
529,cnn,baseline,jetson_emulator,300,offload,0.5,90.4645,75.176,75.176,78.6608,11.8293,167.274,167.274,291.3575,92.6951
530,cnn,baseline,jetson_emulator,300,local,0.5,89.2731,73.8851,89.2731,92.8042,11.5295,167.274,167.274,313.7709,92.6433
531,cnn,baseline,jetson_emulator,300,offload,0.5,90.0427,74.518,74.518,77.63,11.8436,167.274,167.274,291.7128,92.6713
532,cnn,baseline,jetson_emulator,300,offload,0.5,89.844,74.9095,74.9095,78.0422,11.8351,167.274,167.274,291.8905,92.6362
533,cnn,baseline,jetson_emulator,300,local,0.5,90.1109,74.926,90.1109,92.7733,11.5121,167.274,167.274,314.3445,92.6522
534,cnn,baseline,jetson_emulator,300,local,0.5,90.4068,74.5824,90.4068,93.8064,11.506,167.274,167.274,314.5357,92.6591
535,cnn,baseline,jetson_emulator,300,offload,0.5,90.0371,77.1336,77.1336,80.8724,11.7867,167.274,167.274,292.4234,92.7169
536,cnn,baseline,jetson_emulator,300,offload,0.5,90.3463,74.5607,74.5607,77.5408,11.8427,167.274,167.274,292.601,92.8272
537,cnn,baseline,jetson_emulator,300,local,0.5,90.9438,75.1767,90.9438,94.2129,11.4949,167.274,167.274,315.1093,92.7357
538,cnn,baseline,jetson_emulator,300,offload,0.5,90.7321,74.682,74.682,77.0652,11.8401,167.274,167.274,292.9563,92.6909
539,cnn,baseline,jetson_emulator,300,offload,0.5,91.6303,76.1225,76.1225,79.0934,11.8087,167.274,167.274,293.134,92.7093
540,cnn,baseline,jetson_emulator,300,offload,0.5,91.5928,75.3691,75.3691,78.4948,11.8251,167.274,167.274,293.3116,92.6685
541,cnn,baseline,jetson_emulator,300,offload,0.5,92.4126,76.4429,76.4429,80.0207,11.8017,167.274,167.274,293.4893,92.6242
542,cnn,baseline,jetson_emulator,300,local,0.5,91.5103,75.1948,91.5103,94.8939,11.4833,167.274,167.274,316.0652,92.6056
543,cnn,baseline,jetson_emulator,300,local,0.5,91.027,76.1594,91.027,94.1677,11.4932,167.274,167.274,316.2564,92.7321
544,cnn,baseline,jetson_emulator,300,offload,0.5,91.6423,76.9153,76.9153,79.6094,11.7914,167.274,167.274,294.0222,92.6685
545,cnn,baseline,jetson_emulator,300,offload,0.5,91.5997,76.2954,76.2954,79.6953,11.8049,167.274,167.274,294.1998,92.7076
546,cnn,baseline,jetson_emulator,300,offload,0.5,91.4019,75.4814,75.4814,79.6307,11.8226,167.274,167.274,294.3775,92.6214
547,cnn,baseline,jetson_emulator,300,local,0.5,92.2404,76.5369,92.2404,95.3885,11.4683,167.274,167.274,317.0212,92.5613
548,cnn,baseline,jetson_emulator,300,offload,0.5,92.3852,76.3719,76.3719,79.7579,11.8032,167.274,167.274,294.7328,92.6479
549,cnn,baseline,jetson_emulator,300,offload,0.5,92.1346,76.9412,76.9412,80.2723,11.7909,167.274,167.274,294.9104,92.7723
550,cnn,baseline,jetson_emulator,300,offload,0.5,92.4368,76.582,76.582,80.1389,11.7987,167.274,167.274,295.0881,92.611
551,cnn,baseline,jetson_emulator,300,offload,0.5,91.9582,76.0214,76.0214,79.2317,11.8109,167.274,167.274,295.2657,92.6554
552,cnn,baseline,jetson_emulator,300,local,0.5,92.0738,76.1077,92.0738,94.9433,11.4717,167.274,167.274,317.9772,92.6432
553,cnn,baseline,jetson_emulator,300,offload,0.5,92.6122,76.3818,76.3818,79.3171,11.803,167.274,167.274,295.621,92.6594
554,cnn,baseline,jetson_emulator,300,offload,0.5,92.9875,76.7419,76.7419,79.8257,11.7952,167.274,167.274,295.7986,92.6228
555,cnn,baseline,jetson_emulator,300,offload,0.5,93.8954,76.6777,76.6777,80.078,11.7966,167.274,167.274,295.9763,92.7131
556,cnn,baseline,jetson_emulator,300,offload,0.5,93.0018,77.3975,77.3975,80.7699,11.781,167.274,167.274,296.1539,92.7313
557,cnn,baseline,jetson_emulator,300,local,0.5,93.4351,77.5322,93.4351,96.217,11.4438,167.274,167.274,318.9331,92.7731
558,cnn,baseline,jetson_emulator,300,local,0.5,94.4637,77.4452,94.4637,98.0131,11.4229,167.274,167.274,319.1243,92.6607
559,cnn,baseline,jetson_emulator,300,offload,0.5,92.9996,77.173,77.173,79.3978,11.7859,167.274,167.274,296.6869,92.6542
560,cnn,baseline,jetson_emulator,300,local,0.5,93.2846,77.0656,93.2846,95.8262,11.4469,167.274,167.274,319.5067,92.6561
561,cnn,baseline,jetson_emulator,300,offload,0.5,94.0318,77.5513,77.5513,81.4063,11.7777,167.274,167.274,297.0422,92.5947
562,cnn,baseline,jetson_emulator,300,local,0.5,93.9389,77.9354,93.9389,97.4038,11.4335,167.274,167.274,319.8891,92.7053
563,cnn,baseline,jetson_emulator,300,offload,0.5,93.6753,77.715,77.715,81.4138,11.7741,167.274,167.274,297.3974,92.6027
564,cnn,baseline,jetson_emulator,300,offload,0.5,93.8658,78.4031,78.4031,81.7759,11.7593,167.274,167.274,297.5751,92.6323
565,cnn,baseline,jetson_emulator,300,offload,0.5,93.8547,78.7442,78.7442,81.9935,11.7519,167.274,167.274,297.7527,92.6971
566,cnn,baseline,jetson_emulator,300,offload,0.5,94.0909,77.6795,77.6795,80.5133,11.7749,167.274,167.274,297.9304,92.6268
567,cnn,baseline,jetson_emulator,300,offload,0.5,94.2671,78.2014,78.2014,80.7151,11.7636,167.274,167.274,298.108,92.6283
568,cnn,baseline,jetson_emulator,300,offload,0.5,94.3695,78.9397,78.9397,82.2018,11.7477,167.274,167.274,298.2857,92.7904
569,cnn,baseline,jetson_emulator,300,local,0.5,94.5753,79.7352,94.5753,98.1933,11.4206,167.274,167.274,321.2275,92.6436
570,cnn,baseline,jetson_emulator,300,offload,0.5,94.5483,78.5653,78.5653,81.6663,11.7558,167.274,167.274,298.641,92.7452
571,cnn,baseline,jetson_emulator,300,local,0.5,94.7077,78.3883,94.7077,97.0535,11.4179,167.274,167.274,321.6099,92.6507
572,cnn,baseline,jetson_emulator,300,local,0.5,95.6188,78.6397,95.6188,99.8595,11.3994,167.274,167.274,321.8011,92.7277
573,cnn,baseline,jetson_emulator,300,offload,0.5,95.2354,79.7437,79.7437,83.7796,11.7304,167.274,167.274,299.1739,92.6675
574,cnn,baseline,jetson_emulator,300,local,0.5,96.2613,79.0479,96.2613,99.7216,11.3864,167.274,167.274,322.1834,92.6057
575,cnn,baseline,jetson_emulator,300,local,0.5,95.3369,79.3596,95.3369,97.8014,11.4051,167.274,167.274,322.3746,92.686
576,cnn,baseline,jetson_emulator,300,offload,0.5,96.287,78.984,78.984,82.4224,11.7468,167.274,167.274,299.7068,92.5945
577,cnn,baseline,jetson_emulator,300,offload,0.5,95.9289,78.9853,78.9853,83.5088,11.7467,167.274,167.274,299.8845,92.596
578,cnn,baseline,jetson_emulator,300,offload,0.5,95.9933,79.8601,79.8601,83.495,11.7279,167.274,167.274,300.0621,92.6855
579,cnn,baseline,jetson_emulator,300,offload,0.5,95.734,79.6208,79.6208,83.1687,11.7331,167.274,167.274,300.2398,92.7312
580,cnn,baseline,jetson_emulator,300,local,0.5,96.9249,81.4278,96.9249,101.0514,11.373,167.274,167.274,323.3306,92.7172
581,cnn,baseline,jetson_emulator,300,offload,0.5,96.2979,79.9647,79.9647,83.3981,11.7257,167.274,167.274,300.5951,92.5866
582,cnn,baseline,jetson_emulator,300,offload,0.5,96.6006,79.4203,79.4203,81.7865,11.7374,167.274,167.274,300.7727,92.7665
583,cnn,baseline,jetson_emulator,300,offload,0.5,96.3292,79.7588,79.7588,82.0983,11.7301,167.274,167.274,300.9503,92.7033
584,cnn,baseline,jetson_emulator,300,local,0.5,96.9171,80.0283,96.9171,100.0502,11.3732,167.274,167.274,324.0954,92.6876
585,cnn,baseline,jetson_emulator,300,local,0.5,97.0643,79.8938,97.0643,99.6651,11.3702,167.274,167.274,324.2866,92.6352
586,cnn,baseline,jetson_emulator,300,offload,0.5,97.2898,81.6484,81.6484,84.1596,11.6897,167.274,167.274,301.4833,92.6457
587,cnn,baseline,jetson_emulator,300,local,0.5,97.006,81.5464,97.006,100.0581,11.3714,167.274,167.274,324.669,92.6846
588,cnn,baseline,jetson_emulator,300,offload,0.5,97.2962,80.173,80.173,83.1201,11.7212,167.274,167.274,301.8386,92.6689
589,cnn,baseline,jetson_emulator,300,offload,0.5,97.3038,80.8969,80.8969,83.6088,11.7057,167.274,167.274,302.0162,92.6662
590,cnn,baseline,jetson_emulator,300,local,0.5,97.0737,80.8451,97.0737,101.0633,11.37,167.274,167.274,325.2425,92.6774
591,cnn,baseline,jetson_emulator,300,offload,0.5,97.414,80.6468,80.6468,84.5785,11.7111,167.274,167.274,302.3715,92.7383
592,cnn,baseline,jetson_emulator,300,offload,0.5,97.9847,81.475,81.475,84.9757,11.6934,167.274,167.274,302.5492,92.6775
593,cnn,baseline,jetson_emulator,300,offload,0.5,97.9903,80.9055,80.9055,83.7934,11.7056,167.274,167.274,302.7268,92.6485
594,cnn,baseline,jetson_emulator,300,offload,0.5,97.844,81.4107,81.4107,85.0007,11.6948,167.274,167.274,302.9044,92.7152
595,cnn,baseline,jetson_emulator,300,offload,0.5,98.0088,81.3171,81.3171,85.0528,11.6968,167.274,167.274,303.0821,92.6643
596,cnn,baseline,jetson_emulator,300,offload,0.5,98.282,81.0883,81.0883,84.6829,11.7017,167.274,167.274,303.2597,92.5603
597,cnn,baseline,jetson_emulator,300,offload,0.5,98.0354,81.5731,81.5731,85.0227,11.6913,167.274,167.274,303.4374,92.6202
598,cnn,baseline,jetson_emulator,300,local,0.5,98.1377,82.2978,98.1377,101.1573,11.3486,167.274,167.274,326.7721,92.6331
599,cnn,baseline,jetson_emulator,300,offload,0.5,98.3382,81.3287,81.3287,84.0913,11.6965,167.274,167.274,303.7927,92.6736
600,cnn,baseline,jetson_emulator,300,offload,0.5,98.1581,81.5201,81.5201,84.6882,11.6924,167.274,167.274,303.9703,92.791
601,cnn,baseline,jetson_emulator,300,offload,0.5,98.7246,81.3254,81.3254,84.0569,11.6966,167.274,167.274,304.148,92.6936
602,cnn,baseline,jetson_emulator,300,local,0.5,98.7055,81.8887,98.7055,101.5815,11.3372,167.274,167.274,327.5369,92.7032
603,cnn,baseline,jetson_emulator,300,offload,0.5,99.2482,81.5646,81.5646,84.9276,11.6915,167.274,167.274,304.5032,92.6509
604,cnn,baseline,jetson_emulator,300,local,0.5,98.9661,81.9798,98.9661,102.1038,11.332,167.274,167.274,327.9193,92.6272
605,cnn,baseline,jetson_emulator,300,offload,0.5,99.1552,82.1806,82.1806,85.113,11.6784,167.274,167.274,304.8585,92.7069
606,cnn,baseline,jetson_emulator,300,offload,0.5,99.1353,81.7254,81.7254,84.8567,11.6881,167.274,167.274,305.0362,92.6364
607,cnn,baseline,jetson_emulator,300,offload,0.5,99.052,82.3042,82.3042,84.9328,11.6757,167.274,167.274,305.2138,92.6872
608,cnn,baseline,jetson_emulator,300,offload,0.5,98.9649,82.6415,82.6415,86.3663,11.6686,167.274,167.274,305.3915,92.5583
609,cnn,baseline,jetson_emulator,300,offload,0.5,99.4771,82.0804,82.0804,85.5988,11.6805,167.274,167.274,305.5691,92.6301
610,cnn,baseline,jetson_emulator,300,offload,0.5,99.3999,83.5743,83.5743,87.2747,11.6488,167.274,167.274,305.7468,92.7824
611,cnn,baseline,jetson_emulator,300,offload,0.5,99.1833,82.0759,82.0759,85.2829,11.6806,167.274,167.274,305.9244,92.8084
612,cnn,baseline,jetson_emulator,300,offload,0.5,99.7969,82.0608,82.0608,84.7778,11.6809,167.274,167.274,306.1021,92.6209
613,cnn,baseline,jetson_emulator,300,offload,0.5,99.5358,83.1772,83.1772,86.4368,11.6572,167.274,167.274,306.2797,92.6483
614,cnn,baseline,jetson_emulator,300,offload,0.5,100.1296,82.804,82.804,85.6762,11.6651,167.274,167.274,306.4573,92.654
615,cnn,baseline,jetson_emulator,300,local,0.5,99.5738,82.5347,99.5738,102.0601,11.3198,167.274,167.274,330.0224,92.6321
616,cnn,baseline,jetson_emulator,300,offload,0.5,99.6059,82.885,82.885,86.3373,11.6634,167.274,167.274,306.8126,92.7057
617,cnn,baseline,jetson_emulator,300,offload,0.5,100.0704,82.5353,82.5353,85.3566,11.6708,167.274,167.274,306.9903,92.6422
618,cnn,baseline,jetson_emulator,300,offload,0.5,100.376,82.4196,82.4196,86.1018,11.6733,167.274,167.274,307.1679,92.6468
619,cnn,baseline,jetson_emulator,300,offload,0.5,99.7635,82.7474,82.7474,85.5114,11.6663,167.274,167.274,307.3456,92.7139
620,cnn,baseline,jetson_emulator,300,offload,0.5,100.0074,82.9852,82.9852,85.5949,11.6613,167.274,167.274,307.5232,92.7233
621,cnn,baseline,jetson_emulator,300,offload,0.5,100.2035,83.052,83.052,85.8161,11.6599,167.274,167.274,307.7009,92.6813
622,cnn,baseline,jetson_emulator,300,offload,0.5,100.2857,83.6218,83.6218,87.587,11.6478,167.274,167.274,307.8785,92.6798
623,cnn,baseline,jetson_emulator,300,offload,0.5,100.1996,83.9599,83.9599,87.7736,11.6407,167.274,167.274,308.0561,92.6572
624,cnn,baseline,jetson_emulator,300,offload,0.5,100.7818,83.7468,83.7468,87.0427,11.6452,167.274,167.274,308.2338,92.6731
625,cnn,baseline,jetson_emulator,300,offload,0.5,100.9105,82.9049,82.9049,86.4598,11.663,167.274,167.274,308.4114,92.7323
626,cnn,baseline,jetson_emulator,300,offload,0.5,101.2747,82.8436,82.8436,87.0609,11.6643,167.274,167.274,308.5891,92.6419
627,cnn,baseline,jetson_emulator,300,local,0.5,100.8786,82.8525,100.8786,104.1003,11.2938,167.274,167.274,332.3167,92.613
628,cnn,baseline,jetson_emulator,300,offload,0.5,100.6986,83.2883,83.2883,86.6541,11.6549,167.274,167.274,308.9444,92.6705
629,cnn,baseline,jetson_emulator,300,offload,0.5,100.9598,83.2114,83.2114,86.262,11.6565,167.274,167.274,309.122,92.682
630,cnn,baseline,jetson_emulator,300,local,0.5,101.9913,82.938,101.9913,105.1635,11.2717,167.274,167.274,332.8903,92.64
631,cnn,baseline,jetson_emulator,300,local,0.5,100.8682,83.0978,100.8682,104.1292,11.294,167.274,167.274,333.0815,92.6413
632,cnn,baseline,jetson_emulator,300,local,0.5,100.47,84.1356,100.47,103.4337,11.3019,167.274,167.274,333.2727,92.7289
633,cnn,baseline,jetson_emulator,300,offload,0.5,101.2084,83.1939,83.1939,86.0343,11.6569,167.274,167.274,309.8326,92.6758
634,cnn,baseline,jetson_emulator,300,offload,0.5,100.8377,83.5053,83.5053,86.5101,11.6503,167.274,167.274,310.0102,92.7434
635,cnn,baseline,jetson_emulator,300,local,0.5,101.6213,83.4985,101.6213,104.5216,11.2791,167.274,167.274,333.8463,92.6527
636,cnn,baseline,jetson_emulator,300,offload,0.5,100.7331,83.925,83.925,87.4974,11.6414,167.274,167.274,310.3655,92.7715
637,cnn,baseline,jetson_emulator,300,local,0.5,101.9773,83.393,101.9773,104.7835,11.272,167.274,167.274,334.2287,92.7453
638,cnn,baseline,jetson_emulator,300,offload,0.5,100.7384,83.4481,83.4481,86.5087,11.6515,167.274,167.274,310.7208,92.6563
639,cnn,baseline,jetson_emulator,300,offload,0.5,100.6118,84.5753,84.5753,86.8386,11.6277,167.274,167.274,310.8985,92.6883
640,cnn,baseline,jetson_emulator,300,offload,0.5,101.0486,83.8517,83.8517,87.6873,11.6429,167.274,167.274,311.0761,92.7213
641,cnn,baseline,jetson_emulator,300,offload,0.5,101.099,84.3522,84.3522,87.79,11.6324,167.274,167.274,311.2538,92.6042
642,cnn,baseline,jetson_emulator,300,offload,0.5,101.5196,84.0421,84.0421,87.8918,11.6389,167.274,167.274,311.4314,92.6834
643,cnn,baseline,jetson_emulator,300,offload,0.5,101.8969,83.2501,83.2501,86.2087,11.6557,167.274,167.274,311.609,92.646
644,cnn,baseline,jetson_emulator,300,local,0.5,101.2208,83.401,101.2208,104.7638,11.287,167.274,167.274,335.567,92.7677
645,cnn,baseline,jetson_emulator,300,offload,0.5,100.6185,84.3717,84.3717,88.0369,11.632,167.274,167.274,311.9643,92.6677
646,cnn,baseline,jetson_emulator,300,local,0.5,101.2654,83.5113,101.2654,104.6186,11.2861,167.274,167.274,335.9494,92.5859
647,cnn,baseline,jetson_emulator,300,local,0.5,100.8938,83.9633,100.8938,104.2933,11.2935,167.274,167.274,336.1406,92.6546
648,cnn,baseline,jetson_emulator,300,offload,0.5,101.033,83.9688,83.9688,86.7941,11.6405,167.274,167.274,312.4973,92.6954
649,cnn,baseline,jetson_emulator,300,local,0.5,100.6246,83.8254,100.6246,103.8786,11.2989,167.274,167.274,336.523,92.5867
650,cnn,baseline,jetson_emulator,300,offload,0.5,100.8476,83.1973,83.1973,86.3735,11.6568,167.274,167.274,312.8526,92.6414
651,cnn,baseline,jetson_emulator,300,local,0.5,100.8716,83.2527,100.8716,103.9207,11.2939,167.274,167.274,336.9054,92.6255
652,cnn,baseline,jetson_emulator,300,local,0.5,101.7477,83.3025,101.7477,104.7668,11.2766,167.274,167.274,337.0966,92.6976
653,cnn,baseline,jetson_emulator,300,offload,0.5,101.5007,83.4604,83.4604,86.4396,11.6512,167.274,167.274,313.3855,92.7064
654,cnn,baseline,jetson_emulator,300,local,0.5,100.7438,84.1604,100.7438,103.7249,11.2965,167.274,167.274,337.479,92.7413
655,cnn,baseline,jetson_emulator,300,offload,0.5,101.1291,83.9906,83.9906,87.383,11.64,167.274,167.274,313.7408,92.6119
656,cnn,baseline,jetson_emulator,300,local,0.5,100.7079,83.4807,100.7079,104.6505,11.2972,167.274,167.274,337.8614,92.597
657,cnn,baseline,jetson_emulator,300,offload,0.5,100.8686,83.0287,83.0287,85.6314,11.6604,167.274,167.274,314.0961,92.6128
658,cnn,baseline,jetson_emulator,300,offload,0.5,100.3781,83.6782,83.6782,86.8913,11.6466,167.274,167.274,314.2737,92.6494
659,cnn,baseline,jetson_emulator,300,offload,0.5,100.4107,84.877,84.877,87.551,11.6213,167.274,167.274,314.4514,92.6414
660,cnn,baseline,jetson_emulator,300,offload,0.5,101.0642,83.0365,83.0365,85.8415,11.6602,167.274,167.274,314.629,92.6535
661,cnn,baseline,jetson_emulator,300,offload,0.5,100.3614,83.2699,83.2699,86.399,11.6553,167.274,167.274,314.8067,92.6619
662,cnn,baseline,jetson_emulator,300,offload,0.5,101.3658,83.1213,83.1213,86.4835,11.6584,167.274,167.274,314.9843,92.607
663,cnn,baseline,jetson_emulator,300,offload,0.5,100.3722,83.5478,83.5478,87.0198,11.6494,167.274,167.274,315.1619,92.6922
664,cnn,baseline,jetson_emulator,300,offload,0.5,100.4768,83.2044,83.2044,87.0833,11.6566,167.274,167.274,315.3396,92.6123
665,cnn,baseline,jetson_emulator,300,offload,0.5,100.2315,83.6697,83.6697,86.6343,11.6468,167.274,167.274,315.5172,92.6556
666,cnn,baseline,jetson_emulator,300,local,0.5,100.2901,82.934,100.2901,103.4956,11.3055,167.274,167.274,339.7733,92.6096
667,cnn,baseline,jetson_emulator,300,offload,0.5,100.106,84.5501,84.5501,87.5887,11.6282,167.274,167.274,315.8725,92.8282
668,cnn,baseline,jetson_emulator,300,local,0.5,100.3073,83.2506,100.3073,102.9041,11.3052,167.274,167.274,340.1557,92.7048
669,cnn,baseline,jetson_emulator,300,local,0.5,100.0621,83.5651,100.0621,103.0638,11.3101,167.274,167.274,340.3469,92.5887
670,cnn,baseline,jetson_emulator,300,offload,0.5,99.9929,82.8469,82.8469,85.4653,11.6642,167.274,167.274,316.4055,92.7213
671,cnn,baseline,jetson_emulator,300,offload,0.5,100.6277,84.1737,84.1737,88.1135,11.6361,167.274,167.274,316.5831,92.6377
672,cnn,baseline,jetson_emulator,300,offload,0.5,100.242,83.0536,83.0536,86.5798,11.6598,167.274,167.274,316.7608,92.5585
673,cnn,baseline,jetson_emulator,300,local,0.5,100.4644,82.7065,100.4644,104.436,11.3021,167.274,167.274,341.1117,92.6393
674,cnn,baseline,jetson_emulator,300,offload,0.5,100.0128,83.016,83.016,86.2377,11.6606,167.274,167.274,317.116,92.6359
675,cnn,baseline,jetson_emulator,300,local,0.5,100.8096,83.4813,100.8096,103.8646,11.2952,167.274,167.274,341.4941,92.5636
676,cnn,baseline,jetson_emulator,300,offload,0.5,100.1913,82.9028,82.9028,87.0716,11.663,167.274,167.274,317.4713,92.6097
677,cnn,baseline,jetson_emulator,300,offload,0.5,99.9315,83.4841,83.4841,86.7448,11.6507,167.274,167.274,317.649,92.6537
678,cnn,baseline,jetson_emulator,300,offload,0.5,99.8078,83.7501,83.7501,86.7387,11.6451,167.274,167.274,317.8266,92.6812
679,cnn,baseline,jetson_emulator,300,offload,0.5,101.0834,82.4418,82.4418,85.6317,11.6728,167.274,167.274,318.0043,92.7175
680,cnn,baseline,jetson_emulator,300,local,0.5,100.2952,82.7849,100.2952,104.2558,11.3054,167.274,167.274,342.45,92.6342
681,cnn,baseline,jetson_emulator,300,offload,0.5,100.5612,82.1372,82.1372,85.1571,11.6793,167.274,167.274,318.3596,92.7139
682,cnn,baseline,jetson_emulator,300,offload,0.5,99.2405,82.0876,82.0876,85.4502,11.6804,167.274,167.274,318.5372,92.6671
683,cnn,baseline,jetson_emulator,300,offload,0.5,100.2397,82.8872,82.8872,86.2434,11.6634,167.274,167.274,318.7148,92.5945
684,cnn,baseline,jetson_emulator,300,offload,0.5,99.5344,82.9125,82.9125,85.8528,11.6628,167.274,167.274,318.8925,92.7173
685,cnn,baseline,jetson_emulator,300,local,0.5,99.0166,82.6815,99.0166,102.4972,11.331,167.274,167.274,343.406,92.5808
686,cnn,baseline,jetson_emulator,300,local,0.5,99.491,81.9197,99.491,102.3034,11.3215,167.274,167.274,343.5972,92.6335
687,cnn,baseline,jetson_emulator,300,local,0.5,99.4647,81.9322,99.4647,102.8563,11.322,167.274,167.274,343.7884,92.6662
688,cnn,baseline,jetson_emulator,300,local,0.5,98.984,82.1446,98.984,102.3143,11.3316,167.274,167.274,343.9796,92.7141
689,cnn,baseline,jetson_emulator,300,offload,0.5,98.7345,83.0622,83.0622,86.1091,11.6597,167.274,167.274,319.7807,92.7646
690,cnn,baseline,jetson_emulator,300,local,0.5,98.9662,82.4152,98.9662,102.1045,11.332,167.274,167.274,344.362,92.6602
691,cnn,baseline,jetson_emulator,300,local,0.5,98.6831,82.7157,98.6831,102.2997,11.3376,167.274,167.274,344.5532,92.7101
692,cnn,baseline,jetson_emulator,300,offload,0.5,98.6892,81.8617,81.8617,85.0442,11.6852,167.274,167.274,320.3137,92.5834
693,cnn,baseline,jetson_emulator,300,local,0.5,99.1162,81.8819,99.1162,102.2891,11.329,167.274,167.274,344.9355,92.5787
694,cnn,baseline,jetson_emulator,300,local,0.5,98.9667,82.0314,98.9667,101.6022,11.332,167.274,167.274,345.1267,92.6103
695,cnn,baseline,jetson_emulator,300,local,0.5,98.6449,81.9897,98.6449,101.7498,11.3384,167.274,167.274,345.3179,92.7075
696,cnn,baseline,jetson_emulator,300,local,0.5,98.6897,81.7693,98.6897,102.3819,11.3375,167.274,167.274,345.5091,92.689
697,cnn,baseline,jetson_emulator,300,offload,0.5,98.0713,83.6688,83.6688,86.3933,11.6468,167.274,167.274,321.2019,92.6103
698,cnn,baseline,jetson_emulator,300,local,0.5,98.8006,81.5255,98.8006,102.5545,11.3353,167.274,167.274,345.8915,92.7507
699,cnn,baseline,jetson_emulator,300,local,0.5,98.1292,81.274,98.1292,101.4562,11.3488,167.274,167.274,346.0827,92.6761
700,cnn,baseline,jetson_emulator,300,offload,0.5,98.0487,81.6761,81.6761,84.8315,11.6891,167.274,167.274,321.7348,92.7325
701,cnn,baseline,jetson_emulator,300,local,0.5,97.9113,81.7134,97.9113,101.1157,11.3531,167.274,167.274,346.4651,92.7356
702,cnn,baseline,jetson_emulator,300,offload,0.5,97.8831,80.9494,80.9494,84.1552,11.7046,167.274,167.274,322.0901,92.7225
703,cnn,baseline,jetson_emulator,300,offload,0.5,97.6905,81.5099,81.5099,84.5529,11.6927,167.274,167.274,322.2677,92.6773
704,cnn,baseline,jetson_emulator,300,offload,0.5,98.8486,81.1837,81.1837,84.0231,11.6996,167.274,167.274,322.4454,92.6812
705,cnn,baseline,jetson_emulator,300,offload,0.5,98.091,80.6093,80.6093,83.9528,11.7119,167.274,167.274,322.623,92.6124
706,cnn,baseline,jetson_emulator,300,offload,0.5,97.3028,80.8577,80.8577,84.0071,11.7066,167.274,167.274,322.8007,92.734
707,cnn,baseline,jetson_emulator,300,local,0.5,97.727,81.0838,97.727,101.0329,11.3568,167.274,167.274,347.6123,92.5885
708,cnn,baseline,jetson_emulator,300,local,0.5,97.3624,81.3464,97.3624,100.4156,11.3642,167.274,167.274,347.8035,92.6801
709,cnn,baseline,jetson_emulator,300,offload,0.5,97.3904,80.292,80.292,83.3871,11.7187,167.274,167.274,323.3336,92.6336
710,cnn,baseline,jetson_emulator,300,local,0.5,97.0768,80.2638,97.0768,100.4624,11.3699,167.274,167.274,348.1858,92.6223
711,cnn,baseline,jetson_emulator,300,offload,0.5,97.3613,80.1794,80.1794,83.9407,11.7211,167.274,167.274,323.6889,92.7036
712,cnn,baseline,jetson_emulator,300,local,0.5,96.8713,81.0403,96.8713,100.1499,11.3741,167.274,167.274,348.5682,92.6668
713,cnn,baseline,jetson_emulator,300,local,0.5,97.2745,81.6387,97.2745,100.7055,11.366,167.274,167.274,348.7594,92.7303
714,cnn,baseline,jetson_emulator,300,local,0.5,97.0266,80.7276,97.0266,100.5048,11.3709,167.274,167.274,348.9506,92.6573
715,cnn,baseline,jetson_emulator,300,local,0.5,97.5025,81.2054,97.5025,99.7456,11.3614,167.274,167.274,349.1418,92.7726
716,cnn,baseline,jetson_emulator,300,local,0.5,97.4211,80.8605,97.4211,100.3753,11.363,167.274,167.274,349.333,92.6293
717,cnn,baseline,jetson_emulator,300,local,0.5,96.7606,79.96,96.7606,100.5931,11.3763,167.274,167.274,349.5242,92.6563
718,cnn,baseline,jetson_emulator,300,offload,0.5,96.6018,80.2312,80.2312,84.0039,11.72,167.274,167.274,324.9324,92.7385
719,cnn,baseline,jetson_emulator,300,offload,0.5,96.5234,80.2075,80.2075,83.7688,11.7205,167.274,167.274,325.1101,92.6788
720,cnn,baseline,jetson_emulator,300,offload,0.5,97.1057,79.9398,79.9398,83.3819,11.7262,167.274,167.274,325.2877,92.6611
721,cnn,baseline,jetson_emulator,300,offload,0.5,96.6824,80.574,80.574,82.9557,11.7126,167.274,167.274,325.4654,92.7005
722,cnn,baseline,jetson_emulator,300,local,0.5,96.325,81.0675,96.325,99.2195,11.3851,167.274,167.274,350.4802,92.6739
723,cnn,baseline,jetson_emulator,300,offload,0.5,96.1709,79.5469,79.5469,82.7017,11.7347,167.274,167.274,325.8206,92.6971
724,cnn,baseline,jetson_emulator,300,offload,0.5,96.3862,80.7127,80.7127,84.1573,11.7097,167.274,167.274,325.9983,92.6726
725,cnn,baseline,jetson_emulator,300,offload,0.5,96.0589,79.3987,79.3987,82.3352,11.7378,167.274,167.274,326.1759,92.5878
726,cnn,baseline,jetson_emulator,300,offload,0.5,96.3358,79.5924,79.5924,82.0316,11.7337,167.274,167.274,326.3536,92.6501
727,cnn,baseline,jetson_emulator,300,offload,0.5,95.7681,79.2471,79.2471,81.712,11.7411,167.274,167.274,326.5312,92.6981
728,cnn,baseline,jetson_emulator,300,local,0.5,95.8163,80.1066,95.8163,98.9293,11.3954,167.274,167.274,351.6273,92.6706
729,cnn,baseline,jetson_emulator,300,local,0.5,95.9908,79.1272,95.9908,99.3394,11.3919,167.274,167.274,351.8185,92.6486
730,cnn,baseline,jetson_emulator,300,local,0.5,96.3991,79.0898,96.3991,99.5324,11.3836,167.274,167.274,352.0097,92.6271
731,cnn,baseline,jetson_emulator,300,offload,0.5,95.8567,79.6849,79.6849,82.2902,11.7317,167.274,167.274,327.2418,92.7433
732,cnn,baseline,jetson_emulator,300,offload,0.5,95.511,79.4443,79.4443,82.0604,11.7369,167.274,167.274,327.4195,92.6508
733,cnn,baseline,jetson_emulator,300,local,0.5,95.8829,79.7405,95.8829,99.1468,11.3941,167.274,167.274,352.5833,92.663
734,cnn,baseline,jetson_emulator,300,local,0.5,96.0034,79.859,96.0034,98.737,11.3916,167.274,167.274,352.7745,92.6245
735,cnn,baseline,jetson_emulator,300,offload,0.5,95.6339,79.606,79.606,82.7783,11.7334,167.274,167.274,327.9524,92.7145
736,cnn,baseline,jetson_emulator,300,local,0.5,95.2095,79.02,95.2095,98.5647,11.4077,167.274,167.274,353.1569,92.8316
737,cnn,baseline,jetson_emulator,300,offload,0.5,95.5672,79.4667,79.4667,82.3725,11.7364,167.274,167.274,328.3077,92.7564
738,cnn,baseline,jetson_emulator,300,offload,0.5,95.5959,80.0881,80.0881,83.1597,11.7231,167.274,167.274,328.4853,92.6728
739,cnn,baseline,jetson_emulator,300,offload,0.5,95.8495,79.3085,79.3085,82.3194,11.7398,167.274,167.274,328.663,92.6695
740,cnn,baseline,jetson_emulator,300,offload,0.5,95.15,78.992,78.992,82.1101,11.7466,167.274,167.274,328.8406,92.6441
741,cnn,baseline,jetson_emulator,300,local,0.5,95.829,79.22,95.829,98.9021,11.3951,167.274,167.274,354.1129,92.602
742,cnn,baseline,jetson_emulator,300,offload,0.5,95.756,78.7514,78.7514,82.0043,11.7518,167.274,167.274,329.1959,92.6955
743,cnn,baseline,jetson_emulator,300,local,0.5,95.7755,79.3862,95.7755,98.5712,11.3962,167.274,167.274,354.4953,92.7025
744,cnn,baseline,jetson_emulator,300,local,0.5,95.1602,78.5648,95.1602,98.4986,11.4087,167.274,167.274,354.6865,92.6702
745,cnn,baseline,jetson_emulator,300,offload,0.5,95.3128,80.4395,80.4395,84.1971,11.7155,167.274,167.274,329.7288,92.6034
746,cnn,baseline,jetson_emulator,300,local,0.5,95.0575,80.2209,95.0575,99.341,11.4108,167.274,167.274,355.0688,92.6811
747,cnn,baseline,jetson_emulator,300,offload,0.5,95.8309,79.543,79.543,82.9003,11.7347,167.274,167.274,330.0841,92.6912
748,cnn,baseline,jetson_emulator,300,offload,0.5,95.2581,78.774,78.774,82.193,11.7513,167.274,167.274,330.2618,92.6718
749,cnn,baseline,jetson_emulator,300,offload,0.5,95.1402,79.8635,79.8635,82.995,11.7279,167.274,167.274,330.4394,92.6183
750,cnn,baseline,jetson_emulator,300,offload,0.5,95.0873,79.9843,79.9843,83.8302,11.7253,167.274,167.274,330.6171,92.6804
751,cnn,baseline,jetson_emulator,300,local,0.5,94.8608,79.0407,94.8608,98.3758,11.4148,167.274,167.274,356.0248,92.6457
752,cnn,baseline,jetson_emulator,300,local,0.5,95.6046,79.9274,95.6046,99.2195,11.3997,167.274,167.274,356.216,92.6288
753,cnn,baseline,jetson_emulator,300,local,0.5,94.8369,78.4942,94.8369,97.7436,11.4153,167.274,167.274,356.4072,92.6055
754,cnn,baseline,jetson_emulator,300,offload,0.5,94.9173,78.7778,78.7778,81.7715,11.7512,167.274,167.274,331.3276,92.6888
755,cnn,baseline,jetson_emulator,300,offload,0.5,95.2638,78.6797,78.6797,82.2664,11.7533,167.274,167.274,331.5053,92.6744
756,cnn,baseline,jetson_emulator,300,local,0.5,95.0658,79.0969,95.0658,98.254,11.4106,167.274,167.274,356.9808,92.7684
757,cnn,baseline,jetson_emulator,300,offload,0.5,95.3038,78.6649,78.6649,81.3986,11.7536,167.274,167.274,331.8606,92.5981
758,cnn,baseline,jetson_emulator,300,offload,0.5,94.7726,78.3804,78.3804,81.7857,11.7598,167.274,167.274,332.0382,92.6957
759,cnn,baseline,jetson_emulator,300,offload,0.5,94.7261,79.2944,79.2944,82.3928,11.7401,167.274,167.274,332.2159,92.6084
760,cnn,baseline,jetson_emulator,300,local,0.5,94.8718,79.9727,94.8718,98.7067,11.4146,167.274,167.274,357.7456,92.6873
761,cnn,baseline,jetson_emulator,300,offload,0.5,94.8378,78.7698,78.7698,82.1768,11.7514,167.274,167.274,332.5712,92.7692
762,cnn,baseline,jetson_emulator,300,offload,0.5,95.0494,79.1743,79.1743,81.5701,11.7427,167.274,167.274,332.7488,92.7317
763,cnn,baseline,jetson_emulator,300,offload,0.5,95.5146,78.811,78.811,81.4596,11.7505,167.274,167.274,332.9264,92.6579
764,cnn,baseline,jetson_emulator,300,local,0.5,95.1564,79.1525,95.1564,98.168,11.4088,167.274,167.274,358.5103,92.6937
765,cnn,baseline,jetson_emulator,300,local,0.5,95.0443,78.7693,95.0443,98.2795,11.4111,167.274,167.274,358.7015,92.6737
766,cnn,baseline,jetson_emulator,300,offload,0.5,94.9746,78.5323,78.5323,80.1455,11.7565,167.274,167.274,333.4594,92.5664
767,cnn,baseline,jetson_emulator,300,offload,0.5,94.7918,78.7498,78.7498,81.1762,11.7518,167.274,167.274,333.637,92.7468
768,cnn,baseline,jetson_emulator,300,local,0.5,95.7547,79.0734,95.7547,98.8334,11.3967,167.274,167.274,359.2751,92.7494
769,cnn,baseline,jetson_emulator,300,offload,0.5,95.0403,78.5955,78.5955,82.375,11.7551,167.274,167.274,333.9923,92.5565
770,cnn,baseline,jetson_emulator,300,offload,0.5,95.4685,79.1584,79.1584,81.8503,11.743,167.274,167.274,334.17,92.6807
771,cnn,baseline,jetson_emulator,300,local,0.5,95.8134,78.4439,95.8134,99.5288,11.3955,167.274,167.274,359.8487,92.6704
772,cnn,baseline,jetson_emulator,300,offload,0.5,95.976,79.0334,79.0334,83.1182,11.7457,167.274,167.274,334.5253,92.7204
773,cnn,baseline,jetson_emulator,300,offload,0.5,95.502,79.2618,79.2618,82.4819,11.7408,167.274,167.274,334.7029,92.6868
774,cnn,baseline,jetson_emulator,300,local,0.5,95.3924,78.6425,95.3924,97.808,11.404,167.274,167.274,360.4223,92.617
775,cnn,baseline,jetson_emulator,300,offload,0.5,95.8813,78.984,78.984,81.3593,11.7468,167.274,167.274,335.0582,92.7024
776,cnn,baseline,jetson_emulator,300,local,0.5,95.0929,78.9459,95.0929,99.0642,11.4101,167.274,167.274,360.8047,92.7026
777,cnn,baseline,jetson_emulator,300,offload,0.5,95.6187,79.1205,79.1205,82.2167,11.7438,167.274,167.274,335.4135,92.6236
778,cnn,baseline,jetson_emulator,300,offload,0.5,95.7705,79.1978,79.1978,81.9754,11.7422,167.274,167.274,335.5911,92.7135
779,cnn,baseline,jetson_emulator,300,offload,0.5,96.0077,79.62,79.62,82.7975,11.7331,167.274,167.274,335.7688,92.6446
780,cnn,baseline,jetson_emulator,300,local,0.5,95.3914,79.5656,95.3914,98.3048,11.404,167.274,167.274,361.5694,92.6471
781,cnn,baseline,jetson_emulator,300,local,0.5,95.9286,79.1263,95.9286,99.2773,11.3931,167.274,167.274,361.7606,92.6725
782,cnn,baseline,jetson_emulator,300,offload,0.5,95.7107,79.9289,79.9289,82.503,11.7265,167.274,167.274,336.3017,92.6391
783,cnn,baseline,jetson_emulator,300,local,0.5,95.646,79.6147,95.646,98.9556,11.3989,167.274,167.274,362.143,92.7342
784,cnn,baseline,jetson_emulator,300,offload,0.5,95.8538,79.1932,79.1932,82.8181,11.7423,167.274,167.274,336.657,92.6871
785,cnn,baseline,jetson_emulator,300,local,0.5,96.1198,79.6413,96.1198,99.0989,11.3893,167.274,167.274,362.5254,92.6465
786,cnn,baseline,jetson_emulator,300,offload,0.5,95.8163,79.5985,79.5985,82.518,11.7336,167.274,167.274,337.0123,92.6102
787,cnn,baseline,jetson_emulator,300,offload,0.5,96.1886,79.3479,79.3479,82.735,11.7389,167.274,167.274,337.1899,92.6961
788,cnn,baseline,jetson_emulator,300,offload,0.5,95.9855,80.2166,80.2166,83.656,11.7203,167.274,167.274,337.3676,92.7021
789,cnn,baseline,jetson_emulator,300,offload,0.5,97.1921,79.5835,79.5835,82.811,11.7339,167.274,167.274,337.5452,92.6729
790,cnn,baseline,jetson_emulator,300,offload,0.5,96.6453,80.6203,80.6203,84.0354,11.7117,167.274,167.274,337.7229,92.6827
791,cnn,baseline,jetson_emulator,300,offload,0.5,96.2045,79.655,79.655,83.5488,11.7323,167.274,167.274,337.9005,92.7347
792,cnn,baseline,jetson_emulator,300,offload,0.5,96.6361,80.6558,80.6558,83.2205,11.7109,167.274,167.274,338.0782,92.6344
793,cnn,baseline,jetson_emulator,300,offload,0.5,97.343,80.048,80.048,83.2444,11.7239,167.274,167.274,338.2558,92.708
794,cnn,baseline,jetson_emulator,300,offload,0.5,96.641,80.3763,80.3763,83.9749,11.7169,167.274,167.274,338.4334,92.6171
795,cnn,baseline,jetson_emulator,300,offload,0.5,96.676,81.8646,81.8646,84.72,11.6851,167.274,167.274,338.6111,92.6566
796,cnn,baseline,jetson_emulator,300,offload,0.5,97.0734,80.2403,80.2403,82.9011,11.7198,167.274,167.274,338.7887,92.6971
797,cnn,baseline,jetson_emulator,300,offload,0.5,97.3267,81.272,81.272,83.9687,11.6977,167.274,167.274,338.9664,92.716
798,cnn,baseline,jetson_emulator,300,offload,0.5,97.2389,80.943,80.943,84.7687,11.7048,167.274,167.274,339.144,92.7481
799,cnn,baseline,jetson_emulator,300,offload,0.5,97.6955,80.8361,80.8361,83.8107,11.707,167.274,167.274,339.3217,92.6931
800,cnn,baseline,jetson_emulator,300,offload,0.5,97.3549,80.6966,80.6966,83.7683,11.71,167.274,167.274,339.4993,92.6097
801,cnn,baseline,jetson_emulator,300,local,0.5,97.3248,80.4915,97.3248,101.3333,11.3649,167.274,167.274,365.5845,92.6734
802,cnn,baseline,jetson_emulator,300,local,0.5,98.0641,80.9585,98.0641,100.1291,11.3501,167.274,167.274,365.7757,92.5848
803,cnn,baseline,jetson_emulator,300,offload,0.5,98.0183,81.2073,81.2073,84.1035,11.6991,167.274,167.274,340.0322,92.6372
804,cnn,baseline,jetson_emulator,300,offload,0.5,97.7803,81.6588,81.6588,84.4043,11.6895,167.274,167.274,340.2099,92.5906
805,cnn,baseline,jetson_emulator,300,offload,0.5,98.0011,82.3882,82.3882,85.1596,11.674,167.274,167.274,340.3875,92.6749
806,cnn,baseline,jetson_emulator,300,offload,0.5,98.3227,82.7739,82.7739,86.429,11.6658,167.274,167.274,340.5652,92.7799
807,cnn,baseline,jetson_emulator,300,local,0.5,98.4214,81.5693,98.4214,101.3817,11.3429,167.274,167.274,366.7317,92.7754
808,cnn,baseline,jetson_emulator,300,local,0.5,98.3713,82.0397,98.3713,101.3317,11.3439,167.274,167.274,366.9229,92.6411
809,cnn,baseline,jetson_emulator,300,offload,0.5,98.6335,81.7706,81.7706,84.5674,11.6871,167.274,167.274,341.0981,92.6094
810,cnn,baseline,jetson_emulator,300,offload,0.5,99.3684,83.0646,83.0646,85.3765,11.6596,167.274,167.274,341.2758,92.6315
811,cnn,baseline,jetson_emulator,300,offload,0.5,99.4347,82.362,82.362,86.1079,11.6745,167.274,167.274,341.4534,92.6888
812,cnn,baseline,jetson_emulator,300,offload,0.5,98.8709,82.9902,82.9902,86.3389,11.6612,167.274,167.274,341.6311,92.6091
813,cnn,baseline,jetson_emulator,300,offload,0.5,99.484,83.8649,83.8649,87.4246,11.6427,167.274,167.274,341.8087,92.6276
814,cnn,baseline,jetson_emulator,300,offload,0.5,99.3917,83.0303,83.0303,85.697,11.6603,167.274,167.274,341.9863,92.6102
815,cnn,baseline,jetson_emulator,300,local,0.5,99.5193,83.1804,99.5193,102.8033,11.3209,167.274,167.274,368.2612,92.6662
816,cnn,baseline,jetson_emulator,300,offload,0.5,99.5274,83.1785,83.1785,86.7963,11.6572,167.274,167.274,342.3416,92.6626
817,cnn,baseline,jetson_emulator,300,local,0.5,99.7109,83.1101,99.7109,102.7359,11.3171,167.274,167.274,368.6436,92.6998
818,cnn,baseline,jetson_emulator,300,offload,0.5,100.3101,82.6235,82.6235,85.8587,11.669,167.274,167.274,342.6969,92.6752
819,cnn,baseline,jetson_emulator,300,offload,0.5,100.6931,83.0739,83.0739,86.5211,11.6594,167.274,167.274,342.8746,92.6221
820,cnn,baseline,jetson_emulator,300,offload,0.5,100.6416,84.0375,84.0375,88.3654,11.639,167.274,167.274,343.0522,92.5943
821,cnn,baseline,jetson_emulator,300,local,0.5,101.0986,83.8283,101.0986,105.2143,11.2894,167.274,167.274,369.4084,92.6962
822,cnn,baseline,jetson_emulator,300,offload,0.5,101.0788,83.1725,83.1725,86.6193,11.6573,167.274,167.274,343.4075,92.6774
823,cnn,baseline,jetson_emulator,300,local,0.5,100.8379,84.0076,100.8379,103.8121,11.2946,167.274,167.274,369.7908,92.7447
824,cnn,baseline,jetson_emulator,300,offload,0.5,101.0206,84.4139,84.4139,87.3432,11.6311,167.274,167.274,343.7628,92.6406
825,cnn,baseline,jetson_emulator,300,offload,0.5,101.3313,84.6495,84.6495,86.867,11.6261,167.274,167.274,343.9404,92.6278
826,cnn,baseline,jetson_emulator,300,offload,0.5,102.393,84.0885,84.0885,87.1466,11.6379,167.274,167.274,344.1181,92.6876
827,cnn,baseline,jetson_emulator,300,offload,0.5,101.8558,84.4288,84.4288,87.6534,11.6308,167.274,167.274,344.2957,92.61
828,cnn,baseline,jetson_emulator,300,offload,0.5,101.7026,84.6395,84.6395,88.6472,11.6263,167.274,167.274,344.4734,92.6705
829,cnn,baseline,jetson_emulator,300,offload,0.5,102.0348,84.3636,84.3636,86.8607,11.6321,167.274,167.274,344.651,92.6149
830,cnn,baseline,jetson_emulator,300,local,0.5,102.4362,85.3312,102.4362,105.326,11.2629,167.274,167.274,371.1292,92.6506
831,cnn,baseline,jetson_emulator,300,offload,0.5,102.9281,84.9126,84.9126,88.0715,11.6206,167.274,167.274,345.0063,92.6845
832,cnn,baseline,jetson_emulator,300,offload,0.5,102.3762,85.8547,85.8547,88.8509,11.6008,167.274,167.274,345.184,92.6195
833,cnn,baseline,jetson_emulator,300,local,0.5,102.6525,85.4289,102.6525,105.763,11.2586,167.274,167.274,371.7027,92.6155
834,cnn,baseline,jetson_emulator,300,offload,0.5,103.0499,85.8747,85.8747,88.7885,11.6003,167.274,167.274,345.5392,92.7148
835,cnn,baseline,jetson_emulator,300,offload,0.5,104.379,85.6606,85.6606,88.7868,11.6048,167.274,167.274,345.7169,92.6323
836,cnn,baseline,jetson_emulator,300,local,0.5,103.6357,85.4968,103.6357,107.552,11.2392,167.274,167.274,372.2763,92.5928
837,cnn,baseline,jetson_emulator,300,offload,0.5,104.8044,86.3623,86.3623,89.702,11.5901,167.274,167.274,346.0722,92.7968
838,cnn,baseline,jetson_emulator,300,offload,0.5,103.8285,86.6696,86.6696,89.7374,11.5837,167.274,167.274,346.2498,92.6995
839,cnn,baseline,jetson_emulator,300,offload,0.5,104.7004,87.0115,87.0115,89.8699,11.5765,167.274,167.274,346.4275,92.5809
840,cnn,baseline,jetson_emulator,300,offload,0.5,104.6384,86.6024,86.6024,89.6729,11.5851,167.274,167.274,346.6051,92.6176
841,cnn,baseline,jetson_emulator,300,local,0.5,105.0551,86.2297,105.0551,108.3411,11.2113,167.274,167.274,373.2323,92.7205
842,cnn,baseline,jetson_emulator,300,offload,0.5,105.3503,86.3816,86.3816,89.2407,11.5897,167.274,167.274,346.9604,92.6269
843,cnn,baseline,jetson_emulator,300,offload,0.5,104.9654,87.3846,87.3846,91.3481,11.5687,167.274,167.274,347.138,92.674
844,cnn,baseline,jetson_emulator,300,offload,0.5,106.0535,86.692,86.692,90.7475,11.5832,167.274,167.274,347.3157,92.6418
845,cnn,baseline,jetson_emulator,300,offload,0.5,105.7542,87.0048,87.0048,90.1522,11.5767,167.274,167.274,347.4933,92.6408
846,cnn,baseline,jetson_emulator,300,offload,0.5,106.5556,87.8163,87.8163,90.3101,11.5597,167.274,167.274,347.671,92.7219
847,cnn,baseline,jetson_emulator,300,local,0.5,106.7079,87.8125,106.7079,110.0945,11.179,167.274,167.274,374.3795,92.6674
848,cnn,baseline,jetson_emulator,300,offload,0.5,105.9794,88.0078,88.0078,91.3912,11.5557,167.274,167.274,348.0263,92.6945
849,cnn,baseline,jetson_emulator,300,local,0.5,106.4246,87.9149,106.4246,109.407,11.1846,167.274,167.274,374.7618,92.6862
850,cnn,baseline,jetson_emulator,300,local,0.5,106.425,88.5134,106.425,109.9139,11.1846,167.274,167.274,374.953,92.6892
851,cnn,baseline,jetson_emulator,300,offload,0.5,106.8597,87.9182,87.9182,90.7456,11.5576,167.274,167.274,348.5592,92.6757
852,cnn,baseline,jetson_emulator,300,local,0.5,106.977,88.7412,106.977,110.0126,11.1738,167.274,167.274,375.3354,92.6939
853,cnn,baseline,jetson_emulator,300,offload,0.5,106.8711,88.8147,88.8147,91.5232,11.539,167.274,167.274,348.9145,92.6605
854,cnn,baseline,jetson_emulator,300,local,0.5,107.339,88.5307,107.339,110.2014,11.1668,167.274,167.274,375.7178,92.6903
855,cnn,baseline,jetson_emulator,300,offload,0.5,107.9732,89.0412,89.0412,93.2452,11.5343,167.274,167.274,349.2698,92.6475
856,cnn,baseline,jetson_emulator,300,local,0.5,107.578,89.2799,107.578,110.2762,11.1621,167.274,167.274,376.1002,92.6995
857,cnn,baseline,jetson_emulator,300,local,0.5,107.7747,88.9414,107.7747,110.1292,11.1583,167.274,167.274,376.2914,92.6626
858,cnn,baseline,jetson_emulator,300,offload,0.5,108.8821,90.6234,90.6234,93.6165,11.5015,167.274,167.274,349.8027,92.7364
859,cnn,baseline,jetson_emulator,300,local,0.5,108.2181,89.9634,108.2181,111.0457,11.1497,167.274,167.274,376.6738,92.6603
860,cnn,baseline,jetson_emulator,300,offload,0.5,108.5764,90.2689,90.2689,93.0574,11.5089,167.274,167.274,350.158,92.6671
861,cnn,baseline,jetson_emulator,300,offload,0.5,108.3178,90.193,90.193,93.4441,11.5104,167.274,167.274,350.3357,92.5681
862,cnn,baseline,jetson_emulator,300,offload,0.5,108.5498,90.0839,90.0839,93.5071,11.5127,167.274,167.274,350.5133,92.6114
863,cnn,baseline,jetson_emulator,300,local,0.5,108.9915,90.6568,108.9915,112.591,11.1347,167.274,167.274,377.4386,92.6368
864,cnn,baseline,jetson_emulator,300,local,0.5,109.1572,90.3515,109.1572,112.0822,11.1315,167.274,167.274,377.6298,92.7372
865,cnn,baseline,jetson_emulator,300,offload,0.5,109.3653,91.1168,91.1168,93.6377,11.4914,167.274,167.274,351.0462,92.6756
866,cnn,baseline,jetson_emulator,300,offload,0.5,110.562,90.7025,90.7025,94.0909,11.4999,167.274,167.274,351.2239,92.6527
867,cnn,baseline,jetson_emulator,300,offload,0.5,109.9408,90.6158,90.6158,94.2663,11.5017,167.274,167.274,351.4015,92.6379
868,cnn,baseline,jetson_emulator,300,offload,0.5,110.8087,91.9822,91.9822,95.7167,11.4736,167.274,167.274,351.5792,92.6207
869,cnn,baseline,jetson_emulator,300,local,0.5,110.044,91.1526,110.044,113.3338,11.1144,167.274,167.274,378.5857,92.6669
870,cnn,baseline,jetson_emulator,300,offload,0.5,110.7087,92.2962,92.2962,95.7032,11.4671,167.274,167.274,351.9345,92.6112
871,cnn,baseline,jetson_emulator,300,offload,0.5,110.4012,91.2392,91.2392,94.5046,11.4888,167.274,167.274,352.1121,92.6673
872,cnn,baseline,jetson_emulator,300,offload,0.5,110.6345,92.0336,92.0336,94.8292,11.4725,167.274,167.274,352.2897,92.6691
873,cnn,baseline,jetson_emulator,300,offload,0.5,110.9202,92.9223,92.9223,95.8958,11.4543,167.274,167.274,352.4674,92.7547
874,cnn,baseline,jetson_emulator,300,offload,0.5,111.1163,92.8859,92.8859,95.6896,11.4551,167.274,167.274,352.645,92.7032
875,cnn,baseline,jetson_emulator,300,offload,0.5,111.3316,92.0841,92.0841,95.0898,11.4715,167.274,167.274,352.8227,92.6656
876,cnn,baseline,jetson_emulator,300,offload,0.5,112.255,92.5492,92.5492,95.5625,11.4619,167.274,167.274,353.0003,92.6036
877,cnn,baseline,jetson_emulator,300,offload,0.5,112.4926,92.2317,92.2317,95.3675,11.4685,167.274,167.274,353.178,92.6612
878,cnn,baseline,jetson_emulator,300,offload,0.5,112.5473,92.6932,92.6932,95.1219,11.459,167.274,167.274,353.3556,92.6996
879,cnn,baseline,jetson_emulator,300,local,0.5,112.2197,93.0703,112.2197,115.9208,11.0727,167.274,167.274,380.4977,92.5977
880,cnn,baseline,jetson_emulator,300,offload,0.5,112.9381,94.2241,94.2241,97.4037,11.4277,167.274,167.274,353.7109,92.648
881,cnn,baseline,jetson_emulator,300,offload,0.5,112.6959,93.2995,93.2995,96.6055,11.4466,167.274,167.274,353.8886,92.6488
882,cnn,baseline,jetson_emulator,300,local,0.5,112.9679,92.9863,112.9679,115.7372,11.0584,167.274,167.274,381.0712,92.5971
883,cnn,baseline,jetson_emulator,300,offload,0.5,112.7849,93.6352,93.6352,96.4761,11.4397,167.274,167.274,354.2438,92.6155
884,cnn,baseline,jetson_emulator,300,offload,0.5,113.969,93.4352,93.4352,96.6409,11.4438,167.274,167.274,354.4215,92.6668
885,cnn,baseline,jetson_emulator,300,local,0.5,113.2999,93.6002,113.2999,117.1775,11.052,167.274,167.274,381.6448,92.6721
886,cnn,baseline,jetson_emulator,300,offload,0.5,113.5462,94.6359,94.6359,98.4439,11.4194,167.274,167.274,354.7768,92.7027
887,cnn,baseline,jetson_emulator,300,offload,0.5,114.2875,93.7541,93.7541,96.9862,11.4373,167.274,167.274,354.9544,92.6004
888,cnn,baseline,jetson_emulator,300,offload,0.5,113.7114,96.2215,96.2215,98.8431,11.3872,167.274,167.274,355.1321,92.6383
889,cnn,baseline,jetson_emulator,300,local,0.5,113.7492,94.0405,113.7492,116.0857,11.0435,167.274,167.274,382.4096,92.647
890,cnn,baseline,jetson_emulator,300,local,0.5,114.4255,95.978,114.4255,117.8628,11.0306,167.274,167.274,382.6008,92.5995
891,cnn,baseline,jetson_emulator,300,offload,0.5,114.506,94.6923,94.6923,98.2196,11.4182,167.274,167.274,355.665,92.6852
892,cnn,baseline,jetson_emulator,300,local,0.5,115.0366,95.4668,115.0366,118.3423,11.0191,167.274,167.274,382.9832,92.7359
893,cnn,baseline,jetson_emulator,300,offload,0.5,115.4528,95.1884,95.1884,98.2169,11.4081,167.274,167.274,356.0203,92.6962
894,cnn,baseline,jetson_emulator,300,local,0.5,114.9027,94.8098,114.9027,117.8238,11.0216,167.274,167.274,383.3656,92.7046
895,cnn,baseline,jetson_emulator,300,offload,0.5,115.1578,94.9542,94.9542,98.3924,11.4129,167.274,167.274,356.3756,92.7123
896,cnn,baseline,jetson_emulator,300,offload,0.5,115.4212,96.0045,96.0045,98.7018,11.3916,167.274,167.274,356.5532,92.7032
897,cnn,baseline,jetson_emulator,300,offload,0.5,115.6612,95.8091,95.8091,98.6884,11.3956,167.274,167.274,356.7309,92.7792
898,cnn,baseline,jetson_emulator,300,offload,0.5,115.4463,95.2928,95.2928,98.926,11.406,167.274,167.274,356.9085,92.6436
899,cnn,baseline,jetson_emulator,300,offload,0.5,115.9988,95.6947,95.6947,99.0529,11.3979,167.274,167.274,357.0862,92.656
900,cnn,baseline,jetson_emulator,300,offload,0.5,115.5317,96.0529,96.0529,99.4122,11.3906,167.274,167.274,357.2638,92.7379
901,cnn,baseline,jetson_emulator,300,offload,0.5,117.2126,96.2047,96.2047,99.4421,11.3875,167.274,167.274,357.4415,92.6029
902,cnn,baseline,jetson_emulator,300,local,0.5,116.4791,95.8677,116.4791,119.0479,10.9918,167.274,167.274,384.8951,92.6502
903,cnn,baseline,jetson_emulator,300,offload,0.5,116.0663,96.3583,96.3583,100.0703,11.3844,167.274,167.274,357.7967,92.7048
904,cnn,baseline,jetson_emulator,300,local,0.5,116.2892,96.8682,116.2892,120.2075,10.9954,167.274,167.274,385.2775,92.6263
905,cnn,baseline,jetson_emulator,300,offload,0.5,116.3214,96.1657,96.1657,99.1201,11.3883,167.274,167.274,358.152,92.5471
906,cnn,baseline,jetson_emulator,300,offload,0.5,116.8992,97.2305,97.2305,100.0931,11.3668,167.274,167.274,358.3297,92.6116
907,cnn,baseline,jetson_emulator,300,offload,0.5,116.8223,96.4222,96.4222,99.453,11.3832,167.274,167.274,358.5073,92.6961
908,cnn,baseline,jetson_emulator,300,local,0.5,117.2643,97.0827,117.2643,120.6318,10.977,167.274,167.274,386.0423,92.6284
909,cnn,baseline,jetson_emulator,300,offload,0.5,117.3733,98.2277,98.2277,101.5984,11.3468,167.274,167.274,358.8626,92.6657
910,cnn,baseline,jetson_emulator,300,offload,0.5,117.3464,97.0066,97.0066,100.1207,11.3714,167.274,167.274,359.0403,92.6405
911,cnn,baseline,jetson_emulator,300,offload,0.5,117.0753,97.4918,97.4918,100.2211,11.3616,167.274,167.274,359.2179,92.686
912,cnn,baseline,jetson_emulator,300,offload,0.5,117.1561,97.6024,97.6024,100.6768,11.3594,167.274,167.274,359.3955,92.6288
913,cnn,baseline,jetson_emulator,300,local,0.5,118.3321,98.0086,118.3321,121.5398,10.957,167.274,167.274,386.9983,92.6244
914,cnn,baseline,jetson_emulator,300,local,0.5,117.514,97.6057,117.514,120.2712,10.9724,167.274,167.274,387.1895,92.6711
915,cnn,baseline,jetson_emulator,300,offload,0.5,117.6141,99.1553,99.1553,102.3393,11.3282,167.274,167.274,359.9285,92.5795
916,cnn,baseline,jetson_emulator,300,offload,0.5,118.0704,98.1688,98.1688,101.4605,11.348,167.274,167.274,360.1061,92.6679
917,cnn,baseline,jetson_emulator,300,offload,0.5,117.8658,99.9493,99.9493,103.1256,11.3123,167.274,167.274,360.2838,92.5928
918,cnn,baseline,jetson_emulator,300,local,0.5,117.8689,97.5041,117.8689,121.086,10.9657,167.274,167.274,387.9542,92.7432
919,cnn,baseline,jetson_emulator,300,local,0.5,118.3735,98.0768,118.3735,121.0619,10.9562,167.274,167.274,388.1454,92.6711
920,cnn,baseline,jetson_emulator,300,local,0.5,118.2481,99.1072,118.2481,120.9925,10.9586,167.274,167.274,388.3366,92.5774
921,cnn,baseline,jetson_emulator,300,offload,0.5,118.236,98.0571,98.0571,100.9824,11.3502,167.274,167.274,360.9944,92.5883
922,cnn,baseline,jetson_emulator,300,offload,0.5,118.4362,98.638,98.638,102.1113,11.3386,167.274,167.274,361.172,92.6697
923,cnn,baseline,jetson_emulator,300,offload,0.5,118.7732,97.9629,97.9629,100.8641,11.3521,167.274,167.274,361.3496,92.6203
924,cnn,baseline,jetson_emulator,300,offload,0.5,118.2898,98.0256,98.0256,101.3427,11.3508,167.274,167.274,361.5273,92.6461
925,cnn,baseline,jetson_emulator,300,offload,0.5,118.6659,98.4288,98.4288,101.2356,11.3427,167.274,167.274,361.7049,92.666
926,cnn,baseline,jetson_emulator,300,offload,0.5,118.5005,98.3661,98.3661,101.7711,11.344,167.274,167.274,361.8826,92.6209
927,cnn,baseline,jetson_emulator,300,local,0.5,118.5487,98.1227,118.5487,122.2494,10.953,167.274,167.274,389.675,92.6252
928,cnn,baseline,jetson_emulator,300,local,0.5,119.2296,99.0608,119.2296,122.068,10.9402,167.274,167.274,389.8662,92.7189
929,cnn,baseline,jetson_emulator,300,offload,0.5,119.6691,98.1356,98.1356,101.4255,11.3486,167.274,167.274,362.4155,92.7054
930,cnn,baseline,jetson_emulator,300,local,0.5,120.2309,100.3339,120.2309,123.0504,10.9216,167.274,167.274,390.2486,92.6664
931,cnn,baseline,jetson_emulator,300,offload,0.5,118.9195,98.5594,98.5594,101.674,11.3401,167.274,167.274,362.7708,92.7
932,cnn,baseline,jetson_emulator,300,local,0.5,119.3791,100.1492,119.3791,122.4823,10.9374,167.274,167.274,390.631,92.76
933,cnn,baseline,jetson_emulator,300,offload,0.5,119.1776,98.4383,98.4383,101.1013,11.3426,167.274,167.274,363.1261,92.7563
934,cnn,baseline,jetson_emulator,300,offload,0.5,119.0807,99.1266,99.1266,103.0327,11.3288,167.274,167.274,363.3037,92.6295
935,cnn,baseline,jetson_emulator,300,local,0.5,119.4106,98.6156,119.4106,123.0797,10.9369,167.274,167.274,391.2045,92.5954
936,cnn,baseline,jetson_emulator,300,offload,0.5,119.7525,98.9752,98.9752,102.8192,11.3318,167.274,167.274,363.659,92.6048
937,cnn,baseline,jetson_emulator,300,offload,0.5,119.8083,98.4802,98.4802,101.7744,11.3417,167.274,167.274,363.8367,92.7263
938,cnn,baseline,jetson_emulator,300,offload,0.5,119.3065,99.0443,99.0443,102.4119,11.3304,167.274,167.274,364.0143,92.6235
939,cnn,baseline,jetson_emulator,300,offload,0.5,119.3633,99.4833,99.4833,102.9048,11.3216,167.274,167.274,364.192,92.7454
940,cnn,baseline,jetson_emulator,300,offload,0.5,119.3676,98.721,98.721,101.6053,11.3369,167.274,167.274,364.3696,92.5756
941,cnn,baseline,jetson_emulator,300,offload,0.5,119.6777,98.9601,98.9601,102.3045,11.3321,167.274,167.274,364.5473,92.7075
942,cnn,baseline,jetson_emulator,300,local,0.5,119.4862,99.275,119.4862,121.9737,10.9354,167.274,167.274,392.5429,92.7229
943,cnn,baseline,jetson_emulator,300,offload,0.5,120.0519,99.1654,99.1654,102.932,11.328,167.274,167.274,364.9025,92.6519
944,cnn,baseline,jetson_emulator,300,local,0.5,119.6821,99.3059,119.6821,122.7912,10.9318,167.274,167.274,392.9253,92.5873
945,cnn,baseline,jetson_emulator,300,local,0.5,119.5867,99.2288,119.5867,122.3082,10.9336,167.274,167.274,393.1165,92.6416
946,cnn,baseline,jetson_emulator,300,offload,0.5,119.6914,100.228,100.228,103.0093,11.3068,167.274,167.274,365.4355,92.6431
947,cnn,baseline,jetson_emulator,300,local,0.5,119.8352,99.33,119.8352,123.0707,10.9289,167.274,167.274,393.4989,92.6968
948,cnn,baseline,jetson_emulator,300,local,0.5,119.4715,99.2369,119.4715,122.7109,10.9357,167.274,167.274,393.6901,92.678
949,cnn,baseline,jetson_emulator,300,offload,0.5,119.6368,98.975,98.975,101.9098,11.3318,167.274,167.274,365.9684,92.6068
950,cnn,baseline,jetson_emulator,300,offload,0.5,119.554,98.82,98.82,102.5107,11.3349,167.274,167.274,366.1461,92.7015
951,cnn,baseline,jetson_emulator,300,offload,0.5,119.8482,99.1305,99.1305,102.9904,11.3287,167.274,167.274,366.3237,92.7614
952,cnn,baseline,jetson_emulator,300,local,0.5,120.1225,99.7764,120.1225,123.3145,10.9236,167.274,167.274,394.4548,92.6378
953,cnn,baseline,jetson_emulator,300,local,0.5,119.6116,98.7601,119.6116,122.8718,10.9331,167.274,167.274,394.646,92.6802
954,cnn,baseline,jetson_emulator,300,offload,0.5,119.5931,99.1353,99.1353,102.118,11.3286,167.274,167.274,366.8566,92.6802
955,cnn,baseline,jetson_emulator,300,offload,0.5,119.7038,99.138,99.138,102.2145,11.3285,167.274,167.274,367.0343,92.5642
956,cnn,baseline,jetson_emulator,300,offload,0.5,120.3993,99.0171,99.0171,102.7343,11.331,167.274,167.274,367.2119,92.6909
957,cnn,baseline,jetson_emulator,300,offload,0.5,119.7184,98.9491,98.9491,103.2528,11.3323,167.274,167.274,367.3896,92.6837
958,cnn,baseline,jetson_emulator,300,offload,0.5,119.4875,99.0707,99.0707,102.2023,11.3299,167.274,167.274,367.5672,92.7114
959,cnn,baseline,jetson_emulator,300,local,0.5,119.7238,99.3838,119.7238,123.2761,10.931,167.274,167.274,395.7932,92.5687
960,cnn,baseline,jetson_emulator,300,local,0.5,119.7172,99.8178,119.7172,122.3352,10.9311,167.274,167.274,395.9844,92.6644
961,cnn,baseline,jetson_emulator,300,offload,0.5,119.4494,98.7733,98.7733,101.9341,11.3358,167.274,167.274,368.1002,92.7309
962,cnn,baseline,jetson_emulator,300,offload,0.5,119.8191,99.2686,99.2686,102.0728,11.3259,167.274,167.274,368.2778,92.6932
963,cnn,baseline,jetson_emulator,300,offload,0.5,120.1794,100.4532,100.4532,103.4863,11.3023,167.274,167.274,368.4554,92.7103
964,cnn,baseline,jetson_emulator,300,local,0.5,119.5921,99.49,119.5921,122.9654,10.9335,167.274,167.274,396.7492,92.6807
965,cnn,baseline,jetson_emulator,300,offload,0.5,119.4414,99.0923,99.0923,102.4036,11.3295,167.274,167.274,368.8107,92.6818
966,cnn,baseline,jetson_emulator,300,offload,0.5,120.0897,100.3054,100.3054,103.7452,11.3052,167.274,167.274,368.9884,92.5932
967,cnn,baseline,jetson_emulator,300,offload,0.5,120.1228,99.6206,99.6206,102.943,11.3189,167.274,167.274,369.166,92.5612
968,cnn,baseline,jetson_emulator,300,offload,0.5,119.6823,99.4467,99.4467,102.5132,11.3224,167.274,167.274,369.3437,92.698
969,cnn,baseline,jetson_emulator,300,offload,0.5,119.3025,98.7754,98.7754,101.7741,11.3358,167.274,167.274,369.5213,92.7374
970,cnn,baseline,jetson_emulator,300,offload,0.5,119.8011,99.0765,99.0765,102.589,11.3298,167.274,167.274,369.699,92.7239
971,cnn,baseline,jetson_emulator,300,offload,0.5,119.1805,99.4215,99.4215,102.3567,11.3229,167.274,167.274,369.8766,92.6351
972,cnn,baseline,jetson_emulator,300,offload,0.5,119.4712,98.9873,98.9873,102.8457,11.3316,167.274,167.274,370.0542,92.6596
973,cnn,baseline,jetson_emulator,300,offload,0.5,119.6531,99.1973,99.1973,102.0863,11.3274,167.274,167.274,370.2319,92.6763
974,cnn,baseline,jetson_emulator,300,offload,0.5,119.1167,98.4069,98.4069,101.238,11.3432,167.274,167.274,370.4095,92.7679
975,cnn,baseline,jetson_emulator,300,offload,0.5,119.1211,98.8323,98.8323,101.7432,11.3347,167.274,167.274,370.5872,92.7184
976,cnn,baseline,jetson_emulator,300,local,0.5,118.9261,99.609,118.9261,122.5632,10.9459,167.274,167.274,399.0435,92.6976
977,cnn,baseline,jetson_emulator,300,offload,0.5,120.2603,99.2375,99.2375,102.4066,11.3265,167.274,167.274,370.9425,92.709
978,cnn,baseline,jetson_emulator,300,offload,0.5,118.9731,98.7027,98.7027,102.5853,11.3373,167.274,167.274,371.1201,92.6498
979,cnn,baseline,jetson_emulator,300,offload,0.5,119.1761,99.7954,99.7954,102.4826,11.3154,167.274,167.274,371.2978,92.7164
980,cnn,baseline,jetson_emulator,300,local,0.5,119.8302,98.3607,119.8302,122.9076,10.929,167.274,167.274,399.8083,92.6804
981,cnn,baseline,jetson_emulator,300,offload,0.5,119.3714,99.1661,99.1661,101.7257,11.328,167.274,167.274,371.6531,92.6945
982,cnn,baseline,jetson_emulator,300,local,0.5,119.1519,99.5278,119.1519,122.088,10.9417,167.274,167.274,400.1907,92.6668
983,cnn,baseline,jetson_emulator,300,offload,0.5,119.5714,98.9052,98.9052,102.3786,11.3332,167.274,167.274,372.0083,92.6828
984,cnn,baseline,jetson_emulator,300,local,0.5,118.722,98.4951,118.722,122.1914,10.9497,167.274,167.274,400.5731,92.7443
985,cnn,baseline,jetson_emulator,300,offload,0.5,119.8234,98.9928,98.9928,103.1232,11.3314,167.274,167.274,372.3636,92.6828
986,cnn,baseline,jetson_emulator,300,offload,0.5,119.4186,97.9692,97.9692,100.5766,11.352,167.274,167.274,372.5413,92.6912
987,cnn,baseline,jetson_emulator,300,offload,0.5,118.7805,97.9915,97.9915,101.8904,11.3515,167.274,167.274,372.7189,92.6624
988,cnn,baseline,jetson_emulator,300,local,0.5,118.3536,97.8258,118.3536,121.996,10.9566,167.274,167.274,401.3378,92.7225
989,cnn,baseline,jetson_emulator,300,offload,0.5,118.3902,98.9955,98.9955,102.4749,11.3314,167.274,167.274,373.0742,92.5642
990,cnn,baseline,jetson_emulator,300,offload,0.5,118.3116,98.5594,98.5594,101.5833,11.3401,167.274,167.274,373.2519,92.6627
991,cnn,baseline,jetson_emulator,300,offload,0.5,118.5886,98.6586,98.6586,101.0948,11.3381,167.274,167.274,373.4295,92.6636
992,cnn,baseline,jetson_emulator,300,offload,0.5,118.3888,98.0809,98.0809,101.2008,11.3497,167.274,167.274,373.6071,92.7052
993,cnn,baseline,jetson_emulator,300,local,0.5,118.1979,98.6334,118.1979,121.1591,10.9595,167.274,167.274,402.2938,92.6898
994,cnn,baseline,jetson_emulator,300,local,0.5,119.1384,99.8622,119.1384,122.6567,10.9419,167.274,167.274,402.485,92.6006
995,cnn,baseline,jetson_emulator,300,local,0.5,119.7295,97.573,119.7295,122.6987,10.9309,167.274,167.274,402.6762,92.617
996,cnn,baseline,jetson_emulator,300,offload,0.5,118.5058,97.7526,97.7526,100.6062,11.3563,167.274,167.274,374.3177,92.71
997,cnn,baseline,jetson_emulator,300,local,0.5,117.9695,97.7167,117.9695,121.2782,10.9638,167.274,167.274,403.0586,92.6864
998,cnn,baseline,jetson_emulator,300,offload,0.5,117.8532,97.5372,97.5372,100.9512,11.3607,167.274,167.274,374.673,92.6546
999,cnn,baseline,jetson_emulator,300,offload,0.5,118.2825,97.7611,97.7611,100.7109,11.3562,167.274,167.274,374.8507,92.7231
1000,cnn,baseline,jetson_emulator,300,offload,0.5,117.6546,97.2843,97.2843,100.9459,11.3658,167.274,167.274,375.0283,92.6728
1001,cnn,baseline,jetson_emulator,300,offload,0.5,117.87,98.3808,98.3808,101.7215,11.3437,167.274,167.274,375.206,92.6599
1002,cnn,baseline,jetson_emulator,300,offload,0.5,117.7635,98.3528,98.3528,101.0532,11.3443,167.274,167.274,375.3836,92.6316
1003,cnn,baseline,jetson_emulator,300,offload,0.5,117.7809,98.2731,98.2731,101.9471,11.3459,167.274,167.274,375.5612,92.6614
1004,cnn,baseline,jetson_emulator,300,offload,0.5,117.4638,97.5957,97.5957,100.2057,11.3595,167.274,167.274,375.7389,92.6564
1005,cnn,baseline,jetson_emulator,300,offload,0.5,118.2438,97.3461,97.3461,101.1372,11.3645,167.274,167.274,375.9165,92.6998
1006,cnn,baseline,jetson_emulator,300,offload,0.5,118.1112,97.6111,97.6111,100.1667,11.3592,167.274,167.274,376.0942,92.7142
1007,cnn,baseline,jetson_emulator,300,local,0.5,117.3852,97.6995,117.3852,120.2176,10.9748,167.274,167.274,404.9705,92.6771
1008,cnn,baseline,jetson_emulator,300,offload,0.5,117.7915,97.105,97.105,100.6241,11.3694,167.274,167.274,376.4495,92.7746
1009,cnn,baseline,jetson_emulator,300,offload,0.5,117.7179,97.0883,97.0883,99.4161,11.3697,167.274,167.274,376.6271,92.658
1010,cnn,baseline,jetson_emulator,300,offload,0.5,117.5988,97.2125,97.2125,99.8577,11.3672,167.274,167.274,376.8048,92.6132
1011,cnn,baseline,jetson_emulator,300,local,0.5,117.2924,97.5043,117.2924,121.0909,10.9765,167.274,167.274,405.7353,92.6199
1012,cnn,baseline,jetson_emulator,300,offload,0.5,118.2281,97.014,97.014,99.8431,11.3712,167.274,167.274,377.16,92.6745
1013,cnn,baseline,jetson_emulator,300,local,0.5,117.0787,97.5846,117.0787,120.1962,10.9805,167.274,167.274,406.1177,92.7311
1014,cnn,baseline,jetson_emulator,300,offload,0.5,117.0265,97.086,97.086,100.6374,11.3698,167.274,167.274,377.5153,92.7921
1015,cnn,baseline,jetson_emulator,300,offload,0.5,116.7879,97.3438,97.3438,100.8056,11.3646,167.274,167.274,377.693,92.7118
1016,cnn,baseline,jetson_emulator,300,local,0.5,117.0033,96.8151,117.0033,120.3245,10.9819,167.274,167.274,406.6913,92.6323
1017,cnn,baseline,jetson_emulator,300,offload,0.5,116.6711,96.9786,96.9786,100.4921,11.3719,167.274,167.274,378.0483,92.6584
1018,cnn,baseline,jetson_emulator,300,offload,0.5,116.8145,97.8788,97.8788,101.6594,11.3538,167.274,167.274,378.2259,92.6987
1019,cnn,baseline,jetson_emulator,300,offload,0.5,116.698,96.5667,96.5667,99.6844,11.3802,167.274,167.274,378.4036,92.6675
1020,cnn,baseline,jetson_emulator,300,offload,0.5,117.0297,97.373,97.373,100.8777,11.364,167.274,167.274,378.5812,92.601
1021,cnn,baseline,jetson_emulator,300,offload,0.5,116.6399,96.7617,96.7617,99.88,11.3763,167.274,167.274,378.7589,92.6856
1022,cnn,baseline,jetson_emulator,300,local,0.5,116.8854,97.8527,116.8854,119.8947,10.9842,167.274,167.274,407.8384,92.7063
1023,cnn,baseline,jetson_emulator,300,offload,0.5,117.1029,97.0341,97.0341,100.1767,11.3708,167.274,167.274,379.1141,92.6684
1024,cnn,baseline,jetson_emulator,300,local,0.5,116.5317,96.991,116.5317,118.7651,10.9908,167.274,167.274,408.2208,92.7461
1025,cnn,baseline,jetson_emulator,300,offload,0.5,116.9883,96.6685,96.6685,100.7218,11.3782,167.274,167.274,379.4694,92.5407
1026,cnn,baseline,jetson_emulator,300,offload,0.5,116.835,97.1751,97.1751,100.492,11.368,167.274,167.274,379.6471,92.6068
1027,cnn,baseline,jetson_emulator,300,offload,0.5,116.9585,96.8158,96.8158,100.3462,11.3752,167.274,167.274,379.8247,92.7162
1028,cnn,baseline,jetson_emulator,300,offload,0.5,116.1846,96.8457,96.8457,100.5277,11.3746,167.274,167.274,380.0024,92.6757
1029,cnn,baseline,jetson_emulator,300,offload,0.5,116.6966,96.255,96.255,98.9988,11.3865,167.274,167.274,380.18,92.6688
1030,cnn,baseline,jetson_emulator,300,offload,0.5,116.5149,96.1209,96.1209,100.4987,11.3892,167.274,167.274,380.3577,92.6614
1031,cnn,baseline,jetson_emulator,300,offload,0.5,116.3816,96.0638,96.0638,99.729,11.3904,167.274,167.274,380.5353,92.66
1032,cnn,baseline,jetson_emulator,300,local,0.5,116.5963,96.5391,116.5963,119.6229,10.9896,167.274,167.274,409.7504,92.6536
1033,cnn,baseline,jetson_emulator,300,offload,0.5,116.7825,97.0101,97.0101,100.11,11.3713,167.274,167.274,380.8906,92.7183
1034,cnn,baseline,jetson_emulator,300,offload,0.5,116.5246,96.3546,96.3546,99.0526,11.3845,167.274,167.274,381.0682,92.6683
1035,cnn,baseline,jetson_emulator,300,offload,0.5,116.6871,96.1161,96.1161,99.4012,11.3893,167.274,167.274,381.2459,92.7528
1036,cnn,baseline,jetson_emulator,300,offload,0.5,116.9602,96.2076,96.2076,98.9082,11.3875,167.274,167.274,381.4235,92.6361
1037,cnn,baseline,jetson_emulator,300,local,0.5,116.3684,96.7101,116.3684,119.3159,10.9939,167.274,167.274,410.7063,92.6569
1038,cnn,baseline,jetson_emulator,300,local,0.5,116.3329,96.2663,116.3329,119.2412,10.9946,167.274,167.274,410.8975,92.7291
1039,cnn,baseline,jetson_emulator,300,offload,0.5,116.5327,95.8461,95.8461,99.4507,11.3948,167.274,167.274,381.9565,92.6483
1040,cnn,baseline,jetson_emulator,300,offload,0.5,115.8915,96.9274,96.9274,99.9343,11.3729,167.274,167.274,382.1341,92.7734
1041,cnn,baseline,jetson_emulator,300,offload,0.5,116.5358,96.7809,96.7809,99.9237,11.3759,167.274,167.274,382.3118,92.6211
1042,cnn,baseline,jetson_emulator,300,offload,0.5,116.2972,96.586,96.586,99.0704,11.3798,167.274,167.274,382.4894,92.6458
1043,cnn,baseline,jetson_emulator,300,offload,0.5,117.011,96.6696,96.6696,99.1255,11.3782,167.274,167.274,382.667,92.5693
1044,cnn,baseline,jetson_emulator,300,local,0.5,115.8899,95.8174,115.8899,119.7187,11.0029,167.274,167.274,412.0447,92.6956
1045,cnn,baseline,jetson_emulator,300,offload,0.5,116.0678,96.1385,96.1385,99.1471,11.3889,167.274,167.274,383.0223,92.588
1046,cnn,baseline,jetson_emulator,300,offload,0.5,116.7963,96.4079,96.4079,100.2319,11.3834,167.274,167.274,383.2,92.6716
1047,cnn,baseline,jetson_emulator,300,local,0.5,116.2403,95.7985,116.2403,119.3588,10.9963,167.274,167.274,412.6183,92.6924
1048,cnn,baseline,jetson_emulator,300,local,0.5,116.768,96.7646,116.768,119.7433,10.9864,167.274,167.274,412.8095,92.6433
1049,cnn,baseline,jetson_emulator,300,offload,0.5,116.22,95.7582,95.7582,98.6499,11.3966,167.274,167.274,383.7329,92.6588
1050,cnn,baseline,jetson_emulator,300,local,0.5,116.0676,96.0818,116.0676,119.0541,10.9996,167.274,167.274,413.1919,92.673
1051,cnn,baseline,jetson_emulator,300,local,0.5,117.2833,97.3762,117.2833,121.1272,10.9767,167.274,167.274,413.3831,92.6891
1052,cnn,baseline,jetson_emulator,300,offload,0.5,115.8442,96.6911,96.6911,99.5188,11.3777,167.274,167.274,384.2658,92.6678
1053,cnn,baseline,jetson_emulator,300,offload,0.5,116.0312,96.8128,96.8128,100.3971,11.3753,167.274,167.274,384.4435,92.6206
1054,cnn,baseline,jetson_emulator,300,offload,0.5,117.0437,96.5261,96.5261,100.1652,11.3811,167.274,167.274,384.6211,92.7542
1055,cnn,baseline,jetson_emulator,300,local,0.5,116.339,96.7812,116.339,119.6297,10.9945,167.274,167.274,414.1478,92.677
1056,cnn,baseline,jetson_emulator,300,offload,0.5,116.8509,96.0971,96.0971,99.4789,11.3897,167.274,167.274,384.9764,92.6566
1057,cnn,baseline,jetson_emulator,300,offload,0.5,117.5042,98.1059,98.1059,100.9729,11.3492,167.274,167.274,385.1541,92.6275
1058,cnn,baseline,jetson_emulator,300,local,0.5,116.4579,96.4222,116.4579,119.2782,10.9922,167.274,167.274,414.7214,92.5934
1059,cnn,baseline,jetson_emulator,300,offload,0.5,116.5852,96.4896,96.4896,99.9225,11.3818,167.274,167.274,385.5094,92.6992
1060,cnn,baseline,jetson_emulator,300,local,0.5,116.0462,97.3267,116.0462,119.8925,11.0,167.274,167.274,415.1038,92.6919
1061,cnn,baseline,jetson_emulator,300,offload,0.5,116.6139,96.0229,96.0229,99.4325,11.3912,167.274,167.274,385.8647,92.674
1062,cnn,baseline,jetson_emulator,300,offload,0.5,116.4804,96.3891,96.3891,99.8718,11.3838,167.274,167.274,386.0423,92.6076
1063,cnn,baseline,jetson_emulator,300,offload,0.5,116.1995,96.1813,96.1813,99.2751,11.388,167.274,167.274,386.2199,92.6705
1064,cnn,baseline,jetson_emulator,300,offload,0.5,116.2746,96.1623,96.1623,99.3488,11.3884,167.274,167.274,386.3976,92.6395
1065,cnn,baseline,jetson_emulator,300,local,0.5,117.4342,96.4723,117.4342,121.192,10.9738,167.274,167.274,416.0598,92.6677
1066,cnn,baseline,jetson_emulator,300,offload,0.5,116.2445,97.084,97.084,100.3163,11.3698,167.274,167.274,386.7529,92.6882
1067,cnn,baseline,jetson_emulator,300,offload,0.5,116.6382,96.992,96.992,100.6235,11.3716,167.274,167.274,386.9305,92.7292
1068,cnn,baseline,jetson_emulator,300,local,0.5,116.7746,97.0365,116.7746,119.1426,10.9862,167.274,167.274,416.6334,92.6931
1069,cnn,baseline,jetson_emulator,300,offload,0.5,116.597,96.8256,96.8256,100.7468,11.375,167.274,167.274,387.2858,92.7131
1070,cnn,baseline,jetson_emulator,300,offload,0.5,116.5354,96.9486,96.9486,100.2814,11.3725,167.274,167.274,387.4635,92.644
1071,cnn,baseline,jetson_emulator,300,offload,0.5,117.1403,96.627,96.627,100.2702,11.379,167.274,167.274,387.6411,92.6923
1072,cnn,baseline,jetson_emulator,300,offload,0.5,116.784,97.0935,97.0935,100.3143,11.3696,167.274,167.274,387.8187,92.6762
1073,cnn,baseline,jetson_emulator,300,offload,0.5,116.9089,96.6748,96.6748,99.9008,11.378,167.274,167.274,387.9964,92.7146
1074,cnn,baseline,jetson_emulator,300,local,0.5,117.2412,97.7534,117.2412,120.457,10.9775,167.274,167.274,417.7805,92.6589
1075,cnn,baseline,jetson_emulator,300,offload,0.5,117.1349,97.45,97.45,100.2493,11.3624,167.274,167.274,388.3517,92.6511
1076,cnn,baseline,jetson_emulator,300,local,0.5,116.8148,96.7518,116.8148,120.0452,10.9855,167.274,167.274,418.1629,92.6543
1077,cnn,baseline,jetson_emulator,300,offload,0.5,117.3214,97.0845,97.0845,100.2888,11.3698,167.274,167.274,388.707,92.659
1078,cnn,baseline,jetson_emulator,300,offload,0.5,117.3324,97.3077,97.3077,100.8061,11.3653,167.274,167.274,388.8846,92.626
1079,cnn,baseline,jetson_emulator,300,offload,0.5,118.5407,96.7591,96.7591,100.2918,11.3763,167.274,167.274,389.0623,92.5962
1080,cnn,baseline,jetson_emulator,300,offload,0.5,117.2562,97.7118,97.7118,100.3537,11.3572,167.274,167.274,389.2399,92.5834
1081,cnn,baseline,jetson_emulator,300,local,0.5,118.2372,97.8532,118.2372,121.4058,10.9588,167.274,167.274,419.1189,92.6397
1082,cnn,baseline,jetson_emulator,300,offload,0.5,117.3743,97.3191,97.3191,100.5989,11.3651,167.274,167.274,389.5952,92.683
1083,cnn,baseline,jetson_emulator,300,local,0.5,117.7665,97.439,117.7665,120.382,10.9676,167.274,167.274,419.5013,92.6881
1084,cnn,baseline,jetson_emulator,300,offload,0.5,118.1338,97.9913,97.9913,101.0947,11.3515,167.274,167.274,389.9505,92.5111
1085,cnn,baseline,jetson_emulator,300,offload,0.5,118.4787,97.9109,97.9109,100.708,11.3531,167.274,167.274,390.1281,92.7119
1086,cnn,baseline,jetson_emulator,300,offload,0.5,117.6567,97.3092,97.3092,100.7178,11.3653,167.274,167.274,390.3058,92.7564
1087,cnn,baseline,jetson_emulator,300,offload,0.5,118.2205,97.583,97.583,100.8544,11.3597,167.274,167.274,390.4834,92.644
1088,cnn,baseline,jetson_emulator,300,offload,0.5,118.9343,97.9185,97.9185,100.414,11.353,167.274,167.274,390.6611,92.6676
1089,cnn,baseline,jetson_emulator,300,offload,0.5,117.9435,97.8921,97.8921,100.9665,11.3535,167.274,167.274,390.8387,92.6896
1090,cnn,baseline,jetson_emulator,300,offload,0.5,118.3481,97.7488,97.7488,100.9529,11.3564,167.274,167.274,391.0164,92.6795
1091,cnn,baseline,jetson_emulator,300,local,0.5,119.1397,99.2648,119.1397,122.2104,10.9419,167.274,167.274,421.0308,92.7056
1092,cnn,baseline,jetson_emulator,300,offload,0.5,119.0578,98.9933,98.9933,101.862,11.3314,167.274,167.274,391.3716,92.7876
1093,cnn,baseline,jetson_emulator,300,local,0.5,118.9532,99.4201,118.9532,121.8802,10.9454,167.274,167.274,421.4132,92.6902
1094,cnn,baseline,jetson_emulator,300,offload,0.5,118.6881,99.7798,99.7798,103.1241,11.3157,167.274,167.274,391.7269,92.6486
1095,cnn,baseline,jetson_emulator,300,offload,0.5,118.9836,98.6541,98.6541,101.5203,11.3382,167.274,167.274,391.9046,92.6989
1096,cnn,baseline,jetson_emulator,300,offload,0.5,118.8601,98.2405,98.2405,101.3895,11.3465,167.274,167.274,392.0822,92.7025
1097,cnn,baseline,jetson_emulator,300,offload,0.5,118.8671,98.8035,98.8035,102.1149,11.3352,167.274,167.274,392.2599,92.6603
1098,cnn,baseline,jetson_emulator,300,offload,0.5,118.9725,99.4054,99.4054,102.9407,11.3232,167.274,167.274,392.4375,92.674
1099,cnn,baseline,jetson_emulator,300,offload,0.5,120.1532,98.6977,98.6977,101.9729,11.3374,167.274,167.274,392.6152,92.6307
1100,cnn,baseline,jetson_emulator,300,offload,0.5,120.1954,99.2029,99.2029,102.709,11.3272,167.274,167.274,392.7928,92.7392
1101,cnn,baseline,jetson_emulator,300,offload,0.5,119.2697,98.5947,98.5947,101.6147,11.3394,167.274,167.274,392.9705,92.6372
1102,cnn,baseline,jetson_emulator,300,offload,0.5,119.9616,99.1339,99.1339,102.1144,11.3286,167.274,167.274,393.1481,92.7315
1103,cnn,baseline,jetson_emulator,300,local,0.5,119.8801,99.0525,119.8801,123.3407,10.9281,167.274,167.274,423.3252,92.6069
1104,cnn,baseline,jetson_emulator,300,offload,0.5,120.16,99.5809,99.5809,102.696,11.3197,167.274,167.274,393.5034,92.6166
1105,cnn,baseline,jetson_emulator,300,offload,0.5,120.1344,99.017,99.017,101.2155,11.331,167.274,167.274,393.681,92.6629
1106,cnn,baseline,jetson_emulator,300,offload,0.5,120.7433,99.349,99.349,102.5802,11.3243,167.274,167.274,393.8587,92.7141
1107,cnn,baseline,jetson_emulator,300,offload,0.5,120.0595,99.8647,99.8647,102.7644,11.314,167.274,167.274,394.0363,92.6907
1108,cnn,baseline,jetson_emulator,300,local,0.5,120.2713,99.9255,120.2713,123.756,10.9208,167.274,167.274,424.2811,92.6232
1109,cnn,baseline,jetson_emulator,300,local,0.5,120.3227,101.1936,120.3227,123.2405,10.9199,167.274,167.274,424.4723,92.6433
1110,cnn,baseline,jetson_emulator,300,offload,0.5,120.7854,99.7072,99.7072,102.9854,11.3172,167.274,167.274,394.5693,92.6544
1111,cnn,baseline,jetson_emulator,300,offload,0.5,121.0169,99.6518,99.6518,102.7248,11.3183,167.274,167.274,394.7469,92.6286
1112,cnn,baseline,jetson_emulator,300,offload,0.5,120.6959,99.9333,99.9333,102.4424,11.3126,167.274,167.274,394.9245,92.6596
1113,cnn,baseline,jetson_emulator,300,local,0.5,121.9732,99.8618,121.9732,124.8344,10.8893,167.274,167.274,425.2371,92.7071
1114,cnn,baseline,jetson_emulator,300,offload,0.5,121.1267,99.9725,99.9725,103.1757,11.3119,167.274,167.274,395.2798,92.6662
1115,cnn,baseline,jetson_emulator,300,offload,0.5,121.1667,100.3657,100.3657,103.5369,11.304,167.274,167.274,395.4575,92.6513
1116,cnn,baseline,jetson_emulator,300,local,0.5,121.6632,101.323,121.6632,125.4398,10.895,167.274,167.274,425.8107,92.6266
1117,cnn,baseline,jetson_emulator,300,offload,0.5,121.8206,101.2556,101.2556,104.5009,11.2863,167.274,167.274,395.8128,92.7346
1118,cnn,baseline,jetson_emulator,300,local,0.5,122.0491,101.0756,122.0491,125.268,10.8879,167.274,167.274,426.1931,92.7174
1119,cnn,baseline,jetson_emulator,300,offload,0.5,121.6611,101.4272,101.4272,104.2507,11.2829,167.274,167.274,396.1681,92.6826
1120,cnn,baseline,jetson_emulator,300,local,0.5,121.8539,101.5069,121.8539,124.8951,10.8915,167.274,167.274,426.5755,92.6478
1121,cnn,baseline,jetson_emulator,300,offload,0.5,122.8609,101.0661,101.0661,104.5485,11.2901,167.274,167.274,396.5234,92.5884
1122,cnn,baseline,jetson_emulator,300,offload,0.5,122.1565,102.5497,102.5497,105.4618,11.2607,167.274,167.274,396.701,92.62
1123,cnn,baseline,jetson_emulator,300,local,0.5,122.3009,101.2197,122.3009,125.4127,10.8832,167.274,167.274,427.149,92.7044
1124,cnn,baseline,jetson_emulator,300,local,0.5,123.3552,102.106,123.3552,125.9907,10.8638,167.274,167.274,427.3402,92.6071
1125,cnn,baseline,jetson_emulator,300,offload,0.5,123.4934,102.0027,102.0027,105.6245,11.2715,167.274,167.274,397.2339,92.6854
1126,cnn,baseline,jetson_emulator,300,local,0.5,122.9326,101.483,122.9326,127.4495,10.8716,167.274,167.274,427.7226,92.5312
1127,cnn,baseline,jetson_emulator,300,local,0.5,123.3415,102.1993,123.3415,126.2717,10.864,167.274,167.274,427.9138,92.6293
1128,cnn,baseline,jetson_emulator,300,offload,0.5,123.1307,102.7959,102.7959,105.4192,11.2558,167.274,167.274,397.7669,92.6679
1129,cnn,baseline,jetson_emulator,300,offload,0.5,123.1578,102.9992,102.9992,106.7605,11.2518,167.274,167.274,397.9445,92.6302
1130,cnn,baseline,jetson_emulator,300,local,0.5,123.6844,102.1972,123.6844,126.7103,10.8577,167.274,167.274,428.4874,92.6329
1131,cnn,baseline,jetson_emulator,300,offload,0.5,123.5859,102.5412,102.5412,105.0566,11.2608,167.274,167.274,398.2998,92.682
1132,cnn,baseline,jetson_emulator,300,local,0.5,123.9038,102.8248,123.9038,127.2694,10.8537,167.274,167.274,428.8698,92.6267
1133,cnn,baseline,jetson_emulator,300,local,0.5,124.0456,102.9394,124.0456,127.6064,10.8511,167.274,167.274,429.061,92.7006
1134,cnn,baseline,jetson_emulator,300,local,0.5,124.5465,102.8254,124.5465,127.5128,10.8419,167.274,167.274,429.2522,92.7322
1135,cnn,baseline,jetson_emulator,300,offload,0.5,124.5205,102.7466,102.7466,105.8799,11.2568,167.274,167.274,399.0104,92.594
1136,cnn,baseline,jetson_emulator,300,offload,0.5,124.4576,104.0652,104.0652,107.1114,11.2308,167.274,167.274,399.188,92.6924
1137,cnn,baseline,jetson_emulator,300,offload,0.5,124.4881,103.0467,103.0467,105.2936,11.2509,167.274,167.274,399.3657,92.6718
1138,cnn,baseline,jetson_emulator,300,local,0.5,124.8611,103.6221,124.8611,127.9321,10.8361,167.274,167.274,430.017,92.5992
1139,cnn,baseline,jetson_emulator,300,offload,0.5,124.8422,103.4168,103.4168,106.8847,11.2435,167.274,167.274,399.721,92.7455
1140,cnn,baseline,jetson_emulator,300,local,0.5,125.0335,103.8014,125.0335,128.4168,10.833,167.274,167.274,430.3993,92.6574
1141,cnn,baseline,jetson_emulator,300,offload,0.5,125.103,103.2473,103.2473,106.1626,11.2469,167.274,167.274,400.0763,92.6815
1142,cnn,baseline,jetson_emulator,300,offload,0.5,125.4322,103.573,103.573,106.6598,11.2405,167.274,167.274,400.2539,92.6495
1143,cnn,baseline,jetson_emulator,300,local,0.5,125.5707,103.653,125.5707,128.6725,10.8232,167.274,167.274,430.9729,92.7069
1144,cnn,baseline,jetson_emulator,300,local,0.5,125.3934,103.609,125.3934,128.2715,10.8264,167.274,167.274,431.1641,92.6941
1145,cnn,baseline,jetson_emulator,300,offload,0.5,125.5163,104.1221,104.1221,107.3104,11.2297,167.274,167.274,400.7868,92.631
1146,cnn,baseline,jetson_emulator,300,offload,0.5,125.6158,103.8475,103.8475,107.319,11.2351,167.274,167.274,400.9645,92.663
1147,cnn,baseline,jetson_emulator,300,offload,0.5,126.0763,105.4663,105.4663,109.0953,11.2033,167.274,167.274,401.1421,92.7544
1148,cnn,baseline,jetson_emulator,300,offload,0.5,126.0859,104.3927,104.3927,107.4602,11.2243,167.274,167.274,401.3198,92.7526
1149,cnn,baseline,jetson_emulator,300,local,0.5,126.0446,105.1096,126.0446,129.3709,10.8145,167.274,167.274,432.1201,92.5931
1150,cnn,baseline,jetson_emulator,300,local,0.5,126.8076,104.4849,126.8076,129.9025,10.8006,167.274,167.274,432.3113,92.7109
1151,cnn,baseline,jetson_emulator,300,local,0.5,126.3112,105.5914,126.3112,128.644,10.8096,167.274,167.274,432.5025,92.6962
1152,cnn,baseline,jetson_emulator,300,local,0.5,127.0533,105.677,127.0533,130.4498,10.7961,167.274,167.274,432.6937,92.6775
1153,cnn,baseline,jetson_emulator,300,offload,0.5,126.6573,105.2663,105.2663,108.905,11.2072,167.274,167.274,402.208,92.6319
1154,cnn,baseline,jetson_emulator,300,offload,0.5,126.9581,104.7494,104.7494,108.4678,11.2173,167.274,167.274,402.3856,92.6878
1155,cnn,baseline,jetson_emulator,300,offload,0.5,127.2937,105.7682,105.7682,109.8978,11.1974,167.274,167.274,402.5633,92.669
1156,cnn,baseline,jetson_emulator,300,offload,0.5,127.6079,105.0134,105.0134,108.7228,11.2122,167.274,167.274,402.7409,92.6535
1157,cnn,baseline,jetson_emulator,300,local,0.5,128.6732,105.1786,128.6732,131.2111,10.7668,167.274,167.274,433.6496,92.6454
1158,cnn,baseline,jetson_emulator,300,offload,0.5,127.1353,105.4759,105.4759,108.1107,11.2031,167.274,167.274,403.0962,92.6563
1159,cnn,baseline,jetson_emulator,300,local,0.5,127.3651,105.6055,127.3651,130.5288,10.7905,167.274,167.274,434.032,92.6941
1160,cnn,baseline,jetson_emulator,300,offload,0.5,128.5188,105.9656,105.9656,109.088,11.1935,167.274,167.274,403.4515,92.686
1161,cnn,baseline,jetson_emulator,300,local,0.5,127.8986,105.9509,127.8986,131.476,10.7808,167.274,167.274,434.4144,92.6069
1162,cnn,baseline,jetson_emulator,300,local,0.5,127.7236,106.0884,127.7236,131.0338,10.784,167.274,167.274,434.6056,92.6106
1163,cnn,baseline,jetson_emulator,300,offload,0.5,128.2881,106.8014,106.8014,109.9451,11.1772,167.274,167.274,403.9844,92.6201
1164,cnn,baseline,jetson_emulator,300,offload,0.5,128.3146,106.3619,106.3619,109.2801,11.1858,167.274,167.274,404.1621,92.6477
1165,cnn,baseline,jetson_emulator,300,offload,0.5,127.9897,106.0862,106.0862,109.792,11.1912,167.274,167.274,404.3397,92.6934
1166,cnn,baseline,jetson_emulator,300,offload,0.5,128.2007,106.4802,106.4802,109.5592,11.1835,167.274,167.274,404.5174,92.6467
1167,cnn,baseline,jetson_emulator,300,offload,0.5,128.7269,106.3478,106.3478,110.0446,11.1861,167.274,167.274,404.695,92.5592
1168,cnn,baseline,jetson_emulator,300,offload,0.5,129.0244,106.6156,106.6156,109.3768,11.1808,167.274,167.274,404.8727,92.6774
1169,cnn,baseline,jetson_emulator,300,offload,0.5,128.3998,106.8596,106.8596,110.5173,11.1761,167.274,167.274,405.0503,92.7428
1170,cnn,baseline,jetson_emulator,300,offload,0.5,128.8536,106.3336,106.3336,110.1232,11.1863,167.274,167.274,405.228,92.7165
1171,cnn,baseline,jetson_emulator,300,offload,0.5,128.8242,107.3937,107.3937,111.0606,11.1657,167.274,167.274,405.4056,92.6513
1172,cnn,baseline,jetson_emulator,300,offload,0.5,128.8586,107.0703,107.0703,110.317,11.172,167.274,167.274,405.5832,92.623
1173,cnn,baseline,jetson_emulator,300,local,0.5,128.9149,106.761,128.9149,132.3112,10.7624,167.274,167.274,436.7088,92.6525
1174,cnn,baseline,jetson_emulator,300,offload,0.5,129.3627,108.1305,108.1305,110.7792,11.1514,167.274,167.274,405.9385,92.7473
1175,cnn,baseline,jetson_emulator,300,offload,0.5,129.1361,107.5225,107.5225,111.6737,11.1632,167.274,167.274,406.1162,92.6549
1176,cnn,baseline,jetson_emulator,300,offload,0.5,129.3826,107.0753,107.0753,110.5933,11.1719,167.274,167.274,406.2938,92.6139
1177,cnn,baseline,jetson_emulator,300,offload,0.5,129.429,107.1488,107.1488,110.4342,11.1705,167.274,167.274,406.4715,92.6431
1178,cnn,baseline,jetson_emulator,300,local,0.5,130.1676,107.6716,130.1676,133.3623,10.7398,167.274,167.274,437.6647,92.6627
1179,cnn,baseline,jetson_emulator,300,offload,0.5,130.1477,107.505,107.505,110.9167,11.1635,167.274,167.274,406.8268,92.6436
1180,cnn,baseline,jetson_emulator,300,offload,0.5,129.6905,107.2635,107.2635,110.5173,11.1682,167.274,167.274,407.0044,92.6091
1181,cnn,baseline,jetson_emulator,300,local,0.5,129.8343,107.16,129.8343,133.1951,10.7458,167.274,167.274,438.2383,92.659
1182,cnn,baseline,jetson_emulator,300,offload,0.5,129.7991,107.5496,107.5496,111.0454,11.1627,167.274,167.274,407.3597,92.5846
1183,cnn,baseline,jetson_emulator,300,offload,0.5,130.473,107.9104,107.9104,111.5398,11.1557,167.274,167.274,407.5373,92.6932
1184,cnn,baseline,jetson_emulator,300,offload,0.5,130.8004,107.375,107.375,110.3374,11.1661,167.274,167.274,407.715,92.6391
1185,cnn,baseline,jetson_emulator,300,offload,0.5,129.7986,108.6554,108.6554,111.296,11.1412,167.274,167.274,407.8926,92.6707
1186,cnn,baseline,jetson_emulator,300,offload,0.5,129.977,107.3988,107.3988,111.1917,11.1656,167.274,167.274,408.0703,92.6626
1187,cnn,baseline,jetson_emulator,300,local,0.5,130.2691,107.9217,130.2691,133.5243,10.738,167.274,167.274,439.3855,92.7072
1188,cnn,baseline,jetson_emulator,300,offload,0.5,130.7302,108.0959,108.0959,111.1053,11.1521,167.274,167.274,408.4256,92.6054
1189,cnn,baseline,jetson_emulator,300,offload,0.5,130.582,107.5486,107.5486,110.5774,11.1627,167.274,167.274,408.6032,92.7132
1190,cnn,baseline,jetson_emulator,300,offload,0.5,130.1441,108.4696,108.4696,112.4401,11.1448,167.274,167.274,408.7809,92.6226
1191,cnn,baseline,jetson_emulator,300,offload,0.5,130.2085,108.0565,108.0565,111.7596,11.1528,167.274,167.274,408.9585,92.6177
1192,cnn,baseline,jetson_emulator,300,offload,0.5,130.6754,108.0706,108.0706,110.9734,11.1526,167.274,167.274,409.1361,92.5939
1193,cnn,baseline,jetson_emulator,300,local,0.5,130.4906,109.7732,130.4906,133.5203,10.734,167.274,167.274,440.5326,92.6283
1194,cnn,baseline,jetson_emulator,300,local,0.5,130.2651,108.4528,130.2651,134.0374,10.7381,167.274,167.274,440.7238,92.6603
1195,cnn,baseline,jetson_emulator,300,local,0.5,130.4751,108.7664,130.4751,133.6249,10.7343,167.274,167.274,440.915,92.6098
1196,cnn,baseline,jetson_emulator,300,offload,0.5,130.7008,108.5736,108.5736,112.0432,11.1428,167.274,167.274,409.8467,92.6316
1197,cnn,baseline,jetson_emulator,300,offload,0.5,130.5235,108.1334,108.1334,111.349,11.1513,167.274,167.274,410.0244,92.6216
1198,cnn,baseline,jetson_emulator,300,local,0.5,131.2785,109.7063,131.2785,134.2402,10.7199,167.274,167.274,441.4886,92.7377
1199,cnn,baseline,jetson_emulator,300,offload,0.5,131.3196,108.1226,108.1226,110.9651,11.1515,167.274,167.274,410.3797,92.6748
1200,cnn,baseline,jetson_emulator,300,offload,0.5,131.0675,108.0769,108.0769,110.9109,11.1524,167.274,167.274,410.5573,92.6873
