cycle_id,model,architecture,profile,nodes,decision,threshold,local_latency_ms,offload_latency_ms,total_latency_ms,rtt_ms,throughput_fps,local_power_mw,offload_power_mw,effective_power_mw,accuracy_step
1,cnn,baseline,jetson_emulator,2,local,0.5,43.353,35.7064,43.353,45.3545,28.5812,167.274,167.274,167.7259,92.8908
2,cnn,baseline,jetson_emulator,2,offload,0.5,43.279,35.8557,35.8557,38.2763,29.5693,167.274,167.274,167.7762,92.853
3,cnn,baseline,jetson_emulator,2,offload,0.5,43.5061,36.1801,36.1801,37.6816,29.5251,167.274,167.274,167.9269,92.7914
4,cnn,baseline,jetson_emulator,2,offload,0.5,43.4529,37.3808,37.3808,38.3146,29.3628,167.274,167.274,168.0776,92.7865
5,cnn,baseline,jetson_emulator,2,local,0.5,44.0036,36.1313,44.0036,45.305,28.4986,167.274,167.274,168.3292,92.744
6,cnn,baseline,jetson_emulator,2,local,0.5,44.3616,36.1278,44.3616,46.102,28.4533,167.274,167.274,168.48,92.7434
7,cnn,baseline,jetson_emulator,2,local,0.5,43.8881,36.1024,43.8881,45.0802,28.5132,167.274,167.274,168.6308,92.8334
8,cnn,baseline,jetson_emulator,2,offload,0.5,44.0057,36.3206,36.3206,37.7598,29.506,167.274,167.274,168.6805,92.9073
9,cnn,baseline,jetson_emulator,2,offload,0.5,43.7337,37.0214,37.0214,39.1015,29.4112,167.274,167.274,168.8313,92.7536
10,cnn,baseline,jetson_emulator,2,offload,0.5,43.9349,37.8341,37.8341,38.9464,29.302,167.274,167.274,168.982,92.8245
11,cnn,baseline,jetson_emulator,2,offload,0.5,44.3379,36.427,36.427,38.085,29.4916,167.274,167.274,169.1327,92.7996
12,cnn,baseline,jetson_emulator,2,local,0.5,44.8678,36.9475,44.8678,46.3706,28.3896,167.274,167.274,169.3849,92.8675
13,cnn,baseline,jetson_emulator,2,offload,0.5,44.2631,37.8758,37.8758,39.7316,29.2964,167.274,167.274,169.4342,92.7954
14,cnn,baseline,jetson_emulator,2,offload,0.5,44.5462,36.9932,36.9932,39.1672,29.415,167.274,167.274,169.5849,92.8612
15,cnn,baseline,jetson_emulator,2,local,0.5,44.7253,36.8107,44.7253,46.5844,28.4075,167.274,167.274,169.8374,92.8634
16,cnn,baseline,jetson_emulator,2,local,0.5,44.5881,36.7753,44.5881,45.8002,28.4248,167.274,167.274,169.9882,92.7549
17,cnn,baseline,jetson_emulator,2,offload,0.5,44.8698,37.8072,37.8072,39.4848,29.3056,167.274,167.274,170.0371,92.8648
18,cnn,baseline,jetson_emulator,2,local,0.5,44.6766,37.2863,44.6766,46.5492,28.4136,167.274,167.274,170.2898,92.8916
19,cnn,baseline,jetson_emulator,2,local,0.5,44.5585,38.1103,44.5585,45.0896,28.4285,167.274,167.274,170.4406,92.8558
20,cnn,baseline,jetson_emulator,2,offload,0.5,44.668,37.131,37.131,38.8823,29.3964,167.274,167.274,170.4893,92.7153
21,cnn,baseline,jetson_emulator,2,local,0.5,44.8261,37.2434,44.8261,47.2012,28.3948,167.274,167.274,170.7423,92.7887
22,cnn,baseline,jetson_emulator,2,local,0.5,45.2597,37.4266,45.2597,47.3816,28.3404,167.274,167.274,170.8931,92.8311
23,cnn,baseline,jetson_emulator,2,offload,0.5,45.1677,37.4995,37.4995,39.2532,29.3468,167.274,167.274,170.9415,92.8631
24,cnn,baseline,jetson_emulator,2,offload,0.5,45.348,37.4093,37.4093,38.9428,29.359,167.274,167.274,171.0922,92.7415
25,cnn,baseline,jetson_emulator,2,local,0.5,45.1779,37.4167,45.1779,46.8902,28.3506,167.274,167.274,171.3455,92.8029
26,cnn,baseline,jetson_emulator,2,offload,0.5,45.9297,37.6101,37.6101,39.1659,29.332,167.274,167.274,171.3936,92.7745
27,cnn,baseline,jetson_emulator,2,offload,0.5,45.245,37.6576,37.6576,40.2164,29.3256,167.274,167.274,171.5444,92.8234
28,cnn,baseline,jetson_emulator,2,offload,0.5,45.3766,37.4463,37.4463,38.2929,29.354,167.274,167.274,171.6951,92.8133
29,cnn,baseline,jetson_emulator,2,local,0.5,45.3298,39.4771,45.3298,46.9532,28.3316,167.274,167.274,171.9488,92.8297
30,cnn,baseline,jetson_emulator,2,local,0.5,45.3862,38.4684,45.3862,47.6104,28.3246,167.274,167.274,172.0996,92.8523
31,cnn,baseline,jetson_emulator,2,local,0.5,45.9148,38.3132,45.9148,48.256,28.2586,167.274,167.274,172.2504,92.7446
32,cnn,baseline,jetson_emulator,2,local,0.5,45.8615,39.4282,45.8615,47.1257,28.2652,167.274,167.274,172.4013,92.7863
33,cnn,baseline,jetson_emulator,2,local,0.5,45.6361,38.0938,45.6361,46.6483,28.2933,167.274,167.274,172.5521,92.8181
34,cnn,baseline,jetson_emulator,2,local,0.5,46.2871,38.1258,46.2871,47.5833,28.2123,167.274,167.274,172.7029,92.8922
35,cnn,baseline,jetson_emulator,2,offload,0.5,46.186,38.0568,38.0568,40.1329,29.2722,167.274,167.274,172.7502,92.7531
36,cnn,baseline,jetson_emulator,2,local,0.5,45.9165,38.9247,45.9165,46.9032,28.2584,167.274,167.274,173.0045,92.8239
37,cnn,baseline,jetson_emulator,2,local,0.5,46.0021,38.5459,46.0021,47.1555,28.2477,167.274,167.274,173.1553,92.7486
38,cnn,baseline,jetson_emulator,2,local,0.5,46.2257,38.1996,46.2257,48.0484,28.2199,167.274,167.274,173.3062,92.832
39,cnn,baseline,jetson_emulator,2,local,0.5,46.3854,38.1992,46.3854,48.2273,28.2001,167.274,167.274,173.457,92.7789
40,cnn,baseline,jetson_emulator,2,local,0.5,47.1659,38.4507,47.1659,48.3399,28.1036,167.274,167.274,173.6078,92.8475
41,cnn,baseline,jetson_emulator,2,local,0.5,46.689,38.7606,46.689,48.9204,28.1625,167.274,167.274,173.7586,92.7736
42,cnn,baseline,jetson_emulator,2,offload,0.5,46.7434,38.5024,38.5024,40.5823,29.2128,167.274,167.274,173.8053,92.9095
43,cnn,baseline,jetson_emulator,2,offload,0.5,46.3692,38.8334,38.8334,40.1432,29.1688,167.274,167.274,173.956,92.7739
44,cnn,baseline,jetson_emulator,2,offload,0.5,46.3266,38.542,38.542,40.3765,29.2075,167.274,167.274,174.1067,92.856
45,cnn,baseline,jetson_emulator,2,offload,0.5,46.346,39.5078,39.5078,41.0987,29.0796,167.274,167.274,174.2575,92.9507
46,cnn,baseline,jetson_emulator,2,offload,0.5,46.7738,39.063,39.063,40.2911,29.1384,167.274,167.274,174.4082,92.8388
47,cnn,baseline,jetson_emulator,2,offload,0.5,46.5866,38.9913,38.9913,40.9143,29.1479,167.274,167.274,174.5589,92.811
48,cnn,baseline,jetson_emulator,2,offload,0.5,47.0187,39.6975,39.6975,41.2066,29.0546,167.274,167.274,174.7096,92.8575
49,cnn,baseline,jetson_emulator,2,local,0.5,46.6898,39.5201,46.6898,48.4778,28.1624,167.274,167.274,174.9652,92.8339
50,cnn,baseline,jetson_emulator,2,offload,0.5,47.1479,38.6628,38.6628,40.399,29.1914,167.274,167.274,175.0111,92.7575
51,cnn,baseline,jetson_emulator,2,offload,0.5,46.8813,39.0414,39.0414,41.2388,29.1412,167.274,167.274,175.1618,92.8674
52,cnn,baseline,jetson_emulator,2,offload,0.5,47.549,39.3943,39.3943,41.3361,29.0946,167.274,167.274,175.3125,92.8404
53,cnn,baseline,jetson_emulator,2,offload,0.5,47.0766,41.84,41.84,43.8069,28.7753,167.274,167.274,175.4633,92.8714
54,cnn,baseline,jetson_emulator,2,local,0.5,47.3905,39.2389,47.3905,48.9586,28.076,167.274,167.274,175.7192,92.8526
55,cnn,baseline,jetson_emulator,2,local,0.5,47.3281,38.9359,47.3281,48.8197,28.0837,167.274,167.274,175.8701,92.8188
56,cnn,baseline,jetson_emulator,2,local,0.5,48.3069,40.3191,48.3069,50.3258,27.9638,167.274,167.274,176.0209,92.734
57,cnn,baseline,jetson_emulator,2,offload,0.5,47.237,39.7141,39.7141,41.453,29.0524,167.274,167.274,176.0662,92.7608
58,cnn,baseline,jetson_emulator,2,local,0.5,47.4279,39.4125,47.4279,48.8092,28.0714,167.274,167.274,176.3225,92.8255
59,cnn,baseline,jetson_emulator,2,offload,0.5,47.0652,39.4245,39.4245,42.0993,29.0906,167.274,167.274,176.3676,92.8464
60,cnn,baseline,jetson_emulator,2,offload,0.5,48.3041,39.0749,39.0749,40.4871,29.1368,167.274,167.274,176.5184,92.8573
61,cnn,baseline,jetson_emulator,2,local,0.5,47.5985,39.0489,47.5985,49.5357,28.0505,167.274,167.274,176.775,92.858
62,cnn,baseline,jetson_emulator,2,local,0.5,47.8841,39.2623,47.8841,49.3804,28.0155,167.274,167.274,176.9258,92.782
63,cnn,baseline,jetson_emulator,2,local,0.5,48.2637,39.3516,48.2637,49.4063,27.9691,167.274,167.274,177.0766,92.8606
64,cnn,baseline,jetson_emulator,2,local,0.5,48.5159,39.8994,48.5159,49.5422,27.9383,167.274,167.274,177.2274,92.7905
65,cnn,baseline,jetson_emulator,2,local,0.5,48.0338,39.6606,48.0338,49.9435,27.9972,167.274,167.274,177.3782,92.8534
66,cnn,baseline,jetson_emulator,2,local,0.5,47.8621,39.154,47.8621,48.1135,28.0182,167.274,167.274,177.5291,92.7634
67,cnn,baseline,jetson_emulator,2,offload,0.5,47.4868,40.1614,40.1614,42.606,28.9937,167.274,167.274,177.5735,92.7432
68,cnn,baseline,jetson_emulator,2,offload,0.5,47.6318,39.2659,39.2659,41.6245,29.1115,167.274,167.274,177.7242,92.7429
69,cnn,baseline,jetson_emulator,2,offload,0.5,48.0995,39.1915,39.1915,40.4598,29.1214,167.274,167.274,177.8749,92.8378
70,cnn,baseline,jetson_emulator,2,offload,0.5,47.5453,39.7022,39.7022,41.4437,29.054,167.274,167.274,178.0256,92.7954
71,cnn,baseline,jetson_emulator,2,offload,0.5,47.5213,39.7763,39.7763,42.2,29.0442,167.274,167.274,178.1764,92.7528
72,cnn,baseline,jetson_emulator,2,local,0.5,48.7697,40.8624,48.7697,50.4114,27.9075,167.274,167.274,178.434,92.8441
73,cnn,baseline,jetson_emulator,2,local,0.5,47.6745,39.7866,47.6745,49.2908,28.0411,167.274,167.274,178.5848,92.79
74,cnn,baseline,jetson_emulator,2,offload,0.5,47.8851,39.9937,39.9937,41.8643,29.0157,167.274,167.274,178.6285,92.78
75,cnn,baseline,jetson_emulator,2,local,0.5,48.0956,39.5651,48.0956,50.1714,27.9896,167.274,167.274,178.8864,92.8461
76,cnn,baseline,jetson_emulator,2,offload,0.5,48.0744,39.7916,39.7916,41.8379,29.0422,167.274,167.274,178.93,92.8452
77,cnn,baseline,jetson_emulator,2,local,0.5,47.6058,39.443,47.6058,49.8908,28.0496,167.274,167.274,179.188,92.7851
78,cnn,baseline,jetson_emulator,2,offload,0.5,47.9432,39.5288,39.5288,41.1408,29.0768,167.274,167.274,179.2315,92.8696
79,cnn,baseline,jetson_emulator,2,offload,0.5,48.1294,40.0478,40.0478,42.3453,29.0086,167.274,167.274,179.3822,92.8157
80,cnn,baseline,jetson_emulator,2,offload,0.5,48.0592,39.6464,39.6464,41.5023,29.0613,167.274,167.274,179.5329,92.8082
81,cnn,baseline,jetson_emulator,2,local,0.5,47.7207,39.8941,47.7207,49.0625,28.0355,167.274,167.274,179.7913,92.9193
82,cnn,baseline,jetson_emulator,2,offload,0.5,48.2847,40.4165,40.4165,42.6476,28.9603,167.274,167.274,179.8344,92.8542
83,cnn,baseline,jetson_emulator,2,local,0.5,48.0666,39.9438,48.0666,49.7711,27.9931,167.274,167.274,180.093,92.7698
84,cnn,baseline,jetson_emulator,2,local,0.5,47.7465,39.9937,47.7465,49.8953,28.0323,167.274,167.274,180.2438,92.8073
85,cnn,baseline,jetson_emulator,2,offload,0.5,48.2106,39.7089,39.7089,41.6047,29.0531,167.274,167.274,180.2865,92.7865
86,cnn,baseline,jetson_emulator,2,offload,0.5,48.2178,39.6524,39.6524,41.4727,29.0605,167.274,167.274,180.4373,92.7893
87,cnn,baseline,jetson_emulator,2,local,0.5,48.0134,39.6495,48.0134,49.0718,27.9996,167.274,167.274,180.6962,92.7443
88,cnn,baseline,jetson_emulator,2,local,0.5,48.17,39.6398,48.17,50.0199,27.9805,167.274,167.274,180.847,92.8884
89,cnn,baseline,jetson_emulator,2,offload,0.5,48.2599,39.6004,39.6004,41.3018,29.0674,167.274,167.274,180.8895,92.7645
90,cnn,baseline,jetson_emulator,2,offload,0.5,47.7567,39.7103,39.7103,41.5655,29.0529,167.274,167.274,181.0402,92.7733
91,cnn,baseline,jetson_emulator,2,offload,0.5,48.0631,40.7395,40.7395,42.4005,28.9181,167.274,167.274,181.1909,92.8347
92,cnn,baseline,jetson_emulator,2,local,0.5,48.1686,39.8078,48.1686,49.9795,27.9807,167.274,167.274,181.4503,92.8153
93,cnn,baseline,jetson_emulator,2,local,0.5,47.8112,40.1154,47.8112,49.5323,28.0244,167.274,167.274,181.6011,92.8396
94,cnn,baseline,jetson_emulator,2,offload,0.5,48.63,40.269,40.269,42.9479,28.9796,167.274,167.274,181.6431,92.7763
95,cnn,baseline,jetson_emulator,2,offload,0.5,48.2786,39.6278,39.6278,42.3233,29.0638,167.274,167.274,181.7938,92.7742
96,cnn,baseline,jetson_emulator,2,offload,0.5,48.2566,39.9692,39.9692,40.7234,29.0189,167.274,167.274,181.9445,92.7884
97,cnn,baseline,jetson_emulator,2,local,0.5,48.2044,39.5959,48.2044,50.0682,27.9763,167.274,167.274,182.2044,92.9085
98,cnn,baseline,jetson_emulator,2,local,0.5,48.3157,39.9441,48.3157,49.6214,27.9627,167.274,167.274,182.3552,92.8393
99,cnn,baseline,jetson_emulator,2,local,0.5,48.5339,40.9745,48.5339,50.7746,27.9362,167.274,167.274,182.506,92.7912
100,cnn,baseline,jetson_emulator,2,local,0.5,48.765,40.5751,48.765,50.4234,27.9081,167.274,167.274,182.6569,92.8766
101,cnn,baseline,jetson_emulator,2,offload,0.5,48.6855,39.9463,39.9463,41.6587,29.0219,167.274,167.274,182.6982,92.817
102,cnn,baseline,jetson_emulator,2,local,0.5,47.9845,39.9585,47.9845,49.2141,28.0032,167.274,167.274,182.9585,92.8075
103,cnn,baseline,jetson_emulator,2,local,0.5,47.7754,39.8611,47.7754,49.8056,28.0288,167.274,167.274,183.1093,92.7584
104,cnn,baseline,jetson_emulator,2,local,0.5,48.6201,40.4819,48.6201,50.4796,27.9257,167.274,167.274,183.2601,92.7772
105,cnn,baseline,jetson_emulator,2,offload,0.5,48.6187,39.5137,39.5137,41.7543,29.0788,167.274,167.274,183.3011,92.818
106,cnn,baseline,jetson_emulator,2,local,0.5,48.9144,40.856,48.9144,50.5124,27.8899,167.274,167.274,183.5618,92.8632
107,cnn,baseline,jetson_emulator,2,offload,0.5,48.0446,40.5258,40.5258,41.8015,28.946,167.274,167.274,183.6025,92.849
108,cnn,baseline,jetson_emulator,2,offload,0.5,48.2801,40.8357,40.8357,42.0132,28.9055,167.274,167.274,183.7533,92.7127
109,cnn,baseline,jetson_emulator,2,offload,0.5,47.7874,39.964,39.964,42.35,29.0196,167.274,167.274,183.904,92.8184
110,cnn,baseline,jetson_emulator,2,local,0.5,48.5935,40.4972,48.5935,49.5369,27.9289,167.274,167.274,184.165,92.8119
111,cnn,baseline,jetson_emulator,2,local,0.5,47.8234,39.3714,47.8234,48.6031,28.0229,167.274,167.274,184.3158,92.8102
112,cnn,baseline,jetson_emulator,2,offload,0.5,48.3623,39.8821,39.8821,41.7571,29.0303,167.274,167.274,184.3562,92.7677
113,cnn,baseline,jetson_emulator,2,offload,0.5,47.8653,40.188,40.188,41.8698,28.9902,167.274,167.274,184.5069,92.8624
114,cnn,baseline,jetson_emulator,2,offload,0.5,48.1312,39.7138,39.7138,41.1852,29.0525,167.274,167.274,184.6576,92.775
115,cnn,baseline,jetson_emulator,2,local,0.5,47.5792,40.1352,47.5792,49.0401,28.0528,167.274,167.274,184.9191,92.7548
116,cnn,baseline,jetson_emulator,2,local,0.5,48.682,39.2928,48.682,50.0772,27.9181,167.274,167.274,185.0699,92.8254
117,cnn,baseline,jetson_emulator,2,offload,0.5,47.5395,39.428,39.428,41.4143,29.0901,167.274,167.274,185.1098,92.8525
118,cnn,baseline,jetson_emulator,2,local,0.5,47.77,39.7021,47.77,49.3562,28.0294,167.274,167.274,185.3716,92.6996
119,cnn,baseline,jetson_emulator,2,local,0.5,48.3425,40.3355,48.3425,50.7927,27.9595,167.274,167.274,185.5224,92.8022
120,cnn,baseline,jetson_emulator,2,offload,0.5,47.7507,39.4449,39.4449,42.5403,29.0879,167.274,167.274,185.562,92.8706
121,cnn,baseline,jetson_emulator,2,local,0.5,47.4547,39.9561,47.4547,48.4418,28.0681,167.274,167.274,185.824,92.8248
122,cnn,baseline,jetson_emulator,2,local,0.5,47.8098,40.3203,47.8098,49.2288,28.0246,167.274,167.274,185.9748,92.7606
123,cnn,baseline,jetson_emulator,2,local,0.5,48.3472,39.8531,48.3472,50.0536,27.9589,167.274,167.274,186.1257,92.8887
124,cnn,baseline,jetson_emulator,2,local,0.5,47.3469,39.8145,47.3469,49.7423,28.0814,167.274,167.274,186.2765,92.8416
125,cnn,baseline,jetson_emulator,2,offload,0.5,47.9008,39.2388,39.2388,40.5547,29.1151,167.274,167.274,186.3156,92.7455
126,cnn,baseline,jetson_emulator,2,offload,0.5,47.8062,40.6344,40.6344,41.715,28.9318,167.274,167.274,186.4664,92.8428
127,cnn,baseline,jetson_emulator,2,offload,0.5,47.6116,39.4379,39.4379,40.8813,29.0888,167.274,167.274,186.6171,92.7715
128,cnn,baseline,jetson_emulator,2,local,0.5,47.219,39.6981,47.219,49.0507,28.0971,167.274,167.274,186.8797,92.8122
129,cnn,baseline,jetson_emulator,2,local,0.5,47.3054,39.7375,47.3054,48.7559,28.0865,167.274,167.274,187.0306,92.8524
130,cnn,baseline,jetson_emulator,2,local,0.5,47.4347,39.7711,47.4347,49.1894,28.0706,167.274,167.274,187.1814,92.8522
131,cnn,baseline,jetson_emulator,2,offload,0.5,48.1121,39.3885,39.3885,40.8003,29.0953,167.274,167.274,187.22,92.8432
132,cnn,baseline,jetson_emulator,2,offload,0.5,47.5339,40.4045,40.4045,41.3821,28.9618,167.274,167.274,187.3707,92.8171
133,cnn,baseline,jetson_emulator,2,local,0.5,47.199,39.6365,47.199,49.1963,28.0996,167.274,167.274,187.6338,92.7316
134,cnn,baseline,jetson_emulator,2,local,0.5,47.0512,39.8642,47.0512,48.4679,28.1178,167.274,167.274,187.7846,92.817
135,cnn,baseline,jetson_emulator,2,offload,0.5,47.5009,39.1568,39.1568,41.3197,29.1259,167.274,167.274,187.8229,92.7858
136,cnn,baseline,jetson_emulator,2,offload,0.5,47.4548,39.7458,39.7458,41.6943,29.0482,167.274,167.274,187.9736,92.8867
137,cnn,baseline,jetson_emulator,2,offload,0.5,48.4132,39.4454,39.4454,41.415,29.0878,167.274,167.274,188.1244,92.8045
138,cnn,baseline,jetson_emulator,2,local,0.5,47.1108,39.2601,47.1108,48.8598,28.1104,167.274,167.274,188.3879,92.8069
139,cnn,baseline,jetson_emulator,2,local,0.5,47.5611,38.9455,47.5611,49.423,28.0551,167.274,167.274,188.5387,92.7941
140,cnn,baseline,jetson_emulator,2,offload,0.5,47.1177,39.0661,39.0661,40.9536,29.138,167.274,167.274,188.5765,92.7936
141,cnn,baseline,jetson_emulator,2,offload,0.5,46.9661,40.395,40.395,42.497,28.9631,167.274,167.274,188.7273,92.7984
142,cnn,baseline,jetson_emulator,2,local,0.5,47.4854,38.993,47.4854,48.2783,28.0643,167.274,167.274,188.9912,92.7643
143,cnn,baseline,jetson_emulator,2,offload,0.5,47.8584,38.9198,38.9198,40.6381,29.1573,167.274,167.274,189.0287,92.8985
144,cnn,baseline,jetson_emulator,2,local,0.5,46.8922,38.784,46.8922,48.9755,28.1374,167.274,167.274,189.2928,92.7041
145,cnn,baseline,jetson_emulator,2,offload,0.5,46.8048,39.2126,39.2126,40.2572,29.1186,167.274,167.274,189.3302,92.8719
146,cnn,baseline,jetson_emulator,2,offload,0.5,46.835,38.8927,38.8927,40.8874,29.1609,167.274,167.274,189.4809,92.9282
147,cnn,baseline,jetson_emulator,2,local,0.5,46.7082,38.7284,46.7082,48.2114,28.1601,167.274,167.274,189.7453,92.7722
148,cnn,baseline,jetson_emulator,2,local,0.5,47.0685,39.2034,47.0685,48.8107,28.1156,167.274,167.274,189.8961,92.7908
149,cnn,baseline,jetson_emulator,2,offload,0.5,46.8241,38.7461,38.7461,40.923,29.1804,167.274,167.274,189.9331,92.7892
150,cnn,baseline,jetson_emulator,2,offload,0.5,46.6659,39.2521,39.2521,40.7622,29.1133,167.274,167.274,190.0838,92.8335
151,cnn,baseline,jetson_emulator,2,local,0.5,46.9291,39.1793,46.9291,49.0304,28.1328,167.274,167.274,190.3485,92.8824
152,cnn,baseline,jetson_emulator,2,local,0.5,46.6899,39.941,46.6899,48.0517,28.1624,167.274,167.274,190.4994,92.7524
153,cnn,baseline,jetson_emulator,2,offload,0.5,47.4848,39.6012,39.6012,41.6057,29.0673,167.274,167.274,190.536,92.8119
154,cnn,baseline,jetson_emulator,2,local,0.5,46.5472,39.27,46.5472,49.3578,28.18,167.274,167.274,190.801,92.8211
155,cnn,baseline,jetson_emulator,2,offload,0.5,46.4135,38.915,38.915,40.8414,29.158,167.274,167.274,190.8375,92.8259
156,cnn,baseline,jetson_emulator,2,offload,0.5,46.7953,38.6802,38.6802,41.2371,29.1891,167.274,167.274,190.9882,92.8819
157,cnn,baseline,jetson_emulator,2,offload,0.5,47.2511,38.6883,38.6883,39.953,29.1881,167.274,167.274,191.1389,92.8084
158,cnn,baseline,jetson_emulator,2,local,0.5,46.2914,39.1448,46.2914,47.2398,28.2118,167.274,167.274,191.4043,92.8911
159,cnn,baseline,jetson_emulator,2,offload,0.5,46.3242,38.5703,38.5703,39.8248,29.2037,167.274,167.274,191.4404,92.7319
160,cnn,baseline,jetson_emulator,2,offload,0.5,46.6979,38.2549,38.2549,39.3844,29.2458,167.274,167.274,191.5911,92.7499
161,cnn,baseline,jetson_emulator,2,offload,0.5,46.3748,39.548,39.548,41.1412,29.0743,167.274,167.274,191.7418,92.7395
162,cnn,baseline,jetson_emulator,2,local,0.5,46.2926,38.3731,46.2926,46.789,28.2116,167.274,167.274,192.0075,92.8119
163,cnn,baseline,jetson_emulator,2,offload,0.5,46.2565,38.7,38.7,41.242,29.1865,167.274,167.274,192.0433,92.871
164,cnn,baseline,jetson_emulator,2,local,0.5,46.2528,39.0164,46.2528,49.1208,28.2166,167.274,167.274,192.3092,92.8176
165,cnn,baseline,jetson_emulator,2,local,0.5,46.0724,38.1019,46.0724,47.8715,28.239,167.274,167.274,192.46,92.8074
166,cnn,baseline,jetson_emulator,2,offload,0.5,46.3855,38.512,38.512,40.2073,29.2115,167.274,167.274,192.4955,92.7875
167,cnn,baseline,jetson_emulator,2,offload,0.5,46.4448,38.1281,38.1281,39.7234,29.2627,167.274,167.274,192.6462,92.8899
168,cnn,baseline,jetson_emulator,2,local,0.5,47.5931,38.9208,47.5931,49.8639,28.0511,167.274,167.274,192.9124,92.711
169,cnn,baseline,jetson_emulator,2,offload,0.5,46.1731,38.3072,38.3072,39.3838,29.2388,167.274,167.274,192.9476,92.7758
170,cnn,baseline,jetson_emulator,2,offload,0.5,46.6148,39.4275,39.4275,41.5585,29.0902,167.274,167.274,193.0984,92.8782
171,cnn,baseline,jetson_emulator,2,local,0.5,46.3573,38.895,46.3573,47.8313,28.2036,167.274,167.274,193.3649,92.8391
172,cnn,baseline,jetson_emulator,2,local,0.5,46.6387,38.5341,46.6387,48.2406,28.1687,167.274,167.274,193.5157,92.7959
173,cnn,baseline,jetson_emulator,2,offload,0.5,46.3088,38.2953,38.2953,39.8429,29.2404,167.274,167.274,193.5505,92.8726
174,cnn,baseline,jetson_emulator,2,local,0.5,46.5129,38.4206,46.5129,48.4898,28.1843,167.274,167.274,193.8174,92.7992
175,cnn,baseline,jetson_emulator,2,local,0.5,46.0372,38.9289,46.0372,48.163,28.2434,167.274,167.274,193.9682,92.8054
176,cnn,baseline,jetson_emulator,2,offload,0.5,46.138,38.7472,38.7472,40.1402,29.1802,167.274,167.274,194.0027,92.7442
177,cnn,baseline,jetson_emulator,2,offload,0.5,46.7462,38.3674,38.3674,39.5012,29.2308,167.274,167.274,194.1535,92.9024
178,cnn,baseline,jetson_emulator,2,offload,0.5,47.0476,39.2535,39.2535,41.0584,29.1132,167.274,167.274,194.3042,92.8098
179,cnn,baseline,jetson_emulator,2,offload,0.5,46.1023,38.1704,38.1704,39.8635,29.257,167.274,167.274,194.4549,92.8698
180,cnn,baseline,jetson_emulator,2,offload,0.5,45.8272,37.9531,37.9531,39.4995,29.2861,167.274,167.274,194.6056,92.8118
181,cnn,baseline,jetson_emulator,2,local,0.5,45.9308,39.2288,45.9308,47.0341,28.2566,167.274,167.274,194.8731,92.8518
182,cnn,baseline,jetson_emulator,2,local,0.5,45.8353,37.9593,45.8353,47.5536,28.2685,167.274,167.274,195.0239,92.832
183,cnn,baseline,jetson_emulator,2,local,0.5,46.047,38.4401,46.047,47.8451,28.2421,167.274,167.274,195.1747,92.7657
184,cnn,baseline,jetson_emulator,2,offload,0.5,45.9569,39.1939,39.1939,41.367,29.121,167.274,167.274,195.2085,92.8383
185,cnn,baseline,jetson_emulator,2,offload,0.5,45.8553,38.5921,38.5921,41.0516,29.2008,167.274,167.274,195.3593,92.8654
186,cnn,baseline,jetson_emulator,2,offload,0.5,46.8057,38.8301,38.8301,40.2589,29.1692,167.274,167.274,195.51,92.816
187,cnn,baseline,jetson_emulator,2,local,0.5,45.9978,38.3671,45.9978,47.7919,28.2482,167.274,167.274,195.778,92.7769
188,cnn,baseline,jetson_emulator,2,offload,0.5,46.0484,38.9237,38.9237,40.2183,29.1568,167.274,167.274,195.8115,92.7471
189,cnn,baseline,jetson_emulator,2,offload,0.5,46.2637,38.6283,38.6283,39.911,29.196,167.274,167.274,195.9622,92.9463
190,cnn,baseline,jetson_emulator,2,offload,0.5,45.9678,37.9082,37.9082,39.232,29.2921,167.274,167.274,196.1129,92.8497
191,cnn,baseline,jetson_emulator,2,offload,0.5,46.0148,37.8541,37.8541,40.7161,29.2993,167.274,167.274,196.2636,92.8099
192,cnn,baseline,jetson_emulator,2,offload,0.5,46.3602,38.3322,38.3322,40.0265,29.2354,167.274,167.274,196.4144,92.9032
193,cnn,baseline,jetson_emulator,2,offload,0.5,46.0438,39.247,39.247,41.2755,29.114,167.274,167.274,196.5651,92.7865
194,cnn,baseline,jetson_emulator,2,local,0.5,46.0479,38.5548,46.0479,48.0377,28.242,167.274,167.274,196.8337,92.7362
195,cnn,baseline,jetson_emulator,2,offload,0.5,46.1072,37.9583,37.9583,39.6348,29.2854,167.274,167.274,196.8665,92.8457
196,cnn,baseline,jetson_emulator,2,local,0.5,45.7781,38.8584,45.7781,47.6592,28.2756,167.274,167.274,197.1353,92.8452
197,cnn,baseline,jetson_emulator,2,local,0.5,46.0138,38.6521,46.0138,48.099,28.2463,167.274,167.274,197.2862,92.8376
198,cnn,baseline,jetson_emulator,2,offload,0.5,45.7233,39.1356,39.1356,41.0389,29.1288,167.274,167.274,197.3187,92.825
199,cnn,baseline,jetson_emulator,2,local,0.5,45.8522,38.8244,45.8522,47.0758,28.2664,167.274,167.274,197.5878,92.8673
200,cnn,baseline,jetson_emulator,2,local,0.5,45.7202,38.3403,45.7202,47.443,28.2828,167.274,167.274,197.7386,92.8162
201,cnn,baseline,jetson_emulator,2,local,0.5,46.2736,38.2118,46.2736,48.0269,28.214,167.274,167.274,197.8894,92.7915
202,cnn,baseline,jetson_emulator,2,local,0.5,45.9798,38.0502,45.9798,47.7898,28.2505,167.274,167.274,198.0402,92.7907
203,cnn,baseline,jetson_emulator,2,local,0.5,46.489,38.5434,46.489,48.1149,28.1873,167.274,167.274,198.1911,92.7927
204,cnn,baseline,jetson_emulator,2,offload,0.5,46.6184,37.9788,37.9788,40.1531,29.2826,167.274,167.274,198.2231,92.7404
205,cnn,baseline,jetson_emulator,2,offload,0.5,45.9195,38.563,38.563,40.31,29.2047,167.274,167.274,198.3738,92.8679
206,cnn,baseline,jetson_emulator,2,offload,0.5,46.0873,39.0053,39.0053,41.7498,29.146,167.274,167.274,198.5245,92.7965
207,cnn,baseline,jetson_emulator,2,offload,0.5,46.0616,39.0563,39.0563,41.4771,29.1393,167.274,167.274,198.6753,92.7885
208,cnn,baseline,jetson_emulator,2,offload,0.5,46.0654,38.1055,38.1055,39.2105,29.2657,167.274,167.274,198.826,92.7687
209,cnn,baseline,jetson_emulator,2,offload,0.5,46.4392,38.5234,38.5234,40.2178,29.21,167.274,167.274,198.9767,92.8264
210,cnn,baseline,jetson_emulator,2,local,0.5,46.7917,38.7317,46.7917,48.9446,28.1498,167.274,167.274,199.2468,92.804
211,cnn,baseline,jetson_emulator,2,offload,0.5,45.9069,38.4841,38.4841,39.6889,29.2152,167.274,167.274,199.2782,92.8338
212,cnn,baseline,jetson_emulator,2,local,0.5,46.0024,38.3541,46.0024,47.8425,28.2477,167.274,167.274,199.5484,92.9374
213,cnn,baseline,jetson_emulator,2,offload,0.5,46.3136,38.4075,38.4075,39.837,29.2254,167.274,167.274,199.5796,92.7869
214,cnn,baseline,jetson_emulator,2,offload,0.5,46.3409,38.9731,38.9731,41.3223,29.1503,167.274,167.274,199.7304,92.7861
215,cnn,baseline,jetson_emulator,2,local,0.5,46.4878,38.405,46.4878,47.9493,28.1874,167.274,167.274,200.0009,92.8463
216,cnn,baseline,jetson_emulator,2,local,0.5,46.1374,39.2917,46.1374,48.5438,28.2309,167.274,167.274,200.1517,92.9045
217,cnn,baseline,jetson_emulator,2,local,0.5,46.4171,38.3873,46.4171,48.2558,28.1962,167.274,167.274,200.3025,92.8314
218,cnn,baseline,jetson_emulator,2,local,0.5,46.478,39.7533,46.478,48.1084,28.1886,167.274,167.274,200.4533,92.7747
219,cnn,baseline,jetson_emulator,2,offload,0.5,46.9488,38.7266,38.7266,40.4217,29.183,167.274,167.274,200.484,92.9044
220,cnn,baseline,jetson_emulator,2,offload,0.5,46.4635,38.338,38.338,40.0406,29.2347,167.274,167.274,200.6347,92.8741
221,cnn,baseline,jetson_emulator,2,local,0.5,47.7166,38.6223,47.7166,49.2064,28.036,167.274,167.274,200.9058,92.8669
222,cnn,baseline,jetson_emulator,2,local,0.5,46.6393,39.7401,46.6393,48.6121,28.1687,167.274,167.274,201.0566,92.7967
223,cnn,baseline,jetson_emulator,2,local,0.5,46.6244,39.1646,46.6244,48.7036,28.1705,167.274,167.274,201.2074,92.84
224,cnn,baseline,jetson_emulator,2,local,0.5,46.9542,39.2491,46.9542,49.2862,28.1297,167.274,167.274,201.3582,92.8471
225,cnn,baseline,jetson_emulator,2,offload,0.5,46.4531,38.4412,38.4412,40.6941,29.2209,167.274,167.274,201.3884,92.7738
226,cnn,baseline,jetson_emulator,2,local,0.5,46.6197,38.6815,46.6197,48.3426,28.1711,167.274,167.274,201.6599,92.8786
227,cnn,baseline,jetson_emulator,2,local,0.5,46.5583,38.4333,46.5583,47.6563,28.1787,167.274,167.274,201.8107,92.852
228,cnn,baseline,jetson_emulator,2,local,0.5,46.8806,40.2189,46.8806,48.4521,28.1388,167.274,167.274,201.9615,92.8256
229,cnn,baseline,jetson_emulator,2,offload,0.5,46.6898,39.776,39.776,41.4431,29.0443,167.274,167.274,201.9913,92.8286
230,cnn,baseline,jetson_emulator,2,local,0.5,46.9569,38.6701,46.9569,48.466,28.1294,167.274,167.274,202.2631,92.8244
231,cnn,baseline,jetson_emulator,2,offload,0.5,47.2902,39.4057,39.4057,41.1755,29.0931,167.274,167.274,202.2927,92.7797
232,cnn,baseline,jetson_emulator,2,offload,0.5,47.4167,39.8592,39.8592,41.3177,29.0333,167.274,167.274,202.4435,92.8335
233,cnn,baseline,jetson_emulator,2,local,0.5,47.6952,38.7018,47.6952,49.1553,28.0386,167.274,167.274,202.7156,92.9087
234,cnn,baseline,jetson_emulator,2,local,0.5,47.6798,40.5076,47.6798,49.5878,28.0405,167.274,167.274,202.8664,92.7896
235,cnn,baseline,jetson_emulator,2,offload,0.5,47.4787,39.3252,39.3252,41.1449,29.1037,167.274,167.274,202.8956,92.7865
236,cnn,baseline,jetson_emulator,2,offload,0.5,47.6939,39.5089,39.5089,41.5115,29.0795,167.274,167.274,203.0464,92.8097
237,cnn,baseline,jetson_emulator,2,local,0.5,48.0963,39.7213,48.0963,49.1198,27.9895,167.274,167.274,203.3189,92.7801
238,cnn,baseline,jetson_emulator,2,offload,0.5,47.0677,39.0898,39.0898,40.6912,29.1348,167.274,167.274,203.3478,92.8323
239,cnn,baseline,jetson_emulator,2,local,0.5,47.8598,40.1317,47.8598,49.5328,28.0184,167.274,167.274,203.6205,92.8705
240,cnn,baseline,jetson_emulator,2,local,0.5,47.3736,39.3701,47.3736,49.34,28.0781,167.274,167.274,203.7713,92.837
241,cnn,baseline,jetson_emulator,2,offload,0.5,47.6201,40.1436,40.1436,41.942,28.996,167.274,167.274,203.8,92.8501
242,cnn,baseline,jetson_emulator,2,local,0.5,47.3519,40.2899,47.3519,48.7575,28.0808,167.274,167.274,204.0729,92.9047
243,cnn,baseline,jetson_emulator,2,local,0.5,47.3894,40.3381,47.3894,49.1571,28.0761,167.274,167.274,204.2238,92.7806
244,cnn,baseline,jetson_emulator,2,local,0.5,47.9425,39.753,47.9425,49.4517,28.0083,167.274,167.274,204.3746,92.7202
245,cnn,baseline,jetson_emulator,2,offload,0.5,47.7776,41.2721,41.2721,42.2694,28.8488,167.274,167.274,204.4029,92.8527
246,cnn,baseline,jetson_emulator,2,local,0.5,48.0506,39.6824,48.0506,49.3255,27.9951,167.274,167.274,204.6762,92.8123
247,cnn,baseline,jetson_emulator,2,offload,0.5,47.6498,40.3469,40.3469,42.7334,28.9694,167.274,167.274,204.7044,92.8585
248,cnn,baseline,jetson_emulator,2,offload,0.5,47.855,39.4743,39.4743,41.2781,29.084,167.274,167.274,204.8551,92.7126
249,cnn,baseline,jetson_emulator,2,local,0.5,47.9456,40.0766,47.9456,49.2049,28.0079,167.274,167.274,205.1287,92.8006
250,cnn,baseline,jetson_emulator,2,offload,0.5,48.9597,40.1055,40.1055,41.5584,29.001,167.274,167.274,205.1565,92.8433
251,cnn,baseline,jetson_emulator,2,offload,0.5,48.7958,40.4033,40.4033,42.1402,28.962,167.274,167.274,205.3073,92.7823
252,cnn,baseline,jetson_emulator,2,local,0.5,48.4498,40.0298,48.4498,50.5626,27.9464,167.274,167.274,205.5811,92.8464
253,cnn,baseline,jetson_emulator,2,offload,0.5,48.7416,40.2123,40.2123,42.5151,28.987,167.274,167.274,205.6087,92.8245
254,cnn,baseline,jetson_emulator,2,offload,0.5,49.4426,40.4057,40.4057,42.8969,28.9617,167.274,167.274,205.7595,92.8246
255,cnn,baseline,jetson_emulator,2,local,0.5,48.6626,40.3037,48.6626,50.2284,27.9205,167.274,167.274,206.0336,92.8359
256,cnn,baseline,jetson_emulator,2,local,0.5,48.6673,40.446,48.6673,50.3663,27.9199,167.274,167.274,206.1844,92.9218
257,cnn,baseline,jetson_emulator,2,offload,0.5,49.4796,40.4017,40.4017,42.1288,28.9622,167.274,167.274,206.2116,92.8207
258,cnn,baseline,jetson_emulator,2,offload,0.5,48.8901,40.9553,40.9553,42.5495,28.89,167.274,167.274,206.3624,92.7312
259,cnn,baseline,jetson_emulator,2,offload,0.5,48.8459,40.7161,40.7161,42.2087,28.9211,167.274,167.274,206.5131,92.8934
260,cnn,baseline,jetson_emulator,2,local,0.5,49.4323,41.4617,49.4323,51.2433,27.8273,167.274,167.274,206.7877,92.867
261,cnn,baseline,jetson_emulator,2,local,0.5,49.7968,40.7043,49.7968,51.9922,27.7833,167.274,167.274,206.9385,92.8127
262,cnn,baseline,jetson_emulator,2,local,0.5,48.9707,41.1277,48.9707,50.9743,27.8831,167.274,167.274,207.0893,92.7358
263,cnn,baseline,jetson_emulator,2,offload,0.5,49.8487,41.6109,41.6109,43.0394,28.8049,167.274,167.274,207.116,92.8345
264,cnn,baseline,jetson_emulator,2,offload,0.5,49.3442,40.7618,40.7618,42.2241,28.9152,167.274,167.274,207.2667,92.7811
265,cnn,baseline,jetson_emulator,2,local,0.5,49.1516,41.5893,49.1516,51.1062,27.8612,167.274,167.274,207.5418,92.7961
266,cnn,baseline,jetson_emulator,2,local,0.5,49.6946,43.0475,49.6946,51.9215,27.7956,167.274,167.274,207.6926,92.7277
267,cnn,baseline,jetson_emulator,2,local,0.5,49.5393,41.6976,49.5393,50.6667,27.8143,167.274,167.274,207.8434,92.8727
268,cnn,baseline,jetson_emulator,2,local,0.5,49.6961,41.1367,49.6961,51.385,27.7954,167.274,167.274,207.9942,92.8385
269,cnn,baseline,jetson_emulator,2,local,0.5,49.5535,41.9869,49.5535,51.7118,27.8126,167.274,167.274,208.145,92.79
270,cnn,baseline,jetson_emulator,2,offload,0.5,50.5433,41.3598,41.3598,43.7451,28.8374,167.274,167.274,208.1711,92.8572
271,cnn,baseline,jetson_emulator,2,local,0.5,49.9077,41.3735,49.9077,51.473,27.77,167.274,167.274,208.4467,92.9185
272,cnn,baseline,jetson_emulator,2,offload,0.5,50.0238,41.5194,41.5194,43.693,28.8167,167.274,167.274,208.4725,92.8266
273,cnn,baseline,jetson_emulator,2,local,0.5,50.0459,41.4063,50.0459,51.7237,27.7534,167.274,167.274,208.7483,92.8128
274,cnn,baseline,jetson_emulator,2,local,0.5,50.4265,41.3675,50.4265,52.4662,27.7077,167.274,167.274,208.8991,92.8106
275,cnn,baseline,jetson_emulator,2,offload,0.5,50.1315,43.0539,43.0539,45.1762,28.6194,167.274,167.274,208.9247,92.832
276,cnn,baseline,jetson_emulator,2,offload,0.5,50.7859,43.876,43.876,46.5257,28.5148,167.274,167.274,209.0755,92.8077
277,cnn,baseline,jetson_emulator,2,offload,0.5,50.9513,42.4261,42.4261,44.4118,28.6998,167.274,167.274,209.2262,92.762
278,cnn,baseline,jetson_emulator,2,local,0.5,50.7574,43.2292,50.7574,52.3816,27.6682,167.274,167.274,209.5024,92.8255
279,cnn,baseline,jetson_emulator,2,offload,0.5,51.0061,42.1415,42.1415,43.9192,28.7364,167.274,167.274,209.5276,92.8329
280,cnn,baseline,jetson_emulator,2,local,0.5,52.0338,41.8628,52.0338,53.8343,27.5166,167.274,167.274,209.804,92.8672
281,cnn,baseline,jetson_emulator,2,local,0.5,51.3491,42.8776,51.3491,53.3465,27.5977,167.274,167.274,209.9548,92.7575
282,cnn,baseline,jetson_emulator,2,offload,0.5,51.7693,42.9275,42.9275,44.7736,28.6355,167.274,167.274,209.9798,92.7769
283,cnn,baseline,jetson_emulator,2,local,0.5,50.9211,42.3366,50.9211,52.7757,27.6486,167.274,167.274,210.2565,92.8358
284,cnn,baseline,jetson_emulator,2,offload,0.5,51.9601,42.5234,42.5234,44.1236,28.6873,167.274,167.274,210.2813,92.8629
285,cnn,baseline,jetson_emulator,2,offload,0.5,51.8052,43.2462,43.2462,45.225,28.5948,167.274,167.274,210.432,92.8497
286,cnn,baseline,jetson_emulator,2,local,0.5,51.3676,43.4527,51.3676,53.0101,27.5955,167.274,167.274,210.7089,92.8209
287,cnn,baseline,jetson_emulator,2,local,0.5,51.3945,42.4151,51.3945,52.6112,27.5923,167.274,167.274,210.8597,92.7427
288,cnn,baseline,jetson_emulator,2,offload,0.5,52.3569,43.1857,43.1857,44.4496,28.6026,167.274,167.274,210.8842,92.707
289,cnn,baseline,jetson_emulator,2,offload,0.5,51.8814,43.6633,43.6633,46.1122,28.5418,167.274,167.274,211.0349,92.8652
290,cnn,baseline,jetson_emulator,2,offload,0.5,52.0139,44.515,44.515,46.6668,28.434,167.274,167.274,211.1856,92.7984
291,cnn,baseline,jetson_emulator,2,offload,0.5,53.2126,44.6318,44.6318,45.7165,28.4193,167.274,167.274,211.3364,92.7324
292,cnn,baseline,jetson_emulator,2,local,0.5,52.422,44.8396,52.422,54.7549,27.4709,167.274,167.274,211.6138,92.8429
293,cnn,baseline,jetson_emulator,2,local,0.5,52.2661,43.616,52.2661,54.3176,27.4892,167.274,167.274,211.7646,92.8287
294,cnn,baseline,jetson_emulator,2,offload,0.5,52.0723,43.0487,43.0487,44.4194,28.62,167.274,167.274,211.7885,92.8006
295,cnn,baseline,jetson_emulator,2,local,0.5,53.1364,43.1633,53.1364,54.4016,27.387,167.274,167.274,212.0663,92.7595
296,cnn,baseline,jetson_emulator,2,local,0.5,52.324,44.3157,52.324,54.4472,27.4824,167.274,167.274,212.2171,92.7361
297,cnn,baseline,jetson_emulator,2,offload,0.5,52.9167,44.0284,44.0284,45.2963,28.4955,167.274,167.274,212.2407,92.8034
298,cnn,baseline,jetson_emulator,2,offload,0.5,52.7535,44.1361,44.1361,45.8935,28.4818,167.274,167.274,212.3915,92.748
299,cnn,baseline,jetson_emulator,2,offload,0.5,52.8871,43.6858,43.6858,44.679,28.5389,167.274,167.274,212.5422,92.8367
300,cnn,baseline,jetson_emulator,2,local,0.5,52.6376,43.9625,52.6376,54.4484,27.4455,167.274,167.274,212.8204,92.8829
301,cnn,baseline,jetson_emulator,2,local,0.5,52.8037,43.9455,52.8037,54.5687,27.426,167.274,167.274,212.9712,92.8418
302,cnn,baseline,jetson_emulator,2,local,0.5,52.8595,43.7091,52.8595,54.2536,27.4195,167.274,167.274,213.122,92.7815
303,cnn,baseline,jetson_emulator,2,local,0.5,53.7803,45.2031,53.7803,54.9306,27.3119,167.274,167.274,213.2728,92.78
304,cnn,baseline,jetson_emulator,2,local,0.5,53.4679,44.5819,53.4679,55.0451,27.3483,167.274,167.274,213.4236,92.877
305,cnn,baseline,jetson_emulator,2,offload,0.5,53.5419,44.1574,44.1574,45.4915,28.4791,167.274,167.274,213.4465,92.9219
306,cnn,baseline,jetson_emulator,2,offload,0.5,53.9538,44.2662,44.2662,46.2614,28.4654,167.274,167.274,213.5973,92.8354
307,cnn,baseline,jetson_emulator,2,offload,0.5,53.4478,44.2008,44.2008,45.9305,28.4736,167.274,167.274,213.748,92.8073
308,cnn,baseline,jetson_emulator,2,local,0.5,54.019,46.0001,54.019,55.4781,27.2842,167.274,167.274,214.0269,92.7462
309,cnn,baseline,jetson_emulator,2,local,0.5,53.5889,46.3871,53.5889,54.9373,27.3342,167.274,167.274,214.1777,92.8966
310,cnn,baseline,jetson_emulator,2,local,0.5,54.6497,44.7976,54.6497,56.6158,27.2112,167.274,167.274,214.3285,92.8961
311,cnn,baseline,jetson_emulator,2,local,0.5,53.9628,44.5905,53.9628,55.4111,27.2907,167.274,167.274,214.4794,92.7639
312,cnn,baseline,jetson_emulator,2,offload,0.5,54.2245,45.5135,45.5135,47.2388,28.3086,167.274,167.274,214.5016,92.7762
313,cnn,baseline,jetson_emulator,2,offload,0.5,54.0709,45.8681,45.8681,47.727,28.2644,167.274,167.274,214.6524,92.8563
314,cnn,baseline,jetson_emulator,2,offload,0.5,55.2328,44.9734,44.9734,47.2359,28.3763,167.274,167.274,214.8031,92.7542
315,cnn,baseline,jetson_emulator,2,local,0.5,55.1351,45.0904,55.1351,56.5278,27.1553,167.274,167.274,215.0826,92.8119
316,cnn,baseline,jetson_emulator,2,local,0.5,54.5569,44.8867,54.5569,56.5094,27.2219,167.274,167.274,215.2334,92.7686
317,cnn,baseline,jetson_emulator,2,offload,0.5,54.417,46.0692,46.0692,47.7291,28.2394,167.274,167.274,215.2553,92.7695
318,cnn,baseline,jetson_emulator,2,local,0.5,54.8542,46.0009,54.8542,57.0553,27.1876,167.274,167.274,215.5351,92.8451
319,cnn,baseline,jetson_emulator,2,offload,0.5,55.164,45.3199,45.3199,47.5758,28.3329,167.274,167.274,215.5567,92.8217
320,cnn,baseline,jetson_emulator,2,local,0.5,55.9997,45.4605,55.9997,57.7961,27.0562,167.274,167.274,215.8367,92.7992
321,cnn,baseline,jetson_emulator,2,local,0.5,54.7698,45.3383,54.7698,56.7985,27.1973,167.274,167.274,215.9875,92.8625
322,cnn,baseline,jetson_emulator,2,local,0.5,55.2564,46.3867,55.2564,56.1401,27.1413,167.274,167.274,216.1384,92.8401
323,cnn,baseline,jetson_emulator,2,local,0.5,55.5394,47.1398,55.5394,57.4243,27.1088,167.274,167.274,216.2892,92.9393
324,cnn,baseline,jetson_emulator,2,local,0.5,54.9658,46.13,54.9658,56.7126,27.1747,167.274,167.274,216.44,92.8097
325,cnn,baseline,jetson_emulator,2,offload,0.5,55.6075,45.7516,45.7516,47.582,28.2789,167.274,167.274,216.4611,92.8307
326,cnn,baseline,jetson_emulator,2,local,0.5,55.5443,46.4038,55.5443,57.1755,27.1083,167.274,167.274,216.7416,92.7769
327,cnn,baseline,jetson_emulator,2,offload,0.5,55.5523,46.3991,46.3991,48.1218,28.1984,167.274,167.274,216.7625,92.8142
328,cnn,baseline,jetson_emulator,2,local,0.5,55.9715,46.1213,55.9715,57.6703,27.0594,167.274,167.274,217.0433,92.8556
329,cnn,baseline,jetson_emulator,2,local,0.5,56.2415,46.2608,56.2415,57.9562,27.0286,167.274,167.274,217.1941,92.7491
330,cnn,baseline,jetson_emulator,2,local,0.5,56.1298,46.1227,56.1298,57.5655,27.0414,167.274,167.274,217.3449,92.8053
331,cnn,baseline,jetson_emulator,2,local,0.5,55.6037,46.3774,55.6037,57.282,27.1015,167.274,167.274,217.4957,92.839
332,cnn,baseline,jetson_emulator,2,offload,0.5,55.6915,47.6388,47.6388,48.9261,28.0455,167.274,167.274,217.5162,92.8075
333,cnn,baseline,jetson_emulator,2,local,0.5,56.4664,46.5718,56.4664,58.8653,27.003,167.274,167.274,217.7973,92.8756
334,cnn,baseline,jetson_emulator,2,offload,0.5,55.9448,47.3737,47.3737,49.1506,28.0781,167.274,167.274,217.8176,92.7978
335,cnn,baseline,jetson_emulator,2,local,0.5,56.2668,46.4596,56.2668,57.8021,27.0257,167.274,167.274,218.099,92.8232
336,cnn,baseline,jetson_emulator,2,local,0.5,56.0719,46.2779,56.0719,57.9785,27.048,167.274,167.274,218.2498,92.8742
337,cnn,baseline,jetson_emulator,2,offload,0.5,56.6271,47.5649,47.5649,48.1256,28.0546,167.274,167.274,218.2698,92.8614
338,cnn,baseline,jetson_emulator,2,local,0.5,56.9565,46.5888,56.9565,58.14,26.9474,167.274,167.274,218.5514,92.7246
339,cnn,baseline,jetson_emulator,2,offload,0.5,56.5329,47.0924,47.0924,48.5429,28.1127,167.274,167.274,218.5713,92.6851
340,cnn,baseline,jetson_emulator,2,offload,0.5,56.6105,46.8511,46.8511,47.8955,28.1425,167.274,167.274,218.722,92.8238
341,cnn,baseline,jetson_emulator,2,local,0.5,56.3629,47.0666,56.3629,58.1267,27.0148,167.274,167.274,219.0039,92.766
342,cnn,baseline,jetson_emulator,2,offload,0.5,57.15,46.7793,46.7793,48.4771,28.1513,167.274,167.274,219.0235,92.768
343,cnn,baseline,jetson_emulator,2,offload,0.5,56.7656,47.4375,47.4375,49.0696,28.0702,167.274,167.274,219.1742,92.9002
344,cnn,baseline,jetson_emulator,2,offload,0.5,57.3976,48.0967,48.0967,50.4687,27.9895,167.274,167.274,219.3249,92.8042
345,cnn,baseline,jetson_emulator,2,offload,0.5,57.0414,47.6805,47.6805,49.118,28.0404,167.274,167.274,219.4756,92.906
346,cnn,baseline,jetson_emulator,2,local,0.5,57.1145,47.2812,57.1145,59.7953,26.9295,167.274,167.274,219.758,92.7844
347,cnn,baseline,jetson_emulator,2,local,0.5,57.22,47.1806,57.22,59.5158,26.9176,167.274,167.274,219.9088,92.8927
348,cnn,baseline,jetson_emulator,2,offload,0.5,56.8558,47.6094,47.6094,49.5264,28.0491,167.274,167.274,219.9278,92.7808
349,cnn,baseline,jetson_emulator,2,local,0.5,58.1188,47.1536,58.1188,59.6644,26.8164,167.274,167.274,220.2104,92.8239
350,cnn,baseline,jetson_emulator,2,offload,0.5,57.7787,47.8946,47.8946,50.1448,28.0142,167.274,167.274,220.2293,92.7818
351,cnn,baseline,jetson_emulator,2,local,0.5,57.6589,47.5868,57.6589,59.9025,26.8681,167.274,167.274,220.5121,92.8506
352,cnn,baseline,jetson_emulator,2,local,0.5,57.6887,47.8185,57.6887,58.7589,26.8648,167.274,167.274,220.6629,92.8897
353,cnn,baseline,jetson_emulator,2,local,0.5,57.3406,47.4502,57.3406,59.6483,26.904,167.274,167.274,220.8137,92.8425
354,cnn,baseline,jetson_emulator,2,offload,0.5,57.4793,49.0774,49.0774,50.4978,27.8702,167.274,167.274,220.8322,92.8611
355,cnn,baseline,jetson_emulator,2,local,0.5,57.2948,47.5598,57.2948,59.6926,26.9092,167.274,167.274,221.1153,92.8401
356,cnn,baseline,jetson_emulator,2,offload,0.5,57.6416,48.269,48.269,49.8148,27.9684,167.274,167.274,221.1336,92.7727
357,cnn,baseline,jetson_emulator,2,local,0.5,58.0023,49.0513,58.0023,60.6376,26.8295,167.274,167.274,221.417,92.7595
358,cnn,baseline,jetson_emulator,2,offload,0.5,57.5572,47.7013,47.7013,49.5497,28.0379,167.274,167.274,221.4351,92.8554
359,cnn,baseline,jetson_emulator,2,offload,0.5,57.9957,47.9968,47.9968,49.6316,28.0017,167.274,167.274,221.5858,92.8288
360,cnn,baseline,jetson_emulator,2,offload,0.5,57.6761,48.8836,48.8836,50.8146,27.8937,167.274,167.274,221.7365,92.8514
361,cnn,baseline,jetson_emulator,2,local,0.5,57.9759,48.5664,57.9759,59.7674,26.8325,167.274,167.274,222.0202,92.7498
362,cnn,baseline,jetson_emulator,2,offload,0.5,57.8647,48.1753,48.1753,49.6475,27.9799,167.274,167.274,222.038,92.844
363,cnn,baseline,jetson_emulator,2,local,0.5,58.4188,47.6942,58.4188,60.2678,26.7828,167.274,167.274,222.3219,92.8998
364,cnn,baseline,jetson_emulator,2,local,0.5,57.8607,49.8606,57.8607,59.8252,26.8454,167.274,167.274,222.4727,92.7266
365,cnn,baseline,jetson_emulator,2,offload,0.5,58.215,48.0652,48.0652,50.3556,27.9933,167.274,167.274,222.4902,92.8483
366,cnn,baseline,jetson_emulator,2,local,0.5,57.886,48.7963,57.886,59.5019,26.8426,167.274,167.274,222.7743,92.7721
367,cnn,baseline,jetson_emulator,2,offload,0.5,58.1951,48.3062,48.3062,50.7677,27.9639,167.274,167.274,222.7916,92.8344
368,cnn,baseline,jetson_emulator,2,local,0.5,58.6078,48.2209,58.6078,60.8563,26.7617,167.274,167.274,223.076,92.7842
369,cnn,baseline,jetson_emulator,2,offload,0.5,58.0045,47.8985,47.8985,49.2553,28.0137,167.274,167.274,223.0931,92.8471
370,cnn,baseline,jetson_emulator,2,local,0.5,58.0345,48.2639,58.0345,59.3451,26.8259,167.274,167.274,223.3776,92.7928
371,cnn,baseline,jetson_emulator,2,local,0.5,58.435,48.2556,58.435,60.9221,26.781,167.274,167.274,223.5284,92.7947
372,cnn,baseline,jetson_emulator,2,local,0.5,58.1693,48.7467,58.1693,59.2411,26.8108,167.274,167.274,223.6792,92.7266
373,cnn,baseline,jetson_emulator,2,local,0.5,58.9906,49.0472,58.9906,60.4522,26.719,167.274,167.274,223.8301,92.9426
374,cnn,baseline,jetson_emulator,2,local,0.5,58.4419,48.1851,58.4419,60.8458,26.7803,167.274,167.274,223.9809,92.915
375,cnn,baseline,jetson_emulator,2,offload,0.5,59.3794,49.056,49.056,51.2268,27.8728,167.274,167.274,223.9974,92.8443
376,cnn,baseline,jetson_emulator,2,offload,0.5,58.6337,48.539,48.539,49.8808,27.9355,167.274,167.274,224.1482,92.8145
377,cnn,baseline,jetson_emulator,2,local,0.5,58.295,48.4824,58.295,60.3184,26.7967,167.274,167.274,224.4333,92.8624
378,cnn,baseline,jetson_emulator,2,offload,0.5,58.2737,49.3507,49.3507,50.547,27.8371,167.274,167.274,224.4496,92.805
379,cnn,baseline,jetson_emulator,2,offload,0.5,58.6808,49.6939,49.6939,51.3667,27.7957,167.274,167.274,224.6004,92.8086
380,cnn,baseline,jetson_emulator,2,local,0.5,59.1885,48.6957,59.1885,60.4376,26.697,167.274,167.274,224.8858,92.9074
381,cnn,baseline,jetson_emulator,2,local,0.5,59.0362,48.6759,59.0362,60.6443,26.714,167.274,167.274,225.0366,92.7667
382,cnn,baseline,jetson_emulator,2,offload,0.5,58.5461,49.1133,49.1133,51.6713,27.8658,167.274,167.274,225.0525,92.8918
383,cnn,baseline,jetson_emulator,2,offload,0.5,58.639,49.1572,49.1572,50.9306,27.8605,167.274,167.274,225.2033,92.7262
384,cnn,baseline,jetson_emulator,2,offload,0.5,58.5599,48.3728,48.3728,49.8731,27.9558,167.274,167.274,225.354,92.7349
385,cnn,baseline,jetson_emulator,2,offload,0.5,58.6952,48.7071,48.7071,49.8906,27.9151,167.274,167.274,225.5047,92.671
386,cnn,baseline,jetson_emulator,2,offload,0.5,58.4201,49.7454,49.7454,52.203,27.7895,167.274,167.274,225.6554,92.7918
387,cnn,baseline,jetson_emulator,2,offload,0.5,58.7857,48.6848,48.6848,49.9456,27.9178,167.274,167.274,225.8062,92.8298
388,cnn,baseline,jetson_emulator,2,offload,0.5,58.9017,49.3242,49.3242,50.9892,27.8403,167.274,167.274,225.9569,92.8045
389,cnn,baseline,jetson_emulator,2,local,0.5,58.9852,49.0073,58.9852,60.5933,26.7196,167.274,167.274,226.2431,92.833
390,cnn,baseline,jetson_emulator,2,local,0.5,59.0215,48.9999,59.0215,61.4032,26.7156,167.274,167.274,226.394,92.8011
391,cnn,baseline,jetson_emulator,2,local,0.5,58.4954,48.9651,58.4954,59.1145,26.7743,167.274,167.274,226.5448,92.8589
392,cnn,baseline,jetson_emulator,2,local,0.5,58.941,48.5913,58.941,60.6812,26.7246,167.274,167.274,226.6956,92.8405
393,cnn,baseline,jetson_emulator,2,offload,0.5,59.4523,48.8054,48.8054,50.8728,27.9032,167.274,167.274,226.7105,92.7519
394,cnn,baseline,jetson_emulator,2,local,0.5,58.6954,49.497,58.6954,60.6153,26.7519,167.274,167.274,226.9972,92.8129
395,cnn,baseline,jetson_emulator,2,offload,0.5,59.5048,49.3469,49.3469,50.7263,27.8376,167.274,167.274,227.012,92.7741
396,cnn,baseline,jetson_emulator,2,offload,0.5,58.6579,49.341,49.341,50.5938,27.8383,167.274,167.274,227.1627,92.8177
397,cnn,baseline,jetson_emulator,2,offload,0.5,58.8041,48.9718,48.9718,50.7612,27.883,167.274,167.274,227.3134,92.7963
398,cnn,baseline,jetson_emulator,2,local,0.5,59.0525,48.477,59.0525,60.28,26.7121,167.274,167.274,227.6005,92.6686
399,cnn,baseline,jetson_emulator,2,local,0.5,58.8222,49.1568,58.8222,59.4689,26.7378,167.274,167.274,227.7513,92.7642
400,cnn,baseline,jetson_emulator,2,offload,0.5,58.9381,50.113,50.113,51.8324,27.7453,167.274,167.274,227.7656,92.7783
401,cnn,baseline,jetson_emulator,2,offload,0.5,58.6788,49.5537,49.5537,50.973,27.8126,167.274,167.274,227.9164,92.7747
402,cnn,baseline,jetson_emulator,2,offload,0.5,58.864,49.2091,49.2091,50.9743,27.8542,167.274,167.274,228.0671,92.8959
403,cnn,baseline,jetson_emulator,2,offload,0.5,58.7705,48.6333,48.6333,50.212,27.9241,167.274,167.274,228.2178,92.7365
404,cnn,baseline,jetson_emulator,2,local,0.5,59.1116,48.4912,59.1116,60.7404,26.7056,167.274,167.274,228.5054,92.9743
405,cnn,baseline,jetson_emulator,2,local,0.5,58.7597,49.0486,58.7597,60.2778,26.7448,167.274,167.274,228.6562,92.8721
406,cnn,baseline,jetson_emulator,2,offload,0.5,58.6483,49.6156,49.6156,51.7393,27.8051,167.274,167.274,228.67,92.7813
407,cnn,baseline,jetson_emulator,2,offload,0.5,59.7133,49.3203,49.3203,50.829,27.8408,167.274,167.274,228.8207,92.8787
408,cnn,baseline,jetson_emulator,2,local,0.5,58.6206,49.1324,58.6206,60.5487,26.7603,167.274,167.274,229.1087,92.7723
409,cnn,baseline,jetson_emulator,2,local,0.5,58.9678,49.2777,58.9678,60.5272,26.7216,167.274,167.274,229.2595,92.7945
410,cnn,baseline,jetson_emulator,2,offload,0.5,59.1546,48.776,48.776,51.4142,27.9067,167.274,167.274,229.2729,92.7613
411,cnn,baseline,jetson_emulator,2,local,0.5,58.5892,49.5898,58.5892,60.2633,26.7638,167.274,167.274,229.5611,92.8373
412,cnn,baseline,jetson_emulator,2,local,0.5,59.2145,48.7757,59.2145,60.8402,26.6941,167.274,167.274,229.7119,92.8639
413,cnn,baseline,jetson_emulator,2,local,0.5,59.2867,50.556,59.2867,61.2576,26.6861,167.274,167.274,229.8628,92.831
414,cnn,baseline,jetson_emulator,2,offload,0.5,58.6821,48.7078,48.7078,50.5701,27.915,167.274,167.274,229.8758,92.7999
415,cnn,baseline,jetson_emulator,2,offload,0.5,58.6621,49.4999,49.4999,50.757,27.8191,167.274,167.274,230.0265,92.8717
416,cnn,baseline,jetson_emulator,2,offload,0.5,59.3523,48.5064,48.5064,49.2615,27.9395,167.274,167.274,230.1773,92.7843
417,cnn,baseline,jetson_emulator,2,offload,0.5,59.335,48.4235,48.4235,49.6839,27.9496,167.274,167.274,230.328,92.7894
418,cnn,baseline,jetson_emulator,2,offload,0.5,59.0533,48.8511,48.8511,50.4536,27.8976,167.274,167.274,230.4787,92.7963
419,cnn,baseline,jetson_emulator,2,local,0.5,58.7758,49.1562,58.7758,61.2127,26.743,167.274,167.274,230.7677,92.7985
420,cnn,baseline,jetson_emulator,2,offload,0.5,59.2689,49.6451,49.6451,51.8043,27.8016,167.274,167.274,230.7802,92.7931
421,cnn,baseline,jetson_emulator,2,offload,0.5,58.7702,48.4045,48.4045,49.7079,27.9519,167.274,167.274,230.9309,92.8309
422,cnn,baseline,jetson_emulator,2,local,0.5,59.2324,49.3587,59.2324,60.7334,26.6921,167.274,167.274,231.2201,92.8247
423,cnn,baseline,jetson_emulator,2,offload,0.5,58.6834,48.5866,48.5866,50.5606,27.9297,167.274,167.274,231.2324,92.7909
424,cnn,baseline,jetson_emulator,2,local,0.5,59.0318,49.4774,59.0318,60.7987,26.7144,167.274,167.274,231.5217,92.9116
425,cnn,baseline,jetson_emulator,2,offload,0.5,59.1024,48.9199,48.9199,50.8612,27.8893,167.274,167.274,231.5338,92.8236
426,cnn,baseline,jetson_emulator,2,offload,0.5,58.7016,48.758,48.758,50.7536,27.9089,167.274,167.274,231.6845,92.8701
427,cnn,baseline,jetson_emulator,2,local,0.5,58.7296,48.547,58.7296,60.7423,26.7481,167.274,167.274,231.9742,92.9097
428,cnn,baseline,jetson_emulator,2,offload,0.5,58.554,49.1454,49.1454,51.3536,27.8619,167.274,167.274,231.986,92.8086
429,cnn,baseline,jetson_emulator,2,local,0.5,59.7802,49.0339,59.7802,61.2493,26.6314,167.274,167.274,232.2758,92.8101
430,cnn,baseline,jetson_emulator,2,local,0.5,58.6585,48.4853,58.6585,60.6878,26.7561,167.274,167.274,232.4267,92.7929
431,cnn,baseline,jetson_emulator,2,offload,0.5,58.76,48.5355,48.5355,50.578,27.936,167.274,167.274,232.4382,92.8454
432,cnn,baseline,jetson_emulator,2,offload,0.5,59.0075,49.2107,49.2107,50.6795,27.854,167.274,167.274,232.5889,92.8551
433,cnn,baseline,jetson_emulator,2,offload,0.5,58.6557,49.8246,49.8246,51.434,27.78,167.274,167.274,232.7396,92.7972
434,cnn,baseline,jetson_emulator,2,local,0.5,58.4373,48.5516,58.4373,60.5072,26.7808,167.274,167.274,233.0299,92.7338
435,cnn,baseline,jetson_emulator,2,local,0.5,59.0551,49.1759,59.0551,61.1927,26.7119,167.274,167.274,233.1807,92.9002
436,cnn,baseline,jetson_emulator,2,offload,0.5,58.4731,48.4279,48.4279,50.1694,27.9491,167.274,167.274,233.1918,92.8728
437,cnn,baseline,jetson_emulator,2,offload,0.5,58.9633,48.4789,48.4789,50.6278,27.9429,167.274,167.274,233.3425,92.8397
438,cnn,baseline,jetson_emulator,2,local,0.5,58.5095,49.102,58.5095,59.0031,26.7727,167.274,167.274,233.6332,92.8486
439,cnn,baseline,jetson_emulator,2,offload,0.5,58.7833,49.7804,49.7804,51.7205,27.7853,167.274,167.274,233.644,92.8833
440,cnn,baseline,jetson_emulator,2,local,0.5,58.4638,49.0505,58.4638,60.8993,26.7778,167.274,167.274,233.9348,92.8804
441,cnn,baseline,jetson_emulator,2,local,0.5,59.3661,48.8711,59.3661,61.11,26.6773,167.274,167.274,234.0856,92.7346
442,cnn,baseline,jetson_emulator,2,local,0.5,58.5163,48.9492,58.5163,61.2033,26.7719,167.274,167.274,234.2365,92.8059
443,cnn,baseline,jetson_emulator,2,local,0.5,58.4359,48.7034,58.4359,60.1655,26.7809,167.274,167.274,234.3873,92.8994
444,cnn,baseline,jetson_emulator,2,local,0.5,58.7323,48.4043,58.7323,60.1082,26.7478,167.274,167.274,234.5381,92.7487
445,cnn,baseline,jetson_emulator,2,local,0.5,58.7203,48.2698,58.7203,60.2371,26.7492,167.274,167.274,234.6889,92.78
446,cnn,baseline,jetson_emulator,2,local,0.5,59.196,48.3037,59.196,60.2289,26.6962,167.274,167.274,234.8397,92.8527
447,cnn,baseline,jetson_emulator,2,local,0.5,58.3905,49.4339,58.3905,59.9614,26.786,167.274,167.274,234.9906,92.7771
448,cnn,baseline,jetson_emulator,2,local,0.5,58.5297,49.3339,58.5297,59.3958,26.7704,167.274,167.274,235.1414,92.8204
449,cnn,baseline,jetson_emulator,2,local,0.5,58.4298,48.7789,58.4298,60.2358,26.7816,167.274,167.274,235.2922,92.7771
450,cnn,baseline,jetson_emulator,2,local,0.5,58.5229,48.8792,58.5229,60.7171,26.7712,167.274,167.274,235.443,92.8157
451,cnn,baseline,jetson_emulator,2,local,0.5,59.4775,48.2704,59.4775,60.8687,26.6649,167.274,167.274,235.5938,92.739
452,cnn,baseline,jetson_emulator,2,local,0.5,59.4162,49.5256,59.4162,61.2464,26.6717,167.274,167.274,235.7446,92.8401
453,cnn,baseline,jetson_emulator,2,offload,0.5,59.2805,48.9559,48.9559,50.4485,27.8849,167.274,167.274,235.7542,92.822
454,cnn,baseline,jetson_emulator,2,offload,0.5,59.2984,48.9567,48.9567,50.5459,27.8848,167.274,167.274,235.9049,92.7701
455,cnn,baseline,jetson_emulator,2,offload,0.5,59.6247,48.81,48.81,50.425,27.9026,167.274,167.274,236.0556,92.7653
456,cnn,baseline,jetson_emulator,2,local,0.5,58.4028,48.2805,58.4028,60.0116,26.7846,167.274,167.274,236.3479,92.7822
457,cnn,baseline,jetson_emulator,2,local,0.5,58.4266,48.5826,58.4266,59.6459,26.782,167.274,167.274,236.4987,92.8852
458,cnn,baseline,jetson_emulator,2,local,0.5,58.3861,48.2351,58.3861,60.4148,26.7865,167.274,167.274,236.6495,92.8263
459,cnn,baseline,jetson_emulator,2,local,0.5,58.9057,48.4586,58.9057,60.3401,26.7285,167.274,167.274,236.8004,92.8327
460,cnn,baseline,jetson_emulator,2,offload,0.5,59.0244,48.3141,48.3141,50.0092,27.9629,167.274,167.274,236.8093,92.8043
461,cnn,baseline,jetson_emulator,2,offload,0.5,58.4143,49.7805,49.7805,51.2436,27.7853,167.274,167.274,236.96,92.8193
462,cnn,baseline,jetson_emulator,2,offload,0.5,58.4382,49.0799,49.0799,51.3595,27.8699,167.274,167.274,237.1107,92.7714
463,cnn,baseline,jetson_emulator,2,offload,0.5,58.9338,48.5893,48.5893,50.0085,27.9294,167.274,167.274,237.2614,92.9034
464,cnn,baseline,jetson_emulator,2,offload,0.5,59.076,49.0006,49.0006,51.1609,27.8795,167.274,167.274,237.4122,92.7811
465,cnn,baseline,jetson_emulator,2,local,0.5,59.2038,48.4548,59.2038,61.0437,26.6953,167.274,167.274,237.7053,92.8277
466,cnn,baseline,jetson_emulator,2,offload,0.5,58.451,48.9243,48.9243,50.9914,27.8887,167.274,167.274,237.7136,92.7272
467,cnn,baseline,jetson_emulator,2,offload,0.5,59.1681,49.6346,49.6346,51.8093,27.8028,167.274,167.274,237.8644,92.871
468,cnn,baseline,jetson_emulator,2,local,0.5,59.0492,48.6104,59.0492,60.2616,26.7125,167.274,167.274,238.1577,92.8039
469,cnn,baseline,jetson_emulator,2,local,0.5,58.5867,48.9239,58.5867,60.8863,26.7641,167.274,167.274,238.3085,92.8844
470,cnn,baseline,jetson_emulator,2,offload,0.5,58.7525,48.4633,48.4633,49.4157,27.9448,167.274,167.274,238.3165,92.7744
471,cnn,baseline,jetson_emulator,2,offload,0.5,59.0092,49.6343,49.6343,50.7889,27.8029,167.274,167.274,238.4673,92.785
472,cnn,baseline,jetson_emulator,2,local,0.5,58.4555,48.5442,58.4555,59.8012,26.7787,167.274,167.274,238.761,92.8359
473,cnn,baseline,jetson_emulator,2,offload,0.5,58.7412,48.3375,48.3375,50.2933,27.9601,167.274,167.274,238.7687,92.815
474,cnn,baseline,jetson_emulator,2,offload,0.5,58.7347,48.4293,48.4293,50.0995,27.9489,167.274,167.274,238.9194,92.7962
475,cnn,baseline,jetson_emulator,2,offload,0.5,58.6444,49.6719,49.6719,51.6343,27.7984,167.274,167.274,239.0702,92.7999
476,cnn,baseline,jetson_emulator,2,local,0.5,58.9277,48.6435,58.9277,61.1656,26.726,167.274,167.274,239.3643,92.8331
477,cnn,baseline,jetson_emulator,2,local,0.5,58.5902,48.7534,58.5902,59.5933,26.7637,167.274,167.274,239.5151,92.7583
478,cnn,baseline,jetson_emulator,2,local,0.5,59.2679,48.5187,59.2679,61.7576,26.6882,167.274,167.274,239.6659,92.9262
479,cnn,baseline,jetson_emulator,2,local,0.5,58.9531,48.8317,58.9531,59.8526,26.7232,167.274,167.274,239.8167,92.7875
480,cnn,baseline,jetson_emulator,2,local,0.5,59.0662,48.9494,59.0662,60.7006,26.7106,167.274,167.274,239.9675,92.7911
481,cnn,baseline,jetson_emulator,2,offload,0.5,59.8108,49.0738,49.0738,50.3011,27.8706,167.274,167.274,239.9745,92.8266
482,cnn,baseline,jetson_emulator,2,offload,0.5,59.893,49.2358,49.2358,49.8072,27.851,167.274,167.274,240.1253,92.8004
483,cnn,baseline,jetson_emulator,2,offload,0.5,59.3302,50.1144,50.1144,51.2711,27.7451,167.274,167.274,240.276,92.8395
484,cnn,baseline,jetson_emulator,2,local,0.5,58.9727,48.6086,58.9727,61.8727,26.721,167.274,167.274,240.5708,92.7395
485,cnn,baseline,jetson_emulator,2,local,0.5,58.873,48.9304,58.873,61.0716,26.7321,167.274,167.274,240.7216,92.8196
486,cnn,baseline,jetson_emulator,2,local,0.5,58.9353,48.892,58.9353,60.7664,26.7252,167.274,167.274,240.8724,92.7975
487,cnn,baseline,jetson_emulator,2,offload,0.5,59.1556,48.8992,48.8992,50.7789,27.8918,167.274,167.274,240.8789,92.8132
488,cnn,baseline,jetson_emulator,2,local,0.5,59.4927,48.6629,59.4927,60.4048,26.6633,167.274,167.274,241.1741,92.8778
489,cnn,baseline,jetson_emulator,2,local,0.5,59.3924,49.1872,59.3924,60.8343,26.6744,167.274,167.274,241.3249,92.8834
490,cnn,baseline,jetson_emulator,2,local,0.5,60.1707,51.2648,60.1707,62.3559,26.5883,167.274,167.274,241.4757,92.8258
491,cnn,baseline,jetson_emulator,2,offload,0.5,58.9473,48.941,48.941,50.8855,27.8867,167.274,167.274,241.4818,92.8469
492,cnn,baseline,jetson_emulator,2,offload,0.5,59.2868,48.8096,48.8096,50.4308,27.9026,167.274,167.274,241.6325,92.8071
493,cnn,baseline,jetson_emulator,2,offload,0.5,59.1065,49.7023,49.7023,51.6794,27.7947,167.274,167.274,241.7833,92.6676
494,cnn,baseline,jetson_emulator,2,offload,0.5,59.4244,48.9599,48.9599,50.6615,27.8844,167.274,167.274,241.934,92.7952
495,cnn,baseline,jetson_emulator,2,offload,0.5,59.748,49.6143,49.6143,50.9765,27.8053,167.274,167.274,242.0847,92.835
496,cnn,baseline,jetson_emulator,2,local,0.5,59.6973,50.0051,59.6973,61.1252,26.6406,167.274,167.274,242.3806,92.8578
497,cnn,baseline,jetson_emulator,2,offload,0.5,59.7288,49.3255,49.3255,51.3618,27.8402,167.274,167.274,242.3862,92.8405
498,cnn,baseline,jetson_emulator,2,offload,0.5,59.5842,49.2949,49.2949,51.3651,27.8439,167.274,167.274,242.5369,92.8524
499,cnn,baseline,jetson_emulator,2,offload,0.5,59.9606,49.5603,49.5603,51.4284,27.8118,167.274,167.274,242.6876,92.8682
500,cnn,baseline,jetson_emulator,2,offload,0.5,59.3037,49.7418,49.7418,51.3785,27.7899,167.274,167.274,242.8384,92.7774
501,cnn,baseline,jetson_emulator,2,local,0.5,59.7438,49.1729,59.7438,61.0972,26.6354,167.274,167.274,243.1347,92.7993
502,cnn,baseline,jetson_emulator,2,offload,0.5,60.5298,49.27,49.27,50.9805,27.8469,167.274,167.274,243.1398,92.7738
503,cnn,baseline,jetson_emulator,2,offload,0.5,59.833,49.9089,49.9089,50.8955,27.7698,167.274,167.274,243.2905,92.7765
504,cnn,baseline,jetson_emulator,2,local,0.5,59.9508,49.9532,59.9508,62.0341,26.6126,167.274,167.274,243.5872,92.805
505,cnn,baseline,jetson_emulator,2,offload,0.5,59.698,50.8744,50.8744,52.8703,27.6542,167.274,167.274,243.592,92.7527
506,cnn,baseline,jetson_emulator,2,local,0.5,59.6279,49.4944,59.6279,61.9502,26.6483,167.274,167.274,243.8888,92.7492
507,cnn,baseline,jetson_emulator,2,offload,0.5,61.4733,49.4626,49.4626,51.9829,27.8236,167.274,167.274,243.8934,92.8766
508,cnn,baseline,jetson_emulator,2,offload,0.5,59.8294,49.7629,49.7629,51.8361,27.7874,167.274,167.274,244.0442,92.766
509,cnn,baseline,jetson_emulator,2,offload,0.5,60.048,49.8216,49.8216,52.0087,27.7803,167.274,167.274,244.1949,92.9526
510,cnn,baseline,jetson_emulator,2,offload,0.5,60.0557,49.8728,49.8728,51.5713,27.7742,167.274,167.274,244.3456,92.7262
511,cnn,baseline,jetson_emulator,2,offload,0.5,60.2982,49.8399,49.8399,51.314,27.7781,167.274,167.274,244.4964,92.8223
512,cnn,baseline,jetson_emulator,2,offload,0.5,60.4362,50.4773,50.4773,52.1874,27.7016,167.274,167.274,244.6471,92.8142
513,cnn,baseline,jetson_emulator,2,local,0.5,60.1989,49.7316,60.1989,62.2802,26.5852,167.274,167.274,244.9445,92.7713
514,cnn,baseline,jetson_emulator,2,offload,0.5,60.4617,49.9063,49.9063,51.0107,27.7701,167.274,167.274,244.9485,92.7737
515,cnn,baseline,jetson_emulator,2,local,0.5,60.4158,50.4301,60.4158,62.244,26.5613,167.274,167.274,245.2461,92.8243
516,cnn,baseline,jetson_emulator,2,local,0.5,60.7078,49.8761,60.7078,62.5935,26.5292,167.274,167.274,245.397,92.8095
517,cnn,baseline,jetson_emulator,2,offload,0.5,60.4199,50.2984,50.2984,50.9109,27.7231,167.274,167.274,245.4007,92.8079
518,cnn,baseline,jetson_emulator,2,offload,0.5,61.1876,50.6375,50.6375,52.7819,27.6825,167.274,167.274,245.5514,92.8765
519,cnn,baseline,jetson_emulator,2,offload,0.5,60.449,50.0928,50.0928,51.5249,27.7477,167.274,167.274,245.7022,92.7989
520,cnn,baseline,jetson_emulator,2,local,0.5,60.8375,50.9808,60.8375,62.4848,26.515,167.274,167.274,246.0002,92.7922
521,cnn,baseline,jetson_emulator,2,local,0.5,60.5359,50.542,60.5359,61.5962,26.5481,167.274,167.274,246.1511,92.6999
522,cnn,baseline,jetson_emulator,2,offload,0.5,60.9404,51.1123,51.1123,52.5937,27.6259,167.274,167.274,246.1544,92.8073
523,cnn,baseline,jetson_emulator,2,local,0.5,60.9542,51.3636,60.9542,62.8112,26.5022,167.274,167.274,246.4527,92.8297
524,cnn,baseline,jetson_emulator,2,local,0.5,61.1301,51.1658,61.1301,63.3077,26.483,167.274,167.274,246.6035,92.8109
525,cnn,baseline,jetson_emulator,2,local,0.5,61.234,51.1722,61.234,62.2448,26.4716,167.274,167.274,246.7543,92.8556
526,cnn,baseline,jetson_emulator,2,local,0.5,61.1317,51.0947,61.1317,62.4503,26.4828,167.274,167.274,246.9051,92.8709
527,cnn,baseline,jetson_emulator,2,local,0.5,61.7001,51.769,61.7001,63.0048,26.4208,167.274,167.274,247.056,92.8466
528,cnn,baseline,jetson_emulator,2,offload,0.5,61.2568,50.9754,50.9754,52.4406,27.6422,167.274,167.274,247.0587,92.8065
529,cnn,baseline,jetson_emulator,2,offload,0.5,61.1611,51.3694,51.3694,53.4128,27.5953,167.274,167.274,247.2094,92.789
530,cnn,baseline,jetson_emulator,2,offload,0.5,61.3539,51.4285,51.4285,51.9854,27.5883,167.274,167.274,247.3602,92.8051
531,cnn,baseline,jetson_emulator,2,offload,0.5,62.7553,51.3217,51.3217,53.023,27.601,167.274,167.274,247.5109,92.8015
532,cnn,baseline,jetson_emulator,2,local,0.5,61.3903,51.1927,61.3903,62.5689,26.4545,167.274,167.274,247.81,92.8704
533,cnn,baseline,jetson_emulator,2,local,0.5,61.8912,51.4014,61.8912,63.7985,26.4,167.274,167.274,247.9609,92.8156
534,cnn,baseline,jetson_emulator,2,offload,0.5,61.9481,51.3654,51.3654,52.9161,27.5958,167.274,167.274,247.9631,92.786
535,cnn,baseline,jetson_emulator,2,local,0.5,61.6859,52.224,61.6859,62.8383,26.4223,167.274,167.274,248.2625,92.7413
536,cnn,baseline,jetson_emulator,2,local,0.5,61.8081,51.0575,61.8081,63.5961,26.409,167.274,167.274,248.4133,92.8269
537,cnn,baseline,jetson_emulator,2,offload,0.5,61.9282,52.3148,52.3148,53.3044,27.4835,167.274,167.274,248.4153,92.7732
538,cnn,baseline,jetson_emulator,2,local,0.5,61.9411,52.5119,61.9411,63.572,26.3946,167.274,167.274,248.715,92.8977
539,cnn,baseline,jetson_emulator,2,local,0.5,61.9775,51.4179,61.9775,63.1204,26.3906,167.274,167.274,248.8658,92.7838
540,cnn,baseline,jetson_emulator,2,offload,0.5,62.2786,51.5614,51.5614,53.8481,27.5725,167.274,167.274,248.8674,92.8425
541,cnn,baseline,jetson_emulator,2,local,0.5,62.8115,51.5749,62.8115,64.7457,26.3003,167.274,167.274,249.1674,92.8717
542,cnn,baseline,jetson_emulator,2,local,0.5,63.1833,52.2818,63.1833,64.5284,26.2603,167.274,167.274,249.3182,92.7518
543,cnn,baseline,jetson_emulator,2,offload,0.5,62.4572,51.9023,51.9023,54.0566,27.5322,167.274,167.274,249.3196,92.8109
544,cnn,baseline,jetson_emulator,2,offload,0.5,62.5982,51.7164,51.7164,53.0506,27.5541,167.274,167.274,249.4704,92.9191
545,cnn,baseline,jetson_emulator,2,offload,0.5,63.467,51.8177,51.8177,54.4383,27.5422,167.274,167.274,249.6211,92.815
546,cnn,baseline,jetson_emulator,2,local,0.5,62.6994,52.0347,62.6994,64.3283,26.3124,167.274,167.274,249.9215,92.8833
547,cnn,baseline,jetson_emulator,2,local,0.5,64.0132,53.0797,64.0132,65.0824,26.1713,167.274,167.274,250.0723,92.8013
548,cnn,baseline,jetson_emulator,2,offload,0.5,63.0257,52.3754,52.3754,53.3663,27.4763,167.274,167.274,250.0733,92.8378
549,cnn,baseline,jetson_emulator,2,local,0.5,64.0821,53.09,64.0821,65.8774,26.164,167.274,167.274,250.3739,92.7816
550,cnn,baseline,jetson_emulator,2,offload,0.5,63.2068,52.0571,52.0571,53.4784,27.5139,167.274,167.274,250.3747,92.8391
551,cnn,baseline,jetson_emulator,2,local,0.5,64.1328,52.2749,64.1328,66.1667,26.1586,167.274,167.274,250.6756,92.75
552,cnn,baseline,jetson_emulator,2,local,0.5,63.7122,52.5835,63.7122,66.0901,26.2035,167.274,167.274,250.8264,92.8324
553,cnn,baseline,jetson_emulator,2,offload,0.5,63.4156,52.2709,52.2709,53.4183,27.4887,167.274,167.274,250.8269,92.8449
554,cnn,baseline,jetson_emulator,2,local,0.5,63.8529,52.7201,63.8529,65.3514,26.1885,167.274,167.274,251.128,92.828
555,cnn,baseline,jetson_emulator,2,local,0.5,63.6765,52.4787,63.6765,66.3313,26.2074,167.274,167.274,251.2789,92.8023
556,cnn,baseline,jetson_emulator,2,local,0.5,63.7223,53.0355,63.7223,65.7672,26.2025,167.274,167.274,251.4297,92.8056
557,cnn,baseline,jetson_emulator,2,offload,0.5,63.9918,53.6686,53.6686,56.0174,27.3249,167.274,167.274,251.4298,92.7846
558,cnn,baseline,jetson_emulator,2,local,0.5,64.8218,53.4871,64.8218,66.2237,26.0853,167.274,167.274,251.7313,92.8542
559,cnn,baseline,jetson_emulator,2,local,0.5,64.9781,53.4697,64.9781,66.1431,26.0687,167.274,167.274,251.8821,92.8512
560,cnn,baseline,jetson_emulator,2,offload,0.5,63.8885,53.5978,53.5978,55.1246,27.3332,167.274,167.274,251.882,92.849
561,cnn,baseline,jetson_emulator,2,offload,0.5,64.0377,53.3704,53.3704,55.9698,27.3597,167.274,167.274,252.0327,92.7365
562,cnn,baseline,jetson_emulator,2,offload,0.5,65.0458,53.0518,53.0518,54.3574,27.3969,167.274,167.274,252.1834,92.7481
563,cnn,baseline,jetson_emulator,2,local,0.5,64.2754,53.8035,64.2754,65.928,26.1434,167.274,167.274,252.4854,92.8902
564,cnn,baseline,jetson_emulator,2,offload,0.5,65.1326,53.1305,53.1305,54.277,27.3877,167.274,167.274,252.4849,92.8328
565,cnn,baseline,jetson_emulator,2,local,0.5,64.8847,53.545,64.8847,65.4228,26.0786,167.274,167.274,252.787,92.8246
566,cnn,baseline,jetson_emulator,2,local,0.5,64.7057,53.6086,64.7057,66.9718,26.0976,167.274,167.274,252.9378,92.7611
567,cnn,baseline,jetson_emulator,2,offload,0.5,64.9462,54.3359,54.3359,55.2455,27.2475,167.274,167.274,252.9371,92.8306
568,cnn,baseline,jetson_emulator,2,local,0.5,64.9327,53.4962,64.9327,66.7991,26.0735,167.274,167.274,253.2395,92.7903
569,cnn,baseline,jetson_emulator,2,local,0.5,65.1292,53.5338,65.1292,66.3499,26.0527,167.274,167.274,253.3903,92.7604
570,cnn,baseline,jetson_emulator,2,local,0.5,65.2239,54.5298,65.2239,67.2337,26.0427,167.274,167.274,253.5411,92.8378
571,cnn,baseline,jetson_emulator,2,local,0.5,65.9492,54.2173,65.9492,68.1965,25.9662,167.274,167.274,253.6919,92.7656
572,cnn,baseline,jetson_emulator,2,offload,0.5,65.2779,54.1154,54.1154,56.1779,27.273,167.274,167.274,253.6907,92.8021
573,cnn,baseline,jetson_emulator,2,local,0.5,65.4499,54.9833,65.4499,67.9424,26.0188,167.274,167.274,253.9936,92.8636
574,cnn,baseline,jetson_emulator,2,local,0.5,65.2311,54.5519,65.2311,66.5674,26.0419,167.274,167.274,254.1444,92.8408
575,cnn,baseline,jetson_emulator,2,offload,0.5,65.5232,55.1164,55.1164,57.1191,27.1574,167.274,167.274,254.1429,92.7395
576,cnn,baseline,jetson_emulator,2,local,0.5,65.9967,54.858,65.9967,67.5339,25.9612,167.274,167.274,254.446,92.8272
577,cnn,baseline,jetson_emulator,2,local,0.5,66.6573,56.6744,66.6573,68.6403,25.892,167.274,167.274,254.5968,92.8055
578,cnn,baseline,jetson_emulator,2,offload,0.5,65.8624,54.9147,54.9147,56.4804,27.1806,167.274,167.274,254.5951,92.9044
579,cnn,baseline,jetson_emulator,2,offload,0.5,65.7668,54.6663,54.6663,56.676,27.2093,167.274,167.274,254.7458,92.8357
580,cnn,baseline,jetson_emulator,2,local,0.5,66.2232,54.8376,66.2232,67.682,25.9374,167.274,167.274,255.0493,92.7597
581,cnn,baseline,jetson_emulator,2,offload,0.5,66.0689,55.0433,55.0433,56.9593,27.1658,167.274,167.274,255.0473,92.8984
582,cnn,baseline,jetson_emulator,2,local,0.5,65.8931,55.024,65.8931,67.1118,25.9721,167.274,167.274,255.3509,92.7953
583,cnn,baseline,jetson_emulator,2,local,0.5,66.3965,55.244,66.3965,67.9743,25.9192,167.274,167.274,255.5017,92.8111
584,cnn,baseline,jetson_emulator,2,offload,0.5,66.9794,54.9085,54.9085,57.0192,27.1813,167.274,167.274,255.4994,92.8434
585,cnn,baseline,jetson_emulator,2,local,0.5,66.4485,54.7249,66.4485,68.1617,25.9138,167.274,167.274,255.8034,92.7816
586,cnn,baseline,jetson_emulator,2,offload,0.5,66.6522,55.1004,55.1004,57.0318,27.1592,167.274,167.274,255.8009,92.7884
587,cnn,baseline,jetson_emulator,2,offload,0.5,67.6151,55.7269,55.7269,57.2214,27.0874,167.274,167.274,255.9516,92.7715
588,cnn,baseline,jetson_emulator,2,local,0.5,66.814,55.213,66.814,69.001,25.8756,167.274,167.274,256.2558,92.8455
589,cnn,baseline,jetson_emulator,2,offload,0.5,66.8893,56.0837,56.0837,58.3391,27.0466,167.274,167.274,256.2531,92.8277
590,cnn,baseline,jetson_emulator,2,offload,0.5,66.7795,55.1415,55.1415,56.0522,27.1545,167.274,167.274,256.4038,92.8351
591,cnn,baseline,jetson_emulator,2,local,0.5,67.2583,56.2049,67.2583,68.2832,25.8293,167.274,167.274,256.7083,92.8703
592,cnn,baseline,jetson_emulator,2,offload,0.5,67.0947,56.4191,56.4191,57.888,27.0084,167.274,167.274,256.7053,92.7293
593,cnn,baseline,jetson_emulator,2,offload,0.5,67.467,56.2374,56.2374,57.8772,27.0291,167.274,167.274,256.856,92.7872
594,cnn,baseline,jetson_emulator,2,local,0.5,66.9648,55.6951,66.9648,69.1776,25.8598,167.274,167.274,257.1607,92.8871
595,cnn,baseline,jetson_emulator,2,offload,0.5,67.1611,56.4374,56.4374,57.9614,27.0063,167.274,167.274,257.1574,92.8277
596,cnn,baseline,jetson_emulator,2,local,0.5,67.6009,56.1946,67.6009,69.4656,25.7937,167.274,167.274,257.4624,92.8122
597,cnn,baseline,jetson_emulator,2,local,0.5,67.111,56.0913,67.111,68.7173,25.8446,167.274,167.274,257.6132,92.7685
598,cnn,baseline,jetson_emulator,2,offload,0.5,67.7019,56.3793,56.3793,57.2585,27.0129,167.274,167.274,257.6096,92.7682
599,cnn,baseline,jetson_emulator,2,offload,0.5,68.1397,56.1202,56.1202,57.7927,27.0424,167.274,167.274,257.7604,92.7422
600,cnn,baseline,jetson_emulator,2,local,0.5,67.8619,56.47,67.8619,69.6652,25.7666,167.274,167.274,258.0656,92.8181
601,cnn,baseline,jetson_emulator,2,offload,0.5,67.8095,55.8443,55.8443,57.3083,27.0739,167.274,167.274,258.0618,92.8011
602,cnn,baseline,jetson_emulator,2,local,0.5,68.4527,56.8601,68.4527,69.5779,25.7056,167.274,167.274,258.3673,92.8561
603,cnn,baseline,jetson_emulator,2,offload,0.5,67.9974,56.7563,56.7563,58.8347,26.9701,167.274,167.274,258.3633,92.8916
604,cnn,baseline,jetson_emulator,2,local,0.5,68.2506,56.6196,68.2506,70.4186,25.7265,167.274,167.274,258.6689,92.8282
605,cnn,baseline,jetson_emulator,2,local,0.5,67.9688,56.1963,67.9688,69.8546,25.7556,167.274,167.274,258.8197,92.7483
606,cnn,baseline,jetson_emulator,2,local,0.5,68.3311,56.9317,68.3311,69.9379,25.7181,167.274,167.274,258.9705,92.8125
607,cnn,baseline,jetson_emulator,2,offload,0.5,68.6848,56.4416,56.4416,58.409,27.0059,167.274,167.274,258.9662,92.8116
608,cnn,baseline,jetson_emulator,2,local,0.5,68.4984,56.3422,68.4984,70.4625,25.7009,167.274,167.274,259.2722,92.7637
609,cnn,baseline,jetson_emulator,2,offload,0.5,67.8908,56.2587,56.2587,58.0701,27.0267,167.274,167.274,259.2676,92.7962
610,cnn,baseline,jetson_emulator,2,offload,0.5,68.013,56.8434,56.8434,58.3568,26.9602,167.274,167.274,259.4184,92.7343
611,cnn,baseline,jetson_emulator,2,local,0.5,69.0474,57.3475,69.0474,70.1759,25.6445,167.274,167.274,259.7246,92.8491
612,cnn,baseline,jetson_emulator,2,offload,0.5,68.3473,56.4699,56.4699,58.3123,27.0026,167.274,167.274,259.7198,92.8029
613,cnn,baseline,jetson_emulator,2,local,0.5,68.5698,56.8657,68.5698,69.8676,25.6935,167.274,167.274,260.0263,92.7731
614,cnn,baseline,jetson_emulator,2,offload,0.5,68.1875,56.9288,56.9288,58.9458,26.9505,167.274,167.274,260.0213,92.889
615,cnn,baseline,jetson_emulator,2,local,0.5,68.5475,56.5769,68.5475,70.4824,25.6958,167.274,167.274,260.3279,92.8383
616,cnn,baseline,jetson_emulator,2,offload,0.5,68.2907,57.032,57.032,58.959,26.9389,167.274,167.274,260.3227,92.7528
617,cnn,baseline,jetson_emulator,2,local,0.5,68.8173,57.1899,68.8173,70.1838,25.6681,167.274,167.274,260.6295,92.8166
618,cnn,baseline,jetson_emulator,2,offload,0.5,68.7501,56.668,56.668,58.8608,26.9801,167.274,167.274,260.6242,92.9329
619,cnn,baseline,jetson_emulator,2,local,0.5,68.8559,57.6707,68.8559,70.7026,25.6641,167.274,167.274,260.9312,92.8507
620,cnn,baseline,jetson_emulator,2,offload,0.5,68.5621,57.7651,57.7651,58.8727,26.8562,167.274,167.274,260.9256,92.8493
621,cnn,baseline,jetson_emulator,2,offload,0.5,68.8295,58.0182,58.0182,60.6248,26.8277,167.274,167.274,261.0764,92.7763
622,cnn,baseline,jetson_emulator,2,offload,0.5,68.8344,57.3411,57.3411,58.8769,26.9039,167.274,167.274,261.2271,92.8124
623,cnn,baseline,jetson_emulator,2,offload,0.5,68.5547,58.2466,58.2466,59.9503,26.8021,167.274,167.274,261.3778,92.7802
624,cnn,baseline,jetson_emulator,2,offload,0.5,68.8735,57.8834,57.8834,59.028,26.8429,167.274,167.274,261.5285,92.8553
625,cnn,baseline,jetson_emulator,2,local,0.5,68.7781,56.9515,68.7781,70.8438,25.6721,167.274,167.274,261.8361,92.8317
626,cnn,baseline,jetson_emulator,2,local,0.5,68.9872,57.5464,68.9872,70.5481,25.6507,167.274,167.274,261.9869,92.7841
627,cnn,baseline,jetson_emulator,2,offload,0.5,69.3295,57.4542,57.4542,60.4913,26.8912,167.274,167.274,261.9807,92.8769
628,cnn,baseline,jetson_emulator,2,offload,0.5,69.5197,57.8886,57.8886,59.8154,26.8423,167.274,167.274,262.1314,92.842
629,cnn,baseline,jetson_emulator,2,offload,0.5,69.0621,57.0308,57.0308,58.6844,26.939,167.274,167.274,262.2822,92.8311
630,cnn,baseline,jetson_emulator,2,local,0.5,68.8081,58.673,68.8081,70.4147,25.669,167.274,167.274,262.5902,92.7721
631,cnn,baseline,jetson_emulator,2,local,0.5,68.8866,59.3251,68.8866,70.762,25.661,167.274,167.274,262.741,92.799
632,cnn,baseline,jetson_emulator,2,local,0.5,69.3611,57.2794,69.3611,71.2602,25.6123,167.274,167.274,262.8918,92.845
633,cnn,baseline,jetson_emulator,2,offload,0.5,70.0688,57.8316,57.8316,59.7548,26.8487,167.274,167.274,262.8851,92.7683
634,cnn,baseline,jetson_emulator,2,offload,0.5,69.1802,57.6727,57.6727,59.1949,26.8666,167.274,167.274,263.0358,92.7999
635,cnn,baseline,jetson_emulator,2,offload,0.5,69.4524,57.6873,57.6873,58.8367,26.8649,167.274,167.274,263.1865,92.8174
636,cnn,baseline,jetson_emulator,2,offload,0.5,69.3075,57.9813,57.9813,59.5936,26.8319,167.274,167.274,263.3373,92.7992
637,cnn,baseline,jetson_emulator,2,offload,0.5,70.361,57.3122,57.3122,58.4023,26.9072,167.274,167.274,263.488,92.7864
638,cnn,baseline,jetson_emulator,2,offload,0.5,69.5237,58.6887,58.6887,59.685,26.7527,167.274,167.274,263.6387,92.7207
639,cnn,baseline,jetson_emulator,2,local,0.5,70.049,57.2965,70.049,71.3683,25.5422,167.274,167.274,263.9475,92.8414
640,cnn,baseline,jetson_emulator,2,offload,0.5,70.5214,56.9859,56.9859,58.8434,26.9441,167.274,167.274,263.9402,92.8609
641,cnn,baseline,jetson_emulator,2,local,0.5,69.5481,57.0604,69.5481,70.8417,25.5932,167.274,167.274,264.2492,92.8274
642,cnn,baseline,jetson_emulator,2,local,0.5,69.4828,57.3317,69.4828,70.7447,25.5999,167.274,167.274,264.4,92.8472
643,cnn,baseline,jetson_emulator,2,local,0.5,69.4652,57.1925,69.4652,71.1924,25.6017,167.274,167.274,264.5508,92.7422
644,cnn,baseline,jetson_emulator,2,offload,0.5,69.1303,57.0429,57.0429,59.9323,26.9376,167.274,167.274,264.5431,92.7591
645,cnn,baseline,jetson_emulator,2,local,0.5,69.8363,57.8252,69.8363,71.6726,25.5638,167.274,167.274,264.8524,92.9026
646,cnn,baseline,jetson_emulator,2,offload,0.5,69.1756,57.3237,57.3237,59.0098,26.9059,167.274,167.274,264.8445,92.8758
647,cnn,baseline,jetson_emulator,2,local,0.5,69.6121,57.5175,69.6121,70.7284,25.5867,167.274,167.274,265.1541,92.8045
648,cnn,baseline,jetson_emulator,2,local,0.5,69.4295,57.051,69.4295,71.6963,25.6054,167.274,167.274,265.3049,92.7918
649,cnn,baseline,jetson_emulator,2,offload,0.5,68.9665,57.0424,57.0424,59.1342,26.9377,167.274,167.274,265.2967,92.7023
650,cnn,baseline,jetson_emulator,2,offload,0.5,69.3012,57.1635,57.1635,59.4136,26.924,167.274,167.274,265.4474,92.7901
651,cnn,baseline,jetson_emulator,2,offload,0.5,70.0615,57.4939,57.4939,58.918,26.8867,167.274,167.274,265.5982,92.7552
652,cnn,baseline,jetson_emulator,2,offload,0.5,69.2944,57.127,57.127,58.5648,26.9281,167.274,167.274,265.7489,92.7044
653,cnn,baseline,jetson_emulator,2,local,0.5,69.4483,58.0174,69.4483,71.4515,25.6034,167.274,167.274,266.059,92.7578
654,cnn,baseline,jetson_emulator,2,offload,0.5,69.0149,56.9606,56.9606,58.94,26.947,167.274,167.274,266.0504,92.8481
655,cnn,baseline,jetson_emulator,2,local,0.5,69.3231,57.0112,69.3231,71.2389,25.6162,167.274,167.274,266.3606,92.8875
656,cnn,baseline,jetson_emulator,2,offload,0.5,69.2896,57.5816,57.5816,59.3294,26.8768,167.274,167.274,266.3518,92.8852
657,cnn,baseline,jetson_emulator,2,offload,0.5,69.0942,57.627,57.627,59.9685,26.8717,167.274,167.274,266.5025,92.8496
658,cnn,baseline,jetson_emulator,2,local,0.5,69.0958,57.2969,69.0958,70.9393,25.6395,167.274,167.274,266.8131,92.8378
659,cnn,baseline,jetson_emulator,2,offload,0.5,68.9272,57.1416,57.1416,59.6166,26.9265,167.274,167.274,266.804,92.8682
660,cnn,baseline,jetson_emulator,2,offload,0.5,68.9018,57.6437,57.6437,58.8891,26.8698,167.274,167.274,266.9547,92.8346
661,cnn,baseline,jetson_emulator,2,local,0.5,69.8584,57.0282,69.8584,71.187,25.5616,167.274,167.274,267.2655,92.7821
662,cnn,baseline,jetson_emulator,2,offload,0.5,69.3989,57.4758,57.4758,59.0191,26.8887,167.274,167.274,267.2562,92.7444
663,cnn,baseline,jetson_emulator,2,local,0.5,68.7236,57.5517,68.7236,70.0251,25.6777,167.274,167.274,267.5672,92.8906
664,cnn,baseline,jetson_emulator,2,offload,0.5,68.9964,57.6354,57.6354,59.0494,26.8708,167.274,167.274,267.5576,92.8574
665,cnn,baseline,jetson_emulator,2,local,0.5,69.3198,57.4964,69.3198,71.1072,25.6166,167.274,167.274,267.8688,92.8423
666,cnn,baseline,jetson_emulator,2,local,0.5,69.341,57.476,69.341,71.3198,25.6144,167.274,167.274,268.0196,92.7672
667,cnn,baseline,jetson_emulator,2,local,0.5,68.8794,57.8401,68.8794,70.971,25.6617,167.274,167.274,268.1704,92.753
668,cnn,baseline,jetson_emulator,2,offload,0.5,68.9013,57.202,57.202,58.5984,26.9196,167.274,167.274,268.1605,92.8438
669,cnn,baseline,jetson_emulator,2,local,0.5,68.6916,57.103,68.6916,69.9478,25.681,167.274,167.274,268.4721,92.7165
670,cnn,baseline,jetson_emulator,2,offload,0.5,68.7113,57.921,57.921,59.6739,26.8386,167.274,167.274,268.462,92.8015
671,cnn,baseline,jetson_emulator,2,offload,0.5,68.8751,56.8499,56.8499,58.4117,26.9595,167.274,167.274,268.6127,92.8513
672,cnn,baseline,jetson_emulator,2,local,0.5,68.6303,56.8313,68.6303,70.5515,25.6873,167.274,167.274,268.9245,92.7379
673,cnn,baseline,jetson_emulator,2,local,0.5,68.8477,57.0445,68.8477,70.1002,25.665,167.274,167.274,269.0753,92.8025
674,cnn,baseline,jetson_emulator,2,offload,0.5,68.3748,56.6181,56.6181,58.4783,26.9858,167.274,167.274,269.0649,92.8862
675,cnn,baseline,jetson_emulator,2,local,0.5,68.9656,57.5567,68.9656,70.9555,25.6529,167.274,167.274,269.377,92.8811
676,cnn,baseline,jetson_emulator,2,local,0.5,68.5043,57.3404,68.5043,71.1198,25.7003,167.274,167.274,269.5278,92.8658
677,cnn,baseline,jetson_emulator,2,local,0.5,68.3792,57.2679,68.3792,70.1544,25.7132,167.274,167.274,269.6786,92.8159
678,cnn,baseline,jetson_emulator,2,local,0.5,68.3981,57.6601,68.3981,69.7398,25.7112,167.274,167.274,269.8294,92.8913
679,cnn,baseline,jetson_emulator,2,offload,0.5,68.4441,57.4885,57.4885,59.3639,26.8873,167.274,167.274,269.8185,92.7097
680,cnn,baseline,jetson_emulator,2,offload,0.5,68.4754,57.0274,57.0274,58.4709,26.9394,167.274,167.274,269.9693,92.8208
681,cnn,baseline,jetson_emulator,2,local,0.5,69.2337,56.6767,69.2337,70.4672,25.6254,167.274,167.274,270.2819,92.8887
682,cnn,baseline,jetson_emulator,2,offload,0.5,69.1924,56.2242,56.2242,58.3893,27.0306,167.274,167.274,270.2707,92.8817
683,cnn,baseline,jetson_emulator,2,offload,0.5,68.4071,56.5825,56.5825,58.8464,26.9898,167.274,167.274,270.4214,92.8989
684,cnn,baseline,jetson_emulator,2,offload,0.5,68.2504,56.8683,56.8683,59.4725,26.9574,167.274,167.274,270.5722,92.7881
685,cnn,baseline,jetson_emulator,2,offload,0.5,68.064,56.3846,56.3846,58.794,27.0123,167.274,167.274,270.7229,92.8574
686,cnn,baseline,jetson_emulator,2,offload,0.5,68.0628,56.4436,56.4436,58.1731,27.0056,167.274,167.274,270.8736,92.8426
687,cnn,baseline,jetson_emulator,2,local,0.5,69.2921,56.2647,69.2921,71.1107,25.6194,167.274,167.274,271.1868,92.7571
688,cnn,baseline,jetson_emulator,2,offload,0.5,67.9448,56.1467,56.1467,58.6467,27.0394,167.274,167.274,271.1751,92.8933
689,cnn,baseline,jetson_emulator,2,offload,0.5,67.9416,56.0601,56.0601,57.7368,27.0493,167.274,167.274,271.3258,92.7921
690,cnn,baseline,jetson_emulator,2,local,0.5,67.7259,56.5184,67.7259,68.9272,25.7807,167.274,167.274,271.6392,92.8458
691,cnn,baseline,jetson_emulator,2,local,0.5,67.9365,56.5131,67.9365,70.0494,25.7589,167.274,167.274,271.79,92.7831
692,cnn,baseline,jetson_emulator,2,offload,0.5,67.6559,56.4826,56.4826,58.1775,27.0012,167.274,167.274,271.778,92.8374
693,cnn,baseline,jetson_emulator,2,local,0.5,67.7619,55.9239,67.7619,69.3793,25.777,167.274,167.274,272.0917,92.7773
694,cnn,baseline,jetson_emulator,2,local,0.5,67.5027,56.995,67.5027,68.9917,25.8039,167.274,167.274,272.2425,92.8004
695,cnn,baseline,jetson_emulator,2,local,0.5,67.4967,55.8719,67.4967,69.1789,25.8045,167.274,167.274,272.3933,92.8386
696,cnn,baseline,jetson_emulator,2,local,0.5,67.8164,56.1638,67.8164,68.985,25.7713,167.274,167.274,272.5441,92.7626
697,cnn,baseline,jetson_emulator,2,local,0.5,67.5274,55.8729,67.5274,68.8909,25.8013,167.274,167.274,272.6949,92.7499
698,cnn,baseline,jetson_emulator,2,local,0.5,67.4536,55.6868,67.4536,69.4314,25.809,167.274,167.274,272.8458,92.7868
699,cnn,baseline,jetson_emulator,2,offload,0.5,67.3724,56.256,56.256,57.9519,27.027,167.274,167.274,272.8331,92.7722
700,cnn,baseline,jetson_emulator,2,local,0.5,67.4139,56.9191,67.4139,68.9621,25.8131,167.274,167.274,273.1474,92.8297
701,cnn,baseline,jetson_emulator,2,local,0.5,67.1229,57.6217,67.1229,68.9904,25.8434,167.274,167.274,273.2982,92.7645
702,cnn,baseline,jetson_emulator,2,local,0.5,67.0139,56.8194,67.0139,68.6876,25.8547,167.274,167.274,273.449,92.773
703,cnn,baseline,jetson_emulator,2,local,0.5,67.4543,55.7614,67.4543,69.1118,25.8089,167.274,167.274,273.5999,92.7829
704,cnn,baseline,jetson_emulator,2,offload,0.5,67.8969,55.527,55.527,58.0617,27.1103,167.274,167.274,273.5867,92.8554
705,cnn,baseline,jetson_emulator,2,offload,0.5,67.0809,55.5202,55.5202,57.4074,27.111,167.274,167.274,273.7374,92.7183
706,cnn,baseline,jetson_emulator,2,offload,0.5,66.9025,55.8673,55.8673,57.5553,27.0713,167.274,167.274,273.8882,92.7444
707,cnn,baseline,jetson_emulator,2,local,0.5,66.71,56.5301,66.71,68.9811,25.8864,167.274,167.274,274.2031,92.8116
708,cnn,baseline,jetson_emulator,2,local,0.5,67.1986,55.3809,67.1986,68.1419,25.8355,167.274,167.274,274.3539,92.7684
709,cnn,baseline,jetson_emulator,2,offload,0.5,67.5134,55.259,55.259,56.8595,27.141,167.274,167.274,274.3404,92.7997
710,cnn,baseline,jetson_emulator,2,offload,0.5,67.6649,56.329,56.329,59.0374,27.0187,167.274,167.274,274.4911,92.8067
711,cnn,baseline,jetson_emulator,2,local,0.5,66.6372,56.1936,66.6372,69.0118,25.8941,167.274,167.274,274.8064,92.7563
712,cnn,baseline,jetson_emulator,2,local,0.5,66.5351,55.8027,66.5351,67.9801,25.9047,167.274,167.274,274.9572,92.7728
713,cnn,baseline,jetson_emulator,2,local,0.5,66.7178,55.2976,66.7178,68.181,25.8856,167.274,167.274,275.108,92.8563
714,cnn,baseline,jetson_emulator,2,offload,0.5,66.9648,54.9905,54.9905,57.2486,27.1719,167.274,167.274,275.094,92.789
715,cnn,baseline,jetson_emulator,2,offload,0.5,66.6776,54.9547,54.9547,57.1956,27.176,167.274,167.274,275.2447,92.8244
716,cnn,baseline,jetson_emulator,2,offload,0.5,66.5119,55.1202,55.1202,56.3342,27.157,167.274,167.274,275.3954,92.8487
717,cnn,baseline,jetson_emulator,2,offload,0.5,66.3855,54.9318,54.9318,56.2644,27.1787,167.274,167.274,275.5462,92.7703
718,cnn,baseline,jetson_emulator,2,offload,0.5,66.4102,55.649,55.649,57.0723,27.0963,167.274,167.274,275.6969,92.8376
719,cnn,baseline,jetson_emulator,2,offload,0.5,67.2982,55.0752,55.0752,56.7712,27.1621,167.274,167.274,275.8476,92.7692
720,cnn,baseline,jetson_emulator,2,offload,0.5,66.5517,55.1021,55.1021,56.9436,27.159,167.274,167.274,275.9984,92.8053
721,cnn,baseline,jetson_emulator,2,offload,0.5,67.2895,56.2596,56.2596,57.6965,27.0266,167.274,167.274,276.1491,92.8375
722,cnn,baseline,jetson_emulator,2,local,0.5,67.5485,54.8818,67.5485,69.0217,25.7991,167.274,167.274,276.4654,92.8841
723,cnn,baseline,jetson_emulator,2,local,0.5,66.0709,54.7455,66.0709,67.8445,25.9534,167.274,167.274,276.6162,92.7081
724,cnn,baseline,jetson_emulator,2,local,0.5,66.2552,54.5679,66.2552,68.1939,25.9341,167.274,167.274,276.767,93.011
725,cnn,baseline,jetson_emulator,2,local,0.5,67.0046,55.7745,67.0046,68.5852,25.8557,167.274,167.274,276.9178,92.829
726,cnn,baseline,jetson_emulator,2,local,0.5,65.7253,54.6637,65.7253,67.1789,25.9897,167.274,167.274,277.0687,92.8311
727,cnn,baseline,jetson_emulator,2,local,0.5,66.5707,54.8957,66.5707,68.0934,25.901,167.274,167.274,277.2195,92.7582
728,cnn,baseline,jetson_emulator,2,offload,0.5,65.8811,55.2772,55.2772,56.7463,27.1389,167.274,167.274,277.2042,92.8326
729,cnn,baseline,jetson_emulator,2,offload,0.5,66.008,54.8298,54.8298,56.8482,27.1904,167.274,167.274,277.3549,92.9071
730,cnn,baseline,jetson_emulator,2,local,0.5,65.6299,54.7213,65.6299,67.384,25.9998,167.274,167.274,277.6719,92.8795
731,cnn,baseline,jetson_emulator,2,offload,0.5,65.9175,54.7504,54.7504,56.3728,27.1996,167.274,167.274,277.6564,92.8115
732,cnn,baseline,jetson_emulator,2,local,0.5,65.4982,54.3109,65.4982,67.1559,26.0137,167.274,167.274,277.9736,92.8254
733,cnn,baseline,jetson_emulator,2,local,0.5,66.3587,54.8837,66.3587,68.4598,25.9232,167.274,167.274,278.1244,92.7919
734,cnn,baseline,jetson_emulator,2,offload,0.5,65.9042,54.8277,54.8277,56.9319,27.1907,167.274,167.274,278.1085,92.8883
735,cnn,baseline,jetson_emulator,2,local,0.5,65.6952,54.1988,65.6952,66.6674,25.9929,167.274,167.274,278.426,92.795
736,cnn,baseline,jetson_emulator,2,local,0.5,65.8974,54.3651,65.8974,67.8957,25.9716,167.274,167.274,278.5768,92.8051
737,cnn,baseline,jetson_emulator,2,offload,0.5,65.4566,54.899,54.899,56.6473,27.1824,167.274,167.274,278.5607,92.6651
738,cnn,baseline,jetson_emulator,2,offload,0.5,65.3409,55.2702,55.2702,57.5229,27.1397,167.274,167.274,278.7114,92.8535
739,cnn,baseline,jetson_emulator,2,offload,0.5,65.4788,55.154,55.154,56.437,27.1531,167.274,167.274,278.8622,92.902
740,cnn,baseline,jetson_emulator,2,offload,0.5,65.7304,54.0695,54.0695,56.2905,27.2783,167.274,167.274,279.0129,92.7593
741,cnn,baseline,jetson_emulator,2,local,0.5,65.6366,54.3527,65.6366,67.1086,25.9991,167.274,167.274,279.3309,92.7618
742,cnn,baseline,jetson_emulator,2,local,0.5,65.8505,54.0417,65.8505,67.7191,25.9766,167.274,167.274,279.4817,92.7861
743,cnn,baseline,jetson_emulator,2,offload,0.5,66.1862,54.0296,54.0296,54.8791,27.283,167.274,167.274,279.4651,92.8112
744,cnn,baseline,jetson_emulator,2,local,0.5,65.8883,55.4263,65.8883,68.0084,25.9726,167.274,167.274,279.7834,92.82
745,cnn,baseline,jetson_emulator,2,offload,0.5,65.8022,54.4661,54.4661,56.4207,27.2324,167.274,167.274,279.7665,92.8247
746,cnn,baseline,jetson_emulator,2,local,0.5,65.1762,54.8001,65.1762,67.2158,26.0477,167.274,167.274,280.085,92.8291
747,cnn,baseline,jetson_emulator,2,local,0.5,65.998,54.5261,65.998,67.6528,25.9611,167.274,167.274,280.2358,92.8193
748,cnn,baseline,jetson_emulator,2,local,0.5,65.6625,55.7088,65.6625,68.0548,25.9964,167.274,167.274,280.3866,92.8448
749,cnn,baseline,jetson_emulator,2,offload,0.5,65.0058,53.8806,53.8806,55.1623,27.3003,167.274,167.274,280.3694,92.8185
750,cnn,baseline,jetson_emulator,2,offload,0.5,65.1034,54.7178,54.7178,56.5781,27.2033,167.274,167.274,280.5202,92.8069
751,cnn,baseline,jetson_emulator,2,offload,0.5,66.0885,54.3923,54.3923,55.9161,27.2409,167.274,167.274,280.6709,92.909
752,cnn,baseline,jetson_emulator,2,local,0.5,65.2596,54.7748,65.2596,67.1883,26.0389,167.274,167.274,280.9899,92.7373
753,cnn,baseline,jetson_emulator,2,offload,0.5,65.5682,54.0536,54.0536,55.7215,27.2802,167.274,167.274,280.9724,92.881
754,cnn,baseline,jetson_emulator,2,local,0.5,65.6839,54.811,65.6839,67.1313,25.9941,167.274,167.274,281.2916,92.8666
755,cnn,baseline,jetson_emulator,2,local,0.5,65.8182,55.9898,65.8182,67.3252,25.98,167.274,167.274,281.4424,92.8422
756,cnn,baseline,jetson_emulator,2,local,0.5,65.6207,54.0317,65.6207,67.1456,26.0008,167.274,167.274,281.5932,92.8724
757,cnn,baseline,jetson_emulator,2,local,0.5,66.0232,53.968,66.0232,67.8189,25.9584,167.274,167.274,281.744,92.8371
758,cnn,baseline,jetson_emulator,2,offload,0.5,65.1997,53.6753,53.6753,54.2655,27.3242,167.274,167.274,281.726,92.7818
759,cnn,baseline,jetson_emulator,2,offload,0.5,65.1667,54.4582,54.4582,56.1947,27.2333,167.274,167.274,281.8767,92.837
760,cnn,baseline,jetson_emulator,2,offload,0.5,65.1026,53.7909,53.7909,55.0676,27.3107,167.274,167.274,282.0274,92.8043
761,cnn,baseline,jetson_emulator,2,local,0.5,65.2694,53.7838,65.2694,66.7155,26.0379,167.274,167.274,282.3473,92.8259
762,cnn,baseline,jetson_emulator,2,local,0.5,65.3393,55.3511,65.3393,67.5709,26.0305,167.274,167.274,282.4981,92.7978
763,cnn,baseline,jetson_emulator,2,local,0.5,65.1731,54.6548,65.1731,66.2659,26.048,167.274,167.274,282.6489,92.7792
764,cnn,baseline,jetson_emulator,2,offload,0.5,65.1009,54.3225,54.3225,56.8132,27.249,167.274,167.274,282.6304,92.7718
765,cnn,baseline,jetson_emulator,2,local,0.5,65.2751,53.8549,65.2751,66.4441,26.0373,167.274,167.274,282.9505,92.7949
766,cnn,baseline,jetson_emulator,2,local,0.5,65.1456,53.973,65.1456,66.8136,26.051,167.274,167.274,283.1014,92.7882
767,cnn,baseline,jetson_emulator,2,offload,0.5,65.8864,53.9774,53.9774,56.4771,27.289,167.274,167.274,283.0825,92.8156
768,cnn,baseline,jetson_emulator,2,local,0.5,65.1249,54.2989,65.1249,66.2637,26.0531,167.274,167.274,283.403,92.8998
769,cnn,baseline,jetson_emulator,2,offload,0.5,65.1316,55.0907,55.0907,56.4708,27.1604,167.274,167.274,283.384,92.9056
770,cnn,baseline,jetson_emulator,2,local,0.5,65.5008,54.2193,65.5008,67.3161,26.0134,167.274,167.274,283.7046,92.8022
771,cnn,baseline,jetson_emulator,2,local,0.5,65.7828,53.8992,65.7828,66.6076,25.9837,167.274,167.274,283.8555,92.7588
772,cnn,baseline,jetson_emulator,2,offload,0.5,65.1955,54.0612,54.0612,55.7458,27.2793,167.274,167.274,283.8362,92.8756
773,cnn,baseline,jetson_emulator,2,offload,0.5,66.2922,53.9477,53.9477,54.8396,27.2925,167.274,167.274,283.9869,92.8526
774,cnn,baseline,jetson_emulator,2,local,0.5,65.1997,54.2008,65.1997,66.521,26.0452,167.274,167.274,284.3079,92.8786
775,cnn,baseline,jetson_emulator,2,local,0.5,65.8056,54.3632,65.8056,67.4573,25.9813,167.274,167.274,284.4587,92.8437
776,cnn,baseline,jetson_emulator,2,offload,0.5,65.6379,54.6164,54.6164,57.0687,27.215,167.274,167.274,284.4391,92.8682
777,cnn,baseline,jetson_emulator,2,local,0.5,65.6886,54.2393,65.6886,66.8167,25.9936,167.274,167.274,284.7604,92.8433
778,cnn,baseline,jetson_emulator,2,local,0.5,65.5589,55.516,65.5589,66.7461,26.0073,167.274,167.274,284.9112,92.8005
779,cnn,baseline,jetson_emulator,2,offload,0.5,65.5094,55.0052,55.0052,56.8903,27.1702,167.274,167.274,284.8913,92.8272
780,cnn,baseline,jetson_emulator,2,offload,0.5,65.4881,54.6666,54.6666,56.8485,27.2092,167.274,167.274,285.042,92.8974
781,cnn,baseline,jetson_emulator,2,local,0.5,65.7083,54.5856,65.7083,67.6394,25.9915,167.274,167.274,285.3636,92.7968
782,cnn,baseline,jetson_emulator,2,offload,0.5,65.5475,54.7299,54.7299,55.5807,27.2019,167.274,167.274,285.3434,92.8806
783,cnn,baseline,jetson_emulator,2,local,0.5,65.5565,54.5,65.5565,67.2264,26.0075,167.274,167.274,285.6653,92.8128
784,cnn,baseline,jetson_emulator,2,local,0.5,66.6114,55.4364,66.6114,68.34,25.8967,167.274,167.274,285.8161,92.8368
785,cnn,baseline,jetson_emulator,2,offload,0.5,66.1933,55.0898,55.0898,57.0129,27.1605,167.274,167.274,285.7956,92.8013
786,cnn,baseline,jetson_emulator,2,local,0.5,66.1855,56.0483,66.1855,67.8509,25.9414,167.274,167.274,286.1177,92.7845
787,cnn,baseline,jetson_emulator,2,local,0.5,65.9924,54.7288,65.9924,67.384,25.9616,167.274,167.274,286.2685,92.7791
788,cnn,baseline,jetson_emulator,2,offload,0.5,65.8576,55.1302,55.1302,57.2191,27.1558,167.274,167.274,286.2478,92.7962
789,cnn,baseline,jetson_emulator,2,local,0.5,67.6112,54.7508,67.6112,68.8539,25.7926,167.274,167.274,286.5702,92.7331
790,cnn,baseline,jetson_emulator,2,offload,0.5,66.665,54.5846,54.5846,56.8925,27.2187,167.274,167.274,286.5493,92.8303
791,cnn,baseline,jetson_emulator,2,local,0.5,66.3491,54.9249,66.3491,67.8526,25.9242,167.274,167.274,286.8718,92.7799
792,cnn,baseline,jetson_emulator,2,local,0.5,66.7485,56.0502,66.7485,68.2831,25.8824,167.274,167.274,287.0226,92.8226
793,cnn,baseline,jetson_emulator,2,local,0.5,66.1785,55.0059,66.1785,67.4629,25.9421,167.274,167.274,287.1734,92.8451
794,cnn,baseline,jetson_emulator,2,local,0.5,66.9889,55.3624,66.9889,68.2479,25.8573,167.274,167.274,287.3243,92.777
795,cnn,baseline,jetson_emulator,2,offload,0.5,67.1533,55.197,55.197,57.3459,27.1481,167.274,167.274,287.3029,92.8404
796,cnn,baseline,jetson_emulator,2,local,0.5,66.9338,55.2769,66.9338,68.1471,25.8631,167.274,167.274,287.6259,92.7981
797,cnn,baseline,jetson_emulator,2,offload,0.5,66.8917,56.0082,56.0082,57.1796,27.0552,167.274,167.274,287.6044,92.8593
798,cnn,baseline,jetson_emulator,2,local,0.5,67.0398,56.4859,67.0398,68.5654,25.852,167.274,167.274,287.9275,92.8503
799,cnn,baseline,jetson_emulator,2,local,0.5,67.9617,55.5536,67.9617,68.9809,25.7563,167.274,167.274,288.0783,92.7207
800,cnn,baseline,jetson_emulator,2,local,0.5,67.0962,56.6668,67.0962,68.6386,25.8462,167.274,167.274,288.2292,92.8365
801,cnn,baseline,jetson_emulator,2,offload,0.5,66.8626,55.535,55.535,57.345,27.1094,167.274,167.274,288.2073,92.8786
802,cnn,baseline,jetson_emulator,2,offload,0.5,67.4142,55.8148,55.8148,57.1771,27.0773,167.274,167.274,288.358,92.8562
803,cnn,baseline,jetson_emulator,2,local,0.5,67.4721,55.7024,67.4721,69.7147,25.807,167.274,167.274,288.6816,92.7558
804,cnn,baseline,jetson_emulator,2,local,0.5,68.0272,56.6622,68.0272,70.0682,25.7495,167.274,167.274,288.8324,92.9038
805,cnn,baseline,jetson_emulator,2,offload,0.5,68.1138,55.9151,55.9151,57.2942,27.0659,167.274,167.274,288.8102,92.8507
806,cnn,baseline,jetson_emulator,2,offload,0.5,67.8417,56.1857,56.1857,58.5125,27.035,167.274,167.274,288.9609,92.8494
807,cnn,baseline,jetson_emulator,2,local,0.5,67.4746,56.4557,67.4746,68.8035,25.8068,167.274,167.274,289.2849,92.8771
808,cnn,baseline,jetson_emulator,2,offload,0.5,67.8728,55.7542,55.7542,57.2761,27.0843,167.274,167.274,289.2624,92.7134
809,cnn,baseline,jetson_emulator,2,local,0.5,68.1493,57.3816,68.1493,69.283,25.7369,167.274,167.274,289.5865,92.8241
810,cnn,baseline,jetson_emulator,2,local,0.5,68.2127,56.9242,68.2127,70.0058,25.7304,167.274,167.274,289.7373,92.8616
811,cnn,baseline,jetson_emulator,2,offload,0.5,67.7142,58.3409,58.3409,59.3,26.7916,167.274,167.274,289.7145,92.8676
812,cnn,baseline,jetson_emulator,2,offload,0.5,67.9163,56.6982,56.6982,58.6068,26.9767,167.274,167.274,289.8653,92.778
813,cnn,baseline,jetson_emulator,2,offload,0.5,68.0571,57.6824,57.6824,59.6638,26.8655,167.274,167.274,290.016,92.8296
814,cnn,baseline,jetson_emulator,2,local,0.5,68.4133,57.1122,68.4133,70.2888,25.7097,167.274,167.274,290.3406,92.8221
815,cnn,baseline,jetson_emulator,2,local,0.5,68.6699,56.9177,68.6699,70.914,25.6832,167.274,167.274,290.4914,92.8865
816,cnn,baseline,jetson_emulator,2,offload,0.5,68.3924,56.4602,56.4602,57.7631,27.0037,167.274,167.274,290.4682,92.8733
817,cnn,baseline,jetson_emulator,2,local,0.5,68.764,58.1172,68.764,70.0787,25.6736,167.274,167.274,290.7931,92.7958
818,cnn,baseline,jetson_emulator,2,offload,0.5,68.6159,57.1437,57.1437,58.7567,26.9262,167.274,167.274,290.7696,92.771
819,cnn,baseline,jetson_emulator,2,local,0.5,69.1251,57.3011,69.1251,70.4228,25.6365,167.274,167.274,291.0947,92.8824
820,cnn,baseline,jetson_emulator,2,local,0.5,69.4172,56.914,69.4172,71.163,25.6066,167.274,167.274,291.2455,92.8424
821,cnn,baseline,jetson_emulator,2,local,0.5,69.3493,56.9262,69.3493,70.0907,25.6136,167.274,167.274,291.3963,92.8585
822,cnn,baseline,jetson_emulator,2,offload,0.5,69.8928,58.2411,58.2411,59.8025,26.8027,167.274,167.274,291.3725,92.8041
823,cnn,baseline,jetson_emulator,2,local,0.5,69.4493,57.3388,69.4493,71.7976,25.6033,167.274,167.274,291.698,92.6903
824,cnn,baseline,jetson_emulator,2,local,0.5,69.9648,57.4815,69.9648,71.1317,25.5507,167.274,167.274,291.8488,92.7609
825,cnn,baseline,jetson_emulator,2,local,0.5,70.3305,58.0851,70.3305,71.5214,25.5136,167.274,167.274,291.9996,92.8715
826,cnn,baseline,jetson_emulator,2,offload,0.5,69.6463,58.1824,58.1824,59.9899,26.8093,167.274,167.274,291.9754,92.7634
827,cnn,baseline,jetson_emulator,2,offload,0.5,70.2338,58.3887,58.3887,60.3381,26.7862,167.274,167.274,292.1262,92.8327
828,cnn,baseline,jetson_emulator,2,local,0.5,70.7609,57.6188,70.7609,71.939,25.47,167.274,167.274,292.4521,92.8371
829,cnn,baseline,jetson_emulator,2,local,0.5,71.0861,58.562,71.0861,72.6334,25.4371,167.274,167.274,292.6029,92.8355
830,cnn,baseline,jetson_emulator,2,local,0.5,69.9863,58.6425,69.9863,72.2012,25.5485,167.274,167.274,292.7537,92.9307
831,cnn,baseline,jetson_emulator,2,local,0.5,70.2031,58.686,70.2031,71.2161,25.5265,167.274,167.274,292.9045,92.8276
832,cnn,baseline,jetson_emulator,2,offload,0.5,70.884,58.4411,58.4411,60.15,26.7803,167.274,167.274,292.8798,92.7852
833,cnn,baseline,jetson_emulator,2,local,0.5,71.0096,58.8475,71.0096,73.1308,25.4448,167.274,167.274,293.2061,92.7374
834,cnn,baseline,jetson_emulator,2,offload,0.5,71.4443,58.7429,58.7429,61.0827,26.7466,167.274,167.274,293.1813,92.7476
835,cnn,baseline,jetson_emulator,2,local,0.5,71.4433,58.5033,71.4433,73.3796,25.4011,167.274,167.274,293.5078,92.9045
836,cnn,baseline,jetson_emulator,2,offload,0.5,71.1795,58.6925,58.6925,59.9407,26.7523,167.274,167.274,293.4827,92.8762
837,cnn,baseline,jetson_emulator,2,local,0.5,71.4721,59.9483,71.4721,73.0541,25.3982,167.274,167.274,293.8094,92.8942
838,cnn,baseline,jetson_emulator,2,offload,0.5,71.436,58.831,58.831,60.3073,26.7368,167.274,167.274,293.7842,92.7976
839,cnn,baseline,jetson_emulator,2,offload,0.5,71.422,58.8954,58.8954,60.3382,26.7296,167.274,167.274,293.9349,92.8064
840,cnn,baseline,jetson_emulator,2,local,0.5,71.3487,60.7022,71.3487,73.2648,25.4106,167.274,167.274,294.2619,92.7657
841,cnn,baseline,jetson_emulator,2,offload,0.5,72.1378,60.4529,60.4529,61.3557,26.5572,167.274,167.274,294.2364,92.7469
842,cnn,baseline,jetson_emulator,2,local,0.5,72.0084,60.7876,72.0084,73.4818,25.3444,167.274,167.274,294.5635,92.8236
843,cnn,baseline,jetson_emulator,2,local,0.5,71.9618,59.4,71.9618,73.6369,25.349,167.274,167.274,294.7143,92.7549
844,cnn,baseline,jetson_emulator,2,local,0.5,72.7378,60.899,72.7378,73.6906,25.2715,167.274,167.274,294.8651,92.7635
845,cnn,baseline,jetson_emulator,2,local,0.5,72.1703,60.3204,72.1703,74.108,25.3282,167.274,167.274,295.016,92.7782
846,cnn,baseline,jetson_emulator,2,local,0.5,73.4523,60.6237,73.4523,75.2579,25.2006,167.274,167.274,295.1668,92.866
847,cnn,baseline,jetson_emulator,2,offload,0.5,72.9532,60.224,60.224,61.5667,26.5824,167.274,167.274,295.1407,92.8186
848,cnn,baseline,jetson_emulator,2,offload,0.5,72.9476,59.9909,59.9909,60.9913,26.6081,167.274,167.274,295.2914,92.7745
849,cnn,baseline,jetson_emulator,2,local,0.5,72.6134,60.0563,72.6134,75.211,25.2839,167.274,167.274,295.6192,92.7454
850,cnn,baseline,jetson_emulator,2,local,0.5,73.0172,61.3404,73.0172,75.7493,25.2437,167.274,167.274,295.77,92.7944
851,cnn,baseline,jetson_emulator,2,local,0.5,73.1514,60.7,73.1514,74.9494,25.2304,167.274,167.274,295.9209,92.8097
852,cnn,baseline,jetson_emulator,2,offload,0.5,73.2608,62.4372,62.4372,64.4541,26.3408,167.274,167.274,295.8944,92.821
853,cnn,baseline,jetson_emulator,2,offload,0.5,73.2748,62.1551,62.1551,63.5613,26.3713,167.274,167.274,296.0451,92.7945
854,cnn,baseline,jetson_emulator,2,local,0.5,74.4882,61.2712,74.4882,75.9507,25.0984,167.274,167.274,296.3733,92.8073
855,cnn,baseline,jetson_emulator,2,local,0.5,73.9351,60.8746,73.9351,75.0635,25.1528,167.274,167.274,296.5241,92.7881
856,cnn,baseline,jetson_emulator,2,local,0.5,73.9371,60.8852,73.9371,75.8387,25.1526,167.274,167.274,296.6749,92.8356
857,cnn,baseline,jetson_emulator,2,local,0.5,74.7872,61.8175,74.7872,76.6109,25.0691,167.274,167.274,296.8258,92.8839
858,cnn,baseline,jetson_emulator,2,offload,0.5,74.1245,61.9666,61.9666,63.8865,26.3918,167.274,167.274,296.7987,92.882
859,cnn,baseline,jetson_emulator,2,offload,0.5,74.3145,61.2568,61.2568,63.9894,26.4691,167.274,167.274,296.9494,92.8591
860,cnn,baseline,jetson_emulator,2,local,0.5,74.4883,62.3469,74.4883,75.6186,25.0984,167.274,167.274,297.2782,92.8293
861,cnn,baseline,jetson_emulator,2,local,0.5,74.3716,61.9183,74.3716,76.145,25.1099,167.274,167.274,297.429,92.8941
862,cnn,baseline,jetson_emulator,2,offload,0.5,74.8464,62.4705,62.4705,64.1303,26.3372,167.274,167.274,297.4016,92.7744
863,cnn,baseline,jetson_emulator,2,local,0.5,74.802,61.9876,74.802,76.2971,25.0676,167.274,167.274,297.7307,92.7519
864,cnn,baseline,jetson_emulator,2,local,0.5,74.7861,62.2258,74.7861,75.1778,25.0692,167.274,167.274,297.8815,92.9173
865,cnn,baseline,jetson_emulator,2,offload,0.5,75.5085,62.1903,62.1903,63.9087,26.3675,167.274,167.274,297.8538,92.7561
866,cnn,baseline,jetson_emulator,2,local,0.5,76.0163,63.5613,76.0163,77.7968,24.9492,167.274,167.274,298.1831,92.8658
867,cnn,baseline,jetson_emulator,2,offload,0.5,75.2364,63.2146,63.2146,64.7392,26.2569,167.274,167.274,298.1553,92.8213
868,cnn,baseline,jetson_emulator,2,offload,0.5,75.5449,62.4075,62.4075,64.0763,26.344,167.274,167.274,298.306,92.8106
869,cnn,baseline,jetson_emulator,2,offload,0.5,75.4404,63.2169,63.2169,64.6043,26.2567,167.274,167.274,298.4567,92.7504
870,cnn,baseline,jetson_emulator,2,local,0.5,76.1387,64.1934,76.1387,78.3678,24.9373,167.274,167.274,298.7864,92.884
871,cnn,baseline,jetson_emulator,2,local,0.5,75.8675,64.7176,75.8675,77.4149,24.9636,167.274,167.274,298.9372,92.8115
872,cnn,baseline,jetson_emulator,2,local,0.5,76.433,63.1082,76.433,78.8316,24.9088,167.274,167.274,299.088,92.8479
873,cnn,baseline,jetson_emulator,2,offload,0.5,76.5171,64.1138,64.1138,65.6766,26.1606,167.274,167.274,299.0596,92.804
874,cnn,baseline,jetson_emulator,2,offload,0.5,76.3933,63.3493,63.3493,65.2895,26.2425,167.274,167.274,299.2104,92.9114
875,cnn,baseline,jetson_emulator,2,local,0.5,76.721,63.0586,76.721,78.3486,24.881,167.274,167.274,299.5405,92.7968
876,cnn,baseline,jetson_emulator,2,local,0.5,77.0756,63.6469,77.0756,78.8059,24.8468,167.274,167.274,299.6913,92.8172
877,cnn,baseline,jetson_emulator,2,offload,0.5,76.7976,64.3714,64.3714,66.2268,26.1331,167.274,167.274,299.6625,92.8116
878,cnn,baseline,jetson_emulator,2,local,0.5,76.9285,63.7883,76.9285,79.1879,24.861,167.274,167.274,299.9929,92.7708
879,cnn,baseline,jetson_emulator,2,offload,0.5,77.7925,64.898,64.898,66.8037,26.0772,167.274,167.274,299.964,92.8384
880,cnn,baseline,jetson_emulator,2,offload,0.5,77.3678,63.9137,63.9137,66.1995,26.182,167.274,167.274,300.1147,92.7038
881,cnn,baseline,jetson_emulator,2,offload,0.5,77.3194,65.7269,65.7269,67.0024,25.9896,167.274,167.274,300.2654,92.8961
882,cnn,baseline,jetson_emulator,2,offload,0.5,77.4948,64.7439,64.7439,66.3649,26.0935,167.274,167.274,300.4162,92.9181
883,cnn,baseline,jetson_emulator,2,offload,0.5,78.3775,64.7474,64.7474,67.1312,26.0932,167.274,167.274,300.5669,92.9075
884,cnn,baseline,jetson_emulator,2,local,0.5,77.4572,65.0059,77.4572,80.1104,24.8101,167.274,167.274,300.8978,92.8944
885,cnn,baseline,jetson_emulator,2,local,0.5,77.9296,64.7565,77.9296,79.6175,24.7648,167.274,167.274,301.0487,92.8066
886,cnn,baseline,jetson_emulator,2,local,0.5,77.8418,65.385,77.8418,79.9476,24.7732,167.274,167.274,301.1995,92.7608
887,cnn,baseline,jetson_emulator,2,offload,0.5,78.5961,64.5468,64.5468,66.5659,26.1145,167.274,167.274,301.1698,92.888
888,cnn,baseline,jetson_emulator,2,offload,0.5,78.5561,64.4174,64.4174,65.8883,26.1282,167.274,167.274,301.3205,92.7363
889,cnn,baseline,jetson_emulator,2,offload,0.5,78.2123,66.5583,66.5583,67.4402,25.9023,167.274,167.274,301.4713,92.813
890,cnn,baseline,jetson_emulator,2,local,0.5,78.5077,64.685,78.5077,80.1667,24.7097,167.274,167.274,301.8027,92.7497
891,cnn,baseline,jetson_emulator,2,local,0.5,78.3771,65.3038,78.3771,79.1017,24.7221,167.274,167.274,301.9536,92.8744
892,cnn,baseline,jetson_emulator,2,offload,0.5,78.9309,64.817,64.817,66.6301,26.0858,167.274,167.274,301.9234,92.8684
893,cnn,baseline,jetson_emulator,2,offload,0.5,78.6001,65.6138,65.6138,67.1899,26.0015,167.274,167.274,302.0742,92.8803
894,cnn,baseline,jetson_emulator,2,local,0.5,78.7702,65.1205,78.7702,79.9087,24.6847,167.274,167.274,302.406,92.829
895,cnn,baseline,jetson_emulator,2,offload,0.5,79.1897,65.5782,65.5782,66.9212,26.0053,167.274,167.274,302.3756,92.7614
896,cnn,baseline,jetson_emulator,2,offload,0.5,80.0806,66.2398,66.2398,68.814,25.9357,167.274,167.274,302.5264,92.7535
897,cnn,baseline,jetson_emulator,2,offload,0.5,78.9453,66.2972,66.2972,67.6941,25.9297,167.274,167.274,302.6771,92.7688
898,cnn,baseline,jetson_emulator,2,offload,0.5,79.7577,65.6441,65.6441,67.8349,25.9983,167.274,167.274,302.8278,92.8449
899,cnn,baseline,jetson_emulator,2,local,0.5,80.5053,66.6237,80.5053,82.782,24.5209,167.274,167.274,303.1601,92.872
900,cnn,baseline,jetson_emulator,2,local,0.5,79.8028,66.3186,79.8028,81.664,24.587,167.274,167.274,303.3109,92.8033
901,cnn,baseline,jetson_emulator,2,local,0.5,79.8129,66.1641,79.8129,82.4453,24.586,167.274,167.274,303.4617,92.8147
902,cnn,baseline,jetson_emulator,2,offload,0.5,79.8865,66.305,66.305,67.6641,25.9288,167.274,167.274,303.4307,92.8688
903,cnn,baseline,jetson_emulator,2,local,0.5,80.3269,66.0754,80.3269,82.0522,24.5377,167.274,167.274,303.7634,92.8202
904,cnn,baseline,jetson_emulator,2,local,0.5,79.7142,66.1382,79.7142,81.7359,24.5953,167.274,167.274,303.9142,92.8514
905,cnn,baseline,jetson_emulator,2,offload,0.5,80.2958,66.1235,66.1235,68.3711,25.9479,167.274,167.274,303.8829,92.8594
906,cnn,baseline,jetson_emulator,2,local,0.5,80.6218,66.255,80.6218,81.4416,24.51,167.274,167.274,304.2158,92.817
907,cnn,baseline,jetson_emulator,2,local,0.5,81.0294,66.8214,81.0294,82.364,24.4719,167.274,167.274,304.3666,92.8529
908,cnn,baseline,jetson_emulator,2,local,0.5,80.9029,66.6343,80.9029,82.8813,24.4837,167.274,167.274,304.5175,92.7829
909,cnn,baseline,jetson_emulator,2,offload,0.5,80.1986,66.7977,66.7977,68.6974,25.8773,167.274,167.274,304.4858,92.828
910,cnn,baseline,jetson_emulator,2,local,0.5,80.3455,66.5589,80.3455,81.9998,24.5359,167.274,167.274,304.8191,92.8376
911,cnn,baseline,jetson_emulator,2,offload,0.5,80.5236,66.4725,66.4725,67.737,25.9113,167.274,167.274,304.7873,92.8129
912,cnn,baseline,jetson_emulator,2,local,0.5,80.7943,67.3077,80.7943,82.6207,24.4939,167.274,167.274,305.1207,92.8253
913,cnn,baseline,jetson_emulator,2,offload,0.5,80.8561,66.8094,66.8094,68.703,25.8761,167.274,167.274,305.0887,92.8422
914,cnn,baseline,jetson_emulator,2,local,0.5,80.7284,67.1985,80.7284,82.5057,24.5,167.274,167.274,305.4224,92.8329
915,cnn,baseline,jetson_emulator,2,local,0.5,80.5387,68.3006,80.5387,82.3209,24.5178,167.274,167.274,305.5732,92.9253
916,cnn,baseline,jetson_emulator,2,offload,0.5,80.8252,67.2403,67.2403,69.1183,25.8311,167.274,167.274,305.5409,92.8303
917,cnn,baseline,jetson_emulator,2,local,0.5,81.4,67.7362,81.4,83.4392,24.4373,167.274,167.274,305.8748,92.8442
918,cnn,baseline,jetson_emulator,2,local,0.5,80.8336,67.035,80.8336,83.0068,24.4902,167.274,167.274,306.0256,92.8583
919,cnn,baseline,jetson_emulator,2,local,0.5,81.5062,67.4877,81.5062,83.1871,24.4274,167.274,167.274,306.1765,92.8183
920,cnn,baseline,jetson_emulator,2,local,0.5,80.9242,66.9889,80.9242,83.1704,24.4817,167.274,167.274,306.3273,92.8105
921,cnn,baseline,jetson_emulator,2,local,0.5,81.6204,67.2419,81.6204,83.4108,24.4168,167.274,167.274,306.4781,92.8761
922,cnn,baseline,jetson_emulator,2,local,0.5,81.3692,67.6695,81.3692,84.1975,24.4402,167.274,167.274,306.6289,92.8279
923,cnn,baseline,jetson_emulator,2,local,0.5,81.8351,67.142,81.8351,83.7851,24.3969,167.274,167.274,306.7797,92.8566
924,cnn,baseline,jetson_emulator,2,local,0.5,81.8577,67.9364,81.8577,83.9602,24.3948,167.274,167.274,306.9305,92.7989
925,cnn,baseline,jetson_emulator,2,local,0.5,81.5219,67.3841,81.5219,83.6518,24.426,167.274,167.274,307.0814,92.8035
926,cnn,baseline,jetson_emulator,2,offload,0.5,81.8736,68.3522,68.3522,69.6498,25.716,167.274,167.274,307.0482,92.7728
927,cnn,baseline,jetson_emulator,2,offload,0.5,81.3653,67.4499,67.4499,68.9238,25.8094,167.274,167.274,307.1989,92.8823
928,cnn,baseline,jetson_emulator,2,local,0.5,81.5862,67.2693,81.5862,82.65,24.42,167.274,167.274,307.5338,92.7489
929,cnn,baseline,jetson_emulator,2,local,0.5,81.5468,69.0352,81.5468,83.7125,24.4237,167.274,167.274,307.6846,92.8068
930,cnn,baseline,jetson_emulator,2,offload,0.5,83.3841,69.2172,69.2172,70.8456,25.6271,167.274,167.274,307.6511,92.8093
931,cnn,baseline,jetson_emulator,2,offload,0.5,82.0676,68.7541,68.7541,69.727,25.6746,167.274,167.274,307.8018,92.7253
932,cnn,baseline,jetson_emulator,2,local,0.5,81.8829,67.8638,81.8829,83.8165,24.3924,167.274,167.274,308.1371,92.8682
933,cnn,baseline,jetson_emulator,2,offload,0.5,82.2716,69.3263,69.3263,71.4224,25.6159,167.274,167.274,308.1033,92.7733
934,cnn,baseline,jetson_emulator,2,offload,0.5,82.8042,67.566,67.566,69.6329,25.7973,167.274,167.274,308.254,92.8086
935,cnn,baseline,jetson_emulator,2,local,0.5,81.8954,67.607,81.8954,83.4386,24.3913,167.274,167.274,308.5895,92.7473
936,cnn,baseline,jetson_emulator,2,local,0.5,82.0841,67.9331,82.0841,83.9388,24.3738,167.274,167.274,308.7404,92.8231
937,cnn,baseline,jetson_emulator,2,local,0.5,82.2851,67.6787,82.2851,83.0155,24.3552,167.274,167.274,308.8912,92.8236
938,cnn,baseline,jetson_emulator,2,local,0.5,82.577,68.7695,82.577,84.0233,24.3282,167.274,167.274,309.042,92.8311
939,cnn,baseline,jetson_emulator,2,local,0.5,82.498,67.9458,82.498,83.8965,24.3355,167.274,167.274,309.1928,92.7162
940,cnn,baseline,jetson_emulator,2,offload,0.5,81.8282,69.2819,69.2819,71.1167,25.6204,167.274,167.274,309.1583,92.8135
941,cnn,baseline,jetson_emulator,2,local,0.5,81.9841,67.6259,81.9841,83.3282,24.3831,167.274,167.274,309.4944,92.8558
942,cnn,baseline,jetson_emulator,2,offload,0.5,81.9476,67.6493,67.6493,68.9204,25.7887,167.274,167.274,309.4598,92.8798
943,cnn,baseline,jetson_emulator,2,local,0.5,82.233,68.1073,82.233,84.3938,24.36,167.274,167.274,309.7961,92.7898
944,cnn,baseline,jetson_emulator,2,local,0.5,82.322,68.2928,82.322,83.235,24.3518,167.274,167.274,309.9469,92.8382
945,cnn,baseline,jetson_emulator,2,offload,0.5,82.9729,68.6929,68.6929,69.4689,25.6809,167.274,167.274,309.912,92.8104
946,cnn,baseline,jetson_emulator,2,offload,0.5,81.9703,67.9608,67.9608,69.2016,25.7564,167.274,167.274,310.0627,92.7561
947,cnn,baseline,jetson_emulator,2,local,0.5,82.1728,68.1558,82.1728,84.0251,24.3656,167.274,167.274,310.3993,92.7704
948,cnn,baseline,jetson_emulator,2,offload,0.5,82.012,68.7856,68.7856,70.7594,25.6714,167.274,167.274,310.3642,92.794
949,cnn,baseline,jetson_emulator,2,local,0.5,82.067,67.9163,82.067,83.7806,24.3754,167.274,167.274,310.701,92.7984
950,cnn,baseline,jetson_emulator,2,local,0.5,82.018,67.8986,82.018,83.281,24.3799,167.274,167.274,310.8518,92.7639
951,cnn,baseline,jetson_emulator,2,local,0.5,82.764,69.0484,82.764,83.9262,24.311,167.274,167.274,311.0026,92.8226
952,cnn,baseline,jetson_emulator,2,local,0.5,82.4678,68.1549,82.4678,84.1934,24.3383,167.274,167.274,311.1534,92.7162
953,cnn,baseline,jetson_emulator,2,local,0.5,82.3259,68.4017,82.3259,83.5886,24.3514,167.274,167.274,311.3043,92.8357
954,cnn,baseline,jetson_emulator,2,local,0.5,82.4481,67.8136,82.4481,83.5891,24.3401,167.274,167.274,311.4551,92.725
955,cnn,baseline,jetson_emulator,2,offload,0.5,82.1602,67.834,67.834,69.3651,25.7695,167.274,167.274,311.4193,92.7555
956,cnn,baseline,jetson_emulator,2,local,0.5,82.1676,67.9517,82.1676,83.8573,24.3661,167.274,167.274,311.7567,92.8238
957,cnn,baseline,jetson_emulator,2,offload,0.5,82.3265,68.6924,68.6924,69.8731,25.6809,167.274,167.274,311.7207,92.839
958,cnn,baseline,jetson_emulator,2,local,0.5,82.6299,68.1174,82.6299,84.2488,24.3233,167.274,167.274,312.0583,92.7882
959,cnn,baseline,jetson_emulator,2,offload,0.5,82.534,68.8883,68.8883,70.1617,25.6608,167.274,167.274,312.0222,92.7948
960,cnn,baseline,jetson_emulator,2,local,0.5,82.6468,68.02,82.6468,83.9212,24.3218,167.274,167.274,312.36,92.7991
961,cnn,baseline,jetson_emulator,2,local,0.5,82.259,68.2834,82.259,84.4095,24.3576,167.274,167.274,312.5108,92.7461
962,cnn,baseline,jetson_emulator,2,local,0.5,82.8485,68.3711,82.8485,85.0494,24.3032,167.274,167.274,312.6616,92.7915
963,cnn,baseline,jetson_emulator,2,local,0.5,81.9523,68.8589,81.9523,83.4262,24.386,167.274,167.274,312.8124,92.8393
964,cnn,baseline,jetson_emulator,2,local,0.5,82.6307,68.5776,82.6307,84.1762,24.3233,167.274,167.274,312.9632,92.8071
965,cnn,baseline,jetson_emulator,2,offload,0.5,82.6747,68.1385,68.1385,69.5227,25.738,167.274,167.274,312.9265,92.8049
966,cnn,baseline,jetson_emulator,2,offload,0.5,82.086,68.2872,68.2872,69.994,25.7227,167.274,167.274,313.0773,92.8039
967,cnn,baseline,jetson_emulator,2,offload,0.5,82.0185,68.2213,68.2213,70.0751,25.7295,167.274,167.274,313.228,92.8973
968,cnn,baseline,jetson_emulator,2,local,0.5,81.8579,68.4253,81.8579,82.9423,24.3948,167.274,167.274,313.5665,92.8226
969,cnn,baseline,jetson_emulator,2,local,0.5,82.4156,68.8042,82.4156,83.7929,24.3431,167.274,167.274,313.7173,92.8743
970,cnn,baseline,jetson_emulator,2,local,0.5,82.3038,67.7675,82.3038,83.3241,24.3535,167.274,167.274,313.8681,92.8048
971,cnn,baseline,jetson_emulator,2,offload,0.5,81.8876,67.692,67.692,68.5723,25.7842,167.274,167.274,313.8309,92.7701
972,cnn,baseline,jetson_emulator,2,offload,0.5,81.7189,67.969,67.969,68.6907,25.7555,167.274,167.274,313.9816,92.8066
973,cnn,baseline,jetson_emulator,2,local,0.5,81.7405,68.2059,81.7405,83.7623,24.4057,167.274,167.274,314.3206,92.8438
974,cnn,baseline,jetson_emulator,2,local,0.5,82.1107,69.0566,82.1107,83.6439,24.3713,167.274,167.274,314.4714,92.8647
975,cnn,baseline,jetson_emulator,2,offload,0.5,82.4416,68.0453,68.0453,69.9485,25.7477,167.274,167.274,314.4338,92.8336
976,cnn,baseline,jetson_emulator,2,offload,0.5,81.9058,67.5423,67.5423,70.0034,25.7998,167.274,167.274,314.5845,92.7675
977,cnn,baseline,jetson_emulator,2,offload,0.5,82.5161,67.6757,67.6757,69.9822,25.7859,167.274,167.274,314.7353,92.7443
978,cnn,baseline,jetson_emulator,2,local,0.5,81.8626,67.9922,81.8626,82.9357,24.3943,167.274,167.274,315.0747,92.8256
979,cnn,baseline,jetson_emulator,2,offload,0.5,82.0869,68.055,68.055,69.0904,25.7467,167.274,167.274,315.0367,92.8101
980,cnn,baseline,jetson_emulator,2,offload,0.5,81.4963,67.7832,67.7832,69.9205,25.7748,167.274,167.274,315.1874,92.8117
981,cnn,baseline,jetson_emulator,2,offload,0.5,82.5323,67.488,67.488,69.0421,25.8054,167.274,167.274,315.3382,92.7341
982,cnn,baseline,jetson_emulator,2,local,0.5,81.5343,67.5522,81.5343,83.6765,24.4248,167.274,167.274,315.678,92.8378
983,cnn,baseline,jetson_emulator,2,offload,0.5,82.0539,67.3878,67.3878,69.3999,25.8158,167.274,167.274,315.6396,92.8911
984,cnn,baseline,jetson_emulator,2,offload,0.5,81.8415,67.8438,67.8438,69.5808,25.7685,167.274,167.274,315.7903,92.8341
985,cnn,baseline,jetson_emulator,2,local,0.5,82.0241,68.2855,82.0241,83.5769,24.3793,167.274,167.274,316.1304,92.776
986,cnn,baseline,jetson_emulator,2,local,0.5,81.4606,68.1703,81.4606,82.9019,24.4317,167.274,167.274,316.2812,92.6951
987,cnn,baseline,jetson_emulator,2,local,0.5,81.443,67.878,81.443,83.3949,24.4333,167.274,167.274,316.432,92.8361
988,cnn,baseline,jetson_emulator,2,offload,0.5,81.3249,68.1481,68.1481,70.09,25.737,167.274,167.274,316.3933,92.7729
989,cnn,baseline,jetson_emulator,2,local,0.5,82.4384,67.5317,82.4384,83.8871,24.341,167.274,167.274,316.7337,92.7841
990,cnn,baseline,jetson_emulator,2,offload,0.5,81.1342,67.2263,67.2263,69.4389,25.8326,167.274,167.274,316.6947,92.824
991,cnn,baseline,jetson_emulator,2,offload,0.5,81.4812,68.5558,68.5558,70.288,25.695,167.274,167.274,316.8454,92.8531
992,cnn,baseline,jetson_emulator,2,offload,0.5,81.3668,67.2629,67.2629,69.1129,25.8288,167.274,167.274,316.9962,92.7202
993,cnn,baseline,jetson_emulator,2,offload,0.5,82.178,67.995,67.995,69.5263,25.7529,167.274,167.274,317.1469,92.7595
994,cnn,baseline,jetson_emulator,2,offload,0.5,81.1287,66.9684,66.9684,68.8384,25.8595,167.274,167.274,317.2976,92.8242
995,cnn,baseline,jetson_emulator,2,local,0.5,81.1842,68.0574,81.1842,83.1498,24.4574,167.274,167.274,317.6386,92.7622
996,cnn,baseline,jetson_emulator,2,offload,0.5,81.6615,68.1832,68.1832,71.3116,25.7334,167.274,167.274,317.5991,92.7585
997,cnn,baseline,jetson_emulator,2,offload,0.5,80.9432,68.5136,68.5136,70.4725,25.6993,167.274,167.274,317.7498,92.7873
998,cnn,baseline,jetson_emulator,2,offload,0.5,81.9189,67.401,67.401,68.3509,25.8144,167.274,167.274,317.9005,92.7911
999,cnn,baseline,jetson_emulator,2,local,0.5,81.9093,67.3476,81.9093,82.69,24.39,167.274,167.274,318.2419,92.8161
1000,cnn,baseline,jetson_emulator,2,local,0.5,81.9302,66.9583,81.9302,84.3797,24.3881,167.274,167.274,318.3927,92.8327
1001,cnn,baseline,jetson_emulator,2,offload,0.5,81.1544,66.6858,66.6858,68.4039,25.889,167.274,167.274,318.3527,92.8383
1002,cnn,baseline,jetson_emulator,2,local,0.5,81.4179,67.115,81.4179,81.911,24.4357,167.274,167.274,318.6943,92.7832
1003,cnn,baseline,jetson_emulator,2,local,0.5,80.8455,67.1148,80.8455,82.5657,24.4891,167.274,167.274,318.8451,92.7444
1004,cnn,baseline,jetson_emulator,2,local,0.5,81.1052,66.7225,81.1052,82.7797,24.4648,167.274,167.274,318.9959,92.7857
1005,cnn,baseline,jetson_emulator,2,offload,0.5,80.7597,67.0994,67.0994,68.5765,25.8458,167.274,167.274,318.9556,92.8103
1006,cnn,baseline,jetson_emulator,2,offload,0.5,81.7412,67.6663,67.6663,68.5429,25.7869,167.274,167.274,319.1063,92.8538
1007,cnn,baseline,jetson_emulator,2,offload,0.5,80.7989,66.7211,66.7211,68.0796,25.8853,167.274,167.274,319.2571,92.8017
1008,cnn,baseline,jetson_emulator,2,offload,0.5,81.3156,67.0875,67.0875,69.1855,25.8471,167.274,167.274,319.4078,92.7439
1009,cnn,baseline,jetson_emulator,2,local,0.5,81.0055,68.7353,81.0055,82.3513,24.4741,167.274,167.274,319.75,92.8625
1010,cnn,baseline,jetson_emulator,2,offload,0.5,80.5828,66.5436,66.5436,68.2435,25.9038,167.274,167.274,319.7093,92.7802
1011,cnn,baseline,jetson_emulator,2,local,0.5,80.3553,66.9607,80.3553,81.3381,24.535,167.274,167.274,320.0517,92.8296
1012,cnn,baseline,jetson_emulator,2,local,0.5,80.7574,66.6398,80.7574,82.7827,24.4973,167.274,167.274,320.2025,92.9554
1013,cnn,baseline,jetson_emulator,2,local,0.5,80.2187,66.5907,80.2187,81.5966,24.5478,167.274,167.274,320.3533,92.8237
1014,cnn,baseline,jetson_emulator,2,offload,0.5,80.397,66.3963,66.3963,67.6474,25.9193,167.274,167.274,320.3122,92.825
1015,cnn,baseline,jetson_emulator,2,local,0.5,80.9666,66.5755,80.9666,83.1095,24.4778,167.274,167.274,320.6549,92.8028
1016,cnn,baseline,jetson_emulator,2,offload,0.5,80.4998,66.4061,66.4061,67.6881,25.9182,167.274,167.274,320.6136,92.8306
1017,cnn,baseline,jetson_emulator,2,offload,0.5,80.6108,66.6686,66.6686,68.4638,25.8908,167.274,167.274,320.7643,92.8295
1018,cnn,baseline,jetson_emulator,2,local,0.5,80.6958,66.9875,80.6958,82.6632,24.5031,167.274,167.274,321.1074,92.7794
1019,cnn,baseline,jetson_emulator,2,offload,0.5,80.8727,66.2095,66.2095,67.7189,25.9388,167.274,167.274,321.0658,92.8203
1020,cnn,baseline,jetson_emulator,2,local,0.5,80.1291,67.7188,80.1291,81.6643,24.5563,167.274,167.274,321.409,92.7994
1021,cnn,baseline,jetson_emulator,2,offload,0.5,80.2605,66.612,66.612,69.0774,25.8967,167.274,167.274,321.3673,92.7191
1022,cnn,baseline,jetson_emulator,2,offload,0.5,80.639,66.1951,66.1951,68.2919,25.9404,167.274,167.274,321.518,92.8187
1023,cnn,baseline,jetson_emulator,2,local,0.5,80.5046,66.3044,80.5046,81.7203,24.521,167.274,167.274,321.8615,92.8857
1024,cnn,baseline,jetson_emulator,2,offload,0.5,79.8542,66.1431,66.1431,68.4087,25.9458,167.274,167.274,321.8194,92.7631
1025,cnn,baseline,jetson_emulator,2,offload,0.5,80.1172,66.4232,66.4232,68.0738,25.9164,167.274,167.274,321.9702,92.8183
1026,cnn,baseline,jetson_emulator,2,local,0.5,80.6368,66.5562,80.6368,82.9548,24.5086,167.274,167.274,322.3139,92.859
1027,cnn,baseline,jetson_emulator,2,offload,0.5,79.7404,66.0922,66.0922,67.6698,25.9512,167.274,167.274,322.2716,92.8825
1028,cnn,baseline,jetson_emulator,2,local,0.5,79.798,66.0616,79.798,82.0237,24.5874,167.274,167.274,322.6156,92.7758
1029,cnn,baseline,jetson_emulator,2,offload,0.5,80.5953,67.1127,67.1127,69.556,25.8444,167.274,167.274,322.5731,92.796
1030,cnn,baseline,jetson_emulator,2,offload,0.5,79.7756,67.3899,67.3899,68.8952,25.8156,167.274,167.274,322.7238,92.7627
1031,cnn,baseline,jetson_emulator,2,offload,0.5,79.974,65.9254,65.9254,68.0664,25.9687,167.274,167.274,322.8745,92.825
1032,cnn,baseline,jetson_emulator,2,offload,0.5,79.7713,66.6984,66.6984,68.0121,25.8877,167.274,167.274,323.0253,92.9046
1033,cnn,baseline,jetson_emulator,2,local,0.5,80.01,67.1445,80.01,81.6106,24.5675,167.274,167.274,323.3697,92.8148
1034,cnn,baseline,jetson_emulator,2,offload,0.5,80.194,66.8119,66.8119,68.472,25.8758,167.274,167.274,323.3267,92.7953
1035,cnn,baseline,jetson_emulator,2,offload,0.5,79.5627,66.0269,66.0269,68.138,25.958,167.274,167.274,323.4774,92.8149
1036,cnn,baseline,jetson_emulator,2,local,0.5,79.887,67.0862,79.887,81.7686,24.579,167.274,167.274,323.8221,92.8302
1037,cnn,baseline,jetson_emulator,2,offload,0.5,80.4165,67.8926,67.8926,69.7773,25.7635,167.274,167.274,323.7789,92.8099
1038,cnn,baseline,jetson_emulator,2,offload,0.5,79.7954,65.9119,65.9119,67.5947,25.9701,167.274,167.274,323.9296,92.8711
1039,cnn,baseline,jetson_emulator,2,offload,0.5,79.5238,66.317,66.317,68.4726,25.9276,167.274,167.274,324.0803,92.8038
1040,cnn,baseline,jetson_emulator,2,offload,0.5,79.7793,66.0856,66.0856,67.5032,25.9519,167.274,167.274,324.2311,92.8189
1041,cnn,baseline,jetson_emulator,2,local,0.5,79.459,66.0797,79.459,81.0481,24.6194,167.274,167.274,324.5762,92.7228
1042,cnn,baseline,jetson_emulator,2,local,0.5,79.7049,66.3321,79.7049,81.2811,24.5962,167.274,167.274,324.727,92.8023
1043,cnn,baseline,jetson_emulator,2,local,0.5,80.0332,66.259,80.0332,81.0489,24.5653,167.274,167.274,324.8778,92.8066
1044,cnn,baseline,jetson_emulator,2,offload,0.5,79.7241,66.4645,66.4645,68.0956,25.9121,167.274,167.274,324.834,92.8392
1045,cnn,baseline,jetson_emulator,2,local,0.5,79.4331,65.9175,79.4331,81.9591,24.6219,167.274,167.274,325.1795,92.7975
1046,cnn,baseline,jetson_emulator,2,local,0.5,79.5937,66.0825,79.5937,80.9228,24.6067,167.274,167.274,325.3303,92.7854
1047,cnn,baseline,jetson_emulator,2,offload,0.5,79.7142,65.9584,65.9584,68.7255,25.9652,167.274,167.274,325.2862,92.7789
1048,cnn,baseline,jetson_emulator,2,local,0.5,79.6774,65.7146,79.6774,81.5655,24.5988,167.274,167.274,325.6319,92.8278
1049,cnn,baseline,jetson_emulator,2,local,0.5,80.2046,67.6662,80.2046,80.8405,24.5492,167.274,167.274,325.7827,92.7899
1050,cnn,baseline,jetson_emulator,2,offload,0.5,80.0955,66.9594,66.9594,67.3159,25.8604,167.274,167.274,325.7383,92.8432
1051,cnn,baseline,jetson_emulator,2,local,0.5,79.5846,66.5717,79.5846,80.8511,24.6076,167.274,167.274,326.0844,92.7662
1052,cnn,baseline,jetson_emulator,2,local,0.5,79.5111,66.1948,79.5111,81.4435,24.6145,167.274,167.274,326.2352,92.6719
1053,cnn,baseline,jetson_emulator,2,local,0.5,79.9714,66.6143,79.9714,81.566,24.5711,167.274,167.274,326.386,92.7878
1054,cnn,baseline,jetson_emulator,2,offload,0.5,79.946,67.2278,67.2278,68.9583,25.8324,167.274,167.274,326.3413,92.8426
1055,cnn,baseline,jetson_emulator,2,local,0.5,80.5985,66.1012,80.5985,82.4545,24.5122,167.274,167.274,326.6876,92.7245
1056,cnn,baseline,jetson_emulator,2,offload,0.5,80.936,66.4119,66.4119,68.1194,25.9176,167.274,167.274,326.6427,92.8736
1057,cnn,baseline,jetson_emulator,2,offload,0.5,80.335,66.1565,66.1565,68.7075,25.9444,167.274,167.274,326.7934,92.8356
1058,cnn,baseline,jetson_emulator,2,offload,0.5,79.6883,65.7486,65.7486,66.7517,25.9873,167.274,167.274,326.9442,92.8824
1059,cnn,baseline,jetson_emulator,2,local,0.5,79.9091,66.1731,79.9091,80.9157,24.577,167.274,167.274,327.2909,92.7557
1060,cnn,baseline,jetson_emulator,2,offload,0.5,80.428,66.0601,66.0601,68.4241,25.9545,167.274,167.274,327.2456,92.8108
1061,cnn,baseline,jetson_emulator,2,local,0.5,80.696,66.5277,80.696,82.1405,24.5031,167.274,167.274,327.5925,92.8496
1062,cnn,baseline,jetson_emulator,2,offload,0.5,79.6205,67.0843,67.0843,68.8682,25.8474,167.274,167.274,327.5471,92.9245
1063,cnn,baseline,jetson_emulator,2,offload,0.5,79.9288,65.8795,65.8795,68.0734,25.9735,167.274,167.274,327.6978,92.8252
1064,cnn,baseline,jetson_emulator,2,local,0.5,79.7842,66.755,79.7842,81.5994,24.5887,167.274,167.274,328.045,92.8664
1065,cnn,baseline,jetson_emulator,2,offload,0.5,80.1919,67.0533,67.0533,68.722,25.8506,167.274,167.274,327.9993,92.7703
1066,cnn,baseline,jetson_emulator,2,offload,0.5,80.32,66.1397,66.1397,68.1915,25.9462,167.274,167.274,328.15,92.8001
1067,cnn,baseline,jetson_emulator,2,local,0.5,79.7846,66.3368,79.7846,81.6255,24.5887,167.274,167.274,328.4975,92.7149
1068,cnn,baseline,jetson_emulator,2,local,0.5,80.4605,66.7242,80.4605,82.111,24.5251,167.274,167.274,328.6483,92.7885
1069,cnn,baseline,jetson_emulator,2,offload,0.5,80.6394,66.8775,66.8775,67.6777,25.869,167.274,167.274,328.6022,92.8096
1070,cnn,baseline,jetson_emulator,2,local,0.5,80.2166,66.8148,80.2166,81.896,24.548,167.274,167.274,328.9499,92.8329
1071,cnn,baseline,jetson_emulator,2,local,0.5,81.1597,67.2967,81.1597,83.3914,24.4597,167.274,167.274,329.1007,92.8633
1072,cnn,baseline,jetson_emulator,2,offload,0.5,80.4051,66.2504,66.2504,67.7545,25.9346,167.274,167.274,329.0543,92.8239
1073,cnn,baseline,jetson_emulator,2,local,0.5,80.8888,66.6172,80.8888,82.8277,24.485,167.274,167.274,329.4024,92.7931
1074,cnn,baseline,jetson_emulator,2,offload,0.5,80.9174,66.3257,66.3257,68.5787,25.9267,167.274,167.274,329.3558,92.7383
1075,cnn,baseline,jetson_emulator,2,local,0.5,80.7032,66.2954,80.7032,81.9701,24.5024,167.274,167.274,329.704,92.775
1076,cnn,baseline,jetson_emulator,2,local,0.5,80.3682,67.3567,80.3682,81.6398,24.5338,167.274,167.274,329.8548,92.8498
1077,cnn,baseline,jetson_emulator,2,local,0.5,80.9515,67.5886,80.9515,82.378,24.4792,167.274,167.274,330.0056,92.8513
1078,cnn,baseline,jetson_emulator,2,local,0.5,80.33,66.6952,80.33,82.06,24.5374,167.274,167.274,330.1564,92.7274
1079,cnn,baseline,jetson_emulator,2,local,0.5,80.562,66.6711,80.562,82.0879,24.5156,167.274,167.274,330.3073,92.865
1080,cnn,baseline,jetson_emulator,2,offload,0.5,80.9984,67.3295,67.3295,69.1091,25.8219,167.274,167.274,330.2602,92.7978
1081,cnn,baseline,jetson_emulator,2,offload,0.5,80.3833,66.533,66.533,68.7922,25.9049,167.274,167.274,330.4109,92.7608
1082,cnn,baseline,jetson_emulator,2,offload,0.5,80.8893,67.3463,67.3463,68.7883,25.8201,167.274,167.274,330.5616,92.8597
1083,cnn,baseline,jetson_emulator,2,offload,0.5,81.5143,66.871,66.871,68.8876,25.8696,167.274,167.274,330.7123,92.757
1084,cnn,baseline,jetson_emulator,2,offload,0.5,81.0025,66.7534,66.7534,68.6763,25.8819,167.274,167.274,330.8631,92.7824
1085,cnn,baseline,jetson_emulator,2,offload,0.5,81.6121,67.0547,67.0547,67.8362,25.8505,167.274,167.274,331.0138,92.7988
1086,cnn,baseline,jetson_emulator,2,offload,0.5,81.2393,66.8497,66.8497,69.4365,25.8719,167.274,167.274,331.1645,92.8659
1087,cnn,baseline,jetson_emulator,2,offload,0.5,81.1298,66.7671,66.7671,68.4557,25.8805,167.274,167.274,331.3153,92.7356
1088,cnn,baseline,jetson_emulator,2,local,0.5,81.3688,67.2615,81.3688,82.1625,24.4402,167.274,167.274,331.6646,92.817
1089,cnn,baseline,jetson_emulator,2,offload,0.5,81.0177,68.2345,68.2345,70.1264,25.7281,167.274,167.274,331.6167,92.8505
1090,cnn,baseline,jetson_emulator,2,offload,0.5,81.073,67.1784,67.1784,69.1546,25.8376,167.274,167.274,331.7674,92.8487
1091,cnn,baseline,jetson_emulator,2,local,0.5,81.1916,67.6493,81.1916,83.0261,24.4567,167.274,167.274,332.1171,92.8744
1092,cnn,baseline,jetson_emulator,2,offload,0.5,81.438,68.7588,68.7588,70.2322,25.6741,167.274,167.274,332.0689,92.8163
1093,cnn,baseline,jetson_emulator,2,local,0.5,81.5566,67.2723,81.5566,82.4826,24.4228,167.274,167.274,332.4187,92.7874
1094,cnn,baseline,jetson_emulator,2,offload,0.5,81.8845,67.261,67.261,69.4185,25.829,167.274,167.274,332.3703,92.847
1095,cnn,baseline,jetson_emulator,2,offload,0.5,82.734,68.8963,68.8963,70.7392,25.66,167.274,167.274,332.5211,92.7758
1096,cnn,baseline,jetson_emulator,2,local,0.5,81.4709,67.4204,81.4709,82.8808,24.4307,167.274,167.274,332.8712,92.8246
1097,cnn,baseline,jetson_emulator,2,local,0.5,81.8213,67.673,81.8213,83.2224,24.3982,167.274,167.274,333.022,92.743
1098,cnn,baseline,jetson_emulator,2,local,0.5,81.6211,67.8877,81.6211,83.5628,24.4168,167.274,167.274,333.1728,92.8557
1099,cnn,baseline,jetson_emulator,2,local,0.5,81.8095,67.9108,81.8095,83.8973,24.3993,167.274,167.274,333.3236,92.7468
1100,cnn,baseline,jetson_emulator,2,local,0.5,82.2396,68.3341,82.2396,84.4357,24.3594,167.274,167.274,333.4744,92.8618
1101,cnn,baseline,jetson_emulator,2,offload,0.5,82.0722,68.4913,68.4913,69.8056,25.7016,167.274,167.274,333.4254,92.8321
1102,cnn,baseline,jetson_emulator,2,offload,0.5,81.9369,68.3749,68.3749,70.033,25.7136,167.274,167.274,333.5762,92.7954
1103,cnn,baseline,jetson_emulator,2,offload,0.5,82.2733,68.4692,68.4692,69.8784,25.7039,167.274,167.274,333.7269,92.8116
1104,cnn,baseline,jetson_emulator,2,local,0.5,82.6723,69.8783,82.6723,84.4725,24.3194,167.274,167.274,334.0777,92.8451
1105,cnn,baseline,jetson_emulator,2,local,0.5,82.2774,69.4976,82.2774,83.8295,24.3559,167.274,167.274,334.2285,92.7037
1106,cnn,baseline,jetson_emulator,2,local,0.5,83.0354,68.8579,83.0354,85.3103,24.286,167.274,167.274,334.3793,92.862
1107,cnn,baseline,jetson_emulator,2,local,0.5,82.8404,68.9699,82.8404,84.7081,24.3039,167.274,167.274,334.5302,92.7724
1108,cnn,baseline,jetson_emulator,2,local,0.5,82.4473,68.5079,82.4473,83.3558,24.3402,167.274,167.274,334.681,92.7031
1109,cnn,baseline,jetson_emulator,2,local,0.5,82.6131,68.6478,82.6131,84.0742,24.3249,167.274,167.274,334.8318,92.8495
1110,cnn,baseline,jetson_emulator,2,offload,0.5,83.2774,68.485,68.485,70.0417,25.7023,167.274,167.274,334.782,92.8397
1111,cnn,baseline,jetson_emulator,2,local,0.5,83.4808,68.5206,83.4808,85.4391,24.2451,167.274,167.274,335.1334,92.8487
1112,cnn,baseline,jetson_emulator,2,offload,0.5,83.9246,69.0416,69.0416,70.3564,25.6451,167.274,167.274,335.0834,92.8197
1113,cnn,baseline,jetson_emulator,2,local,0.5,83.1376,69.7258,83.1376,84.6249,24.2766,167.274,167.274,335.4351,92.7898
1114,cnn,baseline,jetson_emulator,2,offload,0.5,83.6368,68.8139,68.8139,71.0943,25.6684,167.274,167.274,335.3849,92.8291
1115,cnn,baseline,jetson_emulator,2,offload,0.5,83.7366,69.7477,69.7477,70.7596,25.5729,167.274,167.274,335.5356,92.8478
1116,cnn,baseline,jetson_emulator,2,local,0.5,83.8515,70.2529,83.8515,85.9409,24.2112,167.274,167.274,335.8875,92.8728
1117,cnn,baseline,jetson_emulator,2,offload,0.5,83.5797,69.7609,69.7609,71.8535,25.5715,167.274,167.274,335.8371,92.8355
1118,cnn,baseline,jetson_emulator,2,local,0.5,83.3908,69.2066,83.3908,85.2462,24.2533,167.274,167.274,336.1892,92.8789
1119,cnn,baseline,jetson_emulator,2,local,0.5,84.2068,69.4167,84.2068,86.2974,24.1787,167.274,167.274,336.34,92.8404
1120,cnn,baseline,jetson_emulator,2,local,0.5,83.8003,69.6728,83.8003,84.8828,24.2158,167.274,167.274,336.4908,92.8674
1121,cnn,baseline,jetson_emulator,2,local,0.5,84.3424,69.3658,84.3424,85.6721,24.1664,167.274,167.274,336.6416,92.8423
1122,cnn,baseline,jetson_emulator,2,local,0.5,83.739,70.5274,83.739,85.6384,24.2214,167.274,167.274,336.7924,92.7858
1123,cnn,baseline,jetson_emulator,2,local,0.5,84.3508,69.2948,84.3508,86.2387,24.1656,167.274,167.274,336.9432,92.7668
1124,cnn,baseline,jetson_emulator,2,local,0.5,84.2737,69.7544,84.2737,86.3692,24.1726,167.274,167.274,337.0941,92.8985
1125,cnn,baseline,jetson_emulator,2,local,0.5,84.5041,70.3469,84.5041,85.2377,24.1516,167.274,167.274,337.2449,92.755
1126,cnn,baseline,jetson_emulator,2,offload,0.5,84.697,70.657,70.657,71.6543,25.4805,167.274,167.274,337.1936,92.8353
1127,cnn,baseline,jetson_emulator,2,local,0.5,84.3467,69.937,84.3467,86.3674,24.166,167.274,167.274,337.5465,92.8279
1128,cnn,baseline,jetson_emulator,2,local,0.5,84.7155,69.7643,84.7155,85.8913,24.1324,167.274,167.274,337.6973,92.8676
1129,cnn,baseline,jetson_emulator,2,offload,0.5,84.7744,70.5619,70.5619,72.1918,25.4901,167.274,167.274,337.6458,92.769
1130,cnn,baseline,jetson_emulator,2,offload,0.5,84.7711,70.157,70.157,72.0237,25.5312,167.274,167.274,337.7965,92.7698
1131,cnn,baseline,jetson_emulator,2,local,0.5,84.9141,70.8426,84.9141,86.8475,24.1144,167.274,167.274,338.1498,92.9184
1132,cnn,baseline,jetson_emulator,2,offload,0.5,85.4336,70.9834,70.9834,72.0689,25.4475,167.274,167.274,338.098,92.8529
1133,cnn,baseline,jetson_emulator,2,offload,0.5,84.8523,70.577,70.577,72.3626,25.4886,167.274,167.274,338.2487,92.8619
1134,cnn,baseline,jetson_emulator,2,offload,0.5,85.2235,70.9302,70.9302,72.9743,25.4528,167.274,167.274,338.3994,92.7828
1135,cnn,baseline,jetson_emulator,2,local,0.5,85.1519,70.5386,85.1519,86.7634,24.0929,167.274,167.274,338.7531,92.853
1136,cnn,baseline,jetson_emulator,2,local,0.5,85.7502,71.9759,85.7502,86.6407,24.0388,167.274,167.274,338.9039,92.7848
1137,cnn,baseline,jetson_emulator,2,offload,0.5,85.4447,70.9357,70.9357,72.6005,25.4523,167.274,167.274,338.8516,92.8118
1138,cnn,baseline,jetson_emulator,2,offload,0.5,85.5688,70.7267,70.7267,73.0636,25.4734,167.274,167.274,339.0023,92.8566
1139,cnn,baseline,jetson_emulator,2,local,0.5,85.9477,71.4152,85.9477,87.622,24.021,167.274,167.274,339.3563,92.7996
1140,cnn,baseline,jetson_emulator,2,offload,0.5,86.127,70.9971,70.9971,72.4651,25.4461,167.274,167.274,339.3038,92.8474
1141,cnn,baseline,jetson_emulator,2,local,0.5,86.2647,72.1996,86.2647,87.5713,23.9926,167.274,167.274,339.658,92.8256
1142,cnn,baseline,jetson_emulator,2,offload,0.5,86.1944,71.3333,71.3333,73.427,25.4122,167.274,167.274,339.6053,92.7532
1143,cnn,baseline,jetson_emulator,2,offload,0.5,86.6916,70.955,70.955,72.3966,25.4503,167.274,167.274,339.756,92.7997
1144,cnn,baseline,jetson_emulator,2,offload,0.5,86.3996,71.5058,71.5058,72.8786,25.3948,167.274,167.274,339.9067,92.8036
1145,cnn,baseline,jetson_emulator,2,offload,0.5,86.7189,72.6055,72.6055,74.0606,25.2847,167.274,167.274,340.0574,92.8562
1146,cnn,baseline,jetson_emulator,2,local,0.5,86.2296,71.9952,86.2296,87.9369,23.9957,167.274,167.274,340.412,92.8539
1147,cnn,baseline,jetson_emulator,2,local,0.5,86.3122,72.2461,86.3122,88.4818,23.9883,167.274,167.274,340.5629,92.8606
1148,cnn,baseline,jetson_emulator,2,local,0.5,86.5711,72.231,86.5711,88.005,23.9651,167.274,167.274,340.7137,92.8245
1149,cnn,baseline,jetson_emulator,2,offload,0.5,86.7172,73.2094,73.2094,74.9157,25.2246,167.274,167.274,340.6603,92.8226
1150,cnn,baseline,jetson_emulator,2,offload,0.5,86.6482,72.5602,72.5602,74.46,25.2892,167.274,167.274,340.8111,92.8802
1151,cnn,baseline,jetson_emulator,2,offload,0.5,86.7034,72.3448,72.3448,74.7906,25.3107,167.274,167.274,340.9618,92.8802
1152,cnn,baseline,jetson_emulator,2,local,0.5,87.3252,71.8564,87.3252,88.8798,23.8977,167.274,167.274,341.3169,92.8391
1153,cnn,baseline,jetson_emulator,2,local,0.5,87.1704,72.4143,87.1704,88.911,23.9115,167.274,167.274,341.4678,92.7137
1154,cnn,baseline,jetson_emulator,2,offload,0.5,87.7175,72.2192,72.2192,73.9544,25.3233,167.274,167.274,341.414,92.7992
1155,cnn,baseline,jetson_emulator,2,local,0.5,87.6274,74.211,87.6274,89.3299,23.8709,167.274,167.274,341.7694,92.8094
1156,cnn,baseline,jetson_emulator,2,offload,0.5,87.2964,73.3669,73.3669,74.6776,25.209,167.274,167.274,341.7154,92.8533
1157,cnn,baseline,jetson_emulator,2,offload,0.5,87.3245,73.0554,73.0554,74.4652,25.2399,167.274,167.274,341.8662,92.778
1158,cnn,baseline,jetson_emulator,2,offload,0.5,87.858,72.4366,72.4366,73.4514,25.3016,167.274,167.274,342.0169,92.7877
1159,cnn,baseline,jetson_emulator,2,local,0.5,87.5134,72.847,87.5134,88.9178,23.881,167.274,167.274,342.3727,92.6689
1160,cnn,baseline,jetson_emulator,2,offload,0.5,87.6799,73.2318,73.2318,74.034,25.2224,167.274,167.274,342.3183,92.673
1161,cnn,baseline,jetson_emulator,2,offload,0.5,87.9384,72.3993,72.3993,74.0078,25.3053,167.274,167.274,342.4691,92.8841
1162,cnn,baseline,jetson_emulator,2,offload,0.5,87.9128,73.6939,73.6939,74.7772,25.1767,167.274,167.274,342.6198,92.8129
1163,cnn,baseline,jetson_emulator,2,local,0.5,88.5855,72.616,88.5855,90.1836,23.786,167.274,167.274,342.9759,92.846
1164,cnn,baseline,jetson_emulator,2,offload,0.5,87.7138,73.0063,73.0063,75.0328,25.2448,167.274,167.274,342.9213,92.9224
1165,cnn,baseline,jetson_emulator,2,local,0.5,87.9546,73.3324,87.9546,89.7753,23.8418,167.274,167.274,343.2776,92.7745
1166,cnn,baseline,jetson_emulator,2,offload,0.5,88.7367,72.8528,72.8528,74.3083,25.2601,167.274,167.274,343.2227,92.7911
1167,cnn,baseline,jetson_emulator,2,offload,0.5,88.3497,72.8112,72.8112,74.2325,25.2642,167.274,167.274,343.3734,92.8979
1168,cnn,baseline,jetson_emulator,2,local,0.5,88.5066,72.7712,88.5066,90.5101,23.793,167.274,167.274,343.73,92.7331
1169,cnn,baseline,jetson_emulator,2,offload,0.5,88.3513,73.672,73.672,75.7522,25.1788,167.274,167.274,343.6749,92.7665
1170,cnn,baseline,jetson_emulator,2,offload,0.5,88.5505,73.7723,73.7723,75.8699,25.1689,167.274,167.274,343.8256,92.8272
1171,cnn,baseline,jetson_emulator,2,offload,0.5,88.3405,73.3927,73.3927,75.7647,25.2065,167.274,167.274,343.9763,92.7797
1172,cnn,baseline,jetson_emulator,2,offload,0.5,88.8958,73.5221,73.5221,74.8738,25.1937,167.274,167.274,344.1271,92.7672
1173,cnn,baseline,jetson_emulator,2,offload,0.5,89.2079,73.4263,73.4263,75.0991,25.2031,167.274,167.274,344.2778,92.8268
1174,cnn,baseline,jetson_emulator,2,offload,0.5,88.9748,73.5161,73.5161,75.1402,25.1943,167.274,167.274,344.4285,92.8048
1175,cnn,baseline,jetson_emulator,2,offload,0.5,88.7709,74.1834,74.1834,75.9502,25.1284,167.274,167.274,344.5793,92.7912
1176,cnn,baseline,jetson_emulator,2,local,0.5,89.1245,74.3767,89.1245,91.1343,23.7386,167.274,167.274,344.9366,92.8436
1177,cnn,baseline,jetson_emulator,2,offload,0.5,88.933,73.34,73.34,75.6831,25.2117,167.274,167.274,344.8807,92.7905
1178,cnn,baseline,jetson_emulator,2,offload,0.5,89.2198,73.314,73.314,74.7502,25.2143,167.274,167.274,345.0314,92.8443
1179,cnn,baseline,jetson_emulator,2,local,0.5,88.9463,73.6233,88.9463,90.6929,23.7542,167.274,167.274,345.389,92.8128
1180,cnn,baseline,jetson_emulator,2,offload,0.5,90.1983,74.3512,74.3512,76.3864,25.1119,167.274,167.274,345.3329,92.8203
1181,cnn,baseline,jetson_emulator,2,local,0.5,89.4159,73.8455,89.4159,91.1377,23.713,167.274,167.274,345.6907,92.7995
1182,cnn,baseline,jetson_emulator,2,local,0.5,88.907,76.0762,88.907,90.7117,23.7577,167.274,167.274,345.8415,92.7902
1183,cnn,baseline,jetson_emulator,2,offload,0.5,89.8713,73.5177,73.5177,74.6927,25.1941,167.274,167.274,345.7851,92.8122
1184,cnn,baseline,jetson_emulator,2,local,0.5,89.5886,73.932,89.5886,91.4295,23.6979,167.274,167.274,346.1431,92.8626
1185,cnn,baseline,jetson_emulator,2,offload,0.5,89.4803,73.6076,73.6076,74.7034,25.1852,167.274,167.274,346.0865,92.8497
1186,cnn,baseline,jetson_emulator,2,offload,0.5,89.3601,74.0253,74.0253,75.736,25.1439,167.274,167.274,346.2373,92.8354
1187,cnn,baseline,jetson_emulator,2,local,0.5,90.0594,73.8867,90.0594,91.8318,23.6567,167.274,167.274,346.5956,92.7604
1188,cnn,baseline,jetson_emulator,2,local,0.5,89.6549,73.7659,89.6549,91.8616,23.692,167.274,167.274,346.7464,92.8018
1189,cnn,baseline,jetson_emulator,2,local,0.5,89.3112,74.053,89.3112,90.7806,23.7222,167.274,167.274,346.8972,92.8294
1190,cnn,baseline,jetson_emulator,2,local,0.5,90.1114,74.8048,90.1114,91.522,23.6522,167.274,167.274,347.048,92.8508
1191,cnn,baseline,jetson_emulator,2,local,0.5,90.0091,74.3289,90.0091,92.0215,23.6611,167.274,167.274,347.1988,92.8339
1192,cnn,baseline,jetson_emulator,2,offload,0.5,89.8758,74.0106,74.0106,75.1882,25.1454,167.274,167.274,347.1416,92.802
1193,cnn,baseline,jetson_emulator,2,offload,0.5,89.9284,74.488,74.488,76.2048,25.0984,167.274,167.274,347.2923,92.7659
1194,cnn,baseline,jetson_emulator,2,offload,0.5,89.7258,73.8712,73.8712,74.537,25.1592,167.274,167.274,347.4431,92.8538
1195,cnn,baseline,jetson_emulator,2,offload,0.5,89.3776,74.8701,74.8701,76.0872,25.0609,167.274,167.274,347.5938,92.6558
1196,cnn,baseline,jetson_emulator,2,local,0.5,89.5576,74.14,89.5576,90.5068,23.7006,167.274,167.274,347.9529,92.7657
1197,cnn,baseline,jetson_emulator,2,local,0.5,91.0796,74.1713,91.0796,93.1185,23.568,167.274,167.274,348.1037,92.7821
1198,cnn,baseline,jetson_emulator,2,local,0.5,90.6993,74.0778,90.6993,92.2898,23.601,167.274,167.274,348.2546,92.7947
1199,cnn,baseline,jetson_emulator,2,local,0.5,89.5241,74.172,89.5241,91.1666,23.7035,167.274,167.274,348.4054,92.7515
1200,cnn,baseline,jetson_emulator,2,offload,0.5,89.7671,75.5773,75.5773,76.3646,24.9919,167.274,167.274,348.3474,92.8516
