cycle_id,model,architecture,profile,nodes,decision,threshold,local_latency_ms,offload_latency_ms,total_latency_ms,rtt_ms,throughput_fps,local_power_mw,offload_power_mw,effective_power_mw,accuracy_step
1,snn,baseline,jetson_emulator,50,offload,0.5,40.3051,32.5929,32.5929,33.7285,65.8034,112.06483125000001,112.06483125000001,115.5307,90.004
2,snn,baseline,jetson_emulator,50,local,0.5,39.5575,32.8874,39.5575,41.5065,63.8061,112.06483125000001,112.06483125000001,117.3185,90.008
3,snn,baseline,jetson_emulator,50,offload,0.5,40.0206,32.9348,32.9348,35.6302,65.7024,112.06483125000001,112.06483125000001,115.7384,89.9314
4,snn,baseline,jetson_emulator,50,local,0.5,40.563,34.3535,40.563,42.2979,63.5277,112.06483125000001,112.06483125000001,117.5293,90.0593
5,snn,baseline,jetson_emulator,50,local,0.5,39.788,33.3438,39.788,42.1377,63.7421,112.06483125000001,112.06483125000001,117.6347,90.027
6,snn,baseline,jetson_emulator,50,local,0.5,40.5447,33.6475,40.5447,42.4185,63.5327,112.06483125000001,112.06483125000001,117.7401,90.0053
7,snn,baseline,jetson_emulator,50,offload,0.5,39.9649,33.0459,33.0459,34.8303,65.6697,112.06483125000001,112.06483125000001,116.154,90.0634
8,snn,baseline,jetson_emulator,50,offload,0.5,39.9941,33.3215,33.3215,35.1767,65.5886,112.06483125000001,112.06483125000001,116.2578,89.9655
9,snn,baseline,jetson_emulator,50,local,0.5,40.1795,33.8566,40.1795,42.6745,63.6336,112.06483125000001,112.06483125000001,118.0563,90.0135
10,snn,baseline,jetson_emulator,50,local,0.5,40.8334,33.7358,40.8334,42.0763,63.4533,112.06483125000001,112.06483125000001,118.1617,89.9329
11,snn,baseline,jetson_emulator,50,local,0.5,40.4775,33.8047,40.4775,42.8319,63.5513,112.06483125000001,112.06483125000001,118.2671,90.0132
12,snn,baseline,jetson_emulator,50,local,0.5,40.544,33.7726,40.544,42.5615,63.5329,112.06483125000001,112.06483125000001,118.3725,90.0541
13,snn,baseline,jetson_emulator,50,offload,0.5,40.9733,33.6965,33.6965,35.3911,65.4786,112.06483125000001,112.06483125000001,116.7773,89.9406
14,snn,baseline,jetson_emulator,50,offload,0.5,40.4322,33.9271,33.9271,36.0011,65.4111,112.06483125000001,112.06483125000001,116.8812,89.998
15,snn,baseline,jetson_emulator,50,local,0.5,41.3262,33.9893,41.3262,43.2369,63.318,112.06483125000001,112.06483125000001,118.6887,90.0558
16,snn,baseline,jetson_emulator,50,offload,0.5,40.8711,34.7535,34.7535,37.7956,65.1705,112.06483125000001,112.06483125000001,117.0889,90.0403
17,snn,baseline,jetson_emulator,50,local,0.5,40.979,34.1877,40.979,42.6217,63.4133,112.06483125000001,112.06483125000001,118.8995,90.0529
18,snn,baseline,jetson_emulator,50,local,0.5,40.7878,33.619,40.7878,43.1277,63.4658,112.06483125000001,112.06483125000001,119.0049,89.9182
19,snn,baseline,jetson_emulator,50,local,0.5,40.9971,33.8155,40.9971,43.4559,63.4083,112.06483125000001,112.06483125000001,119.1103,89.9854
20,snn,baseline,jetson_emulator,50,offload,0.5,41.099,34.3888,34.3888,36.6003,65.2765,112.06483125000001,112.06483125000001,117.5045,89.908
21,snn,baseline,jetson_emulator,50,offload,0.5,41.8131,33.7955,33.7955,35.9282,65.4496,112.06483125000001,112.06483125000001,117.6083,89.9022
22,snn,baseline,jetson_emulator,50,local,0.5,41.4425,36.4943,41.4425,43.4496,63.2862,112.06483125000001,112.06483125000001,119.4265,90.017
23,snn,baseline,jetson_emulator,50,local,0.5,41.8702,35.519,41.8702,43.4492,63.1694,112.06483125000001,112.06483125000001,119.5319,90.041
24,snn,baseline,jetson_emulator,50,local,0.5,41.6523,34.7076,41.6523,43.3417,63.2289,112.06483125000001,112.06483125000001,119.6373,89.9912
25,snn,baseline,jetson_emulator,50,offload,0.5,42.5222,34.1379,34.1379,36.4643,65.3496,112.06483125000001,112.06483125000001,118.0239,90.0386
26,snn,baseline,jetson_emulator,50,offload,0.5,41.2751,34.4361,34.4361,36.4702,65.2627,112.06483125000001,112.06483125000001,118.1278,89.9707
27,snn,baseline,jetson_emulator,50,local,0.5,41.9764,34.5214,41.9764,43.7439,63.1405,112.06483125000001,112.06483125000001,119.9535,90.1117
28,snn,baseline,jetson_emulator,50,local,0.5,41.7211,34.1498,41.7211,43.5628,63.2101,112.06483125000001,112.06483125000001,120.0589,89.9451
29,snn,baseline,jetson_emulator,50,offload,0.5,41.5801,35.342,35.342,37.0178,65.0002,112.06483125000001,112.06483125000001,118.4394,89.994
30,snn,baseline,jetson_emulator,50,local,0.5,41.6313,35.1352,41.6313,43.9879,63.2346,112.06483125000001,112.06483125000001,120.2697,89.8999
31,snn,baseline,jetson_emulator,50,offload,0.5,42.6439,34.6069,34.6069,38.7113,65.2131,112.06483125000001,112.06483125000001,118.6472,90.0811
32,snn,baseline,jetson_emulator,50,offload,0.5,42.0219,34.5154,34.5154,36.6636,65.2397,112.06483125000001,112.06483125000001,118.7511,90.1006
33,snn,baseline,jetson_emulator,50,local,0.5,42.004,34.8235,42.004,44.0235,63.133,112.06483125000001,112.06483125000001,120.5858,89.9857
34,snn,baseline,jetson_emulator,50,offload,0.5,41.7026,35.0392,35.0392,37.44,65.0877,112.06483125000001,112.06483125000001,118.9588,90.0206
35,snn,baseline,jetson_emulator,50,local,0.5,42.4544,35.2212,42.4544,44.3281,63.0106,112.06483125000001,112.06483125000001,120.7966,89.9944
36,snn,baseline,jetson_emulator,50,offload,0.5,42.1994,35.2043,35.2043,36.875,65.04,112.06483125000001,112.06483125000001,119.1666,89.9599
37,snn,baseline,jetson_emulator,50,offload,0.5,42.4123,34.7577,34.7577,36.2958,65.1693,112.06483125000001,112.06483125000001,119.2705,90.018
38,snn,baseline,jetson_emulator,50,offload,0.5,42.0164,35.0867,35.0867,36.9631,65.074,112.06483125000001,112.06483125000001,119.3744,89.9703
39,snn,baseline,jetson_emulator,50,local,0.5,42.4738,35.0307,42.4738,44.8907,63.0053,112.06483125000001,112.06483125000001,121.2182,90.0678
40,snn,baseline,jetson_emulator,50,local,0.5,42.0495,35.794,42.0495,43.5349,63.1206,112.06483125000001,112.06483125000001,121.3236,90.0283
41,snn,baseline,jetson_emulator,50,offload,0.5,42.2257,35.6771,35.6771,37.9408,64.9037,112.06483125000001,112.06483125000001,119.686,90.1049
42,snn,baseline,jetson_emulator,50,local,0.5,43.1082,35.2182,43.1082,44.9653,62.8338,112.06483125000001,112.06483125000001,121.5344,89.9738
43,snn,baseline,jetson_emulator,50,offload,0.5,42.7809,37.4723,37.4723,38.6958,64.3913,112.06483125000001,112.06483125000001,119.8938,89.9839
44,snn,baseline,jetson_emulator,50,offload,0.5,43.0821,36.0809,36.0809,39.1451,64.7877,112.06483125000001,112.06483125000001,119.9977,89.9364
45,snn,baseline,jetson_emulator,50,offload,0.5,43.4959,35.8873,35.8873,37.488,64.8432,112.06483125000001,112.06483125000001,120.1016,89.9898
46,snn,baseline,jetson_emulator,50,local,0.5,43.0895,35.5283,43.0895,44.9535,62.8388,112.06483125000001,112.06483125000001,121.956,90.0243
47,snn,baseline,jetson_emulator,50,offload,0.5,43.4833,35.29,35.29,37.4565,65.0152,112.06483125000001,112.06483125000001,120.3093,89.9101
48,snn,baseline,jetson_emulator,50,local,0.5,42.9767,35.5782,42.9767,45.7066,62.8693,112.06483125000001,112.06483125000001,122.1668,89.8985
49,snn,baseline,jetson_emulator,50,local,0.5,42.6764,35.6904,42.6764,45.1318,62.9504,112.06483125000001,112.06483125000001,122.2722,89.9166
50,snn,baseline,jetson_emulator,50,offload,0.5,43.1653,35.6307,35.6307,37.0313,64.917,112.06483125000001,112.06483125000001,120.621,89.9879
51,snn,baseline,jetson_emulator,50,local,0.5,42.6605,35.6216,42.6605,44.432,62.9548,112.06483125000001,112.06483125000001,122.483,90.0194
52,snn,baseline,jetson_emulator,50,local,0.5,42.7186,36.1156,42.7186,44.6804,62.939,112.06483125000001,112.06483125000001,122.5884,89.9518
53,snn,baseline,jetson_emulator,50,offload,0.5,42.9184,35.4219,35.4219,37.306,64.9772,112.06483125000001,112.06483125000001,120.9326,90.0681
54,snn,baseline,jetson_emulator,50,local,0.5,42.7688,35.6668,42.7688,44.352,62.9254,112.06483125000001,112.06483125000001,122.7992,89.8872
55,snn,baseline,jetson_emulator,50,local,0.5,43.0032,35.5712,43.0032,45.2044,62.8621,112.06483125000001,112.06483125000001,122.9046,89.9815
56,snn,baseline,jetson_emulator,50,offload,0.5,43.5199,35.6566,35.6566,37.5179,64.9096,112.06483125000001,112.06483125000001,121.2443,89.9738
57,snn,baseline,jetson_emulator,50,offload,0.5,43.6843,35.8519,35.8519,38.0616,64.8534,112.06483125000001,112.06483125000001,121.3482,89.9622
58,snn,baseline,jetson_emulator,50,offload,0.5,43.6472,35.794,35.794,37.563,64.8701,112.06483125000001,112.06483125000001,121.4521,89.9883
59,snn,baseline,jetson_emulator,50,offload,0.5,43.4455,36.1414,36.1414,38.303,64.7704,112.06483125000001,112.06483125000001,121.5559,90.0222
60,snn,baseline,jetson_emulator,50,offload,0.5,43.5942,36.5747,36.5747,38.54,64.6464,112.06483125000001,112.06483125000001,121.6598,90.0109
61,snn,baseline,jetson_emulator,50,local,0.5,43.5352,35.6074,43.5352,44.7239,62.7188,112.06483125000001,112.06483125000001,123.537,89.9449
62,snn,baseline,jetson_emulator,50,local,0.5,43.3837,36.2826,43.3837,44.4555,62.7596,112.06483125000001,112.06483125000001,123.6424,89.987
63,snn,baseline,jetson_emulator,50,local,0.5,44.1205,35.739,44.1205,45.8279,62.562,112.06483125000001,112.06483125000001,123.7478,90.0438
64,snn,baseline,jetson_emulator,50,offload,0.5,43.8075,36.6484,36.6484,39.0693,64.6254,112.06483125000001,112.06483125000001,122.0754,89.9281
65,snn,baseline,jetson_emulator,50,offload,0.5,43.6144,36.1511,36.1511,39.5739,64.7676,112.06483125000001,112.06483125000001,122.1792,89.9401
66,snn,baseline,jetson_emulator,50,local,0.5,43.5163,37.0556,43.5163,45.7173,62.7239,112.06483125000001,112.06483125000001,124.0639,89.9176
67,snn,baseline,jetson_emulator,50,local,0.5,43.241,35.796,43.241,45.6175,62.798,112.06483125000001,112.06483125000001,124.1693,89.9826
68,snn,baseline,jetson_emulator,50,offload,0.5,43.3835,35.8246,35.8246,37.8034,64.8613,112.06483125000001,112.06483125000001,122.4909,89.9502
69,snn,baseline,jetson_emulator,50,offload,0.5,43.6346,36.0892,36.0892,38.1898,64.7853,112.06483125000001,112.06483125000001,122.5948,89.9409
70,snn,baseline,jetson_emulator,50,local,0.5,43.3637,36.174,43.3637,45.2063,62.765,112.06483125000001,112.06483125000001,124.4855,89.9567
71,snn,baseline,jetson_emulator,50,local,0.5,44.0746,36.1106,44.0746,45.9268,62.5743,112.06483125000001,112.06483125000001,124.5909,89.995
72,snn,baseline,jetson_emulator,50,local,0.5,43.755,36.5054,43.755,46.0011,62.6599,112.06483125000001,112.06483125000001,124.6963,90.0067
73,snn,baseline,jetson_emulator,50,offload,0.5,43.4682,36.1409,36.1409,38.0425,64.7705,112.06483125000001,112.06483125000001,123.0103,89.9906
74,snn,baseline,jetson_emulator,50,offload,0.5,44.3255,36.1866,36.1866,38.0826,64.7574,112.06483125000001,112.06483125000001,123.1142,89.9254
75,snn,baseline,jetson_emulator,50,local,0.5,44.2704,36.475,44.2704,47.1623,62.522,112.06483125000001,112.06483125000001,125.0125,90.0533
76,snn,baseline,jetson_emulator,50,local,0.5,43.712,36.7447,43.712,45.9387,62.6714,112.06483125000001,112.06483125000001,125.1179,90.0034
77,snn,baseline,jetson_emulator,50,local,0.5,43.9407,36.0557,43.9407,46.0346,62.6101,112.06483125000001,112.06483125000001,125.2233,89.989
78,snn,baseline,jetson_emulator,50,offload,0.5,44.373,35.9716,35.9716,38.1605,64.819,112.06483125000001,112.06483125000001,123.5297,89.9694
79,snn,baseline,jetson_emulator,50,local,0.5,44.1823,36.3972,44.1823,46.3587,62.5455,112.06483125000001,112.06483125000001,125.4341,89.9783
80,snn,baseline,jetson_emulator,50,offload,0.5,43.8863,36.4193,36.4193,38.4083,64.6908,112.06483125000001,112.06483125000001,123.7375,89.9232
81,snn,baseline,jetson_emulator,50,offload,0.5,43.768,36.2801,36.2801,38.2454,64.7306,112.06483125000001,112.06483125000001,123.8414,89.9386
82,snn,baseline,jetson_emulator,50,local,0.5,43.8257,37.3105,43.8257,45.9471,62.6409,112.06483125000001,112.06483125000001,125.7503,90.0101
83,snn,baseline,jetson_emulator,50,local,0.5,44.7191,36.5961,44.7191,46.6282,62.4024,112.06483125000001,112.06483125000001,125.8557,89.9407
84,snn,baseline,jetson_emulator,50,offload,0.5,43.9964,36.2174,36.2174,38.4112,64.7486,112.06483125000001,112.06483125000001,124.153,89.9112
85,snn,baseline,jetson_emulator,50,local,0.5,44.3356,36.9623,44.3356,45.6672,62.5045,112.06483125000001,112.06483125000001,126.0665,90.001
86,snn,baseline,jetson_emulator,50,offload,0.5,43.6819,37.8557,37.8557,39.3022,64.2828,112.06483125000001,112.06483125000001,124.3608,89.9258
87,snn,baseline,jetson_emulator,50,local,0.5,43.691,36.8258,43.691,46.1778,62.677,112.06483125000001,112.06483125000001,126.2773,89.9418
88,snn,baseline,jetson_emulator,50,offload,0.5,44.0084,37.6046,37.6046,40.2134,64.3538,112.06483125000001,112.06483125000001,124.5686,90.0091
89,snn,baseline,jetson_emulator,50,local,0.5,45.131,36.051,45.131,46.6526,62.293,112.06483125000001,112.06483125000001,126.4881,89.9486
90,snn,baseline,jetson_emulator,50,local,0.5,44.393,36.782,44.393,45.8213,62.4892,112.06483125000001,112.06483125000001,126.5935,90.0501
91,snn,baseline,jetson_emulator,50,local,0.5,44.1141,36.6982,44.1141,45.5799,62.5637,112.06483125000001,112.06483125000001,126.6989,89.9835
92,snn,baseline,jetson_emulator,50,offload,0.5,44.3205,36.3464,36.3464,38.5795,64.7117,112.06483125000001,112.06483125000001,124.9841,89.9842
93,snn,baseline,jetson_emulator,50,local,0.5,44.0124,36.7849,44.0124,45.7929,62.5909,112.06483125000001,112.06483125000001,126.9097,89.9251
94,snn,baseline,jetson_emulator,50,offload,0.5,43.9001,36.314,36.314,37.6886,64.7209,112.06483125000001,112.06483125000001,125.1919,89.9636
95,snn,baseline,jetson_emulator,50,local,0.5,43.7782,36.9523,43.7782,46.505,62.6536,112.06483125000001,112.06483125000001,127.1205,89.9773
96,snn,baseline,jetson_emulator,50,local,0.5,43.6722,37.1004,43.6722,46.0387,62.6821,112.06483125000001,112.06483125000001,127.2259,90.0842
97,snn,baseline,jetson_emulator,50,local,0.5,44.1099,36.0922,44.1099,46.1252,62.5648,112.06483125000001,112.06483125000001,127.3313,90.0499
98,snn,baseline,jetson_emulator,50,offload,0.5,43.6064,36.3704,36.3704,38.9463,64.7048,112.06483125000001,112.06483125000001,125.6074,89.9874
99,snn,baseline,jetson_emulator,50,local,0.5,43.6323,36.4604,43.6323,45.9533,62.6928,112.06483125000001,112.06483125000001,127.542,90.0501
100,snn,baseline,jetson_emulator,50,local,0.5,43.6636,38.1378,43.6636,45.9328,62.6844,112.06483125000001,112.06483125000001,127.6474,90.0141
101,snn,baseline,jetson_emulator,50,offload,0.5,44.5059,37.7653,37.7653,39.0329,64.3084,112.06483125000001,112.06483125000001,125.9191,90.0591
102,snn,baseline,jetson_emulator,50,offload,0.5,43.9879,37.1459,37.1459,39.2755,64.4838,112.06483125000001,112.06483125000001,126.023,89.952
103,snn,baseline,jetson_emulator,50,offload,0.5,43.6786,36.0539,36.0539,37.4452,64.7954,112.06483125000001,112.06483125000001,126.1268,90.0152
104,snn,baseline,jetson_emulator,50,local,0.5,44.2914,37.9357,44.2914,45.5601,62.5163,112.06483125000001,112.06483125000001,128.069,90.0031
105,snn,baseline,jetson_emulator,50,offload,0.5,43.9049,36.5658,36.5658,38.7806,64.649,112.06483125000001,112.06483125000001,126.3346,89.9602
106,snn,baseline,jetson_emulator,50,local,0.5,43.5594,36.3163,43.5594,45.1242,62.7124,112.06483125000001,112.06483125000001,128.2798,89.9701
107,snn,baseline,jetson_emulator,50,local,0.5,43.6846,36.2727,43.6846,45.4089,62.6788,112.06483125000001,112.06483125000001,128.3852,89.9542
108,snn,baseline,jetson_emulator,50,offload,0.5,43.6412,36.4726,36.4726,38.8985,64.6756,112.06483125000001,112.06483125000001,126.6463,89.9301
109,snn,baseline,jetson_emulator,50,local,0.5,43.7004,36.9571,43.7004,45.8796,62.6745,112.06483125000001,112.06483125000001,128.596,89.8745
110,snn,baseline,jetson_emulator,50,local,0.5,43.5203,36.3537,43.5203,45.381,62.7229,112.06483125000001,112.06483125000001,128.7014,90.0334
111,snn,baseline,jetson_emulator,50,local,0.5,43.6684,37.1921,43.6684,44.6828,62.6831,112.06483125000001,112.06483125000001,128.8068,89.9529
112,snn,baseline,jetson_emulator,50,offload,0.5,43.9139,36.629,36.629,38.9016,64.6309,112.06483125000001,112.06483125000001,127.0618,89.989
113,snn,baseline,jetson_emulator,50,offload,0.5,43.623,37.1064,37.1064,38.9352,64.495,112.06483125000001,112.06483125000001,127.1657,89.9892
114,snn,baseline,jetson_emulator,50,offload,0.5,44.4704,36.9035,36.9035,39.124,64.5527,112.06483125000001,112.06483125000001,127.2696,90.0036
115,snn,baseline,jetson_emulator,50,offload,0.5,43.4634,35.9404,35.9404,36.9188,64.828,112.06483125000001,112.06483125000001,127.3734,89.9358
116,snn,baseline,jetson_emulator,50,offload,0.5,43.8419,36.7681,36.7681,39.1929,64.5913,112.06483125000001,112.06483125000001,127.4773,90.0658
117,snn,baseline,jetson_emulator,50,offload,0.5,43.8819,36.2475,36.2475,38.4307,64.74,112.06483125000001,112.06483125000001,127.5812,90.0494
118,snn,baseline,jetson_emulator,50,offload,0.5,43.5531,36.3866,36.3866,38.5598,64.7002,112.06483125000001,112.06483125000001,127.6851,89.9708
119,snn,baseline,jetson_emulator,50,local,0.5,43.5231,36.3063,43.5231,44.6247,62.7221,112.06483125000001,112.06483125000001,129.65,89.8986
120,snn,baseline,jetson_emulator,50,offload,0.5,43.8247,36.179,36.179,38.4335,64.7596,112.06483125000001,112.06483125000001,127.8929,89.9888
121,snn,baseline,jetson_emulator,50,offload,0.5,43.6054,36.1063,36.1063,37.8361,64.7804,112.06483125000001,112.06483125000001,127.9968,89.9027
122,snn,baseline,jetson_emulator,50,local,0.5,43.6155,37.6872,43.6155,45.0384,62.6973,112.06483125000001,112.06483125000001,129.9662,90.0085
123,snn,baseline,jetson_emulator,50,offload,0.5,43.4019,36.1859,36.1859,37.9074,64.7576,112.06483125000001,112.06483125000001,128.2045,90.0397
124,snn,baseline,jetson_emulator,50,offload,0.5,43.2825,36.757,36.757,38.9961,64.5945,112.06483125000001,112.06483125000001,128.3084,90.0258
125,snn,baseline,jetson_emulator,50,local,0.5,43.848,35.9029,43.848,45.593,62.6349,112.06483125000001,112.06483125000001,130.2824,89.9611
126,snn,baseline,jetson_emulator,50,local,0.5,43.7267,35.9265,43.7267,45.6637,62.6674,112.06483125000001,112.06483125000001,130.3878,89.9813
127,snn,baseline,jetson_emulator,50,local,0.5,43.2606,36.4004,43.2606,45.2394,62.7927,112.06483125000001,112.06483125000001,130.4932,89.9226
128,snn,baseline,jetson_emulator,50,local,0.5,43.1786,36.0146,43.1786,44.7041,62.8148,112.06483125000001,112.06483125000001,130.5986,89.9536
129,snn,baseline,jetson_emulator,50,offload,0.5,43.1981,35.6759,35.6759,37.948,64.904,112.06483125000001,112.06483125000001,128.8278,90.0827
130,snn,baseline,jetson_emulator,50,local,0.5,43.0933,37.0812,43.0933,45.2532,62.8378,112.06483125000001,112.06483125000001,130.8094,89.9421
131,snn,baseline,jetson_emulator,50,offload,0.5,43.0448,36.6449,36.6449,38.5514,64.6264,112.06483125000001,112.06483125000001,129.0356,89.9732
132,snn,baseline,jetson_emulator,50,local,0.5,43.1727,35.9297,43.1727,45.0241,62.8164,112.06483125000001,112.06483125000001,131.0201,89.9231
133,snn,baseline,jetson_emulator,50,local,0.5,43.0123,35.8905,43.0123,44.7023,62.8597,112.06483125000001,112.06483125000001,131.1255,89.9874
134,snn,baseline,jetson_emulator,50,local,0.5,43.8354,35.6504,43.8354,45.3428,62.6383,112.06483125000001,112.06483125000001,131.2309,90.0368
135,snn,baseline,jetson_emulator,50,offload,0.5,43.9077,36.1967,36.1967,37.7674,64.7545,112.06483125000001,112.06483125000001,129.4511,90.0219
136,snn,baseline,jetson_emulator,50,local,0.5,43.6763,35.6702,43.6763,45.6783,62.681,112.06483125000001,112.06483125000001,131.4417,89.9014
137,snn,baseline,jetson_emulator,50,local,0.5,43.0584,36.7896,43.0584,45.2511,62.8472,112.06483125000001,112.06483125000001,131.5471,90.0221
138,snn,baseline,jetson_emulator,50,local,0.5,43.4635,35.8796,43.4635,45.0772,62.7381,112.06483125000001,112.06483125000001,131.6525,90.078
139,snn,baseline,jetson_emulator,50,offload,0.5,42.9364,35.6562,35.6562,36.9903,64.9097,112.06483125000001,112.06483125000001,129.8667,89.9791
140,snn,baseline,jetson_emulator,50,offload,0.5,43.749,36.2082,36.2082,38.3199,64.7512,112.06483125000001,112.06483125000001,129.9705,89.8971
141,snn,baseline,jetson_emulator,50,local,0.5,43.1083,36.2659,43.1083,44.8001,62.8338,112.06483125000001,112.06483125000001,131.9687,89.9654
142,snn,baseline,jetson_emulator,50,offload,0.5,43.1386,35.3824,35.3824,37.112,64.9886,112.06483125000001,112.06483125000001,130.1783,89.9987
143,snn,baseline,jetson_emulator,50,offload,0.5,42.9681,35.6037,35.6037,37.0422,64.9248,112.06483125000001,112.06483125000001,130.2822,89.976
144,snn,baseline,jetson_emulator,50,local,0.5,43.4717,35.844,43.4717,45.4922,62.7359,112.06483125000001,112.06483125000001,132.2849,89.9707
145,snn,baseline,jetson_emulator,50,local,0.5,43.2836,36.0499,43.2836,45.2818,62.7865,112.06483125000001,112.06483125000001,132.3903,89.9025
146,snn,baseline,jetson_emulator,50,offload,0.5,42.6915,37.2141,37.2141,39.5961,64.4644,112.06483125000001,112.06483125000001,130.5939,89.9681
147,snn,baseline,jetson_emulator,50,offload,0.5,42.9285,35.2886,35.2886,36.9614,65.0157,112.06483125000001,112.06483125000001,130.6977,89.9322
148,snn,baseline,jetson_emulator,50,local,0.5,42.6703,35.8379,42.6703,44.8716,62.9521,112.06483125000001,112.06483125000001,132.7065,90.0629
149,snn,baseline,jetson_emulator,50,local,0.5,42.6393,35.4941,42.6393,44.7801,62.9605,112.06483125000001,112.06483125000001,132.8119,90.0959
150,snn,baseline,jetson_emulator,50,offload,0.5,43.1296,35.1428,35.1428,36.6196,65.0578,112.06483125000001,112.06483125000001,131.0094,89.9005
151,snn,baseline,jetson_emulator,50,local,0.5,42.81,35.5793,42.81,45.1503,62.9143,112.06483125000001,112.06483125000001,133.0227,89.9637
152,snn,baseline,jetson_emulator,50,local,0.5,43.4072,35.6394,43.4072,44.9532,62.7533,112.06483125000001,112.06483125000001,133.1281,89.9382
153,snn,baseline,jetson_emulator,50,local,0.5,42.9684,36.7917,42.9684,44.5559,62.8715,112.06483125000001,112.06483125000001,133.2335,90.0243
154,snn,baseline,jetson_emulator,50,local,0.5,42.5976,37.1573,42.5976,44.8282,62.9718,112.06483125000001,112.06483125000001,133.3389,89.9976
155,snn,baseline,jetson_emulator,50,offload,0.5,42.8447,35.4873,35.4873,37.9463,64.9583,112.06483125000001,112.06483125000001,131.5288,90.0185
156,snn,baseline,jetson_emulator,50,local,0.5,42.4266,36.0276,42.4266,44.4635,63.0181,112.06483125000001,112.06483125000001,133.5497,90.074
157,snn,baseline,jetson_emulator,50,offload,0.5,42.5308,36.2993,36.2993,37.7251,64.7252,112.06483125000001,112.06483125000001,131.7366,89.9956
158,snn,baseline,jetson_emulator,50,local,0.5,42.3917,35.177,42.3917,43.9483,63.0276,112.06483125000001,112.06483125000001,133.7605,90.016
159,snn,baseline,jetson_emulator,50,local,0.5,42.2724,35.9965,42.2724,44.0957,63.06,112.06483125000001,112.06483125000001,133.8659,89.908
160,snn,baseline,jetson_emulator,50,local,0.5,42.7646,34.9152,42.7646,45.3773,62.9266,112.06483125000001,112.06483125000001,133.9713,89.9883
161,snn,baseline,jetson_emulator,50,local,0.5,43.0827,35.5103,43.0827,44.7761,62.8407,112.06483125000001,112.06483125000001,134.0767,89.9038
162,snn,baseline,jetson_emulator,50,offload,0.5,42.9065,35.2568,35.2568,38.207,65.0248,112.06483125000001,112.06483125000001,132.256,90.0144
163,snn,baseline,jetson_emulator,50,local,0.5,42.534,35.0081,42.534,45.2008,62.989,112.06483125000001,112.06483125000001,134.2875,89.9991
164,snn,baseline,jetson_emulator,50,local,0.5,42.7958,34.8811,42.7958,44.4002,62.9181,112.06483125000001,112.06483125000001,134.3929,89.9559
165,snn,baseline,jetson_emulator,50,offload,0.5,42.1547,35.3267,35.3267,37.4041,65.0046,112.06483125000001,112.06483125000001,132.5677,90.0674
166,snn,baseline,jetson_emulator,50,local,0.5,42.4056,36.0112,42.4056,44.4404,63.0238,112.06483125000001,112.06483125000001,134.6036,89.9527
167,snn,baseline,jetson_emulator,50,local,0.5,42.1941,35.0644,42.1941,43.8678,63.0813,112.06483125000001,112.06483125000001,134.709,90.0558
168,snn,baseline,jetson_emulator,50,local,0.5,43.7042,35.1379,43.7042,46.361,62.6735,112.06483125000001,112.06483125000001,134.8144,90.0572
169,snn,baseline,jetson_emulator,50,offload,0.5,43.2879,34.9712,34.9712,36.9817,65.1074,112.06483125000001,112.06483125000001,132.9832,89.9689
170,snn,baseline,jetson_emulator,50,local,0.5,42.917,35.9824,42.917,45.407,62.8854,112.06483125000001,112.06483125000001,135.0252,90.0073
171,snn,baseline,jetson_emulator,50,local,0.5,42.8812,34.781,42.8812,45.0072,62.8951,112.06483125000001,112.06483125000001,135.1306,89.9611
172,snn,baseline,jetson_emulator,50,offload,0.5,42.0988,35.316,35.316,37.359,65.0077,112.06483125000001,112.06483125000001,133.2948,89.8792
173,snn,baseline,jetson_emulator,50,offload,0.5,42.4394,35.5361,35.5361,37.4718,64.9443,112.06483125000001,112.06483125000001,133.3987,89.9399
174,snn,baseline,jetson_emulator,50,local,0.5,42.1498,34.8208,42.1498,44.6585,63.0933,112.06483125000001,112.06483125000001,135.4468,90.0856
175,snn,baseline,jetson_emulator,50,offload,0.5,42.8038,36.1128,36.1128,38.2968,64.7785,112.06483125000001,112.06483125000001,133.6065,89.9856
176,snn,baseline,jetson_emulator,50,local,0.5,42.1202,35.1604,42.1202,43.5447,63.1014,112.06483125000001,112.06483125000001,135.6576,89.927
177,snn,baseline,jetson_emulator,50,local,0.5,41.8572,34.8261,41.8572,44.7564,63.1729,112.06483125000001,112.06483125000001,135.763,90.0422
178,snn,baseline,jetson_emulator,50,offload,0.5,42.1435,35.6182,35.6182,36.9573,64.9206,112.06483125000001,112.06483125000001,133.9181,89.9605
179,snn,baseline,jetson_emulator,50,offload,0.5,42.8339,35.0309,35.0309,37.0609,65.0901,112.06483125000001,112.06483125000001,134.022,90.0355
180,snn,baseline,jetson_emulator,50,offload,0.5,42.3424,34.7504,34.7504,37.2172,65.1714,112.06483125000001,112.06483125000001,134.1259,89.9184
181,snn,baseline,jetson_emulator,50,offload,0.5,42.4561,35.5427,35.5427,38.2394,64.9424,112.06483125000001,112.06483125000001,134.2298,89.983
182,snn,baseline,jetson_emulator,50,offload,0.5,41.7901,34.5489,34.5489,36.9798,65.2299,112.06483125000001,112.06483125000001,134.3337,90.0262
183,snn,baseline,jetson_emulator,50,local,0.5,42.4266,34.7077,42.4266,44.5329,63.0181,112.06483125000001,112.06483125000001,136.3954,90.0713
184,snn,baseline,jetson_emulator,50,local,0.5,42.3417,34.5833,42.3417,44.5299,63.0412,112.06483125000001,112.06483125000001,136.5008,90.048
185,snn,baseline,jetson_emulator,50,local,0.5,42.3031,34.702,42.3031,44.546,63.0517,112.06483125000001,112.06483125000001,136.6062,90.0454
186,snn,baseline,jetson_emulator,50,offload,0.5,41.7876,35.5069,35.5069,37.4098,64.9527,112.06483125000001,112.06483125000001,134.7492,90.0533
187,snn,baseline,jetson_emulator,50,offload,0.5,43.1103,34.9397,34.9397,37.2122,65.1165,112.06483125000001,112.06483125000001,134.8531,89.945
188,snn,baseline,jetson_emulator,50,local,0.5,42.7642,35.6661,42.7642,44.5713,62.9267,112.06483125000001,112.06483125000001,136.9224,89.926
189,snn,baseline,jetson_emulator,50,offload,0.5,42.6216,36.4196,36.4196,37.5039,64.6907,112.06483125000001,112.06483125000001,135.0609,90.0023
190,snn,baseline,jetson_emulator,50,local,0.5,41.7986,34.7603,41.7986,43.4315,63.1889,112.06483125000001,112.06483125000001,137.1332,90.0277
191,snn,baseline,jetson_emulator,50,local,0.5,43.0419,34.8095,43.0419,44.8329,62.8517,112.06483125000001,112.06483125000001,137.2386,90.0163
192,snn,baseline,jetson_emulator,50,local,0.5,41.8496,35.1176,41.8496,43.2405,63.175,112.06483125000001,112.06483125000001,137.344,89.9981
193,snn,baseline,jetson_emulator,50,local,0.5,42.6998,34.5048,42.6998,44.5274,62.9441,112.06483125000001,112.06483125000001,137.4494,90.0233
194,snn,baseline,jetson_emulator,50,local,0.5,41.9583,35.0353,41.9583,43.8784,63.1454,112.06483125000001,112.06483125000001,137.5548,89.9346
195,snn,baseline,jetson_emulator,50,local,0.5,41.8084,35.4248,41.8084,43.3225,63.1863,112.06483125000001,112.06483125000001,137.6602,89.9092
196,snn,baseline,jetson_emulator,50,offload,0.5,42.5794,35.5075,35.5075,38.0113,64.9525,112.06483125000001,112.06483125000001,135.7881,89.9558
197,snn,baseline,jetson_emulator,50,offload,0.5,42.3388,34.814,34.814,37.1716,65.1529,112.06483125000001,112.06483125000001,135.8919,90.0185
198,snn,baseline,jetson_emulator,50,local,0.5,41.9531,35.2544,41.9531,44.4583,63.1468,112.06483125000001,112.06483125000001,137.9763,89.965
199,snn,baseline,jetson_emulator,50,local,0.5,41.9563,34.7655,41.9563,43.2641,63.1459,112.06483125000001,112.06483125000001,138.0817,90.0135
200,snn,baseline,jetson_emulator,50,local,0.5,42.8191,35.4614,42.8191,44.9624,62.9118,112.06483125000001,112.06483125000001,138.1871,89.9949
201,snn,baseline,jetson_emulator,50,local,0.5,42.0341,34.7151,42.0341,43.6442,63.1248,112.06483125000001,112.06483125000001,138.2925,89.9895
202,snn,baseline,jetson_emulator,50,local,0.5,42.178,34.711,42.178,44.3857,63.0856,112.06483125000001,112.06483125000001,138.3979,89.9386
203,snn,baseline,jetson_emulator,50,local,0.5,43.1552,35.1885,43.1552,44.5348,62.8211,112.06483125000001,112.06483125000001,138.5033,89.9191
204,snn,baseline,jetson_emulator,50,local,0.5,41.8101,35.1639,41.8101,42.8645,63.1858,112.06483125000001,112.06483125000001,138.6087,90.0275
205,snn,baseline,jetson_emulator,50,local,0.5,42.1213,34.9915,42.1213,43.7741,63.1011,112.06483125000001,112.06483125000001,138.7141,89.998
206,snn,baseline,jetson_emulator,50,offload,0.5,42.6968,35.1377,35.1377,37.2122,65.0593,112.06483125000001,112.06483125000001,136.8269,89.8929
207,snn,baseline,jetson_emulator,50,offload,0.5,42.58,35.2294,35.2294,37.6838,65.0327,112.06483125000001,112.06483125000001,136.9308,89.9576
208,snn,baseline,jetson_emulator,50,local,0.5,42.9044,35.8802,42.9044,44.5718,62.8888,112.06483125000001,112.06483125000001,139.0303,90.0988
209,snn,baseline,jetson_emulator,50,local,0.5,42.478,34.7183,42.478,44.4347,63.0042,112.06483125000001,112.06483125000001,139.1357,90.0405
210,snn,baseline,jetson_emulator,50,local,0.5,42.2627,35.3439,42.2627,44.3555,63.0626,112.06483125000001,112.06483125000001,139.2411,89.957
211,snn,baseline,jetson_emulator,50,offload,0.5,42.0929,35.428,35.428,38.0458,64.9754,112.06483125000001,112.06483125000001,137.3463,90.0924
212,snn,baseline,jetson_emulator,50,offload,0.5,42.7717,35.4793,35.4793,37.8202,64.9606,112.06483125000001,112.06483125000001,137.4502,90.002
213,snn,baseline,jetson_emulator,50,local,0.5,42.4365,34.8517,42.4365,43.9738,63.0155,112.06483125000001,112.06483125000001,139.5573,89.9908
214,snn,baseline,jetson_emulator,50,local,0.5,41.9759,35.233,41.9759,43.9262,63.1406,112.06483125000001,112.06483125000001,139.6627,90.0209
215,snn,baseline,jetson_emulator,50,local,0.5,42.6653,35.9305,42.6653,45.0797,62.9535,112.06483125000001,112.06483125000001,139.7681,90.0513
216,snn,baseline,jetson_emulator,50,local,0.5,42.763,35.5301,42.763,44.7575,62.927,112.06483125000001,112.06483125000001,139.8735,90.0651
217,snn,baseline,jetson_emulator,50,local,0.5,42.7153,35.0418,42.7153,44.6571,62.9399,112.06483125000001,112.06483125000001,139.9789,89.9531
218,snn,baseline,jetson_emulator,50,offload,0.5,42.7729,35.1679,35.1679,38.0489,65.0505,112.06483125000001,112.06483125000001,138.0735,90.0331
219,snn,baseline,jetson_emulator,50,local,0.5,42.3525,35.3885,42.3525,43.258,63.0382,112.06483125000001,112.06483125000001,140.1897,90.02
220,snn,baseline,jetson_emulator,50,offload,0.5,42.2174,35.5116,35.5116,37.2971,64.9513,112.06483125000001,112.06483125000001,138.2813,89.9586
221,snn,baseline,jetson_emulator,50,offload,0.5,42.7488,35.2304,35.2304,37.5243,65.0325,112.06483125000001,112.06483125000001,138.3852,90.0046
222,snn,baseline,jetson_emulator,50,offload,0.5,42.6173,35.7137,35.7137,37.8075,64.8932,112.06483125000001,112.06483125000001,138.489,89.9849
223,snn,baseline,jetson_emulator,50,local,0.5,42.891,35.8699,42.891,44.4501,62.8924,112.06483125000001,112.06483125000001,140.6113,89.9896
224,snn,baseline,jetson_emulator,50,local,0.5,43.1529,35.4899,43.1529,44.8395,62.8217,112.06483125000001,112.06483125000001,140.7167,90.0001
225,snn,baseline,jetson_emulator,50,local,0.5,42.6611,35.9417,42.6611,44.1852,62.9546,112.06483125000001,112.06483125000001,140.8221,90.0293
226,snn,baseline,jetson_emulator,50,offload,0.5,42.4982,35.4052,35.4052,37.627,64.982,112.06483125000001,112.06483125000001,138.9046,90.0462
227,snn,baseline,jetson_emulator,50,local,0.5,42.7058,35.3799,42.7058,44.9271,62.9425,112.06483125000001,112.06483125000001,141.0329,90.0125
228,snn,baseline,jetson_emulator,50,local,0.5,43.1953,35.8741,43.1953,43.9362,62.8103,112.06483125000001,112.06483125000001,141.1383,90.0042
229,snn,baseline,jetson_emulator,50,local,0.5,42.7623,35.7106,42.7623,45.2154,62.9272,112.06483125000001,112.06483125000001,141.2437,90.059
230,snn,baseline,jetson_emulator,50,local,0.5,42.6273,35.628,42.6273,45.3577,62.9637,112.06483125000001,112.06483125000001,141.3491,90.073
231,snn,baseline,jetson_emulator,50,local,0.5,43.1734,35.865,43.1734,44.9171,62.8162,112.06483125000001,112.06483125000001,141.4544,89.991
232,snn,baseline,jetson_emulator,50,local,0.5,42.7944,35.6949,42.7944,44.1617,62.9185,112.06483125000001,112.06483125000001,141.5598,89.9873
233,snn,baseline,jetson_emulator,50,local,0.5,42.8115,36.4783,42.8115,44.3691,62.9139,112.06483125000001,112.06483125000001,141.6652,89.9287
234,snn,baseline,jetson_emulator,50,offload,0.5,43.0182,36.2281,36.2281,38.5524,64.7455,112.06483125000001,112.06483125000001,139.7357,90.0389
235,snn,baseline,jetson_emulator,50,offload,0.5,43.4755,36.3687,36.3687,38.7117,64.7053,112.06483125000001,112.06483125000001,139.8395,89.9443
236,snn,baseline,jetson_emulator,50,offload,0.5,43.0221,37.739,37.739,38.9607,64.3158,112.06483125000001,112.06483125000001,139.9434,89.965
237,snn,baseline,jetson_emulator,50,local,0.5,43.6012,36.3357,43.6012,45.7498,62.7011,112.06483125000001,112.06483125000001,142.0868,90.0215
238,snn,baseline,jetson_emulator,50,offload,0.5,43.1863,35.5497,35.5497,37.4593,64.9404,112.06483125000001,112.06483125000001,140.1512,90.0332
239,snn,baseline,jetson_emulator,50,offload,0.5,43.2188,35.63,35.63,37.732,64.9172,112.06483125000001,112.06483125000001,140.2551,89.9835
240,snn,baseline,jetson_emulator,50,offload,0.5,43.3332,35.9756,35.9756,36.9886,64.8179,112.06483125000001,112.06483125000001,140.359,90.0585
241,snn,baseline,jetson_emulator,50,offload,0.5,44.3775,35.7681,35.7681,37.6407,64.8775,112.06483125000001,112.06483125000001,140.4628,90.0239
242,snn,baseline,jetson_emulator,50,local,0.5,44.0521,36.189,44.0521,45.8548,62.5803,112.06483125000001,112.06483125000001,142.6138,90.0266
243,snn,baseline,jetson_emulator,50,local,0.5,44.6834,36.6702,44.6834,46.7925,62.4119,112.06483125000001,112.06483125000001,142.7192,89.9949
244,snn,baseline,jetson_emulator,50,offload,0.5,43.7282,36.7288,36.7288,38.1986,64.6025,112.06483125000001,112.06483125000001,140.7745,89.991
245,snn,baseline,jetson_emulator,50,offload,0.5,43.8217,36.299,36.299,38.3343,64.7252,112.06483125000001,112.06483125000001,140.8784,90.0003
246,snn,baseline,jetson_emulator,50,offload,0.5,43.6886,35.9624,35.9624,37.7578,64.8217,112.06483125000001,112.06483125000001,140.9823,89.9338
247,snn,baseline,jetson_emulator,50,local,0.5,44.5729,37.3964,44.5729,46.4982,62.4413,112.06483125000001,112.06483125000001,143.1408,89.931
248,snn,baseline,jetson_emulator,50,offload,0.5,43.7237,36.139,36.139,38.5111,64.7711,112.06483125000001,112.06483125000001,141.19,89.9676
249,snn,baseline,jetson_emulator,50,local,0.5,44.0122,36.4391,44.0122,46.3202,62.591,112.06483125000001,112.06483125000001,143.3516,90.0011
250,snn,baseline,jetson_emulator,50,offload,0.5,44.4783,36.3629,36.3629,38.5729,64.707,112.06483125000001,112.06483125000001,141.3978,90.0468
251,snn,baseline,jetson_emulator,50,local,0.5,44.4001,36.4254,44.4001,46.9095,62.4873,112.06483125000001,112.06483125000001,143.5624,89.9768
252,snn,baseline,jetson_emulator,50,offload,0.5,44.49,36.4241,36.4241,38.6963,64.6895,112.06483125000001,112.06483125000001,141.6056,90.0934
253,snn,baseline,jetson_emulator,50,local,0.5,43.9827,36.5132,43.9827,46.7351,62.5988,112.06483125000001,112.06483125000001,143.7732,90.0072
254,snn,baseline,jetson_emulator,50,local,0.5,44.2777,36.4646,44.2777,46.1787,62.52,112.06483125000001,112.06483125000001,143.8786,90.0567
255,snn,baseline,jetson_emulator,50,offload,0.5,44.5065,36.4759,36.4759,38.9663,64.6747,112.06483125000001,112.06483125000001,141.9172,89.9886
256,snn,baseline,jetson_emulator,50,offload,0.5,44.4274,37.7551,37.7551,39.7167,64.3113,112.06483125000001,112.06483125000001,142.0211,89.9731
257,snn,baseline,jetson_emulator,50,local,0.5,45.2026,37.1665,45.2026,46.7708,62.274,112.06483125000001,112.06483125000001,144.1948,89.9941
258,snn,baseline,jetson_emulator,50,local,0.5,45.1818,37.1338,45.1818,46.8253,62.2796,112.06483125000001,112.06483125000001,144.3002,89.9874
259,snn,baseline,jetson_emulator,50,local,0.5,44.9574,36.7928,44.9574,46.9471,62.3391,112.06483125000001,112.06483125000001,144.4056,90.0863
260,snn,baseline,jetson_emulator,50,offload,0.5,44.5587,37.0203,37.0203,39.1055,64.5195,112.06483125000001,112.06483125000001,142.4366,89.8976
261,snn,baseline,jetson_emulator,50,local,0.5,44.7984,36.9794,44.7984,45.938,62.3813,112.06483125000001,112.06483125000001,144.6164,89.9894
262,snn,baseline,jetson_emulator,50,offload,0.5,44.8581,36.987,36.987,38.1523,64.529,112.06483125000001,112.06483125000001,142.6444,90.0226
263,snn,baseline,jetson_emulator,50,offload,0.5,44.8775,37.4256,37.4256,39.0898,64.4045,112.06483125000001,112.06483125000001,142.7483,90.0279
264,snn,baseline,jetson_emulator,50,offload,0.5,44.9405,37.7284,37.7284,39.669,64.3188,112.06483125000001,112.06483125000001,142.8522,89.9106
265,snn,baseline,jetson_emulator,50,offload,0.5,45.5814,37.2888,37.2888,38.777,64.4432,112.06483125000001,112.06483125000001,142.9561,89.9952
266,snn,baseline,jetson_emulator,50,offload,0.5,45.7642,37.3115,37.3115,38.9834,64.4368,112.06483125000001,112.06483125000001,143.0599,90.0794
267,snn,baseline,jetson_emulator,50,offload,0.5,45.1576,37.6288,37.6288,39.0164,64.347,112.06483125000001,112.06483125000001,143.1638,90.0074
268,snn,baseline,jetson_emulator,50,offload,0.5,45.616,37.9958,37.9958,40.1604,64.2433,112.06483125000001,112.06483125000001,143.2677,89.9216
269,snn,baseline,jetson_emulator,50,local,0.5,45.2798,37.4777,45.2798,47.083,62.2536,112.06483125000001,112.06483125000001,145.4595,90.0502
270,snn,baseline,jetson_emulator,50,local,0.5,46.3296,38.0283,46.3296,47.4853,61.977,112.06483125000001,112.06483125000001,145.5649,90.0334
271,snn,baseline,jetson_emulator,50,offload,0.5,46.3001,37.8135,37.8135,40.0012,64.2948,112.06483125000001,112.06483125000001,143.5794,90.0543
272,snn,baseline,jetson_emulator,50,offload,0.5,46.9254,38.8012,38.8012,40.2736,64.0171,112.06483125000001,112.06483125000001,143.6833,90.0394
273,snn,baseline,jetson_emulator,50,local,0.5,46.0791,37.9671,46.0791,47.8689,62.0427,112.06483125000001,112.06483125000001,145.8811,90.0448
274,snn,baseline,jetson_emulator,50,offload,0.5,46.1323,38.1824,38.1824,39.9736,64.1908,112.06483125000001,112.06483125000001,143.891,89.9741
275,snn,baseline,jetson_emulator,50,local,0.5,46.5488,37.899,46.5488,47.8088,61.9195,112.06483125000001,112.06483125000001,146.0919,89.9673
276,snn,baseline,jetson_emulator,50,local,0.5,46.4994,39.8949,46.4994,49.1681,61.9324,112.06483125000001,112.06483125000001,146.1973,89.9259
277,snn,baseline,jetson_emulator,50,local,0.5,46.1942,38.6195,46.1942,47.7335,62.0125,112.06483125000001,112.06483125000001,146.3027,90.0071
278,snn,baseline,jetson_emulator,50,offload,0.5,46.1658,40.263,40.263,42.4258,63.6105,112.06483125000001,112.06483125000001,144.3066,90.0601
279,snn,baseline,jetson_emulator,50,local,0.5,46.4428,38.6222,46.4428,48.1624,61.9473,112.06483125000001,112.06483125000001,146.5135,90.0647
280,snn,baseline,jetson_emulator,50,offload,0.5,46.4084,38.9439,38.9439,41.1429,63.9772,112.06483125000001,112.06483125000001,144.5143,89.9611
281,snn,baseline,jetson_emulator,50,offload,0.5,46.9771,38.5144,38.5144,40.7542,64.0975,112.06483125000001,112.06483125000001,144.6182,90.0589
282,snn,baseline,jetson_emulator,50,offload,0.5,46.6079,38.5923,38.5923,40.2101,64.0756,112.06483125000001,112.06483125000001,144.7221,90.0649
283,snn,baseline,jetson_emulator,50,local,0.5,47.5137,39.1853,47.5137,49.6533,61.6679,112.06483125000001,112.06483125000001,146.9351,90.0171
284,snn,baseline,jetson_emulator,50,local,0.5,47.1533,38.8831,47.1533,48.3548,61.7616,112.06483125000001,112.06483125000001,147.0405,90.017
285,snn,baseline,jetson_emulator,50,offload,0.5,47.1684,39.0741,39.0741,41.1249,63.9408,112.06483125000001,112.06483125000001,145.0337,89.9815
286,snn,baseline,jetson_emulator,50,offload,0.5,47.4415,40.0806,40.0806,41.4225,63.661,112.06483125000001,112.06483125000001,145.1376,90.0042
287,snn,baseline,jetson_emulator,50,local,0.5,47.1252,39.3892,47.1252,49.9035,61.7689,112.06483125000001,112.06483125000001,147.3567,90.0337
288,snn,baseline,jetson_emulator,50,local,0.5,47.1421,39.1,47.1421,48.8732,61.7645,112.06483125000001,112.06483125000001,147.4621,89.9582
289,snn,baseline,jetson_emulator,50,local,0.5,48.308,39.4271,48.308,50.2895,61.4622,112.06483125000001,112.06483125000001,147.5675,89.9879
290,snn,baseline,jetson_emulator,50,local,0.5,47.2866,40.7144,47.2866,49.5774,61.7269,112.06483125000001,112.06483125000001,147.6729,90.0399
291,snn,baseline,jetson_emulator,50,offload,0.5,47.2859,39.9184,39.9184,41.1272,63.7059,112.06483125000001,112.06483125000001,145.657,90.0286
292,snn,baseline,jetson_emulator,50,local,0.5,47.354,40.4421,47.354,49.0825,61.7094,112.06483125000001,112.06483125000001,147.8837,89.9496
293,snn,baseline,jetson_emulator,50,offload,0.5,47.8568,39.9004,39.9004,42.0714,63.7109,112.06483125000001,112.06483125000001,145.8648,90.0862
294,snn,baseline,jetson_emulator,50,local,0.5,47.5297,39.683,47.5297,49.3585,61.6637,112.06483125000001,112.06483125000001,148.0945,90.0024
295,snn,baseline,jetson_emulator,50,offload,0.5,47.8011,40.4607,40.4607,42.0334,63.5559,112.06483125000001,112.06483125000001,146.0726,89.9429
296,snn,baseline,jetson_emulator,50,local,0.5,47.9103,39.653,47.9103,49.0059,61.565,112.06483125000001,112.06483125000001,148.3053,89.981
297,snn,baseline,jetson_emulator,50,offload,0.5,48.305,39.8571,39.8571,42.7296,63.7229,112.06483125000001,112.06483125000001,146.2804,89.9851
298,snn,baseline,jetson_emulator,50,local,0.5,48.836,40.3562,48.836,50.4361,61.3263,112.06483125000001,112.06483125000001,148.516,89.9529
299,snn,baseline,jetson_emulator,50,local,0.5,48.1007,39.9823,48.1007,50.0417,61.5158,112.06483125000001,112.06483125000001,148.6214,89.9485
300,snn,baseline,jetson_emulator,50,local,0.5,48.5801,39.7552,48.5801,50.7957,61.3921,112.06483125000001,112.06483125000001,148.7268,89.9149
301,snn,baseline,jetson_emulator,50,local,0.5,48.4121,40.392,48.4121,50.3306,61.4354,112.06483125000001,112.06483125000001,148.8322,89.9638
302,snn,baseline,jetson_emulator,50,local,0.5,48.5245,39.9565,48.5245,50.6306,61.4064,112.06483125000001,112.06483125000001,148.9376,90.0112
303,snn,baseline,jetson_emulator,50,offload,0.5,49.2305,40.5322,40.5322,42.6016,63.5362,112.06483125000001,112.06483125000001,146.9037,90.0478
304,snn,baseline,jetson_emulator,50,offload,0.5,48.5335,40.898,40.898,42.9847,63.4355,112.06483125000001,112.06483125000001,147.0075,89.9929
305,snn,baseline,jetson_emulator,50,local,0.5,49.0913,40.7659,49.0913,52.0041,61.2608,112.06483125000001,112.06483125000001,149.2538,89.9323
306,snn,baseline,jetson_emulator,50,local,0.5,48.9916,40.8991,48.9916,51.1198,61.2863,112.06483125000001,112.06483125000001,149.3592,90.0162
307,snn,baseline,jetson_emulator,50,offload,0.5,49.9067,41.0839,41.0839,43.0066,63.3845,112.06483125000001,112.06483125000001,147.3192,89.9833
308,snn,baseline,jetson_emulator,50,local,0.5,49.1605,40.4878,49.1605,51.2792,61.243,112.06483125000001,112.06483125000001,149.57,89.9527
309,snn,baseline,jetson_emulator,50,local,0.5,48.9567,40.5235,48.9567,51.0849,61.2953,112.06483125000001,112.06483125000001,149.6754,89.8959
310,snn,baseline,jetson_emulator,50,local,0.5,49.0246,41.0171,49.0246,50.9951,61.2779,112.06483125000001,112.06483125000001,149.7808,89.9677
311,snn,baseline,jetson_emulator,50,local,0.5,49.0971,42.6159,49.0971,50.3876,61.2593,112.06483125000001,112.06483125000001,149.8862,90.0811
312,snn,baseline,jetson_emulator,50,local,0.5,49.754,41.8518,49.754,51.584,61.0914,112.06483125000001,112.06483125000001,149.9916,90.0095
313,snn,baseline,jetson_emulator,50,offload,0.5,49.3229,40.8878,40.8878,43.2541,63.4383,112.06483125000001,112.06483125000001,147.9425,89.9236
314,snn,baseline,jetson_emulator,50,offload,0.5,49.6273,40.9702,40.9702,43.4575,63.4157,112.06483125000001,112.06483125000001,148.0464,89.9783
315,snn,baseline,jetson_emulator,50,local,0.5,49.6312,41.8935,49.6312,51.5515,61.1227,112.06483125000001,112.06483125000001,150.3078,90.0129
316,snn,baseline,jetson_emulator,50,local,0.5,50.1327,42.155,50.1327,52.2879,60.995,112.06483125000001,112.06483125000001,150.4132,89.9501
317,snn,baseline,jetson_emulator,50,local,0.5,49.6806,41.0528,49.6806,51.5343,61.1101,112.06483125000001,112.06483125000001,150.5186,90.006
318,snn,baseline,jetson_emulator,50,offload,0.5,50.9486,41.6673,41.6673,42.9356,63.2248,112.06483125000001,112.06483125000001,148.4619,90.0221
319,snn,baseline,jetson_emulator,50,local,0.5,49.8509,42.2101,49.8509,51.8959,61.0667,112.06483125000001,112.06483125000001,150.7294,89.9604
320,snn,baseline,jetson_emulator,50,offload,0.5,50.1453,41.6817,41.6817,44.1346,63.2208,112.06483125000001,112.06483125000001,148.6697,89.998
321,snn,baseline,jetson_emulator,50,offload,0.5,50.8576,41.407,41.407,43.8256,63.2959,112.06483125000001,112.06483125000001,148.7736,89.9895
322,snn,baseline,jetson_emulator,50,local,0.5,50.2216,41.6083,50.2216,52.3844,60.9724,112.06483125000001,112.06483125000001,151.0456,89.9934
323,snn,baseline,jetson_emulator,50,offload,0.5,50.3502,42.5679,42.5679,44.6858,62.9798,112.06483125000001,112.06483125000001,148.9813,90.0653
324,snn,baseline,jetson_emulator,50,local,0.5,50.9108,41.9193,50.9108,52.3622,60.7979,112.06483125000001,112.06483125000001,151.2564,90.0247
325,snn,baseline,jetson_emulator,50,local,0.5,50.3427,43.9192,50.3427,52.1616,60.9417,112.06483125000001,112.06483125000001,151.3618,89.9843
326,snn,baseline,jetson_emulator,50,local,0.5,50.468,42.523,50.468,52.5607,60.9099,112.06483125000001,112.06483125000001,151.4672,89.9508
327,snn,baseline,jetson_emulator,50,offload,0.5,51.132,42.8798,42.8798,46.3515,62.8954,112.06483125000001,112.06483125000001,149.3969,90.076
328,snn,baseline,jetson_emulator,50,offload,0.5,50.8165,42.4121,42.4121,44.5639,63.0221,112.06483125000001,112.06483125000001,149.5008,90.0466
329,snn,baseline,jetson_emulator,50,offload,0.5,51.0741,42.3889,42.3889,44.4595,63.0283,112.06483125000001,112.06483125000001,149.6046,89.9464
330,snn,baseline,jetson_emulator,50,local,0.5,50.7037,43.3923,50.7037,53.0501,60.8502,112.06483125000001,112.06483125000001,151.8888,90.0018
331,snn,baseline,jetson_emulator,50,offload,0.5,51.214,42.8086,42.8086,43.9143,62.9147,112.06483125000001,112.06483125000001,149.8124,89.9698
332,snn,baseline,jetson_emulator,50,local,0.5,51.0432,42.5915,51.0432,52.8007,60.7645,112.06483125000001,112.06483125000001,152.0995,90.036
333,snn,baseline,jetson_emulator,50,local,0.5,51.8072,42.7351,51.8072,54.0921,60.5724,112.06483125000001,112.06483125000001,152.2049,89.9669
334,snn,baseline,jetson_emulator,50,local,0.5,51.2935,42.1662,51.2935,53.0184,60.7014,112.06483125000001,112.06483125000001,152.3103,89.994
335,snn,baseline,jetson_emulator,50,local,0.5,51.8434,42.3138,51.8434,54.3184,60.5634,112.06483125000001,112.06483125000001,152.4157,90.0167
336,snn,baseline,jetson_emulator,50,local,0.5,51.9885,43.0455,51.9885,53.9592,60.527,112.06483125000001,112.06483125000001,152.5211,90.0526
337,snn,baseline,jetson_emulator,50,local,0.5,51.3192,42.8562,51.3192,52.901,60.695,112.06483125000001,112.06483125000001,152.6265,90.0568
338,snn,baseline,jetson_emulator,50,local,0.5,52.0345,42.9816,52.0345,54.1656,60.5155,112.06483125000001,112.06483125000001,152.7319,89.9751
339,snn,baseline,jetson_emulator,50,local,0.5,51.5653,42.9828,51.5653,53.2537,60.6331,112.06483125000001,112.06483125000001,152.8373,89.98
340,snn,baseline,jetson_emulator,50,local,0.5,52.2271,44.4449,52.2271,54.3246,60.4674,112.06483125000001,112.06483125000001,152.9427,89.9988
341,snn,baseline,jetson_emulator,50,offload,0.5,51.5944,43.3527,43.3527,45.714,62.7679,112.06483125000001,112.06483125000001,150.8513,90.0263
342,snn,baseline,jetson_emulator,50,local,0.5,51.805,44.5231,51.805,54.0856,60.573,112.06483125000001,112.06483125000001,153.1535,89.943
343,snn,baseline,jetson_emulator,50,local,0.5,51.9326,43.093,51.9326,53.1719,60.541,112.06483125000001,112.06483125000001,153.2589,89.9922
344,snn,baseline,jetson_emulator,50,offload,0.5,51.9187,43.5807,43.5807,45.4228,62.7066,112.06483125000001,112.06483125000001,151.1629,90.0612
345,snn,baseline,jetson_emulator,50,offload,0.5,52.0119,43.9077,43.9077,45.6766,62.6189,112.06483125000001,112.06483125000001,151.2668,90.1115
346,snn,baseline,jetson_emulator,50,local,0.5,52.392,43.3891,52.392,54.6699,60.4262,112.06483125000001,112.06483125000001,153.5751,89.9458
347,snn,baseline,jetson_emulator,50,offload,0.5,52.3768,43.374,43.374,45.5867,62.7622,112.06483125000001,112.06483125000001,151.4746,90.0223
348,snn,baseline,jetson_emulator,50,offload,0.5,52.0618,43.1664,43.1664,45.1754,62.8181,112.06483125000001,112.06483125000001,151.5784,89.951
349,snn,baseline,jetson_emulator,50,local,0.5,52.1851,44.1113,52.1851,54.7311,60.4779,112.06483125000001,112.06483125000001,153.8913,90.0087
350,snn,baseline,jetson_emulator,50,local,0.5,52.5591,44.1202,52.5591,54.574,60.3846,112.06483125000001,112.06483125000001,153.9967,90.0301
351,snn,baseline,jetson_emulator,50,local,0.5,53.8862,43.8792,53.8862,55.5495,60.0559,112.06483125000001,112.06483125000001,154.1021,89.926
352,snn,baseline,jetson_emulator,50,local,0.5,52.5281,43.6929,52.5281,54.7433,60.3923,112.06483125000001,112.06483125000001,154.2075,90.0364
353,snn,baseline,jetson_emulator,50,local,0.5,52.4762,44.9583,52.4762,54.4447,60.4052,112.06483125000001,112.06483125000001,154.3129,89.9985
354,snn,baseline,jetson_emulator,50,offload,0.5,52.8062,44.8297,44.8297,47.3498,62.373,112.06483125000001,112.06483125000001,152.2017,90.0261
355,snn,baseline,jetson_emulator,50,local,0.5,52.5789,44.0273,52.5789,54.9638,60.3797,112.06483125000001,112.06483125000001,154.5237,90.0735
356,snn,baseline,jetson_emulator,50,local,0.5,52.5695,43.3092,52.5695,54.1562,60.382,112.06483125000001,112.06483125000001,154.6291,90.1251
357,snn,baseline,jetson_emulator,50,offload,0.5,52.7962,43.4818,43.4818,45.2817,62.7332,112.06483125000001,112.06483125000001,152.5134,89.8838
358,snn,baseline,jetson_emulator,50,local,0.5,53.0017,44.5799,53.0017,55.8372,60.2746,112.06483125000001,112.06483125000001,154.8399,90.0037
359,snn,baseline,jetson_emulator,50,local,0.5,52.4997,43.5007,52.4997,54.8644,60.3994,112.06483125000001,112.06483125000001,154.9453,89.9717
360,snn,baseline,jetson_emulator,50,offload,0.5,52.723,43.5456,43.5456,45.2311,62.7161,112.06483125000001,112.06483125000001,152.8251,89.9714
361,snn,baseline,jetson_emulator,50,local,0.5,54.0517,44.6214,54.0517,55.9832,60.0151,112.06483125000001,112.06483125000001,155.1561,90.022
362,snn,baseline,jetson_emulator,50,offload,0.5,53.6931,45.4651,45.4651,47.1487,62.2046,112.06483125000001,112.06483125000001,153.0328,90.0005
363,snn,baseline,jetson_emulator,50,local,0.5,53.1331,44.2049,53.1331,55.3173,60.242,112.06483125000001,112.06483125000001,155.3669,90.0023
364,snn,baseline,jetson_emulator,50,offload,0.5,53.1434,44.0389,44.0389,45.7582,62.5838,112.06483125000001,112.06483125000001,153.2406,90.0389
365,snn,baseline,jetson_emulator,50,local,0.5,52.8309,44.6637,52.8309,54.7967,60.317,112.06483125000001,112.06483125000001,155.5776,90.0585
366,snn,baseline,jetson_emulator,50,local,0.5,52.9249,44.7781,52.9249,54.558,60.2936,112.06483125000001,112.06483125000001,155.683,90.0214
367,snn,baseline,jetson_emulator,50,offload,0.5,53.7957,44.1291,44.1291,46.5737,62.5597,112.06483125000001,112.06483125000001,153.5522,90.0207
368,snn,baseline,jetson_emulator,50,offload,0.5,53.3893,45.225,45.225,47.9974,62.2681,112.06483125000001,112.06483125000001,153.6561,89.9728
369,snn,baseline,jetson_emulator,50,local,0.5,53.321,43.9837,53.321,55.6064,60.1955,112.06483125000001,112.06483125000001,155.9992,90.0105
370,snn,baseline,jetson_emulator,50,offload,0.5,53.1387,44.9214,44.9214,46.664,62.3486,112.06483125000001,112.06483125000001,153.8639,89.9752
371,snn,baseline,jetson_emulator,50,local,0.5,53.4156,43.9915,53.4156,55.3535,60.172,112.06483125000001,112.06483125000001,156.21,90.0045
372,snn,baseline,jetson_emulator,50,local,0.5,53.2321,44.748,53.2321,55.7415,60.2175,112.06483125000001,112.06483125000001,156.3154,89.9837
373,snn,baseline,jetson_emulator,50,offload,0.5,54.2538,43.9433,43.9433,46.7328,62.6094,112.06483125000001,112.06483125000001,154.1755,89.9228
374,snn,baseline,jetson_emulator,50,offload,0.5,53.4472,43.8995,43.8995,46.3146,62.6211,112.06483125000001,112.06483125000001,154.2794,89.9678
375,snn,baseline,jetson_emulator,50,local,0.5,53.3743,44.0134,53.3743,55.3332,60.1822,112.06483125000001,112.06483125000001,156.6316,89.9869
376,snn,baseline,jetson_emulator,50,local,0.5,53.4195,43.998,53.4195,55.4702,60.1711,112.06483125000001,112.06483125000001,156.737,89.9154
377,snn,baseline,jetson_emulator,50,offload,0.5,53.2767,43.9824,43.9824,46.1697,62.5989,112.06483125000001,112.06483125000001,154.5911,90.0276
378,snn,baseline,jetson_emulator,50,local,0.5,54.1698,44.325,54.1698,55.9169,59.9861,112.06483125000001,112.06483125000001,156.9478,90.0001
379,snn,baseline,jetson_emulator,50,offload,0.5,53.6296,44.0547,44.0547,45.3724,62.5796,112.06483125000001,112.06483125000001,154.7988,90.0495
380,snn,baseline,jetson_emulator,50,local,0.5,53.6325,44.984,53.6325,54.6835,60.1184,112.06483125000001,112.06483125000001,157.1586,90.0289
381,snn,baseline,jetson_emulator,50,local,0.5,53.9261,44.5333,53.9261,56.0043,60.046,112.06483125000001,112.06483125000001,157.264,90.0443
382,snn,baseline,jetson_emulator,50,offload,0.5,53.9667,44.6068,44.6068,46.9883,62.4323,112.06483125000001,112.06483125000001,155.1105,89.9875
383,snn,baseline,jetson_emulator,50,offload,0.5,53.5269,45.3992,45.3992,47.2335,62.222,112.06483125000001,112.06483125000001,155.2144,90.0378
384,snn,baseline,jetson_emulator,50,local,0.5,53.6192,45.7834,53.6192,55.0153,60.1217,112.06483125000001,112.06483125000001,157.5802,90.0035
385,snn,baseline,jetson_emulator,50,offload,0.5,53.9222,45.0487,45.0487,46.7965,62.3148,112.06483125000001,112.06483125000001,155.4222,89.9724
386,snn,baseline,jetson_emulator,50,local,0.5,53.8107,46.6712,53.8107,56.2019,60.0745,112.06483125000001,112.06483125000001,157.791,89.967
387,snn,baseline,jetson_emulator,50,offload,0.5,53.4302,45.4858,45.4858,47.9145,62.1991,112.06483125000001,112.06483125000001,155.6299,90.0236
388,snn,baseline,jetson_emulator,50,offload,0.5,53.866,45.6931,45.6931,47.507,62.1444,112.06483125000001,112.06483125000001,155.7338,90.0078
389,snn,baseline,jetson_emulator,50,offload,0.5,53.5731,44.7542,44.7542,46.0264,62.393,112.06483125000001,112.06483125000001,155.8377,89.9781
390,snn,baseline,jetson_emulator,50,local,0.5,53.9931,45.5981,53.9931,56.0554,60.0296,112.06483125000001,112.06483125000001,158.2126,90.01
391,snn,baseline,jetson_emulator,50,local,0.5,54.6237,45.7333,54.6237,56.1129,59.8748,112.06483125000001,112.06483125000001,158.318,89.94
392,snn,baseline,jetson_emulator,50,offload,0.5,53.9872,44.9498,44.9498,46.4981,62.3411,112.06483125000001,112.06483125000001,156.1493,89.992
393,snn,baseline,jetson_emulator,50,offload,0.5,53.4604,44.2298,44.2298,46.3584,62.5328,112.06483125000001,112.06483125000001,156.2532,89.9671
394,snn,baseline,jetson_emulator,50,local,0.5,53.5965,45.0394,53.5965,54.8217,60.1273,112.06483125000001,112.06483125000001,158.6342,90.0625
395,snn,baseline,jetson_emulator,50,offload,0.5,53.8956,44.1956,44.1956,46.5069,62.5419,112.06483125000001,112.06483125000001,156.461,90.0327
396,snn,baseline,jetson_emulator,50,local,0.5,54.1133,45.4686,54.1133,56.6381,60.0,112.06483125000001,112.06483125000001,158.845,90.0541
397,snn,baseline,jetson_emulator,50,local,0.5,53.554,44.2531,53.554,55.3717,60.1378,112.06483125000001,112.06483125000001,158.9503,89.9894
398,snn,baseline,jetson_emulator,50,local,0.5,53.5385,44.7347,53.5385,55.9421,60.1417,112.06483125000001,112.06483125000001,159.0557,89.9905
399,snn,baseline,jetson_emulator,50,offload,0.5,53.6881,44.5841,44.5841,47.2022,62.4383,112.06483125000001,112.06483125000001,156.8765,90.0243
400,snn,baseline,jetson_emulator,50,offload,0.5,53.9999,44.729,44.729,47.6863,62.3997,112.06483125000001,112.06483125000001,156.9804,90.014
401,snn,baseline,jetson_emulator,50,local,0.5,53.5203,45.8569,53.5203,56.3085,60.1462,112.06483125000001,112.06483125000001,159.3719,89.9626
402,snn,baseline,jetson_emulator,50,local,0.5,53.7136,45.6003,53.7136,56.8586,60.0984,112.06483125000001,112.06483125000001,159.4773,89.9207
403,snn,baseline,jetson_emulator,50,local,0.5,53.6195,45.3165,53.6195,55.2061,60.1217,112.06483125000001,112.06483125000001,159.5827,89.9664
404,snn,baseline,jetson_emulator,50,local,0.5,53.8803,45.5147,53.8803,55.9086,60.0573,112.06483125000001,112.06483125000001,159.6881,89.9332
405,snn,baseline,jetson_emulator,50,local,0.5,53.9486,44.6503,53.9486,56.0849,60.0405,112.06483125000001,112.06483125000001,159.7935,89.8612
406,snn,baseline,jetson_emulator,50,offload,0.5,53.5335,44.5658,44.5658,46.2192,62.4432,112.06483125000001,112.06483125000001,157.6037,89.9761
407,snn,baseline,jetson_emulator,50,offload,0.5,53.951,44.6519,44.6519,46.1658,62.4203,112.06483125000001,112.06483125000001,157.7076,90.0707
408,snn,baseline,jetson_emulator,50,offload,0.5,53.6723,44.4795,44.4795,47.182,62.4662,112.06483125000001,112.06483125000001,157.8115,89.9354
409,snn,baseline,jetson_emulator,50,offload,0.5,54.0609,44.2997,44.2997,45.8431,62.5141,112.06483125000001,112.06483125000001,157.9154,89.9935
410,snn,baseline,jetson_emulator,50,offload,0.5,54.1527,45.4429,45.4429,47.1958,62.2105,112.06483125000001,112.06483125000001,158.0193,90.0368
411,snn,baseline,jetson_emulator,50,offload,0.5,53.9593,44.5125,44.5125,46.8066,62.4574,112.06483125000001,112.06483125000001,158.1231,90.0474
412,snn,baseline,jetson_emulator,50,local,0.5,53.6855,44.5258,53.6855,57.1284,60.1054,112.06483125000001,112.06483125000001,160.5313,90.0055
413,snn,baseline,jetson_emulator,50,local,0.5,53.5191,44.5744,53.5191,55.7505,60.1465,112.06483125000001,112.06483125000001,160.6367,90.0263
414,snn,baseline,jetson_emulator,50,local,0.5,54.1986,44.3682,54.1986,56.2356,59.979,112.06483125000001,112.06483125000001,160.7421,90.1056
415,snn,baseline,jetson_emulator,50,offload,0.5,53.9647,44.7834,44.7834,46.4483,62.3853,112.06483125000001,112.06483125000001,158.5387,89.9596
416,snn,baseline,jetson_emulator,50,local,0.5,53.7931,44.746,53.7931,56.5363,60.0788,112.06483125000001,112.06483125000001,160.9529,90.0039
417,snn,baseline,jetson_emulator,50,local,0.5,54.3839,45.4224,54.3839,55.6567,59.9335,112.06483125000001,112.06483125000001,161.0583,90.0092
418,snn,baseline,jetson_emulator,50,local,0.5,54.1972,45.7176,54.1972,56.2268,59.9794,112.06483125000001,112.06483125000001,161.1637,89.9533
419,snn,baseline,jetson_emulator,50,offload,0.5,53.7778,45.0042,45.0042,46.2944,62.3267,112.06483125000001,112.06483125000001,158.9542,90.0235
420,snn,baseline,jetson_emulator,50,local,0.5,54.125,45.0644,54.125,56.4141,59.9971,112.06483125000001,112.06483125000001,161.3745,89.9545
421,snn,baseline,jetson_emulator,50,local,0.5,53.6729,44.963,53.6729,55.7966,60.1085,112.06483125000001,112.06483125000001,161.4799,90.0396
422,snn,baseline,jetson_emulator,50,local,0.5,53.5311,44.6484,53.5311,55.1657,60.1435,112.06483125000001,112.06483125000001,161.5853,89.9855
423,snn,baseline,jetson_emulator,50,local,0.5,54.0976,44.3155,54.0976,55.559,60.0039,112.06483125000001,112.06483125000001,161.6907,90.0586
424,snn,baseline,jetson_emulator,50,offload,0.5,53.9382,44.8584,44.8584,47.3411,62.3654,112.06483125000001,112.06483125000001,159.4736,90.0474
425,snn,baseline,jetson_emulator,50,local,0.5,53.5518,44.8244,53.5518,55.9787,60.1384,112.06483125000001,112.06483125000001,161.9015,89.9219
426,snn,baseline,jetson_emulator,50,offload,0.5,54.8269,44.4504,44.4504,46.183,62.4739,112.06483125000001,112.06483125000001,159.6814,90.0781
427,snn,baseline,jetson_emulator,50,local,0.5,53.5839,44.7914,53.5839,55.0386,60.1305,112.06483125000001,112.06483125000001,162.1123,89.997
428,snn,baseline,jetson_emulator,50,local,0.5,54.1597,45.463,54.1597,55.8366,59.9886,112.06483125000001,112.06483125000001,162.2177,89.983
429,snn,baseline,jetson_emulator,50,offload,0.5,53.6062,44.5857,44.5857,46.1282,62.4379,112.06483125000001,112.06483125000001,159.9931,89.9069
430,snn,baseline,jetson_emulator,50,offload,0.5,54.1779,45.9832,45.9832,48.4155,62.068,112.06483125000001,112.06483125000001,160.0969,90.0337
431,snn,baseline,jetson_emulator,50,local,0.5,53.7832,45.5676,53.7832,55.6989,60.0813,112.06483125000001,112.06483125000001,162.5338,89.9273
432,snn,baseline,jetson_emulator,50,offload,0.5,53.8785,44.6802,44.6802,46.5972,62.4127,112.06483125000001,112.06483125000001,160.3047,90.0442
433,snn,baseline,jetson_emulator,50,offload,0.5,53.6742,44.2904,44.2904,46.0573,62.5166,112.06483125000001,112.06483125000001,160.4086,89.9644
434,snn,baseline,jetson_emulator,50,local,0.5,54.4352,44.3781,54.4352,56.2516,59.9209,112.06483125000001,112.06483125000001,162.85,89.9788
435,snn,baseline,jetson_emulator,50,local,0.5,53.9879,45.4607,53.9879,56.4464,60.0308,112.06483125000001,112.06483125000001,162.9554,89.9954
436,snn,baseline,jetson_emulator,50,offload,0.5,53.7991,44.4622,44.4622,46.2227,62.4708,112.06483125000001,112.06483125000001,160.7202,89.9427
437,snn,baseline,jetson_emulator,50,offload,0.5,53.6607,45.2,45.2,47.2442,62.2747,112.06483125000001,112.06483125000001,160.8241,89.9335
438,snn,baseline,jetson_emulator,50,offload,0.5,53.898,45.2468,45.2468,47.2986,62.2623,112.06483125000001,112.06483125000001,160.928,89.8609
439,snn,baseline,jetson_emulator,50,local,0.5,54.2644,44.4129,54.2644,56.447,59.9629,112.06483125000001,112.06483125000001,163.377,89.865
440,snn,baseline,jetson_emulator,50,local,0.5,53.3449,44.9796,53.3449,54.9242,60.1895,112.06483125000001,112.06483125000001,163.4824,89.9211
441,snn,baseline,jetson_emulator,50,offload,0.5,53.5876,44.5187,44.5187,47.0019,62.4557,112.06483125000001,112.06483125000001,161.2397,89.9716
442,snn,baseline,jetson_emulator,50,local,0.5,53.6628,44.6741,53.6628,55.2696,60.111,112.06483125000001,112.06483125000001,163.6932,89.8443
443,snn,baseline,jetson_emulator,50,local,0.5,53.9831,44.1689,53.9831,55.6021,60.032,112.06483125000001,112.06483125000001,163.7986,90.0856
444,snn,baseline,jetson_emulator,50,offload,0.5,53.397,44.9435,44.9435,47.6579,62.3427,112.06483125000001,112.06483125000001,161.5513,90.0856
445,snn,baseline,jetson_emulator,50,local,0.5,53.3325,44.3869,53.3325,56.3147,60.1926,112.06483125000001,112.06483125000001,164.0094,89.9125
446,snn,baseline,jetson_emulator,50,local,0.5,53.5543,44.0575,53.5543,55.096,60.1378,112.06483125000001,112.06483125000001,164.1148,90.0313
447,snn,baseline,jetson_emulator,50,offload,0.5,53.3638,45.5592,45.5592,47.9805,62.1797,112.06483125000001,112.06483125000001,161.863,89.9856
448,snn,baseline,jetson_emulator,50,offload,0.5,53.8777,44.8164,44.8164,48.1444,62.3765,112.06483125000001,112.06483125000001,161.9669,90.0212
449,snn,baseline,jetson_emulator,50,offload,0.5,53.6962,44.1514,44.1514,45.734,62.5537,112.06483125000001,112.06483125000001,162.0707,90.0537
450,snn,baseline,jetson_emulator,50,offload,0.5,53.7805,44.3128,44.3128,46.1796,62.5106,112.06483125000001,112.06483125000001,162.1746,89.9581
451,snn,baseline,jetson_emulator,50,offload,0.5,53.3418,45.1724,45.1724,46.7434,62.282,112.06483125000001,112.06483125000001,162.2785,89.9932
452,snn,baseline,jetson_emulator,50,local,0.5,53.9364,45.8533,53.9364,56.5759,60.0435,112.06483125000001,112.06483125000001,164.7472,89.8815
453,snn,baseline,jetson_emulator,50,offload,0.5,53.5643,45.783,45.783,48.0485,62.1207,112.06483125000001,112.06483125000001,162.4863,89.9217
454,snn,baseline,jetson_emulator,50,local,0.5,53.6858,45.2644,53.6858,55.1461,60.1053,112.06483125000001,112.06483125000001,164.958,89.9442
455,snn,baseline,jetson_emulator,50,local,0.5,54.4651,45.5143,54.4651,57.3797,59.9136,112.06483125000001,112.06483125000001,165.0634,89.949
456,snn,baseline,jetson_emulator,50,offload,0.5,53.4802,44.503,44.503,46.5354,62.4599,112.06483125000001,112.06483125000001,162.7979,89.9881
457,snn,baseline,jetson_emulator,50,offload,0.5,53.697,44.5742,44.5742,46.3074,62.441,112.06483125000001,112.06483125000001,162.9018,89.9288
458,snn,baseline,jetson_emulator,50,local,0.5,53.9511,45.2617,53.9511,56.4445,60.0399,112.06483125000001,112.06483125000001,165.3796,89.9959
459,snn,baseline,jetson_emulator,50,local,0.5,53.5357,44.768,53.5357,55.3144,60.1423,112.06483125000001,112.06483125000001,165.485,90.0177
460,snn,baseline,jetson_emulator,50,offload,0.5,54.0086,44.6233,44.6233,46.7451,62.4279,112.06483125000001,112.06483125000001,163.2135,90.0102
461,snn,baseline,jetson_emulator,50,local,0.5,54.1739,45.0769,54.1739,55.2321,59.9851,112.06483125000001,112.06483125000001,165.6958,89.9845
462,snn,baseline,jetson_emulator,50,local,0.5,53.5284,44.2583,53.5284,54.9066,60.1442,112.06483125000001,112.06483125000001,165.8012,90.0935
463,snn,baseline,jetson_emulator,50,local,0.5,54.2823,45.3962,54.2823,55.2419,59.9585,112.06483125000001,112.06483125000001,165.9065,89.9126
464,snn,baseline,jetson_emulator,50,local,0.5,53.4054,44.9842,53.4054,55.6426,60.1746,112.06483125000001,112.06483125000001,166.0119,90.0264
465,snn,baseline,jetson_emulator,50,local,0.5,53.9197,44.6277,53.9197,56.2141,60.0476,112.06483125000001,112.06483125000001,166.1173,90.0892
466,snn,baseline,jetson_emulator,50,local,0.5,54.0899,45.3401,54.0899,56.7797,60.0057,112.06483125000001,112.06483125000001,166.2227,90.0424
467,snn,baseline,jetson_emulator,50,offload,0.5,53.7186,44.7423,44.7423,46.2536,62.3962,112.06483125000001,112.06483125000001,163.9407,90.0445
468,snn,baseline,jetson_emulator,50,local,0.5,53.4936,45.2341,53.4936,54.1103,60.1528,112.06483125000001,112.06483125000001,166.4335,89.9987
469,snn,baseline,jetson_emulator,50,local,0.5,53.5402,44.9479,53.5402,54.6821,60.1412,112.06483125000001,112.06483125000001,166.5389,89.9969
470,snn,baseline,jetson_emulator,50,offload,0.5,54.5822,44.7201,44.7201,46.0847,62.4021,112.06483125000001,112.06483125000001,164.2523,89.9314
471,snn,baseline,jetson_emulator,50,local,0.5,53.6019,45.2863,53.6019,55.6421,60.126,112.06483125000001,112.06483125000001,166.7497,89.9395
472,snn,baseline,jetson_emulator,50,local,0.5,53.8596,44.9625,53.8596,56.054,60.0625,112.06483125000001,112.06483125000001,166.8551,89.9751
473,snn,baseline,jetson_emulator,50,offload,0.5,53.7792,44.1699,44.1699,46.5141,62.5488,112.06483125000001,112.06483125000001,164.564,90.0294
474,snn,baseline,jetson_emulator,50,offload,0.5,53.5059,45.3313,45.3313,46.8816,62.24,112.06483125000001,112.06483125000001,164.6678,89.9128
475,snn,baseline,jetson_emulator,50,offload,0.5,54.3976,45.0287,45.0287,46.4349,62.3202,112.06483125000001,112.06483125000001,164.7717,89.8927
476,snn,baseline,jetson_emulator,50,local,0.5,53.991,44.8047,53.991,55.9459,60.0301,112.06483125000001,112.06483125000001,167.2767,90.0229
477,snn,baseline,jetson_emulator,50,offload,0.5,53.4805,44.4881,44.4881,45.7044,62.4639,112.06483125000001,112.06483125000001,164.9795,90.0377
478,snn,baseline,jetson_emulator,50,offload,0.5,54.2726,44.2507,44.2507,46.2784,62.5272,112.06483125000001,112.06483125000001,165.0834,90.077
479,snn,baseline,jetson_emulator,50,local,0.5,53.5075,45.0212,53.5075,54.8184,60.1493,112.06483125000001,112.06483125000001,167.5929,89.9852
480,snn,baseline,jetson_emulator,50,local,0.5,53.58,44.7134,53.58,54.8171,60.1314,112.06483125000001,112.06483125000001,167.6983,89.9472
481,snn,baseline,jetson_emulator,50,offload,0.5,54.149,44.6203,44.6203,45.733,62.4287,112.06483125000001,112.06483125000001,165.395,89.9402
482,snn,baseline,jetson_emulator,50,offload,0.5,53.9102,45.8464,45.8464,47.6269,62.104,112.06483125000001,112.06483125000001,165.4989,90.0053
483,snn,baseline,jetson_emulator,50,offload,0.5,53.9288,44.7199,44.7199,46.6225,62.4022,112.06483125000001,112.06483125000001,165.6028,89.9382
484,snn,baseline,jetson_emulator,50,local,0.5,53.8573,45.8036,53.8573,55.9251,60.063,112.06483125000001,112.06483125000001,168.1199,90.0198
485,snn,baseline,jetson_emulator,50,offload,0.5,54.5448,44.4946,44.4946,46.3352,62.4621,112.06483125000001,112.06483125000001,165.8106,90.0428
486,snn,baseline,jetson_emulator,50,local,0.5,54.135,44.888,54.135,55.9709,59.9947,112.06483125000001,112.06483125000001,168.3307,89.9944
487,snn,baseline,jetson_emulator,50,offload,0.5,54.7529,45.3956,45.3956,46.7854,62.223,112.06483125000001,112.06483125000001,166.0183,90.0677
488,snn,baseline,jetson_emulator,50,offload,0.5,53.895,44.7436,44.7436,46.4344,62.3959,112.06483125000001,112.06483125000001,166.1222,89.9346
489,snn,baseline,jetson_emulator,50,local,0.5,53.9709,45.9509,53.9709,56.0742,60.035,112.06483125000001,112.06483125000001,168.6469,90.0263
490,snn,baseline,jetson_emulator,50,local,0.5,54.0413,44.4788,54.0413,55.8706,60.0177,112.06483125000001,112.06483125000001,168.7523,89.9684
491,snn,baseline,jetson_emulator,50,offload,0.5,54.0247,45.5766,45.5766,47.4141,62.1751,112.06483125000001,112.06483125000001,166.4339,89.9488
492,snn,baseline,jetson_emulator,50,offload,0.5,53.9202,44.8598,44.8598,46.9421,62.365,112.06483125000001,112.06483125000001,166.5378,89.9606
493,snn,baseline,jetson_emulator,50,offload,0.5,54.1318,45.2264,45.2264,47.6356,62.2677,112.06483125000001,112.06483125000001,166.6416,89.9312
494,snn,baseline,jetson_emulator,50,offload,0.5,55.3141,44.8965,44.8965,47.3962,62.3552,112.06483125000001,112.06483125000001,166.7455,89.9332
495,snn,baseline,jetson_emulator,50,local,0.5,54.4957,44.7552,54.4957,55.8928,59.9061,112.06483125000001,112.06483125000001,169.2793,90.0449
496,snn,baseline,jetson_emulator,50,local,0.5,54.2373,45.5877,54.2373,56.5054,59.9695,112.06483125000001,112.06483125000001,169.3846,89.9464
497,snn,baseline,jetson_emulator,50,offload,0.5,54.0809,45.3521,45.3521,47.4915,62.2345,112.06483125000001,112.06483125000001,167.0572,89.9132
498,snn,baseline,jetson_emulator,50,offload,0.5,54.7354,45.4893,45.4893,46.9064,62.1982,112.06483125000001,112.06483125000001,167.1611,89.9549
499,snn,baseline,jetson_emulator,50,local,0.5,54.2597,45.6125,54.2597,56.8536,59.964,112.06483125000001,112.06483125000001,169.7008,90.0283
500,snn,baseline,jetson_emulator,50,local,0.5,54.7874,45.6965,54.7874,57.0784,59.8347,112.06483125000001,112.06483125000001,169.8062,90.044
501,snn,baseline,jetson_emulator,50,local,0.5,54.2951,45.3953,54.2951,55.5856,59.9553,112.06483125000001,112.06483125000001,169.9116,89.9471
502,snn,baseline,jetson_emulator,50,offload,0.5,55.0751,46.3386,46.3386,48.1738,61.9746,112.06483125000001,112.06483125000001,167.5766,89.9956
503,snn,baseline,jetson_emulator,50,offload,0.5,54.4341,44.9453,44.9453,46.9537,62.3423,112.06483125000001,112.06483125000001,167.6805,90.0218
504,snn,baseline,jetson_emulator,50,local,0.5,55.2644,45.4454,55.2644,57.1918,59.7183,112.06483125000001,112.06483125000001,170.2278,90.0242
505,snn,baseline,jetson_emulator,50,local,0.5,54.7234,45.0375,54.7234,56.8081,59.8503,112.06483125000001,112.06483125000001,170.3332,89.929
506,snn,baseline,jetson_emulator,50,local,0.5,55.0024,46.0382,55.0024,56.9559,59.7822,112.06483125000001,112.06483125000001,170.4386,89.9539
507,snn,baseline,jetson_emulator,50,local,0.5,54.5772,45.1342,54.5772,56.4077,59.8861,112.06483125000001,112.06483125000001,170.544,89.9851
508,snn,baseline,jetson_emulator,50,local,0.5,54.8417,45.3496,54.8417,56.9452,59.8214,112.06483125000001,112.06483125000001,170.6494,89.8439
509,snn,baseline,jetson_emulator,50,offload,0.5,54.9573,45.4292,45.4292,46.6978,62.2141,112.06483125000001,112.06483125000001,168.3038,89.9884
510,snn,baseline,jetson_emulator,50,local,0.5,54.7099,45.2926,54.7099,57.1292,59.8536,112.06483125000001,112.06483125000001,170.8602,89.9795
511,snn,baseline,jetson_emulator,50,local,0.5,55.9406,45.2968,55.9406,57.4847,59.554,112.06483125000001,112.06483125000001,170.9656,90.0673
512,snn,baseline,jetson_emulator,50,local,0.5,55.1014,46.3019,55.1014,57.8585,59.758,112.06483125000001,112.06483125000001,171.071,90.036
513,snn,baseline,jetson_emulator,50,local,0.5,54.905,45.8978,54.905,56.1043,59.806,112.06483125000001,112.06483125000001,171.1764,90.0904
514,snn,baseline,jetson_emulator,50,local,0.5,55.0392,45.5838,55.0392,56.9752,59.7732,112.06483125000001,112.06483125000001,171.2818,90.0315
515,snn,baseline,jetson_emulator,50,local,0.5,54.9286,47.1585,54.9286,57.0746,59.8002,112.06483125000001,112.06483125000001,171.3872,89.995
516,snn,baseline,jetson_emulator,50,local,0.5,55.6577,46.5152,55.6577,57.61,59.6226,112.06483125000001,112.06483125000001,171.4926,89.8902
517,snn,baseline,jetson_emulator,50,local,0.5,55.6425,45.8244,55.6425,57.3435,59.6263,112.06483125000001,112.06483125000001,171.598,90.0449
518,snn,baseline,jetson_emulator,50,offload,0.5,55.109,45.6839,45.6839,46.9171,62.1468,112.06483125000001,112.06483125000001,169.2387,89.9581
519,snn,baseline,jetson_emulator,50,offload,0.5,55.6177,46.5525,46.5525,48.2896,61.9185,112.06483125000001,112.06483125000001,169.3426,90.0707
520,snn,baseline,jetson_emulator,50,offload,0.5,56.0338,46.1885,46.1885,47.1098,62.014,112.06483125000001,112.06483125000001,169.4465,89.9074
521,snn,baseline,jetson_emulator,50,local,0.5,56.3863,47.2436,56.3863,59.0564,59.4463,112.06483125000001,112.06483125000001,172.0196,90.0313
522,snn,baseline,jetson_emulator,50,local,0.5,56.2937,45.8199,56.2937,57.8537,59.4686,112.06483125000001,112.06483125000001,172.125,90.0215
523,snn,baseline,jetson_emulator,50,local,0.5,55.4539,47.8973,55.4539,57.6429,59.6721,112.06483125000001,112.06483125000001,172.2304,89.9716
524,snn,baseline,jetson_emulator,50,local,0.5,56.385,47.2336,56.385,57.9828,59.4466,112.06483125000001,112.06483125000001,172.3358,90.0148
525,snn,baseline,jetson_emulator,50,local,0.5,55.6167,46.1221,55.6167,57.6977,59.6326,112.06483125000001,112.06483125000001,172.4412,89.997
526,snn,baseline,jetson_emulator,50,offload,0.5,55.7259,46.3907,46.3907,48.2528,61.9609,112.06483125000001,112.06483125000001,170.0698,89.9708
527,snn,baseline,jetson_emulator,50,local,0.5,55.9738,46.5897,55.9738,58.435,59.546,112.06483125000001,112.06483125000001,172.652,89.9134
528,snn,baseline,jetson_emulator,50,offload,0.5,56.5292,46.4822,46.4822,49.6007,61.9369,112.06483125000001,112.06483125000001,170.2776,89.9991
529,snn,baseline,jetson_emulator,50,local,0.5,56.2189,46.8203,56.2189,58.1855,59.4867,112.06483125000001,112.06483125000001,172.8627,89.9988
530,snn,baseline,jetson_emulator,50,local,0.5,56.3589,46.6932,56.3589,57.8112,59.4529,112.06483125000001,112.06483125000001,172.9681,89.9719
531,snn,baseline,jetson_emulator,50,local,0.5,56.3235,46.5736,56.3235,58.0971,59.4614,112.06483125000001,112.06483125000001,173.0735,90.0824
532,snn,baseline,jetson_emulator,50,local,0.5,56.6475,47.0444,56.6475,58.1677,59.3833,112.06483125000001,112.06483125000001,173.1789,90.0069
533,snn,baseline,jetson_emulator,50,local,0.5,56.6489,48.7204,56.6489,59.2014,59.3829,112.06483125000001,112.06483125000001,173.2843,89.9093
534,snn,baseline,jetson_emulator,50,local,0.5,56.9118,47.1096,56.9118,58.1104,59.3197,112.06483125000001,112.06483125000001,173.3897,89.9122
535,snn,baseline,jetson_emulator,50,offload,0.5,57.1286,47.3324,47.3324,49.0525,61.715,112.06483125000001,112.06483125000001,171.0048,89.9379
536,snn,baseline,jetson_emulator,50,local,0.5,56.5574,47.0213,56.5574,59.9577,59.405,112.06483125000001,112.06483125000001,173.6005,90.0542
537,snn,baseline,jetson_emulator,50,local,0.5,57.3785,46.9371,57.3785,59.6861,59.2077,112.06483125000001,112.06483125000001,173.7059,90.0132
538,snn,baseline,jetson_emulator,50,offload,0.5,56.5973,46.8597,46.8597,49.1644,61.8382,112.06483125000001,112.06483125000001,171.3164,89.9638
539,snn,baseline,jetson_emulator,50,offload,0.5,57.4272,47.3624,47.3624,48.6312,61.7072,112.06483125000001,112.06483125000001,171.4203,89.9437
540,snn,baseline,jetson_emulator,50,local,0.5,57.0859,47.0287,57.0859,58.4691,59.2779,112.06483125000001,112.06483125000001,174.0221,89.9282
541,snn,baseline,jetson_emulator,50,local,0.5,56.8843,47.4665,56.8843,58.8247,59.3263,112.06483125000001,112.06483125000001,174.1275,89.9604
542,snn,baseline,jetson_emulator,50,offload,0.5,57.2539,47.8142,47.8142,49.7667,61.5899,112.06483125000001,112.06483125000001,171.732,89.9653
543,snn,baseline,jetson_emulator,50,offload,0.5,57.26,48.0667,48.0667,49.9701,61.5245,112.06483125000001,112.06483125000001,171.8358,90.0678
544,snn,baseline,jetson_emulator,50,offload,0.5,57.0049,48.0261,48.0261,49.3926,61.5351,112.06483125000001,112.06483125000001,171.9397,90.0346
545,snn,baseline,jetson_emulator,50,local,0.5,58.4169,47.5712,58.4169,60.5967,58.9601,112.06483125000001,112.06483125000001,174.5491,90.0712
546,snn,baseline,jetson_emulator,50,offload,0.5,57.3502,48.0224,48.0224,50.4057,61.536,112.06483125000001,112.06483125000001,172.1475,90.0069
547,snn,baseline,jetson_emulator,50,offload,0.5,58.4364,48.6907,48.6907,51.1342,61.3636,112.06483125000001,112.06483125000001,172.2514,90.0266
548,snn,baseline,jetson_emulator,50,local,0.5,57.9572,47.4505,57.9572,59.9724,59.0695,112.06483125000001,112.06483125000001,174.8653,89.9964
549,snn,baseline,jetson_emulator,50,offload,0.5,58.1317,48.1363,48.1363,49.4059,61.5066,112.06483125000001,112.06483125000001,172.4591,90.0683
550,snn,baseline,jetson_emulator,50,offload,0.5,58.0005,48.0381,48.0381,49.886,61.5319,112.06483125000001,112.06483125000001,172.563,90.0607
551,snn,baseline,jetson_emulator,50,local,0.5,57.8108,48.297,57.8108,60.1913,59.1044,112.06483125000001,112.06483125000001,175.1815,89.9625
552,snn,baseline,jetson_emulator,50,local,0.5,58.7066,48.5363,58.7066,60.1229,58.8914,112.06483125000001,112.06483125000001,175.2869,89.9578
553,snn,baseline,jetson_emulator,50,local,0.5,57.8582,48.2152,57.8582,59.3503,59.0931,112.06483125000001,112.06483125000001,175.3923,90.0212
554,snn,baseline,jetson_emulator,50,offload,0.5,58.188,48.9767,48.9767,50.6399,61.2902,112.06483125000001,112.06483125000001,172.9786,90.0313
555,snn,baseline,jetson_emulator,50,offload,0.5,58.0909,48.5395,48.5395,51.0641,61.4026,112.06483125000001,112.06483125000001,173.0825,90.0277
556,snn,baseline,jetson_emulator,50,offload,0.5,58.115,49.0587,49.0587,50.7221,61.2691,112.06483125000001,112.06483125000001,173.1863,89.8741
557,snn,baseline,jetson_emulator,50,local,0.5,58.3563,48.4353,58.3563,60.3921,58.9745,112.06483125000001,112.06483125000001,175.8139,89.987
558,snn,baseline,jetson_emulator,50,offload,0.5,58.8488,48.9931,48.9931,50.8347,61.286,112.06483125000001,112.06483125000001,173.3941,89.9603
559,snn,baseline,jetson_emulator,50,local,0.5,58.6992,49.0932,58.6992,60.5602,58.8932,112.06483125000001,112.06483125000001,176.0247,89.9718
560,snn,baseline,jetson_emulator,50,offload,0.5,58.3982,48.9115,48.9115,50.7882,61.3069,112.06483125000001,112.06483125000001,173.6019,89.9803
561,snn,baseline,jetson_emulator,50,offload,0.5,59.147,48.4767,48.4767,51.3865,61.4187,112.06483125000001,112.06483125000001,173.7058,89.9352
562,snn,baseline,jetson_emulator,50,offload,0.5,58.9233,48.6167,48.6167,51.1931,61.3827,112.06483125000001,112.06483125000001,173.8096,90.0146
563,snn,baseline,jetson_emulator,50,local,0.5,59.0846,49.1018,59.0846,60.7213,58.802,112.06483125000001,112.06483125000001,176.4462,89.9418
564,snn,baseline,jetson_emulator,50,offload,0.5,59.1026,48.7442,48.7442,50.8329,61.3499,112.06483125000001,112.06483125000001,174.0174,90.0072
565,snn,baseline,jetson_emulator,50,offload,0.5,59.5683,49.6184,49.6184,51.5578,61.126,112.06483125000001,112.06483125000001,174.1213,89.9252
566,snn,baseline,jetson_emulator,50,offload,0.5,59.3114,49.5955,49.5955,52.115,61.1318,112.06483125000001,112.06483125000001,174.2252,90.0366
567,snn,baseline,jetson_emulator,50,offload,0.5,59.2007,48.766,48.766,50.6624,61.3443,112.06483125000001,112.06483125000001,174.3291,90.0201
568,snn,baseline,jetson_emulator,50,local,0.5,59.3406,49.7747,59.3406,60.8769,58.7416,112.06483125000001,112.06483125000001,176.9732,89.9721
569,snn,baseline,jetson_emulator,50,offload,0.5,59.5177,49.7267,49.7267,51.935,61.0983,112.06483125000001,112.06483125000001,174.5368,89.982
570,snn,baseline,jetson_emulator,50,local,0.5,59.2762,49.5908,59.2762,61.0695,58.7568,112.06483125000001,112.06483125000001,177.184,89.9575
571,snn,baseline,jetson_emulator,50,offload,0.5,60.0585,49.4178,49.4178,51.4278,61.1772,112.06483125000001,112.06483125000001,174.7446,89.9797
572,snn,baseline,jetson_emulator,50,offload,0.5,59.3995,49.2366,49.2366,51.2123,61.2236,112.06483125000001,112.06483125000001,174.8485,89.9607
573,snn,baseline,jetson_emulator,50,offload,0.5,59.6325,49.2863,49.2863,50.5006,61.2108,112.06483125000001,112.06483125000001,174.9524,90.0398
574,snn,baseline,jetson_emulator,50,offload,0.5,59.6045,51.0813,51.0813,53.178,60.7549,112.06483125000001,112.06483125000001,175.0562,90.0334
575,snn,baseline,jetson_emulator,50,offload,0.5,59.8775,49.4832,49.4832,52.0899,61.1605,112.06483125000001,112.06483125000001,175.1601,89.9432
576,snn,baseline,jetson_emulator,50,local,0.5,60.4654,50.2035,60.4654,62.4724,58.4777,112.06483125000001,112.06483125000001,177.8164,90.07
577,snn,baseline,jetson_emulator,50,local,0.5,59.9798,49.8242,59.9798,62.4395,58.5914,112.06483125000001,112.06483125000001,177.9218,90.0948
578,snn,baseline,jetson_emulator,50,local,0.5,60.1543,50.0923,60.1543,61.9584,58.5505,112.06483125000001,112.06483125000001,178.0272,89.9972
579,snn,baseline,jetson_emulator,50,local,0.5,60.1679,50.01,60.1679,61.6495,58.5473,112.06483125000001,112.06483125000001,178.1326,89.9643
580,snn,baseline,jetson_emulator,50,local,0.5,60.7145,50.0216,60.7145,62.6201,58.4196,112.06483125000001,112.06483125000001,178.238,90.0106
581,snn,baseline,jetson_emulator,50,local,0.5,60.4386,50.6585,60.4386,61.9165,58.484,112.06483125000001,112.06483125000001,178.3434,89.999
582,snn,baseline,jetson_emulator,50,local,0.5,60.5585,50.7918,60.5585,62.2776,58.456,112.06483125000001,112.06483125000001,178.4488,90.0033
583,snn,baseline,jetson_emulator,50,offload,0.5,60.3294,49.9854,49.9854,51.1512,61.0324,112.06483125000001,112.06483125000001,175.9912,89.9788
584,snn,baseline,jetson_emulator,50,local,0.5,60.9332,50.9338,60.9332,62.5009,58.3687,112.06483125000001,112.06483125000001,178.6596,90.0264
585,snn,baseline,jetson_emulator,50,offload,0.5,60.5056,50.33,50.33,52.1281,60.9449,112.06483125000001,112.06483125000001,176.199,89.9577
586,snn,baseline,jetson_emulator,50,local,0.5,60.9189,50.2662,60.9189,62.7885,58.372,112.06483125000001,112.06483125000001,178.8704,89.9936
587,snn,baseline,jetson_emulator,50,local,0.5,61.3686,50.7021,61.3686,63.4522,58.2675,112.06483125000001,112.06483125000001,178.9758,90.0328
588,snn,baseline,jetson_emulator,50,offload,0.5,61.6041,50.2207,50.2207,52.2956,60.9726,112.06483125000001,112.06483125000001,176.5106,89.8842
589,snn,baseline,jetson_emulator,50,offload,0.5,60.9532,51.3361,51.3361,53.3288,60.6907,112.06483125000001,112.06483125000001,176.6145,90.0149
590,snn,baseline,jetson_emulator,50,offload,0.5,60.9517,50.9156,50.9156,52.6051,60.7967,112.06483125000001,112.06483125000001,176.7184,89.9152
591,snn,baseline,jetson_emulator,50,offload,0.5,61.0438,50.3561,50.3561,51.973,60.9383,112.06483125000001,112.06483125000001,176.8223,89.9825
592,snn,baseline,jetson_emulator,50,local,0.5,61.2778,51.6112,61.2778,63.0511,58.2886,112.06483125000001,112.06483125000001,179.5028,89.9584
593,snn,baseline,jetson_emulator,50,local,0.5,61.3425,50.6389,61.3425,62.8951,58.2736,112.06483125000001,112.06483125000001,179.6082,89.9991
594,snn,baseline,jetson_emulator,50,local,0.5,61.2954,50.6339,61.2954,62.7029,58.2845,112.06483125000001,112.06483125000001,179.7136,89.9775
595,snn,baseline,jetson_emulator,50,offload,0.5,62.0678,50.7751,50.7751,52.9518,60.8322,112.06483125000001,112.06483125000001,177.2378,90.0935
596,snn,baseline,jetson_emulator,50,offload,0.5,61.7211,51.3115,51.3115,52.9627,60.6969,112.06483125000001,112.06483125000001,177.3417,90.006
597,snn,baseline,jetson_emulator,50,offload,0.5,61.3989,51.9908,51.9908,53.2682,60.5265,112.06483125000001,112.06483125000001,177.4456,89.9179
598,snn,baseline,jetson_emulator,50,offload,0.5,62.1744,51.3101,51.3101,53.1804,60.6973,112.06483125000001,112.06483125000001,177.5495,90.0433
599,snn,baseline,jetson_emulator,50,local,0.5,61.9936,51.7816,61.9936,64.2795,58.123,112.06483125000001,112.06483125000001,180.2405,90.0677
600,snn,baseline,jetson_emulator,50,local,0.5,61.5967,51.1229,61.5967,64.0043,58.2147,112.06483125000001,112.06483125000001,180.3459,90.0607
601,snn,baseline,jetson_emulator,50,local,0.5,61.9113,51.4517,61.9113,63.5755,58.142,112.06483125000001,112.06483125000001,180.4513,89.9071
602,snn,baseline,jetson_emulator,50,offload,0.5,62.0743,51.2293,51.2293,52.8543,60.7176,112.06483125000001,112.06483125000001,177.965,89.9904
603,snn,baseline,jetson_emulator,50,offload,0.5,62.1975,51.032,51.032,53.3044,60.7673,112.06483125000001,112.06483125000001,178.0689,90.0006
604,snn,baseline,jetson_emulator,50,local,0.5,61.8174,51.4121,61.8174,63.2838,58.1636,112.06483125000001,112.06483125000001,180.7675,90.0279
605,snn,baseline,jetson_emulator,50,local,0.5,62.4783,51.3163,62.4783,64.0264,58.0113,112.06483125000001,112.06483125000001,180.8729,90.0013
606,snn,baseline,jetson_emulator,50,local,0.5,62.7538,51.3196,62.7538,64.3594,57.9481,112.06483125000001,112.06483125000001,180.9783,90.0588
607,snn,baseline,jetson_emulator,50,local,0.5,62.2384,51.4282,62.2384,64.5757,58.0665,112.06483125000001,112.06483125000001,181.0837,90.0079
608,snn,baseline,jetson_emulator,50,offload,0.5,61.9875,51.6537,51.6537,53.7817,60.6109,112.06483125000001,112.06483125000001,178.5883,90.009
609,snn,baseline,jetson_emulator,50,local,0.5,62.2421,51.4646,62.2421,63.6741,58.0657,112.06483125000001,112.06483125000001,181.2945,90.037
610,snn,baseline,jetson_emulator,50,offload,0.5,62.4878,51.3879,51.3879,53.1349,60.6777,112.06483125000001,112.06483125000001,178.7961,89.9878
611,snn,baseline,jetson_emulator,50,offload,0.5,62.1269,52.1425,52.1425,54.3461,60.4885,112.06483125000001,112.06483125000001,178.9,90.0489
612,snn,baseline,jetson_emulator,50,offload,0.5,62.5598,52.5276,52.5276,54.6753,60.3925,112.06483125000001,112.06483125000001,179.0038,89.9939
613,snn,baseline,jetson_emulator,50,local,0.5,62.2718,52.1881,62.2718,64.8845,58.0588,112.06483125000001,112.06483125000001,181.7161,90.0394
614,snn,baseline,jetson_emulator,50,offload,0.5,62.3925,51.6732,51.6732,53.2739,60.606,112.06483125000001,112.06483125000001,179.2116,90.0605
615,snn,baseline,jetson_emulator,50,offload,0.5,62.4676,51.7458,51.7458,53.7187,60.5878,112.06483125000001,112.06483125000001,179.3155,89.9564
616,snn,baseline,jetson_emulator,50,offload,0.5,62.8697,51.7649,51.7649,54.277,60.583,112.06483125000001,112.06483125000001,179.4194,89.9129
617,snn,baseline,jetson_emulator,50,offload,0.5,63.6002,52.6147,52.6147,54.1992,60.3708,112.06483125000001,112.06483125000001,179.5233,89.9237
618,snn,baseline,jetson_emulator,50,offload,0.5,62.8102,52.5463,52.5463,54.6352,60.3878,112.06483125000001,112.06483125000001,179.6271,89.9569
619,snn,baseline,jetson_emulator,50,local,0.5,62.595,51.845,62.595,64.1191,57.9845,112.06483125000001,112.06483125000001,182.3485,90.039
620,snn,baseline,jetson_emulator,50,local,0.5,63.1916,51.8206,63.1916,64.4355,57.8478,112.06483125000001,112.06483125000001,182.4539,90.0731
621,snn,baseline,jetson_emulator,50,offload,0.5,62.7187,52.1176,52.1176,53.7639,60.4947,112.06483125000001,112.06483125000001,179.9388,90.0598
622,snn,baseline,jetson_emulator,50,local,0.5,62.5935,51.8593,62.5935,64.8866,57.9849,112.06483125000001,112.06483125000001,182.6647,89.9824
623,snn,baseline,jetson_emulator,50,local,0.5,62.9297,52.6277,62.9297,64.6374,57.9078,112.06483125000001,112.06483125000001,182.7701,89.9917
624,snn,baseline,jetson_emulator,50,local,0.5,63.2776,52.2682,63.2776,65.4478,57.8282,112.06483125000001,112.06483125000001,182.8755,90.0076
625,snn,baseline,jetson_emulator,50,local,0.5,62.7024,52.1849,62.7024,63.9018,57.9599,112.06483125000001,112.06483125000001,182.9809,90.0126
626,snn,baseline,jetson_emulator,50,offload,0.5,63.5632,52.1955,52.1955,53.8486,60.4753,112.06483125000001,112.06483125000001,180.4582,89.9145
627,snn,baseline,jetson_emulator,50,local,0.5,63.1624,51.8716,63.1624,64.8864,57.8545,112.06483125000001,112.06483125000001,183.1917,90.0822
628,snn,baseline,jetson_emulator,50,local,0.5,62.9749,52.0476,62.9749,64.8255,57.8974,112.06483125000001,112.06483125000001,183.297,89.9291
629,snn,baseline,jetson_emulator,50,local,0.5,63.1107,52.5704,63.1107,65.4125,57.8663,112.06483125000001,112.06483125000001,183.4024,89.9879
630,snn,baseline,jetson_emulator,50,local,0.5,63.8118,52.806,63.8118,65.7978,57.7064,112.06483125000001,112.06483125000001,183.5078,90.0196
631,snn,baseline,jetson_emulator,50,offload,0.5,63.8334,52.4254,52.4254,54.972,60.4179,112.06483125000001,112.06483125000001,180.9776,90.0178
632,snn,baseline,jetson_emulator,50,offload,0.5,64.1022,52.3243,52.3243,53.9275,60.4431,112.06483125000001,112.06483125000001,181.0815,89.9123
633,snn,baseline,jetson_emulator,50,offload,0.5,62.9077,52.1232,52.1232,54.1334,60.4933,112.06483125000001,112.06483125000001,181.1854,89.9475
634,snn,baseline,jetson_emulator,50,local,0.5,64.4434,53.6688,64.4434,66.3018,57.5631,112.06483125000001,112.06483125000001,183.9294,89.9417
635,snn,baseline,jetson_emulator,50,offload,0.5,64.1693,52.0512,52.0512,53.725,60.5114,112.06483125000001,112.06483125000001,181.3932,89.964
636,snn,baseline,jetson_emulator,50,local,0.5,63.0398,52.995,63.0398,65.0256,57.8826,112.06483125000001,112.06483125000001,184.1402,90.0546
637,snn,baseline,jetson_emulator,50,local,0.5,62.9815,53.097,62.9815,64.89,57.8959,112.06483125000001,112.06483125000001,184.2456,90.028
638,snn,baseline,jetson_emulator,50,offload,0.5,63.943,52.7893,52.7893,55.1757,60.3273,112.06483125000001,112.06483125000001,181.7048,89.9938
639,snn,baseline,jetson_emulator,50,offload,0.5,63.4084,52.571,52.571,54.1211,60.3816,112.06483125000001,112.06483125000001,181.8087,89.9558
640,snn,baseline,jetson_emulator,50,local,0.5,63.5525,52.8622,63.5525,66.5832,57.7655,112.06483125000001,112.06483125000001,184.5618,90.0284
641,snn,baseline,jetson_emulator,50,offload,0.5,63.4509,52.1779,52.1779,54.2726,60.4797,112.06483125000001,112.06483125000001,182.0165,89.9814
642,snn,baseline,jetson_emulator,50,local,0.5,63.0089,52.6757,63.0089,65.2315,57.8896,112.06483125000001,112.06483125000001,184.7726,89.9867
643,snn,baseline,jetson_emulator,50,local,0.5,62.9914,52.5536,62.9914,65.1583,57.8936,112.06483125000001,112.06483125000001,184.878,90.0355
644,snn,baseline,jetson_emulator,50,offload,0.5,64.7863,53.1522,53.1522,55.3749,60.2372,112.06483125000001,112.06483125000001,182.3281,89.9132
645,snn,baseline,jetson_emulator,50,local,0.5,63.2144,52.5917,63.2144,65.8083,57.8426,112.06483125000001,112.06483125000001,185.0888,89.989
646,snn,baseline,jetson_emulator,50,offload,0.5,63.3323,52.4858,52.4858,54.7499,60.4029,112.06483125000001,112.06483125000001,182.5359,90.0248
647,snn,baseline,jetson_emulator,50,offload,0.5,63.8792,52.9318,52.9318,54.857,60.2919,112.06483125000001,112.06483125000001,182.6398,90.0721
648,snn,baseline,jetson_emulator,50,local,0.5,62.9797,52.6996,62.9797,65.4289,57.8963,112.06483125000001,112.06483125000001,185.405,89.9778
649,snn,baseline,jetson_emulator,50,local,0.5,62.9712,52.4351,62.9712,64.8078,57.8983,112.06483125000001,112.06483125000001,185.5104,89.9084
650,snn,baseline,jetson_emulator,50,offload,0.5,63.5606,52.8814,52.8814,54.5971,60.3044,112.06483125000001,112.06483125000001,182.9514,89.9962
651,snn,baseline,jetson_emulator,50,local,0.5,64.1337,53.0709,64.1337,65.7182,57.6333,112.06483125000001,112.06483125000001,185.7212,90.0345
652,snn,baseline,jetson_emulator,50,offload,0.5,63.1089,52.1933,52.1933,53.8485,60.4758,112.06483125000001,112.06483125000001,183.1592,89.8905
653,snn,baseline,jetson_emulator,50,local,0.5,62.9727,53.0313,62.9727,64.4742,57.8979,112.06483125000001,112.06483125000001,185.932,90.0222
654,snn,baseline,jetson_emulator,50,offload,0.5,63.2163,52.5884,52.5884,55.3992,60.3773,112.06483125000001,112.06483125000001,183.367,90.0168
655,snn,baseline,jetson_emulator,50,local,0.5,63.3955,52.5023,63.3955,65.2637,57.8013,112.06483125000001,112.06483125000001,186.1428,89.9848
656,snn,baseline,jetson_emulator,50,local,0.5,63.0434,53.313,63.0434,65.4705,57.8817,112.06483125000001,112.06483125000001,186.2482,90.1151
657,snn,baseline,jetson_emulator,50,offload,0.5,63.6323,53.0706,53.0706,54.8378,60.2575,112.06483125000001,112.06483125000001,183.6786,90.0217
658,snn,baseline,jetson_emulator,50,local,0.5,62.9624,52.6306,62.9624,65.2019,57.9003,112.06483125000001,112.06483125000001,186.459,89.9114
659,snn,baseline,jetson_emulator,50,offload,0.5,62.9187,52.3655,52.3655,54.709,60.4328,112.06483125000001,112.06483125000001,183.8864,89.8815
660,snn,baseline,jetson_emulator,50,local,0.5,63.8505,52.1871,63.8505,66.3226,57.6976,112.06483125000001,112.06483125000001,186.6698,90.0447
661,snn,baseline,jetson_emulator,50,local,0.5,63.2738,52.244,63.2738,64.926,57.8291,112.06483125000001,112.06483125000001,186.7751,89.9763
662,snn,baseline,jetson_emulator,50,local,0.5,62.9723,52.9087,62.9723,64.9028,57.898,112.06483125000001,112.06483125000001,186.8805,90.0398
663,snn,baseline,jetson_emulator,50,offload,0.5,63.6633,52.7133,52.7133,54.055,60.3462,112.06483125000001,112.06483125000001,184.3019,90.0349
664,snn,baseline,jetson_emulator,50,offload,0.5,63.298,52.9171,52.9171,54.0969,60.2956,112.06483125000001,112.06483125000001,184.4058,89.9172
665,snn,baseline,jetson_emulator,50,local,0.5,62.7884,52.2908,62.7884,65.0065,57.9401,112.06483125000001,112.06483125000001,187.1967,89.9633
666,snn,baseline,jetson_emulator,50,local,0.5,63.342,53.8902,63.342,64.9182,57.8135,112.06483125000001,112.06483125000001,187.3021,89.9004
667,snn,baseline,jetson_emulator,50,local,0.5,62.866,51.8146,62.866,65.3467,57.9224,112.06483125000001,112.06483125000001,187.4075,89.9928
668,snn,baseline,jetson_emulator,50,local,0.5,62.9441,52.6493,62.9441,63.7347,57.9045,112.06483125000001,112.06483125000001,187.5129,89.9312
669,snn,baseline,jetson_emulator,50,offload,0.5,63.4773,52.34,52.34,54.6185,60.4392,112.06483125000001,112.06483125000001,184.9252,90.0421
670,snn,baseline,jetson_emulator,50,local,0.5,62.692,51.9543,62.692,64.746,57.9623,112.06483125000001,112.06483125000001,187.7237,89.9652
671,snn,baseline,jetson_emulator,50,local,0.5,62.6939,52.8083,62.6939,64.566,57.9618,112.06483125000001,112.06483125000001,187.8291,89.9685
672,snn,baseline,jetson_emulator,50,local,0.5,63.344,53.8339,63.344,65.1871,57.813,112.06483125000001,112.06483125000001,187.9345,89.9987
673,snn,baseline,jetson_emulator,50,offload,0.5,63.2149,51.8552,51.8552,53.3557,60.5604,112.06483125000001,112.06483125000001,185.3408,89.9742
674,snn,baseline,jetson_emulator,50,offload,0.5,63.2295,52.8646,52.8646,54.1603,60.3086,112.06483125000001,112.06483125000001,185.4447,90.0562
675,snn,baseline,jetson_emulator,50,offload,0.5,63.278,51.9962,51.9962,53.8868,60.5251,112.06483125000001,112.06483125000001,185.5485,89.9528
676,snn,baseline,jetson_emulator,50,offload,0.5,62.6041,51.9365,51.9365,53.4279,60.5401,112.06483125000001,112.06483125000001,185.6524,89.9256
677,snn,baseline,jetson_emulator,50,local,0.5,62.7683,52.672,62.7683,64.4831,57.9448,112.06483125000001,112.06483125000001,188.4615,89.9694
678,snn,baseline,jetson_emulator,50,local,0.5,62.302,51.6867,62.302,63.315,58.0519,112.06483125000001,112.06483125000001,188.5669,89.9715
679,snn,baseline,jetson_emulator,50,offload,0.5,63.2513,51.5593,51.5593,54.2556,60.6346,112.06483125000001,112.06483125000001,185.9641,90.03
680,snn,baseline,jetson_emulator,50,local,0.5,63.0187,51.4603,63.0187,65.1326,57.8874,112.06483125000001,112.06483125000001,188.7777,90.0497
681,snn,baseline,jetson_emulator,50,offload,0.5,63.0181,52.0683,52.0683,54.0515,60.5071,112.06483125000001,112.06483125000001,186.1718,89.9165
682,snn,baseline,jetson_emulator,50,offload,0.5,62.1675,52.7466,52.7466,53.9929,60.3379,112.06483125000001,112.06483125000001,186.2757,89.8975
683,snn,baseline,jetson_emulator,50,local,0.5,62.122,52.0361,62.122,63.8919,58.0934,112.06483125000001,112.06483125000001,189.0939,89.9115
684,snn,baseline,jetson_emulator,50,local,0.5,62.0986,51.9288,62.0986,64.0769,58.0987,112.06483125000001,112.06483125000001,189.1993,90.0282
685,snn,baseline,jetson_emulator,50,offload,0.5,62.8598,51.8529,51.8529,53.5043,60.561,112.06483125000001,112.06483125000001,186.5874,90.0051
686,snn,baseline,jetson_emulator,50,offload,0.5,63.0748,52.7074,52.7074,55.1107,60.3477,112.06483125000001,112.06483125000001,186.6913,89.9895
687,snn,baseline,jetson_emulator,50,local,0.5,62.4265,51.1852,62.4265,64.9167,58.0233,112.06483125000001,112.06483125000001,189.5155,90.0484
688,snn,baseline,jetson_emulator,50,local,0.5,62.2302,51.8535,62.2302,64.3116,58.0684,112.06483125000001,112.06483125000001,189.6209,90.0106
689,snn,baseline,jetson_emulator,50,local,0.5,62.3593,51.5972,62.3593,64.2926,58.0387,112.06483125000001,112.06483125000001,189.7263,89.9644
690,snn,baseline,jetson_emulator,50,local,0.5,62.5563,51.5407,62.5563,64.4425,57.9934,112.06483125000001,112.06483125000001,189.8317,89.9843
691,snn,baseline,jetson_emulator,50,local,0.5,61.8587,52.7507,61.8587,63.6466,58.1541,112.06483125000001,112.06483125000001,189.9371,89.9489
692,snn,baseline,jetson_emulator,50,local,0.5,62.3988,52.312,62.3988,64.1876,58.0296,112.06483125000001,112.06483125000001,190.0425,90.0049
693,snn,baseline,jetson_emulator,50,local,0.5,61.6688,51.256,61.6688,63.234,58.198,112.06483125000001,112.06483125000001,190.1479,90.0117
694,snn,baseline,jetson_emulator,50,local,0.5,62.4432,52.962,62.4432,64.8201,58.0194,112.06483125000001,112.06483125000001,190.2532,90.0595
695,snn,baseline,jetson_emulator,50,local,0.5,62.1356,51.615,62.1356,64.4943,58.0902,112.06483125000001,112.06483125000001,190.3586,90.0036
696,snn,baseline,jetson_emulator,50,offload,0.5,62.0477,51.49,51.49,53.5695,60.652,112.06483125000001,112.06483125000001,187.7301,90.0082
697,snn,baseline,jetson_emulator,50,local,0.5,62.1985,50.8401,62.1985,64.3289,58.0757,112.06483125000001,112.06483125000001,190.5694,89.9334
698,snn,baseline,jetson_emulator,50,local,0.5,62.0461,51.4479,62.0461,63.7989,58.1108,112.06483125000001,112.06483125000001,190.6748,90.0706
699,snn,baseline,jetson_emulator,50,offload,0.5,61.3474,52.431,52.431,54.8357,60.4165,112.06483125000001,112.06483125000001,188.0418,89.9625
700,snn,baseline,jetson_emulator,50,local,0.5,61.7631,50.814,61.7631,64.0483,58.1762,112.06483125000001,112.06483125000001,190.8856,90.1223
701,snn,baseline,jetson_emulator,50,local,0.5,61.727,50.7334,61.727,63.1056,58.1845,112.06483125000001,112.06483125000001,190.991,89.9095
702,snn,baseline,jetson_emulator,50,offload,0.5,61.35,51.3056,51.3056,52.4992,60.6984,112.06483125000001,112.06483125000001,188.3534,90.0615
703,snn,baseline,jetson_emulator,50,offload,0.5,62.0143,51.1012,51.1012,52.5833,60.7499,112.06483125000001,112.06483125000001,188.4573,89.9648
704,snn,baseline,jetson_emulator,50,offload,0.5,61.4415,51.1961,51.1961,52.9491,60.726,112.06483125000001,112.06483125000001,188.5612,90.0255
705,snn,baseline,jetson_emulator,50,offload,0.5,61.5703,51.8792,51.8792,54.0843,60.5544,112.06483125000001,112.06483125000001,188.6651,90.0397
706,snn,baseline,jetson_emulator,50,offload,0.5,61.0791,51.0008,51.0008,52.5672,60.7752,112.06483125000001,112.06483125000001,188.7689,89.9777
707,snn,baseline,jetson_emulator,50,local,0.5,61.5604,50.6879,61.5604,62.8893,58.2231,112.06483125000001,112.06483125000001,191.6234,89.9766
708,snn,baseline,jetson_emulator,50,local,0.5,61.8226,51.1612,61.8226,63.7326,58.1625,112.06483125000001,112.06483125000001,191.7288,89.9589
709,snn,baseline,jetson_emulator,50,local,0.5,61.9263,50.8629,61.9263,64.6222,58.1385,112.06483125000001,112.06483125000001,191.8342,89.9853
710,snn,baseline,jetson_emulator,50,offload,0.5,61.3667,50.559,50.559,52.4169,60.8869,112.06483125000001,112.06483125000001,189.1845,90.0322
711,snn,baseline,jetson_emulator,50,offload,0.5,61.2215,50.4302,50.4302,52.5585,60.9195,112.06483125000001,112.06483125000001,189.2884,89.9343
712,snn,baseline,jetson_emulator,50,offload,0.5,60.885,50.8858,50.8858,52.6704,60.8042,112.06483125000001,112.06483125000001,189.3923,89.9237
713,snn,baseline,jetson_emulator,50,offload,0.5,60.9816,50.1593,50.1593,51.327,60.9882,112.06483125000001,112.06483125000001,189.4961,89.9427
714,snn,baseline,jetson_emulator,50,local,0.5,60.7615,51.9878,60.7615,63.6019,58.4087,112.06483125000001,112.06483125000001,192.3612,90.0224
715,snn,baseline,jetson_emulator,50,local,0.5,60.8411,50.3643,60.8411,63.143,58.3901,112.06483125000001,112.06483125000001,192.4666,89.9624
716,snn,baseline,jetson_emulator,50,local,0.5,61.2014,50.4628,61.2014,62.1584,58.3063,112.06483125000001,112.06483125000001,192.572,90.0416
717,snn,baseline,jetson_emulator,50,local,0.5,60.6122,50.3568,60.6122,62.2332,58.4435,112.06483125000001,112.06483125000001,192.6774,90.0034
718,snn,baseline,jetson_emulator,50,offload,0.5,61.0085,50.6048,50.6048,52.6628,60.8753,112.06483125000001,112.06483125000001,190.0156,89.9822
719,snn,baseline,jetson_emulator,50,offload,0.5,60.7352,50.0869,50.0869,52.3655,61.0066,112.06483125000001,112.06483125000001,190.1194,90.0011
720,snn,baseline,jetson_emulator,50,local,0.5,60.8038,50.1755,60.8038,63.2537,58.3988,112.06483125000001,112.06483125000001,192.9936,89.9589
721,snn,baseline,jetson_emulator,50,local,0.5,60.3566,50.8301,60.3566,62.3077,58.5031,112.06483125000001,112.06483125000001,193.099,89.9776
722,snn,baseline,jetson_emulator,50,local,0.5,60.6296,49.8603,60.6296,62.214,58.4394,112.06483125000001,112.06483125000001,193.2044,90.0222
723,snn,baseline,jetson_emulator,50,local,0.5,60.4456,49.9417,60.4456,61.5988,58.4824,112.06483125000001,112.06483125000001,193.3098,89.9338
724,snn,baseline,jetson_emulator,50,offload,0.5,60.408,50.5402,50.5402,52.9495,60.8916,112.06483125000001,112.06483125000001,190.6389,89.9112
725,snn,baseline,jetson_emulator,50,local,0.5,60.2437,50.7468,60.2437,61.581,58.5296,112.06483125000001,112.06483125000001,193.5206,90.0935
726,snn,baseline,jetson_emulator,50,local,0.5,60.4324,50.3694,60.4324,62.3863,58.4854,112.06483125000001,112.06483125000001,193.626,89.9327
727,snn,baseline,jetson_emulator,50,offload,0.5,60.5463,50.3081,50.3081,52.0728,60.9505,112.06483125000001,112.06483125000001,190.9505,89.9939
728,snn,baseline,jetson_emulator,50,local,0.5,60.1658,50.832,60.1658,61.8141,58.5478,112.06483125000001,112.06483125000001,193.8367,90.0311
729,snn,baseline,jetson_emulator,50,local,0.5,60.7294,49.8163,60.7294,62.4558,58.4161,112.06483125000001,112.06483125000001,193.9421,89.9133
730,snn,baseline,jetson_emulator,50,local,0.5,60.1034,50.6689,60.1034,62.2368,58.5624,112.06483125000001,112.06483125000001,194.0475,90.042
731,snn,baseline,jetson_emulator,50,local,0.5,60.0,50.3365,60.0,62.0648,58.5866,112.06483125000001,112.06483125000001,194.1529,90.0896
732,snn,baseline,jetson_emulator,50,offload,0.5,59.8089,50.0254,50.0254,52.68,61.0223,112.06483125000001,112.06483125000001,191.4699,89.9426
733,snn,baseline,jetson_emulator,50,local,0.5,59.8194,50.2397,59.8194,61.5511,58.629,112.06483125000001,112.06483125000001,194.3637,90.0396
734,snn,baseline,jetson_emulator,50,offload,0.5,60.1761,50.133,50.133,51.8728,60.9949,112.06483125000001,112.06483125000001,191.6777,89.9872
735,snn,baseline,jetson_emulator,50,offload,0.5,60.4959,49.8443,49.8443,51.2182,61.0684,112.06483125000001,112.06483125000001,191.7816,89.9981
736,snn,baseline,jetson_emulator,50,offload,0.5,59.6589,49.6195,49.6195,51.0812,61.1257,112.06483125000001,112.06483125000001,191.8855,89.9303
737,snn,baseline,jetson_emulator,50,offload,0.5,61.1665,49.763,49.763,52.1278,61.0891,112.06483125000001,112.06483125000001,191.9894,89.9829
738,snn,baseline,jetson_emulator,50,local,0.5,59.9954,49.5303,59.9954,62.3684,58.5877,112.06483125000001,112.06483125000001,194.8907,89.9406
739,snn,baseline,jetson_emulator,50,local,0.5,59.5539,49.6313,59.5539,61.8588,58.6914,112.06483125000001,112.06483125000001,194.9961,89.9659
740,snn,baseline,jetson_emulator,50,local,0.5,59.8376,49.3992,59.8376,62.2686,58.6247,112.06483125000001,112.06483125000001,195.1015,89.9246
741,snn,baseline,jetson_emulator,50,offload,0.5,59.9538,49.2511,49.2511,51.5949,61.2198,112.06483125000001,112.06483125000001,192.4049,90.0695
742,snn,baseline,jetson_emulator,50,local,0.5,59.7256,49.2954,59.7256,61.927,58.651,112.06483125000001,112.06483125000001,195.3123,89.9562
743,snn,baseline,jetson_emulator,50,offload,0.5,59.5056,49.5192,49.5192,50.876,61.1513,112.06483125000001,112.06483125000001,192.6127,89.9313
744,snn,baseline,jetson_emulator,50,local,0.5,60.4087,49.6688,60.4087,61.84,58.491,112.06483125000001,112.06483125000001,195.5231,89.9838
745,snn,baseline,jetson_emulator,50,offload,0.5,60.369,49.9141,49.9141,51.8791,61.0506,112.06483125000001,112.06483125000001,192.8204,89.9703
746,snn,baseline,jetson_emulator,50,local,0.5,60.0385,49.3066,60.0385,62.0656,58.5776,112.06483125000001,112.06483125000001,195.7339,90.0995
747,snn,baseline,jetson_emulator,50,local,0.5,60.4201,49.4685,60.4201,62.607,58.4883,112.06483125000001,112.06483125000001,195.8393,90.0343
748,snn,baseline,jetson_emulator,50,local,0.5,59.5677,50.4169,59.5677,60.9499,58.6882,112.06483125000001,112.06483125000001,195.9447,90.0173
749,snn,baseline,jetson_emulator,50,offload,0.5,59.4736,49.6662,49.6662,51.1823,61.1138,112.06483125000001,112.06483125000001,193.236,90.0143
750,snn,baseline,jetson_emulator,50,offload,0.5,59.9477,49.5127,49.5127,51.4265,61.1529,112.06483125000001,112.06483125000001,193.3399,90.0174
751,snn,baseline,jetson_emulator,50,offload,0.5,60.0975,49.8604,49.8604,52.1672,61.0643,112.06483125000001,112.06483125000001,193.4437,90.0486
752,snn,baseline,jetson_emulator,50,local,0.5,59.9806,49.5384,59.9806,62.3929,58.5912,112.06483125000001,112.06483125000001,196.3663,90.0118
753,snn,baseline,jetson_emulator,50,local,0.5,59.5594,49.3064,59.5594,62.2766,58.6901,112.06483125000001,112.06483125000001,196.4717,90.0377
754,snn,baseline,jetson_emulator,50,local,0.5,59.6451,49.4016,59.6451,61.7622,58.67,112.06483125000001,112.06483125000001,196.5771,89.9972
755,snn,baseline,jetson_emulator,50,local,0.5,59.8547,49.3797,59.8547,61.4199,58.6207,112.06483125000001,112.06483125000001,196.6825,89.9585
756,snn,baseline,jetson_emulator,50,local,0.5,60.0021,49.354,60.0021,62.198,58.5862,112.06483125000001,112.06483125000001,196.7879,89.9622
757,snn,baseline,jetson_emulator,50,offload,0.5,59.287,49.8428,49.8428,51.3315,61.0687,112.06483125000001,112.06483125000001,194.067,89.9695
758,snn,baseline,jetson_emulator,50,local,0.5,59.8085,49.194,59.8085,61.3525,58.6316,112.06483125000001,112.06483125000001,196.9987,90.103
759,snn,baseline,jetson_emulator,50,offload,0.5,59.3388,49.2213,49.2213,50.9452,61.2275,112.06483125000001,112.06483125000001,194.2748,90.0284
760,snn,baseline,jetson_emulator,50,local,0.5,59.5097,50.7232,59.5097,60.9051,58.7018,112.06483125000001,112.06483125000001,197.2094,90.0629
761,snn,baseline,jetson_emulator,50,offload,0.5,60.3577,49.4033,49.4033,51.236,61.1809,112.06483125000001,112.06483125000001,194.4826,89.9295
762,snn,baseline,jetson_emulator,50,local,0.5,59.4734,49.4493,59.4734,61.9277,58.7103,112.06483125000001,112.06483125000001,197.4202,89.9784
763,snn,baseline,jetson_emulator,50,offload,0.5,59.6401,49.2541,49.2541,51.6064,61.2191,112.06483125000001,112.06483125000001,194.6903,89.9683
764,snn,baseline,jetson_emulator,50,offload,0.5,59.511,49.7349,49.7349,52.043,61.0962,112.06483125000001,112.06483125000001,194.7942,89.8835
765,snn,baseline,jetson_emulator,50,offload,0.5,59.8637,50.9225,50.9225,52.3741,60.795,112.06483125000001,112.06483125000001,194.8981,89.9661
766,snn,baseline,jetson_emulator,50,local,0.5,60.0642,50.0995,60.0642,61.1055,58.5716,112.06483125000001,112.06483125000001,197.8418,90.0097
767,snn,baseline,jetson_emulator,50,offload,0.5,59.6859,49.4243,49.4243,50.5746,61.1756,112.06483125000001,112.06483125000001,195.1059,90.0527
768,snn,baseline,jetson_emulator,50,offload,0.5,59.5747,51.0413,51.0413,53.0284,60.765,112.06483125000001,112.06483125000001,195.2098,90.0416
769,snn,baseline,jetson_emulator,50,offload,0.5,59.489,49.5992,49.5992,51.3996,61.1309,112.06483125000001,112.06483125000001,195.3136,90.0192
770,snn,baseline,jetson_emulator,50,offload,0.5,59.398,49.7233,49.7233,51.4378,61.0992,112.06483125000001,112.06483125000001,195.4175,90.0
771,snn,baseline,jetson_emulator,50,local,0.5,59.4503,49.2202,59.4503,62.0835,58.7158,112.06483125000001,112.06483125000001,198.3688,89.9461
772,snn,baseline,jetson_emulator,50,offload,0.5,60.7745,50.035,50.035,51.7158,61.0198,112.06483125000001,112.06483125000001,195.6253,89.926
773,snn,baseline,jetson_emulator,50,local,0.5,59.9738,49.4584,59.9738,62.2414,58.5928,112.06483125000001,112.06483125000001,198.5796,89.9941
774,snn,baseline,jetson_emulator,50,local,0.5,60.2124,50.3076,60.2124,62.8897,58.5369,112.06483125000001,112.06483125000001,198.685,89.9403
775,snn,baseline,jetson_emulator,50,local,0.5,60.3967,50.6492,60.3967,62.7515,58.4938,112.06483125000001,112.06483125000001,198.7904,89.96
776,snn,baseline,jetson_emulator,50,offload,0.5,60.8633,49.4991,49.4991,51.4852,61.1564,112.06483125000001,112.06483125000001,196.0408,89.9794
777,snn,baseline,jetson_emulator,50,local,0.5,59.6961,49.5813,59.6961,61.7693,58.658,112.06483125000001,112.06483125000001,199.0012,89.942
778,snn,baseline,jetson_emulator,50,offload,0.5,59.7009,49.8653,49.8653,51.5952,61.063,112.06483125000001,112.06483125000001,196.2486,89.894
779,snn,baseline,jetson_emulator,50,offload,0.5,59.9851,49.5617,49.5617,51.438,61.1404,112.06483125000001,112.06483125000001,196.3525,89.9509
780,snn,baseline,jetson_emulator,50,local,0.5,60.4068,49.5991,60.4068,61.96,58.4914,112.06483125000001,112.06483125000001,199.3174,90.0158
781,snn,baseline,jetson_emulator,50,offload,0.5,60.5982,49.4991,49.4991,52.2251,61.1564,112.06483125000001,112.06483125000001,196.5603,89.9678
782,snn,baseline,jetson_emulator,50,local,0.5,60.2413,49.6044,60.2413,62.2987,58.5301,112.06483125000001,112.06483125000001,199.5282,90.065
783,snn,baseline,jetson_emulator,50,local,0.5,60.1605,49.8955,60.1605,62.6553,58.549,112.06483125000001,112.06483125000001,199.6336,90.1232
784,snn,baseline,jetson_emulator,50,local,0.5,60.7939,50.2101,60.7939,62.3015,58.4011,112.06483125000001,112.06483125000001,199.739,90.017
785,snn,baseline,jetson_emulator,50,offload,0.5,60.4203,49.932,49.932,51.5053,61.046,112.06483125000001,112.06483125000001,196.9758,90.0708
786,snn,baseline,jetson_emulator,50,local,0.5,60.0846,49.7995,60.0846,62.1121,58.5668,112.06483125000001,112.06483125000001,199.9498,89.9174
787,snn,baseline,jetson_emulator,50,offload,0.5,61.2139,49.6759,49.6759,51.8333,61.1113,112.06483125000001,112.06483125000001,197.1836,90.0312
788,snn,baseline,jetson_emulator,50,offload,0.5,60.6065,50.5967,50.5967,52.292,60.8773,112.06483125000001,112.06483125000001,197.2874,89.9809
789,snn,baseline,jetson_emulator,50,local,0.5,60.4181,49.9371,60.4181,61.3663,58.4888,112.06483125000001,112.06483125000001,200.266,89.8958
790,snn,baseline,jetson_emulator,50,local,0.5,61.3362,51.6188,61.3362,63.1782,58.275,112.06483125000001,112.06483125000001,200.3714,90.0169
791,snn,baseline,jetson_emulator,50,offload,0.5,60.3053,50.2948,50.2948,51.8051,60.9538,112.06483125000001,112.06483125000001,197.5991,90.0434
792,snn,baseline,jetson_emulator,50,offload,0.5,61.4445,50.2071,50.2071,52.5021,60.9761,112.06483125000001,112.06483125000001,197.703,89.9947
793,snn,baseline,jetson_emulator,50,offload,0.5,60.7872,49.9785,49.9785,52.354,61.0342,112.06483125000001,112.06483125000001,197.8069,89.9287
794,snn,baseline,jetson_emulator,50,offload,0.5,60.5362,50.369,50.369,52.9763,60.935,112.06483125000001,112.06483125000001,197.9108,90.013
795,snn,baseline,jetson_emulator,50,local,0.5,61.5596,50.6021,61.5596,63.6241,58.2233,112.06483125000001,112.06483125000001,200.8983,89.9941
796,snn,baseline,jetson_emulator,50,local,0.5,60.8066,50.4586,60.8066,63.718,58.3981,112.06483125000001,112.06483125000001,201.0037,90.0105
797,snn,baseline,jetson_emulator,50,local,0.5,61.8648,50.599,61.8648,63.0039,58.1527,112.06483125000001,112.06483125000001,201.1091,89.9864
798,snn,baseline,jetson_emulator,50,local,0.5,61.259,50.3733,61.259,63.7044,58.2929,112.06483125000001,112.06483125000001,201.2145,90.0179
799,snn,baseline,jetson_emulator,50,offload,0.5,61.1037,50.2779,50.2779,52.5014,60.9581,112.06483125000001,112.06483125000001,198.4302,90.0204
800,snn,baseline,jetson_emulator,50,local,0.5,60.9216,50.6102,60.9216,63.2451,58.3714,112.06483125000001,112.06483125000001,201.4253,90.0192
801,snn,baseline,jetson_emulator,50,local,0.5,61.4237,51.5941,61.4237,63.2183,58.2548,112.06483125000001,112.06483125000001,201.5307,89.9325
802,snn,baseline,jetson_emulator,50,local,0.5,61.494,51.0557,61.494,62.7173,58.2385,112.06483125000001,112.06483125000001,201.6361,90.053
803,snn,baseline,jetson_emulator,50,offload,0.5,61.2505,50.7467,50.7467,52.3479,60.8394,112.06483125000001,112.06483125000001,198.8457,90.064
804,snn,baseline,jetson_emulator,50,local,0.5,61.5457,51.0436,61.5457,63.6293,58.2265,112.06483125000001,112.06483125000001,201.8469,90.0151
805,snn,baseline,jetson_emulator,50,offload,0.5,61.7463,52.1098,52.1098,53.449,60.4967,112.06483125000001,112.06483125000001,199.0535,89.9704
806,snn,baseline,jetson_emulator,50,local,0.5,61.6808,52.5758,61.6808,63.5374,58.1952,112.06483125000001,112.06483125000001,202.0577,89.9997
807,snn,baseline,jetson_emulator,50,local,0.5,61.8316,52.2201,61.8316,64.0195,58.1604,112.06483125000001,112.06483125000001,202.1631,89.9898
808,snn,baseline,jetson_emulator,50,offload,0.5,62.6897,52.4428,52.4428,53.516,60.4136,112.06483125000001,112.06483125000001,199.3651,89.9288
809,snn,baseline,jetson_emulator,50,local,0.5,62.3406,52.2441,62.3406,64.1351,58.043,112.06483125000001,112.06483125000001,202.3739,90.0622
810,snn,baseline,jetson_emulator,50,offload,0.5,62.3344,51.9492,51.9492,54.2432,60.5369,112.06483125000001,112.06483125000001,199.5729,90.01
811,snn,baseline,jetson_emulator,50,offload,0.5,62.4996,52.1321,52.1321,53.7503,60.4911,112.06483125000001,112.06483125000001,199.6768,90.0973
812,snn,baseline,jetson_emulator,50,local,0.5,62.0683,51.3904,62.0683,64.5697,58.1057,112.06483125000001,112.06483125000001,202.6901,90.0268
813,snn,baseline,jetson_emulator,50,local,0.5,62.5443,52.3419,62.5443,64.538,57.9962,112.06483125000001,112.06483125000001,202.7955,89.9772
814,snn,baseline,jetson_emulator,50,local,0.5,62.659,51.5685,62.659,64.7255,57.9698,112.06483125000001,112.06483125000001,202.9009,89.982
815,snn,baseline,jetson_emulator,50,local,0.5,63.0978,52.8505,63.0978,65.9795,57.8693,112.06483125000001,112.06483125000001,203.0063,90.0174
816,snn,baseline,jetson_emulator,50,offload,0.5,62.8462,52.422,52.422,54.9605,60.4188,112.06483125000001,112.06483125000001,200.1962,89.9135
817,snn,baseline,jetson_emulator,50,local,0.5,62.5547,51.8987,62.5547,64.9791,57.9938,112.06483125000001,112.06483125000001,203.2171,90.0047
818,snn,baseline,jetson_emulator,50,local,0.5,62.6703,52.149,62.6703,64.8076,57.9672,112.06483125000001,112.06483125000001,203.3225,90.0753
819,snn,baseline,jetson_emulator,50,offload,0.5,62.8227,52.1681,52.1681,54.1429,60.4821,112.06483125000001,112.06483125000001,200.5079,89.9786
820,snn,baseline,jetson_emulator,50,offload,0.5,63.4017,52.0599,52.0599,52.7743,60.5092,112.06483125000001,112.06483125000001,200.6117,89.9868
821,snn,baseline,jetson_emulator,50,local,0.5,63.0417,53.2123,63.0417,63.9051,57.8821,112.06483125000001,112.06483125000001,203.6387,89.9771
822,snn,baseline,jetson_emulator,50,offload,0.5,63.0479,52.538,52.538,54.2782,60.3898,112.06483125000001,112.06483125000001,200.8195,90.0141
823,snn,baseline,jetson_emulator,50,offload,0.5,64.3215,52.3706,52.3706,54.5539,60.4316,112.06483125000001,112.06483125000001,200.9234,89.9418
824,snn,baseline,jetson_emulator,50,local,0.5,63.5357,52.8987,63.5357,65.173,57.7693,112.06483125000001,112.06483125000001,203.9549,90.0764
825,snn,baseline,jetson_emulator,50,local,0.5,64.1314,53.2681,64.1314,66.5952,57.6338,112.06483125000001,112.06483125000001,204.0603,89.9987
826,snn,baseline,jetson_emulator,50,offload,0.5,63.9219,52.8956,52.8956,55.8227,60.3009,112.06483125000001,112.06483125000001,201.235,89.9771
827,snn,baseline,jetson_emulator,50,offload,0.5,63.7819,52.6119,52.6119,53.988,60.3715,112.06483125000001,112.06483125000001,201.3389,89.9039
828,snn,baseline,jetson_emulator,50,offload,0.5,64.1968,52.6864,52.6864,54.5337,60.3529,112.06483125000001,112.06483125000001,201.4428,90.0899
829,snn,baseline,jetson_emulator,50,offload,0.5,63.7774,53.1229,53.1229,54.2668,60.2445,112.06483125000001,112.06483125000001,201.5467,90.0114
830,snn,baseline,jetson_emulator,50,offload,0.5,64.3836,53.4036,53.4036,55.8353,60.175,112.06483125000001,112.06483125000001,201.6506,90.0247
831,snn,baseline,jetson_emulator,50,offload,0.5,64.4385,53.302,53.302,54.9303,60.2002,112.06483125000001,112.06483125000001,201.7545,90.1373
832,snn,baseline,jetson_emulator,50,offload,0.5,65.6877,54.0589,54.0589,56.2675,60.0134,112.06483125000001,112.06483125000001,201.8583,89.9911
833,snn,baseline,jetson_emulator,50,offload,0.5,65.1832,53.9206,53.9206,55.4489,60.0474,112.06483125000001,112.06483125000001,201.9622,90.0485
834,snn,baseline,jetson_emulator,50,offload,0.5,65.3481,54.0128,54.0128,55.6516,60.0247,112.06483125000001,112.06483125000001,202.0661,89.992
835,snn,baseline,jetson_emulator,50,local,0.5,64.5826,54.89,64.5826,66.2344,57.5316,112.06483125000001,112.06483125000001,205.1142,90.0912
836,snn,baseline,jetson_emulator,50,local,0.5,64.7929,53.4788,64.7929,67.2634,57.4841,112.06483125000001,112.06483125000001,205.2196,89.9658
837,snn,baseline,jetson_emulator,50,offload,0.5,65.6458,54.4145,54.4145,56.8337,59.926,112.06483125000001,112.06483125000001,202.3778,90.0259
838,snn,baseline,jetson_emulator,50,offload,0.5,64.9399,54.2103,54.2103,56.2053,59.9761,112.06483125000001,112.06483125000001,202.4817,90.004
839,snn,baseline,jetson_emulator,50,local,0.5,65.0731,55.1825,65.0731,67.9736,57.421,112.06483125000001,112.06483125000001,205.5358,89.9884
840,snn,baseline,jetson_emulator,50,offload,0.5,65.8126,55.3347,55.3347,57.4133,59.7012,112.06483125000001,112.06483125000001,202.6894,89.8168
841,snn,baseline,jetson_emulator,50,offload,0.5,65.4867,54.7322,54.7322,56.9974,59.8482,112.06483125000001,112.06483125000001,202.7933,90.0043
842,snn,baseline,jetson_emulator,50,offload,0.5,65.9116,54.2884,54.2884,56.4352,59.957,112.06483125000001,112.06483125000001,202.8972,89.9125
843,snn,baseline,jetson_emulator,50,local,0.5,65.7448,54.9382,65.7448,67.8924,57.2701,112.06483125000001,112.06483125000001,205.9574,90.039
844,snn,baseline,jetson_emulator,50,local,0.5,65.9303,54.6253,65.9303,67.6912,57.2286,112.06483125000001,112.06483125000001,206.0628,89.948
845,snn,baseline,jetson_emulator,50,local,0.5,66.1576,54.6743,66.1576,68.1916,57.1778,112.06483125000001,112.06483125000001,206.1682,89.9502
846,snn,baseline,jetson_emulator,50,offload,0.5,66.3356,55.3207,55.3207,57.4309,59.7046,112.06483125000001,112.06483125000001,203.3127,89.9662
847,snn,baseline,jetson_emulator,50,offload,0.5,66.3054,55.7852,55.7852,58.3869,59.5917,112.06483125000001,112.06483125000001,203.4166,89.9257
848,snn,baseline,jetson_emulator,50,local,0.5,66.1804,54.7212,66.1804,67.8827,57.1727,112.06483125000001,112.06483125000001,206.4844,89.9124
849,snn,baseline,jetson_emulator,50,local,0.5,66.3932,55.8365,66.3932,68.5178,57.1252,112.06483125000001,112.06483125000001,206.5898,89.9811
850,snn,baseline,jetson_emulator,50,offload,0.5,66.5268,55.3933,55.3933,57.0763,59.6869,112.06483125000001,112.06483125000001,203.7283,89.9082
851,snn,baseline,jetson_emulator,50,offload,0.5,66.5558,56.1355,56.1355,57.742,59.5068,112.06483125000001,112.06483125000001,203.8321,90.01
852,snn,baseline,jetson_emulator,50,offload,0.5,67.2343,55.1717,55.1717,56.3351,59.7409,112.06483125000001,112.06483125000001,203.936,90.0033
853,snn,baseline,jetson_emulator,50,local,0.5,66.9788,55.8112,66.9788,68.8933,56.995,112.06483125000001,112.06483125000001,207.0114,89.9831
854,snn,baseline,jetson_emulator,50,local,0.5,67.3714,56.5931,67.3714,69.55,56.908,112.06483125000001,112.06483125000001,207.1168,89.9798
855,snn,baseline,jetson_emulator,50,local,0.5,68.3803,55.598,68.3803,70.8062,56.6857,112.06483125000001,112.06483125000001,207.2222,89.9886
856,snn,baseline,jetson_emulator,50,local,0.5,67.291,55.5755,67.291,69.2274,56.9258,112.06483125000001,112.06483125000001,207.3276,89.961
857,snn,baseline,jetson_emulator,50,local,0.5,67.4211,58.1422,67.4211,69.1326,56.897,112.06483125000001,112.06483125000001,207.433,90.0673
858,snn,baseline,jetson_emulator,50,local,0.5,67.7,56.3106,67.7,69.9641,56.8354,112.06483125000001,112.06483125000001,207.5384,89.8914
859,snn,baseline,jetson_emulator,50,offload,0.5,68.1032,55.9379,55.9379,58.596,59.5547,112.06483125000001,112.06483125000001,204.6632,89.8893
860,snn,baseline,jetson_emulator,50,local,0.5,68.6586,57.7617,68.6586,70.0681,56.6247,112.06483125000001,112.06483125000001,207.7491,90.0953
861,snn,baseline,jetson_emulator,50,local,0.5,68.3819,56.5304,68.3819,70.4638,56.6854,112.06483125000001,112.06483125000001,207.8545,89.998
862,snn,baseline,jetson_emulator,50,offload,0.5,68.0382,56.2746,56.2746,57.475,59.4732,112.06483125000001,112.06483125000001,204.9749,89.947
863,snn,baseline,jetson_emulator,50,local,0.5,68.2113,58.1145,68.2113,71.0189,56.7228,112.06483125000001,112.06483125000001,208.0653,90.0004
864,snn,baseline,jetson_emulator,50,local,0.5,69.1331,57.6067,69.1331,71.0793,56.521,112.06483125000001,112.06483125000001,208.1707,89.9119
865,snn,baseline,jetson_emulator,50,offload,0.5,68.4465,58.0239,58.0239,59.8498,59.0536,112.06483125000001,112.06483125000001,205.2865,90.0293
866,snn,baseline,jetson_emulator,50,offload,0.5,68.9467,57.3636,57.3636,59.56,59.2113,112.06483125000001,112.06483125000001,205.3904,89.981
867,snn,baseline,jetson_emulator,50,local,0.5,68.6448,57.9037,68.6448,71.0446,56.6277,112.06483125000001,112.06483125000001,208.4869,89.9103
868,snn,baseline,jetson_emulator,50,local,0.5,69.5136,57.1597,69.5136,71.6097,56.4381,112.06483125000001,112.06483125000001,208.5923,90.065
869,snn,baseline,jetson_emulator,50,local,0.5,68.9061,58.0944,68.9061,70.5154,56.5706,112.06483125000001,112.06483125000001,208.6977,89.9738
870,snn,baseline,jetson_emulator,50,local,0.5,69.4844,57.2848,69.4844,71.4865,56.4444,112.06483125000001,112.06483125000001,208.8031,89.9683
871,snn,baseline,jetson_emulator,50,offload,0.5,70.088,57.4627,57.4627,59.2072,59.1876,112.06483125000001,112.06483125000001,205.9098,90.0229
872,snn,baseline,jetson_emulator,50,offload,0.5,69.313,57.487,57.487,60.3536,59.1818,112.06483125000001,112.06483125000001,206.0137,90.0438
873,snn,baseline,jetson_emulator,50,local,0.5,69.5885,57.9945,69.5885,71.4186,56.4218,112.06483125000001,112.06483125000001,209.1193,89.9783
874,snn,baseline,jetson_emulator,50,local,0.5,70.6971,58.5555,70.6971,72.6132,56.1818,112.06483125000001,112.06483125000001,209.2247,89.9469
875,snn,baseline,jetson_emulator,50,offload,0.5,70.2473,58.1126,58.1126,59.383,59.0325,112.06483125000001,112.06483125000001,206.3254,89.9772
876,snn,baseline,jetson_emulator,50,offload,0.5,69.8778,57.9501,57.9501,60.1698,59.0712,112.06483125000001,112.06483125000001,206.4292,90.0279
877,snn,baseline,jetson_emulator,50,offload,0.5,70.6765,59.2264,59.2264,61.1001,58.7686,112.06483125000001,112.06483125000001,206.5331,90.0415
878,snn,baseline,jetson_emulator,50,offload,0.5,70.4914,59.5132,59.5132,60.3812,58.701,112.06483125000001,112.06483125000001,206.637,90.0362
879,snn,baseline,jetson_emulator,50,local,0.5,70.3671,58.0656,70.3671,73.0395,56.253,112.06483125000001,112.06483125000001,209.7517,90.125
880,snn,baseline,jetson_emulator,50,local,0.5,70.3883,58.5615,70.3883,72.457,56.2484,112.06483125000001,112.06483125000001,209.8571,89.9591
881,snn,baseline,jetson_emulator,50,local,0.5,70.4711,59.4226,70.4711,72.0455,56.2305,112.06483125000001,112.06483125000001,209.9625,89.9826
882,snn,baseline,jetson_emulator,50,offload,0.5,71.4146,58.5998,58.5998,60.2592,58.9168,112.06483125000001,112.06483125000001,207.0526,89.9894
883,snn,baseline,jetson_emulator,50,offload,0.5,71.6582,58.7885,58.7885,61.2734,58.8721,112.06483125000001,112.06483125000001,207.1564,89.9991
884,snn,baseline,jetson_emulator,50,local,0.5,71.4967,58.7141,71.4967,73.5045,56.0099,112.06483125000001,112.06483125000001,210.2787,89.9373
885,snn,baseline,jetson_emulator,50,local,0.5,70.9728,59.0674,70.9728,72.3785,56.1224,112.06483125000001,112.06483125000001,210.3841,90.0756
886,snn,baseline,jetson_emulator,50,offload,0.5,71.0009,60.0537,60.0537,62.3394,58.574,112.06483125000001,112.06483125000001,207.4681,89.9237
887,snn,baseline,jetson_emulator,50,offload,0.5,71.1724,59.1822,59.1822,60.5709,58.779,112.06483125000001,112.06483125000001,207.572,90.0365
888,snn,baseline,jetson_emulator,50,offload,0.5,71.1819,59.3524,59.3524,61.0074,58.7389,112.06483125000001,112.06483125000001,207.6759,89.9554
889,snn,baseline,jetson_emulator,50,local,0.5,73.0754,59.2915,73.0754,74.6548,55.6737,112.06483125000001,112.06483125000001,210.8057,89.9725
890,snn,baseline,jetson_emulator,50,offload,0.5,71.5516,60.0306,60.0306,62.0576,58.5795,112.06483125000001,112.06483125000001,207.8836,89.8905
891,snn,baseline,jetson_emulator,50,offload,0.5,71.7906,59.6384,59.6384,62.1882,58.6715,112.06483125000001,112.06483125000001,207.9875,90.0018
892,snn,baseline,jetson_emulator,50,local,0.5,72.8457,59.3007,72.8457,76.1632,55.7223,112.06483125000001,112.06483125000001,211.1218,89.9739
893,snn,baseline,jetson_emulator,50,local,0.5,71.9778,60.9265,71.9778,74.0095,55.907,112.06483125000001,112.06483125000001,211.2272,89.9459
894,snn,baseline,jetson_emulator,50,local,0.5,72.8363,59.3526,72.8363,75.1451,55.7244,112.06483125000001,112.06483125000001,211.3326,90.0678
895,snn,baseline,jetson_emulator,50,offload,0.5,71.8715,59.6858,59.6858,62.1846,58.6604,112.06483125000001,112.06483125000001,208.403,90.1016
896,snn,baseline,jetson_emulator,50,offload,0.5,72.1088,60.2792,60.2792,62.363,58.5213,112.06483125000001,112.06483125000001,208.5069,89.9838
897,snn,baseline,jetson_emulator,50,offload,0.5,72.991,60.3607,60.3607,62.3641,58.5022,112.06483125000001,112.06483125000001,208.6108,90.0069
898,snn,baseline,jetson_emulator,50,local,0.5,72.7601,60.0935,72.7601,75.1415,55.7405,112.06483125000001,112.06483125000001,211.7542,89.9966
899,snn,baseline,jetson_emulator,50,offload,0.5,73.4296,59.9169,59.9169,62.241,58.6061,112.06483125000001,112.06483125000001,208.8186,90.0382
900,snn,baseline,jetson_emulator,50,local,0.5,72.7992,59.8329,72.7992,74.9446,55.7322,112.06483125000001,112.06483125000001,211.965,89.9208
901,snn,baseline,jetson_emulator,50,offload,0.5,73.3952,60.7538,60.7538,62.7763,58.4104,112.06483125000001,112.06483125000001,209.0263,89.9886
902,snn,baseline,jetson_emulator,50,offload,0.5,72.549,60.4091,60.4091,62.721,58.4909,112.06483125000001,112.06483125000001,209.1302,90.0002
903,snn,baseline,jetson_emulator,50,offload,0.5,72.8078,60.9948,60.9948,63.3353,58.3543,112.06483125000001,112.06483125000001,209.2341,89.9827
904,snn,baseline,jetson_emulator,50,offload,0.5,72.8522,60.1759,60.1759,62.2594,58.5454,112.06483125000001,112.06483125000001,209.338,90.0637
905,snn,baseline,jetson_emulator,50,local,0.5,72.8491,60.6591,72.8491,74.6358,55.7216,112.06483125000001,112.06483125000001,212.492,90.0072
906,snn,baseline,jetson_emulator,50,local,0.5,73.4343,61.2936,73.4343,74.5694,55.5978,112.06483125000001,112.06483125000001,212.5974,89.9527
907,snn,baseline,jetson_emulator,50,offload,0.5,73.6377,61.3141,61.3141,62.6033,58.2802,112.06483125000001,112.06483125000001,209.6497,89.8885
908,snn,baseline,jetson_emulator,50,local,0.5,73.0543,61.0392,73.0543,74.5927,55.6782,112.06483125000001,112.06483125000001,212.8082,89.9671
909,snn,baseline,jetson_emulator,50,offload,0.5,73.3776,60.5496,60.5496,62.3078,58.4581,112.06483125000001,112.06483125000001,209.8574,89.9572
910,snn,baseline,jetson_emulator,50,local,0.5,73.6573,61.0798,73.6573,75.4038,55.5508,112.06483125000001,112.06483125000001,213.019,89.9878
911,snn,baseline,jetson_emulator,50,offload,0.5,73.7354,61.1622,61.1622,62.9182,58.3154,112.06483125000001,112.06483125000001,210.0652,90.047
912,snn,baseline,jetson_emulator,50,local,0.5,74.4152,61.8644,74.4152,75.6455,55.3915,112.06483125000001,112.06483125000001,213.2298,90.028
913,snn,baseline,jetson_emulator,50,offload,0.5,73.9265,60.7485,60.7485,62.9574,58.4117,112.06483125000001,112.06483125000001,210.273,90.0157
914,snn,baseline,jetson_emulator,50,offload,0.5,74.1183,61.0718,61.0718,62.842,58.3364,112.06483125000001,112.06483125000001,210.3768,90.0418
915,snn,baseline,jetson_emulator,50,local,0.5,74.101,61.4327,74.101,75.7139,55.4574,112.06483125000001,112.06483125000001,213.546,90.0203
916,snn,baseline,jetson_emulator,50,offload,0.5,73.774,61.1308,61.1308,63.3036,58.3227,112.06483125000001,112.06483125000001,210.5846,90.0343
917,snn,baseline,jetson_emulator,50,offload,0.5,74.5447,62.4407,62.4407,63.9417,58.02,112.06483125000001,112.06483125000001,210.6885,89.9318
918,snn,baseline,jetson_emulator,50,local,0.5,74.5338,61.4314,74.5338,76.5052,55.3666,112.06483125000001,112.06483125000001,213.8622,89.9861
919,snn,baseline,jetson_emulator,50,offload,0.5,74.4156,61.292,61.292,63.5077,58.2853,112.06483125000001,112.06483125000001,210.8963,90.0535
920,snn,baseline,jetson_emulator,50,local,0.5,74.7884,62.5153,74.7884,76.5431,55.3134,112.06483125000001,112.06483125000001,214.073,89.9858
921,snn,baseline,jetson_emulator,50,offload,0.5,74.2987,61.9085,61.9085,63.7589,58.1426,112.06483125000001,112.06483125000001,211.104,89.9457
922,snn,baseline,jetson_emulator,50,offload,0.5,74.2838,62.5851,62.5851,64.2462,57.9868,112.06483125000001,112.06483125000001,211.2079,90.0843
923,snn,baseline,jetson_emulator,50,local,0.5,76.0369,61.7096,76.0369,77.6883,55.0537,112.06483125000001,112.06483125000001,214.3892,89.8999
924,snn,baseline,jetson_emulator,50,local,0.5,74.8039,61.5829,74.8039,77.1908,55.3101,112.06483125000001,112.06483125000001,214.4946,89.9215
925,snn,baseline,jetson_emulator,50,local,0.5,74.3572,62.1893,74.3572,75.4896,55.4036,112.06483125000001,112.06483125000001,214.5999,89.9876
926,snn,baseline,jetson_emulator,50,offload,0.5,74.5423,61.6747,61.6747,64.073,58.1966,112.06483125000001,112.06483125000001,211.6235,90.031
927,snn,baseline,jetson_emulator,50,local,0.5,74.9096,61.9091,74.9096,76.7876,55.2881,112.06483125000001,112.06483125000001,214.8107,90.0305
928,snn,baseline,jetson_emulator,50,local,0.5,74.5611,61.986,74.5611,76.5165,55.3609,112.06483125000001,112.06483125000001,214.9161,89.9607
929,snn,baseline,jetson_emulator,50,local,0.5,75.1439,62.273,75.1439,77.2171,55.2392,112.06483125000001,112.06483125000001,215.0215,89.9815
930,snn,baseline,jetson_emulator,50,local,0.5,74.8383,62.6568,74.8383,76.9082,55.303,112.06483125000001,112.06483125000001,215.1269,90.0191
931,snn,baseline,jetson_emulator,50,offload,0.5,74.7432,61.8964,61.8964,64.3945,58.1454,112.06483125000001,112.06483125000001,212.1429,89.9736
932,snn,baseline,jetson_emulator,50,local,0.5,74.6779,61.5763,74.6779,77.0675,55.3365,112.06483125000001,112.06483125000001,215.3377,89.9724
933,snn,baseline,jetson_emulator,50,local,0.5,75.4922,61.7739,75.4922,77.3405,55.1667,112.06483125000001,112.06483125000001,215.4431,89.915
934,snn,baseline,jetson_emulator,50,offload,0.5,75.6354,63.0861,63.0861,64.5046,57.872,112.06483125000001,112.06483125000001,212.4545,90.0347
935,snn,baseline,jetson_emulator,50,offload,0.5,74.9433,62.1722,62.1722,64.7552,58.0818,112.06483125000001,112.06483125000001,212.5584,90.0343
936,snn,baseline,jetson_emulator,50,local,0.5,75.4023,62.4139,75.4023,77.7318,55.1854,112.06483125000001,112.06483125000001,215.7593,89.9685
937,snn,baseline,jetson_emulator,50,local,0.5,75.2763,62.3053,75.2763,77.6172,55.2116,112.06483125000001,112.06483125000001,215.8647,90.1191
938,snn,baseline,jetson_emulator,50,local,0.5,74.8616,63.0753,74.8616,76.5737,55.2981,112.06483125000001,112.06483125000001,215.9701,90.0425
939,snn,baseline,jetson_emulator,50,local,0.5,75.0764,62.4295,75.0764,77.7712,55.2532,112.06483125000001,112.06483125000001,216.0755,90.0277
940,snn,baseline,jetson_emulator,50,offload,0.5,75.1716,61.9697,61.9697,63.8322,58.1285,112.06483125000001,112.06483125000001,213.0778,90.0169
941,snn,baseline,jetson_emulator,50,local,0.5,74.9643,62.7037,74.9643,77.3546,55.2767,112.06483125000001,112.06483125000001,216.2863,90.107
942,snn,baseline,jetson_emulator,50,offload,0.5,74.7612,62.0501,62.0501,64.1801,58.1099,112.06483125000001,112.06483125000001,213.2856,89.9711
943,snn,baseline,jetson_emulator,50,local,0.5,75.5704,62.1907,75.5704,77.52,55.1504,112.06483125000001,112.06483125000001,216.4971,89.8273
944,snn,baseline,jetson_emulator,50,offload,0.5,75.2011,62.4918,62.4918,64.3773,58.0082,112.06483125000001,112.06483125000001,213.4934,90.0315
945,snn,baseline,jetson_emulator,50,offload,0.5,75.2774,62.2404,62.2404,64.6651,58.0661,112.06483125000001,112.06483125000001,213.5972,89.8944
946,snn,baseline,jetson_emulator,50,offload,0.5,75.3421,61.9435,61.9435,63.7591,58.1345,112.06483125000001,112.06483125000001,213.7011,89.8997
947,snn,baseline,jetson_emulator,50,offload,0.5,75.0738,63.3782,63.3782,65.202,57.8052,112.06483125000001,112.06483125000001,213.805,89.9944
948,snn,baseline,jetson_emulator,50,local,0.5,75.0523,62.5219,75.0523,77.0887,55.2583,112.06483125000001,112.06483125000001,217.0241,90.0085
949,snn,baseline,jetson_emulator,50,offload,0.5,75.3614,62.5307,62.5307,64.7429,57.9993,112.06483125000001,112.06483125000001,214.0128,89.9994
950,snn,baseline,jetson_emulator,50,local,0.5,74.9636,61.9431,74.9636,76.185,55.2768,112.06483125000001,112.06483125000001,217.2349,90.069
951,snn,baseline,jetson_emulator,50,offload,0.5,75.3382,63.1062,63.1062,64.9428,57.8674,112.06483125000001,112.06483125000001,214.2206,90.0533
952,snn,baseline,jetson_emulator,50,local,0.5,75.0049,63.0875,75.0049,76.4813,55.2682,112.06483125000001,112.06483125000001,217.4457,90.0194
953,snn,baseline,jetson_emulator,50,local,0.5,75.2539,62.2503,75.2539,77.7396,55.2163,112.06483125000001,112.06483125000001,217.5511,89.9341
954,snn,baseline,jetson_emulator,50,offload,0.5,75.698,62.1791,62.1791,64.4277,58.0802,112.06483125000001,112.06483125000001,214.5322,89.9369
955,snn,baseline,jetson_emulator,50,offload,0.5,75.9431,62.0043,62.0043,63.4162,58.1205,112.06483125000001,112.06483125000001,214.6361,89.9778
956,snn,baseline,jetson_emulator,50,offload,0.5,75.7752,61.91,61.91,64.9597,58.1423,112.06483125000001,112.06483125000001,214.74,89.9954
957,snn,baseline,jetson_emulator,50,offload,0.5,75.1379,62.9524,62.9524,64.8913,57.9026,112.06483125000001,112.06483125000001,214.8439,90.0125
958,snn,baseline,jetson_emulator,50,local,0.5,75.5203,62.2217,75.5203,77.8592,55.1609,112.06483125000001,112.06483125000001,218.078,89.9458
959,snn,baseline,jetson_emulator,50,local,0.5,74.8258,63.3025,74.8258,77.0224,55.3056,112.06483125000001,112.06483125000001,218.1834,90.0237
960,snn,baseline,jetson_emulator,50,offload,0.5,75.2958,62.7441,62.7441,65.1198,57.9503,112.06483125000001,112.06483125000001,215.1555,90.042
961,snn,baseline,jetson_emulator,50,local,0.5,75.2073,62.0971,75.2073,77.2377,55.226,112.06483125000001,112.06483125000001,218.3942,89.9612
962,snn,baseline,jetson_emulator,50,local,0.5,75.8185,63.3271,75.8185,77.7832,55.0989,112.06483125000001,112.06483125000001,218.4996,89.9791
963,snn,baseline,jetson_emulator,50,offload,0.5,75.3109,61.9163,61.9163,63.8773,58.1408,112.06483125000001,112.06483125000001,215.4672,89.8324
964,snn,baseline,jetson_emulator,50,offload,0.5,75.3173,62.1162,62.1162,63.6872,58.0947,112.06483125000001,112.06483125000001,215.571,89.9554
965,snn,baseline,jetson_emulator,50,local,0.5,75.2466,62.2467,75.2466,77.0228,55.2178,112.06483125000001,112.06483125000001,218.8158,89.9591
966,snn,baseline,jetson_emulator,50,local,0.5,74.9759,61.8938,74.9759,76.5383,55.2742,112.06483125000001,112.06483125000001,218.9212,90.0333
967,snn,baseline,jetson_emulator,50,offload,0.5,74.7721,62.2688,62.2688,64.2103,58.0595,112.06483125000001,112.06483125000001,215.8827,90.0242
968,snn,baseline,jetson_emulator,50,offload,0.5,75.1775,62.335,62.335,64.2163,58.0443,112.06483125000001,112.06483125000001,215.9866,89.9367
969,snn,baseline,jetson_emulator,50,offload,0.5,75.6818,61.9677,61.9677,63.9277,58.1289,112.06483125000001,112.06483125000001,216.0905,89.9589
970,snn,baseline,jetson_emulator,50,offload,0.5,75.3816,61.8743,61.8743,64.9467,58.1505,112.06483125000001,112.06483125000001,216.1944,89.9672
971,snn,baseline,jetson_emulator,50,offload,0.5,74.966,61.7868,61.7868,64.0957,58.1707,112.06483125000001,112.06483125000001,216.2982,89.9935
972,snn,baseline,jetson_emulator,50,local,0.5,74.7974,61.9161,74.7974,77.0616,55.3115,112.06483125000001,112.06483125000001,219.5536,89.9245
973,snn,baseline,jetson_emulator,50,local,0.5,75.1177,63.4702,75.1177,77.5126,55.2446,112.06483125000001,112.06483125000001,219.659,89.9954
974,snn,baseline,jetson_emulator,50,offload,0.5,75.5508,62.3271,62.3271,64.6948,58.0461,112.06483125000001,112.06483125000001,216.6099,90.0462
975,snn,baseline,jetson_emulator,50,offload,0.5,74.7437,62.1317,62.1317,64.5029,58.0911,112.06483125000001,112.06483125000001,216.7138,89.9384
976,snn,baseline,jetson_emulator,50,local,0.5,74.5623,62.3435,74.5623,76.2062,55.3607,112.06483125000001,112.06483125000001,219.9752,89.9327
977,snn,baseline,jetson_emulator,50,offload,0.5,74.952,62.867,62.867,65.0278,57.9221,112.06483125000001,112.06483125000001,216.9215,89.9815
978,snn,baseline,jetson_emulator,50,offload,0.5,74.7396,62.0135,62.0135,65.3664,58.1184,112.06483125000001,112.06483125000001,217.0254,89.9927
979,snn,baseline,jetson_emulator,50,local,0.5,74.8253,61.7173,74.8253,76.2676,55.3057,112.06483125000001,112.06483125000001,220.2914,89.9928
980,snn,baseline,jetson_emulator,50,offload,0.5,74.5434,62.1825,62.1825,64.2469,58.0794,112.06483125000001,112.06483125000001,217.2332,89.8954
981,snn,baseline,jetson_emulator,50,local,0.5,74.432,63.5602,74.432,76.7948,55.388,112.06483125000001,112.06483125000001,220.5022,90.0554
982,snn,baseline,jetson_emulator,50,local,0.5,75.1385,61.5317,75.1385,77.1586,55.2403,112.06483125000001,112.06483125000001,220.6076,90.052
983,snn,baseline,jetson_emulator,50,offload,0.5,74.8939,62.4545,62.4545,64.7246,58.0168,112.06483125000001,112.06483125000001,217.5448,90.0402
984,snn,baseline,jetson_emulator,50,local,0.5,74.2755,62.1492,74.2755,76.6678,55.4208,112.06483125000001,112.06483125000001,220.8184,90.024
985,snn,baseline,jetson_emulator,50,offload,0.5,75.0741,61.9067,61.9067,63.0755,58.143,112.06483125000001,112.06483125000001,217.7526,90.0119
986,snn,baseline,jetson_emulator,50,offload,0.5,74.6883,61.5693,61.5693,64.2481,58.221,112.06483125000001,112.06483125000001,217.8565,89.8866
987,snn,baseline,jetson_emulator,50,local,0.5,74.9461,62.7238,74.9461,77.4989,55.2804,112.06483125000001,112.06483125000001,221.1346,89.9784
988,snn,baseline,jetson_emulator,50,offload,0.5,74.9274,61.7507,61.7507,64.2332,58.1791,112.06483125000001,112.06483125000001,218.0643,90.0272
989,snn,baseline,jetson_emulator,50,local,0.5,74.296,61.5543,74.296,75.706,55.4165,112.06483125000001,112.06483125000001,221.3454,90.0599
990,snn,baseline,jetson_emulator,50,local,0.5,74.4629,61.3045,74.4629,76.8959,55.3815,112.06483125000001,112.06483125000001,221.4508,90.0617
991,snn,baseline,jetson_emulator,50,local,0.5,74.7733,61.5086,74.7733,76.616,55.3165,112.06483125000001,112.06483125000001,221.5561,90.0136
992,snn,baseline,jetson_emulator,50,local,0.5,74.167,61.4562,74.167,75.9131,55.4435,112.06483125000001,112.06483125000001,221.6615,89.9077
993,snn,baseline,jetson_emulator,50,local,0.5,73.9487,61.5556,73.9487,76.7217,55.4894,112.06483125000001,112.06483125000001,221.7669,90.006
994,snn,baseline,jetson_emulator,50,local,0.5,73.9813,61.3661,73.9813,76.3529,55.4826,112.06483125000001,112.06483125000001,221.8723,89.9706
995,snn,baseline,jetson_emulator,50,local,0.5,74.009,62.3196,74.009,76.4038,55.4767,112.06483125000001,112.06483125000001,221.9777,89.9944
996,snn,baseline,jetson_emulator,50,local,0.5,74.6765,61.3476,74.6765,76.8388,55.3368,112.06483125000001,112.06483125000001,222.0831,89.9817
997,snn,baseline,jetson_emulator,50,local,0.5,74.0017,61.843,74.0017,76.4756,55.4783,112.06483125000001,112.06483125000001,222.1885,89.923
998,snn,baseline,jetson_emulator,50,local,0.5,73.9865,61.1632,73.9865,76.1509,55.4815,112.06483125000001,112.06483125000001,222.2939,89.9193
999,snn,baseline,jetson_emulator,50,local,0.5,73.8845,61.1429,73.8845,75.2353,55.5029,112.06483125000001,112.06483125000001,222.3993,90.0142
1000,snn,baseline,jetson_emulator,50,local,0.5,74.0801,61.3815,74.0801,76.2078,55.4618,112.06483125000001,112.06483125000001,222.5047,90.0153
1001,snn,baseline,jetson_emulator,50,offload,0.5,73.8436,61.2841,61.2841,63.2517,58.2871,112.06483125000001,112.06483125000001,219.4148,89.9998
1002,snn,baseline,jetson_emulator,50,local,0.5,73.8683,61.1757,73.8683,75.8829,55.5063,112.06483125000001,112.06483125000001,222.7155,90.0511
1003,snn,baseline,jetson_emulator,50,local,0.5,73.6508,62.2689,73.6508,75.9407,55.5521,112.06483125000001,112.06483125000001,222.8209,90.0266
1004,snn,baseline,jetson_emulator,50,offload,0.5,73.7561,60.8056,60.8056,62.6364,58.3984,112.06483125000001,112.06483125000001,219.7264,89.9848
1005,snn,baseline,jetson_emulator,50,offload,0.5,74.4714,60.9706,60.9706,63.2259,58.36,112.06483125000001,112.06483125000001,219.8303,90.0106
1006,snn,baseline,jetson_emulator,50,offload,0.5,73.5717,60.8472,60.8472,62.2238,58.3887,112.06483125000001,112.06483125000001,219.9342,89.9497
1007,snn,baseline,jetson_emulator,50,local,0.5,73.8249,61.612,73.8249,76.1702,55.5154,112.06483125000001,112.06483125000001,223.2425,89.9313
1008,snn,baseline,jetson_emulator,50,local,0.5,74.512,61.42,74.512,76.8322,55.3712,112.06483125000001,112.06483125000001,223.3479,89.9635
1009,snn,baseline,jetson_emulator,50,offload,0.5,73.4752,60.7941,60.7941,62.5673,58.4011,112.06483125000001,112.06483125000001,220.2458,89.8726
1010,snn,baseline,jetson_emulator,50,offload,0.5,73.507,61.1378,61.1378,62.9713,58.3211,112.06483125000001,112.06483125000001,220.3497,89.9414
1011,snn,baseline,jetson_emulator,50,offload,0.5,73.8535,60.7204,60.7204,62.6963,58.4182,112.06483125000001,112.06483125000001,220.4536,90.01
1012,snn,baseline,jetson_emulator,50,offload,0.5,73.5157,60.6605,60.6605,62.029,58.4322,112.06483125000001,112.06483125000001,220.5575,89.9323
1013,snn,baseline,jetson_emulator,50,offload,0.5,74.0999,60.8106,60.8106,63.1194,58.3972,112.06483125000001,112.06483125000001,220.6614,89.9148
1014,snn,baseline,jetson_emulator,50,offload,0.5,73.6277,61.2936,61.2936,63.159,58.2849,112.06483125000001,112.06483125000001,220.7653,90.0682
1015,snn,baseline,jetson_emulator,50,offload,0.5,73.2882,61.8607,61.8607,63.3125,58.1536,112.06483125000001,112.06483125000001,220.8691,89.9622
1016,snn,baseline,jetson_emulator,50,local,0.5,73.1563,60.7625,73.1563,75.5872,55.6566,112.06483125000001,112.06483125000001,224.1911,89.9631
1017,snn,baseline,jetson_emulator,50,local,0.5,73.5385,61.0298,73.5385,75.9895,55.5758,112.06483125000001,112.06483125000001,224.2965,89.9577
1018,snn,baseline,jetson_emulator,50,local,0.5,73.9562,60.7506,73.9562,75.815,55.4878,112.06483125000001,112.06483125000001,224.4019,90.0572
1019,snn,baseline,jetson_emulator,50,offload,0.5,73.7205,61.9149,61.9149,63.3578,58.1411,112.06483125000001,112.06483125000001,221.2847,90.1005
1020,snn,baseline,jetson_emulator,50,local,0.5,73.3727,60.7093,73.3727,75.4947,55.6108,112.06483125000001,112.06483125000001,224.6127,89.9147
1021,snn,baseline,jetson_emulator,50,local,0.5,74.0519,60.6195,74.0519,76.1198,55.4677,112.06483125000001,112.06483125000001,224.7181,90.0935
1022,snn,baseline,jetson_emulator,50,offload,0.5,74.1751,62.0201,62.0201,63.645,58.1169,112.06483125000001,112.06483125000001,221.5963,89.9893
1023,snn,baseline,jetson_emulator,50,offload,0.5,73.3945,61.3759,61.3759,63.2585,58.2659,112.06483125000001,112.06483125000001,221.7002,89.8905
1024,snn,baseline,jetson_emulator,50,offload,0.5,72.9607,61.6315,61.6315,62.9861,58.2066,112.06483125000001,112.06483125000001,221.8041,89.9201
1025,snn,baseline,jetson_emulator,50,local,0.5,73.7865,60.6007,73.7865,75.1204,55.5236,112.06483125000001,112.06483125000001,225.1396,89.8898
1026,snn,baseline,jetson_emulator,50,offload,0.5,72.9802,60.4819,60.4819,62.3283,58.4739,112.06483125000001,112.06483125000001,222.0119,89.9866
1027,snn,baseline,jetson_emulator,50,offload,0.5,73.0419,60.4179,60.4179,63.5164,58.4888,112.06483125000001,112.06483125000001,222.1157,90.0071
1028,snn,baseline,jetson_emulator,50,offload,0.5,73.6138,61.7151,61.7151,63.6256,58.1873,112.06483125000001,112.06483125000001,222.2196,89.9349
1029,snn,baseline,jetson_emulator,50,offload,0.5,73.5246,60.2849,60.2849,61.932,58.5199,112.06483125000001,112.06483125000001,222.3235,89.9334
1030,snn,baseline,jetson_emulator,50,local,0.5,72.8733,60.1313,72.8733,74.8959,55.7165,112.06483125000001,112.06483125000001,225.6666,89.9833
1031,snn,baseline,jetson_emulator,50,local,0.5,73.3775,60.8229,73.3775,74.9689,55.6098,112.06483125000001,112.06483125000001,225.772,90.0044
1032,snn,baseline,jetson_emulator,50,offload,0.5,73.244,60.8598,60.8598,62.5678,58.3858,112.06483125000001,112.06483125000001,222.6352,90.0241
1033,snn,baseline,jetson_emulator,50,local,0.5,72.8341,60.1997,72.8341,74.1551,55.7248,112.06483125000001,112.06483125000001,225.9828,89.8903
1034,snn,baseline,jetson_emulator,50,local,0.5,72.8077,60.8823,72.8077,75.0594,55.7304,112.06483125000001,112.06483125000001,226.0882,89.9854
1035,snn,baseline,jetson_emulator,50,local,0.5,73.2662,60.6557,73.2662,74.6011,55.6333,112.06483125000001,112.06483125000001,226.1936,90.0266
1036,snn,baseline,jetson_emulator,50,local,0.5,73.1913,61.1148,73.1913,75.0397,55.6491,112.06483125000001,112.06483125000001,226.299,89.9141
1037,snn,baseline,jetson_emulator,50,local,0.5,72.7577,60.7662,72.7577,74.3726,55.741,112.06483125000001,112.06483125000001,226.4044,89.9627
1038,snn,baseline,jetson_emulator,50,offload,0.5,73.2632,60.5068,60.5068,62.4319,58.4681,112.06483125000001,112.06483125000001,223.2585,90.0376
1039,snn,baseline,jetson_emulator,50,offload,0.5,73.2017,61.3408,61.3408,63.0113,58.274,112.06483125000001,112.06483125000001,223.3624,89.9871
1040,snn,baseline,jetson_emulator,50,offload,0.5,72.8584,60.863,60.863,63.2,58.385,112.06483125000001,112.06483125000001,223.4662,90.0204
1041,snn,baseline,jetson_emulator,50,local,0.5,73.0299,60.3828,73.0299,75.7846,55.6833,112.06483125000001,112.06483125000001,226.826,90.0215
1042,snn,baseline,jetson_emulator,50,local,0.5,72.9399,60.9865,72.9399,74.4405,55.7024,112.06483125000001,112.06483125000001,226.9314,90.0376
1043,snn,baseline,jetson_emulator,50,offload,0.5,72.9102,60.385,60.385,61.6302,58.4965,112.06483125000001,112.06483125000001,223.7779,89.9146
1044,snn,baseline,jetson_emulator,50,local,0.5,73.3675,60.1509,73.3675,74.8155,55.6119,112.06483125000001,112.06483125000001,227.1422,89.9085
1045,snn,baseline,jetson_emulator,50,local,0.5,72.5526,60.2047,72.5526,74.3173,55.7846,112.06483125000001,112.06483125000001,227.2476,90.0532
1046,snn,baseline,jetson_emulator,50,local,0.5,73.7528,61.3764,73.7528,75.0847,55.5306,112.06483125000001,112.06483125000001,227.353,89.9971
1047,snn,baseline,jetson_emulator,50,local,0.5,72.9093,62.0289,72.9093,75.1639,55.7089,112.06483125000001,112.06483125000001,227.4584,89.9739
1048,snn,baseline,jetson_emulator,50,offload,0.5,72.7783,60.0061,60.0061,62.5466,58.5852,112.06483125000001,112.06483125000001,224.2973,89.9686
1049,snn,baseline,jetson_emulator,50,local,0.5,73.0887,60.2252,73.0887,74.3928,55.6709,112.06483125000001,112.06483125000001,227.6692,90.0029
1050,snn,baseline,jetson_emulator,50,local,0.5,73.5497,60.866,73.5497,75.0939,55.5734,112.06483125000001,112.06483125000001,227.7746,90.0073
1051,snn,baseline,jetson_emulator,50,local,0.5,72.8043,60.5062,72.8043,74.3594,55.7311,112.06483125000001,112.06483125000001,227.88,90.0095
1052,snn,baseline,jetson_emulator,50,offload,0.5,73.0891,60.6157,60.6157,62.7789,58.4427,112.06483125000001,112.06483125000001,224.7128,90.036
1053,snn,baseline,jetson_emulator,50,local,0.5,73.3179,60.084,73.3179,75.5577,55.6224,112.06483125000001,112.06483125000001,228.0908,89.9585
1054,snn,baseline,jetson_emulator,50,offload,0.5,72.9731,60.6755,60.6755,62.6324,58.4287,112.06483125000001,112.06483125000001,224.9206,89.8722
1055,snn,baseline,jetson_emulator,50,offload,0.5,72.9199,61.0456,61.0456,62.7317,58.3425,112.06483125000001,112.06483125000001,225.0245,90.021
1056,snn,baseline,jetson_emulator,50,local,0.5,72.9261,60.6338,72.9261,75.3275,55.7053,112.06483125000001,112.06483125000001,228.407,90.111
1057,snn,baseline,jetson_emulator,50,offload,0.5,72.8085,60.2047,60.2047,61.6592,58.5387,112.06483125000001,112.06483125000001,225.2323,89.9655
1058,snn,baseline,jetson_emulator,50,local,0.5,73.0296,60.9942,73.0296,75.2068,55.6834,112.06483125000001,112.06483125000001,228.6177,90.0217
1059,snn,baseline,jetson_emulator,50,local,0.5,72.8107,62.0283,72.8107,75.8785,55.7298,112.06483125000001,112.06483125000001,228.7231,90.0125
1060,snn,baseline,jetson_emulator,50,local,0.5,73.5024,60.7514,73.5024,75.1924,55.5834,112.06483125000001,112.06483125000001,228.8285,89.9806
1061,snn,baseline,jetson_emulator,50,offload,0.5,73.1746,60.2323,60.2323,62.4427,58.5322,112.06483125000001,112.06483125000001,225.6478,90.0072
1062,snn,baseline,jetson_emulator,50,offload,0.5,73.2355,60.7883,60.7883,62.6443,58.4024,112.06483125000001,112.06483125000001,225.7517,90.0063
1063,snn,baseline,jetson_emulator,50,local,0.5,72.7623,60.8173,72.7623,74.1989,55.74,112.06483125000001,112.06483125000001,229.1447,90.0996
1064,snn,baseline,jetson_emulator,50,local,0.5,73.0389,60.5441,73.0389,75.0127,55.6814,112.06483125000001,112.06483125000001,229.2501,89.9076
1065,snn,baseline,jetson_emulator,50,local,0.5,73.4046,60.2702,73.4046,75.2162,55.6041,112.06483125000001,112.06483125000001,229.3555,90.038
1066,snn,baseline,jetson_emulator,50,offload,0.5,72.848,60.9595,60.9595,63.4544,58.3626,112.06483125000001,112.06483125000001,226.1672,90.0348
1067,snn,baseline,jetson_emulator,50,offload,0.5,73.2213,60.4157,60.4157,62.0836,58.4893,112.06483125000001,112.06483125000001,226.2711,89.9389
1068,snn,baseline,jetson_emulator,50,local,0.5,73.2354,60.8465,73.2354,75.1033,55.6398,112.06483125000001,112.06483125000001,229.6717,89.9769
1069,snn,baseline,jetson_emulator,50,local,0.5,73.0548,61.1385,73.0548,74.5364,55.678,112.06483125000001,112.06483125000001,229.7771,90.1345
1070,snn,baseline,jetson_emulator,50,local,0.5,73.0985,60.9681,73.0985,75.5999,55.6688,112.06483125000001,112.06483125000001,229.8825,89.9411
1071,snn,baseline,jetson_emulator,50,offload,0.5,73.8903,60.6883,60.6883,62.6637,58.4257,112.06483125000001,112.06483125000001,226.6866,89.993
1072,snn,baseline,jetson_emulator,50,offload,0.5,73.0488,60.6895,60.6895,61.8717,58.4254,112.06483125000001,112.06483125000001,226.7905,89.9854
1073,snn,baseline,jetson_emulator,50,offload,0.5,73.7124,61.1076,61.1076,63.0818,58.3281,112.06483125000001,112.06483125000001,226.8944,90.0242
1074,snn,baseline,jetson_emulator,50,local,0.5,73.873,60.4499,73.873,76.5111,55.5053,112.06483125000001,112.06483125000001,230.3041,89.9906
1075,snn,baseline,jetson_emulator,50,local,0.5,74.0132,60.6227,74.0132,75.6407,55.4758,112.06483125000001,112.06483125000001,230.4095,90.0275
1076,snn,baseline,jetson_emulator,50,offload,0.5,73.209,60.6606,60.6606,63.0069,58.4322,112.06483125000001,112.06483125000001,227.2061,90.009
1077,snn,baseline,jetson_emulator,50,local,0.5,73.9727,60.7131,73.9727,75.8289,55.4844,112.06483125000001,112.06483125000001,230.6203,89.9591
1078,snn,baseline,jetson_emulator,50,offload,0.5,73.6447,61.2636,61.2636,62.7488,58.2919,112.06483125000001,112.06483125000001,227.4138,89.9682
1079,snn,baseline,jetson_emulator,50,offload,0.5,73.629,61.0155,61.0155,63.1698,58.3495,112.06483125000001,112.06483125000001,227.5177,89.9945
1080,snn,baseline,jetson_emulator,50,local,0.5,74.3848,61.0705,74.3848,77.0537,55.3978,112.06483125000001,112.06483125000001,230.9365,90.005
1081,snn,baseline,jetson_emulator,50,offload,0.5,73.5255,60.952,60.952,62.9752,58.3643,112.06483125000001,112.06483125000001,227.7255,90.0531
1082,snn,baseline,jetson_emulator,50,offload,0.5,73.6997,61.4599,61.4599,62.8977,58.2464,112.06483125000001,112.06483125000001,227.8294,89.9671
1083,snn,baseline,jetson_emulator,50,local,0.5,73.8497,62.1021,73.8497,75.5375,55.5102,112.06483125000001,112.06483125000001,231.2527,90.0295
1084,snn,baseline,jetson_emulator,50,offload,0.5,73.9895,61.7763,61.7763,63.8066,58.1731,112.06483125000001,112.06483125000001,228.0371,89.997
1085,snn,baseline,jetson_emulator,50,offload,0.5,75.0195,60.9061,60.9061,62.8185,58.375,112.06483125000001,112.06483125000001,228.141,89.946
1086,snn,baseline,jetson_emulator,50,offload,0.5,75.1707,62.3927,62.3927,64.352,58.031,112.06483125000001,112.06483125000001,228.2449,90.003
1087,snn,baseline,jetson_emulator,50,offload,0.5,74.8606,61.2604,61.2604,63.2901,58.2926,112.06483125000001,112.06483125000001,228.3488,90.0319
1088,snn,baseline,jetson_emulator,50,local,0.5,74.5377,62.2552,74.5377,76.1327,55.3658,112.06483125000001,112.06483125000001,231.7797,89.9048
1089,snn,baseline,jetson_emulator,50,offload,0.5,74.3705,61.5855,61.5855,62.9219,58.2173,112.06483125000001,112.06483125000001,228.5566,90.052
1090,snn,baseline,jetson_emulator,50,local,0.5,74.4888,61.4814,74.4888,76.2302,55.3761,112.06483125000001,112.06483125000001,231.9905,90.0602
1091,snn,baseline,jetson_emulator,50,local,0.5,74.1655,62.0697,74.1655,75.8489,55.4438,112.06483125000001,112.06483125000001,232.0958,90.0823
1092,snn,baseline,jetson_emulator,50,offload,0.5,74.6536,63.0488,63.0488,65.2204,57.8805,112.06483125000001,112.06483125000001,228.8682,89.954
1093,snn,baseline,jetson_emulator,50,offload,0.5,74.8948,61.4329,61.4329,63.7558,58.2526,112.06483125000001,112.06483125000001,228.9721,89.9364
1094,snn,baseline,jetson_emulator,50,local,0.5,75.1562,61.7041,75.1562,76.6927,55.2366,112.06483125000001,112.06483125000001,232.412,89.9877
1095,snn,baseline,jetson_emulator,50,local,0.5,74.71,62.2294,74.71,76.4875,55.3298,112.06483125000001,112.06483125000001,232.5174,89.985
1096,snn,baseline,jetson_emulator,50,local,0.5,74.5303,61.8694,74.5303,75.6384,55.3674,112.06483125000001,112.06483125000001,232.6228,90.0222
1097,snn,baseline,jetson_emulator,50,local,0.5,74.5479,62.1295,74.5479,76.1488,55.3637,112.06483125000001,112.06483125000001,232.7282,90.0244
1098,snn,baseline,jetson_emulator,50,local,0.5,74.4743,61.8634,74.4743,76.2483,55.3791,112.06483125000001,112.06483125000001,232.8336,90.0024
1099,snn,baseline,jetson_emulator,50,offload,0.5,75.3255,62.0601,62.0601,64.2417,58.1076,112.06483125000001,112.06483125000001,229.5954,90.0582
1100,snn,baseline,jetson_emulator,50,local,0.5,75.2635,62.6703,75.2635,76.8716,55.2143,112.06483125000001,112.06483125000001,233.0444,90.0328
1101,snn,baseline,jetson_emulator,50,local,0.5,75.2198,62.3536,75.2198,76.8591,55.2234,112.06483125000001,112.06483125000001,233.1498,90.0209
1102,snn,baseline,jetson_emulator,50,local,0.5,75.1967,61.9272,75.1967,77.0374,55.2282,112.06483125000001,112.06483125000001,233.2552,90.0579
1103,snn,baseline,jetson_emulator,50,local,0.5,75.5514,62.0246,75.5514,76.8745,55.1544,112.06483125000001,112.06483125000001,233.3606,89.9832
1104,snn,baseline,jetson_emulator,50,offload,0.5,76.1556,62.1825,62.1825,64.6514,58.0794,112.06483125000001,112.06483125000001,230.1148,90.0054
1105,snn,baseline,jetson_emulator,50,offload,0.5,75.819,62.0513,62.0513,64.2993,58.1096,112.06483125000001,112.06483125000001,230.2187,90.0546
1106,snn,baseline,jetson_emulator,50,local,0.5,76.0762,62.9605,76.0762,78.2582,55.0456,112.06483125000001,112.06483125000001,233.6768,89.9812
1107,snn,baseline,jetson_emulator,50,offload,0.5,76.397,62.6725,62.6725,63.4988,57.9667,112.06483125000001,112.06483125000001,230.4265,89.9341
1108,snn,baseline,jetson_emulator,50,offload,0.5,75.8688,63.6554,63.6554,65.3463,57.742,112.06483125000001,112.06483125000001,230.5304,89.9604
1109,snn,baseline,jetson_emulator,50,offload,0.5,75.99,62.7552,62.7552,64.8913,57.9478,112.06483125000001,112.06483125000001,230.6342,90.0608
1110,snn,baseline,jetson_emulator,50,local,0.5,76.0585,63.34,76.0585,77.4671,55.0492,112.06483125000001,112.06483125000001,234.0984,89.9835
1111,snn,baseline,jetson_emulator,50,local,0.5,75.8085,62.5828,75.8085,77.9573,55.101,112.06483125000001,112.06483125000001,234.2038,90.0237
1112,snn,baseline,jetson_emulator,50,offload,0.5,75.8726,63.2521,63.2521,64.206,57.834,112.06483125000001,112.06483125000001,230.9459,89.983
1113,snn,baseline,jetson_emulator,50,offload,0.5,75.8845,63.3996,63.3996,65.1625,57.8003,112.06483125000001,112.06483125000001,231.0498,89.8396
1114,snn,baseline,jetson_emulator,50,offload,0.5,75.8649,63.2726,63.2726,64.4524,57.8293,112.06483125000001,112.06483125000001,231.1537,89.9289
1115,snn,baseline,jetson_emulator,50,local,0.5,75.9943,63.293,75.9943,78.867,55.0625,112.06483125000001,112.06483125000001,234.6254,90.0696
1116,snn,baseline,jetson_emulator,50,local,0.5,75.9552,62.9999,75.9552,77.602,55.0706,112.06483125000001,112.06483125000001,234.7308,90.0798
1117,snn,baseline,jetson_emulator,50,offload,0.5,76.6077,64.3261,64.3261,66.1014,57.5897,112.06483125000001,112.06483125000001,231.4653,89.9671
1118,snn,baseline,jetson_emulator,50,offload,0.5,77.6692,64.0968,64.0968,65.0136,57.6417,112.06483125000001,112.06483125000001,231.5692,89.949
1119,snn,baseline,jetson_emulator,50,offload,0.5,76.2774,63.9911,63.9911,65.7133,57.6657,112.06483125000001,112.06483125000001,231.6731,90.1076
1120,snn,baseline,jetson_emulator,50,local,0.5,76.3282,63.2246,76.3282,78.7434,54.9935,112.06483125000001,112.06483125000001,235.1524,90.0191
1121,snn,baseline,jetson_emulator,50,local,0.5,76.6375,63.8897,76.6375,79.1855,54.9296,112.06483125000001,112.06483125000001,235.2578,89.9898
1122,snn,baseline,jetson_emulator,50,offload,0.5,76.7199,64.4531,64.4531,65.8725,57.5609,112.06483125000001,112.06483125000001,231.9847,90.0638
1123,snn,baseline,jetson_emulator,50,offload,0.5,77.5931,63.4911,63.4911,66.0139,57.7795,112.06483125000001,112.06483125000001,232.0886,89.9306
1124,snn,baseline,jetson_emulator,50,local,0.5,77.1098,64.0199,77.1098,79.3695,54.8325,112.06483125000001,112.06483125000001,235.5739,90.052
1125,snn,baseline,jetson_emulator,50,offload,0.5,77.0599,64.143,64.143,66.3351,57.6312,112.06483125000001,112.06483125000001,232.2964,89.9923
1126,snn,baseline,jetson_emulator,50,offload,0.5,77.2197,64.1826,64.1826,66.7926,57.6222,112.06483125000001,112.06483125000001,232.4003,89.9417
1127,snn,baseline,jetson_emulator,50,local,0.5,77.1614,63.9142,77.1614,78.6324,54.8219,112.06483125000001,112.06483125000001,235.8901,89.9217
1128,snn,baseline,jetson_emulator,50,local,0.5,77.45,64.6071,77.45,79.4131,54.7627,112.06483125000001,112.06483125000001,235.9955,90.0367
1129,snn,baseline,jetson_emulator,50,local,0.5,78.6459,64.6284,78.6459,80.5983,54.5188,112.06483125000001,112.06483125000001,236.1009,89.999
1130,snn,baseline,jetson_emulator,50,offload,0.5,77.4219,64.7536,64.7536,66.2844,57.493,112.06483125000001,112.06483125000001,232.8158,89.9748
1131,snn,baseline,jetson_emulator,50,local,0.5,77.5787,64.6756,77.5787,79.8092,54.7364,112.06483125000001,112.06483125000001,236.3117,89.9423
1132,snn,baseline,jetson_emulator,50,local,0.5,78.1826,63.9956,78.1826,80.3902,54.6131,112.06483125000001,112.06483125000001,236.4171,89.9674
1133,snn,baseline,jetson_emulator,50,offload,0.5,77.6792,64.196,64.196,65.8207,57.6192,112.06483125000001,112.06483125000001,233.1275,89.9839
1134,snn,baseline,jetson_emulator,50,local,0.5,77.8907,64.7092,77.8907,80.1606,54.6726,112.06483125000001,112.06483125000001,236.6279,89.908
1135,snn,baseline,jetson_emulator,50,local,0.5,78.5206,64.45,78.5206,80.6693,54.5443,112.06483125000001,112.06483125000001,236.7333,89.9882
1136,snn,baseline,jetson_emulator,50,offload,0.5,78.1051,64.5039,64.5039,66.2906,57.5494,112.06483125000001,112.06483125000001,233.4391,89.9955
1137,snn,baseline,jetson_emulator,50,local,0.5,78.5795,64.6043,78.5795,80.9569,54.5323,112.06483125000001,112.06483125000001,236.9441,89.9801
1138,snn,baseline,jetson_emulator,50,local,0.5,78.4349,65.9783,78.4349,80.3059,54.5617,112.06483125000001,112.06483125000001,237.0495,90.0481
1139,snn,baseline,jetson_emulator,50,local,0.5,78.4752,64.9718,78.4752,80.215,54.5535,112.06483125000001,112.06483125000001,237.1549,89.9997
1140,snn,baseline,jetson_emulator,50,offload,0.5,78.1403,65.3321,65.3321,67.4949,57.3627,112.06483125000001,112.06483125000001,233.8546,89.9883
1141,snn,baseline,jetson_emulator,50,local,0.5,78.4852,64.8974,78.4852,80.8425,54.5515,112.06483125000001,112.06483125000001,237.3657,90.0013
1142,snn,baseline,jetson_emulator,50,local,0.5,78.9818,65.4288,78.9818,81.2296,54.4507,112.06483125000001,112.06483125000001,237.4711,90.037
1143,snn,baseline,jetson_emulator,50,local,0.5,78.8078,66.6272,78.8078,80.8406,54.486,112.06483125000001,112.06483125000001,237.5765,89.8959
1144,snn,baseline,jetson_emulator,50,local,0.5,78.6856,65.7515,78.6856,80.3237,54.5108,112.06483125000001,112.06483125000001,237.6819,89.9997
1145,snn,baseline,jetson_emulator,50,offload,0.5,79.3499,65.0907,65.0907,67.039,57.417,112.06483125000001,112.06483125000001,234.3741,89.9628
1146,snn,baseline,jetson_emulator,50,local,0.5,79.1785,65.3545,79.1785,80.7668,54.4109,112.06483125000001,112.06483125000001,237.8927,89.9752
1147,snn,baseline,jetson_emulator,50,local,0.5,78.7596,66.1414,78.7596,80.9706,54.4958,112.06483125000001,112.06483125000001,237.9981,90.0044
1148,snn,baseline,jetson_emulator,50,local,0.5,79.1859,65.271,79.1859,80.9029,54.4094,112.06483125000001,112.06483125000001,238.1035,89.9259
1149,snn,baseline,jetson_emulator,50,local,0.5,79.558,66.119,79.558,82.3717,54.3343,112.06483125000001,112.06483125000001,238.2089,89.9939
1150,snn,baseline,jetson_emulator,50,offload,0.5,79.053,65.7444,65.7444,67.9703,57.2702,112.06483125000001,112.06483125000001,234.8935,90.0172
1151,snn,baseline,jetson_emulator,50,offload,0.5,79.5964,65.6272,65.6272,67.4824,57.2965,112.06483125000001,112.06483125000001,234.9974,90.0664
1152,snn,baseline,jetson_emulator,50,local,0.5,79.9608,65.5293,79.9608,81.2483,54.2532,112.06483125000001,112.06483125000001,238.5251,89.9249
1153,snn,baseline,jetson_emulator,50,local,0.5,80.2927,65.8354,80.2927,82.6144,54.1866,112.06483125000001,112.06483125000001,238.6305,89.9475
1154,snn,baseline,jetson_emulator,50,local,0.5,79.6829,66.8952,79.6829,81.5683,54.3091,112.06483125000001,112.06483125000001,238.7359,89.9972
1155,snn,baseline,jetson_emulator,50,local,0.5,80.1198,65.8694,80.1198,82.1565,54.2213,112.06483125000001,112.06483125000001,238.8413,90.0137
1156,snn,baseline,jetson_emulator,50,local,0.5,79.7516,65.8201,79.7516,82.2638,54.2953,112.06483125000001,112.06483125000001,238.9467,89.9786
1157,snn,baseline,jetson_emulator,50,offload,0.5,80.196,65.8198,65.8198,67.7991,57.2533,112.06483125000001,112.06483125000001,235.6207,89.9843
1158,snn,baseline,jetson_emulator,50,offload,0.5,79.9501,66.3611,66.3611,68.1232,57.1324,112.06483125000001,112.06483125000001,235.7246,89.9188
1159,snn,baseline,jetson_emulator,50,local,0.5,79.7326,65.9192,79.7326,82.5782,54.2991,112.06483125000001,112.06483125000001,239.2628,90.0763
1160,snn,baseline,jetson_emulator,50,local,0.5,80.2618,67.1182,80.2618,82.6156,54.1928,112.06483125000001,112.06483125000001,239.3682,89.979
1161,snn,baseline,jetson_emulator,50,local,0.5,80.5739,66.0974,80.5739,82.6312,54.1302,112.06483125000001,112.06483125000001,239.4736,89.8715
1162,snn,baseline,jetson_emulator,50,offload,0.5,80.6897,66.2375,66.2375,68.4246,57.1599,112.06483125000001,112.06483125000001,236.1401,90.0444
1163,snn,baseline,jetson_emulator,50,local,0.5,80.5463,66.2684,80.5463,82.0687,54.1358,112.06483125000001,112.06483125000001,239.6844,89.9815
1164,snn,baseline,jetson_emulator,50,offload,0.5,80.2647,66.7959,66.7959,68.6032,57.0356,112.06483125000001,112.06483125000001,236.3479,90.0127
1165,snn,baseline,jetson_emulator,50,offload,0.5,80.5771,67.5266,67.5266,69.5347,56.8737,112.06483125000001,112.06483125000001,236.4518,90.0785
1166,snn,baseline,jetson_emulator,50,local,0.5,80.6131,66.3879,80.6131,82.9781,54.1224,112.06483125000001,112.06483125000001,240.0006,89.9791
1167,snn,baseline,jetson_emulator,50,offload,0.5,80.4995,67.0548,67.0548,68.5515,56.9781,112.06483125000001,112.06483125000001,236.6595,89.9624
1168,snn,baseline,jetson_emulator,50,offload,0.5,81.2684,66.6811,66.6811,68.3328,57.0611,112.06483125000001,112.06483125000001,236.7634,90.0076
1169,snn,baseline,jetson_emulator,50,offload,0.5,80.8046,66.8383,66.8383,68.8795,57.0262,112.06483125000001,112.06483125000001,236.8673,89.9757
1170,snn,baseline,jetson_emulator,50,offload,0.5,81.2071,68.0355,68.0355,70.6654,56.7615,112.06483125000001,112.06483125000001,236.9712,89.9524
1171,snn,baseline,jetson_emulator,50,local,0.5,80.8297,66.9385,80.8297,82.5736,54.0791,112.06483125000001,112.06483125000001,240.5276,89.9557
1172,snn,baseline,jetson_emulator,50,local,0.5,81.1193,67.879,81.1193,83.6598,54.0213,112.06483125000001,112.06483125000001,240.633,89.9967
1173,snn,baseline,jetson_emulator,50,offload,0.5,80.8436,67.2993,67.2993,69.3927,56.924,112.06483125000001,112.06483125000001,237.2828,90.0642
1174,snn,baseline,jetson_emulator,50,local,0.5,80.8349,66.8077,80.8349,82.9684,54.078,112.06483125000001,112.06483125000001,240.8438,90.0532
1175,snn,baseline,jetson_emulator,50,local,0.5,81.3238,67.3065,81.3238,82.5975,53.9806,112.06483125000001,112.06483125000001,240.9492,89.9963
1176,snn,baseline,jetson_emulator,50,offload,0.5,81.0692,68.6159,68.6159,70.2904,56.6341,112.06483125000001,112.06483125000001,237.5945,90.0734
1177,snn,baseline,jetson_emulator,50,local,0.5,82.0378,67.3243,82.0378,84.2835,53.8388,112.06483125000001,112.06483125000001,241.16,90.0365
1178,snn,baseline,jetson_emulator,50,offload,0.5,81.4677,69.0482,69.0482,71.1335,56.5395,112.06483125000001,112.06483125000001,237.8022,89.9342
1179,snn,baseline,jetson_emulator,50,offload,0.5,81.7283,68.0111,68.0111,69.738,56.7669,112.06483125000001,112.06483125000001,237.9061,90.078
1180,snn,baseline,jetson_emulator,50,offload,0.5,81.2822,67.4652,67.4652,69.3861,56.8873,112.06483125000001,112.06483125000001,238.01,89.9932
1181,snn,baseline,jetson_emulator,50,local,0.5,81.3444,67.255,81.3444,83.2083,53.9765,112.06483125000001,112.06483125000001,241.5816,90.0435
1182,snn,baseline,jetson_emulator,50,local,0.5,81.2359,67.7533,81.2359,82.4952,53.9981,112.06483125000001,112.06483125000001,241.687,89.9415
1183,snn,baseline,jetson_emulator,50,local,0.5,81.522,67.938,81.522,83.4673,53.9411,112.06483125000001,112.06483125000001,241.7924,90.015
1184,snn,baseline,jetson_emulator,50,offload,0.5,82.0477,67.7619,67.7619,69.0873,56.8218,112.06483125000001,112.06483125000001,238.4255,89.9589
1185,snn,baseline,jetson_emulator,50,local,0.5,81.8462,68.3832,81.8462,83.7406,53.8768,112.06483125000001,112.06483125000001,242.0032,90.0806
1186,snn,baseline,jetson_emulator,50,local,0.5,81.477,67.3395,81.477,82.4917,53.9501,112.06483125000001,112.06483125000001,242.1086,90.0326
1187,snn,baseline,jetson_emulator,50,local,0.5,81.8625,67.9006,81.8625,83.8102,53.8736,112.06483125000001,112.06483125000001,242.214,89.9434
1188,snn,baseline,jetson_emulator,50,local,0.5,81.5164,67.9504,81.5164,83.5712,53.9423,112.06483125000001,112.06483125000001,242.3194,89.9501
1189,snn,baseline,jetson_emulator,50,local,0.5,82.3224,68.2338,82.3224,84.113,53.7825,112.06483125000001,112.06483125000001,242.4248,89.9607
1190,snn,baseline,jetson_emulator,50,local,0.5,82.133,69.1019,82.133,83.5055,53.82,112.06483125000001,112.06483125000001,242.5301,89.97
1191,snn,baseline,jetson_emulator,50,local,0.5,82.6165,67.6502,82.6165,84.621,53.7245,112.06483125000001,112.06483125000001,242.6355,89.9743
1192,snn,baseline,jetson_emulator,50,offload,0.5,81.5701,67.8903,67.8903,69.4598,56.7935,112.06483125000001,112.06483125000001,239.2566,89.938
1193,snn,baseline,jetson_emulator,50,local,0.5,81.7198,67.9947,81.7198,83.0322,53.9019,112.06483125000001,112.06483125000001,242.8463,89.9329
1194,snn,baseline,jetson_emulator,50,offload,0.5,82.6371,67.5506,67.5506,69.4554,56.8684,112.06483125000001,112.06483125000001,239.4644,89.9777
1195,snn,baseline,jetson_emulator,50,offload,0.5,81.6967,67.4856,67.4856,69.126,56.8828,112.06483125000001,112.06483125000001,239.5683,89.8992
1196,snn,baseline,jetson_emulator,50,local,0.5,82.3737,68.459,82.3737,84.4073,53.7724,112.06483125000001,112.06483125000001,243.1625,90.0849
1197,snn,baseline,jetson_emulator,50,offload,0.5,82.2529,68.0642,68.0642,69.2849,56.7552,112.06483125000001,112.06483125000001,239.776,90.0452
1198,snn,baseline,jetson_emulator,50,offload,0.5,81.922,68.2648,68.2648,69.4761,56.7111,112.06483125000001,112.06483125000001,239.8799,89.9916
1199,snn,baseline,jetson_emulator,50,local,0.5,81.9681,67.593,81.9681,84.3158,53.8526,112.06483125000001,112.06483125000001,243.4787,89.9972
1200,snn,baseline,jetson_emulator,50,local,0.5,81.8089,67.9377,81.8089,83.0743,53.8842,112.06483125000001,112.06483125000001,243.5841,89.9074
