cycle_id,model,architecture,profile,nodes,decision,threshold,local_latency_ms,offload_latency_ms,total_latency_ms,rtt_ms,throughput_fps,local_power_mw,offload_power_mw,effective_power_mw,accuracy_step
1,cnn,baseline,jetson_emulator,10,offload,0.5,44.0751,37.0585,37.0585,38.6382,28.4064,167.274,167.274,168.4291,92.7839
2,cnn,baseline,jetson_emulator,10,local,0.5,44.525,36.7213,44.525,46.4992,27.4969,167.274,167.274,169.0833,92.9112
3,cnn,baseline,jetson_emulator,10,offload,0.5,44.8563,36.8143,36.8143,38.4084,28.4371,167.274,167.274,168.732,92.8334
4,cnn,baseline,jetson_emulator,10,offload,0.5,45.188,37.2345,37.2345,39.2063,28.3843,167.274,167.274,168.8834,92.8044
5,cnn,baseline,jetson_emulator,10,local,0.5,45.4353,37.1045,45.4353,46.7142,27.39,167.274,167.274,169.539,92.7662
6,cnn,baseline,jetson_emulator,10,local,0.5,44.3588,36.7979,44.3588,47.1124,27.5166,167.274,167.274,169.6909,92.7907
7,cnn,baseline,jetson_emulator,10,offload,0.5,44.4687,37.4654,37.4654,39.1668,28.3553,167.274,167.274,169.3378,92.8384
8,cnn,baseline,jetson_emulator,10,offload,0.5,44.7599,37.4971,37.4971,38.6135,28.3513,167.274,167.274,169.4892,92.8511
9,cnn,baseline,jetson_emulator,10,offload,0.5,44.6896,37.031,37.031,38.607,28.4098,167.274,167.274,169.6407,92.8936
10,cnn,baseline,jetson_emulator,10,offload,0.5,45.929,38.101,38.101,39.5455,28.2758,167.274,167.274,169.7921,92.8871
11,cnn,baseline,jetson_emulator,10,offload,0.5,45.5137,37.8536,37.8536,39.9763,28.3067,167.274,167.274,169.9436,92.924
12,cnn,baseline,jetson_emulator,10,local,0.5,45.2187,37.5651,45.2187,46.6735,27.4154,167.274,167.274,170.6023,92.8569
13,cnn,baseline,jetson_emulator,10,local,0.5,45.7282,37.9888,45.7282,47.3484,27.3558,167.274,167.274,170.7542,92.7573
14,cnn,baseline,jetson_emulator,10,local,0.5,45.6772,37.8806,45.6772,46.7585,27.3618,167.274,167.274,170.9061,92.8364
15,cnn,baseline,jetson_emulator,10,offload,0.5,45.6233,38.0825,38.0825,39.5506,28.2781,167.274,167.274,170.5494,92.8261
16,cnn,baseline,jetson_emulator,10,offload,0.5,45.1932,37.93,37.93,39.8802,28.2971,167.274,167.274,170.7008,92.8152
17,cnn,baseline,jetson_emulator,10,local,0.5,46.3961,37.5645,46.3961,48.1959,27.2781,167.274,167.274,171.3618,92.7759
18,cnn,baseline,jetson_emulator,10,local,0.5,45.5158,38.566,45.5158,47.1213,27.3806,167.274,167.274,171.5137,92.836
19,cnn,baseline,jetson_emulator,10,offload,0.5,46.6974,38.3963,38.3963,40.1355,28.239,167.274,167.274,171.1552,92.7626
20,cnn,baseline,jetson_emulator,10,offload,0.5,45.5696,37.8116,37.8116,39.9364,28.3119,167.274,167.274,171.3066,92.8594
21,cnn,baseline,jetson_emulator,10,local,0.5,45.6916,37.7871,45.6916,47.9755,27.3601,167.274,167.274,171.9694,92.8197
22,cnn,baseline,jetson_emulator,10,offload,0.5,46.5894,39.106,39.106,41.6579,28.1511,167.274,167.274,171.6095,92.7798
23,cnn,baseline,jetson_emulator,10,local,0.5,46.4075,37.8595,46.4075,47.6338,27.2768,167.274,167.274,172.2732,92.8391
24,cnn,baseline,jetson_emulator,10,local,0.5,46.1077,38.1238,46.1077,47.4179,27.3116,167.274,167.274,172.4251,92.7995
25,cnn,baseline,jetson_emulator,10,local,0.5,45.9634,38.1058,45.9634,48.4296,27.3284,167.274,167.274,172.577,92.84
26,cnn,baseline,jetson_emulator,10,local,0.5,46.1042,39.545,46.1042,48.0244,27.312,167.274,167.274,172.7289,92.8725
27,cnn,baseline,jetson_emulator,10,offload,0.5,46.4739,38.2394,38.2394,38.6279,28.2585,167.274,167.274,172.3668,92.7484
28,cnn,baseline,jetson_emulator,10,offload,0.5,47.3921,38.2235,38.2235,39.9059,28.2605,167.274,167.274,172.5182,92.8054
29,cnn,baseline,jetson_emulator,10,offload,0.5,46.4697,39.0396,39.0396,40.2349,28.1593,167.274,167.274,172.6697,92.807
30,cnn,baseline,jetson_emulator,10,local,0.5,46.6394,38.4074,46.6394,48.3485,27.2499,167.274,167.274,173.3365,92.7694
31,cnn,baseline,jetson_emulator,10,local,0.5,46.5537,38.9119,46.5537,47.3949,27.2598,167.274,167.274,173.4884,92.8028
32,cnn,baseline,jetson_emulator,10,offload,0.5,46.7761,38.4365,38.4365,40.9845,28.234,167.274,167.274,173.124,92.7883
33,cnn,baseline,jetson_emulator,10,local,0.5,47.3945,39.3448,47.3945,49.158,27.1627,167.274,167.274,173.7922,92.815
34,cnn,baseline,jetson_emulator,10,local,0.5,46.6731,39.1757,46.6731,48.7051,27.246,167.274,167.274,173.9441,92.78
35,cnn,baseline,jetson_emulator,10,offload,0.5,46.6541,40.3637,40.3637,41.7252,27.9965,167.274,167.274,173.5784,92.8374
36,cnn,baseline,jetson_emulator,10,local,0.5,47.3804,38.8839,47.3804,48.9021,27.1644,167.274,167.274,174.2479,92.8602
37,cnn,baseline,jetson_emulator,10,local,0.5,47.529,38.8105,47.529,49.2723,27.1473,167.274,167.274,174.3998,92.8127
38,cnn,baseline,jetson_emulator,10,local,0.5,46.8472,39.7019,46.8472,49.7244,27.2258,167.274,167.274,174.5517,92.744
39,cnn,baseline,jetson_emulator,10,local,0.5,47.5218,39.8975,47.5218,48.7577,27.1481,167.274,167.274,174.7036,92.7421
40,cnn,baseline,jetson_emulator,10,offload,0.5,48.2439,39.0524,39.0524,40.6898,28.1577,167.274,167.274,174.3356,92.7852
41,cnn,baseline,jetson_emulator,10,local,0.5,47.3792,39.8134,47.3792,49.9277,27.1645,167.274,167.274,175.0074,92.8483
42,cnn,baseline,jetson_emulator,10,local,0.5,47.1213,39.3854,47.1213,48.92,27.1942,167.274,167.274,175.1593,92.8629
43,cnn,baseline,jetson_emulator,10,local,0.5,48.7349,40.2257,48.7349,50.9408,27.0094,167.274,167.274,175.3112,92.8128
44,cnn,baseline,jetson_emulator,10,offload,0.5,47.9575,39.3167,39.3167,41.216,28.125,167.274,167.274,174.9414,92.8692
45,cnn,baseline,jetson_emulator,10,local,0.5,47.6382,39.6283,47.6382,48.6985,27.1347,167.274,167.274,175.615,92.8357
46,cnn,baseline,jetson_emulator,10,local,0.5,47.4109,39.8954,47.4109,49.1869,27.1608,167.274,167.274,175.7669,92.7917
47,cnn,baseline,jetson_emulator,10,offload,0.5,48.0243,39.9974,39.9974,40.7983,28.0413,167.274,167.274,175.3958,92.7347
48,cnn,baseline,jetson_emulator,10,local,0.5,47.5213,39.2757,47.5213,49.1872,27.1481,167.274,167.274,176.0707,92.8519
49,cnn,baseline,jetson_emulator,10,local,0.5,48.7172,40.1183,48.7172,50.4368,27.0114,167.274,167.274,176.2226,92.8094
50,cnn,baseline,jetson_emulator,10,offload,0.5,47.6759,40.3214,40.3214,42.2818,28.0017,167.274,167.274,175.8501,92.8125
51,cnn,baseline,jetson_emulator,10,local,0.5,48.838,39.673,48.838,50.2728,26.9977,167.274,167.274,176.5264,92.7358
52,cnn,baseline,jetson_emulator,10,offload,0.5,47.7154,40.0167,40.0167,41.576,28.039,167.274,167.274,176.153,92.8279
53,cnn,baseline,jetson_emulator,10,offload,0.5,47.8488,39.5999,39.5999,41.9765,28.0901,167.274,167.274,176.3045,92.8311
54,cnn,baseline,jetson_emulator,10,local,0.5,49.3976,39.6138,49.3976,50.9645,26.9342,167.274,167.274,176.9821,92.7358
55,cnn,baseline,jetson_emulator,10,local,0.5,48.5992,40.2687,48.5992,50.6413,27.0248,167.274,167.274,177.134,92.8062
56,cnn,baseline,jetson_emulator,10,local,0.5,47.9868,40.2916,47.9868,49.6619,27.0948,167.274,167.274,177.286,92.8168
57,cnn,baseline,jetson_emulator,10,offload,0.5,49.1175,40.1955,40.1955,41.0332,28.0171,167.274,167.274,176.9103,92.8275
58,cnn,baseline,jetson_emulator,10,offload,0.5,47.9684,39.875,39.875,41.3332,28.0563,167.274,167.274,177.0617,92.8953
59,cnn,baseline,jetson_emulator,10,local,0.5,48.4191,40.1941,48.4191,50.0886,27.0454,167.274,167.274,177.7417,92.8069
60,cnn,baseline,jetson_emulator,10,local,0.5,48.5627,40.7791,48.5627,50.9428,27.029,167.274,167.274,177.8936,92.8083
61,cnn,baseline,jetson_emulator,10,local,0.5,48.102,40.0117,48.102,49.7342,27.0816,167.274,167.274,178.0455,92.7752
62,cnn,baseline,jetson_emulator,10,offload,0.5,48.2081,40.1618,40.1618,42.1475,28.0212,167.274,167.274,177.6675,92.8069
63,cnn,baseline,jetson_emulator,10,local,0.5,48.544,40.215,48.544,50.4744,27.0311,167.274,167.274,178.3493,92.7647
64,cnn,baseline,jetson_emulator,10,local,0.5,48.7571,40.4607,48.7571,50.4882,27.0069,167.274,167.274,178.5012,92.748
65,cnn,baseline,jetson_emulator,10,offload,0.5,48.9535,40.222,40.222,41.7355,28.0138,167.274,167.274,178.1219,92.797
66,cnn,baseline,jetson_emulator,10,offload,0.5,48.9366,40.5714,40.5714,41.4701,27.9711,167.274,167.274,178.2733,92.8083
67,cnn,baseline,jetson_emulator,10,offload,0.5,48.502,40.4247,40.4247,42.3917,27.989,167.274,167.274,178.4248,92.7497
68,cnn,baseline,jetson_emulator,10,local,0.5,48.5688,40.5607,48.5688,49.7913,27.0283,167.274,167.274,179.1088,92.7226
69,cnn,baseline,jetson_emulator,10,offload,0.5,48.6397,40.9452,40.9452,42.438,27.9256,167.274,167.274,178.7277,92.849
70,cnn,baseline,jetson_emulator,10,local,0.5,48.7044,40.7424,48.7044,50.4029,27.0129,167.274,167.274,179.4126,92.8127
71,cnn,baseline,jetson_emulator,10,offload,0.5,48.8553,40.1104,40.1104,41.0761,28.0275,167.274,167.274,179.0306,92.9022
72,cnn,baseline,jetson_emulator,10,local,0.5,48.6705,40.8625,48.6705,49.7287,27.0167,167.274,167.274,179.7164,92.7671
73,cnn,baseline,jetson_emulator,10,offload,0.5,48.6731,40.624,40.624,42.1601,27.9647,167.274,167.274,179.3335,92.7597
74,cnn,baseline,jetson_emulator,10,offload,0.5,48.8216,40.9488,40.9488,42.9413,27.9251,167.274,167.274,179.4849,92.8446
75,cnn,baseline,jetson_emulator,10,offload,0.5,49.4185,40.4929,40.4929,42.652,27.9807,167.274,167.274,179.6364,92.8186
76,cnn,baseline,jetson_emulator,10,local,0.5,49.0549,41.0154,49.0549,50.2977,26.973,167.274,167.274,180.324,92.7889
77,cnn,baseline,jetson_emulator,10,local,0.5,48.7265,40.3724,48.7265,50.6251,27.0103,167.274,167.274,180.4759,92.8838
78,cnn,baseline,jetson_emulator,10,offload,0.5,48.695,40.3302,40.3302,42.0201,28.0006,167.274,167.274,180.0907,92.7075
79,cnn,baseline,jetson_emulator,10,local,0.5,49.101,40.3532,49.101,50.6394,26.9678,167.274,167.274,180.7797,92.8498
80,cnn,baseline,jetson_emulator,10,local,0.5,49.253,40.7657,49.253,51.4779,26.9506,167.274,167.274,180.9316,92.7838
81,cnn,baseline,jetson_emulator,10,local,0.5,48.7973,40.5334,48.7973,49.935,27.0023,167.274,167.274,181.0835,92.7709
82,cnn,baseline,jetson_emulator,10,local,0.5,49.6433,40.8659,49.6433,51.9997,26.9064,167.274,167.274,181.2354,92.8555
83,cnn,baseline,jetson_emulator,10,offload,0.5,48.8416,40.7911,40.7911,41.659,27.9443,167.274,167.274,180.848,92.8618
84,cnn,baseline,jetson_emulator,10,local,0.5,49.7804,40.7767,49.7804,51.3004,26.891,167.274,167.274,181.5392,92.8523
85,cnn,baseline,jetson_emulator,10,offload,0.5,48.7048,41.0987,41.0987,42.2363,27.9069,167.274,167.274,181.1509,92.799
86,cnn,baseline,jetson_emulator,10,local,0.5,48.694,42.375,48.694,51.7533,27.014,167.274,167.274,181.843,92.7884
87,cnn,baseline,jetson_emulator,10,local,0.5,49.4734,40.2728,49.4734,51.7935,26.9256,167.274,167.274,181.9949,92.9215
88,cnn,baseline,jetson_emulator,10,local,0.5,49.0282,40.5428,49.0282,51.0452,26.9761,167.274,167.274,182.1468,92.8596
89,cnn,baseline,jetson_emulator,10,local,0.5,48.8327,40.3991,48.8327,49.9522,26.9983,167.274,167.274,182.2987,92.815
90,cnn,baseline,jetson_emulator,10,offload,0.5,49.3301,40.2684,40.2684,42.5638,28.0081,167.274,167.274,181.9081,92.8299
91,cnn,baseline,jetson_emulator,10,local,0.5,48.9211,41.5499,48.9211,50.8868,26.9882,167.274,167.274,182.6025,92.7838
92,cnn,baseline,jetson_emulator,10,offload,0.5,49.89,41.3628,41.3628,42.998,27.8749,167.274,167.274,182.211,92.8126
93,cnn,baseline,jetson_emulator,10,offload,0.5,48.9991,41.3107,41.3107,42.721,27.8812,167.274,167.274,182.3625,92.8836
94,cnn,baseline,jetson_emulator,10,local,0.5,48.7407,40.9363,48.7407,50.54,27.0087,167.274,167.274,183.0582,92.7788
95,cnn,baseline,jetson_emulator,10,offload,0.5,48.7746,41.513,41.513,42.412,27.8567,167.274,167.274,182.6654,92.8139
96,cnn,baseline,jetson_emulator,10,local,0.5,48.7203,40.5298,48.7203,50.2605,27.011,167.274,167.274,183.362,92.8447
97,cnn,baseline,jetson_emulator,10,local,0.5,49.0732,42.6547,49.0732,50.1438,26.971,167.274,167.274,183.5139,92.7952
98,cnn,baseline,jetson_emulator,10,offload,0.5,49.2497,40.7201,40.7201,41.4987,27.953,167.274,167.274,183.1197,92.8383
99,cnn,baseline,jetson_emulator,10,local,0.5,48.7613,40.6936,48.7613,50.2818,27.0064,167.274,167.274,183.8177,92.84
100,cnn,baseline,jetson_emulator,10,local,0.5,48.8659,41.0863,48.8659,50.1258,26.9945,167.274,167.274,183.9696,92.8162
101,cnn,baseline,jetson_emulator,10,offload,0.5,49.8024,41.1126,41.1126,43.13,27.9052,167.274,167.274,183.5741,92.7573
102,cnn,baseline,jetson_emulator,10,offload,0.5,49.1659,40.7842,40.7842,42.8941,27.9452,167.274,167.274,183.7255,92.7702
103,cnn,baseline,jetson_emulator,10,offload,0.5,48.7647,40.9223,40.9223,42.4113,27.9284,167.274,167.274,183.877,92.8609
104,cnn,baseline,jetson_emulator,10,offload,0.5,48.8237,40.9886,40.9886,42.0704,27.9203,167.274,167.274,184.0284,92.8033
105,cnn,baseline,jetson_emulator,10,local,0.5,48.8277,41.4038,48.8277,50.194,26.9988,167.274,167.274,184.7291,92.7628
106,cnn,baseline,jetson_emulator,10,local,0.5,49.0066,40.3811,49.0066,50.7539,26.9785,167.274,167.274,184.881,92.8187
107,cnn,baseline,jetson_emulator,10,local,0.5,48.8932,40.2527,48.8932,50.9866,26.9914,167.274,167.274,185.0329,92.7546
108,cnn,baseline,jetson_emulator,10,local,0.5,49.1357,41.059,49.1357,50.6518,26.9639,167.274,167.274,185.1848,92.9555
109,cnn,baseline,jetson_emulator,10,local,0.5,49.7248,41.5699,49.7248,51.9336,26.8972,167.274,167.274,185.3367,92.8483
110,cnn,baseline,jetson_emulator,10,offload,0.5,49.2215,40.5759,40.5759,42.1142,27.9706,167.274,167.274,184.9371,92.8555
111,cnn,baseline,jetson_emulator,10,offload,0.5,49.1368,40.9531,40.9531,43.5526,27.9246,167.274,167.274,185.0886,92.8126
112,cnn,baseline,jetson_emulator,10,offload,0.5,49.0005,40.9368,40.9368,42.6274,27.9266,167.274,167.274,185.24,92.7898
113,cnn,baseline,jetson_emulator,10,offload,0.5,48.8212,41.5814,41.5814,43.4028,27.8484,167.274,167.274,185.3915,92.8321
114,cnn,baseline,jetson_emulator,10,local,0.5,48.6021,40.3765,48.6021,50.1284,27.0245,167.274,167.274,186.0962,92.8292
115,cnn,baseline,jetson_emulator,10,offload,0.5,49.0715,41.2617,41.2617,43.4379,27.8872,167.274,167.274,185.6944,92.834
116,cnn,baseline,jetson_emulator,10,offload,0.5,49.6494,40.099,40.099,41.7725,28.0289,167.274,167.274,185.8458,92.7196
117,cnn,baseline,jetson_emulator,10,offload,0.5,48.6285,40.5982,40.5982,42.8553,27.9678,167.274,167.274,185.9973,92.8055
118,cnn,baseline,jetson_emulator,10,offload,0.5,49.816,40.7549,40.7549,42.0297,27.9488,167.274,167.274,186.1487,92.8308
119,cnn,baseline,jetson_emulator,10,local,0.5,48.3837,41.1072,48.3837,50.1589,27.0494,167.274,167.274,186.8557,92.7694
120,cnn,baseline,jetson_emulator,10,local,0.5,48.5535,40.4173,48.5535,49.5191,27.03,167.274,167.274,187.0076,92.7688
121,cnn,baseline,jetson_emulator,10,local,0.5,48.4278,40.4002,48.4278,50.7677,27.0444,167.274,167.274,187.1595,92.7449
122,cnn,baseline,jetson_emulator,10,local,0.5,48.77,40.7559,48.77,50.5971,27.0054,167.274,167.274,187.3115,92.88
123,cnn,baseline,jetson_emulator,10,local,0.5,48.2932,40.0722,48.2932,50.6088,27.0597,167.274,167.274,187.4634,92.9266
124,cnn,baseline,jetson_emulator,10,local,0.5,48.4942,41.4844,48.4942,49.68,27.0368,167.274,167.274,187.6153,92.8382
125,cnn,baseline,jetson_emulator,10,local,0.5,48.455,41.6256,48.455,50.4386,27.0413,167.274,167.274,187.7672,92.8429
126,cnn,baseline,jetson_emulator,10,offload,0.5,49.0088,41.198,41.198,43.028,27.8949,167.274,167.274,187.3603,92.8389
127,cnn,baseline,jetson_emulator,10,offload,0.5,48.4965,41.2369,41.2369,44.0483,27.8902,167.274,167.274,187.5118,92.8208
128,cnn,baseline,jetson_emulator,10,local,0.5,49.0673,40.7015,49.0673,50.8518,26.9716,167.274,167.274,188.2229,92.7649
129,cnn,baseline,jetson_emulator,10,offload,0.5,48.1999,40.511,40.511,42.1392,27.9785,167.274,167.274,187.8147,92.8448
130,cnn,baseline,jetson_emulator,10,offload,0.5,49.0569,40.7648,40.7648,42.3419,27.9475,167.274,167.274,187.9661,92.8425
131,cnn,baseline,jetson_emulator,10,local,0.5,49.1237,40.0211,49.1237,50.8558,26.9652,167.274,167.274,188.6786,92.7883
132,cnn,baseline,jetson_emulator,10,offload,0.5,48.3768,39.8278,39.8278,41.3712,28.0621,167.274,167.274,188.269,92.8508
133,cnn,baseline,jetson_emulator,10,local,0.5,48.1051,40.1873,48.1051,50.3458,27.0812,167.274,167.274,188.9824,92.8485
134,cnn,baseline,jetson_emulator,10,offload,0.5,48.4005,40.0252,40.0252,42.0985,28.0379,167.274,167.274,188.5719,92.8015
135,cnn,baseline,jetson_emulator,10,offload,0.5,48.8345,39.7343,39.7343,41.2551,28.0736,167.274,167.274,188.7234,92.7803
136,cnn,baseline,jetson_emulator,10,offload,0.5,48.0738,40.2051,40.2051,41.869,28.0159,167.274,167.274,188.8748,92.8633
137,cnn,baseline,jetson_emulator,10,offload,0.5,49.0484,40.2294,40.2294,42.2955,28.0129,167.274,167.274,189.0263,92.8823
138,cnn,baseline,jetson_emulator,10,offload,0.5,48.1564,40.5523,40.5523,42.5762,27.9734,167.274,167.274,189.1777,92.832
139,cnn,baseline,jetson_emulator,10,offload,0.5,48.1935,39.9668,39.9668,41.8803,28.0451,167.274,167.274,189.3292,92.8032
140,cnn,baseline,jetson_emulator,10,offload,0.5,48.1315,39.7075,39.7075,41.7188,28.0769,167.274,167.274,189.4806,92.6859
141,cnn,baseline,jetson_emulator,10,local,0.5,47.9996,39.5226,47.9996,49.2388,27.0933,167.274,167.274,190.1976,92.7984
142,cnn,baseline,jetson_emulator,10,local,0.5,48.0649,39.4758,48.0649,49.2309,27.0858,167.274,167.274,190.3495,92.7451
143,cnn,baseline,jetson_emulator,10,offload,0.5,48.3446,40.2374,40.2374,41.4751,28.0119,167.274,167.274,189.935,92.8065
144,cnn,baseline,jetson_emulator,10,offload,0.5,48.7664,40.0874,40.0874,41.114,28.0303,167.274,167.274,190.0864,92.8737
145,cnn,baseline,jetson_emulator,10,offload,0.5,48.0037,39.4484,39.4484,40.6973,28.1088,167.274,167.274,190.2379,92.8913
146,cnn,baseline,jetson_emulator,10,local,0.5,48.156,39.6011,48.156,50.662,27.0754,167.274,167.274,190.9571,92.8266
147,cnn,baseline,jetson_emulator,10,offload,0.5,47.9768,39.3005,39.3005,40.9815,28.127,167.274,167.274,190.5408,92.8171
148,cnn,baseline,jetson_emulator,10,local,0.5,48.3153,39.3068,48.3153,50.365,27.0572,167.274,167.274,191.2609,92.7468
149,cnn,baseline,jetson_emulator,10,offload,0.5,47.793,39.5482,39.5482,41.3594,28.0965,167.274,167.274,190.8437,92.871
150,cnn,baseline,jetson_emulator,10,local,0.5,48.3556,40.0984,48.3556,50.1826,27.0526,167.274,167.274,191.5647,92.8232
151,cnn,baseline,jetson_emulator,10,offload,0.5,47.5566,39.9757,39.9757,41.2816,28.044,167.274,167.274,191.1466,92.7302
152,cnn,baseline,jetson_emulator,10,offload,0.5,48.0658,40.401,40.401,41.2251,27.9919,167.274,167.274,191.298,92.8852
153,cnn,baseline,jetson_emulator,10,local,0.5,47.7075,40.5371,47.7075,49.9508,27.1268,167.274,167.274,192.0204,92.8077
154,cnn,baseline,jetson_emulator,10,offload,0.5,47.508,39.2761,39.2761,41.0127,28.13,167.274,167.274,191.6009,92.8283
155,cnn,baseline,jetson_emulator,10,local,0.5,47.6203,39.2609,47.6203,49.3678,27.1368,167.274,167.274,192.3242,92.6903
156,cnn,baseline,jetson_emulator,10,offload,0.5,48.131,39.9078,39.9078,41.5546,28.0523,167.274,167.274,191.9038,92.8316
157,cnn,baseline,jetson_emulator,10,local,0.5,48.3245,40.0547,48.3245,50.194,27.0561,167.274,167.274,192.628,92.8366
158,cnn,baseline,jetson_emulator,10,offload,0.5,47.7976,39.1882,39.1882,41.0814,28.1409,167.274,167.274,192.2067,92.8227
159,cnn,baseline,jetson_emulator,10,offload,0.5,47.5413,39.4514,39.4514,39.8689,28.1084,167.274,167.274,192.3582,92.7966
160,cnn,baseline,jetson_emulator,10,offload,0.5,47.2925,40.3199,40.3199,42.7227,28.0018,167.274,167.274,192.5096,92.7906
161,cnn,baseline,jetson_emulator,10,local,0.5,47.7764,39.8423,47.7764,49.4725,27.1189,167.274,167.274,193.2356,92.8133
162,cnn,baseline,jetson_emulator,10,local,0.5,47.3912,39.5912,47.3912,49.3437,27.1631,167.274,167.274,193.3875,92.8233
163,cnn,baseline,jetson_emulator,10,local,0.5,47.2455,39.7552,47.2455,49.2047,27.1799,167.274,167.274,193.5394,92.7921
164,cnn,baseline,jetson_emulator,10,local,0.5,47.9135,39.6874,47.9135,49.6944,27.1031,167.274,167.274,193.6913,92.7656
165,cnn,baseline,jetson_emulator,10,local,0.5,48.0243,40.1732,48.0243,49.8551,27.0905,167.274,167.274,193.8432,92.7698
166,cnn,baseline,jetson_emulator,10,local,0.5,47.1247,40.3943,47.1247,49.314,27.1938,167.274,167.274,193.9951,92.82
167,cnn,baseline,jetson_emulator,10,local,0.5,47.4417,40.2443,47.4417,49.3397,27.1573,167.274,167.274,194.147,92.7917
168,cnn,baseline,jetson_emulator,10,local,0.5,47.2421,38.8574,47.2421,48.8429,27.1803,167.274,167.274,194.2989,92.7678
169,cnn,baseline,jetson_emulator,10,offload,0.5,47.1982,39.8914,39.8914,41.5664,28.0543,167.274,167.274,193.8727,92.9083
170,cnn,baseline,jetson_emulator,10,local,0.5,47.3937,39.5374,47.3937,49.294,27.1628,167.274,167.274,194.6027,92.843
171,cnn,baseline,jetson_emulator,10,local,0.5,46.8729,39.5692,46.8729,48.2254,27.2229,167.274,167.274,194.7546,92.8651
172,cnn,baseline,jetson_emulator,10,local,0.5,47.1907,38.7519,47.1907,49.3113,27.1862,167.274,167.274,194.9065,92.7902
173,cnn,baseline,jetson_emulator,10,local,0.5,47.0802,39.5575,47.0802,48.676,27.1989,167.274,167.274,195.0584,92.7828
174,cnn,baseline,jetson_emulator,10,offload,0.5,47.169,39.128,39.128,41.1056,28.1483,167.274,167.274,194.6299,92.8079
175,cnn,baseline,jetson_emulator,10,offload,0.5,47.0617,39.1931,39.1931,40.7524,28.1403,167.274,167.274,194.7814,92.8453
176,cnn,baseline,jetson_emulator,10,local,0.5,46.8164,39.3434,46.8164,48.5645,27.2294,167.274,167.274,195.5141,92.881
177,cnn,baseline,jetson_emulator,10,local,0.5,46.8809,38.6432,46.8809,48.973,27.2219,167.274,167.274,195.666,92.8673
178,cnn,baseline,jetson_emulator,10,local,0.5,46.9458,38.9183,46.9458,49.0834,27.2145,167.274,167.274,195.8179,92.7785
179,cnn,baseline,jetson_emulator,10,local,0.5,47.9603,39.2547,47.9603,50.0733,27.0978,167.274,167.274,195.9698,92.7669
180,cnn,baseline,jetson_emulator,10,offload,0.5,47.471,40.5733,40.5733,41.991,27.9709,167.274,167.274,195.5386,92.7199
181,cnn,baseline,jetson_emulator,10,local,0.5,47.3503,38.9735,47.3503,49.8962,27.1678,167.274,167.274,196.2736,92.7705
182,cnn,baseline,jetson_emulator,10,local,0.5,46.815,39.4949,46.815,48.446,27.2296,167.274,167.274,196.4255,92.8181
183,cnn,baseline,jetson_emulator,10,local,0.5,47.8646,39.0126,47.8646,49.0751,27.1088,167.274,167.274,196.5774,92.8014
184,cnn,baseline,jetson_emulator,10,local,0.5,46.6551,39.5484,46.6551,48.844,27.2481,167.274,167.274,196.7293,92.8299
185,cnn,baseline,jetson_emulator,10,offload,0.5,46.7355,38.8369,38.8369,40.1528,28.1843,167.274,167.274,196.2959,92.7231
186,cnn,baseline,jetson_emulator,10,offload,0.5,47.4687,39.0778,39.0778,41.7499,28.1545,167.274,167.274,196.4473,92.8024
187,cnn,baseline,jetson_emulator,10,offload,0.5,47.107,38.9128,38.9128,40.4067,28.1749,167.274,167.274,196.5988,92.8053
188,cnn,baseline,jetson_emulator,10,offload,0.5,47.3987,39.7286,39.7286,41.4051,28.0743,167.274,167.274,196.7502,92.8306
189,cnn,baseline,jetson_emulator,10,offload,0.5,46.763,39.4117,39.4117,41.1914,28.1133,167.274,167.274,196.9017,92.7877
190,cnn,baseline,jetson_emulator,10,offload,0.5,46.717,38.744,38.744,41.2347,28.1959,167.274,167.274,197.0531,92.7423
191,cnn,baseline,jetson_emulator,10,offload,0.5,47.0715,39.8729,39.8729,40.6301,28.0566,167.274,167.274,197.2046,92.7297
192,cnn,baseline,jetson_emulator,10,offload,0.5,46.8656,38.9924,38.9924,41.2242,28.1651,167.274,167.274,197.356,92.7162
193,cnn,baseline,jetson_emulator,10,local,0.5,47.1405,39.4063,47.1405,48.4392,27.192,167.274,167.274,198.0965,92.7724
194,cnn,baseline,jetson_emulator,10,offload,0.5,47.104,39.061,39.061,40.6826,28.1566,167.274,167.274,197.6589,92.794
195,cnn,baseline,jetson_emulator,10,offload,0.5,46.8315,38.8914,38.8914,40.8742,28.1776,167.274,167.274,197.8104,92.8587
196,cnn,baseline,jetson_emulator,10,local,0.5,46.7939,39.2572,46.7939,49.3674,27.232,167.274,167.274,198.5522,92.8151
197,cnn,baseline,jetson_emulator,10,local,0.5,47.2044,39.8,47.2044,48.4946,27.1846,167.274,167.274,198.7041,92.8133
198,cnn,baseline,jetson_emulator,10,offload,0.5,47.6799,38.902,38.902,41.4936,28.1763,167.274,167.274,198.2647,92.8148
199,cnn,baseline,jetson_emulator,10,offload,0.5,47.2708,39.2154,39.2154,40.8019,28.1375,167.274,167.274,198.4162,92.8121
200,cnn,baseline,jetson_emulator,10,local,0.5,46.8383,38.5484,46.8383,49.3006,27.2269,167.274,167.274,199.1598,92.8651
201,cnn,baseline,jetson_emulator,10,offload,0.5,46.7165,40.2315,40.2315,42.1017,28.0126,167.274,167.274,198.7191,92.823
202,cnn,baseline,jetson_emulator,10,offload,0.5,47.2278,38.5568,38.5568,39.7205,28.2191,167.274,167.274,198.8705,92.8067
203,cnn,baseline,jetson_emulator,10,offload,0.5,46.8153,39.6239,39.6239,41.1148,28.0872,167.274,167.274,199.022,92.7546
204,cnn,baseline,jetson_emulator,10,local,0.5,47.7616,39.4392,47.7616,49.2405,27.1206,167.274,167.274,199.7674,92.8211
205,cnn,baseline,jetson_emulator,10,offload,0.5,46.9677,38.6628,38.6628,40.3016,28.2059,167.274,167.274,199.3249,92.8188
206,cnn,baseline,jetson_emulator,10,local,0.5,47.185,38.8825,47.185,49.2905,27.1869,167.274,167.274,200.0712,92.8088
207,cnn,baseline,jetson_emulator,10,local,0.5,46.7259,39.0842,46.7259,48.2303,27.2399,167.274,167.274,200.2231,92.7772
208,cnn,baseline,jetson_emulator,10,offload,0.5,47.0413,39.4152,39.4152,41.439,28.1129,167.274,167.274,199.7792,92.8473
209,cnn,baseline,jetson_emulator,10,offload,0.5,46.8099,39.0768,39.0768,41.3884,28.1547,167.274,167.274,199.9307,92.8198
210,cnn,baseline,jetson_emulator,10,local,0.5,48.0396,38.8252,48.0396,49.5835,27.0887,167.274,167.274,200.6788,92.8042
211,cnn,baseline,jetson_emulator,10,local,0.5,47.8218,39.0168,47.8218,49.3566,27.1137,167.274,167.274,200.8307,92.8719
212,cnn,baseline,jetson_emulator,10,offload,0.5,47.9478,39.677,39.677,41.2586,28.0807,167.274,167.274,200.385,92.8337
213,cnn,baseline,jetson_emulator,10,offload,0.5,47.3811,39.0585,39.0585,40.2111,28.1569,167.274,167.274,200.5365,92.835
214,cnn,baseline,jetson_emulator,10,local,0.5,47.3847,40.0507,47.3847,49.2764,27.1639,167.274,167.274,201.2864,92.8385
215,cnn,baseline,jetson_emulator,10,local,0.5,47.0526,39.3689,47.0526,49.5315,27.2021,167.274,167.274,201.4383,92.8632
216,cnn,baseline,jetson_emulator,10,local,0.5,47.5982,40.5384,47.5982,49.0626,27.1393,167.274,167.274,201.5902,92.75
217,cnn,baseline,jetson_emulator,10,local,0.5,47.6798,39.2232,47.6798,48.9405,27.1299,167.274,167.274,201.7421,92.864
218,cnn,baseline,jetson_emulator,10,offload,0.5,47.1911,39.2367,39.2367,41.8857,28.1349,167.274,167.274,201.2937,92.8319
219,cnn,baseline,jetson_emulator,10,offload,0.5,47.8882,40.1293,40.1293,41.5024,28.0252,167.274,167.274,201.4452,92.8642
220,cnn,baseline,jetson_emulator,10,local,0.5,48.0797,38.9677,48.0797,49.5746,27.0841,167.274,167.274,202.1978,92.846
221,cnn,baseline,jetson_emulator,10,offload,0.5,47.9473,40.3401,40.3401,41.9209,27.9994,167.274,167.274,201.7481,92.8431
222,cnn,baseline,jetson_emulator,10,offload,0.5,47.723,39.3338,39.3338,41.25,28.1229,167.274,167.274,201.8995,92.8826
223,cnn,baseline,jetson_emulator,10,local,0.5,48.6399,39.5569,48.6399,51.0778,27.0202,167.274,167.274,202.6535,92.7779
224,cnn,baseline,jetson_emulator,10,local,0.5,47.68,39.9629,47.68,49.4078,27.1299,167.274,167.274,202.8054,92.8417
225,cnn,baseline,jetson_emulator,10,local,0.5,47.8411,39.6134,47.8411,50.2339,27.1114,167.274,167.274,202.9573,92.8729
226,cnn,baseline,jetson_emulator,10,offload,0.5,48.577,39.5085,39.5085,41.3428,28.1014,167.274,167.274,202.5053,92.8667
227,cnn,baseline,jetson_emulator,10,local,0.5,48.0485,40.0544,48.0485,49.5452,27.0877,167.274,167.274,203.2611,92.7518
228,cnn,baseline,jetson_emulator,10,offload,0.5,47.8944,39.3511,39.3511,40.8668,28.1208,167.274,167.274,202.8082,92.7108
229,cnn,baseline,jetson_emulator,10,local,0.5,48.0987,40.4566,48.0987,50.7327,27.0819,167.274,167.274,203.5649,92.899
230,cnn,baseline,jetson_emulator,10,offload,0.5,47.6857,40.2802,40.2802,41.7246,28.0067,167.274,167.274,203.1111,92.8485
231,cnn,baseline,jetson_emulator,10,offload,0.5,48.9876,39.9919,39.9919,41.741,28.042,167.274,167.274,203.2626,92.8178
232,cnn,baseline,jetson_emulator,10,local,0.5,48.3791,40.5514,48.3791,49.8235,27.0499,167.274,167.274,204.0206,92.8041
233,cnn,baseline,jetson_emulator,10,offload,0.5,48.3231,40.8388,40.8388,42.2157,27.9385,167.274,167.274,203.5655,92.8004
234,cnn,baseline,jetson_emulator,10,offload,0.5,48.2694,40.4262,40.4262,41.8201,27.9888,167.274,167.274,203.7169,92.8928
235,cnn,baseline,jetson_emulator,10,offload,0.5,48.1546,39.5223,39.5223,41.1648,28.0997,167.274,167.274,203.8684,92.8718
236,cnn,baseline,jetson_emulator,10,offload,0.5,48.031,39.807,39.807,41.7521,28.0647,167.274,167.274,204.0198,92.7624
237,cnn,baseline,jetson_emulator,10,offload,0.5,48.1764,40.7259,40.7259,43.3515,27.9523,167.274,167.274,204.1713,92.7583
238,cnn,baseline,jetson_emulator,10,local,0.5,48.1034,39.8369,48.1034,49.7883,27.0814,167.274,167.274,204.932,92.8617
239,cnn,baseline,jetson_emulator,10,offload,0.5,48.7109,40.018,40.018,42.1538,28.0388,167.274,167.274,204.4742,92.9009
240,cnn,baseline,jetson_emulator,10,local,0.5,48.897,39.8773,48.897,50.7844,26.991,167.274,167.274,205.2358,92.8005
241,cnn,baseline,jetson_emulator,10,offload,0.5,48.7711,40.9884,40.9884,43.1561,27.9203,167.274,167.274,204.7771,92.8396
242,cnn,baseline,jetson_emulator,10,local,0.5,48.9966,40.634,48.9966,50.5006,26.9796,167.274,167.274,205.5396,92.8976
243,cnn,baseline,jetson_emulator,10,offload,0.5,48.8712,40.5951,40.5951,42.6271,27.9682,167.274,167.274,205.08,92.7137
244,cnn,baseline,jetson_emulator,10,local,0.5,49.087,41.4154,49.087,50.5339,26.9694,167.274,167.274,205.8434,92.8267
245,cnn,baseline,jetson_emulator,10,offload,0.5,48.5748,40.4257,40.4257,42.1652,27.9889,167.274,167.274,205.3829,92.8055
246,cnn,baseline,jetson_emulator,10,local,0.5,48.8643,40.5181,48.8643,50.6895,26.9947,167.274,167.274,206.1472,92.8339
247,cnn,baseline,jetson_emulator,10,local,0.5,48.772,40.4348,48.772,50.7263,27.0052,167.274,167.274,206.2991,92.8035
248,cnn,baseline,jetson_emulator,10,local,0.5,48.756,41.09,48.756,50.223,27.007,167.274,167.274,206.451,92.7545
249,cnn,baseline,jetson_emulator,10,offload,0.5,49.1004,40.7177,40.7177,42.9626,27.9533,167.274,167.274,205.9887,92.8147
250,cnn,baseline,jetson_emulator,10,local,0.5,48.9713,40.5812,48.9713,50.063,26.9825,167.274,167.274,206.7548,92.8009
251,cnn,baseline,jetson_emulator,10,offload,0.5,49.398,40.6169,40.6169,42.8168,27.9656,167.274,167.274,206.2916,92.8425
252,cnn,baseline,jetson_emulator,10,offload,0.5,49.0824,42.4391,42.4391,44.9218,27.7451,167.274,167.274,206.443,92.7905
253,cnn,baseline,jetson_emulator,10,offload,0.5,49.1182,41.823,41.823,44.4637,27.8192,167.274,167.274,206.5945,92.9007
254,cnn,baseline,jetson_emulator,10,offload,0.5,49.8951,41.0332,41.0332,43.5243,27.9149,167.274,167.274,206.7459,92.8127
255,cnn,baseline,jetson_emulator,10,local,0.5,50.2529,40.7303,50.2529,52.2594,26.8378,167.274,167.274,207.5144,92.7902
256,cnn,baseline,jetson_emulator,10,local,0.5,49.5665,41.3073,49.5665,51.3403,26.9151,167.274,167.274,207.6663,92.7731
257,cnn,baseline,jetson_emulator,10,offload,0.5,50.2993,41.0759,41.0759,42.9822,27.9097,167.274,167.274,207.2003,92.7998
258,cnn,baseline,jetson_emulator,10,local,0.5,50.2742,41.1042,50.2742,52.3719,26.8354,167.274,167.274,207.9701,92.8247
259,cnn,baseline,jetson_emulator,10,offload,0.5,50.4536,41.0412,41.0412,42.001,27.9139,167.274,167.274,207.5032,92.8326
260,cnn,baseline,jetson_emulator,10,local,0.5,49.862,41.2374,49.862,51.4763,26.8818,167.274,167.274,208.2739,92.8114
261,cnn,baseline,jetson_emulator,10,offload,0.5,49.8327,41.9511,41.9511,43.6056,27.8038,167.274,167.274,207.8061,92.8525
262,cnn,baseline,jetson_emulator,10,offload,0.5,50.9355,41.4592,41.4592,42.5469,27.8632,167.274,167.274,207.9575,92.8497
263,cnn,baseline,jetson_emulator,10,local,0.5,51.4673,42.2012,51.4673,53.8882,26.7021,167.274,167.274,208.7296,92.7743
264,cnn,baseline,jetson_emulator,10,offload,0.5,50.0442,42.0776,42.0776,43.4642,27.7886,167.274,167.274,208.2604,92.8159
265,cnn,baseline,jetson_emulator,10,local,0.5,50.7535,42.3522,50.7535,52.3654,26.7817,167.274,167.274,209.0334,92.7872
266,cnn,baseline,jetson_emulator,10,local,0.5,50.4528,42.2558,50.4528,52.119,26.8154,167.274,167.274,209.1853,92.7105
267,cnn,baseline,jetson_emulator,10,local,0.5,51.4533,42.1987,51.4533,53.2206,26.7036,167.274,167.274,209.3372,92.731
268,cnn,baseline,jetson_emulator,10,offload,0.5,50.746,41.9456,41.9456,43.2485,27.8045,167.274,167.274,208.8662,92.8126
269,cnn,baseline,jetson_emulator,10,local,0.5,50.6583,44.0115,50.6583,52.4807,26.7923,167.274,167.274,209.641,92.8485
270,cnn,baseline,jetson_emulator,10,offload,0.5,51.3171,42.1695,42.1695,43.9461,27.7775,167.274,167.274,209.1691,92.7704
271,cnn,baseline,jetson_emulator,10,offload,0.5,50.8125,42.5898,42.5898,44.3279,27.727,167.274,167.274,209.3206,92.8016
272,cnn,baseline,jetson_emulator,10,offload,0.5,51.3695,42.2472,42.2472,43.7038,27.7681,167.274,167.274,209.472,92.9048
273,cnn,baseline,jetson_emulator,10,offload,0.5,51.2414,43.3061,43.3061,45.6948,27.6414,167.274,167.274,209.6235,92.748
274,cnn,baseline,jetson_emulator,10,local,0.5,52.0798,42.232,52.0798,54.0684,26.6342,167.274,167.274,210.4005,92.7798
275,cnn,baseline,jetson_emulator,10,local,0.5,51.1232,43.2467,51.1232,53.2901,26.7404,167.274,167.274,210.5524,92.8089
276,cnn,baseline,jetson_emulator,10,local,0.5,51.3518,42.893,51.3518,53.1,26.7149,167.274,167.274,210.7043,92.8047
277,cnn,baseline,jetson_emulator,10,local,0.5,51.5185,43.4942,51.5185,53.3068,26.6964,167.274,167.274,210.8562,92.8687
278,cnn,baseline,jetson_emulator,10,offload,0.5,51.6439,44.082,44.082,45.9225,27.5493,167.274,167.274,210.3807,92.8601
279,cnn,baseline,jetson_emulator,10,offload,0.5,51.8442,43.101,43.101,45.0426,27.6659,167.274,167.274,210.5322,92.7916
280,cnn,baseline,jetson_emulator,10,local,0.5,51.7707,43.2765,51.7707,53.1906,26.6684,167.274,167.274,211.3119,92.8699
281,cnn,baseline,jetson_emulator,10,local,0.5,51.9369,43.5417,51.9369,53.718,26.65,167.274,167.274,211.4638,92.7604
282,cnn,baseline,jetson_emulator,10,local,0.5,52.4798,43.8523,52.4798,55.2167,26.59,167.274,167.274,211.6157,92.8498
283,cnn,baseline,jetson_emulator,10,offload,0.5,52.2194,43.3596,43.3596,45.3869,27.635,167.274,167.274,211.138,92.8702
284,cnn,baseline,jetson_emulator,10,local,0.5,52.1899,43.1416,52.1899,53.3975,26.622,167.274,167.274,211.9195,92.7743
285,cnn,baseline,jetson_emulator,10,offload,0.5,52.357,44.1867,44.1867,46.3117,27.5369,167.274,167.274,211.4409,92.8089
286,cnn,baseline,jetson_emulator,10,local,0.5,52.4271,44.5176,52.4271,53.7785,26.5958,167.274,167.274,212.2233,92.8138
287,cnn,baseline,jetson_emulator,10,local,0.5,52.5541,44.6537,52.5541,53.9632,26.5818,167.274,167.274,212.3752,92.8095
288,cnn,baseline,jetson_emulator,10,local,0.5,52.7635,43.7764,52.7635,54.8874,26.5587,167.274,167.274,212.5271,92.7386
289,cnn,baseline,jetson_emulator,10,offload,0.5,52.7784,43.6288,43.6288,45.6158,27.603,167.274,167.274,212.0467,92.7934
290,cnn,baseline,jetson_emulator,10,local,0.5,52.6492,44.1954,52.6492,54.8304,26.5713,167.274,167.274,212.8309,92.699
291,cnn,baseline,jetson_emulator,10,offload,0.5,52.814,43.9974,43.9974,45.8386,27.5593,167.274,167.274,212.3496,92.8428
292,cnn,baseline,jetson_emulator,10,offload,0.5,53.3148,43.9297,43.9297,45.7379,27.5673,167.274,167.274,212.501,92.8392
293,cnn,baseline,jetson_emulator,10,local,0.5,53.3934,43.8078,53.3934,54.6133,26.4896,167.274,167.274,213.2866,92.8104
294,cnn,baseline,jetson_emulator,10,offload,0.5,53.101,44.8656,44.8656,47.0787,27.4568,167.274,167.274,212.8039,92.8413
295,cnn,baseline,jetson_emulator,10,offload,0.5,53.7164,44.1663,44.1663,46.0335,27.5393,167.274,167.274,212.9554,92.72
296,cnn,baseline,jetson_emulator,10,local,0.5,53.5378,44.2715,53.5378,54.6069,26.4738,167.274,167.274,213.7423,92.7849
297,cnn,baseline,jetson_emulator,10,offload,0.5,53.7235,44.4558,44.4558,45.6147,27.5051,167.274,167.274,213.2583,92.8657
298,cnn,baseline,jetson_emulator,10,offload,0.5,53.8023,44.7065,44.7065,47.4898,27.4756,167.274,167.274,213.4097,92.8007
299,cnn,baseline,jetson_emulator,10,local,0.5,54.1752,45.544,54.1752,56.1991,26.4044,167.274,167.274,214.198,92.929
300,cnn,baseline,jetson_emulator,10,local,0.5,54.1487,44.6882,54.1487,55.1891,26.4072,167.274,167.274,214.3499,92.7878
301,cnn,baseline,jetson_emulator,10,offload,0.5,54.0412,46.09,46.09,47.9394,27.3137,167.274,167.274,213.8641,92.7856
302,cnn,baseline,jetson_emulator,10,offload,0.5,54.3989,44.8241,44.8241,46.3182,27.4617,167.274,167.274,214.0155,92.781
303,cnn,baseline,jetson_emulator,10,offload,0.5,54.3144,45.522,45.522,47.4151,27.3799,167.274,167.274,214.167,92.7205
304,cnn,baseline,jetson_emulator,10,offload,0.5,54.2101,45.2141,45.2141,47.408,27.4159,167.274,167.274,214.3184,92.8319
305,cnn,baseline,jetson_emulator,10,local,0.5,54.9559,45.8418,54.9559,56.5582,26.3198,167.274,167.274,215.1094,92.7708
306,cnn,baseline,jetson_emulator,10,offload,0.5,55.417,45.2921,45.2921,47.399,27.4068,167.274,167.274,214.6213,92.8079
307,cnn,baseline,jetson_emulator,10,local,0.5,55.1132,45.1613,55.1132,56.6737,26.3028,167.274,167.274,215.4132,92.8378
308,cnn,baseline,jetson_emulator,10,offload,0.5,54.724,45.8463,45.8463,47.2896,27.342,167.274,167.274,214.9242,92.7375
309,cnn,baseline,jetson_emulator,10,local,0.5,55.163,45.997,55.163,57.0754,26.2974,167.274,167.274,215.717,92.8482
310,cnn,baseline,jetson_emulator,10,offload,0.5,55.32,45.9032,45.9032,47.4798,27.3354,167.274,167.274,215.2271,92.7755
311,cnn,baseline,jetson_emulator,10,local,0.5,55.0489,45.4804,55.0489,56.9525,26.3097,167.274,167.274,216.0208,92.7703
312,cnn,baseline,jetson_emulator,10,offload,0.5,55.5452,45.6086,45.6086,46.8743,27.3698,167.274,167.274,215.53,92.8894
313,cnn,baseline,jetson_emulator,10,offload,0.5,55.2975,46.4962,46.4962,48.7502,27.2665,167.274,167.274,215.6815,92.7979
314,cnn,baseline,jetson_emulator,10,offload,0.5,55.1601,46.3844,46.3844,48.3282,27.2794,167.274,167.274,215.8329,92.7857
315,cnn,baseline,jetson_emulator,10,offload,0.5,55.4739,46.9127,46.9127,48.0582,27.2183,167.274,167.274,215.9844,92.8394
316,cnn,baseline,jetson_emulator,10,offload,0.5,55.3607,46.5209,46.5209,48.3158,27.2636,167.274,167.274,216.1358,92.8326
317,cnn,baseline,jetson_emulator,10,local,0.5,56.0289,46.6175,56.0289,58.2801,26.2044,167.274,167.274,216.9322,92.8387
318,cnn,baseline,jetson_emulator,10,offload,0.5,56.2139,46.0506,46.0506,48.2543,27.3182,167.274,167.274,216.4387,92.7773
319,cnn,baseline,jetson_emulator,10,offload,0.5,56.0758,46.826,46.826,48.1815,27.2283,167.274,167.274,216.5902,92.7809
320,cnn,baseline,jetson_emulator,10,offload,0.5,56.0366,46.9206,46.9206,48.0695,27.2174,167.274,167.274,216.7416,92.8376
321,cnn,baseline,jetson_emulator,10,local,0.5,56.2111,46.6817,56.2111,58.437,26.1849,167.274,167.274,217.5399,92.7504
322,cnn,baseline,jetson_emulator,10,offload,0.5,56.5196,47.0191,47.0191,49.2282,27.206,167.274,167.274,217.0445,92.7259
323,cnn,baseline,jetson_emulator,10,local,0.5,56.4989,46.9841,56.4989,58.2422,26.1541,167.274,167.274,217.8437,92.8516
324,cnn,baseline,jetson_emulator,10,local,0.5,56.1288,46.8911,56.1288,57.3789,26.1937,167.274,167.274,217.9956,92.7734
325,cnn,baseline,jetson_emulator,10,local,0.5,56.5575,46.7323,56.5575,58.603,26.1479,167.274,167.274,218.1475,92.8231
326,cnn,baseline,jetson_emulator,10,local,0.5,56.5022,46.5196,56.5022,58.1575,26.1538,167.274,167.274,218.2994,92.8129
327,cnn,baseline,jetson_emulator,10,local,0.5,56.5615,46.7628,56.5615,58.27,26.1475,167.274,167.274,218.4513,92.7453
328,cnn,baseline,jetson_emulator,10,offload,0.5,56.9745,46.9104,46.9104,47.9798,27.2185,167.274,167.274,217.9532,92.8617
329,cnn,baseline,jetson_emulator,10,local,0.5,56.6713,48.1971,56.6713,58.8362,26.1357,167.274,167.274,218.7551,92.8259
330,cnn,baseline,jetson_emulator,10,offload,0.5,57.0073,47.8664,47.8664,49.4233,27.1085,167.274,167.274,218.2561,92.8254
331,cnn,baseline,jetson_emulator,10,offload,0.5,56.7186,47.0103,47.0103,48.8658,27.207,167.274,167.274,218.4076,92.8265
332,cnn,baseline,jetson_emulator,10,offload,0.5,57.3413,48.3815,48.3815,50.0015,27.0496,167.274,167.274,218.559,92.764
333,cnn,baseline,jetson_emulator,10,offload,0.5,57.1164,47.7547,47.7547,49.4654,27.1213,167.274,167.274,218.7105,92.7428
334,cnn,baseline,jetson_emulator,10,local,0.5,57.2215,47.352,57.2215,58.7766,26.0773,167.274,167.274,219.5146,92.7998
335,cnn,baseline,jetson_emulator,10,offload,0.5,57.5166,47.3691,47.3691,49.4076,27.1657,167.274,167.274,219.0134,92.9112
336,cnn,baseline,jetson_emulator,10,local,0.5,58.1249,48.5187,58.1249,59.8745,25.9818,167.274,167.274,219.8184,92.8538
337,cnn,baseline,jetson_emulator,10,offload,0.5,57.7656,47.575,47.575,49.0705,27.142,167.274,167.274,219.3163,92.8822
338,cnn,baseline,jetson_emulator,10,offload,0.5,57.9805,47.8841,47.8841,49.8556,27.1065,167.274,167.274,219.4677,92.8244
339,cnn,baseline,jetson_emulator,10,offload,0.5,57.3675,48.0797,48.0797,50.0178,27.0841,167.274,167.274,219.6192,92.7552
340,cnn,baseline,jetson_emulator,10,local,0.5,58.3057,48.2958,58.3057,59.8072,25.9628,167.274,167.274,220.426,92.8431
341,cnn,baseline,jetson_emulator,10,offload,0.5,57.6603,49.4479,49.4479,51.054,26.9285,167.274,167.274,219.9221,92.8395
342,cnn,baseline,jetson_emulator,10,offload,0.5,58.0246,47.6644,47.6644,49.5169,27.1317,167.274,167.274,220.0735,92.7921
343,cnn,baseline,jetson_emulator,10,offload,0.5,57.8122,47.7053,47.7053,49.6904,27.127,167.274,167.274,220.225,92.861
344,cnn,baseline,jetson_emulator,10,offload,0.5,58.4501,48.4644,48.4644,50.4391,27.0402,167.274,167.274,220.3764,92.8574
345,cnn,baseline,jetson_emulator,10,local,0.5,58.3256,48.6377,58.3256,60.028,25.9607,167.274,167.274,221.1855,92.7718
346,cnn,baseline,jetson_emulator,10,offload,0.5,58.0441,47.9271,47.9271,50.4079,27.1016,167.274,167.274,220.6793,92.8551
347,cnn,baseline,jetson_emulator,10,offload,0.5,58.1363,49.1853,49.1853,51.7579,26.9582,167.274,167.274,220.8308,92.711
348,cnn,baseline,jetson_emulator,10,offload,0.5,58.2835,48.4945,48.4945,51.3072,27.0368,167.274,167.274,220.9822,92.8419
349,cnn,baseline,jetson_emulator,10,offload,0.5,58.2895,48.8128,48.8128,51.3448,27.0005,167.274,167.274,221.1337,92.7876
350,cnn,baseline,jetson_emulator,10,local,0.5,59.255,48.6597,59.255,61.1094,25.8634,167.274,167.274,221.945,92.8432
351,cnn,baseline,jetson_emulator,10,offload,0.5,58.8849,48.6506,48.6506,49.5896,27.019,167.274,167.274,221.4366,92.8656
352,cnn,baseline,jetson_emulator,10,offload,0.5,59.6439,48.2849,48.2849,49.6184,27.0607,167.274,167.274,221.588,92.7784
353,cnn,baseline,jetson_emulator,10,offload,0.5,58.7157,48.5894,48.5894,50.4132,27.0259,167.274,167.274,221.7395,92.7826
354,cnn,baseline,jetson_emulator,10,local,0.5,58.6532,48.6463,58.6532,59.1263,25.9263,167.274,167.274,222.5526,92.7345
355,cnn,baseline,jetson_emulator,10,offload,0.5,58.9192,48.8861,48.8861,50.2064,26.9922,167.274,167.274,222.0424,92.7808
356,cnn,baseline,jetson_emulator,10,offload,0.5,58.7111,48.3952,48.3952,50.6662,27.0481,167.274,167.274,222.1938,92.7945
357,cnn,baseline,jetson_emulator,10,offload,0.5,59.2212,48.4173,48.4173,50.1583,27.0456,167.274,167.274,222.3453,92.8561
358,cnn,baseline,jetson_emulator,10,local,0.5,58.8536,49.3512,58.8536,59.991,25.9053,167.274,167.274,223.1602,92.7915
359,cnn,baseline,jetson_emulator,10,local,0.5,58.7006,50.4774,58.7006,60.8151,25.9214,167.274,167.274,223.3121,92.7384
360,cnn,baseline,jetson_emulator,10,offload,0.5,59.0688,49.8691,49.8691,51.3862,26.881,167.274,167.274,222.7996,92.8286
361,cnn,baseline,jetson_emulator,10,offload,0.5,60.1125,50.1059,50.1059,51.5592,26.8543,167.274,167.274,222.9511,92.7805
362,cnn,baseline,jetson_emulator,10,offload,0.5,59.7118,49.5996,49.5996,50.8211,26.9114,167.274,167.274,223.1025,92.8446
363,cnn,baseline,jetson_emulator,10,local,0.5,59.8244,50.8597,59.8244,61.1717,25.8042,167.274,167.274,223.9197,92.7785
364,cnn,baseline,jetson_emulator,10,local,0.5,59.9438,49.5171,59.9438,61.6646,25.7918,167.274,167.274,224.0716,92.805
365,cnn,baseline,jetson_emulator,10,offload,0.5,59.3225,49.3195,49.3195,50.6511,26.943,167.274,167.274,223.5569,92.7976
366,cnn,baseline,jetson_emulator,10,local,0.5,59.2443,49.3301,59.2443,60.3023,25.8645,167.274,167.274,224.3754,92.8976
367,cnn,baseline,jetson_emulator,10,offload,0.5,59.3478,49.0552,49.0552,51.243,26.973,167.274,167.274,223.8597,92.7633
368,cnn,baseline,jetson_emulator,10,offload,0.5,59.0798,50.0879,50.0879,52.5007,26.8563,167.274,167.274,224.0112,92.7998
369,cnn,baseline,jetson_emulator,10,offload,0.5,59.6272,48.8807,48.8807,50.8879,26.9928,167.274,167.274,224.1626,92.8198
370,cnn,baseline,jetson_emulator,10,local,0.5,60.5665,50.2968,60.5665,62.6212,25.7273,167.274,167.274,224.983,92.7758
371,cnn,baseline,jetson_emulator,10,local,0.5,59.3061,48.9632,59.3061,61.4742,25.8581,167.274,167.274,225.1349,92.8715
372,cnn,baseline,jetson_emulator,10,local,0.5,59.8968,49.6452,59.8968,61.1586,25.7966,167.274,167.274,225.2868,92.8487
373,cnn,baseline,jetson_emulator,10,offload,0.5,59.5223,49.0555,49.0555,50.7661,26.973,167.274,167.274,224.7684,92.8575
374,cnn,baseline,jetson_emulator,10,local,0.5,59.7585,49.0177,59.7585,60.6509,25.811,167.274,167.274,225.5906,92.725
375,cnn,baseline,jetson_emulator,10,offload,0.5,60.1941,49.0523,49.0523,51.0026,26.9733,167.274,167.274,225.0713,92.8475
376,cnn,baseline,jetson_emulator,10,offload,0.5,60.2331,49.4495,49.4495,50.4963,26.9283,167.274,167.274,225.2228,92.8831
377,cnn,baseline,jetson_emulator,10,local,0.5,60.687,50.0039,60.687,62.7539,25.7149,167.274,167.274,226.0463,92.8949
378,cnn,baseline,jetson_emulator,10,local,0.5,59.7006,49.9309,59.7006,61.5842,25.817,167.274,167.274,226.1982,92.804
379,cnn,baseline,jetson_emulator,10,offload,0.5,60.9667,50.1096,50.1096,52.0886,26.8539,167.274,167.274,225.6771,92.8576
380,cnn,baseline,jetson_emulator,10,offload,0.5,59.5721,49.6802,49.6802,51.3003,26.9023,167.274,167.274,225.8286,92.8011
381,cnn,baseline,jetson_emulator,10,local,0.5,59.8829,49.2224,59.8829,61.907,25.7981,167.274,167.274,226.6539,92.8467
382,cnn,baseline,jetson_emulator,10,offload,0.5,59.8467,49.5779,49.5779,51.1293,26.9138,167.274,167.274,226.1315,92.8088
383,cnn,baseline,jetson_emulator,10,local,0.5,59.9245,49.6575,59.9245,61.7926,25.7938,167.274,167.274,226.9577,92.7846
384,cnn,baseline,jetson_emulator,10,offload,0.5,59.6337,49.9908,49.9908,51.967,26.8673,167.274,167.274,226.4344,92.822
385,cnn,baseline,jetson_emulator,10,offload,0.5,59.8099,49.6964,49.6964,51.9742,26.9004,167.274,167.274,226.5858,92.8267
386,cnn,baseline,jetson_emulator,10,offload,0.5,59.7708,49.9028,49.9028,52.6158,26.8772,167.274,167.274,226.7373,92.7121
387,cnn,baseline,jetson_emulator,10,local,0.5,59.7477,49.5762,59.7477,61.1047,25.8121,167.274,167.274,227.5654,92.7295
388,cnn,baseline,jetson_emulator,10,offload,0.5,60.9145,49.3316,49.3316,51.7255,26.9417,167.274,167.274,227.0402,92.8527
389,cnn,baseline,jetson_emulator,10,local,0.5,60.1987,49.5316,60.1987,62.1556,25.7653,167.274,167.274,227.8692,92.8325
390,cnn,baseline,jetson_emulator,10,local,0.5,60.1074,50.4659,60.1074,62.3451,25.7748,167.274,167.274,228.0211,92.8438
391,cnn,baseline,jetson_emulator,10,local,0.5,59.7393,50.4432,59.7393,61.8541,25.813,167.274,167.274,228.173,92.8162
392,cnn,baseline,jetson_emulator,10,local,0.5,60.4225,49.4445,60.4225,62.628,25.7422,167.274,167.274,228.3249,92.8568
393,cnn,baseline,jetson_emulator,10,offload,0.5,60.7458,50.8735,50.8735,53.0576,26.7683,167.274,167.274,227.7974,92.8506
394,cnn,baseline,jetson_emulator,10,local,0.5,59.9492,50.2218,59.9492,60.7102,25.7912,167.274,167.274,228.6287,92.8041
395,cnn,baseline,jetson_emulator,10,local,0.5,59.8044,50.0513,59.8044,61.0191,25.8062,167.274,167.274,228.7806,92.8139
396,cnn,baseline,jetson_emulator,10,offload,0.5,59.7167,49.6493,49.6493,51.0188,26.9058,167.274,167.274,228.2518,92.8213
397,cnn,baseline,jetson_emulator,10,local,0.5,60.3776,49.5974,60.3776,61.271,25.7468,167.274,167.274,229.0844,92.7529
398,cnn,baseline,jetson_emulator,10,offload,0.5,60.1521,49.9949,49.9949,51.4085,26.8668,167.274,167.274,228.5547,92.7616
399,cnn,baseline,jetson_emulator,10,local,0.5,59.9529,50.1249,59.9529,62.4653,25.7908,167.274,167.274,229.3882,92.8235
400,cnn,baseline,jetson_emulator,10,local,0.5,60.5459,50.5439,60.5459,62.1777,25.7295,167.274,167.274,229.5401,92.7125
401,cnn,baseline,jetson_emulator,10,offload,0.5,59.8681,49.8964,49.8964,50.7833,26.8779,167.274,167.274,229.009,92.7882
402,cnn,baseline,jetson_emulator,10,local,0.5,59.7821,50.1189,59.7821,61.7844,25.8085,167.274,167.274,229.8439,92.7612
403,cnn,baseline,jetson_emulator,10,offload,0.5,60.7199,50.2283,50.2283,52.1353,26.8406,167.274,167.274,229.3119,92.8135
404,cnn,baseline,jetson_emulator,10,local,0.5,60.1044,49.6585,60.1044,62.4977,25.7751,167.274,167.274,230.1477,92.7871
405,cnn,baseline,jetson_emulator,10,offload,0.5,60.4068,50.8784,50.8784,52.9315,26.7677,167.274,167.274,229.6148,92.7515
406,cnn,baseline,jetson_emulator,10,local,0.5,60.9633,50.0879,60.9633,62.4441,25.6864,167.274,167.274,230.4515,92.9256
407,cnn,baseline,jetson_emulator,10,offload,0.5,60.1571,49.6104,49.6104,51.8171,26.9102,167.274,167.274,229.9177,92.8956
408,cnn,baseline,jetson_emulator,10,local,0.5,60.5053,50.2875,60.5053,62.0129,25.7336,167.274,167.274,230.7553,92.844
409,cnn,baseline,jetson_emulator,10,offload,0.5,60.4765,49.4322,49.4322,50.3066,26.9303,167.274,167.274,230.2206,92.8214
410,cnn,baseline,jetson_emulator,10,local,0.5,59.9956,50.0947,59.9956,61.7336,25.7864,167.274,167.274,231.0591,92.8465
411,cnn,baseline,jetson_emulator,10,offload,0.5,60.3078,49.8814,49.8814,52.2738,26.8796,167.274,167.274,230.5235,92.8799
412,cnn,baseline,jetson_emulator,10,offload,0.5,60.4154,49.4456,49.4456,51.0031,26.9288,167.274,167.274,230.675,92.8064
413,cnn,baseline,jetson_emulator,10,offload,0.5,60.309,52.0137,52.0137,53.4138,26.6415,167.274,167.274,230.8264,92.7817
414,cnn,baseline,jetson_emulator,10,offload,0.5,60.1818,51.1114,51.1114,53.1067,26.7417,167.274,167.274,230.9779,92.8666
415,cnn,baseline,jetson_emulator,10,offload,0.5,60.1004,50.3826,50.3826,52.1064,26.8232,167.274,167.274,231.1293,92.825
416,cnn,baseline,jetson_emulator,10,offload,0.5,60.7063,50.5235,50.5235,53.059,26.8074,167.274,167.274,231.2808,92.8007
417,cnn,baseline,jetson_emulator,10,offload,0.5,60.0909,49.6309,49.6309,50.6743,26.9078,167.274,167.274,231.4322,92.7016
418,cnn,baseline,jetson_emulator,10,local,0.5,60.0396,50.0165,60.0396,61.6907,25.7818,167.274,167.274,232.2743,92.7234
419,cnn,baseline,jetson_emulator,10,local,0.5,60.8019,50.349,60.8019,63.0369,25.703,167.274,167.274,232.4262,92.8148
420,cnn,baseline,jetson_emulator,10,offload,0.5,59.7726,50.4627,50.4627,52.3415,26.8143,167.274,167.274,231.8866,92.9079
421,cnn,baseline,jetson_emulator,10,local,0.5,61.0233,49.4244,61.0233,62.9088,25.6803,167.274,167.274,232.73,92.8096
422,cnn,baseline,jetson_emulator,10,offload,0.5,60.6526,50.3153,50.3153,52.1549,26.8308,167.274,167.274,232.1895,92.7567
423,cnn,baseline,jetson_emulator,10,local,0.5,60.0791,49.3473,60.0791,61.2627,25.7777,167.274,167.274,233.0338,92.7469
424,cnn,baseline,jetson_emulator,10,offload,0.5,60.1937,50.0417,50.0417,52.3078,26.8615,167.274,167.274,232.4924,92.8262
425,cnn,baseline,jetson_emulator,10,offload,0.5,60.0788,49.6402,49.6402,52.0588,26.9068,167.274,167.274,232.6438,92.6819
426,cnn,baseline,jetson_emulator,10,offload,0.5,59.792,49.5464,49.5464,52.1451,26.9174,167.274,167.274,232.7953,92.7618
427,cnn,baseline,jetson_emulator,10,offload,0.5,59.963,49.8353,49.8353,51.1649,26.8848,167.274,167.274,232.9467,92.7578
428,cnn,baseline,jetson_emulator,10,local,0.5,59.9059,50.0607,59.9059,61.7085,25.7957,167.274,167.274,233.7933,92.8003
429,cnn,baseline,jetson_emulator,10,local,0.5,59.8653,49.9051,59.8653,62.1554,25.7999,167.274,167.274,233.9452,92.7817
430,cnn,baseline,jetson_emulator,10,local,0.5,59.7152,49.8082,59.7152,62.1313,25.8155,167.274,167.274,234.0971,92.8832
431,cnn,baseline,jetson_emulator,10,offload,0.5,61.2875,50.1896,50.1896,52.2915,26.8449,167.274,167.274,233.5525,92.7224
432,cnn,baseline,jetson_emulator,10,offload,0.5,59.7333,49.9289,49.9289,52.0499,26.8742,167.274,167.274,233.704,92.7709
433,cnn,baseline,jetson_emulator,10,offload,0.5,59.8483,49.4275,49.4275,51.3796,26.9308,167.274,167.274,233.8554,92.7502
434,cnn,baseline,jetson_emulator,10,offload,0.5,60.3731,50.5092,50.5092,52.0078,26.809,167.274,167.274,234.0069,92.8335
435,cnn,baseline,jetson_emulator,10,offload,0.5,59.6811,50.3573,50.3573,52.4999,26.8261,167.274,167.274,234.1583,92.9095
436,cnn,baseline,jetson_emulator,10,local,0.5,61.4606,49.8013,61.4606,63.3106,25.6354,167.274,167.274,235.0085,92.8607
437,cnn,baseline,jetson_emulator,10,offload,0.5,60.4079,49.305,49.305,51.8529,26.9447,167.274,167.274,234.4612,92.7696
438,cnn,baseline,jetson_emulator,10,local,0.5,60.2558,49.6416,60.2558,61.9588,25.7594,167.274,167.274,235.3123,92.7651
439,cnn,baseline,jetson_emulator,10,local,0.5,59.6126,49.5534,59.6126,60.4288,25.8262,167.274,167.274,235.4642,92.7438
440,cnn,baseline,jetson_emulator,10,local,0.5,60.1006,49.9847,60.1006,61.6672,25.7755,167.274,167.274,235.6161,92.859
441,cnn,baseline,jetson_emulator,10,local,0.5,59.6007,49.7733,59.6007,61.3561,25.8274,167.274,167.274,235.768,92.8536
442,cnn,baseline,jetson_emulator,10,local,0.5,59.7189,49.267,59.7189,61.0336,25.8151,167.274,167.274,235.9199,92.778
443,cnn,baseline,jetson_emulator,10,local,0.5,60.2155,49.989,60.2155,62.0995,25.7636,167.274,167.274,236.0718,92.8079
444,cnn,baseline,jetson_emulator,10,offload,0.5,60.0636,50.1955,50.1955,52.2751,26.8442,167.274,167.274,235.5214,92.8609
445,cnn,baseline,jetson_emulator,10,local,0.5,60.3082,49.9878,60.3082,62.0682,25.754,167.274,167.274,236.3756,92.7967
446,cnn,baseline,jetson_emulator,10,local,0.5,60.5416,49.5785,60.5416,62.4021,25.7299,167.274,167.274,236.5275,92.8184
447,cnn,baseline,jetson_emulator,10,offload,0.5,60.3746,50.2007,50.2007,51.6492,26.8437,167.274,167.274,235.9757,92.7675
448,cnn,baseline,jetson_emulator,10,local,0.5,60.0904,50.1996,60.0904,62.0736,25.7766,167.274,167.274,236.8313,92.8666
449,cnn,baseline,jetson_emulator,10,local,0.5,59.8868,49.2931,59.8868,62.4825,25.7977,167.274,167.274,236.9832,92.8357
450,cnn,baseline,jetson_emulator,10,local,0.5,60.195,49.6969,60.195,62.1144,25.7657,167.274,167.274,237.1351,92.8156
451,cnn,baseline,jetson_emulator,10,offload,0.5,59.6713,50.1147,50.1147,51.6661,26.8533,167.274,167.274,236.5815,92.8257
452,cnn,baseline,jetson_emulator,10,local,0.5,59.9662,49.3916,59.9662,61.4269,25.7894,167.274,167.274,237.439,92.8491
453,cnn,baseline,jetson_emulator,10,local,0.5,59.6991,50.1546,59.6991,61.7613,25.8172,167.274,167.274,237.5909,92.8221
454,cnn,baseline,jetson_emulator,10,offload,0.5,59.5407,49.3733,49.3733,51.297,26.937,167.274,167.274,237.0359,92.8264
455,cnn,baseline,jetson_emulator,10,local,0.5,59.9883,49.9044,59.9883,61.9165,25.7871,167.274,167.274,237.8947,92.8113
456,cnn,baseline,jetson_emulator,10,offload,0.5,59.9505,49.9377,49.9377,51.8182,26.8732,167.274,167.274,237.3388,92.8084
457,cnn,baseline,jetson_emulator,10,local,0.5,60.0398,49.5062,60.0398,61.8861,25.7818,167.274,167.274,238.1985,92.8631
458,cnn,baseline,jetson_emulator,10,local,0.5,60.0359,49.7568,60.0359,61.4675,25.7822,167.274,167.274,238.3504,92.8881
459,cnn,baseline,jetson_emulator,10,offload,0.5,60.0628,49.387,49.387,51.0072,26.9354,167.274,167.274,237.7931,92.7703
460,cnn,baseline,jetson_emulator,10,offload,0.5,60.4873,50.7671,50.7671,51.4083,26.7802,167.274,167.274,237.9446,92.8675
461,cnn,baseline,jetson_emulator,10,local,0.5,60.0151,49.7243,60.0151,61.7614,25.7844,167.274,167.274,238.8061,92.7788
462,cnn,baseline,jetson_emulator,10,offload,0.5,59.5549,49.6827,49.6827,51.6558,26.902,167.274,167.274,238.2475,92.8378
463,cnn,baseline,jetson_emulator,10,offload,0.5,60.5983,50.4722,50.4722,52.5704,26.8132,167.274,167.274,238.3989,92.8128
464,cnn,baseline,jetson_emulator,10,local,0.5,59.6279,50.789,59.6279,61.1145,25.8246,167.274,167.274,239.2618,92.8395
465,cnn,baseline,jetson_emulator,10,offload,0.5,60.1994,49.7661,49.7661,50.672,26.8926,167.274,167.274,238.7018,92.7699
466,cnn,baseline,jetson_emulator,10,offload,0.5,59.9978,49.6434,49.6434,51.7161,26.9064,167.274,167.274,238.8533,92.8552
467,cnn,baseline,jetson_emulator,10,offload,0.5,60.1385,49.7256,49.7256,52.0492,26.8971,167.274,167.274,239.0047,92.8542
468,cnn,baseline,jetson_emulator,10,offload,0.5,59.7176,50.014,50.014,51.9427,26.8647,167.274,167.274,239.1562,92.7664
469,cnn,baseline,jetson_emulator,10,offload,0.5,60.01,50.2297,50.2297,51.6147,26.8404,167.274,167.274,239.3076,92.7885
470,cnn,baseline,jetson_emulator,10,offload,0.5,60.3002,50.43,50.43,51.6615,26.8179,167.274,167.274,239.4591,92.7983
471,cnn,baseline,jetson_emulator,10,offload,0.5,60.0427,51.4053,51.4053,52.9013,26.709,167.274,167.274,239.6105,92.8414
472,cnn,baseline,jetson_emulator,10,offload,0.5,60.1264,51.1312,51.1312,52.8692,26.7395,167.274,167.274,239.762,92.7286
473,cnn,baseline,jetson_emulator,10,offload,0.5,60.1184,49.9168,49.9168,51.4508,26.8756,167.274,167.274,239.9134,92.8953
474,cnn,baseline,jetson_emulator,10,local,0.5,60.3231,49.551,60.3231,61.4036,25.7525,167.274,167.274,240.7808,92.8033
475,cnn,baseline,jetson_emulator,10,offload,0.5,59.8618,49.3706,49.3706,50.4043,26.9373,167.274,167.274,240.2163,92.8815
476,cnn,baseline,jetson_emulator,10,offload,0.5,60.3928,49.5182,49.5182,50.9231,26.9206,167.274,167.274,240.3678,92.8353
477,cnn,baseline,jetson_emulator,10,local,0.5,60.1466,50.0941,60.1466,61.0103,25.7707,167.274,167.274,241.2365,92.8134
478,cnn,baseline,jetson_emulator,10,offload,0.5,59.8963,49.7551,49.7551,51.2976,26.8938,167.274,167.274,240.6707,92.7342
479,cnn,baseline,jetson_emulator,10,local,0.5,60.7211,49.5984,60.7211,62.3272,25.7114,167.274,167.274,241.5403,92.8422
480,cnn,baseline,jetson_emulator,10,local,0.5,60.0628,50.6607,60.0628,62.381,25.7794,167.274,167.274,241.6922,92.8168
481,cnn,baseline,jetson_emulator,10,offload,0.5,60.7908,50.2723,50.2723,52.5131,26.8356,167.274,167.274,241.125,92.7894
482,cnn,baseline,jetson_emulator,10,offload,0.5,60.5008,49.9866,49.9866,51.5367,26.8677,167.274,167.274,241.2765,92.8682
483,cnn,baseline,jetson_emulator,10,local,0.5,60.0836,50.5567,60.0836,62.4316,25.7773,167.274,167.274,242.1479,92.7619
484,cnn,baseline,jetson_emulator,10,offload,0.5,60.2013,49.5573,49.5573,51.5313,26.9162,167.274,167.274,241.5794,92.7508
485,cnn,baseline,jetson_emulator,10,offload,0.5,59.9825,49.6728,49.6728,51.6104,26.9031,167.274,167.274,241.7308,92.8452
486,cnn,baseline,jetson_emulator,10,offload,0.5,61.0333,49.9483,49.9483,51.8834,26.8721,167.274,167.274,241.8823,92.7409
487,cnn,baseline,jetson_emulator,10,local,0.5,60.4897,49.9193,60.4897,62.4735,25.7353,167.274,167.274,242.7555,92.8143
488,cnn,baseline,jetson_emulator,10,local,0.5,60.0482,49.8494,60.0482,61.7596,25.7809,167.274,167.274,242.9074,92.8134
489,cnn,baseline,jetson_emulator,10,offload,0.5,60.2415,49.8769,49.8769,51.732,26.8801,167.274,167.274,242.3366,92.8825
490,cnn,baseline,jetson_emulator,10,offload,0.5,61.331,50.3023,50.3023,51.2606,26.8323,167.274,167.274,242.4881,92.7536
491,cnn,baseline,jetson_emulator,10,local,0.5,61.0949,50.1258,61.0949,62.9345,25.6729,167.274,167.274,243.3631,92.8333
492,cnn,baseline,jetson_emulator,10,offload,0.5,60.5151,50.9353,50.9353,52.6465,26.7614,167.274,167.274,242.791,92.7776
493,cnn,baseline,jetson_emulator,10,local,0.5,60.4461,49.8676,60.4461,62.7737,25.7398,167.274,167.274,243.6669,92.7838
494,cnn,baseline,jetson_emulator,10,local,0.5,60.3918,50.3805,60.3918,62.3659,25.7454,167.274,167.274,243.8188,92.862
495,cnn,baseline,jetson_emulator,10,offload,0.5,60.484,51.3962,51.3962,53.2554,26.71,167.274,167.274,243.2453,92.7104
496,cnn,baseline,jetson_emulator,10,local,0.5,60.4277,50.192,60.4277,62.3117,25.7417,167.274,167.274,244.1226,92.8602
497,cnn,baseline,jetson_emulator,10,offload,0.5,60.9126,51.3283,51.3283,53.127,26.7176,167.274,167.274,243.5482,92.9051
498,cnn,baseline,jetson_emulator,10,local,0.5,61.071,51.0509,61.071,62.6326,25.6754,167.274,167.274,244.4264,92.7668
499,cnn,baseline,jetson_emulator,10,local,0.5,60.5455,50.02,60.5455,61.7258,25.7295,167.274,167.274,244.5783,92.9091
500,cnn,baseline,jetson_emulator,10,local,0.5,61.1325,50.1063,61.1325,62.8949,25.669,167.274,167.274,244.7302,92.8375
501,cnn,baseline,jetson_emulator,10,local,0.5,60.8946,50.5005,60.8946,62.5881,25.6935,167.274,167.274,244.8821,92.8818
502,cnn,baseline,jetson_emulator,10,local,0.5,60.6454,50.8859,60.6454,61.964,25.7192,167.274,167.274,245.034,92.8291
503,cnn,baseline,jetson_emulator,10,local,0.5,60.7633,50.3733,60.7633,63.5039,25.707,167.274,167.274,245.1859,92.8449
504,cnn,baseline,jetson_emulator,10,offload,0.5,60.8839,51.3281,51.3281,53.4632,26.7176,167.274,167.274,244.6084,92.8593
505,cnn,baseline,jetson_emulator,10,offload,0.5,61.0567,51.8459,51.8459,54.0724,26.6601,167.274,167.274,244.7598,92.8106
506,cnn,baseline,jetson_emulator,10,local,0.5,60.9839,51.2791,60.9839,62.798,25.6843,167.274,167.274,245.6416,92.8117
507,cnn,baseline,jetson_emulator,10,offload,0.5,61.1579,51.0686,51.0686,53.4472,26.7465,167.274,167.274,245.0627,92.7669
508,cnn,baseline,jetson_emulator,10,offload,0.5,61.0767,50.8605,50.8605,52.3754,26.7697,167.274,167.274,245.2142,92.7583
509,cnn,baseline,jetson_emulator,10,local,0.5,61.2014,50.7734,61.2014,62.9716,25.662,167.274,167.274,246.0973,92.8497
510,cnn,baseline,jetson_emulator,10,offload,0.5,61.3513,50.573,50.573,52.8336,26.8019,167.274,167.274,245.5171,92.8057
511,cnn,baseline,jetson_emulator,10,offload,0.5,61.6018,50.7137,50.7137,52.3417,26.7861,167.274,167.274,245.6685,92.8742
512,cnn,baseline,jetson_emulator,10,local,0.5,61.7287,50.9952,61.7287,62.6024,25.6079,167.274,167.274,246.553,92.7695
513,cnn,baseline,jetson_emulator,10,offload,0.5,61.8128,51.2747,51.2747,52.9459,26.7235,167.274,167.274,245.9714,92.7851
514,cnn,baseline,jetson_emulator,10,local,0.5,61.8296,52.47,61.8296,63.2601,25.5976,167.274,167.274,246.8568,92.859
515,cnn,baseline,jetson_emulator,10,local,0.5,61.4518,51.254,61.4518,63.0989,25.6363,167.274,167.274,247.0087,92.7716
516,cnn,baseline,jetson_emulator,10,offload,0.5,61.7635,52.4156,52.4156,54.4369,26.5971,167.274,167.274,246.4258,92.7521
517,cnn,baseline,jetson_emulator,10,offload,0.5,61.8159,51.0763,51.0763,52.2869,26.7456,167.274,167.274,246.5772,92.7898
518,cnn,baseline,jetson_emulator,10,offload,0.5,61.6174,51.6487,51.6487,53.5291,26.6819,167.274,167.274,246.7287,92.9106
519,cnn,baseline,jetson_emulator,10,offload,0.5,63.1172,52.0564,52.0564,53.7074,26.6367,167.274,167.274,246.8801,92.8125
520,cnn,baseline,jetson_emulator,10,local,0.5,62.2489,51.8348,62.2489,64.2971,25.5548,167.274,167.274,247.7683,92.8271
521,cnn,baseline,jetson_emulator,10,local,0.5,62.2516,52.134,62.2516,63.8964,25.5546,167.274,167.274,247.9202,92.7682
522,cnn,baseline,jetson_emulator,10,local,0.5,61.9635,51.9152,61.9635,63.8936,25.5839,167.274,167.274,248.0721,92.7299
523,cnn,baseline,jetson_emulator,10,local,0.5,62.0975,51.621,62.0975,63.5619,25.5703,167.274,167.274,248.224,92.7334
524,cnn,baseline,jetson_emulator,10,local,0.5,62.1569,52.1868,62.1569,64.0168,25.5642,167.274,167.274,248.3759,92.7651
525,cnn,baseline,jetson_emulator,10,offload,0.5,62.7248,51.8813,51.8813,53.5778,26.6561,167.274,167.274,247.7888,92.8484
526,cnn,baseline,jetson_emulator,10,offload,0.5,62.1626,51.5796,51.5796,53.325,26.6896,167.274,167.274,247.9403,92.8055
527,cnn,baseline,jetson_emulator,10,local,0.5,62.468,52.2558,62.468,64.1423,25.5325,167.274,167.274,248.8316,92.7829
528,cnn,baseline,jetson_emulator,10,offload,0.5,62.4325,52.3442,52.3442,53.8235,26.6049,167.274,167.274,248.2432,92.8235
529,cnn,baseline,jetson_emulator,10,offload,0.5,62.7564,51.8835,51.8835,53.3657,26.6559,167.274,167.274,248.3946,92.7744
530,cnn,baseline,jetson_emulator,10,offload,0.5,62.5894,51.6673,51.6673,53.951,26.6799,167.274,167.274,248.5461,92.8087
531,cnn,baseline,jetson_emulator,10,offload,0.5,63.1105,52.0619,52.0619,53.6071,26.6361,167.274,167.274,248.6975,92.8516
532,cnn,baseline,jetson_emulator,10,offload,0.5,62.9071,51.8929,51.8929,53.7397,26.6548,167.274,167.274,248.849,92.8122
533,cnn,baseline,jetson_emulator,10,offload,0.5,62.9103,52.9522,52.9522,55.0143,26.538,167.274,167.274,249.0004,92.8575
534,cnn,baseline,jetson_emulator,10,offload,0.5,63.4203,52.4348,52.4348,54.0827,26.595,167.274,167.274,249.1519,92.847
535,cnn,baseline,jetson_emulator,10,local,0.5,64.3409,52.0651,64.3409,66.1265,25.3436,167.274,167.274,250.0468,92.73
536,cnn,baseline,jetson_emulator,10,offload,0.5,63.7349,53.1248,53.1248,54.2605,26.5191,167.274,167.274,249.4548,92.8426
537,cnn,baseline,jetson_emulator,10,local,0.5,63.779,52.7882,63.779,65.1066,25.4,167.274,167.274,250.3506,92.799
538,cnn,baseline,jetson_emulator,10,local,0.5,63.9453,52.3091,63.9453,65.261,25.3832,167.274,167.274,250.5025,92.8502
539,cnn,baseline,jetson_emulator,10,offload,0.5,63.8162,53.1789,53.1789,55.5154,26.5131,167.274,167.274,249.9091,92.8123
540,cnn,baseline,jetson_emulator,10,local,0.5,63.7366,52.3698,63.7366,64.9632,25.4042,167.274,167.274,250.8063,92.8591
541,cnn,baseline,jetson_emulator,10,local,0.5,63.9285,52.6722,63.9285,66.023,25.3849,167.274,167.274,250.9582,92.7716
542,cnn,baseline,jetson_emulator,10,local,0.5,64.2344,52.9376,64.2344,65.9615,25.3542,167.274,167.274,251.1101,92.7604
543,cnn,baseline,jetson_emulator,10,local,0.5,64.1782,53.1439,64.1782,65.7854,25.3599,167.274,167.274,251.262,92.8035
544,cnn,baseline,jetson_emulator,10,offload,0.5,64.3982,52.9763,52.9763,54.8731,26.5354,167.274,167.274,250.6664,92.8493
545,cnn,baseline,jetson_emulator,10,offload,0.5,64.0192,52.8415,52.8415,54.6791,26.5502,167.274,167.274,250.8178,92.7185
546,cnn,baseline,jetson_emulator,10,local,0.5,64.2625,55.156,64.2625,66.3336,25.3514,167.274,167.274,251.7177,92.782
547,cnn,baseline,jetson_emulator,10,offload,0.5,64.6061,54.3498,54.3498,55.782,26.3854,167.274,167.274,251.1207,92.7874
548,cnn,baseline,jetson_emulator,10,local,0.5,64.5296,53.222,64.5296,66.8802,25.3247,167.274,167.274,252.0215,92.8552
549,cnn,baseline,jetson_emulator,10,offload,0.5,64.9664,54.6829,54.6829,57.146,26.3493,167.274,167.274,251.4236,92.8481
550,cnn,baseline,jetson_emulator,10,local,0.5,64.2856,53.9088,64.2856,64.8824,25.3491,167.274,167.274,252.3253,92.7395
551,cnn,baseline,jetson_emulator,10,local,0.5,65.8123,53.4061,65.8123,68.2739,25.197,167.274,167.274,252.4772,92.839
552,cnn,baseline,jetson_emulator,10,offload,0.5,64.4134,53.5347,53.5347,55.8644,26.4742,167.274,167.274,251.878,92.7984
553,cnn,baseline,jetson_emulator,10,local,0.5,65.0694,53.3606,65.0694,67.0577,25.2708,167.274,167.274,252.781,92.7456
554,cnn,baseline,jetson_emulator,10,local,0.5,64.9782,53.9891,64.9782,66.73,25.2799,167.274,167.274,252.9329,92.8495
555,cnn,baseline,jetson_emulator,10,offload,0.5,65.1106,53.5437,53.5437,55.4548,26.4732,167.274,167.274,252.3323,92.8859
556,cnn,baseline,jetson_emulator,10,offload,0.5,64.9082,53.9352,53.9352,55.7183,26.4305,167.274,167.274,252.4838,92.7156
557,cnn,baseline,jetson_emulator,10,local,0.5,65.0617,53.6492,65.0617,66.9998,25.2716,167.274,167.274,253.3886,92.8187
558,cnn,baseline,jetson_emulator,10,local,0.5,65.4108,54.8571,65.4108,66.5106,25.2368,167.274,167.274,253.5405,92.758
559,cnn,baseline,jetson_emulator,10,offload,0.5,65.3585,53.8263,53.8263,56.4582,26.4423,167.274,167.274,252.9381,92.8183
560,cnn,baseline,jetson_emulator,10,offload,0.5,65.9656,54.208,54.208,56.1912,26.4008,167.274,167.274,253.0896,92.818
561,cnn,baseline,jetson_emulator,10,local,0.5,65.6503,54.06,65.6503,67.574,25.2131,167.274,167.274,253.9962,92.8077
562,cnn,baseline,jetson_emulator,10,offload,0.5,66.4061,54.5688,54.5688,56.368,26.3616,167.274,167.274,253.3925,92.8737
563,cnn,baseline,jetson_emulator,10,offload,0.5,66.5025,54.5063,54.5063,56.2471,26.3684,167.274,167.274,253.5439,92.7773
564,cnn,baseline,jetson_emulator,10,local,0.5,65.6733,54.334,65.6733,67.6984,25.2108,167.274,167.274,254.4519,92.7497
565,cnn,baseline,jetson_emulator,10,offload,0.5,66.025,54.8762,54.8762,56.5806,26.3284,167.274,167.274,253.8468,92.7381
566,cnn,baseline,jetson_emulator,10,local,0.5,66.0294,54.7075,66.0294,67.9653,25.1756,167.274,167.274,254.7557,92.7219
567,cnn,baseline,jetson_emulator,10,local,0.5,66.4142,55.4735,66.4142,68.0682,25.1376,167.274,167.274,254.9076,92.907
568,cnn,baseline,jetson_emulator,10,local,0.5,66.6623,54.5303,66.6623,67.9231,25.1132,167.274,167.274,255.0595,92.807
569,cnn,baseline,jetson_emulator,10,offload,0.5,67.8584,55.2748,55.2748,57.3051,26.2854,167.274,167.274,254.4526,92.877
570,cnn,baseline,jetson_emulator,10,local,0.5,66.4651,54.9334,66.4651,67.9089,25.1326,167.274,167.274,255.3633,92.7606
571,cnn,baseline,jetson_emulator,10,local,0.5,67.6797,56.0548,67.6797,68.9304,25.0135,167.274,167.274,255.5152,92.7924
572,cnn,baseline,jetson_emulator,10,local,0.5,66.7771,55.5842,66.7771,68.4891,25.1019,167.274,167.274,255.6671,92.7853
573,cnn,baseline,jetson_emulator,10,local,0.5,66.897,55.0439,66.897,69.0471,25.0901,167.274,167.274,255.819,92.8401
574,cnn,baseline,jetson_emulator,10,offload,0.5,66.6882,55.3285,55.3285,57.0998,26.2796,167.274,167.274,255.2099,92.7701
575,cnn,baseline,jetson_emulator,10,offload,0.5,66.6955,55.753,55.753,57.6344,26.2339,167.274,167.274,255.3613,92.8077
576,cnn,baseline,jetson_emulator,10,offload,0.5,67.0599,56.1103,56.1103,58.1619,26.1956,167.274,167.274,255.5128,92.7871
577,cnn,baseline,jetson_emulator,10,local,0.5,67.4475,55.3896,67.4475,69.2961,25.0362,167.274,167.274,256.4266,92.7831
578,cnn,baseline,jetson_emulator,10,offload,0.5,67.6946,55.4312,55.4312,57.4091,26.2685,167.274,167.274,255.8157,92.798
579,cnn,baseline,jetson_emulator,10,local,0.5,67.2192,56.3905,67.2192,67.8974,25.0585,167.274,167.274,256.7304,92.9035
580,cnn,baseline,jetson_emulator,10,local,0.5,67.613,57.1143,67.613,69.5856,25.02,167.274,167.274,256.8823,92.7593
581,cnn,baseline,jetson_emulator,10,offload,0.5,67.6632,56.7614,56.7614,57.8771,26.1262,167.274,167.274,256.27,92.7783
582,cnn,baseline,jetson_emulator,10,offload,0.5,67.6804,55.9398,55.9398,57.5406,26.2139,167.274,167.274,256.4215,92.8903
583,cnn,baseline,jetson_emulator,10,offload,0.5,67.326,56.2031,56.2031,58.2972,26.1857,167.274,167.274,256.5729,92.7864
584,cnn,baseline,jetson_emulator,10,offload,0.5,68.2993,55.9219,55.9219,58.296,26.2158,167.274,167.274,256.7244,92.7998
585,cnn,baseline,jetson_emulator,10,offload,0.5,68.0993,56.1872,56.1872,57.8623,26.1874,167.274,167.274,256.8758,92.7429
586,cnn,baseline,jetson_emulator,10,local,0.5,67.924,56.3698,67.924,69.5157,24.9897,167.274,167.274,257.7938,92.8128
587,cnn,baseline,jetson_emulator,10,offload,0.5,68.1151,55.9954,55.9954,57.8737,26.2079,167.274,167.274,257.1787,92.821
588,cnn,baseline,jetson_emulator,10,local,0.5,67.7459,56.4065,67.7459,69.0971,25.007,167.274,167.274,258.0976,92.8302
589,cnn,baseline,jetson_emulator,10,offload,0.5,68.5761,56.5229,56.5229,58.2113,26.1516,167.274,167.274,257.4816,92.8835
590,cnn,baseline,jetson_emulator,10,local,0.5,68.6649,57.4901,68.6649,70.8617,24.9177,167.274,167.274,258.4014,92.8424
591,cnn,baseline,jetson_emulator,10,offload,0.5,68.0212,57.1735,57.1735,59.2848,26.0824,167.274,167.274,257.7845,92.7644
592,cnn,baseline,jetson_emulator,10,offload,0.5,68.2679,56.524,56.524,58.1956,26.1515,167.274,167.274,257.936,92.7849
593,cnn,baseline,jetson_emulator,10,offload,0.5,68.7802,56.5874,56.5874,58.6209,26.1447,167.274,167.274,258.0874,92.7937
594,cnn,baseline,jetson_emulator,10,offload,0.5,68.5336,57.0561,57.0561,58.9298,26.0948,167.274,167.274,258.2389,92.7692
595,cnn,baseline,jetson_emulator,10,local,0.5,68.8258,57.4391,68.8258,70.0888,24.9022,167.274,167.274,259.1609,92.777
596,cnn,baseline,jetson_emulator,10,local,0.5,69.8487,57.28,69.8487,71.6031,24.8037,167.274,167.274,259.3128,92.7386
597,cnn,baseline,jetson_emulator,10,local,0.5,68.4451,56.9416,68.4451,70.0514,24.939,167.274,167.274,259.4647,92.8009
598,cnn,baseline,jetson_emulator,10,local,0.5,68.9375,57.8072,68.9375,70.025,24.8914,167.274,167.274,259.6166,92.8085
599,cnn,baseline,jetson_emulator,10,offload,0.5,69.7099,56.8871,56.8871,58.0071,26.1128,167.274,167.274,258.9961,92.8472
600,cnn,baseline,jetson_emulator,10,local,0.5,69.5335,57.6989,69.5335,71.2071,24.8339,167.274,167.274,259.9204,92.859
601,cnn,baseline,jetson_emulator,10,local,0.5,69.798,58.4012,69.798,71.7195,24.8085,167.274,167.274,260.0723,92.9112
602,cnn,baseline,jetson_emulator,10,offload,0.5,68.9342,57.177,57.177,58.9054,26.082,167.274,167.274,259.4505,92.8575
603,cnn,baseline,jetson_emulator,10,offload,0.5,69.3212,57.7774,57.7774,58.9942,26.0185,167.274,167.274,259.6019,92.8428
604,cnn,baseline,jetson_emulator,10,local,0.5,69.033,57.4851,69.033,70.092,24.8822,167.274,167.274,260.528,92.7938
605,cnn,baseline,jetson_emulator,10,offload,0.5,69.0569,57.9088,57.9088,59.8679,26.0046,167.274,167.274,259.9048,92.7684
606,cnn,baseline,jetson_emulator,10,offload,0.5,69.5412,57.8668,57.8668,59.8259,26.009,167.274,167.274,260.0563,92.8315
607,cnn,baseline,jetson_emulator,10,local,0.5,69.9106,57.1698,69.9106,72.5385,24.7977,167.274,167.274,260.9837,92.682
608,cnn,baseline,jetson_emulator,10,offload,0.5,69.6429,57.35,57.35,59.1766,26.0637,167.274,167.274,260.3592,92.8584
609,cnn,baseline,jetson_emulator,10,local,0.5,69.835,57.7661,69.835,72.0409,24.805,167.274,167.274,261.2875,92.8658
610,cnn,baseline,jetson_emulator,10,local,0.5,69.6005,57.6166,69.6005,70.9698,24.8275,167.274,167.274,261.4394,92.8628
611,cnn,baseline,jetson_emulator,10,offload,0.5,69.5919,58.1456,58.1456,59.8599,25.9797,167.274,167.274,260.8135,92.869
612,cnn,baseline,jetson_emulator,10,offload,0.5,70.3339,57.4619,57.4619,59.9683,26.0518,167.274,167.274,260.965,92.7704
613,cnn,baseline,jetson_emulator,10,offload,0.5,70.3218,58.6126,58.6126,60.1565,25.9306,167.274,167.274,261.1164,92.8526
614,cnn,baseline,jetson_emulator,10,offload,0.5,70.4691,58.5969,58.5969,60.2192,25.9322,167.274,167.274,261.2679,92.8926
615,cnn,baseline,jetson_emulator,10,offload,0.5,69.6607,59.0372,59.0372,61.9817,25.8861,167.274,167.274,261.4193,92.7285
616,cnn,baseline,jetson_emulator,10,offload,0.5,70.4268,58.1113,58.1113,59.311,25.9833,167.274,167.274,261.5708,92.8755
617,cnn,baseline,jetson_emulator,10,local,0.5,70.2795,59.5834,70.2795,71.5861,24.7624,167.274,167.274,262.5027,92.7778
618,cnn,baseline,jetson_emulator,10,local,0.5,70.1365,57.6794,70.1365,71.6516,24.7761,167.274,167.274,262.6546,92.8616
619,cnn,baseline,jetson_emulator,10,offload,0.5,70.0412,57.9427,57.9427,60.2758,26.001,167.274,167.274,262.0251,92.8854
620,cnn,baseline,jetson_emulator,10,offload,0.5,70.3919,58.8239,58.8239,60.4897,25.9085,167.274,167.274,262.1766,92.8813
621,cnn,baseline,jetson_emulator,10,offload,0.5,70.7593,58.0506,58.0506,59.7861,25.9896,167.274,167.274,262.328,92.8375
622,cnn,baseline,jetson_emulator,10,local,0.5,70.2889,58.9163,70.2889,71.4299,24.7615,167.274,167.274,263.2622,92.8328
623,cnn,baseline,jetson_emulator,10,offload,0.5,70.4067,57.9599,57.9599,59.82,25.9992,167.274,167.274,262.6309,92.8336
624,cnn,baseline,jetson_emulator,10,local,0.5,70.3525,58.6963,70.3525,72.3051,24.7554,167.274,167.274,263.566,92.7635
625,cnn,baseline,jetson_emulator,10,local,0.5,70.1849,58.0633,70.1849,72.2824,24.7714,167.274,167.274,263.7179,92.8093
626,cnn,baseline,jetson_emulator,10,offload,0.5,70.5618,59.2205,59.2205,60.8737,25.867,167.274,167.274,263.0853,92.8649
627,cnn,baseline,jetson_emulator,10,offload,0.5,70.1126,58.539,58.539,59.8307,25.9383,167.274,167.274,263.2367,92.8037
628,cnn,baseline,jetson_emulator,10,local,0.5,70.4863,59.2091,70.4863,71.4428,24.7426,167.274,167.274,264.1736,92.894
629,cnn,baseline,jetson_emulator,10,offload,0.5,70.8157,58.0749,58.0749,60.4075,25.9871,167.274,167.274,263.5396,92.8494
630,cnn,baseline,jetson_emulator,10,offload,0.5,70.1982,57.9934,57.9934,60.4043,25.9957,167.274,167.274,263.6911,92.7977
631,cnn,baseline,jetson_emulator,10,offload,0.5,70.3525,58.3567,58.3567,59.9645,25.9575,167.274,167.274,263.8425,92.8655
632,cnn,baseline,jetson_emulator,10,local,0.5,71.0207,58.6624,71.0207,73.4556,24.6917,167.274,167.274,264.7812,92.7918
633,cnn,baseline,jetson_emulator,10,offload,0.5,70.6092,58.246,58.246,60.1457,25.9691,167.274,167.274,264.1454,92.7618
634,cnn,baseline,jetson_emulator,10,local,0.5,70.4693,58.6982,70.4693,72.8394,24.7443,167.274,167.274,265.085,92.8289
635,cnn,baseline,jetson_emulator,10,local,0.5,70.431,58.626,70.431,72.386,24.7479,167.274,167.274,265.2369,92.7094
636,cnn,baseline,jetson_emulator,10,local,0.5,70.6955,58.6763,70.6955,73.0213,24.7227,167.274,167.274,265.3888,92.7553
637,cnn,baseline,jetson_emulator,10,local,0.5,70.6857,59.1038,70.6857,73.2765,24.7236,167.274,167.274,265.5407,92.7852
638,cnn,baseline,jetson_emulator,10,local,0.5,70.7254,58.1233,70.7254,72.2519,24.7198,167.274,167.274,265.6926,92.9065
639,cnn,baseline,jetson_emulator,10,local,0.5,70.8591,58.5354,70.8591,72.7372,24.7071,167.274,167.274,265.8445,92.8453
640,cnn,baseline,jetson_emulator,10,local,0.5,70.5019,58.671,70.5019,71.9774,24.7411,167.274,167.274,265.9964,92.7658
641,cnn,baseline,jetson_emulator,10,offload,0.5,71.6714,59.2299,59.2299,60.6654,25.866,167.274,167.274,265.357,92.8551
642,cnn,baseline,jetson_emulator,10,offload,0.5,71.0552,58.775,58.775,60.9222,25.9136,167.274,167.274,265.5085,92.7867
643,cnn,baseline,jetson_emulator,10,offload,0.5,70.4052,58.961,58.961,61.1955,25.8941,167.274,167.274,265.6599,92.7968
644,cnn,baseline,jetson_emulator,10,local,0.5,70.4118,58.342,70.4118,72.8837,24.7498,167.274,167.274,266.604,92.8247
645,cnn,baseline,jetson_emulator,10,offload,0.5,70.9523,58.7585,58.7585,60.0506,25.9153,167.274,167.274,265.9628,92.7658
646,cnn,baseline,jetson_emulator,10,local,0.5,70.685,58.9184,70.685,71.9978,24.7237,167.274,167.274,266.9078,92.8697
647,cnn,baseline,jetson_emulator,10,offload,0.5,70.4651,58.6446,58.6446,59.9474,25.9272,167.274,167.274,266.2657,92.7711
648,cnn,baseline,jetson_emulator,10,offload,0.5,70.9914,58.8071,58.8071,60.2148,25.9102,167.274,167.274,266.4172,92.7809
649,cnn,baseline,jetson_emulator,10,local,0.5,71.3001,58.2051,71.3001,73.8977,24.6652,167.274,167.274,267.3636,92.7933
650,cnn,baseline,jetson_emulator,10,local,0.5,70.4391,59.4745,70.4391,72.5079,24.7471,167.274,167.274,267.5155,92.899
651,cnn,baseline,jetson_emulator,10,local,0.5,71.6892,58.3299,71.6892,73.8095,24.6283,167.274,167.274,267.6674,92.9216
652,cnn,baseline,jetson_emulator,10,offload,0.5,70.6399,60.6201,60.6201,62.1593,25.7218,167.274,167.274,267.023,92.794
653,cnn,baseline,jetson_emulator,10,local,0.5,71.0718,60.0426,71.0718,72.5356,24.6869,167.274,167.274,267.9712,92.8736
654,cnn,baseline,jetson_emulator,10,local,0.5,70.326,59.8594,70.326,70.6625,24.758,167.274,167.274,268.1231,92.7017
655,cnn,baseline,jetson_emulator,10,offload,0.5,71.4363,58.4907,58.4907,60.1275,25.9434,167.274,167.274,267.4773,92.8185
656,cnn,baseline,jetson_emulator,10,offload,0.5,70.3155,58.6111,58.6111,59.6169,25.9307,167.274,167.274,267.6288,92.8816
657,cnn,baseline,jetson_emulator,10,offload,0.5,70.65,58.8286,58.8286,60.3804,25.908,167.274,167.274,267.7802,92.8363
658,cnn,baseline,jetson_emulator,10,offload,0.5,70.3256,58.5266,58.5266,59.9219,25.9396,167.274,167.274,267.9317,92.8632
659,cnn,baseline,jetson_emulator,10,local,0.5,70.3936,58.8945,70.3936,72.0786,24.7515,167.274,167.274,268.8826,92.6978
660,cnn,baseline,jetson_emulator,10,offload,0.5,71.2457,58.5008,58.5008,60.3867,25.9423,167.274,167.274,268.2346,92.8199
661,cnn,baseline,jetson_emulator,10,local,0.5,70.5965,58.6768,70.5965,72.3467,24.7321,167.274,167.274,269.1864,92.9434
662,cnn,baseline,jetson_emulator,10,local,0.5,71.0619,58.3068,71.0619,72.9518,24.6878,167.274,167.274,269.3383,92.8245
663,cnn,baseline,jetson_emulator,10,local,0.5,70.6111,58.5846,70.6111,71.2216,24.7307,167.274,167.274,269.4902,92.7747
664,cnn,baseline,jetson_emulator,10,offload,0.5,70.6753,58.9501,58.9501,61.5578,25.8952,167.274,167.274,268.8404,92.8631
665,cnn,baseline,jetson_emulator,10,local,0.5,70.795,58.6126,70.795,71.9403,24.7132,167.274,167.274,269.794,92.8399
666,cnn,baseline,jetson_emulator,10,local,0.5,70.0487,59.1049,70.0487,71.707,24.7845,167.274,167.274,269.9459,92.7905
667,cnn,baseline,jetson_emulator,10,offload,0.5,70.2275,57.9516,57.9516,59.6364,26.0001,167.274,167.274,269.2947,92.8726
668,cnn,baseline,jetson_emulator,10,offload,0.5,70.3862,58.9423,58.9423,61.3535,25.8961,167.274,167.274,269.4462,92.8548
669,cnn,baseline,jetson_emulator,10,offload,0.5,70.3032,57.8065,57.8065,59.4105,26.0154,167.274,167.274,269.5976,92.809
670,cnn,baseline,jetson_emulator,10,offload,0.5,70.295,58.4402,58.4402,60.6576,25.9487,167.274,167.274,269.7491,92.6719
671,cnn,baseline,jetson_emulator,10,local,0.5,69.9137,58.3015,69.9137,70.9858,24.7974,167.274,167.274,270.7054,92.8181
672,cnn,baseline,jetson_emulator,10,local,0.5,70.395,58.9347,70.395,71.6359,24.7514,167.274,167.274,270.8573,92.8195
673,cnn,baseline,jetson_emulator,10,local,0.5,70.1587,58.0248,70.1587,72.2515,24.7739,167.274,167.274,271.0092,92.8142
674,cnn,baseline,jetson_emulator,10,offload,0.5,70.3584,58.0978,58.0978,59.9073,25.9847,167.274,167.274,270.3549,92.9133
675,cnn,baseline,jetson_emulator,10,local,0.5,70.2281,57.9732,70.2281,70.5764,24.7673,167.274,167.274,271.313,92.8576
676,cnn,baseline,jetson_emulator,10,offload,0.5,69.9574,58.7342,58.7342,59.6467,25.9178,167.274,167.274,270.6578,92.8322
677,cnn,baseline,jetson_emulator,10,offload,0.5,69.6401,57.6619,57.6619,59.8083,26.0307,167.274,167.274,270.8092,92.8028
678,cnn,baseline,jetson_emulator,10,offload,0.5,70.1337,57.5949,57.5949,59.0006,26.0377,167.274,167.274,270.9607,92.7744
679,cnn,baseline,jetson_emulator,10,offload,0.5,69.8834,57.6588,57.6588,58.9437,26.031,167.274,167.274,271.1121,92.8102
680,cnn,baseline,jetson_emulator,10,local,0.5,70.7859,57.487,70.7859,73.0218,24.7141,167.274,167.274,272.0725,92.9089
681,cnn,baseline,jetson_emulator,10,local,0.5,69.7069,58.8979,69.7069,71.3503,24.8173,167.274,167.274,272.2244,92.833
682,cnn,baseline,jetson_emulator,10,offload,0.5,70.0276,58.868,58.868,61.3843,25.9038,167.274,167.274,271.5665,92.8176
683,cnn,baseline,jetson_emulator,10,local,0.5,69.4831,57.7475,69.4831,71.2179,24.8388,167.274,167.274,272.5282,92.8558
684,cnn,baseline,jetson_emulator,10,local,0.5,69.8022,57.4394,69.8022,70.9296,24.8081,167.274,167.274,272.6801,92.7764
685,cnn,baseline,jetson_emulator,10,offload,0.5,70.9872,57.9721,57.9721,60.4025,25.9979,167.274,167.274,272.0208,92.8265
686,cnn,baseline,jetson_emulator,10,offload,0.5,69.2334,57.4184,57.4184,58.8373,26.0564,167.274,167.274,272.1723,92.7324
687,cnn,baseline,jetson_emulator,10,offload,0.5,69.1482,57.4361,57.4361,58.1676,26.0545,167.274,167.274,272.3237,92.8571
688,cnn,baseline,jetson_emulator,10,offload,0.5,69.1017,57.9196,57.9196,59.1461,26.0035,167.274,167.274,272.4752,92.8241
689,cnn,baseline,jetson_emulator,10,offload,0.5,69.0328,57.7383,57.7383,60.0295,26.0226,167.274,167.274,272.6266,92.7738
690,cnn,baseline,jetson_emulator,10,offload,0.5,69.5014,57.0677,57.0677,59.1621,26.0936,167.274,167.274,272.7781,92.8769
691,cnn,baseline,jetson_emulator,10,local,0.5,69.4807,57.0146,69.4807,71.5731,24.839,167.274,167.274,273.7434,92.7719
692,cnn,baseline,jetson_emulator,10,local,0.5,70.0806,58.2485,70.0806,71.7177,24.7814,167.274,167.274,273.8953,92.8023
693,cnn,baseline,jetson_emulator,10,offload,0.5,69.5526,57.0075,57.0075,58.7663,26.1,167.274,167.274,273.2324,92.7334
694,cnn,baseline,jetson_emulator,10,offload,0.5,69.6613,57.3924,57.3924,59.262,26.0592,167.274,167.274,273.3839,92.8087
695,cnn,baseline,jetson_emulator,10,offload,0.5,69.1803,56.8301,56.8301,59.3447,26.1188,167.274,167.274,273.5353,92.8109
696,cnn,baseline,jetson_emulator,10,offload,0.5,69.5208,57.7825,57.7825,59.0324,26.0179,167.274,167.274,273.6868,92.7518
697,cnn,baseline,jetson_emulator,10,local,0.5,68.7102,57.8162,68.7102,70.9493,24.9134,167.274,167.274,274.6548,92.7701
698,cnn,baseline,jetson_emulator,10,local,0.5,68.6694,57.2725,68.6694,69.86,24.9173,167.274,167.274,274.8067,92.6718
699,cnn,baseline,jetson_emulator,10,offload,0.5,68.8186,56.6864,56.6864,58.1331,26.1341,167.274,167.274,274.1411,92.8513
700,cnn,baseline,jetson_emulator,10,local,0.5,68.6024,56.8541,68.6024,70.6503,24.9238,167.274,167.274,275.1105,92.8318
701,cnn,baseline,jetson_emulator,10,offload,0.5,69.4802,56.8883,56.8883,59.2064,26.1127,167.274,167.274,274.444,92.812
702,cnn,baseline,jetson_emulator,10,local,0.5,69.6332,57.1444,69.6332,71.4138,24.8244,167.274,167.274,275.4143,92.9359
703,cnn,baseline,jetson_emulator,10,local,0.5,68.4406,57.0163,68.4406,69.7455,24.9395,167.274,167.274,275.5662,92.7424
704,cnn,baseline,jetson_emulator,10,local,0.5,68.4441,57.6277,68.4441,69.8457,24.9391,167.274,167.274,275.7181,92.7867
705,cnn,baseline,jetson_emulator,10,offload,0.5,69.3957,57.0413,57.0413,58.8325,26.0964,167.274,167.274,275.0498,92.8249
706,cnn,baseline,jetson_emulator,10,local,0.5,68.2638,56.5569,68.2638,71.1091,24.9566,167.274,167.274,276.0219,92.8326
707,cnn,baseline,jetson_emulator,10,local,0.5,68.2027,56.8806,68.2027,69.5958,24.9626,167.274,167.274,276.1738,92.832
708,cnn,baseline,jetson_emulator,10,local,0.5,68.0229,56.9148,68.0229,69.5374,24.9801,167.274,167.274,276.3257,92.7818
709,cnn,baseline,jetson_emulator,10,offload,0.5,68.7943,56.2987,56.2987,58.6672,26.1755,167.274,167.274,275.6556,92.775
710,cnn,baseline,jetson_emulator,10,offload,0.5,67.9315,56.5382,56.5382,58.3546,26.1499,167.274,167.274,275.8071,92.784
711,cnn,baseline,jetson_emulator,10,offload,0.5,68.782,57.3608,57.3608,59.1408,26.0625,167.274,167.274,275.9585,92.7819
712,cnn,baseline,jetson_emulator,10,local,0.5,69.3805,56.3979,69.3805,71.2413,24.8487,167.274,167.274,276.9333,92.7847
713,cnn,baseline,jetson_emulator,10,offload,0.5,68.1598,56.4913,56.4913,58.811,26.1549,167.274,167.274,276.2614,92.9116
714,cnn,baseline,jetson_emulator,10,local,0.5,67.9613,57.55,67.9613,69.7147,24.9861,167.274,167.274,277.2372,92.8165
715,cnn,baseline,jetson_emulator,10,offload,0.5,68.4053,56.5042,56.5042,57.6403,26.1536,167.274,167.274,276.5643,92.7728
716,cnn,baseline,jetson_emulator,10,local,0.5,67.8611,56.1472,67.8611,69.5101,24.9958,167.274,167.274,277.541,92.7881
717,cnn,baseline,jetson_emulator,10,local,0.5,67.7904,57.4073,67.7904,70.694,25.0027,167.274,167.274,277.6929,92.7556
718,cnn,baseline,jetson_emulator,10,offload,0.5,67.6497,55.8691,55.8691,56.8009,26.2215,167.274,167.274,277.0187,92.7451
719,cnn,baseline,jetson_emulator,10,offload,0.5,67.7198,55.7628,55.7628,56.8264,26.2329,167.274,167.274,277.1701,92.8106
720,cnn,baseline,jetson_emulator,10,local,0.5,67.4605,55.7121,67.4605,69.6706,25.0349,167.274,167.274,278.1486,92.8424
721,cnn,baseline,jetson_emulator,10,offload,0.5,67.8621,55.7554,55.7554,57.5978,26.2337,167.274,167.274,277.473,92.8725
722,cnn,baseline,jetson_emulator,10,offload,0.5,67.3506,55.8528,55.8528,58.695,26.2232,167.274,167.274,277.6245,92.763
723,cnn,baseline,jetson_emulator,10,offload,0.5,67.858,55.7186,55.7186,57.9527,26.2376,167.274,167.274,277.7759,92.6679
724,cnn,baseline,jetson_emulator,10,offload,0.5,67.6689,55.7369,55.7369,57.3788,26.2357,167.274,167.274,277.9274,92.748
725,cnn,baseline,jetson_emulator,10,offload,0.5,67.2733,55.5881,55.5881,57.1037,26.2516,167.274,167.274,278.0788,92.8742
726,cnn,baseline,jetson_emulator,10,local,0.5,67.2813,55.8657,67.2813,68.7535,25.0524,167.274,167.274,279.06,92.8234
727,cnn,baseline,jetson_emulator,10,local,0.5,67.0354,55.8413,67.0354,68.3872,25.0765,167.274,167.274,279.2119,92.8423
728,cnn,baseline,jetson_emulator,10,local,0.5,66.9525,56.8063,66.9525,68.2262,25.0847,167.274,167.274,279.3638,92.8477
729,cnn,baseline,jetson_emulator,10,local,0.5,67.272,55.7083,67.272,69.119,25.0533,167.274,167.274,279.5157,92.8997
730,cnn,baseline,jetson_emulator,10,offload,0.5,67.4243,55.4644,55.4644,57.8453,26.2649,167.274,167.274,278.8361,92.8148
731,cnn,baseline,jetson_emulator,10,offload,0.5,68.0394,56.0828,56.0828,58.3101,26.1986,167.274,167.274,278.9875,92.7898
732,cnn,baseline,jetson_emulator,10,offload,0.5,66.953,55.5341,55.5341,57.5857,26.2574,167.274,167.274,279.139,92.8526
733,cnn,baseline,jetson_emulator,10,offload,0.5,66.8451,56.3362,56.3362,58.2731,26.1715,167.274,167.274,279.2904,92.7058
734,cnn,baseline,jetson_emulator,10,offload,0.5,67.1367,56.0302,56.0302,57.7516,26.2042,167.274,167.274,279.4419,92.7775
735,cnn,baseline,jetson_emulator,10,local,0.5,67.311,56.4211,67.311,68.3749,25.0495,167.274,167.274,280.4271,92.8297
736,cnn,baseline,jetson_emulator,10,local,0.5,67.3244,55.0831,67.3244,69.4412,25.0482,167.274,167.274,280.579,92.7821
737,cnn,baseline,jetson_emulator,10,local,0.5,67.8198,55.9833,67.8198,69.5965,24.9998,167.274,167.274,280.7309,92.8798
738,cnn,baseline,jetson_emulator,10,local,0.5,67.3896,55.1335,67.3896,68.525,25.0418,167.274,167.274,280.8828,92.7582
739,cnn,baseline,jetson_emulator,10,local,0.5,66.6111,55.0966,66.6111,68.5217,25.1182,167.274,167.274,281.0347,92.8329
740,cnn,baseline,jetson_emulator,10,local,0.5,66.8791,55.6653,66.8791,68.1014,25.0919,167.274,167.274,281.1866,92.7954
741,cnn,baseline,jetson_emulator,10,local,0.5,67.1821,55.2853,67.1821,69.5168,25.0621,167.274,167.274,281.3385,92.8074
742,cnn,baseline,jetson_emulator,10,local,0.5,67.1306,55.278,67.1306,69.4808,25.0672,167.274,167.274,281.4904,92.8258
743,cnn,baseline,jetson_emulator,10,local,0.5,66.6006,56.9027,66.6006,68.4054,25.1192,167.274,167.274,281.6423,92.7933
744,cnn,baseline,jetson_emulator,10,local,0.5,66.8997,55.1165,66.8997,68.8356,25.0898,167.274,167.274,281.7942,92.7648
745,cnn,baseline,jetson_emulator,10,local,0.5,66.4608,54.9413,66.4608,68.0953,25.133,167.274,167.274,281.9461,92.7881
746,cnn,baseline,jetson_emulator,10,local,0.5,67.0873,54.9574,67.0873,68.5459,25.0714,167.274,167.274,282.098,92.8791
747,cnn,baseline,jetson_emulator,10,local,0.5,66.7244,55.9627,66.7244,69.3018,25.1071,167.274,167.274,282.2499,92.8662
748,cnn,baseline,jetson_emulator,10,local,0.5,66.6863,56.5167,66.6863,68.6118,25.1108,167.274,167.274,282.4018,92.7778
749,cnn,baseline,jetson_emulator,10,local,0.5,66.4991,54.823,66.4991,68.1833,25.1292,167.274,167.274,282.5537,92.7345
750,cnn,baseline,jetson_emulator,10,offload,0.5,66.4965,55.9263,55.9263,57.7616,26.2154,167.274,167.274,281.8651,92.7752
751,cnn,baseline,jetson_emulator,10,offload,0.5,67.2961,55.4091,55.4091,57.491,26.2709,167.274,167.274,282.0165,92.818
752,cnn,baseline,jetson_emulator,10,local,0.5,66.2426,54.9229,66.2426,67.299,25.1545,167.274,167.274,283.0094,92.7584
753,cnn,baseline,jetson_emulator,10,local,0.5,66.6549,55.1951,66.6549,69.6881,25.1139,167.274,167.274,283.1613,92.6792
754,cnn,baseline,jetson_emulator,10,local,0.5,66.7541,54.9202,66.7541,68.5754,25.1041,167.274,167.274,283.3132,92.7998
755,cnn,baseline,jetson_emulator,10,offload,0.5,67.7156,55.4095,55.4095,57.1336,26.2709,167.274,167.274,282.6223,92.85
756,cnn,baseline,jetson_emulator,10,offload,0.5,67.5944,55.955,55.955,57.9867,26.2123,167.274,167.274,282.7738,92.7358
757,cnn,baseline,jetson_emulator,10,local,0.5,67.079,55.0051,67.079,68.3026,25.0723,167.274,167.274,283.7689,92.7144
758,cnn,baseline,jetson_emulator,10,local,0.5,66.8376,56.3285,66.8376,69.1441,25.0959,167.274,167.274,283.9208,92.9449
759,cnn,baseline,jetson_emulator,10,offload,0.5,67.1978,54.7347,54.7347,56.6206,26.3437,167.274,167.274,283.2281,92.7773
760,cnn,baseline,jetson_emulator,10,offload,0.5,67.081,55.6963,55.6963,57.94,26.24,167.274,167.274,283.3796,92.9226
761,cnn,baseline,jetson_emulator,10,offload,0.5,67.1034,54.8045,54.8045,56.9479,26.3361,167.274,167.274,283.531,92.887
762,cnn,baseline,jetson_emulator,10,offload,0.5,66.4037,55.4644,55.4644,56.9068,26.2649,167.274,167.274,283.6825,92.7782
763,cnn,baseline,jetson_emulator,10,local,0.5,66.5248,55.7998,66.5248,69.0256,25.1267,167.274,167.274,284.6803,92.7548
764,cnn,baseline,jetson_emulator,10,local,0.5,66.248,56.3836,66.248,68.2268,25.154,167.274,167.274,284.8322,92.7957
765,cnn,baseline,jetson_emulator,10,local,0.5,67.0268,55.2304,67.0268,68.8338,25.0774,167.274,167.274,284.9841,92.776
766,cnn,baseline,jetson_emulator,10,local,0.5,66.4226,55.1323,66.4226,67.4168,25.1368,167.274,167.274,285.136,92.8166
767,cnn,baseline,jetson_emulator,10,offload,0.5,67.2799,55.8226,55.8226,57.7569,26.2265,167.274,167.274,284.4397,92.8466
768,cnn,baseline,jetson_emulator,10,local,0.5,66.6665,55.5854,66.6665,69.1635,25.1128,167.274,167.274,285.4398,92.8234
769,cnn,baseline,jetson_emulator,10,offload,0.5,66.5593,55.009,55.009,57.7025,26.314,167.274,167.274,284.7426,92.873
770,cnn,baseline,jetson_emulator,10,offload,0.5,67.0813,55.1091,55.1091,56.5922,26.3032,167.274,167.274,284.8941,92.8554
771,cnn,baseline,jetson_emulator,10,offload,0.5,66.7616,54.9774,54.9774,56.4573,26.3174,167.274,167.274,285.0455,92.7962
772,cnn,baseline,jetson_emulator,10,local,0.5,67.0489,55.2803,67.0489,68.9111,25.0752,167.274,167.274,286.0474,92.8805
773,cnn,baseline,jetson_emulator,10,offload,0.5,66.9034,55.7104,55.7104,57.0562,26.2385,167.274,167.274,285.3484,92.8973
774,cnn,baseline,jetson_emulator,10,offload,0.5,66.6911,55.1558,55.1558,57.3556,26.2982,167.274,167.274,285.4999,92.8355
775,cnn,baseline,jetson_emulator,10,local,0.5,67.0725,55.011,67.0725,68.5532,25.0729,167.274,167.274,286.5031,92.7427
776,cnn,baseline,jetson_emulator,10,local,0.5,66.7537,55.6345,66.7537,68.43,25.1042,167.274,167.274,286.655,92.7177
777,cnn,baseline,jetson_emulator,10,local,0.5,66.5861,55.6802,66.5861,69.0813,25.1207,167.274,167.274,286.8069,92.7796
778,cnn,baseline,jetson_emulator,10,local,0.5,66.77,56.0577,66.77,68.8028,25.1026,167.274,167.274,286.9588,92.7489
779,cnn,baseline,jetson_emulator,10,local,0.5,66.9687,55.7066,66.9687,69.2207,25.0831,167.274,167.274,287.1107,92.8848
780,cnn,baseline,jetson_emulator,10,offload,0.5,66.8054,55.376,55.376,57.5305,26.2745,167.274,167.274,286.4086,92.8556
781,cnn,baseline,jetson_emulator,10,local,0.5,66.7379,55.9419,66.7379,68.9095,25.1057,167.274,167.274,287.4146,92.81
782,cnn,baseline,jetson_emulator,10,local,0.5,67.7286,56.6366,67.7286,69.2492,25.0087,167.274,167.274,287.5665,92.8653
783,cnn,baseline,jetson_emulator,10,offload,0.5,67.5637,56.1729,56.1729,57.8391,26.1889,167.274,167.274,286.8629,92.784
784,cnn,baseline,jetson_emulator,10,offload,0.5,67.758,55.9595,55.9595,57.5788,26.2118,167.274,167.274,287.0143,92.7515
785,cnn,baseline,jetson_emulator,10,local,0.5,67.6727,55.6663,67.6727,70.1133,25.0142,167.274,167.274,288.0222,92.8091
786,cnn,baseline,jetson_emulator,10,offload,0.5,67.6409,55.7345,55.7345,57.3242,26.2359,167.274,167.274,287.3172,92.8498
787,cnn,baseline,jetson_emulator,10,local,0.5,68.8285,56.4492,68.8285,70.429,24.9019,167.274,167.274,288.326,92.7647
788,cnn,baseline,jetson_emulator,10,offload,0.5,67.6914,57.3735,57.3735,59.192,26.0612,167.274,167.274,287.6201,92.8244
789,cnn,baseline,jetson_emulator,10,offload,0.5,67.6816,56.1858,56.1858,58.6473,26.1876,167.274,167.274,287.7716,92.8223
790,cnn,baseline,jetson_emulator,10,local,0.5,67.7555,55.8443,67.7555,70.4605,25.0061,167.274,167.274,288.7817,92.7708
791,cnn,baseline,jetson_emulator,10,local,0.5,68.0454,57.6154,68.0454,70.068,24.9779,167.274,167.274,288.9336,92.8417
792,cnn,baseline,jetson_emulator,10,local,0.5,67.8483,55.863,67.8483,70.1227,24.9971,167.274,167.274,289.0855,92.7698
793,cnn,baseline,jetson_emulator,10,offload,0.5,67.9664,58.4934,58.4934,59.6595,25.9431,167.274,167.274,288.3774,92.8298
794,cnn,baseline,jetson_emulator,10,offload,0.5,68.055,56.1653,56.1653,57.5394,26.1898,167.274,167.274,288.5288,92.7239
795,cnn,baseline,jetson_emulator,10,local,0.5,68.0474,56.156,68.0474,69.6413,24.9777,167.274,167.274,289.5412,92.8597
796,cnn,baseline,jetson_emulator,10,offload,0.5,68.355,56.6565,56.6565,57.852,26.1373,167.274,167.274,288.8317,92.7296
797,cnn,baseline,jetson_emulator,10,offload,0.5,68.2484,56.7267,56.7267,57.9093,26.1299,167.274,167.274,288.9832,92.7744
798,cnn,baseline,jetson_emulator,10,offload,0.5,68.2533,56.6139,56.6139,58.3166,26.1419,167.274,167.274,289.1346,92.8694
799,cnn,baseline,jetson_emulator,10,offload,0.5,68.1916,56.337,56.337,58.2589,26.1714,167.274,167.274,289.2861,92.7436
800,cnn,baseline,jetson_emulator,10,offload,0.5,68.1953,57.2885,57.2885,59.0734,26.0702,167.274,167.274,289.4375,92.8286
801,cnn,baseline,jetson_emulator,10,local,0.5,68.451,57.1094,68.451,71.0051,24.9385,167.274,167.274,290.4526,92.7725
802,cnn,baseline,jetson_emulator,10,local,0.5,68.5965,56.7565,68.5965,69.8159,24.9244,167.274,167.274,290.6045,92.7964
803,cnn,baseline,jetson_emulator,10,local,0.5,68.6434,58.9074,68.6434,70.7997,24.9198,167.274,167.274,290.7564,92.8134
804,cnn,baseline,jetson_emulator,10,offload,0.5,68.8431,57.2424,57.2424,59.2447,26.0751,167.274,167.274,290.0433,92.7365
805,cnn,baseline,jetson_emulator,10,offload,0.5,69.6576,58.8119,58.8119,59.9638,25.9097,167.274,167.274,290.1948,92.8037
806,cnn,baseline,jetson_emulator,10,local,0.5,69.6874,58.3313,69.6874,72.0388,24.8191,167.274,167.274,291.2121,92.7484
807,cnn,baseline,jetson_emulator,10,offload,0.5,68.6989,56.9379,56.9379,58.1218,26.1074,167.274,167.274,290.4977,92.8547
808,cnn,baseline,jetson_emulator,10,local,0.5,69.1868,57.8594,69.1868,71.2378,24.8673,167.274,167.274,291.5159,92.8171
809,cnn,baseline,jetson_emulator,10,offload,0.5,70.4739,57.7422,57.7422,60.22,26.0222,167.274,167.274,290.8006,92.7739
810,cnn,baseline,jetson_emulator,10,offload,0.5,69.9154,57.0389,57.0389,59.0809,26.0967,167.274,167.274,290.952,92.7777
811,cnn,baseline,jetson_emulator,10,local,0.5,69.4167,57.6948,69.4167,71.4889,24.8452,167.274,167.274,291.9716,92.7776
812,cnn,baseline,jetson_emulator,10,local,0.5,69.7727,57.2425,69.7727,71.0585,24.8109,167.274,167.274,292.1235,92.8415
813,cnn,baseline,jetson_emulator,10,local,0.5,69.2997,57.5027,69.2997,71.1899,24.8564,167.274,167.274,292.2754,92.7475
814,cnn,baseline,jetson_emulator,10,offload,0.5,69.8046,59.1704,59.1704,59.6576,25.8722,167.274,167.274,291.5578,92.7755
815,cnn,baseline,jetson_emulator,10,local,0.5,69.9605,58.3883,69.9605,71.4279,24.7929,167.274,167.274,292.5792,92.7971
816,cnn,baseline,jetson_emulator,10,local,0.5,70.3351,57.9615,70.3351,72.2239,24.7571,167.274,167.274,292.7311,92.7709
817,cnn,baseline,jetson_emulator,10,offload,0.5,69.7532,57.8778,57.8778,59.9017,26.0079,167.274,167.274,292.0122,92.7361
818,cnn,baseline,jetson_emulator,10,offload,0.5,70.2493,58.0316,58.0316,59.4996,25.9917,167.274,167.274,292.1636,92.7765
819,cnn,baseline,jetson_emulator,10,offload,0.5,71.2125,58.2615,58.2615,60.5114,25.9675,167.274,167.274,292.3151,92.8314
820,cnn,baseline,jetson_emulator,10,local,0.5,70.2537,58.5477,70.2537,72.1385,24.7649,167.274,167.274,293.3387,92.7954
821,cnn,baseline,jetson_emulator,10,local,0.5,70.4991,58.6128,70.4991,71.7127,24.7414,167.274,167.274,293.4906,92.7859
822,cnn,baseline,jetson_emulator,10,offload,0.5,70.6213,59.8004,59.8004,61.7944,25.8066,167.274,167.274,292.7694,92.9072
823,cnn,baseline,jetson_emulator,10,local,0.5,70.6036,59.4374,70.6036,72.8903,24.7314,167.274,167.274,293.7944,92.8909
824,cnn,baseline,jetson_emulator,10,offload,0.5,71.0603,58.6979,58.6979,60.795,25.9216,167.274,167.274,293.0723,92.8891
825,cnn,baseline,jetson_emulator,10,offload,0.5,71.8875,59.3616,59.3616,61.5649,25.8523,167.274,167.274,293.2238,92.8118
826,cnn,baseline,jetson_emulator,10,offload,0.5,71.7457,59.22,59.22,61.4099,25.8671,167.274,167.274,293.3752,92.7445
827,cnn,baseline,jetson_emulator,10,local,0.5,70.9878,59.3412,70.9878,72.1299,24.6949,167.274,167.274,294.402,92.9006
828,cnn,baseline,jetson_emulator,10,local,0.5,71.3212,60.6845,71.3212,73.7069,24.6632,167.274,167.274,294.5539,92.7606
829,cnn,baseline,jetson_emulator,10,offload,0.5,72.1345,60.233,60.233,61.6588,25.7618,167.274,167.274,293.8296,92.7944
830,cnn,baseline,jetson_emulator,10,local,0.5,71.6533,59.2002,71.6533,73.1071,24.6317,167.274,167.274,294.8577,92.7583
831,cnn,baseline,jetson_emulator,10,local,0.5,71.7332,59.6362,71.7332,73.7436,24.6242,167.274,167.274,295.0096,92.8557
832,cnn,baseline,jetson_emulator,10,offload,0.5,72.5583,59.9533,59.9533,61.5542,25.7908,167.274,167.274,294.2839,92.8988
833,cnn,baseline,jetson_emulator,10,offload,0.5,71.9299,59.3629,59.3629,60.6214,25.8522,167.274,167.274,294.4354,92.7072
834,cnn,baseline,jetson_emulator,10,local,0.5,72.4716,60.2122,72.4716,74.7788,24.5545,167.274,167.274,295.4653,92.8261
835,cnn,baseline,jetson_emulator,10,offload,0.5,72.1949,59.8267,59.8267,62.292,25.8039,167.274,167.274,294.7383,92.7688
836,cnn,baseline,jetson_emulator,10,offload,0.5,72.8536,59.8749,59.8749,62.0366,25.7989,167.274,167.274,294.8897,92.7534
837,cnn,baseline,jetson_emulator,10,local,0.5,73.1074,60.2034,73.1074,74.4951,24.4949,167.274,167.274,295.921,92.8106
838,cnn,baseline,jetson_emulator,10,offload,0.5,72.9263,61.0289,61.0289,62.0726,25.6797,167.274,167.274,295.1926,92.7469
839,cnn,baseline,jetson_emulator,10,local,0.5,74.1067,60.3035,74.1067,75.5591,24.4018,167.274,167.274,296.2248,92.7957
840,cnn,baseline,jetson_emulator,10,offload,0.5,72.8802,61.0228,61.0228,62.8776,25.6803,167.274,167.274,295.4955,92.7938
841,cnn,baseline,jetson_emulator,10,offload,0.5,73.4781,61.2299,61.2299,63.1451,25.659,167.274,167.274,295.647,92.7783
842,cnn,baseline,jetson_emulator,10,offload,0.5,73.5722,60.8341,60.8341,62.3737,25.6997,167.274,167.274,295.7984,92.8086
843,cnn,baseline,jetson_emulator,10,local,0.5,73.1726,60.6419,73.1726,75.1976,24.4888,167.274,167.274,296.8324,92.7754
844,cnn,baseline,jetson_emulator,10,offload,0.5,73.9159,61.3432,61.3432,63.2274,25.6474,167.274,167.274,296.1013,92.7772
845,cnn,baseline,jetson_emulator,10,offload,0.5,73.4869,60.7245,60.7245,62.9575,25.711,167.274,167.274,296.2528,92.7056
846,cnn,baseline,jetson_emulator,10,offload,0.5,74.4242,61.3433,61.3433,64.0745,25.6474,167.274,167.274,296.4042,92.7774
847,cnn,baseline,jetson_emulator,10,local,0.5,74.2045,61.3743,74.2045,76.5632,24.3927,167.274,167.274,297.4401,92.7825
848,cnn,baseline,jetson_emulator,10,offload,0.5,74.5047,62.2466,62.2466,64.534,25.5551,167.274,167.274,296.7071,92.8052
849,cnn,baseline,jetson_emulator,10,offload,0.5,74.2603,63.628,63.628,64.9383,25.4152,167.274,167.274,296.8586,92.8004
850,cnn,baseline,jetson_emulator,10,local,0.5,74.462,61.7363,74.462,76.2071,24.3688,167.274,167.274,297.8958,92.7783
851,cnn,baseline,jetson_emulator,10,local,0.5,74.5116,62.2878,74.5116,76.456,24.3642,167.274,167.274,298.0477,92.8458
852,cnn,baseline,jetson_emulator,10,offload,0.5,75.9346,61.8582,61.8582,64.0229,25.5947,167.274,167.274,297.3129,92.8421
853,cnn,baseline,jetson_emulator,10,offload,0.5,75.4993,61.9235,61.9235,64.195,25.588,167.274,167.274,297.4644,92.7527
854,cnn,baseline,jetson_emulator,10,offload,0.5,74.9989,62.0189,62.0189,63.3255,25.5783,167.274,167.274,297.6158,92.7972
855,cnn,baseline,jetson_emulator,10,local,0.5,75.4012,62.8813,75.4012,77.2242,24.2822,167.274,167.274,298.6553,92.8792
856,cnn,baseline,jetson_emulator,10,local,0.5,75.5494,62.0891,75.5494,78.1061,24.2685,167.274,167.274,298.8072,92.8305
857,cnn,baseline,jetson_emulator,10,offload,0.5,75.6577,62.2026,62.2026,64.1154,25.5596,167.274,167.274,298.0702,92.851
858,cnn,baseline,jetson_emulator,10,offload,0.5,75.8174,63.1975,63.1975,64.6771,25.4586,167.274,167.274,298.2216,92.7548
859,cnn,baseline,jetson_emulator,10,local,0.5,76.0355,62.4253,76.0355,77.1521,24.224,167.274,167.274,299.2629,92.8634
860,cnn,baseline,jetson_emulator,10,local,0.5,76.8487,63.0233,76.8487,78.6878,24.1498,167.274,167.274,299.4148,92.8152
861,cnn,baseline,jetson_emulator,10,offload,0.5,75.8755,63.5611,63.5611,66.0413,25.4219,167.274,167.274,298.676,92.793
862,cnn,baseline,jetson_emulator,10,offload,0.5,76.2141,63.2072,63.2072,64.9051,25.4576,167.274,167.274,298.8274,92.8639
863,cnn,baseline,jetson_emulator,10,offload,0.5,76.3704,62.9904,62.9904,64.6863,25.4796,167.274,167.274,298.9789,92.8328
864,cnn,baseline,jetson_emulator,10,local,0.5,77.2816,63.7542,77.2816,78.89,24.1105,167.274,167.274,300.0224,92.7752
865,cnn,baseline,jetson_emulator,10,local,0.5,76.4843,63.706,76.4843,78.5314,24.183,167.274,167.274,300.1743,92.8889
866,cnn,baseline,jetson_emulator,10,local,0.5,77.5646,64.5585,77.5646,79.7059,24.0849,167.274,167.274,300.3262,92.8173
867,cnn,baseline,jetson_emulator,10,local,0.5,77.4543,63.9627,77.4543,78.7285,24.0948,167.274,167.274,300.4781,92.8296
868,cnn,baseline,jetson_emulator,10,local,0.5,76.8666,63.5093,76.8666,79.0845,24.1482,167.274,167.274,300.63,92.7111
869,cnn,baseline,jetson_emulator,10,local,0.5,77.0315,64.6107,77.0315,77.9969,24.1332,167.274,167.274,300.7819,92.758
870,cnn,baseline,jetson_emulator,10,local,0.5,77.3077,63.8061,77.3077,79.3491,24.1081,167.274,167.274,300.9338,92.8272
871,cnn,baseline,jetson_emulator,10,offload,0.5,77.4125,64.7523,64.7523,66.3184,25.3024,167.274,167.274,300.1905,92.8
872,cnn,baseline,jetson_emulator,10,local,0.5,77.4972,64.226,77.4972,79.1909,24.091,167.274,167.274,301.2376,92.8369
873,cnn,baseline,jetson_emulator,10,offload,0.5,78.045,65.8824,65.8824,68.0185,25.1901,167.274,167.274,300.4934,92.7814
874,cnn,baseline,jetson_emulator,10,offload,0.5,77.9198,65.067,65.067,67.2166,25.271,167.274,167.274,300.6448,92.8652
875,cnn,baseline,jetson_emulator,10,local,0.5,77.9366,65.08,77.9366,79.0709,24.0513,167.274,167.274,301.6933,92.8214
876,cnn,baseline,jetson_emulator,10,local,0.5,78.7829,65.1965,78.7829,80.3524,23.9752,167.274,167.274,301.8452,92.7537
877,cnn,baseline,jetson_emulator,10,local,0.5,78.3746,65.4703,78.3746,79.7199,24.0118,167.274,167.274,301.9971,92.6889
878,cnn,baseline,jetson_emulator,10,offload,0.5,78.9716,64.8045,64.8045,66.4197,25.2972,167.274,167.274,301.2506,92.802
879,cnn,baseline,jetson_emulator,10,local,0.5,78.8159,64.7502,78.8159,80.6895,23.9722,167.274,167.274,302.3009,92.8186
880,cnn,baseline,jetson_emulator,10,offload,0.5,78.571,65.13,65.13,67.4791,25.2648,167.274,167.274,301.5535,92.8859
881,cnn,baseline,jetson_emulator,10,offload,0.5,79.3998,65.5155,65.5155,66.7262,25.2265,167.274,167.274,301.705,92.8412
882,cnn,baseline,jetson_emulator,10,local,0.5,79.289,66.0819,79.289,81.5224,23.9299,167.274,167.274,302.7566,92.7378
883,cnn,baseline,jetson_emulator,10,local,0.5,79.7235,65.7659,79.7235,82.3712,23.8912,167.274,167.274,302.9085,92.8222
884,cnn,baseline,jetson_emulator,10,offload,0.5,79.1085,65.4735,65.4735,67.1276,25.2306,167.274,167.274,302.1593,92.8483
885,cnn,baseline,jetson_emulator,10,offload,0.5,80.2197,65.7555,65.7555,67.2626,25.2027,167.274,167.274,302.3108,92.8636
886,cnn,baseline,jetson_emulator,10,offload,0.5,80.0353,66.4901,66.4901,68.5426,25.1301,167.274,167.274,302.4622,92.8233
887,cnn,baseline,jetson_emulator,10,local,0.5,79.3964,66.9096,79.3964,81.7047,23.9203,167.274,167.274,303.5161,92.8515
888,cnn,baseline,jetson_emulator,10,offload,0.5,80.7708,66.9436,66.9436,69.6723,25.0855,167.274,167.274,302.7651,92.8066
889,cnn,baseline,jetson_emulator,10,offload,0.5,79.6831,66.4666,66.4666,68.3734,25.1324,167.274,167.274,302.9166,92.8313
890,cnn,baseline,jetson_emulator,10,local,0.5,80.3313,67.4056,80.3313,82.1451,23.8372,167.274,167.274,303.9718,92.8432
891,cnn,baseline,jetson_emulator,10,offload,0.5,79.8698,66.3585,66.3585,67.5771,25.1431,167.274,167.274,303.2195,92.8143
892,cnn,baseline,jetson_emulator,10,local,0.5,79.9598,67.0995,79.9598,81.6302,23.8701,167.274,167.274,304.2756,92.8717
893,cnn,baseline,jetson_emulator,10,local,0.5,80.4844,66.2738,80.4844,82.9376,23.8236,167.274,167.274,304.4275,92.842
894,cnn,baseline,jetson_emulator,10,offload,0.5,80.2272,66.4546,66.4546,67.3106,25.1336,167.274,167.274,303.6738,92.8439
895,cnn,baseline,jetson_emulator,10,local,0.5,80.5361,67.6631,80.5361,81.7175,23.819,167.274,167.274,304.7313,92.8
896,cnn,baseline,jetson_emulator,10,offload,0.5,80.9525,67.2816,67.2816,69.287,25.0524,167.274,167.274,303.9767,92.7759
897,cnn,baseline,jetson_emulator,10,offload,0.5,80.6868,67.6731,67.6731,69.3672,25.0142,167.274,167.274,304.1282,92.8082
898,cnn,baseline,jetson_emulator,10,offload,0.5,81.4947,67.0145,67.0145,68.697,25.0786,167.274,167.274,304.2796,92.7293
899,cnn,baseline,jetson_emulator,10,local,0.5,80.8861,66.9419,80.8861,82.9334,23.7881,167.274,167.274,305.3389,92.7986
900,cnn,baseline,jetson_emulator,10,offload,0.5,81.0795,67.7723,67.7723,69.3545,25.0045,167.274,167.274,304.5825,92.8187
901,cnn,baseline,jetson_emulator,10,offload,0.5,80.9814,67.791,67.791,69.2794,25.0027,167.274,167.274,304.734,92.8264
902,cnn,baseline,jetson_emulator,10,local,0.5,81.439,67.0873,81.439,83.792,23.7394,167.274,167.274,305.7946,92.8082
903,cnn,baseline,jetson_emulator,10,offload,0.5,81.226,67.3819,67.3819,68.4854,25.0426,167.274,167.274,305.0369,92.8188
904,cnn,baseline,jetson_emulator,10,offload,0.5,82.5431,68.3144,68.3144,70.6774,24.9517,167.274,167.274,305.1883,92.6873
905,cnn,baseline,jetson_emulator,10,offload,0.5,81.5328,67.3206,67.3206,69.2176,25.0486,167.274,167.274,305.3398,92.7406
906,cnn,baseline,jetson_emulator,10,offload,0.5,81.8737,67.3939,67.3939,68.9443,25.0414,167.274,167.274,305.4912,92.8518
907,cnn,baseline,jetson_emulator,10,local,0.5,81.5864,67.4624,81.5864,83.4888,23.7265,167.274,167.274,306.5541,92.7647
908,cnn,baseline,jetson_emulator,10,local,0.5,82.587,68.3888,82.587,84.1467,23.639,167.274,167.274,306.706,92.8363
909,cnn,baseline,jetson_emulator,10,offload,0.5,81.9232,67.6133,67.6133,69.1312,25.02,167.274,167.274,305.9456,92.8037
910,cnn,baseline,jetson_emulator,10,local,0.5,82.1332,67.8119,82.1332,84.7381,23.6786,167.274,167.274,307.0098,92.8776
911,cnn,baseline,jetson_emulator,10,local,0.5,82.4926,67.8042,82.4926,83.9899,23.6472,167.274,167.274,307.1618,92.7491
912,cnn,baseline,jetson_emulator,10,local,0.5,82.0873,68.063,82.0873,84.165,23.6826,167.274,167.274,307.3137,92.7293
913,cnn,baseline,jetson_emulator,10,local,0.5,82.9037,68.3723,82.9037,84.5743,23.6114,167.274,167.274,307.4656,92.8599
914,cnn,baseline,jetson_emulator,10,offload,0.5,82.2762,68.6204,68.6204,70.6169,24.9221,167.274,167.274,306.7028,92.8912
915,cnn,baseline,jetson_emulator,10,offload,0.5,82.5479,68.4964,68.4964,69.9787,24.9341,167.274,167.274,306.8543,92.842
916,cnn,baseline,jetson_emulator,10,local,0.5,82.3111,68.1521,82.3111,84.0546,23.663,167.274,167.274,307.9213,92.796
917,cnn,baseline,jetson_emulator,10,local,0.5,82.3642,69.3568,82.3642,84.5307,23.6584,167.274,167.274,308.0732,92.7497
918,cnn,baseline,jetson_emulator,10,local,0.5,82.6504,68.7221,82.6504,84.2472,23.6334,167.274,167.274,308.2251,92.7363
919,cnn,baseline,jetson_emulator,10,offload,0.5,82.9606,68.6717,68.6717,71.3163,24.9171,167.274,167.274,307.4601,92.7507
920,cnn,baseline,jetson_emulator,10,local,0.5,82.9268,69.1961,82.9268,84.3854,23.6094,167.274,167.274,308.5289,92.7201
921,cnn,baseline,jetson_emulator,10,local,0.5,83.6117,69.1418,83.6117,86.0279,23.55,167.274,167.274,308.6808,92.8151
922,cnn,baseline,jetson_emulator,10,local,0.5,82.9654,69.0433,82.9654,84.9347,23.606,167.274,167.274,308.8327,92.8501
923,cnn,baseline,jetson_emulator,10,local,0.5,83.2492,69.0179,83.2492,85.0761,23.5814,167.274,167.274,308.9846,92.8068
924,cnn,baseline,jetson_emulator,10,offload,0.5,82.8422,69.2661,69.2661,71.3781,24.8597,167.274,167.274,308.2173,92.8832
925,cnn,baseline,jetson_emulator,10,offload,0.5,82.8824,69.6611,69.6611,71.6365,24.8217,167.274,167.274,308.3688,92.8354
926,cnn,baseline,jetson_emulator,10,offload,0.5,83.4029,68.8671,68.8671,70.3166,24.8982,167.274,167.274,308.5202,92.8647
927,cnn,baseline,jetson_emulator,10,offload,0.5,84.2366,69.6156,69.6156,71.7233,24.826,167.274,167.274,308.6717,92.7512
928,cnn,baseline,jetson_emulator,10,offload,0.5,82.9961,68.7168,68.7168,70.7106,24.9127,167.274,167.274,308.8231,92.815
929,cnn,baseline,jetson_emulator,10,offload,0.5,83.0458,69.0197,69.0197,70.7542,24.8834,167.274,167.274,308.9746,92.7961
930,cnn,baseline,jetson_emulator,10,local,0.5,83.5044,68.9291,83.5044,84.8109,23.5593,167.274,167.274,310.0479,92.7542
931,cnn,baseline,jetson_emulator,10,local,0.5,83.2833,70.2113,83.2833,85.6019,23.5784,167.274,167.274,310.1998,92.7818
932,cnn,baseline,jetson_emulator,10,local,0.5,83.3838,69.5808,83.3838,85.7774,23.5697,167.274,167.274,310.3517,92.7699
933,cnn,baseline,jetson_emulator,10,offload,0.5,83.7866,69.353,69.353,70.6547,24.8513,167.274,167.274,309.5804,92.8536
934,cnn,baseline,jetson_emulator,10,local,0.5,84.2497,69.3904,84.2497,85.6195,23.495,167.274,167.274,310.6555,92.7819
935,cnn,baseline,jetson_emulator,10,local,0.5,83.5959,68.9928,83.5959,84.9139,23.5514,167.274,167.274,310.8074,92.8
936,cnn,baseline,jetson_emulator,10,offload,0.5,83.3209,69.582,69.582,71.2659,24.8293,167.274,167.274,310.0347,92.8057
937,cnn,baseline,jetson_emulator,10,local,0.5,83.3579,69.2582,83.3579,85.5429,23.572,167.274,167.274,311.1112,92.7758
938,cnn,baseline,jetson_emulator,10,offload,0.5,83.7403,69.1641,69.1641,71.0703,24.8695,167.274,167.274,310.3376,92.8431
939,cnn,baseline,jetson_emulator,10,offload,0.5,84.3835,69.9697,69.9697,71.5953,24.7921,167.274,167.274,310.4891,92.777
940,cnn,baseline,jetson_emulator,10,offload,0.5,84.0528,69.486,69.486,71.781,24.8385,167.274,167.274,310.6405,92.7864
941,cnn,baseline,jetson_emulator,10,local,0.5,84.2114,69.2186,84.2114,85.9645,23.4983,167.274,167.274,311.7188,92.8539
942,cnn,baseline,jetson_emulator,10,local,0.5,84.4707,69.2111,84.4707,86.2709,23.476,167.274,167.274,311.8707,92.7691
943,cnn,baseline,jetson_emulator,10,offload,0.5,84.0782,69.2232,69.2232,71.0694,24.8638,167.274,167.274,311.0949,92.8337
944,cnn,baseline,jetson_emulator,10,offload,0.5,84.2706,70.3942,70.3942,72.5229,24.7514,167.274,167.274,311.2463,92.7655
945,cnn,baseline,jetson_emulator,10,offload,0.5,83.923,69.4704,69.4704,72.1933,24.84,167.274,167.274,311.3978,92.7913
946,cnn,baseline,jetson_emulator,10,offload,0.5,84.3686,69.1331,69.1331,71.7003,24.8725,167.274,167.274,311.5492,92.7791
947,cnn,baseline,jetson_emulator,10,offload,0.5,83.5708,69.7539,69.7539,71.9382,24.8128,167.274,167.274,311.7007,92.8268
948,cnn,baseline,jetson_emulator,10,offload,0.5,84.4173,69.0888,69.0888,71.2291,24.8768,167.274,167.274,311.8521,92.795
949,cnn,baseline,jetson_emulator,10,local,0.5,84.0298,69.3852,84.0298,85.5767,23.5139,167.274,167.274,312.934,92.7658
950,cnn,baseline,jetson_emulator,10,local,0.5,83.5735,69.5358,83.5735,84.4243,23.5533,167.274,167.274,313.0859,92.85
951,cnn,baseline,jetson_emulator,10,offload,0.5,83.7338,69.4,69.4,71.8104,24.8468,167.274,167.274,312.3065,92.9079
952,cnn,baseline,jetson_emulator,10,local,0.5,83.8673,69.4992,83.8673,84.7086,23.5279,167.274,167.274,313.3897,92.7035
953,cnn,baseline,jetson_emulator,10,offload,0.5,83.7591,69.5896,69.5896,71.6236,24.8285,167.274,167.274,312.6094,92.8272
954,cnn,baseline,jetson_emulator,10,local,0.5,83.7549,70.3184,83.7549,84.6918,23.5376,167.274,167.274,313.6935,92.8247
955,cnn,baseline,jetson_emulator,10,local,0.5,84.1298,70.3697,84.1298,85.5829,23.5053,167.274,167.274,313.8454,92.8623
956,cnn,baseline,jetson_emulator,10,local,0.5,83.7747,70.4685,83.7747,84.498,23.5359,167.274,167.274,313.9973,92.8247
957,cnn,baseline,jetson_emulator,10,local,0.5,83.8359,69.1619,83.8359,86.0913,23.5306,167.274,167.274,314.1492,92.808
958,cnn,baseline,jetson_emulator,10,offload,0.5,84.2655,70.2024,70.2024,72.2087,24.7698,167.274,167.274,313.3666,92.7546
959,cnn,baseline,jetson_emulator,10,offload,0.5,84.0693,69.8872,69.8872,71.3752,24.8,167.274,167.274,313.5181,92.8193
960,cnn,baseline,jetson_emulator,10,local,0.5,84.6412,69.7281,84.6412,86.4925,23.4613,167.274,167.274,314.6049,92.8491
961,cnn,baseline,jetson_emulator,10,offload,0.5,83.9483,70.8745,70.8745,73.0762,24.7056,167.274,167.274,313.821,92.7474
962,cnn,baseline,jetson_emulator,10,local,0.5,83.5846,69.0785,83.5846,85.5407,23.5524,167.274,167.274,314.9087,92.8564
963,cnn,baseline,jetson_emulator,10,local,0.5,84.1926,69.1686,84.1926,85.63,23.4999,167.274,167.274,315.0606,92.8944
964,cnn,baseline,jetson_emulator,10,local,0.5,83.5335,69.8672,83.5335,85.1546,23.5568,167.274,167.274,315.2125,92.7174
965,cnn,baseline,jetson_emulator,10,offload,0.5,83.568,69.6373,69.6373,70.4356,24.824,167.274,167.274,314.4268,92.8052
966,cnn,baseline,jetson_emulator,10,offload,0.5,83.8861,69.2197,69.2197,71.5336,24.8642,167.274,167.274,314.5782,92.7898
967,cnn,baseline,jetson_emulator,10,local,0.5,83.9129,71.1653,83.9129,86.1237,23.524,167.274,167.274,315.6682,92.788
968,cnn,baseline,jetson_emulator,10,local,0.5,83.4713,69.1616,83.4713,86.1028,23.5622,167.274,167.274,315.8201,92.8869
969,cnn,baseline,jetson_emulator,10,local,0.5,83.5123,70.3501,83.5123,84.4369,23.5586,167.274,167.274,315.972,92.7928
970,cnn,baseline,jetson_emulator,10,offload,0.5,83.87,69.591,69.591,71.552,24.8284,167.274,167.274,315.184,92.7833
971,cnn,baseline,jetson_emulator,10,offload,0.5,83.9345,68.9786,68.9786,70.5479,24.8874,167.274,167.274,315.3355,92.8135
972,cnn,baseline,jetson_emulator,10,local,0.5,83.7105,70.3707,83.7105,85.769,23.5415,167.274,167.274,316.4277,92.8203
973,cnn,baseline,jetson_emulator,10,offload,0.5,83.7343,69.0115,69.0115,71.1048,24.8842,167.274,167.274,315.6384,92.8215
974,cnn,baseline,jetson_emulator,10,offload,0.5,83.3239,69.4754,69.4754,71.5479,24.8395,167.274,167.274,315.7898,92.8295
975,cnn,baseline,jetson_emulator,10,offload,0.5,84.2405,69.2499,69.2499,70.2425,24.8612,167.274,167.274,315.9413,92.8417
976,cnn,baseline,jetson_emulator,10,local,0.5,83.4001,69.1406,83.4001,85.3785,23.5683,167.274,167.274,317.0353,92.8907
977,cnn,baseline,jetson_emulator,10,local,0.5,83.9199,70.2464,83.9199,85.8109,23.5234,167.274,167.274,317.1873,92.8749
978,cnn,baseline,jetson_emulator,10,local,0.5,83.1983,69.73,83.1983,84.7173,23.5858,167.274,167.274,317.3392,92.9295
979,cnn,baseline,jetson_emulator,10,offload,0.5,83.3441,69.3549,69.3549,70.7992,24.8511,167.274,167.274,316.5471,92.7501
980,cnn,baseline,jetson_emulator,10,offload,0.5,83.2925,69.3786,69.3786,70.9485,24.8488,167.274,167.274,316.6985,92.8346
981,cnn,baseline,jetson_emulator,10,local,0.5,83.2453,68.9482,83.2453,84.1304,23.5817,167.274,167.274,317.7949,92.79
982,cnn,baseline,jetson_emulator,10,local,0.5,83.2032,69.4793,83.2032,84.2154,23.5854,167.274,167.274,317.9468,92.7332
983,cnn,baseline,jetson_emulator,10,local,0.5,83.507,69.4222,83.507,84.5003,23.5591,167.274,167.274,318.0987,92.7742
984,cnn,baseline,jetson_emulator,10,offload,0.5,83.828,69.2251,69.2251,70.4502,24.8636,167.274,167.274,317.3043,92.8529
985,cnn,baseline,jetson_emulator,10,offload,0.5,83.6703,69.3048,69.3048,71.2684,24.856,167.274,167.274,317.4558,92.734
986,cnn,baseline,jetson_emulator,10,offload,0.5,83.5081,68.8845,68.8845,71.0597,24.8965,167.274,167.274,317.6072,92.8622
987,cnn,baseline,jetson_emulator,10,offload,0.5,83.4506,69.3736,69.3736,71.0732,24.8493,167.274,167.274,317.7587,92.8532
988,cnn,baseline,jetson_emulator,10,local,0.5,83.489,68.9222,83.489,84.846,23.5606,167.274,167.274,318.8582,92.8374
989,cnn,baseline,jetson_emulator,10,local,0.5,83.8398,68.972,83.8398,86.041,23.5303,167.274,167.274,319.0101,92.8092
990,cnn,baseline,jetson_emulator,10,offload,0.5,82.8346,68.5949,68.5949,70.739,24.9245,167.274,167.274,318.213,92.7793
991,cnn,baseline,jetson_emulator,10,offload,0.5,83.1469,68.7146,68.7146,70.2979,24.9129,167.274,167.274,318.3645,92.8144
992,cnn,baseline,jetson_emulator,10,local,0.5,82.9173,68.5065,82.9173,84.2478,23.6102,167.274,167.274,319.4658,92.7795
993,cnn,baseline,jetson_emulator,10,offload,0.5,83.0474,68.4822,68.4822,70.2072,24.9355,167.274,167.274,318.6674,92.8062
994,cnn,baseline,jetson_emulator,10,local,0.5,83.451,68.3777,83.451,84.9876,23.5639,167.274,167.274,319.7696,92.6861
995,cnn,baseline,jetson_emulator,10,offload,0.5,82.546,68.994,68.994,69.9544,24.8859,167.274,167.274,318.9703,92.8141
996,cnn,baseline,jetson_emulator,10,local,0.5,82.6198,69.3019,82.6198,84.049,23.6361,167.274,167.274,320.0734,92.856
997,cnn,baseline,jetson_emulator,10,local,0.5,83.1735,68.9874,83.1735,84.6947,23.588,167.274,167.274,320.2253,92.7851
998,cnn,baseline,jetson_emulator,10,local,0.5,83.4451,69.1882,83.4451,85.5203,23.5644,167.274,167.274,320.3772,92.7822
999,cnn,baseline,jetson_emulator,10,offload,0.5,82.4926,68.5166,68.5166,70.5318,24.9321,167.274,167.274,319.5761,92.8154
1000,cnn,baseline,jetson_emulator,10,local,0.5,82.3148,68.5333,82.3148,84.4796,23.6627,167.274,167.274,320.681,92.8283
1001,cnn,baseline,jetson_emulator,10,local,0.5,82.6972,68.3853,82.6972,84.8718,23.6294,167.274,167.274,320.8329,92.894
1002,cnn,baseline,jetson_emulator,10,offload,0.5,82.5821,68.4133,68.4133,70.1993,24.9421,167.274,167.274,320.0304,92.7775
1003,cnn,baseline,jetson_emulator,10,local,0.5,82.3551,69.0993,82.3551,83.7516,23.6592,167.274,167.274,321.1367,92.8161
1004,cnn,baseline,jetson_emulator,10,local,0.5,82.7156,68.4768,82.7156,84.2386,23.6278,167.274,167.274,321.2886,92.7843
1005,cnn,baseline,jetson_emulator,10,offload,0.5,82.4412,67.9358,67.9358,69.1014,24.9885,167.274,167.274,320.4848,92.8042
1006,cnn,baseline,jetson_emulator,10,offload,0.5,82.1464,68.7855,68.7855,70.5316,24.9061,167.274,167.274,320.6362,92.8043
1007,cnn,baseline,jetson_emulator,10,offload,0.5,82.1019,68.2524,68.2524,69.6212,24.9578,167.274,167.274,320.7877,92.8093
1008,cnn,baseline,jetson_emulator,10,local,0.5,82.4691,68.3454,82.4691,83.6942,23.6492,167.274,167.274,321.8962,92.905
1009,cnn,baseline,jetson_emulator,10,offload,0.5,82.6999,67.7411,67.7411,69.8451,25.0075,167.274,167.274,321.0906,92.8062
1010,cnn,baseline,jetson_emulator,10,local,0.5,82.1913,67.9999,82.1913,83.5001,23.6735,167.274,167.274,322.2,92.802
1011,cnn,baseline,jetson_emulator,10,offload,0.5,82.1039,69.3629,69.3629,71.3228,24.8503,167.274,167.274,321.3935,92.7891
1012,cnn,baseline,jetson_emulator,10,local,0.5,82.2525,68.1337,82.2525,83.7656,23.6682,167.274,167.274,322.5038,92.8383
1013,cnn,baseline,jetson_emulator,10,offload,0.5,82.1261,69.0185,69.0185,71.0071,24.8836,167.274,167.274,321.6964,92.8523
1014,cnn,baseline,jetson_emulator,10,local,0.5,82.1738,68.6342,82.1738,83.0597,23.675,167.274,167.274,322.8076,92.7335
1015,cnn,baseline,jetson_emulator,10,offload,0.5,81.7892,68.2932,68.2932,70.146,24.9538,167.274,167.274,321.9993,92.789
1016,cnn,baseline,jetson_emulator,10,offload,0.5,81.8129,67.7289,67.7289,69.1672,25.0087,167.274,167.274,322.1507,92.8604
1017,cnn,baseline,jetson_emulator,10,local,0.5,81.946,67.7405,81.946,84.1932,23.695,167.274,167.274,323.2633,92.9328
1018,cnn,baseline,jetson_emulator,10,offload,0.5,82.2602,67.9967,67.9967,70.0515,24.9826,167.274,167.274,322.4536,92.844
1019,cnn,baseline,jetson_emulator,10,offload,0.5,81.7888,67.5514,67.5514,69.3828,25.026,167.274,167.274,322.6051,92.7907
1020,cnn,baseline,jetson_emulator,10,offload,0.5,81.9548,68.9897,68.9897,71.5568,24.8863,167.274,167.274,322.7565,92.7778
1021,cnn,baseline,jetson_emulator,10,offload,0.5,82.1105,67.855,67.855,70.0546,24.9964,167.274,167.274,322.908,92.7994
1022,cnn,baseline,jetson_emulator,10,offload,0.5,81.678,67.7282,67.7282,69.7152,25.0088,167.274,167.274,323.0594,92.8261
1023,cnn,baseline,jetson_emulator,10,offload,0.5,82.3196,67.5294,67.5294,68.9942,25.0282,167.274,167.274,323.2109,92.7953
1024,cnn,baseline,jetson_emulator,10,offload,0.5,81.5805,68.4839,68.4839,70.67,24.9353,167.274,167.274,323.3623,92.7762
1025,cnn,baseline,jetson_emulator,10,local,0.5,81.7185,68.5592,81.7185,83.2222,23.7149,167.274,167.274,324.4785,92.8743
1026,cnn,baseline,jetson_emulator,10,offload,0.5,81.6297,67.4425,67.4425,70.291,25.0367,167.274,167.274,323.6652,92.8228
1027,cnn,baseline,jetson_emulator,10,local,0.5,81.3992,67.3524,81.3992,83.5107,23.7429,167.274,167.274,324.7823,92.8152
1028,cnn,baseline,jetson_emulator,10,offload,0.5,81.6741,67.204,67.204,69.2344,25.06,167.274,167.274,323.9681,92.8161
1029,cnn,baseline,jetson_emulator,10,local,0.5,81.6263,67.6743,81.6263,82.833,23.723,167.274,167.274,325.0861,92.8464
1030,cnn,baseline,jetson_emulator,10,offload,0.5,82.2024,67.3792,67.3792,70.0337,25.0429,167.274,167.274,324.271,92.7623
1031,cnn,baseline,jetson_emulator,10,offload,0.5,81.4011,67.8421,67.8421,69.1044,24.9977,167.274,167.274,324.4225,92.775
1032,cnn,baseline,jetson_emulator,10,local,0.5,81.4624,67.9385,81.4624,84.2509,23.7374,167.274,167.274,325.5418,92.825
1033,cnn,baseline,jetson_emulator,10,offload,0.5,81.6245,67.3237,67.3237,69.122,25.0483,167.274,167.274,324.7254,92.773
1034,cnn,baseline,jetson_emulator,10,local,0.5,81.206,67.4967,81.206,83.0816,23.7599,167.274,167.274,325.8456,92.7113
1035,cnn,baseline,jetson_emulator,10,offload,0.5,81.3807,67.1237,67.1237,69.1346,25.0679,167.274,167.274,325.0283,92.766
1036,cnn,baseline,jetson_emulator,10,offload,0.5,82.1802,67.0784,67.0784,68.6867,25.0723,167.274,167.274,325.1797,92.879
1037,cnn,baseline,jetson_emulator,10,local,0.5,82.2596,68.0774,82.2596,83.2301,23.6675,167.274,167.274,326.3013,92.8515
1038,cnn,baseline,jetson_emulator,10,local,0.5,82.0689,68.1635,82.0689,83.6822,23.6842,167.274,167.274,326.4532,92.8797
1039,cnn,baseline,jetson_emulator,10,offload,0.5,81.1834,67.8539,67.8539,69.6009,24.9965,167.274,167.274,325.6341,92.8516
1040,cnn,baseline,jetson_emulator,10,local,0.5,81.181,67.7472,81.181,82.6287,23.7621,167.274,167.274,326.757,92.8195
1041,cnn,baseline,jetson_emulator,10,offload,0.5,81.7395,68.5265,68.5265,69.4246,24.9312,167.274,167.274,325.937,92.8396
1042,cnn,baseline,jetson_emulator,10,local,0.5,81.5727,68.0552,81.5727,83.5496,23.7277,167.274,167.274,327.0608,92.8135
1043,cnn,baseline,jetson_emulator,10,local,0.5,82.0516,67.0811,82.0516,84.6938,23.6857,167.274,167.274,327.2128,92.8151
1044,cnn,baseline,jetson_emulator,10,offload,0.5,81.1646,67.0023,67.0023,68.9377,25.0798,167.274,167.274,326.3913,92.806
1045,cnn,baseline,jetson_emulator,10,offload,0.5,81.5897,67.728,67.728,68.6375,25.0088,167.274,167.274,326.5428,92.7754
1046,cnn,baseline,jetson_emulator,10,local,0.5,81.1918,67.2239,81.1918,82.6069,23.7612,167.274,167.274,327.6685,92.8973
1047,cnn,baseline,jetson_emulator,10,local,0.5,81.1448,67.3258,81.1448,83.1078,23.7653,167.274,167.274,327.8204,92.8544
1048,cnn,baseline,jetson_emulator,10,offload,0.5,81.4086,67.0871,67.0871,69.484,25.0715,167.274,167.274,326.9971,92.8735
1049,cnn,baseline,jetson_emulator,10,local,0.5,81.8653,67.7531,81.8653,84.0232,23.702,167.274,167.274,328.1242,92.8451
1050,cnn,baseline,jetson_emulator,10,local,0.5,81.0771,67.4237,81.0771,82.0079,23.7713,167.274,167.274,328.2761,92.7122
1051,cnn,baseline,jetson_emulator,10,offload,0.5,81.5301,67.8655,67.8655,69.9439,24.9954,167.274,167.274,327.4515,92.7492
1052,cnn,baseline,jetson_emulator,10,offload,0.5,81.5828,67.6156,67.6156,69.4157,25.0198,167.274,167.274,327.6029,92.8409
1053,cnn,baseline,jetson_emulator,10,offload,0.5,81.847,68.0234,68.0234,69.1375,24.98,167.274,167.274,327.7544,92.8868
1054,cnn,baseline,jetson_emulator,10,local,0.5,81.5132,67.2849,81.5132,83.1397,23.7329,167.274,167.274,328.8837,92.8258
1055,cnn,baseline,jetson_emulator,10,offload,0.5,81.1038,67.1776,67.1776,69.291,25.0626,167.274,167.274,328.0573,92.7922
1056,cnn,baseline,jetson_emulator,10,local,0.5,81.3377,67.4493,81.3377,82.8087,23.7483,167.274,167.274,329.1875,92.7689
1057,cnn,baseline,jetson_emulator,10,local,0.5,81.6729,68.2171,81.6729,83.8807,23.7189,167.274,167.274,329.3394,92.8323
1058,cnn,baseline,jetson_emulator,10,local,0.5,81.7276,67.5728,81.7276,83.4261,23.7141,167.274,167.274,329.4913,92.7835
1059,cnn,baseline,jetson_emulator,10,offload,0.5,81.8222,67.5807,67.5807,69.1659,25.0232,167.274,167.274,328.6631,92.8612
1060,cnn,baseline,jetson_emulator,10,offload,0.5,81.3077,68.6661,68.6661,70.1258,24.9176,167.274,167.274,328.8145,92.8235
1061,cnn,baseline,jetson_emulator,10,offload,0.5,81.6716,67.2326,67.2326,68.5605,25.0572,167.274,167.274,328.966,92.8653
1062,cnn,baseline,jetson_emulator,10,local,0.5,81.2122,67.8597,81.2122,83.8885,23.7594,167.274,167.274,330.0989,92.8166
1063,cnn,baseline,jetson_emulator,10,offload,0.5,81.3872,68.2996,68.2996,70.4909,24.9532,167.274,167.274,329.2689,92.842
1064,cnn,baseline,jetson_emulator,10,offload,0.5,81.7652,67.3874,67.3874,68.4264,25.0421,167.274,167.274,329.4203,92.8283
1065,cnn,baseline,jetson_emulator,10,offload,0.5,81.6877,68.4462,68.4462,69.5627,24.9389,167.274,167.274,329.5718,92.7276
1066,cnn,baseline,jetson_emulator,10,offload,0.5,81.4823,67.6264,67.6264,69.9529,25.0187,167.274,167.274,329.7232,92.7168
1067,cnn,baseline,jetson_emulator,10,local,0.5,81.5256,67.3844,81.5256,83.4842,23.7318,167.274,167.274,330.8584,92.8344
1068,cnn,baseline,jetson_emulator,10,local,0.5,81.4154,67.3504,81.4154,82.4841,23.7415,167.274,167.274,331.0103,92.8734
1069,cnn,baseline,jetson_emulator,10,offload,0.5,81.9856,68.0373,68.0373,69.2461,24.9787,167.274,167.274,330.1776,92.8189
1070,cnn,baseline,jetson_emulator,10,local,0.5,81.5365,68.2052,81.5365,82.9403,23.7309,167.274,167.274,331.3141,92.8691
1071,cnn,baseline,jetson_emulator,10,local,0.5,82.1379,68.6867,82.1379,84.9238,23.6782,167.274,167.274,331.466,92.7487
1072,cnn,baseline,jetson_emulator,10,offload,0.5,82.8177,68.1183,68.1183,69.8721,24.9708,167.274,167.274,330.6319,92.896
1073,cnn,baseline,jetson_emulator,10,local,0.5,81.9003,68.536,81.9003,83.8723,23.699,167.274,167.274,331.7698,92.7657
1074,cnn,baseline,jetson_emulator,10,local,0.5,82.2122,67.7415,82.2122,83.722,23.6717,167.274,167.274,331.9217,92.8377
1075,cnn,baseline,jetson_emulator,10,offload,0.5,82.2823,68.54,68.54,69.6983,24.9298,167.274,167.274,331.0863,92.8006
1076,cnn,baseline,jetson_emulator,10,local,0.5,82.3801,68.3517,82.3801,84.0917,23.657,167.274,167.274,332.2255,92.7868
1077,cnn,baseline,jetson_emulator,10,offload,0.5,82.0723,68.4733,68.4733,69.3128,24.9363,167.274,167.274,331.3892,92.8166
1078,cnn,baseline,jetson_emulator,10,offload,0.5,82.1867,68.4863,68.4863,70.0391,24.9351,167.274,167.274,331.5406,92.7459
1079,cnn,baseline,jetson_emulator,10,offload,0.5,81.9887,68.6812,68.6812,70.9028,24.9162,167.274,167.274,331.6921,92.8086
1080,cnn,baseline,jetson_emulator,10,offload,0.5,82.5298,68.065,68.065,69.4594,24.976,167.274,167.274,331.8435,92.7591
1081,cnn,baseline,jetson_emulator,10,local,0.5,82.7912,68.7145,82.7912,84.0708,23.6212,167.274,167.274,332.985,92.8666
1082,cnn,baseline,jetson_emulator,10,offload,0.5,82.0886,68.8769,68.8769,70.8538,24.8972,167.274,167.274,332.1464,92.8777
1083,cnn,baseline,jetson_emulator,10,local,0.5,82.7235,68.8565,82.7235,84.5606,23.6271,167.274,167.274,333.2888,92.8037
1084,cnn,baseline,jetson_emulator,10,offload,0.5,82.4743,68.0277,68.0277,69.5289,24.9796,167.274,167.274,332.4493,92.786
1085,cnn,baseline,jetson_emulator,10,local,0.5,82.7272,69.0467,82.7272,84.8565,23.6268,167.274,167.274,333.5926,92.8156
1086,cnn,baseline,jetson_emulator,10,local,0.5,82.9228,69.4681,82.9228,84.7338,23.6097,167.274,167.274,333.7445,92.7431
1087,cnn,baseline,jetson_emulator,10,offload,0.5,82.3781,68.3055,68.3055,70.0474,24.9526,167.274,167.274,332.9037,92.7523
1088,cnn,baseline,jetson_emulator,10,local,0.5,83.0163,69.7429,83.0163,85.0014,23.6016,167.274,167.274,334.0483,92.8665
1089,cnn,baseline,jetson_emulator,10,offload,0.5,82.9043,68.24,68.24,70.5972,24.959,167.274,167.274,333.2066,92.9082
1090,cnn,baseline,jetson_emulator,10,local,0.5,82.6267,69.7589,82.6267,84.9667,23.6355,167.274,167.274,334.3521,92.8128
1091,cnn,baseline,jetson_emulator,10,offload,0.5,82.8564,70.782,70.782,72.4579,24.7144,167.274,167.274,333.5095,92.7877
1092,cnn,baseline,jetson_emulator,10,local,0.5,83.4486,68.9063,83.4486,84.3031,23.5641,167.274,167.274,334.6559,92.7695
1093,cnn,baseline,jetson_emulator,10,offload,0.5,83.4061,70.0427,70.0427,71.6967,24.7851,167.274,167.274,333.8124,92.8213
1094,cnn,baseline,jetson_emulator,10,offload,0.5,83.6079,68.6616,68.6616,70.5212,24.9181,167.274,167.274,333.9638,92.842
1095,cnn,baseline,jetson_emulator,10,offload,0.5,83.6241,70.1863,70.1863,72.284,24.7713,167.274,167.274,334.1153,92.8291
1096,cnn,baseline,jetson_emulator,10,offload,0.5,83.0742,68.8023,68.8023,70.368,24.9045,167.274,167.274,334.2667,92.8688
1097,cnn,baseline,jetson_emulator,10,offload,0.5,84.0448,69.8258,69.8258,72.3244,24.8059,167.274,167.274,334.4182,92.78
1098,cnn,baseline,jetson_emulator,10,offload,0.5,83.7525,69.1977,69.1977,70.9391,24.8663,167.274,167.274,334.5696,92.8461
1099,cnn,baseline,jetson_emulator,10,local,0.5,83.9536,70.0386,83.9536,85.7353,23.5205,167.274,167.274,335.7192,92.7696
1100,cnn,baseline,jetson_emulator,10,offload,0.5,84.1577,69.5519,69.5519,71.7734,24.8322,167.274,167.274,334.8725,92.8536
1101,cnn,baseline,jetson_emulator,10,local,0.5,83.4768,71.0863,83.4768,85.1787,23.5617,167.274,167.274,336.023,92.7687
1102,cnn,baseline,jetson_emulator,10,local,0.5,83.6379,69.511,83.6379,84.6513,23.5477,167.274,167.274,336.1749,92.7924
1103,cnn,baseline,jetson_emulator,10,local,0.5,84.9244,70.6025,84.9244,86.9207,23.437,167.274,167.274,336.3268,92.8327
1104,cnn,baseline,jetson_emulator,10,local,0.5,83.8599,69.4834,83.8599,85.5636,23.5286,167.274,167.274,336.4787,92.7941
1105,cnn,baseline,jetson_emulator,10,offload,0.5,83.9821,69.4957,69.4957,71.3649,24.8376,167.274,167.274,335.6298,92.8102
1106,cnn,baseline,jetson_emulator,10,local,0.5,84.3518,71.097,84.3518,86.3679,23.4862,167.274,167.274,336.7825,92.8008
1107,cnn,baseline,jetson_emulator,10,local,0.5,84.2796,70.234,84.2796,86.1688,23.4924,167.274,167.274,336.9344,92.8626
1108,cnn,baseline,jetson_emulator,10,offload,0.5,84.246,69.5383,69.5383,71.1424,24.8335,167.274,167.274,336.0841,92.719
1109,cnn,baseline,jetson_emulator,10,offload,0.5,84.6684,70.6286,70.6286,72.4508,24.7291,167.274,167.274,336.2356,92.8789
1110,cnn,baseline,jetson_emulator,10,local,0.5,85.0965,70.1298,85.0965,85.6466,23.4223,167.274,167.274,337.3902,92.8565
1111,cnn,baseline,jetson_emulator,10,offload,0.5,85.5248,69.8429,69.8429,71.0965,24.8042,167.274,167.274,336.5385,92.8785
1112,cnn,baseline,jetson_emulator,10,local,0.5,84.9124,69.9127,84.9124,87.8047,23.4381,167.274,167.274,337.694,92.8231
1113,cnn,baseline,jetson_emulator,10,offload,0.5,85.1877,70.6435,70.6435,73.4883,24.7276,167.274,167.274,336.8414,92.8403
1114,cnn,baseline,jetson_emulator,10,offload,0.5,85.4312,71.7673,71.7673,73.6545,24.6209,167.274,167.274,336.9928,92.8164
1115,cnn,baseline,jetson_emulator,10,local,0.5,85.7656,71.3424,85.7656,87.1485,23.3652,167.274,167.274,338.1497,92.8793
1116,cnn,baseline,jetson_emulator,10,local,0.5,84.8848,70.2978,84.8848,86.4677,23.4404,167.274,167.274,338.3016,92.8369
1117,cnn,baseline,jetson_emulator,10,local,0.5,85.1615,70.5633,85.1615,86.8192,23.4167,167.274,167.274,338.4535,92.7633
1118,cnn,baseline,jetson_emulator,10,local,0.5,85.7073,71.1809,85.7073,87.4711,23.3702,167.274,167.274,338.6054,92.8484
1119,cnn,baseline,jetson_emulator,10,local,0.5,85.7155,71.3636,85.7155,87.5425,23.3695,167.274,167.274,338.7573,92.8246
1120,cnn,baseline,jetson_emulator,10,local,0.5,85.6132,71.1448,85.6132,87.3839,23.3782,167.274,167.274,338.9092,92.8053
1121,cnn,baseline,jetson_emulator,10,local,0.5,85.7053,71.5014,85.7053,86.8519,23.3703,167.274,167.274,339.0611,92.7613
1122,cnn,baseline,jetson_emulator,10,offload,0.5,85.4288,70.8098,70.8098,72.4836,24.7118,167.274,167.274,338.2044,92.8438
1123,cnn,baseline,jetson_emulator,10,offload,0.5,86.0451,70.868,70.868,72.7844,24.7063,167.274,167.274,338.3559,92.7932
1124,cnn,baseline,jetson_emulator,10,offload,0.5,85.6484,71.4334,71.4334,72.9606,24.6526,167.274,167.274,338.5073,92.7483
1125,cnn,baseline,jetson_emulator,10,local,0.5,86.818,71.3971,86.818,89.3223,23.2759,167.274,167.274,339.6687,92.8188
1126,cnn,baseline,jetson_emulator,10,offload,0.5,86.3914,72.3446,72.3446,74.6898,24.5665,167.274,167.274,338.8102,92.8571
1127,cnn,baseline,jetson_emulator,10,offload,0.5,86.6347,71.2023,71.2023,72.8696,24.6745,167.274,167.274,338.9617,92.7759
1128,cnn,baseline,jetson_emulator,10,local,0.5,86.7677,71.6223,86.7677,88.7437,23.2802,167.274,167.274,340.1244,92.8475
1129,cnn,baseline,jetson_emulator,10,local,0.5,86.6465,71.9941,86.6465,88.9485,23.2904,167.274,167.274,340.2763,92.8512
1130,cnn,baseline,jetson_emulator,10,local,0.5,86.6097,71.4995,86.6097,88.5105,23.2936,167.274,167.274,340.4282,92.864
1131,cnn,baseline,jetson_emulator,10,offload,0.5,87.0119,72.4089,72.4089,74.2336,24.5604,167.274,167.274,339.5675,92.7075
1132,cnn,baseline,jetson_emulator,10,offload,0.5,86.4753,72.2084,72.2084,73.3567,24.5793,167.274,167.274,339.7189,92.8051
1133,cnn,baseline,jetson_emulator,10,offload,0.5,86.6712,71.8611,71.8611,73.2378,24.6121,167.274,167.274,339.8704,92.9018
1134,cnn,baseline,jetson_emulator,10,local,0.5,86.6958,71.8328,86.6958,87.8559,23.2863,167.274,167.274,341.0358,92.8446
1135,cnn,baseline,jetson_emulator,10,offload,0.5,86.8482,71.9241,71.9241,73.9695,24.6061,167.274,167.274,340.1733,92.6587
1136,cnn,baseline,jetson_emulator,10,offload,0.5,87.006,73.1351,73.1351,74.9649,24.4923,167.274,167.274,340.3247,92.8238
1137,cnn,baseline,jetson_emulator,10,local,0.5,87.9648,72.279,87.9648,89.855,23.1795,167.274,167.274,341.4915,92.7802
1138,cnn,baseline,jetson_emulator,10,offload,0.5,87.5587,72.3922,72.3922,73.9041,24.562,167.274,167.274,340.6276,92.7511
1139,cnn,baseline,jetson_emulator,10,offload,0.5,87.3579,72.8828,72.8828,73.7014,24.5159,167.274,167.274,340.7791,92.8036
1140,cnn,baseline,jetson_emulator,10,local,0.5,87.4738,72.4694,87.4738,89.1851,23.2207,167.274,167.274,341.9472,92.7943
1141,cnn,baseline,jetson_emulator,10,offload,0.5,88.0226,72.4196,72.4196,73.6309,24.5594,167.274,167.274,341.082,92.756
1142,cnn,baseline,jetson_emulator,10,local,0.5,87.8727,72.8671,87.8727,89.1767,23.1872,167.274,167.274,342.251,92.866
1143,cnn,baseline,jetson_emulator,10,offload,0.5,87.9684,72.3807,72.3807,74.5466,24.5631,167.274,167.274,341.3849,92.7892
1144,cnn,baseline,jetson_emulator,10,local,0.5,88.2729,73.4426,88.2729,89.8899,23.1537,167.274,167.274,342.5548,92.8025
1145,cnn,baseline,jetson_emulator,10,offload,0.5,88.4694,73.3772,73.3772,75.7312,24.4697,167.274,167.274,341.6878,92.8134
1146,cnn,baseline,jetson_emulator,10,offload,0.5,88.6389,72.7724,72.7724,73.9519,24.5263,167.274,167.274,341.8392,92.8269
1147,cnn,baseline,jetson_emulator,10,offload,0.5,87.9446,73.1447,73.1447,75.1619,24.4914,167.274,167.274,341.9907,92.7294
1148,cnn,baseline,jetson_emulator,10,offload,0.5,88.1105,73.7358,73.7358,74.9651,24.4363,167.274,167.274,342.1421,92.749
1149,cnn,baseline,jetson_emulator,10,offload,0.5,88.5136,73.2614,73.2614,74.9376,24.4805,167.274,167.274,342.2936,92.8524
1150,cnn,baseline,jetson_emulator,10,local,0.5,88.2746,72.9493,88.2746,90.2714,23.1535,167.274,167.274,343.4662,92.7765
1151,cnn,baseline,jetson_emulator,10,offload,0.5,88.5613,73.7015,73.7015,76.2835,24.4395,167.274,167.274,342.5965,92.7219
1152,cnn,baseline,jetson_emulator,10,offload,0.5,88.7,73.6439,73.6439,75.8187,24.4448,167.274,167.274,342.7479,92.8232
1153,cnn,baseline,jetson_emulator,10,local,0.5,88.933,73.7092,88.933,90.9109,23.0986,167.274,167.274,343.9219,92.8799
1154,cnn,baseline,jetson_emulator,10,offload,0.5,88.6771,74.3619,74.3619,75.937,24.3781,167.274,167.274,343.0508,92.8357
1155,cnn,baseline,jetson_emulator,10,offload,0.5,88.9263,74.1612,74.1612,75.9541,24.3967,167.274,167.274,343.2023,92.7922
1156,cnn,baseline,jetson_emulator,10,offload,0.5,89.1128,73.5658,73.5658,74.2558,24.4521,167.274,167.274,343.3537,92.8747
1157,cnn,baseline,jetson_emulator,10,offload,0.5,89.8207,73.4861,73.4861,75.0748,24.4595,167.274,167.274,343.5052,92.8143
1158,cnn,baseline,jetson_emulator,10,offload,0.5,89.4424,73.9609,73.9609,75.7706,24.4153,167.274,167.274,343.6566,92.874
1159,cnn,baseline,jetson_emulator,10,local,0.5,89.336,73.6492,89.336,90.5371,23.0651,167.274,167.274,344.8333,92.7144
1160,cnn,baseline,jetson_emulator,10,local,0.5,89.159,73.6839,89.159,90.9809,23.0798,167.274,167.274,344.9852,92.7482
1161,cnn,baseline,jetson_emulator,10,local,0.5,89.5802,74.7763,89.5802,91.684,23.0449,167.274,167.274,345.1371,92.8459
1162,cnn,baseline,jetson_emulator,10,local,0.5,89.5288,74.4534,89.5288,90.6513,23.0492,167.274,167.274,345.289,92.8297
1163,cnn,baseline,jetson_emulator,10,local,0.5,89.3965,74.3177,89.3965,91.3952,23.0601,167.274,167.274,345.4409,92.7983
1164,cnn,baseline,jetson_emulator,10,local,0.5,90.1324,75.2585,90.1324,92.7464,22.9993,167.274,167.274,345.5928,92.8448
1165,cnn,baseline,jetson_emulator,10,local,0.5,90.2495,74.0783,90.2495,92.7711,22.9896,167.274,167.274,345.7447,92.8438
1166,cnn,baseline,jetson_emulator,10,offload,0.5,90.1594,74.7255,74.7255,77.0452,24.3444,167.274,167.274,344.8682,92.8929
1167,cnn,baseline,jetson_emulator,10,local,0.5,90.7158,74.3708,90.7158,93.797,22.9512,167.274,167.274,346.0485,92.8099
1168,cnn,baseline,jetson_emulator,10,offload,0.5,90.3012,75.132,75.132,76.94,24.3069,167.274,167.274,345.1711,92.7587
1169,cnn,baseline,jetson_emulator,10,local,0.5,90.1743,74.4398,90.1743,92.1478,22.9958,167.274,167.274,346.3523,92.8633
1170,cnn,baseline,jetson_emulator,10,local,0.5,91.51,74.876,91.51,93.4655,22.8862,167.274,167.274,346.5042,92.8552
1171,cnn,baseline,jetson_emulator,10,offload,0.5,90.1509,75.3633,75.3633,77.2733,24.2856,167.274,167.274,345.6255,92.8692
1172,cnn,baseline,jetson_emulator,10,local,0.5,90.9671,74.71,90.9671,92.7894,22.9306,167.274,167.274,346.808,92.7387
1173,cnn,baseline,jetson_emulator,10,local,0.5,91.3766,75.7756,91.3766,93.0536,22.8971,167.274,167.274,346.9599,92.7333
1174,cnn,baseline,jetson_emulator,10,local,0.5,90.6309,75.2141,90.6309,92.3127,22.9582,167.274,167.274,347.1118,92.8196
1175,cnn,baseline,jetson_emulator,10,local,0.5,90.7512,75.0995,90.7512,92.5978,22.9483,167.274,167.274,347.2638,92.8813
1176,cnn,baseline,jetson_emulator,10,offload,0.5,90.7623,74.7325,74.7325,76.5153,24.3438,167.274,167.274,346.3827,92.8098
1177,cnn,baseline,jetson_emulator,10,offload,0.5,90.5717,74.9243,74.9243,77.054,24.3261,167.274,167.274,346.5342,92.8325
1178,cnn,baseline,jetson_emulator,10,offload,0.5,90.4552,74.9288,74.9288,76.4972,24.3257,167.274,167.274,346.6856,92.7523
1179,cnn,baseline,jetson_emulator,10,offload,0.5,90.5065,75.2242,75.2242,76.4021,24.2985,167.274,167.274,346.8371,92.7721
1180,cnn,baseline,jetson_emulator,10,local,0.5,91.1061,75.1717,91.1061,92.7518,22.9192,167.274,167.274,348.0233,92.855
1181,cnn,baseline,jetson_emulator,10,offload,0.5,90.9128,75.547,75.547,76.4344,24.2688,167.274,167.274,347.14,92.815
1182,cnn,baseline,jetson_emulator,10,offload,0.5,91.1628,75.5352,75.5352,77.6732,24.2699,167.274,167.274,347.2914,92.8149
1183,cnn,baseline,jetson_emulator,10,local,0.5,90.7809,75.0115,90.7809,91.578,22.9459,167.274,167.274,348.479,92.7927
1184,cnn,baseline,jetson_emulator,10,offload,0.5,91.6347,77.0575,77.0575,79.0679,24.1308,167.274,167.274,347.5943,92.7163
1185,cnn,baseline,jetson_emulator,10,local,0.5,90.8848,75.9073,90.8848,93.8392,22.9374,167.274,167.274,348.7828,92.8389
1186,cnn,baseline,jetson_emulator,10,local,0.5,91.0896,76.8984,91.0896,92.5293,22.9206,167.274,167.274,348.9347,92.8491
1187,cnn,baseline,jetson_emulator,10,local,0.5,91.8229,76.139,91.8229,94.2582,22.8607,167.274,167.274,349.0866,92.7408
1188,cnn,baseline,jetson_emulator,10,offload,0.5,91.7803,76.0105,76.0105,77.5733,24.2263,167.274,167.274,348.2001,92.82
1189,cnn,baseline,jetson_emulator,10,local,0.5,92.1379,75.8974,92.1379,94.3935,22.835,167.274,167.274,349.3904,92.8583
1190,cnn,baseline,jetson_emulator,10,local,0.5,91.0984,76.707,91.0984,93.0135,22.9199,167.274,167.274,349.5423,92.8632
1191,cnn,baseline,jetson_emulator,10,offload,0.5,91.5487,75.6475,75.6475,78.0698,24.2595,167.274,167.274,348.6545,92.792
1192,cnn,baseline,jetson_emulator,10,offload,0.5,92.4926,76.2193,76.2193,77.4939,24.2072,167.274,167.274,348.8059,92.746
1193,cnn,baseline,jetson_emulator,10,local,0.5,92.238,76.1872,92.238,94.4196,22.8269,167.274,167.274,349.998,92.73
1194,cnn,baseline,jetson_emulator,10,offload,0.5,91.803,75.5967,75.5967,77.6693,24.2642,167.274,167.274,349.1088,92.7995
1195,cnn,baseline,jetson_emulator,10,offload,0.5,91.7348,75.8085,75.8085,77.2262,24.2448,167.274,167.274,349.2603,92.7175
1196,cnn,baseline,jetson_emulator,10,local,0.5,92.1502,76.1253,92.1502,93.2572,22.834,167.274,167.274,350.4537,92.7978
1197,cnn,baseline,jetson_emulator,10,offload,0.5,91.2516,76.2508,76.2508,77.8589,24.2043,167.274,167.274,349.5631,92.7653
1198,cnn,baseline,jetson_emulator,10,offload,0.5,91.8004,76.0922,76.0922,77.6068,24.2188,167.274,167.274,349.7146,92.7832
1199,cnn,baseline,jetson_emulator,10,local,0.5,91.8026,77.3277,91.8026,93.3399,22.8623,167.274,167.274,350.9094,92.7826
1200,cnn,baseline,jetson_emulator,10,local,0.5,91.4574,75.7481,91.4574,92.5695,22.8905,167.274,167.274,351.0613,92.8579
