cycle_id,model,architecture,profile,nodes,decision,threshold,local_latency_ms,offload_latency_ms,total_latency_ms,rtt_ms,throughput_fps,local_power_mw,offload_power_mw,effective_power_mw,accuracy_step
1,snn,baseline,jetson_emulator,40,local,0.5,39.8446,32.9057,39.8446,41.7799,66.0326,112.06483125000001,112.06483125000001,116.2037,89.9282
2,snn,baseline,jetson_emulator,40,offload,0.5,39.1791,32.682,32.682,33.9201,68.2369,112.06483125000001,112.06483125000001,114.9609,89.9121
3,snn,baseline,jetson_emulator,40,local,0.5,39.2292,32.6988,39.2292,41.4341,66.2164,112.06483125000001,112.06483125000001,116.4126,90.0052
4,snn,baseline,jetson_emulator,40,local,0.5,39.6523,32.8789,39.6523,41.1458,66.0899,112.06483125000001,112.06483125000001,116.5171,89.9694
5,snn,baseline,jetson_emulator,40,local,0.5,39.2546,32.5634,39.2546,40.8032,66.2088,112.06483125000001,112.06483125000001,116.6216,90.1213
6,snn,baseline,jetson_emulator,40,offload,0.5,40.0499,32.5191,32.5191,34.3766,68.2888,112.06483125000001,112.06483125000001,115.3741,90.0536
7,snn,baseline,jetson_emulator,40,offload,0.5,39.5572,33.1284,33.1284,34.9732,68.0952,112.06483125000001,112.06483125000001,115.4773,90.0629
8,snn,baseline,jetson_emulator,40,local,0.5,39.5001,33.8003,39.5001,41.3388,66.1353,112.06483125000001,112.06483125000001,116.9351,89.9228
9,snn,baseline,jetson_emulator,40,offload,0.5,39.6908,32.9051,32.9051,34.5619,68.1661,112.06483125000001,112.06483125000001,115.6839,89.9733
10,snn,baseline,jetson_emulator,40,local,0.5,39.4918,33.0158,39.4918,41.6662,66.1378,112.06483125000001,112.06483125000001,117.1441,90.0144
11,snn,baseline,jetson_emulator,40,local,0.5,39.8665,33.5882,39.8665,41.9142,66.0261,112.06483125000001,112.06483125000001,117.2485,90.0367
12,snn,baseline,jetson_emulator,40,local,0.5,39.625,33.0463,39.625,41.3519,66.0981,112.06483125000001,112.06483125000001,117.353,90.0855
13,snn,baseline,jetson_emulator,40,offload,0.5,40.269,33.2664,33.2664,34.9502,68.0516,112.06483125000001,112.06483125000001,116.097,89.9738
14,snn,baseline,jetson_emulator,40,local,0.5,40.1607,33.4204,40.1607,41.5921,65.9386,112.06483125000001,112.06483125000001,117.562,89.8998
15,snn,baseline,jetson_emulator,40,local,0.5,40.3696,33.313,40.3696,41.5756,65.8766,112.06483125000001,112.06483125000001,117.6665,90.0756
16,snn,baseline,jetson_emulator,40,local,0.5,40.1738,33.6307,40.1738,42.0316,65.9347,112.06483125000001,112.06483125000001,117.771,89.9722
17,snn,baseline,jetson_emulator,40,local,0.5,41.0024,33.1914,41.0024,42.749,65.6896,112.06483125000001,112.06483125000001,117.8755,89.9822
18,snn,baseline,jetson_emulator,40,local,0.5,40.376,33.8646,40.376,42.3152,65.8747,112.06483125000001,112.06483125000001,117.98,89.9967
19,snn,baseline,jetson_emulator,40,local,0.5,40.473,34.3442,40.473,42.6874,65.846,112.06483125000001,112.06483125000001,118.0845,90.0421
20,snn,baseline,jetson_emulator,40,offload,0.5,40.5951,33.963,33.963,35.5705,67.8319,112.06483125000001,112.06483125000001,116.82,89.9761
21,snn,baseline,jetson_emulator,40,offload,0.5,40.5435,33.2761,33.2761,34.771,68.0485,112.06483125000001,112.06483125000001,116.9232,89.9969
22,snn,baseline,jetson_emulator,40,local,0.5,40.3108,35.0625,40.3108,42.7216,65.894,112.06483125000001,112.06483125000001,118.3979,89.9184
23,snn,baseline,jetson_emulator,40,offload,0.5,40.3962,33.4397,33.4397,35.0297,67.9968,112.06483125000001,112.06483125000001,117.1298,89.9607
24,snn,baseline,jetson_emulator,40,offload,0.5,41.3528,34.5266,34.5266,35.8308,67.6553,112.06483125000001,112.06483125000001,117.2331,90.0616
25,snn,baseline,jetson_emulator,40,offload,0.5,40.673,33.4858,33.4858,35.3022,67.9822,112.06483125000001,112.06483125000001,117.3364,89.972
26,snn,baseline,jetson_emulator,40,local,0.5,41.4327,34.2212,41.4327,43.7166,65.563,112.06483125000001,112.06483125000001,118.8159,89.9706
27,snn,baseline,jetson_emulator,40,offload,0.5,40.7353,34.2787,34.2787,36.1095,67.7329,112.06483125000001,112.06483125000001,117.5429,90.0138
28,snn,baseline,jetson_emulator,40,offload,0.5,40.9057,35.0489,35.0489,36.2367,67.4924,112.06483125000001,112.06483125000001,117.6462,90.0017
29,snn,baseline,jetson_emulator,40,offload,0.5,40.886,35.3251,35.3251,37.2973,67.4066,112.06483125000001,112.06483125000001,117.7495,90.019
30,snn,baseline,jetson_emulator,40,offload,0.5,41.2316,34.665,34.665,36.1397,67.612,112.06483125000001,112.06483125000001,117.8528,89.9388
31,snn,baseline,jetson_emulator,40,offload,0.5,40.9968,33.8127,33.8127,34.8415,67.8792,112.06483125000001,112.06483125000001,117.956,89.9757
32,snn,baseline,jetson_emulator,40,local,0.5,41.2368,34.2243,41.2368,43.7758,65.6206,112.06483125000001,112.06483125000001,119.4428,90.0277
33,snn,baseline,jetson_emulator,40,local,0.5,42.1571,34.3039,42.1571,43.77,65.351,112.06483125000001,112.06483125000001,119.5473,90.0317
34,snn,baseline,jetson_emulator,40,offload,0.5,41.2405,35.1305,35.1305,36.1393,67.467,112.06483125000001,112.06483125000001,118.2659,90.0357
35,snn,baseline,jetson_emulator,40,offload,0.5,41.2897,34.6397,34.6397,36.3757,67.6199,112.06483125000001,112.06483125000001,118.3692,89.9712
36,snn,baseline,jetson_emulator,40,local,0.5,41.395,35.9291,41.395,42.7239,65.574,112.06483125000001,112.06483125000001,119.8608,90.0469
37,snn,baseline,jetson_emulator,40,local,0.5,42.3721,34.1713,42.3721,44.0228,65.2883,112.06483125000001,112.06483125000001,119.9653,89.936
38,snn,baseline,jetson_emulator,40,offload,0.5,41.8301,34.9199,34.9199,37.4089,67.5326,112.06483125000001,112.06483125000001,118.679,89.9976
39,snn,baseline,jetson_emulator,40,local,0.5,41.481,34.969,41.481,43.4851,65.5488,112.06483125000001,112.06483125000001,120.1742,89.9665
40,snn,baseline,jetson_emulator,40,local,0.5,42.3753,35.3713,42.3753,43.1719,65.2874,112.06483125000001,112.06483125000001,120.2787,90.0164
41,snn,baseline,jetson_emulator,40,offload,0.5,41.4819,35.1748,35.1748,36.8929,67.4532,112.06483125000001,112.06483125000001,118.9888,89.9721
42,snn,baseline,jetson_emulator,40,local,0.5,42.5477,35.0311,42.5477,44.2646,65.2373,112.06483125000001,112.06483125000001,120.4877,90.1145
43,snn,baseline,jetson_emulator,40,offload,0.5,41.872,34.8463,34.8463,36.2371,67.5555,112.06483125000001,112.06483125000001,119.1954,89.9897
44,snn,baseline,jetson_emulator,40,local,0.5,41.904,34.6917,41.904,44.2267,65.4249,112.06483125000001,112.06483125000001,120.6967,90.0573
45,snn,baseline,jetson_emulator,40,offload,0.5,41.8744,34.9405,34.9405,36.5546,67.5261,112.06483125000001,112.06483125000001,119.4019,90.0116
46,snn,baseline,jetson_emulator,40,offload,0.5,42.0792,34.7268,34.7268,37.2147,67.5927,112.06483125000001,112.06483125000001,119.5052,90.0803
47,snn,baseline,jetson_emulator,40,offload,0.5,42.4858,35.6072,35.6072,37.9242,67.3191,112.06483125000001,112.06483125000001,119.6085,89.9899
48,snn,baseline,jetson_emulator,40,offload,0.5,41.8484,35.1126,35.1126,36.4602,67.4726,112.06483125000001,112.06483125000001,119.7118,89.9688
49,snn,baseline,jetson_emulator,40,local,0.5,42.3137,34.6686,42.3137,43.779,65.3053,112.06483125000001,112.06483125000001,121.2191,90.0945
50,snn,baseline,jetson_emulator,40,offload,0.5,43.1719,34.9742,34.9742,36.4129,67.5156,112.06483125000001,112.06483125000001,119.9183,90.0304
51,snn,baseline,jetson_emulator,40,offload,0.5,42.3443,35.6329,35.6329,37.4533,67.3112,112.06483125000001,112.06483125000001,120.0216,89.9876
52,snn,baseline,jetson_emulator,40,local,0.5,42.2485,35.6492,42.2485,43.9479,65.3243,112.06483125000001,112.06483125000001,121.5326,89.9992
53,snn,baseline,jetson_emulator,40,local,0.5,42.6975,35.7471,42.6975,44.0127,65.1937,112.06483125000001,112.06483125000001,121.6371,90.0449
54,snn,baseline,jetson_emulator,40,local,0.5,42.2109,35.8367,42.2109,43.6564,65.3353,112.06483125000001,112.06483125000001,121.7416,89.9928
55,snn,baseline,jetson_emulator,40,offload,0.5,42.3172,36.4515,36.4515,37.6202,67.0588,112.06483125000001,112.06483125000001,120.4347,89.9569
56,snn,baseline,jetson_emulator,40,offload,0.5,42.6043,35.6723,35.6723,38.2155,67.299,112.06483125000001,112.06483125000001,120.538,90.0553
57,snn,baseline,jetson_emulator,40,local,0.5,42.6777,36.5995,42.6777,44.1661,65.1995,112.06483125000001,112.06483125000001,122.0551,90.0588
58,snn,baseline,jetson_emulator,40,offload,0.5,43.9311,35.4299,35.4299,37.5652,67.3741,112.06483125000001,112.06483125000001,120.7446,90.007
59,snn,baseline,jetson_emulator,40,offload,0.5,43.5991,35.0692,35.0692,37.5496,67.4861,112.06483125000001,112.06483125000001,120.8478,89.94
60,snn,baseline,jetson_emulator,40,local,0.5,43.1937,36.1954,43.1937,44.8496,65.05,112.06483125000001,112.06483125000001,122.3685,90.0616
61,snn,baseline,jetson_emulator,40,offload,0.5,43.1276,35.4623,35.4623,37.2731,67.364,112.06483125000001,112.06483125000001,121.0544,90.0631
62,snn,baseline,jetson_emulator,40,local,0.5,42.497,35.5386,42.497,44.1212,65.252,112.06483125000001,112.06483125000001,122.5775,89.9702
63,snn,baseline,jetson_emulator,40,offload,0.5,42.9706,35.2485,35.2485,37.4201,67.4304,112.06483125000001,112.06483125000001,121.261,90.0336
64,snn,baseline,jetson_emulator,40,local,0.5,42.8096,35.8361,42.8096,44.583,65.1612,112.06483125000001,112.06483125000001,122.7865,89.9588
65,snn,baseline,jetson_emulator,40,local,0.5,43.1403,35.4861,43.1403,44.9315,65.0654,112.06483125000001,112.06483125000001,122.891,89.989
66,snn,baseline,jetson_emulator,40,offload,0.5,42.5866,35.2195,35.2195,37.6863,67.4393,112.06483125000001,112.06483125000001,121.5708,90.0272
67,snn,baseline,jetson_emulator,40,offload,0.5,43.1885,35.2639,35.2639,37.9728,67.4256,112.06483125000001,112.06483125000001,121.6741,89.9866
68,snn,baseline,jetson_emulator,40,offload,0.5,42.9644,36.2237,36.2237,37.8261,67.1288,112.06483125000001,112.06483125000001,121.7774,90.0341
69,snn,baseline,jetson_emulator,40,local,0.5,43.724,35.9047,43.724,45.4533,64.8971,112.06483125000001,112.06483125000001,123.3089,90.0115
70,snn,baseline,jetson_emulator,40,local,0.5,42.8891,35.5125,42.8891,44.5411,65.1382,112.06483125000001,112.06483125000001,123.4134,89.9162
71,snn,baseline,jetson_emulator,40,local,0.5,43.042,35.3225,43.042,45.0896,65.0939,112.06483125000001,112.06483125000001,123.5179,90.052
72,snn,baseline,jetson_emulator,40,local,0.5,43.459,35.8503,43.459,45.4762,64.9734,112.06483125000001,112.06483125000001,123.6224,89.9924
73,snn,baseline,jetson_emulator,40,local,0.5,43.095,35.8168,43.095,44.7878,65.0786,112.06483125000001,112.06483125000001,123.7269,89.9724
74,snn,baseline,jetson_emulator,40,offload,0.5,43.0185,35.5248,35.5248,37.4509,67.3447,112.06483125000001,112.06483125000001,122.397,90.0714
75,snn,baseline,jetson_emulator,40,offload,0.5,42.8728,35.8553,35.8553,37.6251,67.2424,112.06483125000001,112.06483125000001,122.5003,90.0013
76,snn,baseline,jetson_emulator,40,offload,0.5,43.5967,35.3871,35.3871,37.0453,67.3873,112.06483125000001,112.06483125000001,122.6036,89.9362
77,snn,baseline,jetson_emulator,40,offload,0.5,43.695,35.5524,35.5524,37.7577,67.3361,112.06483125000001,112.06483125000001,122.7069,90.0984
78,snn,baseline,jetson_emulator,40,local,0.5,42.9798,35.4878,42.9798,44.5012,65.1119,112.06483125000001,112.06483125000001,124.2493,89.9969
79,snn,baseline,jetson_emulator,40,local,0.5,43.8354,36.4725,43.8354,45.7068,64.8651,112.06483125000001,112.06483125000001,124.3538,89.9887
80,snn,baseline,jetson_emulator,40,local,0.5,42.9149,36.0312,42.9149,44.7043,65.1307,112.06483125000001,112.06483125000001,124.4583,89.8568
81,snn,baseline,jetson_emulator,40,offload,0.5,43.0928,37.4644,37.4644,39.2541,66.7491,112.06483125000001,112.06483125000001,123.12,89.9068
82,snn,baseline,jetson_emulator,40,local,0.5,43.6631,35.6918,43.6631,44.7145,64.9146,112.06483125000001,112.06483125000001,124.6673,90.0386
83,snn,baseline,jetson_emulator,40,offload,0.5,43.1945,36.7,36.7,39.8608,66.9826,112.06483125000001,112.06483125000001,123.3265,90.0017
84,snn,baseline,jetson_emulator,40,local,0.5,43.7887,35.6692,43.7887,45.9272,64.8785,112.06483125000001,112.06483125000001,124.8763,89.9475
85,snn,baseline,jetson_emulator,40,local,0.5,43.6687,35.6628,43.6687,46.7146,64.913,112.06483125000001,112.06483125000001,124.9808,90.0417
86,snn,baseline,jetson_emulator,40,local,0.5,43.7811,36.5893,43.7811,46.4391,64.8807,112.06483125000001,112.06483125000001,125.0852,89.9971
87,snn,baseline,jetson_emulator,40,local,0.5,43.6285,36.2638,43.6285,45.6162,64.9246,112.06483125000001,112.06483125000001,125.1897,90.0373
88,snn,baseline,jetson_emulator,40,offload,0.5,43.8294,35.6749,35.6749,37.3147,67.2982,112.06483125000001,112.06483125000001,123.8429,90.0102
89,snn,baseline,jetson_emulator,40,offload,0.5,42.9713,37.6717,37.6717,40.0677,66.6861,112.06483125000001,112.06483125000001,123.9462,89.9626
90,snn,baseline,jetson_emulator,40,local,0.5,43.8891,37.5047,43.8891,45.1716,64.8496,112.06483125000001,112.06483125000001,125.5032,90.0555
91,snn,baseline,jetson_emulator,40,local,0.5,43.1153,36.8114,43.1153,44.9723,65.0727,112.06483125000001,112.06483125000001,125.6077,90.0682
92,snn,baseline,jetson_emulator,40,local,0.5,43.0207,35.5102,43.0207,44.9069,65.1001,112.06483125000001,112.06483125000001,125.7122,90.0228
93,snn,baseline,jetson_emulator,40,local,0.5,43.0314,35.6693,43.0314,44.8503,65.097,112.06483125000001,112.06483125000001,125.8167,90.0248
94,snn,baseline,jetson_emulator,40,local,0.5,43.3804,36.9011,43.3804,44.9582,64.9961,112.06483125000001,112.06483125000001,125.9212,90.0049
95,snn,baseline,jetson_emulator,40,local,0.5,43.4977,36.4165,43.4977,45.8164,64.9623,112.06483125000001,112.06483125000001,126.0256,89.9263
96,snn,baseline,jetson_emulator,40,offload,0.5,43.6762,36.7851,36.7851,38.3675,66.9565,112.06483125000001,112.06483125000001,124.6692,90.0587
97,snn,baseline,jetson_emulator,40,local,0.5,44.4044,36.3465,44.4044,46.5796,64.702,112.06483125000001,112.06483125000001,126.2346,89.9468
98,snn,baseline,jetson_emulator,40,offload,0.5,43.7722,36.2382,36.2382,37.4726,67.1244,112.06483125000001,112.06483125000001,124.8757,89.9557
99,snn,baseline,jetson_emulator,40,offload,0.5,43.0125,35.8154,35.8154,37.3204,67.2547,112.06483125000001,112.06483125000001,124.979,89.9867
100,snn,baseline,jetson_emulator,40,offload,0.5,44.0938,36.3904,36.3904,38.5555,67.0776,112.06483125000001,112.06483125000001,125.0823,89.9875
101,snn,baseline,jetson_emulator,40,offload,0.5,43.8241,36.0823,36.0823,38.6449,67.1724,112.06483125000001,112.06483125000001,125.1856,90.0283
102,snn,baseline,jetson_emulator,40,local,0.5,43.9327,35.925,43.9327,46.3511,64.8371,112.06483125000001,112.06483125000001,126.7571,90.0318
103,snn,baseline,jetson_emulator,40,local,0.5,43.2439,36.6118,43.2439,44.8432,65.0355,112.06483125000001,112.06483125000001,126.8616,90.0192
104,snn,baseline,jetson_emulator,40,offload,0.5,43.9118,35.6725,35.6725,37.1167,67.2989,112.06483125000001,112.06483125000001,125.4954,89.9324
105,snn,baseline,jetson_emulator,40,offload,0.5,43.2942,35.4649,35.4649,37.4359,67.3632,112.06483125000001,112.06483125000001,125.5987,89.9719
106,snn,baseline,jetson_emulator,40,local,0.5,44.3181,36.0896,44.3181,46.0843,64.7267,112.06483125000001,112.06483125000001,127.175,89.9959
107,snn,baseline,jetson_emulator,40,offload,0.5,43.001,35.5917,35.5917,37.6251,67.3239,112.06483125000001,112.06483125000001,125.8052,90.0038
108,snn,baseline,jetson_emulator,40,offload,0.5,42.9057,35.6239,35.6239,37.6861,67.314,112.06483125000001,112.06483125000001,125.9085,89.996
109,snn,baseline,jetson_emulator,40,local,0.5,43.0514,35.9839,43.0514,45.5923,65.0912,112.06483125000001,112.06483125000001,127.4885,89.9824
110,snn,baseline,jetson_emulator,40,offload,0.5,43.432,36.285,36.285,38.1726,67.11,112.06483125000001,112.06483125000001,126.1151,89.8868
111,snn,baseline,jetson_emulator,40,offload,0.5,43.0696,36.1285,36.1285,38.5008,67.1582,112.06483125000001,112.06483125000001,126.2184,89.945
112,snn,baseline,jetson_emulator,40,local,0.5,43.2592,36.9226,43.2592,45.426,65.0311,112.06483125000001,112.06483125000001,127.802,90.0073
113,snn,baseline,jetson_emulator,40,local,0.5,43.5064,36.2991,43.5064,45.641,64.9598,112.06483125000001,112.06483125000001,127.9065,89.9984
114,snn,baseline,jetson_emulator,40,offload,0.5,43.0295,35.7734,35.7734,38.0888,67.2677,112.06483125000001,112.06483125000001,126.5282,89.97
115,snn,baseline,jetson_emulator,40,local,0.5,43.1088,35.5824,43.1088,44.0646,65.0746,112.06483125000001,112.06483125000001,128.1154,90.0937
116,snn,baseline,jetson_emulator,40,offload,0.5,43.6248,36.711,36.711,38.7477,66.9792,112.06483125000001,112.06483125000001,126.7347,89.9755
117,snn,baseline,jetson_emulator,40,local,0.5,43.3265,36.1486,43.3265,44.7703,65.0117,112.06483125000001,112.06483125000001,128.3244,90.0647
118,snn,baseline,jetson_emulator,40,local,0.5,43.1588,36.2804,43.1588,44.7525,65.0601,112.06483125000001,112.06483125000001,128.4289,89.9869
119,snn,baseline,jetson_emulator,40,offload,0.5,42.6652,36.1043,36.1043,38.0495,67.1656,112.06483125000001,112.06483125000001,127.0446,89.989
120,snn,baseline,jetson_emulator,40,offload,0.5,43.4516,36.1296,36.1296,37.1616,67.1578,112.06483125000001,112.06483125000001,127.1479,90.0119
121,snn,baseline,jetson_emulator,40,offload,0.5,42.8556,36.7806,36.7806,38.8516,66.9579,112.06483125000001,112.06483125000001,127.2511,90.0167
122,snn,baseline,jetson_emulator,40,offload,0.5,42.9949,35.5591,35.5591,37.355,67.334,112.06483125000001,112.06483125000001,127.3544,90.0039
123,snn,baseline,jetson_emulator,40,local,0.5,42.7362,35.4215,42.7362,44.2869,65.1825,112.06483125000001,112.06483125000001,128.9513,90.0271
124,snn,baseline,jetson_emulator,40,local,0.5,42.8227,35.9796,42.8227,44.7116,65.1574,112.06483125000001,112.06483125000001,129.0558,89.9269
125,snn,baseline,jetson_emulator,40,offload,0.5,43.1236,35.7615,35.7615,36.9901,67.2714,112.06483125000001,112.06483125000001,127.6643,89.9888
126,snn,baseline,jetson_emulator,40,offload,0.5,42.5266,35.5669,35.5669,36.8569,67.3316,112.06483125000001,112.06483125000001,127.7675,90.0498
127,snn,baseline,jetson_emulator,40,offload,0.5,43.0061,35.9736,35.9736,36.9872,67.2059,112.06483125000001,112.06483125000001,127.8708,90.0983
128,snn,baseline,jetson_emulator,40,local,0.5,42.4798,35.6432,42.4798,43.3319,65.257,112.06483125000001,112.06483125000001,129.4738,90.0543
129,snn,baseline,jetson_emulator,40,offload,0.5,42.6955,35.1128,35.1128,36.2644,67.4725,112.06483125000001,112.06483125000001,128.0774,90.0328
130,snn,baseline,jetson_emulator,40,local,0.5,42.7042,35.8514,42.7042,44.5077,65.1918,112.06483125000001,112.06483125000001,129.6828,89.9953
131,snn,baseline,jetson_emulator,40,local,0.5,42.3718,35.2819,42.3718,44.2736,65.2884,112.06483125000001,112.06483125000001,129.7873,90.0501
132,snn,baseline,jetson_emulator,40,offload,0.5,42.422,36.4161,36.4161,38.0243,67.0697,112.06483125000001,112.06483125000001,128.3872,90.0053
133,snn,baseline,jetson_emulator,40,offload,0.5,42.6957,36.0854,36.0854,37.9768,67.1714,112.06483125000001,112.06483125000001,128.4905,89.9914
134,snn,baseline,jetson_emulator,40,local,0.5,43.6315,35.3037,43.6315,44.8288,64.9237,112.06483125000001,112.06483125000001,130.1007,89.9645
135,snn,baseline,jetson_emulator,40,offload,0.5,42.6947,35.8251,35.8251,37.3012,67.2517,112.06483125000001,112.06483125000001,128.697,90.0135
136,snn,baseline,jetson_emulator,40,offload,0.5,42.3997,35.6123,35.6123,37.0238,67.3175,112.06483125000001,112.06483125000001,128.8003,89.976
137,snn,baseline,jetson_emulator,40,offload,0.5,42.9278,36.1297,36.1297,38.654,67.1578,112.06483125000001,112.06483125000001,128.9036,90.0362
138,snn,baseline,jetson_emulator,40,local,0.5,42.2763,35.9647,42.2763,44.5293,65.3163,112.06483125000001,112.06483125000001,130.5187,89.9939
139,snn,baseline,jetson_emulator,40,offload,0.5,42.4928,35.7166,35.7166,37.7776,67.2853,112.06483125000001,112.06483125000001,129.1102,89.9382
140,snn,baseline,jetson_emulator,40,local,0.5,42.4605,35.2329,42.4605,44.128,65.2626,112.06483125000001,112.06483125000001,130.7277,90.0038
141,snn,baseline,jetson_emulator,40,offload,0.5,42.0942,35.2275,35.2275,37.1231,67.4369,112.06483125000001,112.06483125000001,129.3167,89.9227
142,snn,baseline,jetson_emulator,40,local,0.5,42.6393,35.1566,42.6393,45.3252,65.2107,112.06483125000001,112.06483125000001,130.9366,90.0217
143,snn,baseline,jetson_emulator,40,offload,0.5,42.6591,34.7762,34.7762,37.5119,67.5773,112.06483125000001,112.06483125000001,129.5233,89.9541
144,snn,baseline,jetson_emulator,40,offload,0.5,42.2025,35.9192,35.9192,37.862,67.2227,112.06483125000001,112.06483125000001,129.6266,89.9969
145,snn,baseline,jetson_emulator,40,local,0.5,42.5324,35.4546,42.5324,44.4337,65.2417,112.06483125000001,112.06483125000001,131.2501,90.0159
146,snn,baseline,jetson_emulator,40,local,0.5,42.1566,34.9677,42.1566,44.3527,65.3511,112.06483125000001,112.06483125000001,131.3546,89.9413
147,snn,baseline,jetson_emulator,40,local,0.5,42.8211,35.3768,42.8211,44.3749,65.1579,112.06483125000001,112.06483125000001,131.4591,90.0765
148,snn,baseline,jetson_emulator,40,local,0.5,42.0011,36.3631,42.0011,43.7756,65.3965,112.06483125000001,112.06483125000001,131.5636,90.0286
149,snn,baseline,jetson_emulator,40,offload,0.5,42.2159,34.8397,34.8397,36.7636,67.5575,112.06483125000001,112.06483125000001,130.143,90.0
150,snn,baseline,jetson_emulator,40,local,0.5,42.2029,34.9552,42.2029,43.5516,65.3376,112.06483125000001,112.06483125000001,131.7726,90.0486
151,snn,baseline,jetson_emulator,40,local,0.5,42.1176,35.6198,42.1176,43.9069,65.3625,112.06483125000001,112.06483125000001,131.877,90.017
152,snn,baseline,jetson_emulator,40,offload,0.5,41.8939,35.2392,35.2392,36.9093,67.4332,112.06483125000001,112.06483125000001,130.4528,89.9479
153,snn,baseline,jetson_emulator,40,local,0.5,41.9675,34.8739,41.9675,43.9808,65.4064,112.06483125000001,112.06483125000001,132.086,90.006
154,snn,baseline,jetson_emulator,40,offload,0.5,42.7985,34.6816,34.6816,36.365,67.6069,112.06483125000001,112.06483125000001,130.6593,89.9864
155,snn,baseline,jetson_emulator,40,local,0.5,42.3722,35.909,42.3722,44.5047,65.2883,112.06483125000001,112.06483125000001,132.295,89.949
156,snn,baseline,jetson_emulator,40,local,0.5,42.6346,34.7288,42.6346,43.9745,65.212,112.06483125000001,112.06483125000001,132.3995,89.89
157,snn,baseline,jetson_emulator,40,local,0.5,41.8022,34.7209,41.8022,44.1856,65.4547,112.06483125000001,112.06483125000001,132.504,90.0472
158,snn,baseline,jetson_emulator,40,offload,0.5,41.7795,34.4896,34.4896,36.2217,67.6668,112.06483125000001,112.06483125000001,131.0725,90.0341
159,snn,baseline,jetson_emulator,40,offload,0.5,42.1626,34.3988,34.3988,36.9683,67.6953,112.06483125000001,112.06483125000001,131.1757,89.9735
160,snn,baseline,jetson_emulator,40,offload,0.5,41.7071,35.0921,35.0921,36.7144,67.4789,112.06483125000001,112.06483125000001,131.279,89.9803
161,snn,baseline,jetson_emulator,40,local,0.5,42.2022,34.4089,42.2022,44.706,65.3379,112.06483125000001,112.06483125000001,132.9219,89.9874
162,snn,baseline,jetson_emulator,40,offload,0.5,41.8188,34.4602,34.4602,36.6904,67.676,112.06483125000001,112.06483125000001,131.4856,90.0729
163,snn,baseline,jetson_emulator,40,local,0.5,42.238,35.6019,42.238,43.9951,65.3274,112.06483125000001,112.06483125000001,133.1309,89.9164
164,snn,baseline,jetson_emulator,40,local,0.5,41.6237,35.7586,41.6237,43.2746,65.507,112.06483125000001,112.06483125000001,133.2354,89.9767
165,snn,baseline,jetson_emulator,40,local,0.5,42.4953,36.4323,42.4953,45.5781,65.2525,112.06483125000001,112.06483125000001,133.3399,89.9859
166,snn,baseline,jetson_emulator,40,local,0.5,41.8711,34.2949,41.8711,44.2016,65.4345,112.06483125000001,112.06483125000001,133.4444,89.978
167,snn,baseline,jetson_emulator,40,local,0.5,41.4247,35.5744,41.4247,42.5574,65.5653,112.06483125000001,112.06483125000001,133.5489,89.9987
168,snn,baseline,jetson_emulator,40,offload,0.5,42.3393,34.4997,34.4997,36.1495,67.6637,112.06483125000001,112.06483125000001,132.1053,90.025
169,snn,baseline,jetson_emulator,40,offload,0.5,42.411,34.5261,34.5261,36.3116,67.6555,112.06483125000001,112.06483125000001,132.2085,89.935
170,snn,baseline,jetson_emulator,40,local,0.5,42.5467,35.6724,42.5467,43.9057,65.2375,112.06483125000001,112.06483125000001,133.8623,90.0159
171,snn,baseline,jetson_emulator,40,local,0.5,42.6035,34.4338,42.6035,44.5408,65.2211,112.06483125000001,112.06483125000001,133.9668,90.0562
172,snn,baseline,jetson_emulator,40,local,0.5,41.7197,34.3755,41.7197,43.2687,65.4788,112.06483125000001,112.06483125000001,134.0713,90.0144
173,snn,baseline,jetson_emulator,40,offload,0.5,42.0009,35.3491,35.3491,37.3382,67.3991,112.06483125000001,112.06483125000001,132.6216,90.0589
174,snn,baseline,jetson_emulator,40,offload,0.5,41.7543,34.7444,34.7444,37.3887,67.5873,112.06483125000001,112.06483125000001,132.7249,89.9451
175,snn,baseline,jetson_emulator,40,offload,0.5,41.6984,35.8657,35.8657,38.2884,67.2392,112.06483125000001,112.06483125000001,132.8282,89.9569
176,snn,baseline,jetson_emulator,40,offload,0.5,41.728,34.1524,34.1524,36.5527,67.7725,112.06483125000001,112.06483125000001,132.9315,89.9741
177,snn,baseline,jetson_emulator,40,local,0.5,41.548,34.736,41.548,43.4881,65.5291,112.06483125000001,112.06483125000001,134.5938,90.0317
178,snn,baseline,jetson_emulator,40,offload,0.5,41.5504,34.9078,34.9078,36.0674,67.5363,112.06483125000001,112.06483125000001,133.138,90.1326
179,snn,baseline,jetson_emulator,40,offload,0.5,41.6916,34.3721,34.3721,35.8409,67.7036,112.06483125000001,112.06483125000001,133.2413,89.9555
180,snn,baseline,jetson_emulator,40,offload,0.5,41.3681,35.6539,35.6539,37.8039,67.3047,112.06483125000001,112.06483125000001,133.3446,90.0649
181,snn,baseline,jetson_emulator,40,local,0.5,41.3226,34.5774,41.3226,42.8605,65.5953,112.06483125000001,112.06483125000001,135.0117,89.9727
182,snn,baseline,jetson_emulator,40,offload,0.5,41.1496,34.2787,34.2787,36.826,67.7329,112.06483125000001,112.06483125000001,133.5512,90.0017
183,snn,baseline,jetson_emulator,40,offload,0.5,41.858,34.9487,34.9487,36.9388,67.5236,112.06483125000001,112.06483125000001,133.6544,89.9966
184,snn,baseline,jetson_emulator,40,offload,0.5,41.6422,34.6216,34.6216,36.5321,67.6256,112.06483125000001,112.06483125000001,133.7577,89.9779
185,snn,baseline,jetson_emulator,40,local,0.5,41.7339,34.3575,41.7339,43.2091,65.4747,112.06483125000001,112.06483125000001,135.4297,90.1067
186,snn,baseline,jetson_emulator,40,offload,0.5,41.7178,34.4712,34.4712,36.3543,67.6726,112.06483125000001,112.06483125000001,133.9643,90.0164
187,snn,baseline,jetson_emulator,40,offload,0.5,41.8825,34.5939,34.5939,36.5835,67.6342,112.06483125000001,112.06483125000001,134.0676,90.0012
188,snn,baseline,jetson_emulator,40,offload,0.5,41.2215,34.2116,34.2116,36.3481,67.7539,112.06483125000001,112.06483125000001,134.1708,90.0001
189,snn,baseline,jetson_emulator,40,offload,0.5,41.8469,34.4069,34.4069,34.9531,67.6927,112.06483125000001,112.06483125000001,134.2741,89.9404
190,snn,baseline,jetson_emulator,40,offload,0.5,42.0013,34.7959,34.7959,37.2799,67.5712,112.06483125000001,112.06483125000001,134.3774,90.0556
191,snn,baseline,jetson_emulator,40,offload,0.5,41.4981,34.0478,34.0478,36.4045,67.8053,112.06483125000001,112.06483125000001,134.4807,90.0423
192,snn,baseline,jetson_emulator,40,offload,0.5,41.351,36.505,36.505,38.1079,67.0424,112.06483125000001,112.06483125000001,134.5839,90.0581
193,snn,baseline,jetson_emulator,40,local,0.5,41.3,33.9717,41.3,42.8462,65.602,112.06483125000001,112.06483125000001,136.2656,89.9888
194,snn,baseline,jetson_emulator,40,local,0.5,42.1846,35.0884,42.1846,43.3865,65.343,112.06483125000001,112.06483125000001,136.3701,89.9458
195,snn,baseline,jetson_emulator,40,local,0.5,41.1847,34.6502,41.1847,43.1759,65.6359,112.06483125000001,112.06483125000001,136.4746,89.9987
196,snn,baseline,jetson_emulator,40,offload,0.5,41.1292,34.0458,34.0458,35.6191,67.8059,112.06483125000001,112.06483125000001,134.9971,89.9879
197,snn,baseline,jetson_emulator,40,offload,0.5,41.6436,34.3236,34.3236,37.0949,67.7188,112.06483125000001,112.06483125000001,135.1003,89.9775
198,snn,baseline,jetson_emulator,40,offload,0.5,42.2904,35.1016,35.1016,36.5628,67.476,112.06483125000001,112.06483125000001,135.2036,89.9718
199,snn,baseline,jetson_emulator,40,local,0.5,41.6802,33.9907,41.6802,43.4861,65.4904,112.06483125000001,112.06483125000001,136.8925,89.9553
200,snn,baseline,jetson_emulator,40,local,0.5,41.9763,35.1852,41.9763,43.8142,65.4038,112.06483125000001,112.06483125000001,136.997,90.0353
201,snn,baseline,jetson_emulator,40,offload,0.5,41.1188,34.8141,34.8141,37.2877,67.5655,112.06483125000001,112.06483125000001,135.5135,89.8578
202,snn,baseline,jetson_emulator,40,offload,0.5,41.3507,34.0346,34.0346,36.4745,67.8095,112.06483125000001,112.06483125000001,135.6167,90.0222
203,snn,baseline,jetson_emulator,40,local,0.5,41.9249,35.5747,41.9249,44.2495,65.4188,112.06483125000001,112.06483125000001,137.3105,90.0345
204,snn,baseline,jetson_emulator,40,local,0.5,41.806,35.0494,41.806,43.509,65.4536,112.06483125000001,112.06483125000001,137.415,89.9428
205,snn,baseline,jetson_emulator,40,local,0.5,41.2302,36.1861,41.2302,43.7111,65.6225,112.06483125000001,112.06483125000001,137.5195,89.9627
206,snn,baseline,jetson_emulator,40,local,0.5,42.1557,34.5586,42.1557,43.5387,65.3514,112.06483125000001,112.06483125000001,137.624,90.0594
207,snn,baseline,jetson_emulator,40,local,0.5,41.3002,36.5703,41.3002,42.5528,65.6019,112.06483125000001,112.06483125000001,137.7284,89.9716
208,snn,baseline,jetson_emulator,40,offload,0.5,41.2619,34.899,34.899,37.1141,67.5391,112.06483125000001,112.06483125000001,136.2364,89.9541
209,snn,baseline,jetson_emulator,40,local,0.5,41.5562,34.1738,41.5562,42.9199,65.5267,112.06483125000001,112.06483125000001,137.9374,89.9997
210,snn,baseline,jetson_emulator,40,offload,0.5,41.3631,34.3135,34.3135,36.4517,67.722,112.06483125000001,112.06483125000001,136.443,90.0332
211,snn,baseline,jetson_emulator,40,offload,0.5,41.3929,34.8522,34.8522,36.168,67.5537,112.06483125000001,112.06483125000001,136.5462,90.0432
212,snn,baseline,jetson_emulator,40,offload,0.5,41.3845,34.7114,34.7114,37.4669,67.5976,112.06483125000001,112.06483125000001,136.6495,90.0105
213,snn,baseline,jetson_emulator,40,offload,0.5,41.5846,34.7458,34.7458,36.6859,67.5868,112.06483125000001,112.06483125000001,136.7528,90.0313
214,snn,baseline,jetson_emulator,40,offload,0.5,41.714,35.2452,35.2452,36.8216,67.4314,112.06483125000001,112.06483125000001,136.8561,89.9604
215,snn,baseline,jetson_emulator,40,offload,0.5,41.3778,34.6525,34.6525,36.7783,67.616,112.06483125000001,112.06483125000001,136.9594,89.9747
216,snn,baseline,jetson_emulator,40,local,0.5,41.4353,34.2287,41.4353,43.1931,65.5622,112.06483125000001,112.06483125000001,138.6688,89.9744
217,snn,baseline,jetson_emulator,40,local,0.5,42.2603,34.4568,42.2603,44.2001,65.3209,112.06483125000001,112.06483125000001,138.7733,90.0437
218,snn,baseline,jetson_emulator,40,local,0.5,41.9401,34.8243,41.9401,44.5484,65.4144,112.06483125000001,112.06483125000001,138.8778,89.959
219,snn,baseline,jetson_emulator,40,local,0.5,41.566,35.3315,41.566,43.3262,65.5239,112.06483125000001,112.06483125000001,138.9823,90.0518
220,snn,baseline,jetson_emulator,40,local,0.5,42.5858,34.5547,42.5858,44.4133,65.2262,112.06483125000001,112.06483125000001,139.0868,90.003
221,snn,baseline,jetson_emulator,40,offload,0.5,41.8059,35.6407,35.6407,36.4242,67.3088,112.06483125000001,112.06483125000001,137.579,90.0161
222,snn,baseline,jetson_emulator,40,offload,0.5,42.4836,35.1349,35.1349,37.0876,67.4656,112.06483125000001,112.06483125000001,137.6823,89.986
223,snn,baseline,jetson_emulator,40,offload,0.5,42.1089,36.2406,36.2406,38.0101,67.1237,112.06483125000001,112.06483125000001,137.7856,90.1118
224,snn,baseline,jetson_emulator,40,offload,0.5,42.1482,36.1428,36.1428,37.656,67.1538,112.06483125000001,112.06483125000001,137.8889,89.9696
225,snn,baseline,jetson_emulator,40,local,0.5,41.7485,35.0876,41.7485,43.9849,65.4704,112.06483125000001,112.06483125000001,139.6092,90.036
226,snn,baseline,jetson_emulator,40,local,0.5,42.5733,35.7087,42.5733,44.6226,65.2298,112.06483125000001,112.06483125000001,139.7137,89.9875
227,snn,baseline,jetson_emulator,40,local,0.5,41.7765,35.2854,41.7765,43.4353,65.4622,112.06483125000001,112.06483125000001,139.8182,89.9023
228,snn,baseline,jetson_emulator,40,offload,0.5,42.9131,34.9716,34.9716,35.8952,67.5164,112.06483125000001,112.06483125000001,138.302,89.9793
229,snn,baseline,jetson_emulator,40,local,0.5,42.1023,34.7595,42.1023,43.8281,65.367,112.06483125000001,112.06483125000001,140.0272,89.9728
230,snn,baseline,jetson_emulator,40,local,0.5,42.1006,35.0478,42.1006,43.6688,65.3675,112.06483125000001,112.06483125000001,140.1317,89.9875
231,snn,baseline,jetson_emulator,40,local,0.5,42.4518,35.5767,42.4518,44.5766,65.2651,112.06483125000001,112.06483125000001,140.2362,89.9604
232,snn,baseline,jetson_emulator,40,local,0.5,42.4269,35.7133,42.4269,44.8202,65.2724,112.06483125000001,112.06483125000001,140.3407,90.0794
233,snn,baseline,jetson_emulator,40,offload,0.5,42.9208,35.7835,35.7835,37.5761,67.2646,112.06483125000001,112.06483125000001,138.8184,90.0097
234,snn,baseline,jetson_emulator,40,local,0.5,42.2405,35.2563,42.2405,43.8848,65.3267,112.06483125000001,112.06483125000001,140.5496,89.9279
235,snn,baseline,jetson_emulator,40,offload,0.5,42.3898,35.3309,35.3309,37.2108,67.4048,112.06483125000001,112.06483125000001,139.0249,90.0066
236,snn,baseline,jetson_emulator,40,local,0.5,42.2152,35.043,42.2152,43.6126,65.334,112.06483125000001,112.06483125000001,140.7586,89.9352
237,snn,baseline,jetson_emulator,40,offload,0.5,42.495,35.3187,35.3187,37.2415,67.4086,112.06483125000001,112.06483125000001,139.2315,89.9701
238,snn,baseline,jetson_emulator,40,offload,0.5,42.3993,35.2648,35.2648,36.7784,67.4253,112.06483125000001,112.06483125000001,139.3348,89.9965
239,snn,baseline,jetson_emulator,40,local,0.5,42.8669,35.5598,42.8669,44.7477,65.1446,112.06483125000001,112.06483125000001,141.0721,90.005
240,snn,baseline,jetson_emulator,40,local,0.5,42.7493,35.9429,42.7493,44.1897,65.1787,112.06483125000001,112.06483125000001,141.1766,90.025
241,snn,baseline,jetson_emulator,40,offload,0.5,42.9763,35.2311,35.2311,36.3218,67.4358,112.06483125000001,112.06483125000001,139.6446,90.0696
242,snn,baseline,jetson_emulator,40,offload,0.5,42.6814,35.7076,35.7076,37.8623,67.2881,112.06483125000001,112.06483125000001,139.7479,90.0235
243,snn,baseline,jetson_emulator,40,local,0.5,42.9782,36.1783,42.9782,44.1537,65.1124,112.06483125000001,112.06483125000001,141.4901,89.974
244,snn,baseline,jetson_emulator,40,local,0.5,43.7706,36.0292,43.7706,45.5006,64.8837,112.06483125000001,112.06483125000001,141.5945,90.0855
245,snn,baseline,jetson_emulator,40,local,0.5,42.787,35.9803,42.787,44.814,65.1678,112.06483125000001,112.06483125000001,141.699,89.945
246,snn,baseline,jetson_emulator,40,local,0.5,43.222,36.3769,43.222,45.1731,65.0418,112.06483125000001,112.06483125000001,141.8035,90.0168
247,snn,baseline,jetson_emulator,40,local,0.5,42.9679,35.8903,42.9679,45.268,65.1153,112.06483125000001,112.06483125000001,141.908,89.9639
248,snn,baseline,jetson_emulator,40,local,0.5,43.1111,35.8761,43.1111,44.4283,65.0739,112.06483125000001,112.06483125000001,142.0125,90.0039
249,snn,baseline,jetson_emulator,40,local,0.5,43.076,35.8452,43.076,45.4708,65.084,112.06483125000001,112.06483125000001,142.117,90.0743
250,snn,baseline,jetson_emulator,40,offload,0.5,43.1975,37.4123,37.4123,39.8332,66.765,112.06483125000001,112.06483125000001,140.5741,90.0375
251,snn,baseline,jetson_emulator,40,local,0.5,43.3242,35.738,43.3242,45.0831,65.0123,112.06483125000001,112.06483125000001,142.326,89.8866
252,snn,baseline,jetson_emulator,40,local,0.5,43.5649,36.247,43.5649,45.367,64.9429,112.06483125000001,112.06483125000001,142.4305,89.9611
253,snn,baseline,jetson_emulator,40,offload,0.5,43.2805,36.6508,36.6508,38.3194,66.9976,112.06483125000001,112.06483125000001,140.884,89.9548
254,snn,baseline,jetson_emulator,40,offload,0.5,43.4089,38.0533,38.0533,40.2258,66.5704,112.06483125000001,112.06483125000001,140.9872,90.0113
255,snn,baseline,jetson_emulator,40,offload,0.5,44.037,36.9572,36.9572,38.7249,66.9038,112.06483125000001,112.06483125000001,141.0905,90.0546
256,snn,baseline,jetson_emulator,40,offload,0.5,44.714,36.5636,36.5636,38.0201,67.0244,112.06483125000001,112.06483125000001,141.1938,89.9143
257,snn,baseline,jetson_emulator,40,offload,0.5,43.8061,36.174,36.174,38.4149,67.1442,112.06483125000001,112.06483125000001,141.2971,89.9459
258,snn,baseline,jetson_emulator,40,local,0.5,44.2228,36.9304,44.2228,46.0084,64.754,112.06483125000001,112.06483125000001,143.0574,89.9489
259,snn,baseline,jetson_emulator,40,local,0.5,44.5059,36.4065,44.5059,46.4313,64.673,112.06483125000001,112.06483125000001,143.1619,89.9453
260,snn,baseline,jetson_emulator,40,local,0.5,44.4732,36.5508,44.4732,46.0992,64.6823,112.06483125000001,112.06483125000001,143.2664,90.0974
261,snn,baseline,jetson_emulator,40,offload,0.5,44.1665,36.5378,36.5378,38.2902,67.0323,112.06483125000001,112.06483125000001,141.7102,90.0402
262,snn,baseline,jetson_emulator,40,offload,0.5,44.8001,36.9786,36.9786,38.7696,66.8973,112.06483125000001,112.06483125000001,141.8135,89.9236
263,snn,baseline,jetson_emulator,40,offload,0.5,44.4313,36.8932,36.8932,39.3936,66.9234,112.06483125000001,112.06483125000001,141.9168,90.0096
264,snn,baseline,jetson_emulator,40,local,0.5,44.529,37.5719,44.529,46.2325,64.6664,112.06483125000001,112.06483125000001,143.6843,89.9865
265,snn,baseline,jetson_emulator,40,offload,0.5,45.0042,38.1274,38.1274,40.0373,66.548,112.06483125000001,112.06483125000001,142.1233,89.9394
266,snn,baseline,jetson_emulator,40,offload,0.5,44.6419,37.4283,37.4283,39.8903,66.7601,112.06483125000001,112.06483125000001,142.2266,89.9393
267,snn,baseline,jetson_emulator,40,local,0.5,44.5475,38.5097,44.5475,47.0976,64.6611,112.06483125000001,112.06483125000001,143.9978,90.0433
268,snn,baseline,jetson_emulator,40,local,0.5,44.9026,37.8625,44.9026,46.7003,64.5598,112.06483125000001,112.06483125000001,144.1023,89.986
269,snn,baseline,jetson_emulator,40,local,0.5,45.2292,37.1177,45.2292,46.6894,64.467,112.06483125000001,112.06483125000001,144.2068,90.0454
270,snn,baseline,jetson_emulator,40,offload,0.5,45.3808,38.292,38.292,40.0909,66.4982,112.06483125000001,112.06483125000001,142.6397,90.0765
271,snn,baseline,jetson_emulator,40,offload,0.5,44.7685,37.8447,37.8447,39.6303,66.6336,112.06483125000001,112.06483125000001,142.743,89.9719
272,snn,baseline,jetson_emulator,40,local,0.5,45.3026,37.1864,45.3026,47.4384,64.4462,112.06483125000001,112.06483125000001,144.5202,90.0701
273,snn,baseline,jetson_emulator,40,offload,0.5,45.6835,37.1357,37.1357,39.0513,66.8493,112.06483125000001,112.06483125000001,142.9495,89.9373
274,snn,baseline,jetson_emulator,40,local,0.5,45.0498,37.9781,45.0498,47.531,64.5179,112.06483125000001,112.06483125000001,144.7292,90.0862
275,snn,baseline,jetson_emulator,40,offload,0.5,45.8637,37.9562,37.9562,39.5667,66.5998,112.06483125000001,112.06483125000001,143.1561,90.0164
276,snn,baseline,jetson_emulator,40,local,0.5,45.2524,37.54,45.2524,46.7001,64.4604,112.06483125000001,112.06483125000001,144.9382,89.95
277,snn,baseline,jetson_emulator,40,local,0.5,45.5803,38.2644,45.5803,48.2497,64.3675,112.06483125000001,112.06483125000001,145.0427,89.9811
278,snn,baseline,jetson_emulator,40,local,0.5,45.8677,39.0884,45.8677,47.8079,64.2862,112.06483125000001,112.06483125000001,145.1472,89.9951
279,snn,baseline,jetson_emulator,40,local,0.5,45.6338,37.6022,45.6338,47.4789,64.3524,112.06483125000001,112.06483125000001,145.2517,89.9937
280,snn,baseline,jetson_emulator,40,offload,0.5,45.8328,38.004,38.004,40.0908,66.5853,112.06483125000001,112.06483125000001,143.6725,89.9886
281,snn,baseline,jetson_emulator,40,local,0.5,45.8176,38.2189,45.8176,48.5765,64.3004,112.06483125000001,112.06483125000001,145.4606,90.0927
282,snn,baseline,jetson_emulator,40,offload,0.5,46.8609,39.5222,39.5222,41.2676,66.1288,112.06483125000001,112.06483125000001,143.8791,89.9643
283,snn,baseline,jetson_emulator,40,offload,0.5,46.5607,38.964,38.964,41.028,66.2959,112.06483125000001,112.06483125000001,143.9823,89.954
284,snn,baseline,jetson_emulator,40,offload,0.5,46.3107,37.9777,37.9777,39.8272,66.5933,112.06483125000001,112.06483125000001,144.0856,90.0451
285,snn,baseline,jetson_emulator,40,local,0.5,46.7491,38.0799,46.7491,47.1903,64.0384,112.06483125000001,112.06483125000001,145.8786,90.0658
286,snn,baseline,jetson_emulator,40,local,0.5,46.2927,38.7733,46.2927,48.3031,64.1665,112.06483125000001,112.06483125000001,145.9831,89.9545
287,snn,baseline,jetson_emulator,40,local,0.5,46.3286,38.3765,46.3286,48.6335,64.1564,112.06483125000001,112.06483125000001,146.0876,89.9242
288,snn,baseline,jetson_emulator,40,offload,0.5,46.3446,39.054,39.054,40.8442,66.2689,112.06483125000001,112.06483125000001,144.4987,90.007
289,snn,baseline,jetson_emulator,40,offload,0.5,46.568,38.9431,38.9431,40.9003,66.3022,112.06483125000001,112.06483125000001,144.602,89.9696
290,snn,baseline,jetson_emulator,40,local,0.5,46.6357,39.1396,46.6357,48.8002,64.0702,112.06483125000001,112.06483125000001,146.401,89.9728
291,snn,baseline,jetson_emulator,40,offload,0.5,47.1237,38.8716,38.8716,40.6264,66.3236,112.06483125000001,112.06483125000001,144.8086,90.052
292,snn,baseline,jetson_emulator,40,offload,0.5,47.0147,39.4747,39.4747,40.7144,66.1429,112.06483125000001,112.06483125000001,144.9118,89.9781
293,snn,baseline,jetson_emulator,40,local,0.5,47.2897,38.7957,47.2897,49.7343,63.8874,112.06483125000001,112.06483125000001,146.7145,89.9948
294,snn,baseline,jetson_emulator,40,local,0.5,47.5144,38.8749,47.5144,49.2149,63.8248,112.06483125000001,112.06483125000001,146.819,90.0445
295,snn,baseline,jetson_emulator,40,local,0.5,47.8863,39.118,47.8863,49.7985,63.7215,112.06483125000001,112.06483125000001,146.9235,90.0131
296,snn,baseline,jetson_emulator,40,offload,0.5,47.0347,39.2211,39.2211,40.1535,66.2188,112.06483125000001,112.06483125000001,145.325,89.9987
297,snn,baseline,jetson_emulator,40,local,0.5,47.2208,38.9872,47.2208,49.5467,63.9066,112.06483125000001,112.06483125000001,147.1325,89.9101
298,snn,baseline,jetson_emulator,40,local,0.5,47.7711,40.2488,47.7711,49.2552,63.7534,112.06483125000001,112.06483125000001,147.237,89.9956
299,snn,baseline,jetson_emulator,40,offload,0.5,47.3536,39.923,39.923,41.3884,66.0092,112.06483125000001,112.06483125000001,145.6348,90.0449
300,snn,baseline,jetson_emulator,40,local,0.5,47.5332,39.301,47.5332,49.569,63.8195,112.06483125000001,112.06483125000001,147.4459,89.9583
301,snn,baseline,jetson_emulator,40,offload,0.5,48.1805,40.3524,40.3524,42.7204,65.8817,112.06483125000001,112.06483125000001,145.8414,89.9488
302,snn,baseline,jetson_emulator,40,offload,0.5,48.4902,40.5004,40.5004,42.1427,65.8378,112.06483125000001,112.06483125000001,145.9446,90.014
303,snn,baseline,jetson_emulator,40,local,0.5,47.7338,39.9537,47.7338,50.0424,63.7638,112.06483125000001,112.06483125000001,147.7594,90.032
304,snn,baseline,jetson_emulator,40,local,0.5,48.474,39.736,48.474,50.301,63.5589,112.06483125000001,112.06483125000001,147.8639,90.0025
305,snn,baseline,jetson_emulator,40,local,0.5,48.4172,39.9121,48.4172,51.2507,63.5746,112.06483125000001,112.06483125000001,147.9684,89.9167
306,snn,baseline,jetson_emulator,40,offload,0.5,48.0708,40.331,40.331,42.3989,65.8881,112.06483125000001,112.06483125000001,146.3577,90.0005
307,snn,baseline,jetson_emulator,40,local,0.5,48.5375,39.7961,48.5375,49.7535,63.5414,112.06483125000001,112.06483125000001,148.1774,89.945
308,snn,baseline,jetson_emulator,40,offload,0.5,49.0525,41.2542,41.2542,43.2574,65.6154,112.06483125000001,112.06483125000001,146.5643,90.0144
309,snn,baseline,jetson_emulator,40,local,0.5,48.2158,40.2957,48.2158,49.7707,63.6302,112.06483125000001,112.06483125000001,148.3863,89.9477
310,snn,baseline,jetson_emulator,40,local,0.5,48.3004,40.1956,48.3004,49.5082,63.6068,112.06483125000001,112.06483125000001,148.4908,89.9693
311,snn,baseline,jetson_emulator,40,local,0.5,49.1554,41.1269,49.1554,50.6822,63.3714,112.06483125000001,112.06483125000001,148.5953,89.892
312,snn,baseline,jetson_emulator,40,offload,0.5,48.4482,41.9323,41.9323,44.11,65.4166,112.06483125000001,112.06483125000001,146.9774,89.9982
313,snn,baseline,jetson_emulator,40,local,0.5,48.5567,40.135,48.5567,50.584,63.5361,112.06483125000001,112.06483125000001,148.8043,89.9667
314,snn,baseline,jetson_emulator,40,offload,0.5,49.268,40.2413,40.2413,41.2773,65.9147,112.06483125000001,112.06483125000001,147.184,89.9122
315,snn,baseline,jetson_emulator,40,local,0.5,49.3724,41.7677,49.3724,50.8794,63.312,112.06483125000001,112.06483125000001,149.0133,90.0342
316,snn,baseline,jetson_emulator,40,local,0.5,49.9921,41.4513,49.9921,51.6658,63.1428,112.06483125000001,112.06483125000001,149.1178,90.0109
317,snn,baseline,jetson_emulator,40,local,0.5,49.7093,41.7576,49.7093,51.0709,63.2199,112.06483125000001,112.06483125000001,149.2223,89.9764
318,snn,baseline,jetson_emulator,40,local,0.5,48.9464,40.5153,48.9464,51.1676,63.4288,112.06483125000001,112.06483125000001,149.3267,90.0145
319,snn,baseline,jetson_emulator,40,offload,0.5,49.0902,40.6111,40.6111,41.961,65.8051,112.06483125000001,112.06483125000001,147.7004,90.0221
320,snn,baseline,jetson_emulator,40,local,0.5,49.7583,41.1102,49.7583,52.1586,63.2065,112.06483125000001,112.06483125000001,149.5357,89.9925
321,snn,baseline,jetson_emulator,40,offload,0.5,49.2489,41.4282,41.4282,44.1363,65.5643,112.06483125000001,112.06483125000001,147.9069,89.9609
322,snn,baseline,jetson_emulator,40,offload,0.5,49.307,42.1428,42.1428,43.7738,65.3552,112.06483125000001,112.06483125000001,148.0102,90.0169
323,snn,baseline,jetson_emulator,40,offload,0.5,49.4929,41.1479,41.1479,42.7865,65.6467,112.06483125000001,112.06483125000001,148.1135,90.0339
324,snn,baseline,jetson_emulator,40,local,0.5,50.2055,41.0164,50.2055,51.6959,63.0847,112.06483125000001,112.06483125000001,149.9537,90.0257
325,snn,baseline,jetson_emulator,40,offload,0.5,49.9929,41.2868,41.2868,43.3317,65.6058,112.06483125000001,112.06483125000001,148.32,89.9613
326,snn,baseline,jetson_emulator,40,local,0.5,50.1336,42.0019,50.1336,51.6243,63.1042,112.06483125000001,112.06483125000001,150.1627,90.0657
327,snn,baseline,jetson_emulator,40,offload,0.5,50.283,42.4671,42.4671,44.9545,65.2607,112.06483125000001,112.06483125000001,148.5266,89.9853
328,snn,baseline,jetson_emulator,40,local,0.5,49.7594,41.9101,49.7594,51.4311,63.2062,112.06483125000001,112.06483125000001,150.3716,90.0263
329,snn,baseline,jetson_emulator,40,local,0.5,50.1112,41.5362,50.1112,52.6733,63.1104,112.06483125000001,112.06483125000001,150.4761,90.0688
330,snn,baseline,jetson_emulator,40,local,0.5,50.238,41.7266,50.238,52.2719,63.0759,112.06483125000001,112.06483125000001,150.5806,89.9569
331,snn,baseline,jetson_emulator,40,offload,0.5,50.9127,42.1901,42.1901,45.5623,65.3414,112.06483125000001,112.06483125000001,148.9397,89.9881
332,snn,baseline,jetson_emulator,40,local,0.5,50.2927,41.4312,50.2927,51.5193,63.061,112.06483125000001,112.06483125000001,150.7896,90.0318
333,snn,baseline,jetson_emulator,40,local,0.5,50.4301,41.7966,50.4301,52.5466,63.0237,112.06483125000001,112.06483125000001,150.8941,90.0829
334,snn,baseline,jetson_emulator,40,local,0.5,51.0975,41.7399,51.0975,52.9934,62.8432,112.06483125000001,112.06483125000001,150.9986,89.9369
335,snn,baseline,jetson_emulator,40,offload,0.5,50.6512,41.7685,41.7685,44.4983,65.4645,112.06483125000001,112.06483125000001,149.3528,90.0035
336,snn,baseline,jetson_emulator,40,local,0.5,51.2093,42.3791,51.2093,53.2202,62.813,112.06483125000001,112.06483125000001,151.2076,90.0123
337,snn,baseline,jetson_emulator,40,offload,0.5,50.5653,42.1215,42.1215,43.4787,65.3614,112.06483125000001,112.06483125000001,149.5594,89.949
338,snn,baseline,jetson_emulator,40,local,0.5,52.2537,42.0802,52.2537,54.002,62.5328,112.06483125000001,112.06483125000001,151.4165,90.0378
339,snn,baseline,jetson_emulator,40,offload,0.5,51.4942,42.5468,42.5468,44.631,65.2375,112.06483125000001,112.06483125000001,149.766,89.9802
340,snn,baseline,jetson_emulator,40,local,0.5,51.044,43.2678,51.044,53.0376,62.8576,112.06483125000001,112.06483125000001,151.6255,89.994
341,snn,baseline,jetson_emulator,40,local,0.5,50.9871,41.9457,50.9871,52.0093,62.873,112.06483125000001,112.06483125000001,151.73,90.0302
342,snn,baseline,jetson_emulator,40,local,0.5,51.1352,42.6191,51.1352,53.366,62.833,112.06483125000001,112.06483125000001,151.8345,89.9984
343,snn,baseline,jetson_emulator,40,local,0.5,51.5606,42.0158,51.5606,53.8054,62.7185,112.06483125000001,112.06483125000001,151.939,89.9909
344,snn,baseline,jetson_emulator,40,offload,0.5,51.1953,43.2156,43.2156,45.2748,65.0437,112.06483125000001,112.06483125000001,150.2823,89.9301
345,snn,baseline,jetson_emulator,40,local,0.5,51.107,42.9867,51.107,53.4887,62.8406,112.06483125000001,112.06483125000001,152.148,90.0679
346,snn,baseline,jetson_emulator,40,local,0.5,51.2647,42.8233,51.2647,52.3918,62.7981,112.06483125000001,112.06483125000001,152.2524,89.9602
347,snn,baseline,jetson_emulator,40,local,0.5,51.4102,42.3165,51.4102,53.3131,62.7589,112.06483125000001,112.06483125000001,152.3569,90.0019
348,snn,baseline,jetson_emulator,40,local,0.5,52.0375,42.8763,52.0375,53.8185,62.5906,112.06483125000001,112.06483125000001,152.4614,90.0427
349,snn,baseline,jetson_emulator,40,local,0.5,51.4884,42.6046,51.4884,53.4058,62.7379,112.06483125000001,112.06483125000001,152.5659,90.0538
350,snn,baseline,jetson_emulator,40,local,0.5,51.4078,43.3011,51.4078,52.8828,62.7596,112.06483125000001,112.06483125000001,152.6704,89.9396
351,snn,baseline,jetson_emulator,40,local,0.5,52.1312,42.5678,52.1312,54.1959,62.5656,112.06483125000001,112.06483125000001,152.7749,89.9897
352,snn,baseline,jetson_emulator,40,local,0.5,51.6472,42.6091,51.6472,52.1985,62.6952,112.06483125000001,112.06483125000001,152.8794,90.0812
353,snn,baseline,jetson_emulator,40,offload,0.5,51.7404,42.6701,42.6701,45.2521,65.2017,112.06483125000001,112.06483125000001,151.2119,90.0522
354,snn,baseline,jetson_emulator,40,local,0.5,51.6289,44.1176,51.6289,53.7046,62.7002,112.06483125000001,112.06483125000001,153.0884,89.9315
355,snn,baseline,jetson_emulator,40,offload,0.5,51.6442,43.0353,43.0353,44.8108,65.0958,112.06483125000001,112.06483125000001,151.4184,89.91
356,snn,baseline,jetson_emulator,40,local,0.5,52.2539,43.9265,52.2539,54.2766,62.5328,112.06483125000001,112.06483125000001,153.2973,89.9942
357,snn,baseline,jetson_emulator,40,local,0.5,51.9932,43.93,51.9932,53.1746,62.6025,112.06483125000001,112.06483125000001,153.4018,89.9903
358,snn,baseline,jetson_emulator,40,local,0.5,52.0404,44.2745,52.0404,54.2957,62.5898,112.06483125000001,112.06483125000001,153.5063,89.982
359,snn,baseline,jetson_emulator,40,local,0.5,52.2843,42.8113,52.2843,54.4499,62.5247,112.06483125000001,112.06483125000001,153.6108,89.9788
360,snn,baseline,jetson_emulator,40,local,0.5,51.9827,43.0427,51.9827,53.5022,62.6053,112.06483125000001,112.06483125000001,153.7153,90.0243
361,snn,baseline,jetson_emulator,40,local,0.5,52.6198,43.3376,52.6198,54.7858,62.4352,112.06483125000001,112.06483125000001,153.8198,90.0301
362,snn,baseline,jetson_emulator,40,local,0.5,52.7362,42.8722,52.7362,54.9696,62.4042,112.06483125000001,112.06483125000001,153.9243,90.0883
363,snn,baseline,jetson_emulator,40,local,0.5,53.0265,44.003,53.0265,54.8331,62.3271,112.06483125000001,112.06483125000001,154.0288,89.9464
364,snn,baseline,jetson_emulator,40,local,0.5,52.1899,43.0206,52.1899,53.9258,62.5499,112.06483125000001,112.06483125000001,154.1333,89.9962
365,snn,baseline,jetson_emulator,40,offload,0.5,52.0433,43.1891,43.1891,45.2025,65.0513,112.06483125000001,112.06483125000001,152.4512,89.978
366,snn,baseline,jetson_emulator,40,offload,0.5,52.1206,43.1202,43.1202,44.8157,65.0713,112.06483125000001,112.06483125000001,152.5545,89.9306
367,snn,baseline,jetson_emulator,40,offload,0.5,52.6087,43.5172,43.5172,45.1423,64.9567,112.06483125000001,112.06483125000001,152.6578,89.9345
368,snn,baseline,jetson_emulator,40,offload,0.5,52.6326,43.5009,43.5009,45.2733,64.9614,112.06483125000001,112.06483125000001,152.761,90.052
369,snn,baseline,jetson_emulator,40,offload,0.5,53.4756,44.2599,44.2599,45.9997,64.7433,112.06483125000001,112.06483125000001,152.8643,90.0001
370,snn,baseline,jetson_emulator,40,offload,0.5,52.6619,43.3636,43.3636,45.8254,65.001,112.06483125000001,112.06483125000001,152.9676,90.0168
371,snn,baseline,jetson_emulator,40,offload,0.5,52.7308,43.6078,43.6078,45.5735,64.9306,112.06483125000001,112.06483125000001,153.0709,89.9448
372,snn,baseline,jetson_emulator,40,offload,0.5,52.7185,43.7628,43.7628,45.7331,64.886,112.06483125000001,112.06483125000001,153.1742,90.0239
373,snn,baseline,jetson_emulator,40,offload,0.5,52.6879,43.2833,43.2833,45.0006,65.0241,112.06483125000001,112.06483125000001,153.2774,89.9745
374,snn,baseline,jetson_emulator,40,offload,0.5,53.691,43.6089,43.6089,45.6592,64.9302,112.06483125000001,112.06483125000001,153.3807,89.989
375,snn,baseline,jetson_emulator,40,local,0.5,52.3351,43.6032,52.3351,53.8803,62.5111,112.06483125000001,112.06483125000001,155.2826,89.9164
376,snn,baseline,jetson_emulator,40,local,0.5,52.555,44.1764,52.555,54.3948,62.4525,112.06483125000001,112.06483125000001,155.3871,90.05
377,snn,baseline,jetson_emulator,40,offload,0.5,53.0355,43.9204,43.9204,44.9058,64.8407,112.06483125000001,112.06483125000001,153.6906,90.0337
378,snn,baseline,jetson_emulator,40,offload,0.5,52.5897,44.1908,44.1908,45.9396,64.7631,112.06483125000001,112.06483125000001,153.7938,89.9544
379,snn,baseline,jetson_emulator,40,offload,0.5,52.96,44.4298,44.4298,46.5661,64.6947,112.06483125000001,112.06483125000001,153.8971,89.9364
380,snn,baseline,jetson_emulator,40,local,0.5,52.8424,44.3759,52.8424,55.2307,62.376,112.06483125000001,112.06483125000001,155.8051,89.9162
381,snn,baseline,jetson_emulator,40,local,0.5,53.2491,43.9056,53.2491,56.3692,62.2681,112.06483125000001,112.06483125000001,155.9096,90.1064
382,snn,baseline,jetson_emulator,40,offload,0.5,52.6704,43.7072,43.7072,45.8197,64.9019,112.06483125000001,112.06483125000001,154.2069,90.0228
383,snn,baseline,jetson_emulator,40,offload,0.5,52.9036,43.6482,43.6482,45.9368,64.9189,112.06483125000001,112.06483125000001,154.3102,89.9699
384,snn,baseline,jetson_emulator,40,local,0.5,54.0719,43.6365,54.0719,55.984,62.051,112.06483125000001,112.06483125000001,156.223,89.9767
385,snn,baseline,jetson_emulator,40,offload,0.5,53.0304,44.465,44.465,46.4831,64.6846,112.06483125000001,112.06483125000001,154.5168,89.8691
386,snn,baseline,jetson_emulator,40,local,0.5,52.9669,43.5977,52.9669,55.6141,62.3429,112.06483125000001,112.06483125000001,156.432,89.999
387,snn,baseline,jetson_emulator,40,offload,0.5,52.7604,44.8592,44.8592,46.9342,64.5722,112.06483125000001,112.06483125000001,154.7233,90.024
388,snn,baseline,jetson_emulator,40,offload,0.5,52.7336,43.5949,43.5949,45.9292,64.9343,112.06483125000001,112.06483125000001,154.8266,89.9539
389,snn,baseline,jetson_emulator,40,offload,0.5,52.8392,43.6922,43.6922,45.92,64.9062,112.06483125000001,112.06483125000001,154.9299,90.0013
390,snn,baseline,jetson_emulator,40,offload,0.5,52.6519,43.6609,43.6609,44.7539,64.9153,112.06483125000001,112.06483125000001,155.0332,89.9877
391,snn,baseline,jetson_emulator,40,local,0.5,53.5157,43.6775,53.5157,55.2699,62.1976,112.06483125000001,112.06483125000001,156.9545,89.9355
392,snn,baseline,jetson_emulator,40,local,0.5,53.2444,44.0179,53.2444,54.5066,62.2693,112.06483125000001,112.06483125000001,157.059,90.0708
393,snn,baseline,jetson_emulator,40,offload,0.5,52.6522,43.7011,43.7011,45.6785,64.9037,112.06483125000001,112.06483125000001,155.343,89.9019
394,snn,baseline,jetson_emulator,40,local,0.5,52.7245,43.5528,52.7245,54.3505,62.4074,112.06483125000001,112.06483125000001,157.2679,89.9508
395,snn,baseline,jetson_emulator,40,local,0.5,53.067,43.5261,53.067,53.6264,62.3164,112.06483125000001,112.06483125000001,157.3724,90.0923
396,snn,baseline,jetson_emulator,40,offload,0.5,53.4525,44.4281,44.4281,46.2599,64.6952,112.06483125000001,112.06483125000001,155.6529,89.9999
397,snn,baseline,jetson_emulator,40,offload,0.5,53.1957,44.2039,44.2039,44.9813,64.7594,112.06483125000001,112.06483125000001,155.7561,89.9119
398,snn,baseline,jetson_emulator,40,offload,0.5,52.9647,44.1121,44.1121,45.9228,64.7857,112.06483125000001,112.06483125000001,155.8594,90.0005
399,snn,baseline,jetson_emulator,40,local,0.5,53.036,43.616,53.036,55.1058,62.3246,112.06483125000001,112.06483125000001,157.7904,90.018
400,snn,baseline,jetson_emulator,40,local,0.5,52.9696,44.8186,52.9696,55.2382,62.3422,112.06483125000001,112.06483125000001,157.8949,90.0923
401,snn,baseline,jetson_emulator,40,offload,0.5,52.736,43.9915,43.9915,45.4203,64.8202,112.06483125000001,112.06483125000001,156.1692,89.9007
402,snn,baseline,jetson_emulator,40,offload,0.5,53.2703,44.3449,44.3449,46.7655,64.719,112.06483125000001,112.06483125000001,156.2725,90.0189
403,snn,baseline,jetson_emulator,40,offload,0.5,53.5916,45.3988,45.3988,47.5488,64.4189,112.06483125000001,112.06483125000001,156.3758,89.9821
404,snn,baseline,jetson_emulator,40,local,0.5,52.9355,44.5293,52.9355,55.2395,62.3513,112.06483125000001,112.06483125000001,158.3128,90.0431
405,snn,baseline,jetson_emulator,40,local,0.5,53.5719,44.4693,53.5719,54.6422,62.1827,112.06483125000001,112.06483125000001,158.4173,90.1178
406,snn,baseline,jetson_emulator,40,local,0.5,53.4946,45.0609,53.4946,55.1072,62.2031,112.06483125000001,112.06483125000001,158.5218,89.9725
407,snn,baseline,jetson_emulator,40,local,0.5,53.0873,44.4425,53.0873,55.5238,62.311,112.06483125000001,112.06483125000001,158.6263,89.9657
408,snn,baseline,jetson_emulator,40,offload,0.5,52.8371,44.6007,44.6007,46.6943,64.6459,112.06483125000001,112.06483125000001,156.8922,89.985
409,snn,baseline,jetson_emulator,40,offload,0.5,53.5729,44.4271,44.4271,46.5012,64.6955,112.06483125000001,112.06483125000001,156.9955,89.9921
410,snn,baseline,jetson_emulator,40,local,0.5,53.3533,44.2032,53.3533,55.1429,62.2405,112.06483125000001,112.06483125000001,158.9398,89.9268
411,snn,baseline,jetson_emulator,40,local,0.5,53.037,43.6473,53.037,55.0922,62.3243,112.06483125000001,112.06483125000001,159.0442,90.1063
412,snn,baseline,jetson_emulator,40,local,0.5,53.7258,44.0661,53.7258,55.1339,62.1421,112.06483125000001,112.06483125000001,159.1487,90.0098
413,snn,baseline,jetson_emulator,40,local,0.5,52.7515,44.2759,52.7515,55.0227,62.4002,112.06483125000001,112.06483125000001,159.2532,89.9562
414,snn,baseline,jetson_emulator,40,local,0.5,53.7235,44.5837,53.7235,55.8497,62.1427,112.06483125000001,112.06483125000001,159.3577,89.9845
415,snn,baseline,jetson_emulator,40,local,0.5,53.0188,44.2437,53.0188,54.7918,62.3291,112.06483125000001,112.06483125000001,159.4622,89.9807
416,snn,baseline,jetson_emulator,40,offload,0.5,52.888,43.7683,43.7683,45.8803,64.8844,112.06483125000001,112.06483125000001,157.7184,89.9607
417,snn,baseline,jetson_emulator,40,offload,0.5,53.8376,44.5037,44.5037,45.9897,64.6736,112.06483125000001,112.06483125000001,157.8217,89.9993
418,snn,baseline,jetson_emulator,40,offload,0.5,53.4666,43.7465,43.7465,45.6172,64.8906,112.06483125000001,112.06483125000001,157.925,90.0039
419,snn,baseline,jetson_emulator,40,offload,0.5,52.6835,44.3001,44.3001,46.0128,64.7318,112.06483125000001,112.06483125000001,158.0283,89.8611
420,snn,baseline,jetson_emulator,40,offload,0.5,52.718,44.2745,44.2745,47.2118,64.7391,112.06483125000001,112.06483125000001,158.1315,89.9572
421,snn,baseline,jetson_emulator,40,local,0.5,53.1924,44.4468,53.1924,54.9434,62.2831,112.06483125000001,112.06483125000001,160.0891,90.0211
422,snn,baseline,jetson_emulator,40,local,0.5,53.5545,43.9605,53.5545,55.2171,62.1873,112.06483125000001,112.06483125000001,160.1936,90.0513
423,snn,baseline,jetson_emulator,40,local,0.5,53.7919,44.6982,53.7919,55.6092,62.1247,112.06483125000001,112.06483125000001,160.2981,90.0169
424,snn,baseline,jetson_emulator,40,offload,0.5,53.7993,44.3073,44.3073,45.7321,64.7298,112.06483125000001,112.06483125000001,158.5447,89.938
425,snn,baseline,jetson_emulator,40,local,0.5,52.8231,44.1581,52.8231,55.3768,62.3811,112.06483125000001,112.06483125000001,160.5071,89.9906
426,snn,baseline,jetson_emulator,40,offload,0.5,53.4576,43.9735,43.9735,45.763,64.8254,112.06483125000001,112.06483125000001,158.7512,90.0218
427,snn,baseline,jetson_emulator,40,offload,0.5,52.7403,43.9344,43.9344,46.1541,64.8366,112.06483125000001,112.06483125000001,158.8545,89.9905
428,snn,baseline,jetson_emulator,40,offload,0.5,53.3671,43.5461,43.5461,44.8948,64.9483,112.06483125000001,112.06483125000001,158.9578,89.9445
429,snn,baseline,jetson_emulator,40,offload,0.5,53.5205,43.7484,43.7484,45.8877,64.8901,112.06483125000001,112.06483125000001,159.0611,90.0721
430,snn,baseline,jetson_emulator,40,local,0.5,53.0879,44.8011,53.0879,54.8074,62.3108,112.06483125000001,112.06483125000001,161.0295,89.9581
431,snn,baseline,jetson_emulator,40,offload,0.5,53.0023,44.2224,44.2224,45.955,64.754,112.06483125000001,112.06483125000001,159.2676,89.9899
432,snn,baseline,jetson_emulator,40,offload,0.5,52.8346,44.2461,44.2461,45.6802,64.7473,112.06483125000001,112.06483125000001,159.3709,90.0208
433,snn,baseline,jetson_emulator,40,local,0.5,52.8329,43.8286,52.8329,55.0857,62.3785,112.06483125000001,112.06483125000001,161.343,90.0042
434,snn,baseline,jetson_emulator,40,local,0.5,52.6564,44.2744,52.6564,55.3056,62.4255,112.06483125000001,112.06483125000001,161.4475,90.0326
435,snn,baseline,jetson_emulator,40,local,0.5,52.6086,45.1507,52.6086,54.118,62.4382,112.06483125000001,112.06483125000001,161.552,90.0005
436,snn,baseline,jetson_emulator,40,local,0.5,52.7531,44.3947,52.7531,54.5614,62.3997,112.06483125000001,112.06483125000001,161.6565,90.0624
437,snn,baseline,jetson_emulator,40,offload,0.5,53.2646,43.4364,43.4364,45.6584,64.98,112.06483125000001,112.06483125000001,159.8873,89.9944
438,snn,baseline,jetson_emulator,40,offload,0.5,52.6258,43.6961,43.6961,45.1996,64.9051,112.06483125000001,112.06483125000001,159.9906,89.9574
439,snn,baseline,jetson_emulator,40,offload,0.5,53.1186,43.5951,43.5951,46.0448,64.9342,112.06483125000001,112.06483125000001,160.0938,89.9268
440,snn,baseline,jetson_emulator,40,offload,0.5,52.8148,43.5525,43.5525,45.7849,64.9465,112.06483125000001,112.06483125000001,160.1971,90.0022
441,snn,baseline,jetson_emulator,40,local,0.5,52.5601,44.1987,52.5601,54.6374,62.4511,112.06483125000001,112.06483125000001,162.1789,90.0294
442,snn,baseline,jetson_emulator,40,local,0.5,53.7975,43.9106,53.7975,55.5766,62.1232,112.06483125000001,112.06483125000001,162.2834,89.9984
443,snn,baseline,jetson_emulator,40,local,0.5,52.9509,43.8163,52.9509,54.8852,62.3472,112.06483125000001,112.06483125000001,162.3879,90.0552
444,snn,baseline,jetson_emulator,40,local,0.5,52.8803,43.3958,52.8803,54.3711,62.3659,112.06483125000001,112.06483125000001,162.4924,89.9999
445,snn,baseline,jetson_emulator,40,local,0.5,53.04,43.4988,53.04,54.9277,62.3235,112.06483125000001,112.06483125000001,162.5969,89.9832
446,snn,baseline,jetson_emulator,40,local,0.5,52.9932,44.0366,52.9932,54.2817,62.3359,112.06483125000001,112.06483125000001,162.7014,89.9486
447,snn,baseline,jetson_emulator,40,offload,0.5,52.8694,43.8213,43.8213,45.6665,64.8691,112.06483125000001,112.06483125000001,160.9201,90.0221
448,snn,baseline,jetson_emulator,40,local,0.5,52.6178,44.3757,52.6178,54.7245,62.4357,112.06483125000001,112.06483125000001,162.9103,89.9647
449,snn,baseline,jetson_emulator,40,offload,0.5,52.777,44.2401,44.2401,45.445,64.749,112.06483125000001,112.06483125000001,161.1266,89.9586
450,snn,baseline,jetson_emulator,40,local,0.5,53.297,44.0896,53.297,55.5915,62.2554,112.06483125000001,112.06483125000001,163.1193,90.0789
451,snn,baseline,jetson_emulator,40,local,0.5,53.0528,43.4211,53.0528,54.09,62.3201,112.06483125000001,112.06483125000001,163.2238,90.0181
452,snn,baseline,jetson_emulator,40,local,0.5,53.3333,43.4515,53.3333,55.27,62.2458,112.06483125000001,112.06483125000001,163.3283,89.9786
453,snn,baseline,jetson_emulator,40,offload,0.5,52.747,43.9154,43.9154,45.2827,64.8421,112.06483125000001,112.06483125000001,161.5398,89.9746
454,snn,baseline,jetson_emulator,40,local,0.5,53.0229,45.0505,53.0229,54.5187,62.3281,112.06483125000001,112.06483125000001,163.5373,89.9663
455,snn,baseline,jetson_emulator,40,offload,0.5,53.9062,43.6339,43.6339,44.868,64.923,112.06483125000001,112.06483125000001,161.7463,90.0814
456,snn,baseline,jetson_emulator,40,local,0.5,52.6299,43.8603,52.6299,53.6416,62.4325,112.06483125000001,112.06483125000001,163.7463,89.964
457,snn,baseline,jetson_emulator,40,offload,0.5,52.4642,43.6751,43.6751,44.6827,64.9112,112.06483125000001,112.06483125000001,161.9529,90.0191
458,snn,baseline,jetson_emulator,40,local,0.5,53.4358,43.5267,53.4358,55.0341,62.2187,112.06483125000001,112.06483125000001,163.9552,89.9898
459,snn,baseline,jetson_emulator,40,local,0.5,53.0019,43.6357,53.0019,54.4442,62.3336,112.06483125000001,112.06483125000001,164.0597,89.9964
460,snn,baseline,jetson_emulator,40,offload,0.5,53.9972,45.0821,45.0821,46.5308,64.5088,112.06483125000001,112.06483125000001,162.2627,90.1253
461,snn,baseline,jetson_emulator,40,offload,0.5,52.538,44.2061,44.2061,44.9082,64.7587,112.06483125000001,112.06483125000001,162.366,89.9764
462,snn,baseline,jetson_emulator,40,local,0.5,53.3658,44.8705,53.3658,55.4117,62.2372,112.06483125000001,112.06483125000001,164.3732,89.9504
463,snn,baseline,jetson_emulator,40,offload,0.5,53.3811,43.6274,43.6274,45.5537,64.9249,112.06483125000001,112.06483125000001,162.5725,89.9892
464,snn,baseline,jetson_emulator,40,local,0.5,52.8715,44.2923,52.8715,54.8142,62.3683,112.06483125000001,112.06483125000001,164.5822,90.1007
465,snn,baseline,jetson_emulator,40,offload,0.5,52.8363,43.8494,43.8494,45.6234,64.8611,112.06483125000001,112.06483125000001,162.7791,89.9715
466,snn,baseline,jetson_emulator,40,local,0.5,53.0674,44.4717,53.0674,55.1472,62.3163,112.06483125000001,112.06483125000001,164.7912,89.9943
467,snn,baseline,jetson_emulator,40,offload,0.5,53.6092,44.2244,44.2244,45.9887,64.7535,112.06483125000001,112.06483125000001,162.9857,90.0082
468,snn,baseline,jetson_emulator,40,local,0.5,53.1374,44.7831,53.1374,54.7854,62.2977,112.06483125000001,112.06483125000001,165.0001,89.9443
469,snn,baseline,jetson_emulator,40,local,0.5,53.289,43.4663,53.289,54.7824,62.2575,112.06483125000001,112.06483125000001,165.1046,90.1274
470,snn,baseline,jetson_emulator,40,offload,0.5,53.0741,44.3529,44.3529,45.3085,64.7167,112.06483125000001,112.06483125000001,163.2955,89.9943
471,snn,baseline,jetson_emulator,40,local,0.5,53.0154,44.3496,53.0154,54.6667,62.3301,112.06483125000001,112.06483125000001,165.3136,90.0339
472,snn,baseline,jetson_emulator,40,local,0.5,52.873,44.1623,52.873,54.4256,62.3679,112.06483125000001,112.06483125000001,165.4181,89.9937
473,snn,baseline,jetson_emulator,40,local,0.5,53.8416,44.1511,53.8416,55.7042,62.1116,112.06483125000001,112.06483125000001,165.5226,90.0992
474,snn,baseline,jetson_emulator,40,local,0.5,53.5051,43.7578,53.5051,55.6354,62.2004,112.06483125000001,112.06483125000001,165.6271,90.0193
475,snn,baseline,jetson_emulator,40,local,0.5,52.8015,43.5538,52.8015,55.2579,62.3869,112.06483125000001,112.06483125000001,165.7316,90.0206
476,snn,baseline,jetson_emulator,40,offload,0.5,52.7443,44.4515,44.4515,46.7164,64.6885,112.06483125000001,112.06483125000001,163.9152,90.0787
477,snn,baseline,jetson_emulator,40,local,0.5,53.8694,44.3033,53.8694,54.6212,62.1043,112.06483125000001,112.06483125000001,165.9405,90.0046
478,snn,baseline,jetson_emulator,40,offload,0.5,52.8734,44.8184,44.8184,46.8236,64.5838,112.06483125000001,112.06483125000001,164.1217,90.005
479,snn,baseline,jetson_emulator,40,offload,0.5,53.1141,43.5634,43.5634,44.7878,64.9433,112.06483125000001,112.06483125000001,164.225,90.0027
480,snn,baseline,jetson_emulator,40,offload,0.5,52.9997,44.0365,44.0365,45.7137,64.8073,112.06483125000001,112.06483125000001,164.3283,90.0289
481,snn,baseline,jetson_emulator,40,offload,0.5,52.8585,43.8554,43.8554,45.1247,64.8593,112.06483125000001,112.06483125000001,164.4316,89.9703
482,snn,baseline,jetson_emulator,40,offload,0.5,52.9051,43.9759,43.9759,45.8083,64.8247,112.06483125000001,112.06483125000001,164.5348,89.9946
483,snn,baseline,jetson_emulator,40,local,0.5,53.2338,43.6809,53.2338,55.7959,62.2722,112.06483125000001,112.06483125000001,166.5675,90.0119
484,snn,baseline,jetson_emulator,40,offload,0.5,53.309,44.1755,44.1755,45.0862,64.7675,112.06483125000001,112.06483125000001,164.7414,90.0231
485,snn,baseline,jetson_emulator,40,local,0.5,53.3057,44.0715,53.3057,55.4284,62.2531,112.06483125000001,112.06483125000001,166.7765,89.9795
486,snn,baseline,jetson_emulator,40,offload,0.5,53.4807,44.334,44.334,46.4053,64.7221,112.06483125000001,112.06483125000001,164.948,89.932
487,snn,baseline,jetson_emulator,40,local,0.5,53.6609,44.2735,53.6609,55.8705,62.1592,112.06483125000001,112.06483125000001,166.9854,90.0014
488,snn,baseline,jetson_emulator,40,local,0.5,54.4176,44.7011,54.4176,56.8583,61.9602,112.06483125000001,112.06483125000001,167.0899,89.9043
489,snn,baseline,jetson_emulator,40,local,0.5,54.2866,44.2711,54.2866,56.8578,61.9945,112.06483125000001,112.06483125000001,167.1944,90.092
490,snn,baseline,jetson_emulator,40,local,0.5,53.111,44.089,53.111,54.5598,62.3047,112.06483125000001,112.06483125000001,167.2989,90.0545
491,snn,baseline,jetson_emulator,40,local,0.5,53.4259,44.8468,53.4259,55.8213,62.2213,112.06483125000001,112.06483125000001,167.4034,90.046
492,snn,baseline,jetson_emulator,40,local,0.5,53.1445,45.5198,53.1445,55.2951,62.2958,112.06483125000001,112.06483125000001,167.5079,89.9977
493,snn,baseline,jetson_emulator,40,local,0.5,53.0669,44.029,53.0669,55.2888,62.3164,112.06483125000001,112.06483125000001,167.6124,89.966
494,snn,baseline,jetson_emulator,40,local,0.5,53.328,43.9944,53.328,54.5225,62.2472,112.06483125000001,112.06483125000001,167.7169,89.9624
495,snn,baseline,jetson_emulator,40,offload,0.5,53.926,44.216,44.216,45.4433,64.7559,112.06483125000001,112.06483125000001,165.8775,90.0218
496,snn,baseline,jetson_emulator,40,local,0.5,53.5267,44.7518,53.5267,55.8016,62.1947,112.06483125000001,112.06483125000001,167.9258,90.1337
497,snn,baseline,jetson_emulator,40,local,0.5,53.892,44.3822,53.892,55.8382,62.0983,112.06483125000001,112.06483125000001,168.0303,90.0499
498,snn,baseline,jetson_emulator,40,local,0.5,53.4773,44.3842,53.4773,55.7422,62.2077,112.06483125000001,112.06483125000001,168.1348,89.9929
499,snn,baseline,jetson_emulator,40,offload,0.5,54.3461,44.7472,44.7472,47.002,64.6041,112.06483125000001,112.06483125000001,166.2906,89.9307
500,snn,baseline,jetson_emulator,40,local,0.5,53.4283,44.9517,53.4283,55.3549,62.2207,112.06483125000001,112.06483125000001,168.3438,89.9728
501,snn,baseline,jetson_emulator,40,offload,0.5,54.0279,45.2329,45.2329,47.5302,64.466,112.06483125000001,112.06483125000001,166.4971,89.9494
502,snn,baseline,jetson_emulator,40,offload,0.5,53.4914,46.0801,46.0801,47.5742,64.2264,112.06483125000001,112.06483125000001,166.6004,89.9077
503,snn,baseline,jetson_emulator,40,offload,0.5,53.462,45.0905,45.0905,48.1304,64.5064,112.06483125000001,112.06483125000001,166.7037,89.9214
504,snn,baseline,jetson_emulator,40,local,0.5,53.8424,45.6162,53.8424,55.7299,62.1114,112.06483125000001,112.06483125000001,168.7617,89.9368
505,snn,baseline,jetson_emulator,40,local,0.5,54.1001,45.7113,54.1001,55.6549,62.0436,112.06483125000001,112.06483125000001,168.8662,90.0104
506,snn,baseline,jetson_emulator,40,local,0.5,53.6116,44.8069,53.6116,55.9309,62.1723,112.06483125000001,112.06483125000001,168.9707,89.9923
507,snn,baseline,jetson_emulator,40,offload,0.5,54.0983,45.2157,45.2157,47.6196,64.4708,112.06483125000001,112.06483125000001,167.1168,90.0088
508,snn,baseline,jetson_emulator,40,local,0.5,53.8311,44.9853,53.8311,55.674,62.1144,112.06483125000001,112.06483125000001,169.1797,90.0426
509,snn,baseline,jetson_emulator,40,local,0.5,54.0914,45.4854,54.0914,55.822,62.0458,112.06483125000001,112.06483125000001,169.2842,90.0268
510,snn,baseline,jetson_emulator,40,offload,0.5,54.1119,44.6204,44.6204,46.4764,64.6403,112.06483125000001,112.06483125000001,167.4267,89.968
511,snn,baseline,jetson_emulator,40,local,0.5,54.1193,45.3667,54.1193,56.3918,62.0385,112.06483125000001,112.06483125000001,169.4932,89.9347
512,snn,baseline,jetson_emulator,40,offload,0.5,54.5541,45.5779,45.5779,47.7717,64.3682,112.06483125000001,112.06483125000001,167.6332,89.9243
513,snn,baseline,jetson_emulator,40,offload,0.5,54.0865,45.6615,45.6615,47.3331,64.3445,112.06483125000001,112.06483125000001,167.7365,89.9446
514,snn,baseline,jetson_emulator,40,offload,0.5,54.4301,46.4187,46.4187,47.836,64.1311,112.06483125000001,112.06483125000001,167.8398,90.0425
515,snn,baseline,jetson_emulator,40,offload,0.5,54.8063,45.7367,45.7367,47.4007,64.3233,112.06483125000001,112.06483125000001,167.943,89.9175
516,snn,baseline,jetson_emulator,40,offload,0.5,54.2753,45.5209,45.5209,47.2724,64.3843,112.06483125000001,112.06483125000001,168.0463,90.0298
517,snn,baseline,jetson_emulator,40,local,0.5,54.4789,46.3128,54.4789,56.5094,61.9441,112.06483125000001,112.06483125000001,170.1201,90.0048
518,snn,baseline,jetson_emulator,40,offload,0.5,54.8114,44.8976,44.8976,46.1676,64.5613,112.06483125000001,112.06483125000001,168.2529,89.9922
519,snn,baseline,jetson_emulator,40,local,0.5,54.5784,45.0512,54.5784,56.8179,61.918,112.06483125000001,112.06483125000001,170.3291,90.0029
520,snn,baseline,jetson_emulator,40,local,0.5,54.5657,45.5174,54.5657,55.5528,61.9214,112.06483125000001,112.06483125000001,170.4336,90.0513
521,snn,baseline,jetson_emulator,40,local,0.5,54.9325,46.6264,54.9325,57.8054,61.8255,112.06483125000001,112.06483125000001,170.5381,89.9441
522,snn,baseline,jetson_emulator,40,local,0.5,54.7352,45.1662,54.7352,56.4935,61.877,112.06483125000001,112.06483125000001,170.6426,90.0177
523,snn,baseline,jetson_emulator,40,local,0.5,54.7181,45.4391,54.7181,56.5431,61.8815,112.06483125000001,112.06483125000001,170.747,90.0227
524,snn,baseline,jetson_emulator,40,offload,0.5,54.9137,45.4876,45.4876,47.6844,64.3937,112.06483125000001,112.06483125000001,168.8726,90.071
525,snn,baseline,jetson_emulator,40,local,0.5,56.12,45.5055,56.12,58.2622,61.517,112.06483125000001,112.06483125000001,170.956,89.9617
526,snn,baseline,jetson_emulator,40,local,0.5,54.8133,45.836,54.8133,56.953,61.8566,112.06483125000001,112.06483125000001,171.0605,89.9965
527,snn,baseline,jetson_emulator,40,offload,0.5,54.9814,45.5872,45.5872,47.0573,64.3655,112.06483125000001,112.06483125000001,169.1824,89.9553
528,snn,baseline,jetson_emulator,40,local,0.5,55.6548,46.07,55.6548,56.9439,61.6375,112.06483125000001,112.06483125000001,171.2695,89.9709
529,snn,baseline,jetson_emulator,40,offload,0.5,56.4961,46.839,46.839,47.855,64.0132,112.06483125000001,112.06483125000001,169.389,89.972
530,snn,baseline,jetson_emulator,40,offload,0.5,55.6437,45.8285,45.8285,47.4866,64.2973,112.06483125000001,112.06483125000001,169.4922,89.9733
531,snn,baseline,jetson_emulator,40,offload,0.5,55.2511,46.4223,46.4223,48.2384,64.1301,112.06483125000001,112.06483125000001,169.5955,90.0048
532,snn,baseline,jetson_emulator,40,local,0.5,56.1253,46.3965,56.1253,58.6346,61.5156,112.06483125000001,112.06483125000001,171.6874,90.0365
533,snn,baseline,jetson_emulator,40,offload,0.5,55.8186,46.1336,46.1336,47.786,64.2113,112.06483125000001,112.06483125000001,169.8021,89.8715
534,snn,baseline,jetson_emulator,40,local,0.5,55.8236,45.7676,55.8236,58.0689,61.5937,112.06483125000001,112.06483125000001,171.8964,90.0366
535,snn,baseline,jetson_emulator,40,local,0.5,56.1793,46.0013,56.1793,58.6618,61.5017,112.06483125000001,112.06483125000001,172.0009,90.0459
536,snn,baseline,jetson_emulator,40,local,0.5,56.0886,46.6404,56.0886,58.4047,61.5251,112.06483125000001,112.06483125000001,172.1054,89.9507
537,snn,baseline,jetson_emulator,40,local,0.5,55.6294,46.5531,55.6294,57.6014,61.6441,112.06483125000001,112.06483125000001,172.2099,89.972
538,snn,baseline,jetson_emulator,40,offload,0.5,55.8471,47.3538,47.3538,49.1753,63.8695,112.06483125000001,112.06483125000001,170.3185,90.0615
539,snn,baseline,jetson_emulator,40,local,0.5,56.2761,46.4161,56.2761,58.2898,61.4767,112.06483125000001,112.06483125000001,172.4189,90.0408
540,snn,baseline,jetson_emulator,40,local,0.5,56.8759,47.4952,56.8759,58.3131,61.3222,112.06483125000001,112.06483125000001,172.5234,89.9959
541,snn,baseline,jetson_emulator,40,offload,0.5,56.0521,46.5699,46.5699,49.3649,64.0886,112.06483125000001,112.06483125000001,170.6283,90.083
542,snn,baseline,jetson_emulator,40,local,0.5,56.6532,47.5087,56.6532,58.6111,61.3795,112.06483125000001,112.06483125000001,172.7323,89.9622
543,snn,baseline,jetson_emulator,40,offload,0.5,56.6241,46.4647,46.4647,47.8513,64.1182,112.06483125000001,112.06483125000001,170.8349,90.0039
544,snn,baseline,jetson_emulator,40,local,0.5,56.8837,46.4165,56.8837,58.8353,61.3202,112.06483125000001,112.06483125000001,172.9413,89.9692
545,snn,baseline,jetson_emulator,40,offload,0.5,56.5055,46.5608,46.5608,49.3792,64.0912,112.06483125000001,112.06483125000001,171.0414,89.9772
546,snn,baseline,jetson_emulator,40,offload,0.5,56.4921,46.6789,46.6789,49.1573,64.0581,112.06483125000001,112.06483125000001,171.1447,89.9783
547,snn,baseline,jetson_emulator,40,offload,0.5,57.1457,46.9156,46.9156,48.7551,63.9918,112.06483125000001,112.06483125000001,171.248,89.9959
548,snn,baseline,jetson_emulator,40,offload,0.5,57.1142,48.0901,48.0901,49.7501,63.665,112.06483125000001,112.06483125000001,171.3513,89.9901
549,snn,baseline,jetson_emulator,40,local,0.5,57.1076,47.3075,57.1076,59.6944,61.2628,112.06483125000001,112.06483125000001,173.4638,90.1665
550,snn,baseline,jetson_emulator,40,offload,0.5,56.6269,48.159,48.159,49.5117,63.6459,112.06483125000001,112.06483125000001,171.5578,90.039
551,snn,baseline,jetson_emulator,40,local,0.5,56.7412,47.7545,56.7412,57.7647,61.3568,112.06483125000001,112.06483125000001,173.6727,89.886
552,snn,baseline,jetson_emulator,40,local,0.5,57.1097,48.1266,57.1097,59.1711,61.2622,112.06483125000001,112.06483125000001,173.7772,90.0417
553,snn,baseline,jetson_emulator,40,offload,0.5,57.2782,48.681,48.681,51.2367,63.5018,112.06483125000001,112.06483125000001,171.8676,90.0846
554,snn,baseline,jetson_emulator,40,local,0.5,57.1305,48.2025,57.1305,58.8575,61.2569,112.06483125000001,112.06483125000001,173.9862,90.0215
555,snn,baseline,jetson_emulator,40,offload,0.5,57.0777,47.7713,47.7713,48.8939,63.7534,112.06483125000001,112.06483125000001,172.0742,90.0565
556,snn,baseline,jetson_emulator,40,local,0.5,57.4137,47.416,57.4137,59.4639,61.1844,112.06483125000001,112.06483125000001,174.1952,90.0259
557,snn,baseline,jetson_emulator,40,local,0.5,57.5377,47.7372,57.5377,59.9944,61.1527,112.06483125000001,112.06483125000001,174.2997,89.9157
558,snn,baseline,jetson_emulator,40,offload,0.5,57.574,48.545,48.545,50.9438,63.5393,112.06483125000001,112.06483125000001,172.384,89.9291
559,snn,baseline,jetson_emulator,40,offload,0.5,57.6936,49.0119,49.0119,51.1335,63.4108,112.06483125000001,112.06483125000001,172.4873,89.9721
560,snn,baseline,jetson_emulator,40,local,0.5,57.6283,47.6585,57.6283,59.911,61.1296,112.06483125000001,112.06483125000001,174.6131,90.0608
561,snn,baseline,jetson_emulator,40,local,0.5,58.0996,47.6573,58.0996,59.4749,61.0095,112.06483125000001,112.06483125000001,174.7176,90.0583
562,snn,baseline,jetson_emulator,40,offload,0.5,58.0993,48.404,48.404,50.4322,63.5782,112.06483125000001,112.06483125000001,172.7972,90.0474
563,snn,baseline,jetson_emulator,40,offload,0.5,58.3472,47.9591,47.9591,49.8376,63.7013,112.06483125000001,112.06483125000001,172.9004,89.9882
564,snn,baseline,jetson_emulator,40,local,0.5,59.1744,48.4401,59.1744,60.9689,60.7375,112.06483125000001,112.06483125000001,175.0311,89.9787
565,snn,baseline,jetson_emulator,40,local,0.5,58.9952,48.7241,58.9952,60.7241,60.7827,112.06483125000001,112.06483125000001,175.1356,89.9481
566,snn,baseline,jetson_emulator,40,offload,0.5,58.0361,49.3348,49.3348,51.3753,63.3223,112.06483125000001,112.06483125000001,173.2103,90.119
567,snn,baseline,jetson_emulator,40,offload,0.5,58.794,48.4291,48.4291,50.1853,63.5713,112.06483125000001,112.06483125000001,173.3136,89.9412
568,snn,baseline,jetson_emulator,40,local,0.5,58.3163,48.5187,58.3163,60.1598,60.9545,112.06483125000001,112.06483125000001,175.4491,90.0083
569,snn,baseline,jetson_emulator,40,local,0.5,58.3671,48.4657,58.3671,60.509,60.9416,112.06483125000001,112.06483125000001,175.5535,90.1162
570,snn,baseline,jetson_emulator,40,local,0.5,58.7843,48.5538,58.7843,60.0206,60.8359,112.06483125000001,112.06483125000001,175.658,90.0749
571,snn,baseline,jetson_emulator,40,offload,0.5,59.0038,48.7402,48.7402,50.6656,63.4855,112.06483125000001,112.06483125000001,173.7267,89.9964
572,snn,baseline,jetson_emulator,40,local,0.5,58.9541,48.812,58.9541,60.4391,60.7931,112.06483125000001,112.06483125000001,175.867,89.9925
573,snn,baseline,jetson_emulator,40,local,0.5,58.6649,49.32,58.6649,60.0926,60.8662,112.06483125000001,112.06483125000001,175.9715,90.086
574,snn,baseline,jetson_emulator,40,offload,0.5,58.8526,50.5382,50.5382,52.6624,62.9944,112.06483125000001,112.06483125000001,174.0365,89.9205
575,snn,baseline,jetson_emulator,40,local,0.5,59.1428,49.4331,59.1428,61.1554,60.7455,112.06483125000001,112.06483125000001,176.1805,90.0556
576,snn,baseline,jetson_emulator,40,local,0.5,59.0381,48.9791,59.0381,60.9899,60.7719,112.06483125000001,112.06483125000001,176.285,89.9472
577,snn,baseline,jetson_emulator,40,local,0.5,58.9429,50.2964,58.9429,60.9776,60.7959,112.06483125000001,112.06483125000001,176.3895,89.9983
578,snn,baseline,jetson_emulator,40,offload,0.5,58.992,49.073,49.073,50.7716,63.394,112.06483125000001,112.06483125000001,174.4496,90.0596
579,snn,baseline,jetson_emulator,40,local,0.5,59.1368,50.1341,59.1368,61.2295,60.747,112.06483125000001,112.06483125000001,176.5984,90.0004
580,snn,baseline,jetson_emulator,40,offload,0.5,59.6173,49.3196,49.3196,51.4569,63.3264,112.06483125000001,112.06483125000001,174.6562,89.9178
581,snn,baseline,jetson_emulator,40,local,0.5,59.245,50.102,59.245,60.4946,60.7197,112.06483125000001,112.06483125000001,176.8074,90.0708
582,snn,baseline,jetson_emulator,40,offload,0.5,60.7131,49.5221,49.5221,51.5398,63.271,112.06483125000001,112.06483125000001,174.8627,90.0017
583,snn,baseline,jetson_emulator,40,offload,0.5,59.4999,49.857,49.857,52.6056,63.1796,112.06483125000001,112.06483125000001,174.966,89.9693
584,snn,baseline,jetson_emulator,40,local,0.5,59.7896,49.7247,59.7896,61.9493,60.5829,112.06483125000001,112.06483125000001,177.1209,89.9867
585,snn,baseline,jetson_emulator,40,offload,0.5,59.5693,49.8281,49.8281,52.1385,63.1875,112.06483125000001,112.06483125000001,175.1726,89.9349
586,snn,baseline,jetson_emulator,40,offload,0.5,59.9101,49.4457,49.4457,51.2817,63.2919,112.06483125000001,112.06483125000001,175.2759,90.0154
587,snn,baseline,jetson_emulator,40,offload,0.5,59.6846,50.5302,50.5302,51.9972,62.9966,112.06483125000001,112.06483125000001,175.3791,89.9903
588,snn,baseline,jetson_emulator,40,local,0.5,60.1075,50.1961,60.1075,62.5561,60.5033,112.06483125000001,112.06483125000001,177.5388,89.9557
589,snn,baseline,jetson_emulator,40,local,0.5,60.5347,49.6661,60.5347,62.3753,60.3967,112.06483125000001,112.06483125000001,177.6433,89.9749
590,snn,baseline,jetson_emulator,40,offload,0.5,60.0833,49.6589,49.6589,51.3013,63.2336,112.06483125000001,112.06483125000001,175.689,89.9505
591,snn,baseline,jetson_emulator,40,offload,0.5,60.1682,51.3729,51.3729,53.1047,62.769,112.06483125000001,112.06483125000001,175.7922,89.9788
592,snn,baseline,jetson_emulator,40,offload,0.5,60.1304,51.2326,51.2326,53.6772,62.8067,112.06483125000001,112.06483125000001,175.8955,90.0038
593,snn,baseline,jetson_emulator,40,offload,0.5,61.0274,50.2617,50.2617,51.9946,63.0694,112.06483125000001,112.06483125000001,175.9988,90.0178
594,snn,baseline,jetson_emulator,40,offload,0.5,60.2326,49.8928,49.8928,51.5512,63.1698,112.06483125000001,112.06483125000001,176.1021,89.9166
595,snn,baseline,jetson_emulator,40,local,0.5,60.6106,49.9266,60.6106,63.397,60.3778,112.06483125000001,112.06483125000001,178.2703,89.9732
596,snn,baseline,jetson_emulator,40,local,0.5,61.1578,49.9745,61.1578,63.8797,60.2418,112.06483125000001,112.06483125000001,178.3748,89.9671
597,snn,baseline,jetson_emulator,40,offload,0.5,61.0076,50.1902,50.1902,51.9219,63.0889,112.06483125000001,112.06483125000001,176.4119,89.9903
598,snn,baseline,jetson_emulator,40,local,0.5,60.4535,50.4009,60.4535,62.5023,60.4169,112.06483125000001,112.06483125000001,178.5837,89.9959
599,snn,baseline,jetson_emulator,40,local,0.5,61.8191,50.2419,61.8191,63.9925,60.0783,112.06483125000001,112.06483125000001,178.6882,89.9745
600,snn,baseline,jetson_emulator,40,local,0.5,61.6267,50.1826,61.6267,64.0201,60.1258,112.06483125000001,112.06483125000001,178.7927,90.045
601,snn,baseline,jetson_emulator,40,offload,0.5,61.2369,50.3868,50.3868,52.1509,63.0355,112.06483125000001,112.06483125000001,176.825,89.9857
602,snn,baseline,jetson_emulator,40,offload,0.5,60.9024,50.8953,50.8953,53.1074,62.8977,112.06483125000001,112.06483125000001,176.9283,90.0322
603,snn,baseline,jetson_emulator,40,local,0.5,61.2811,51.0173,61.2811,62.6825,60.2113,112.06483125000001,112.06483125000001,179.1062,90.159
604,snn,baseline,jetson_emulator,40,local,0.5,60.8669,51.6643,60.8669,62.273,60.314,112.06483125000001,112.06483125000001,179.2107,89.9884
605,snn,baseline,jetson_emulator,40,local,0.5,60.9157,50.5027,60.9157,63.1784,60.3019,112.06483125000001,112.06483125000001,179.3152,90.0199
606,snn,baseline,jetson_emulator,40,local,0.5,61.788,50.7448,61.788,63.7356,60.086,112.06483125000001,112.06483125000001,179.4196,90.0273
607,snn,baseline,jetson_emulator,40,offload,0.5,62.1589,50.7733,50.7733,52.2548,62.9307,112.06483125000001,112.06483125000001,177.4447,89.9316
608,snn,baseline,jetson_emulator,40,offload,0.5,61.1763,50.9008,50.9008,52.446,62.8963,112.06483125000001,112.06483125000001,177.548,90.0149
609,snn,baseline,jetson_emulator,40,local,0.5,61.3485,51.2595,61.3485,63.8342,60.1946,112.06483125000001,112.06483125000001,179.7331,90.0257
610,snn,baseline,jetson_emulator,40,offload,0.5,61.4287,50.8202,50.8202,53.1365,62.9181,112.06483125000001,112.06483125000001,177.7545,90.0511
611,snn,baseline,jetson_emulator,40,local,0.5,61.7176,50.9341,61.7176,63.5432,60.1034,112.06483125000001,112.06483125000001,179.9421,89.972
612,snn,baseline,jetson_emulator,40,offload,0.5,61.6608,51.1345,51.1345,53.0866,62.8332,112.06483125000001,112.06483125000001,177.9611,90.0139
613,snn,baseline,jetson_emulator,40,offload,0.5,62.0082,52.0144,52.0144,54.1995,62.5968,112.06483125000001,112.06483125000001,178.0644,90.0013
614,snn,baseline,jetson_emulator,40,local,0.5,61.5786,51.3679,61.5786,63.4244,60.1377,112.06483125000001,112.06483125000001,180.2556,90.0521
615,snn,baseline,jetson_emulator,40,local,0.5,62.2142,51.2604,62.2142,64.1759,59.9811,112.06483125000001,112.06483125000001,180.3601,90.0147
616,snn,baseline,jetson_emulator,40,local,0.5,62.259,51.6049,62.259,63.8726,59.9701,112.06483125000001,112.06483125000001,180.4645,89.9188
617,snn,baseline,jetson_emulator,40,local,0.5,61.637,52.3995,61.637,63.1448,60.1233,112.06483125000001,112.06483125000001,180.569,90.0748
618,snn,baseline,jetson_emulator,40,offload,0.5,61.9766,51.0063,51.0063,52.7326,62.8678,112.06483125000001,112.06483125000001,178.5808,90.0551
619,snn,baseline,jetson_emulator,40,offload,0.5,61.5734,51.3996,51.3996,53.8752,62.7618,112.06483125000001,112.06483125000001,178.6841,89.9408
620,snn,baseline,jetson_emulator,40,offload,0.5,62.0609,50.9309,50.9309,52.1932,62.8881,112.06483125000001,112.06483125000001,178.7873,89.9155
621,snn,baseline,jetson_emulator,40,offload,0.5,62.4076,51.6923,51.6923,54.0542,62.6831,112.06483125000001,112.06483125000001,178.8906,89.8751
622,snn,baseline,jetson_emulator,40,local,0.5,62.3767,52.1941,62.3767,63.9466,59.9412,112.06483125000001,112.06483125000001,181.0915,90.009
623,snn,baseline,jetson_emulator,40,local,0.5,62.1143,51.1806,62.1143,63.8063,60.0057,112.06483125000001,112.06483125000001,181.196,90.0557
624,snn,baseline,jetson_emulator,40,offload,0.5,61.7659,51.3614,51.3614,52.349,62.7721,112.06483125000001,112.06483125000001,179.2005,90.013
625,snn,baseline,jetson_emulator,40,local,0.5,62.3143,52.2344,62.3143,64.5363,59.9565,112.06483125000001,112.06483125000001,181.4049,90.0744
626,snn,baseline,jetson_emulator,40,local,0.5,61.854,51.1391,61.854,63.093,60.0698,112.06483125000001,112.06483125000001,181.5094,90.0952
627,snn,baseline,jetson_emulator,40,local,0.5,61.7789,51.1002,61.7789,64.4788,60.0883,112.06483125000001,112.06483125000001,181.6139,89.9607
628,snn,baseline,jetson_emulator,40,offload,0.5,62.403,53.3507,53.3507,54.4129,62.2412,112.06483125000001,112.06483125000001,179.6136,90.048
629,snn,baseline,jetson_emulator,40,offload,0.5,61.8889,51.6169,51.6169,53.7566,62.7034,112.06483125000001,112.06483125000001,179.7168,89.9864
630,snn,baseline,jetson_emulator,40,local,0.5,62.6008,51.2245,62.6008,64.9448,59.8863,112.06483125000001,112.06483125000001,181.9274,90.0664
631,snn,baseline,jetson_emulator,40,local,0.5,62.5887,53.2722,62.5887,65.0346,59.8892,112.06483125000001,112.06483125000001,182.0319,89.991
632,snn,baseline,jetson_emulator,40,local,0.5,61.9742,51.2196,61.9742,64.29,60.0401,112.06483125000001,112.06483125000001,182.1364,90.0057
633,snn,baseline,jetson_emulator,40,local,0.5,62.9441,51.8322,62.9441,65.3128,59.8023,112.06483125000001,112.06483125000001,182.2409,89.9187
634,snn,baseline,jetson_emulator,40,offload,0.5,62.1632,51.7123,51.7123,53.1389,62.6778,112.06483125000001,112.06483125000001,180.2332,90.0348
635,snn,baseline,jetson_emulator,40,local,0.5,62.0397,51.7782,62.0397,64.0485,60.024,112.06483125000001,112.06483125000001,182.4498,90.0401
636,snn,baseline,jetson_emulator,40,offload,0.5,61.9825,51.2756,51.2756,52.9587,62.7952,112.06483125000001,112.06483125000001,180.4398,90.0797
637,snn,baseline,jetson_emulator,40,offload,0.5,62.4088,52.5852,52.5852,54.5832,62.4444,112.06483125000001,112.06483125000001,180.5431,89.9886
638,snn,baseline,jetson_emulator,40,local,0.5,62.3763,52.8376,62.3763,63.7172,59.9413,112.06483125000001,112.06483125000001,182.7633,90.0178
639,snn,baseline,jetson_emulator,40,offload,0.5,62.2442,52.0624,52.0624,53.6198,62.584,112.06483125000001,112.06483125000001,180.7496,89.9962
640,snn,baseline,jetson_emulator,40,local,0.5,62.1361,52.2676,62.1361,63.8984,60.0003,112.06483125000001,112.06483125000001,182.9723,89.9841
641,snn,baseline,jetson_emulator,40,local,0.5,62.0793,51.31,62.0793,63.7355,60.0143,112.06483125000001,112.06483125000001,183.0768,90.0284
642,snn,baseline,jetson_emulator,40,local,0.5,63.3112,51.9114,63.3112,65.0395,59.7127,112.06483125000001,112.06483125000001,183.1813,90.0364
643,snn,baseline,jetson_emulator,40,offload,0.5,62.396,52.003,52.003,54.4812,62.5999,112.06483125000001,112.06483125000001,181.1628,89.9665
644,snn,baseline,jetson_emulator,40,local,0.5,62.2281,51.6749,62.2281,63.5202,59.9777,112.06483125000001,112.06483125000001,183.3902,89.9886
645,snn,baseline,jetson_emulator,40,offload,0.5,62.0796,51.8213,51.8213,54.3136,62.6485,112.06483125000001,112.06483125000001,181.3693,89.9528
646,snn,baseline,jetson_emulator,40,offload,0.5,62.1251,51.8991,51.8991,53.7852,62.6277,112.06483125000001,112.06483125000001,181.4726,90.0742
647,snn,baseline,jetson_emulator,40,local,0.5,62.1421,51.4298,62.1421,63.7449,59.9988,112.06483125000001,112.06483125000001,183.7037,89.954
648,snn,baseline,jetson_emulator,40,offload,0.5,62.286,53.1409,53.1409,55.5321,62.2968,112.06483125000001,112.06483125000001,181.6791,89.9753
649,snn,baseline,jetson_emulator,40,local,0.5,62.0146,51.3088,62.0146,64.016,60.0302,112.06483125000001,112.06483125000001,183.9127,89.929
650,snn,baseline,jetson_emulator,40,offload,0.5,62.8522,52.3705,52.3705,54.3014,62.5016,112.06483125000001,112.06483125000001,181.8857,89.9482
651,snn,baseline,jetson_emulator,40,offload,0.5,63.0819,52.3192,52.3192,53.474,62.5153,112.06483125000001,112.06483125000001,181.989,90.0295
652,snn,baseline,jetson_emulator,40,offload,0.5,62.8289,51.9509,51.9509,53.6496,62.6138,112.06483125000001,112.06483125000001,182.0923,89.9686
653,snn,baseline,jetson_emulator,40,local,0.5,62.0642,51.9371,62.0642,63.1027,60.018,112.06483125000001,112.06483125000001,184.3306,90.0599
654,snn,baseline,jetson_emulator,40,local,0.5,62.1767,51.2302,62.1767,63.9979,59.9903,112.06483125000001,112.06483125000001,184.4351,89.9741
655,snn,baseline,jetson_emulator,40,offload,0.5,62.1763,51.2784,51.2784,52.654,62.7944,112.06483125000001,112.06483125000001,182.4021,89.9824
656,snn,baseline,jetson_emulator,40,local,0.5,62.2573,51.4567,62.2573,65.0742,59.9705,112.06483125000001,112.06483125000001,184.6441,90.0319
657,snn,baseline,jetson_emulator,40,local,0.5,62.0801,52.2071,62.0801,63.8839,60.0141,112.06483125000001,112.06483125000001,184.7486,90.0676
658,snn,baseline,jetson_emulator,40,offload,0.5,62.9874,52.699,52.699,54.5294,62.4141,112.06483125000001,112.06483125000001,182.7119,89.9327
659,snn,baseline,jetson_emulator,40,local,0.5,62.3902,51.5903,62.3902,64.0293,59.9379,112.06483125000001,112.06483125000001,184.9576,89.9953
660,snn,baseline,jetson_emulator,40,offload,0.5,62.0963,51.3509,51.3509,54.0485,62.7749,112.06483125000001,112.06483125000001,182.9185,89.9708
661,snn,baseline,jetson_emulator,40,local,0.5,62.2622,52.7327,62.2622,63.6931,59.9693,112.06483125000001,112.06483125000001,185.1666,89.9767
662,snn,baseline,jetson_emulator,40,local,0.5,62.4341,51.3588,62.4341,64.6568,59.9271,112.06483125000001,112.06483125000001,185.271,89.9598
663,snn,baseline,jetson_emulator,40,local,0.5,62.0415,52.2606,62.0415,64.4085,60.0236,112.06483125000001,112.06483125000001,185.3755,90.0489
664,snn,baseline,jetson_emulator,40,offload,0.5,62.4597,51.2357,51.2357,53.2638,62.8059,112.06483125000001,112.06483125000001,183.3316,89.9992
665,snn,baseline,jetson_emulator,40,local,0.5,62.102,51.9838,62.102,64.1194,60.0087,112.06483125000001,112.06483125000001,185.5845,90.0697
666,snn,baseline,jetson_emulator,40,local,0.5,62.2287,51.2372,62.2287,64.2831,59.9775,112.06483125000001,112.06483125000001,185.689,89.9424
667,snn,baseline,jetson_emulator,40,local,0.5,62.8029,51.3556,62.8029,64.3449,59.8368,112.06483125000001,112.06483125000001,185.7935,90.1119
668,snn,baseline,jetson_emulator,40,offload,0.5,62.346,51.4925,51.4925,53.756,62.7368,112.06483125000001,112.06483125000001,183.7447,89.9878
669,snn,baseline,jetson_emulator,40,local,0.5,61.9578,51.2891,61.9578,63.6083,60.0442,112.06483125000001,112.06483125000001,186.0025,89.9503
670,snn,baseline,jetson_emulator,40,local,0.5,62.2574,51.4289,62.2574,64.7296,59.9705,112.06483125000001,112.06483125000001,186.107,89.9592
671,snn,baseline,jetson_emulator,40,offload,0.5,61.7142,51.3572,51.3572,53.0368,62.7732,112.06483125000001,112.06483125000001,184.0546,89.9897
672,snn,baseline,jetson_emulator,40,local,0.5,62.0002,50.9985,62.0002,63.5346,60.0337,112.06483125000001,112.06483125000001,186.3159,90.0215
673,snn,baseline,jetson_emulator,40,local,0.5,61.9383,50.994,61.9383,64.6112,60.049,112.06483125000001,112.06483125000001,186.4204,90.0588
674,snn,baseline,jetson_emulator,40,offload,0.5,61.7062,51.692,51.692,53.3474,62.6832,112.06483125000001,112.06483125000001,184.3644,90.0117
675,snn,baseline,jetson_emulator,40,local,0.5,61.6348,51.7365,61.6348,63.6863,60.1238,112.06483125000001,112.06483125000001,186.6294,89.9479
676,snn,baseline,jetson_emulator,40,local,0.5,61.8689,50.9662,61.8689,64.5139,60.0661,112.06483125000001,112.06483125000001,186.7339,89.9223
677,snn,baseline,jetson_emulator,40,offload,0.5,61.451,52.0204,52.0204,53.0828,62.5952,112.06483125000001,112.06483125000001,184.6742,89.8985
678,snn,baseline,jetson_emulator,40,offload,0.5,61.753,51.7029,51.7029,54.3029,62.6803,112.06483125000001,112.06483125000001,184.7775,89.9803
679,snn,baseline,jetson_emulator,40,local,0.5,62.0099,50.7603,62.0099,63.2814,60.0314,112.06483125000001,112.06483125000001,187.0474,89.9897
680,snn,baseline,jetson_emulator,40,offload,0.5,61.3901,50.6798,50.6798,52.5423,62.956,112.06483125000001,112.06483125000001,184.9841,90.0451
681,snn,baseline,jetson_emulator,40,offload,0.5,62.4743,50.6904,50.6904,53.0488,62.9532,112.06483125000001,112.06483125000001,185.0874,90.0813
682,snn,baseline,jetson_emulator,40,offload,0.5,61.2079,50.9562,50.9562,52.4939,62.8813,112.06483125000001,112.06483125000001,185.1906,89.9839
683,snn,baseline,jetson_emulator,40,offload,0.5,61.313,50.6555,50.6555,52.649,62.9626,112.06483125000001,112.06483125000001,185.2939,90.0821
684,snn,baseline,jetson_emulator,40,offload,0.5,61.4074,50.6319,50.6319,52.4632,62.969,112.06483125000001,112.06483125000001,185.3972,89.9966
685,snn,baseline,jetson_emulator,40,local,0.5,61.6973,51.1527,61.6973,63.3528,60.1084,112.06483125000001,112.06483125000001,187.6743,89.9771
686,snn,baseline,jetson_emulator,40,local,0.5,61.9447,50.8465,61.9447,63.7431,60.0474,112.06483125000001,112.06483125000001,187.7788,90.0525
687,snn,baseline,jetson_emulator,40,local,0.5,61.5273,51.512,61.5273,63.5872,60.1504,112.06483125000001,112.06483125000001,187.8833,89.8736
688,snn,baseline,jetson_emulator,40,local,0.5,61.6573,50.9866,61.6573,63.9513,60.1183,112.06483125000001,112.06483125000001,187.9878,90.0275
689,snn,baseline,jetson_emulator,40,offload,0.5,61.9012,50.9035,50.9035,52.4212,62.8955,112.06483125000001,112.06483125000001,185.9136,89.9408
690,snn,baseline,jetson_emulator,40,local,0.5,61.5378,50.857,61.5378,63.4585,60.1478,112.06483125000001,112.06483125000001,188.1967,89.9801
691,snn,baseline,jetson_emulator,40,local,0.5,60.8187,51.1,60.8187,63.264,60.326,112.06483125000001,112.06483125000001,188.3012,89.985
692,snn,baseline,jetson_emulator,40,offload,0.5,61.2012,52.3028,52.3028,54.0167,62.5197,112.06483125000001,112.06483125000001,186.2234,89.9921
693,snn,baseline,jetson_emulator,40,local,0.5,61.51,51.4909,61.51,63.5384,60.1547,112.06483125000001,112.06483125000001,188.5102,90.0278
694,snn,baseline,jetson_emulator,40,local,0.5,60.9659,50.2341,60.9659,62.3041,60.2894,112.06483125000001,112.06483125000001,188.6147,90.0369
695,snn,baseline,jetson_emulator,40,local,0.5,61.0218,50.2086,61.0218,63.5536,60.2756,112.06483125000001,112.06483125000001,188.7192,89.976
696,snn,baseline,jetson_emulator,40,local,0.5,60.586,50.2426,60.586,62.4226,60.3839,112.06483125000001,112.06483125000001,188.8237,89.9715
697,snn,baseline,jetson_emulator,40,local,0.5,60.9978,51.2313,60.9978,63.1503,60.2815,112.06483125000001,112.06483125000001,188.9282,89.986
698,snn,baseline,jetson_emulator,40,local,0.5,61.5169,50.2086,61.5169,63.5619,60.1529,112.06483125000001,112.06483125000001,189.0327,90.1139
699,snn,baseline,jetson_emulator,40,offload,0.5,60.973,50.0755,50.0755,51.1184,63.1201,112.06483125000001,112.06483125000001,186.9464,90.0242
700,snn,baseline,jetson_emulator,40,local,0.5,60.6768,50.45,60.6768,62.0725,60.3613,112.06483125000001,112.06483125000001,189.2416,90.0128
701,snn,baseline,jetson_emulator,40,offload,0.5,61.0379,50.6059,50.6059,53.133,62.976,112.06483125000001,112.06483125000001,187.1529,90.0026
702,snn,baseline,jetson_emulator,40,offload,0.5,60.3376,50.1254,50.1254,51.8734,63.1065,112.06483125000001,112.06483125000001,187.2562,90.0458
703,snn,baseline,jetson_emulator,40,offload,0.5,60.1844,49.9395,49.9395,51.8912,63.1571,112.06483125000001,112.06483125000001,187.3595,90.0745
704,snn,baseline,jetson_emulator,40,local,0.5,60.1447,51.1005,60.1447,61.611,60.494,112.06483125000001,112.06483125000001,189.6596,90.0783
705,snn,baseline,jetson_emulator,40,local,0.5,60.3767,50.2926,60.3767,62.4619,60.4361,112.06483125000001,112.06483125000001,189.7641,90.0079
706,snn,baseline,jetson_emulator,40,offload,0.5,60.1517,49.8038,49.8038,52.2893,63.1941,112.06483125000001,112.06483125000001,187.6693,90.0069
707,snn,baseline,jetson_emulator,40,local,0.5,60.2898,49.6207,60.2898,62.9565,60.4578,112.06483125000001,112.06483125000001,189.9731,90.004
708,snn,baseline,jetson_emulator,40,local,0.5,60.17,50.224,60.17,61.3053,60.4877,112.06483125000001,112.06483125000001,190.0776,89.9966
709,snn,baseline,jetson_emulator,40,offload,0.5,59.9177,50.5863,50.5863,51.9293,62.9814,112.06483125000001,112.06483125000001,187.9792,90.0548
710,snn,baseline,jetson_emulator,40,local,0.5,60.2841,49.6991,60.2841,62.5029,60.4592,112.06483125000001,112.06483125000001,190.2865,89.9898
711,snn,baseline,jetson_emulator,40,offload,0.5,60.2059,51.5688,51.5688,53.1328,62.7163,112.06483125000001,112.06483125000001,188.1857,89.9832
712,snn,baseline,jetson_emulator,40,local,0.5,60.3272,50.2066,60.3272,61.7766,60.4484,112.06483125000001,112.06483125000001,190.4955,90.0985
713,snn,baseline,jetson_emulator,40,offload,0.5,60.1456,50.1002,50.1002,52.0711,63.1133,112.06483125000001,112.06483125000001,188.3923,89.9843
714,snn,baseline,jetson_emulator,40,offload,0.5,60.0199,49.7297,49.7297,52.0355,63.2143,112.06483125000001,112.06483125000001,188.4956,90.0041
715,snn,baseline,jetson_emulator,40,local,0.5,60.0628,50.0663,60.0628,61.9193,60.5145,112.06483125000001,112.06483125000001,190.809,89.9574
716,snn,baseline,jetson_emulator,40,offload,0.5,60.1782,49.2801,49.2801,51.4089,63.3373,112.06483125000001,112.06483125000001,188.7021,90.0236
717,snn,baseline,jetson_emulator,40,local,0.5,60.0757,49.8913,60.0757,61.8453,60.5112,112.06483125000001,112.06483125000001,191.018,89.9816
718,snn,baseline,jetson_emulator,40,local,0.5,59.5881,50.1067,59.5881,61.5387,60.6334,112.06483125000001,112.06483125000001,191.1224,89.9815
719,snn,baseline,jetson_emulator,40,offload,0.5,59.8916,50.0478,50.0478,52.3372,63.1276,112.06483125000001,112.06483125000001,189.012,89.9403
720,snn,baseline,jetson_emulator,40,offload,0.5,60.3893,49.1492,49.1492,51.504,63.3731,112.06483125000001,112.06483125000001,189.1152,89.9162
721,snn,baseline,jetson_emulator,40,offload,0.5,60.6416,49.9275,49.9275,52.2974,63.1603,112.06483125000001,112.06483125000001,189.2185,90.0573
722,snn,baseline,jetson_emulator,40,offload,0.5,60.2693,49.4235,49.4235,50.8886,63.298,112.06483125000001,112.06483125000001,189.3218,90.0572
723,snn,baseline,jetson_emulator,40,offload,0.5,59.3948,49.6202,49.6202,51.3423,63.2442,112.06483125000001,112.06483125000001,189.4251,90.0701
724,snn,baseline,jetson_emulator,40,offload,0.5,59.5287,49.1695,49.1695,51.5738,63.3676,112.06483125000001,112.06483125000001,189.5283,90.0056
725,snn,baseline,jetson_emulator,40,offload,0.5,59.7757,48.9312,48.9312,50.7699,63.433,112.06483125000001,112.06483125000001,189.6316,89.9289
726,snn,baseline,jetson_emulator,40,local,0.5,59.3821,49.6933,59.3821,60.6919,60.6852,112.06483125000001,112.06483125000001,191.9584,89.9806
727,snn,baseline,jetson_emulator,40,offload,0.5,59.0573,49.4702,49.4702,50.9294,63.2852,112.06483125000001,112.06483125000001,189.8382,90.0186
728,snn,baseline,jetson_emulator,40,local,0.5,60.1668,49.9164,60.1668,62.4232,60.4885,112.06483125000001,112.06483125000001,192.1673,89.9782
729,snn,baseline,jetson_emulator,40,offload,0.5,59.4056,49.4547,49.4547,51.3211,63.2894,112.06483125000001,112.06483125000001,190.0447,89.9817
730,snn,baseline,jetson_emulator,40,offload,0.5,60.218,50.1448,50.1448,51.9787,63.1012,112.06483125000001,112.06483125000001,190.148,89.9612
731,snn,baseline,jetson_emulator,40,local,0.5,59.5725,50.267,59.5725,62.2537,60.6373,112.06483125000001,112.06483125000001,192.4808,90.012
732,snn,baseline,jetson_emulator,40,local,0.5,59.9573,48.9638,59.9573,62.2335,60.5409,112.06483125000001,112.06483125000001,192.5853,89.9303
733,snn,baseline,jetson_emulator,40,local,0.5,58.9084,49.2343,58.9084,60.4522,60.8046,112.06483125000001,112.06483125000001,192.6898,89.9162
734,snn,baseline,jetson_emulator,40,offload,0.5,59.198,48.6711,48.6711,50.7912,63.5045,112.06483125000001,112.06483125000001,190.5611,89.9519
735,snn,baseline,jetson_emulator,40,offload,0.5,59.238,49.5253,49.5253,50.866,63.2701,112.06483125000001,112.06483125000001,190.6644,90.0742
736,snn,baseline,jetson_emulator,40,local,0.5,59.5887,48.7953,59.5887,61.538,60.6333,112.06483125000001,112.06483125000001,193.0033,89.9986
737,snn,baseline,jetson_emulator,40,local,0.5,59.4675,49.4562,59.4675,60.8767,60.6637,112.06483125000001,112.06483125000001,193.1077,89.9576
738,snn,baseline,jetson_emulator,40,offload,0.5,60.3721,49.9423,49.9423,52.0437,63.1563,112.06483125000001,112.06483125000001,190.9743,89.9578
739,snn,baseline,jetson_emulator,40,local,0.5,59.9735,48.648,59.9735,62.1212,60.5368,112.06483125000001,112.06483125000001,193.3167,90.099
740,snn,baseline,jetson_emulator,40,offload,0.5,59.0316,49.1589,49.1589,50.7845,63.3705,112.06483125000001,112.06483125000001,191.1808,89.9839
741,snn,baseline,jetson_emulator,40,offload,0.5,58.6208,49.1136,49.1136,51.1724,63.3829,112.06483125000001,112.06483125000001,191.2841,90.0272
742,snn,baseline,jetson_emulator,40,offload,0.5,58.6471,49.3236,49.3236,50.8509,63.3253,112.06483125000001,112.06483125000001,191.3874,90.035
743,snn,baseline,jetson_emulator,40,local,0.5,58.5572,49.0444,58.5572,60.8528,60.8934,112.06483125000001,112.06483125000001,193.7347,89.9219
744,snn,baseline,jetson_emulator,40,local,0.5,58.6304,49.9312,58.6304,60.2278,60.8749,112.06483125000001,112.06483125000001,193.8392,90.0701
745,snn,baseline,jetson_emulator,40,local,0.5,58.8121,48.9299,58.8121,60.6456,60.8289,112.06483125000001,112.06483125000001,193.9437,90.0061
746,snn,baseline,jetson_emulator,40,offload,0.5,58.8719,48.6029,48.6029,49.9362,63.5233,112.06483125000001,112.06483125000001,191.8005,89.9568
747,snn,baseline,jetson_emulator,40,local,0.5,59.2235,49.6122,59.2235,60.8633,60.7251,112.06483125000001,112.06483125000001,194.1526,90.0036
748,snn,baseline,jetson_emulator,40,offload,0.5,59.0348,48.8466,48.8466,50.709,63.4563,112.06483125000001,112.06483125000001,192.007,89.933
749,snn,baseline,jetson_emulator,40,local,0.5,58.7744,48.3266,58.7744,61.2999,60.8385,112.06483125000001,112.06483125000001,194.3616,90.0323
750,snn,baseline,jetson_emulator,40,local,0.5,59.3545,48.7771,59.3545,62.6132,60.6921,112.06483125000001,112.06483125000001,194.4661,90.0327
751,snn,baseline,jetson_emulator,40,local,0.5,58.4259,49.7037,58.4259,60.8293,60.9267,112.06483125000001,112.06483125000001,194.5706,90.0033
752,snn,baseline,jetson_emulator,40,local,0.5,58.8019,48.8545,58.8019,61.2148,60.8315,112.06483125000001,112.06483125000001,194.6751,89.8838
753,snn,baseline,jetson_emulator,40,local,0.5,58.5448,48.5903,58.5448,59.9524,60.8965,112.06483125000001,112.06483125000001,194.7796,89.9836
754,snn,baseline,jetson_emulator,40,offload,0.5,58.8071,49.2923,49.2923,51.0337,63.3339,112.06483125000001,112.06483125000001,192.6267,90.0128
755,snn,baseline,jetson_emulator,40,offload,0.5,58.6376,48.5088,48.5088,50.3052,63.5493,112.06483125000001,112.06483125000001,192.73,89.9551
756,snn,baseline,jetson_emulator,40,offload,0.5,59.1101,48.719,48.719,50.4783,63.4914,112.06483125000001,112.06483125000001,192.8333,89.8684
757,snn,baseline,jetson_emulator,40,local,0.5,58.9363,48.5149,58.9363,60.7703,60.7976,112.06483125000001,112.06483125000001,195.1975,90.0115
758,snn,baseline,jetson_emulator,40,local,0.5,58.7037,48.4442,58.7037,61.0526,60.8563,112.06483125000001,112.06483125000001,195.302,89.9884
759,snn,baseline,jetson_emulator,40,local,0.5,58.8374,48.3129,58.8374,61.3643,60.8225,112.06483125000001,112.06483125000001,195.4065,90.1453
760,snn,baseline,jetson_emulator,40,offload,0.5,58.5416,50.5103,50.5103,52.4644,63.0019,112.06483125000001,112.06483125000001,193.2464,90.0254
761,snn,baseline,jetson_emulator,40,local,0.5,59.2515,49.3581,59.2515,60.7139,60.7181,112.06483125000001,112.06483125000001,195.6155,89.9168
762,snn,baseline,jetson_emulator,40,offload,0.5,58.6264,48.4817,48.4817,51.571,63.5568,112.06483125000001,112.06483125000001,193.4529,90.0218
763,snn,baseline,jetson_emulator,40,offload,0.5,59.1402,49.1183,49.1183,50.9943,63.3816,112.06483125000001,112.06483125000001,193.5562,90.0555
764,snn,baseline,jetson_emulator,40,offload,0.5,59.1299,48.7291,48.7291,51.78,63.4886,112.06483125000001,112.06483125000001,193.6595,89.9511
765,snn,baseline,jetson_emulator,40,local,0.5,59.0445,48.4313,59.0445,60.9548,60.7702,112.06483125000001,112.06483125000001,196.0334,89.9655
766,snn,baseline,jetson_emulator,40,local,0.5,58.5646,48.3951,58.5646,60.8915,60.8915,112.06483125000001,112.06483125000001,196.1379,90.0219
767,snn,baseline,jetson_emulator,40,local,0.5,59.1125,49.0712,59.1125,60.7627,60.7531,112.06483125000001,112.06483125000001,196.2424,89.9413
768,snn,baseline,jetson_emulator,40,local,0.5,59.3423,49.6705,59.3423,61.1669,60.6952,112.06483125000001,112.06483125000001,196.3469,89.9266
769,snn,baseline,jetson_emulator,40,local,0.5,59.0627,48.415,59.0627,61.3199,60.7656,112.06483125000001,112.06483125000001,196.4514,89.9788
770,snn,baseline,jetson_emulator,40,local,0.5,58.7577,48.6245,58.7577,61.8919,60.8427,112.06483125000001,112.06483125000001,196.5559,90.0337
771,snn,baseline,jetson_emulator,40,local,0.5,58.7263,48.8732,58.7263,60.4729,60.8506,112.06483125000001,112.06483125000001,196.6604,90.054
772,snn,baseline,jetson_emulator,40,local,0.5,60.3421,50.1214,60.3421,61.9243,60.4447,112.06483125000001,112.06483125000001,196.7649,90.0162
773,snn,baseline,jetson_emulator,40,offload,0.5,58.8648,48.6784,48.6784,50.1737,63.5026,112.06483125000001,112.06483125000001,194.589,89.9629
774,snn,baseline,jetson_emulator,40,offload,0.5,59.7234,49.7598,49.7598,52.0724,63.2061,112.06483125000001,112.06483125000001,194.6923,89.9358
775,snn,baseline,jetson_emulator,40,local,0.5,59.3024,49.0696,59.3024,60.3936,60.7053,112.06483125000001,112.06483125000001,197.0783,90.0135
776,snn,baseline,jetson_emulator,40,offload,0.5,58.7124,49.2268,49.2268,51.1194,63.3518,112.06483125000001,112.06483125000001,194.8989,89.9789
777,snn,baseline,jetson_emulator,40,offload,0.5,59.1598,49.0315,49.0315,50.6842,63.4054,112.06483125000001,112.06483125000001,195.0021,90.0027
778,snn,baseline,jetson_emulator,40,offload,0.5,58.7744,48.899,48.899,50.4741,63.4418,112.06483125000001,112.06483125000001,195.1054,90.0598
779,snn,baseline,jetson_emulator,40,local,0.5,59.4264,49.2173,59.4264,61.3685,60.6741,112.06483125000001,112.06483125000001,197.4963,90.0324
780,snn,baseline,jetson_emulator,40,local,0.5,59.3677,50.8185,59.3677,61.9324,60.6888,112.06483125000001,112.06483125000001,197.6008,89.9469
781,snn,baseline,jetson_emulator,40,offload,0.5,59.2608,49.0644,49.0644,50.9806,63.3964,112.06483125000001,112.06483125000001,195.4152,89.928
782,snn,baseline,jetson_emulator,40,local,0.5,59.3474,48.6978,59.3474,60.533,60.6939,112.06483125000001,112.06483125000001,197.8098,90.0302
783,snn,baseline,jetson_emulator,40,offload,0.5,59.7689,48.7481,48.7481,50.2719,63.4834,112.06483125000001,112.06483125000001,195.6218,90.0073
784,snn,baseline,jetson_emulator,40,local,0.5,59.5535,50.2458,59.5535,61.9487,60.6421,112.06483125000001,112.06483125000001,198.0187,89.9077
785,snn,baseline,jetson_emulator,40,offload,0.5,59.0273,49.3509,49.3509,50.61,63.3179,112.06483125000001,112.06483125000001,195.8284,89.9632
786,snn,baseline,jetson_emulator,40,local,0.5,59.8296,48.9495,59.8296,61.3372,60.5728,112.06483125000001,112.06483125000001,198.2277,90.0483
787,snn,baseline,jetson_emulator,40,offload,0.5,59.7048,49.4099,49.4099,51.0104,63.3017,112.06483125000001,112.06483125000001,196.0349,89.9988
788,snn,baseline,jetson_emulator,40,local,0.5,59.9933,49.8542,59.9933,62.7717,60.5319,112.06483125000001,112.06483125000001,198.4367,90.0302
789,snn,baseline,jetson_emulator,40,local,0.5,59.7281,49.9163,59.7281,62.009,60.5983,112.06483125000001,112.06483125000001,198.5412,89.994
790,snn,baseline,jetson_emulator,40,local,0.5,60.5424,49.0356,60.5424,62.2963,60.3947,112.06483125000001,112.06483125000001,198.6457,90.0351
791,snn,baseline,jetson_emulator,40,local,0.5,59.7386,49.7192,59.7386,61.8357,60.5957,112.06483125000001,112.06483125000001,198.7502,90.0181
792,snn,baseline,jetson_emulator,40,local,0.5,59.5282,50.3787,59.5282,60.741,60.6485,112.06483125000001,112.06483125000001,198.8547,90.0426
793,snn,baseline,jetson_emulator,40,offload,0.5,59.9817,49.2434,49.2434,51.3948,63.3473,112.06483125000001,112.06483125000001,196.6546,89.8837
794,snn,baseline,jetson_emulator,40,offload,0.5,59.8885,49.3316,49.3316,50.3063,63.3231,112.06483125000001,112.06483125000001,196.7579,89.9663
795,snn,baseline,jetson_emulator,40,local,0.5,60.0381,49.5767,60.0381,60.8367,60.5206,112.06483125000001,112.06483125000001,199.1681,89.9791
796,snn,baseline,jetson_emulator,40,local,0.5,60.0444,51.646,60.0444,61.6147,60.5191,112.06483125000001,112.06483125000001,199.2726,90.0536
797,snn,baseline,jetson_emulator,40,offload,0.5,60.0803,49.7766,49.7766,51.5106,63.2015,112.06483125000001,112.06483125000001,197.0677,90.04
798,snn,baseline,jetson_emulator,40,offload,0.5,60.3235,50.5205,50.5205,53.4209,62.9992,112.06483125000001,112.06483125000001,197.171,89.9723
799,snn,baseline,jetson_emulator,40,offload,0.5,60.7325,49.5434,49.5434,51.8112,63.2652,112.06483125000001,112.06483125000001,197.2743,90.0612
800,snn,baseline,jetson_emulator,40,local,0.5,60.0296,49.8759,60.0296,61.7884,60.5228,112.06483125000001,112.06483125000001,199.6906,89.9851
801,snn,baseline,jetson_emulator,40,local,0.5,61.2912,50.2279,61.2912,63.8175,60.2088,112.06483125000001,112.06483125000001,199.7951,89.9897
802,snn,baseline,jetson_emulator,40,local,0.5,60.3722,51.0246,60.3722,61.7028,60.4372,112.06483125000001,112.06483125000001,199.8995,89.97
803,snn,baseline,jetson_emulator,40,offload,0.5,60.2845,50.4719,50.4719,52.9401,63.0124,112.06483125000001,112.06483125000001,197.6874,90.0654
804,snn,baseline,jetson_emulator,40,local,0.5,60.3487,50.0494,60.3487,63.1083,60.443,112.06483125000001,112.06483125000001,200.1085,89.9893
805,snn,baseline,jetson_emulator,40,offload,0.5,60.4762,50.3698,50.3698,52.235,63.0401,112.06483125000001,112.06483125000001,197.8939,89.9332
806,snn,baseline,jetson_emulator,40,local,0.5,60.53,50.0926,60.53,61.8261,60.3978,112.06483125000001,112.06483125000001,200.3175,89.996
807,snn,baseline,jetson_emulator,40,local,0.5,61.1659,50.6884,61.1659,63.4219,60.2398,112.06483125000001,112.06483125000001,200.422,90.0472
808,snn,baseline,jetson_emulator,40,offload,0.5,60.7944,51.2817,51.2817,53.1156,62.7935,112.06483125000001,112.06483125000001,198.2038,90.0381
809,snn,baseline,jetson_emulator,40,offload,0.5,60.9313,50.3673,50.3673,52.7206,63.0408,112.06483125000001,112.06483125000001,198.3071,89.9341
810,snn,baseline,jetson_emulator,40,offload,0.5,61.3158,50.8604,50.8604,53.5346,62.9072,112.06483125000001,112.06483125000001,198.4103,90.0106
811,snn,baseline,jetson_emulator,40,local,0.5,61.5578,51.2115,61.5578,63.0183,60.1428,112.06483125000001,112.06483125000001,200.8399,89.934
812,snn,baseline,jetson_emulator,40,offload,0.5,61.8668,50.6931,50.6931,52.3256,62.9525,112.06483125000001,112.06483125000001,198.6169,89.9522
813,snn,baseline,jetson_emulator,40,local,0.5,61.6553,50.8982,61.6553,63.399,60.1188,112.06483125000001,112.06483125000001,201.0489,90.0625
814,snn,baseline,jetson_emulator,40,offload,0.5,61.574,50.6288,50.6288,52.3026,62.9699,112.06483125000001,112.06483125000001,198.8235,90.0328
815,snn,baseline,jetson_emulator,40,offload,0.5,62.3783,51.3549,51.3549,53.4084,62.7738,112.06483125000001,112.06483125000001,198.9267,90.0425
816,snn,baseline,jetson_emulator,40,offload,0.5,61.916,51.0536,51.0536,52.8851,62.855,112.06483125000001,112.06483125000001,199.03,90.0134
817,snn,baseline,jetson_emulator,40,local,0.5,61.5876,51.1404,61.5876,63.6366,60.1355,112.06483125000001,112.06483125000001,201.4669,90.0181
818,snn,baseline,jetson_emulator,40,local,0.5,61.6257,51.6181,61.6257,64.1625,60.1261,112.06483125000001,112.06483125000001,201.5714,89.9311
819,snn,baseline,jetson_emulator,40,local,0.5,61.7213,51.3561,61.7213,64.223,60.1025,112.06483125000001,112.06483125000001,201.6759,89.985
820,snn,baseline,jetson_emulator,40,offload,0.5,62.2571,51.3125,51.3125,53.6309,62.7852,112.06483125000001,112.06483125000001,199.4431,90.0253
821,snn,baseline,jetson_emulator,40,local,0.5,61.9909,52.9454,61.9909,63.8931,60.036,112.06483125000001,112.06483125000001,201.8848,89.9128
822,snn,baseline,jetson_emulator,40,local,0.5,62.8462,51.9159,62.8462,64.0708,59.8262,112.06483125000001,112.06483125000001,201.9893,89.9966
823,snn,baseline,jetson_emulator,40,local,0.5,62.1422,51.5369,62.1422,63.7961,59.9988,112.06483125000001,112.06483125000001,202.0938,89.9475
824,snn,baseline,jetson_emulator,40,local,0.5,62.7441,52.0705,62.7441,63.8662,59.8512,112.06483125000001,112.06483125000001,202.1983,89.9717
825,snn,baseline,jetson_emulator,40,offload,0.5,62.584,52.7153,52.7153,54.6434,62.4098,112.06483125000001,112.06483125000001,199.9595,90.0249
826,snn,baseline,jetson_emulator,40,offload,0.5,62.5347,51.6803,51.6803,53.8326,62.6864,112.06483125000001,112.06483125000001,200.0628,90.0298
827,snn,baseline,jetson_emulator,40,offload,0.5,62.6967,53.5538,53.5538,55.4532,62.1875,112.06483125000001,112.06483125000001,200.1661,90.0138
828,snn,baseline,jetson_emulator,40,local,0.5,62.9412,52.6459,62.9412,64.4962,59.803,112.06483125000001,112.06483125000001,202.6163,90.0462
829,snn,baseline,jetson_emulator,40,offload,0.5,63.7165,52.1488,52.1488,54.4328,62.5609,112.06483125000001,112.06483125000001,200.3726,90.0164
830,snn,baseline,jetson_emulator,40,local,0.5,62.9919,52.7432,62.9919,64.4784,59.7906,112.06483125000001,112.06483125000001,202.8252,90.0372
831,snn,baseline,jetson_emulator,40,offload,0.5,63.1328,52.3668,52.3668,54.0966,62.5026,112.06483125000001,112.06483125000001,200.5792,90.0298
832,snn,baseline,jetson_emulator,40,local,0.5,63.2813,53.4526,63.2813,65.5491,59.72,112.06483125000001,112.06483125000001,203.0342,90.1176
833,snn,baseline,jetson_emulator,40,local,0.5,63.5376,53.9042,63.5376,66.0909,59.6577,112.06483125000001,112.06483125000001,203.1387,89.9249
834,snn,baseline,jetson_emulator,40,offload,0.5,63.7042,52.5567,52.5567,54.5665,62.452,112.06483125000001,112.06483125000001,200.889,90.0395
835,snn,baseline,jetson_emulator,40,offload,0.5,64.1422,53.014,53.014,55.202,62.3304,112.06483125000001,112.06483125000001,200.9923,90.0516
836,snn,baseline,jetson_emulator,40,local,0.5,64.4135,52.7208,64.4135,66.7236,59.4455,112.06483125000001,112.06483125000001,203.4522,89.9458
837,snn,baseline,jetson_emulator,40,local,0.5,63.9308,53.0648,63.9308,65.4661,59.5622,112.06483125000001,112.06483125000001,203.5567,89.9585
838,snn,baseline,jetson_emulator,40,offload,0.5,63.9219,53.0736,53.0736,55.144,62.3146,112.06483125000001,112.06483125000001,201.3021,90.0073
839,snn,baseline,jetson_emulator,40,offload,0.5,64.4793,53.4735,53.4735,55.2264,62.2087,112.06483125000001,112.06483125000001,201.4054,89.9324
840,snn,baseline,jetson_emulator,40,local,0.5,64.4186,54.3035,64.4186,65.6062,59.4443,112.06483125000001,112.06483125000001,203.8701,90.0657
841,snn,baseline,jetson_emulator,40,offload,0.5,64.3476,54.3565,54.3565,56.7693,61.9762,112.06483125000001,112.06483125000001,201.612,89.9771
842,snn,baseline,jetson_emulator,40,local,0.5,64.7597,54.1723,64.7597,66.2087,59.3621,112.06483125000001,112.06483125000001,204.0791,90.0265
843,snn,baseline,jetson_emulator,40,offload,0.5,64.6199,53.7141,53.7141,55.4934,62.1452,112.06483125000001,112.06483125000001,201.8185,90.0197
844,snn,baseline,jetson_emulator,40,local,0.5,64.7298,55.1457,64.7298,66.7971,59.3692,112.06483125000001,112.06483125000001,204.2881,89.9772
845,snn,baseline,jetson_emulator,40,offload,0.5,65.9264,53.7053,53.7053,56.1883,62.1475,112.06483125000001,112.06483125000001,202.0251,90.0062
846,snn,baseline,jetson_emulator,40,local,0.5,65.3509,54.1335,65.3509,67.1835,59.2201,112.06483125000001,112.06483125000001,204.4971,89.8985
847,snn,baseline,jetson_emulator,40,offload,0.5,65.8575,55.5605,55.5605,57.8437,61.6619,112.06483125000001,112.06483125000001,202.2317,90.0158
848,snn,baseline,jetson_emulator,40,local,0.5,65.6857,54.6724,65.6857,68.5244,59.14,112.06483125000001,112.06483125000001,204.706,90.0141
849,snn,baseline,jetson_emulator,40,local,0.5,65.9322,54.9208,65.9322,67.8923,59.0812,112.06483125000001,112.06483125000001,204.8105,89.9858
850,snn,baseline,jetson_emulator,40,offload,0.5,65.4651,54.1698,54.1698,56.0535,62.0252,112.06483125000001,112.06483125000001,202.5415,89.9794
851,snn,baseline,jetson_emulator,40,local,0.5,65.8367,54.1862,65.8367,67.6537,59.104,112.06483125000001,112.06483125000001,205.0195,89.9939
852,snn,baseline,jetson_emulator,40,offload,0.5,65.9996,54.8236,54.8236,56.7089,61.8539,112.06483125000001,112.06483125000001,202.7481,89.9815
853,snn,baseline,jetson_emulator,40,offload,0.5,66.2744,54.6596,54.6596,56.5956,61.8968,112.06483125000001,112.06483125000001,202.8513,90.0464
854,snn,baseline,jetson_emulator,40,local,0.5,66.2301,54.7763,66.2301,68.1089,59.0103,112.06483125000001,112.06483125000001,205.333,89.9342
855,snn,baseline,jetson_emulator,40,local,0.5,66.9265,55.9044,66.9265,68.9926,58.8451,112.06483125000001,112.06483125000001,205.4375,89.953
856,snn,baseline,jetson_emulator,40,offload,0.5,66.3965,54.7174,54.7174,57.4159,61.8817,112.06483125000001,112.06483125000001,203.1612,90.0918
857,snn,baseline,jetson_emulator,40,local,0.5,66.5689,54.9187,66.5689,69.2947,58.9298,112.06483125000001,112.06483125000001,205.6465,90.0269
858,snn,baseline,jetson_emulator,40,offload,0.5,66.8309,55.1953,55.1953,56.9126,61.7569,112.06483125000001,112.06483125000001,203.3677,89.9704
859,snn,baseline,jetson_emulator,40,offload,0.5,67.462,55.49,55.49,57.5605,61.6802,112.06483125000001,112.06483125000001,203.471,90.0813
860,snn,baseline,jetson_emulator,40,local,0.5,67.6393,56.3507,67.6393,70.1394,58.677,112.06483125000001,112.06483125000001,205.9599,89.9546
861,snn,baseline,jetson_emulator,40,local,0.5,68.1197,55.9262,68.1197,70.012,58.5642,112.06483125000001,112.06483125000001,206.0644,90.0728
862,snn,baseline,jetson_emulator,40,offload,0.5,67.2044,55.6758,55.6758,57.5434,61.632,112.06483125000001,112.06483125000001,203.7808,89.9582
863,snn,baseline,jetson_emulator,40,offload,0.5,67.271,55.6506,55.6506,57.9522,61.6386,112.06483125000001,112.06483125000001,203.8841,89.9909
864,snn,baseline,jetson_emulator,40,local,0.5,68.6811,55.6753,68.6811,70.6382,58.433,112.06483125000001,112.06483125000001,206.3779,90.087
865,snn,baseline,jetson_emulator,40,local,0.5,67.9797,56.3215,67.9797,69.8564,58.597,112.06483125000001,112.06483125000001,206.4824,90.0708
866,snn,baseline,jetson_emulator,40,offload,0.5,68.2945,56.3046,56.3046,57.946,61.4693,112.06483125000001,112.06483125000001,204.194,90.0274
867,snn,baseline,jetson_emulator,40,local,0.5,67.7333,57.3179,67.7333,70.779,58.6549,112.06483125000001,112.06483125000001,206.6913,90.0675
868,snn,baseline,jetson_emulator,40,offload,0.5,67.8202,56.1212,56.1212,57.954,61.5167,112.06483125000001,112.06483125000001,204.4005,90.0215
869,snn,baseline,jetson_emulator,40,local,0.5,67.9703,57.2656,67.9703,70.5557,58.5992,112.06483125000001,112.06483125000001,206.9003,90.011
870,snn,baseline,jetson_emulator,40,offload,0.5,68.0742,57.4984,57.4984,59.2,61.1628,112.06483125000001,112.06483125000001,204.6071,90.0388
871,snn,baseline,jetson_emulator,40,offload,0.5,68.2026,56.6539,56.6539,58.2402,61.3793,112.06483125000001,112.06483125000001,204.7104,89.9367
872,snn,baseline,jetson_emulator,40,offload,0.5,68.6762,56.4509,56.4509,58.1788,61.4316,112.06483125000001,112.06483125000001,204.8136,90.0637
873,snn,baseline,jetson_emulator,40,local,0.5,68.7719,56.7093,68.7719,70.494,58.4118,112.06483125000001,112.06483125000001,207.3183,89.9291
874,snn,baseline,jetson_emulator,40,local,0.5,68.9783,59.1173,68.9783,71.4501,58.3638,112.06483125000001,112.06483125000001,207.4228,89.9953
875,snn,baseline,jetson_emulator,40,local,0.5,69.0143,57.7039,69.0143,71.0185,58.3554,112.06483125000001,112.06483125000001,207.5273,89.9806
876,snn,baseline,jetson_emulator,40,offload,0.5,68.7385,56.8258,56.8258,58.7121,61.3351,112.06483125000001,112.06483125000001,205.2267,89.9279
877,snn,baseline,jetson_emulator,40,local,0.5,68.9279,57.5151,68.9279,70.9512,58.3755,112.06483125000001,112.06483125000001,207.7362,90.0281
878,snn,baseline,jetson_emulator,40,local,0.5,68.9236,57.6141,68.9236,70.7749,58.3765,112.06483125000001,112.06483125000001,207.8407,90.0407
879,snn,baseline,jetson_emulator,40,local,0.5,69.2097,58.3928,69.2097,71.1453,58.31,112.06483125000001,112.06483125000001,207.9452,90.0625
880,snn,baseline,jetson_emulator,40,local,0.5,69.8832,58.1574,69.8832,71.9722,58.154,112.06483125000001,112.06483125000001,208.0497,89.9888
881,snn,baseline,jetson_emulator,40,local,0.5,69.4641,57.5789,69.4641,71.7856,58.251,112.06483125000001,112.06483125000001,208.1542,90.0992
882,snn,baseline,jetson_emulator,40,local,0.5,70.0389,57.8167,70.0389,72.1799,58.1181,112.06483125000001,112.06483125000001,208.2587,89.9333
883,snn,baseline,jetson_emulator,40,local,0.5,69.6402,58.2013,69.6402,71.5279,58.2102,112.06483125000001,112.06483125000001,208.3632,90.0458
884,snn,baseline,jetson_emulator,40,offload,0.5,69.6274,58.1481,58.1481,60.038,60.9972,112.06483125000001,112.06483125000001,206.053,89.8621
885,snn,baseline,jetson_emulator,40,offload,0.5,70.4237,57.9689,57.9689,60.2362,61.0428,112.06483125000001,112.06483125000001,206.1563,90.0152
886,snn,baseline,jetson_emulator,40,offload,0.5,70.2849,58.9547,58.9547,61.0985,60.7929,112.06483125000001,112.06483125000001,206.2595,89.9682
887,snn,baseline,jetson_emulator,40,offload,0.5,70.8974,58.743,58.743,60.7933,60.8464,112.06483125000001,112.06483125000001,206.3628,90.0111
888,snn,baseline,jetson_emulator,40,local,0.5,70.2628,58.3109,70.2628,72.2099,58.0665,112.06483125000001,112.06483125000001,208.8856,89.9559
889,snn,baseline,jetson_emulator,40,local,0.5,70.3062,58.7158,70.3062,72.2592,58.0565,112.06483125000001,112.06483125000001,208.9901,89.9209
890,snn,baseline,jetson_emulator,40,offload,0.5,70.7603,58.8224,58.8224,60.6358,60.8263,112.06483125000001,112.06483125000001,206.6727,89.9318
891,snn,baseline,jetson_emulator,40,local,0.5,70.7893,58.8967,70.7893,72.857,57.9455,112.06483125000001,112.06483125000001,209.1991,89.9602
892,snn,baseline,jetson_emulator,40,local,0.5,70.5564,58.5912,70.5564,73.2351,57.9989,112.06483125000001,112.06483125000001,209.3036,90.1227
893,snn,baseline,jetson_emulator,40,offload,0.5,70.9331,59.1655,59.1655,61.0144,60.7397,112.06483125000001,112.06483125000001,206.9825,89.9856
894,snn,baseline,jetson_emulator,40,offload,0.5,71.2977,59.2428,59.2428,61.2213,60.7203,112.06483125000001,112.06483125000001,207.0858,89.9165
895,snn,baseline,jetson_emulator,40,offload,0.5,70.9847,59.2066,59.2066,61.2355,60.7294,112.06483125000001,112.06483125000001,207.189,89.9007
896,snn,baseline,jetson_emulator,40,local,0.5,71.0329,58.6521,71.0329,72.916,57.8896,112.06483125000001,112.06483125000001,209.7215,89.9925
897,snn,baseline,jetson_emulator,40,local,0.5,71.034,59.297,71.034,73.0278,57.8894,112.06483125000001,112.06483125000001,209.826,90.011
898,snn,baseline,jetson_emulator,40,offload,0.5,71.0817,58.8943,58.8943,61.0994,60.8081,112.06483125000001,112.06483125000001,207.4989,90.006
899,snn,baseline,jetson_emulator,40,offload,0.5,71.8602,59.2965,59.2965,61.5173,60.7067,112.06483125000001,112.06483125000001,207.6022,89.9806
900,snn,baseline,jetson_emulator,40,local,0.5,71.3326,60.2779,71.3326,73.3589,57.8211,112.06483125000001,112.06483125000001,210.1395,90.0469
901,snn,baseline,jetson_emulator,40,offload,0.5,71.4418,59.2223,59.2223,60.6517,60.7254,112.06483125000001,112.06483125000001,207.8087,90.0355
902,snn,baseline,jetson_emulator,40,offload,0.5,71.6273,60.1379,60.1379,61.5118,60.4957,112.06483125000001,112.06483125000001,207.912,89.9511
903,snn,baseline,jetson_emulator,40,local,0.5,72.135,59.3614,72.135,73.8781,57.6385,112.06483125000001,112.06483125000001,210.453,89.9998
904,snn,baseline,jetson_emulator,40,local,0.5,71.7067,60.9609,71.7067,74.2905,57.7358,112.06483125000001,112.06483125000001,210.5574,89.9316
905,snn,baseline,jetson_emulator,40,local,0.5,71.7308,59.3477,71.7308,73.9895,57.7303,112.06483125000001,112.06483125000001,210.6619,90.0593
906,snn,baseline,jetson_emulator,40,local,0.5,71.9611,59.6282,71.9611,74.261,57.678,112.06483125000001,112.06483125000001,210.7664,89.9697
907,snn,baseline,jetson_emulator,40,local,0.5,72.5792,61.0134,72.5792,74.0461,57.5379,112.06483125000001,112.06483125000001,210.8709,89.9606
908,snn,baseline,jetson_emulator,40,offload,0.5,71.9513,59.8725,59.8725,62.4937,60.5621,112.06483125000001,112.06483125000001,208.5317,89.9193
909,snn,baseline,jetson_emulator,40,local,0.5,72.2658,59.8378,72.2658,73.7527,57.6088,112.06483125000001,112.06483125000001,211.0799,89.9708
910,snn,baseline,jetson_emulator,40,offload,0.5,73.2685,59.7335,59.7335,61.6567,60.597,112.06483125000001,112.06483125000001,208.7382,89.8887
911,snn,baseline,jetson_emulator,40,offload,0.5,73.193,60.1922,60.1922,62.0189,60.4821,112.06483125000001,112.06483125000001,208.8415,89.9747
912,snn,baseline,jetson_emulator,40,offload,0.5,73.3871,60.1333,60.1333,60.8208,60.4969,112.06483125000001,112.06483125000001,208.9448,90.068
913,snn,baseline,jetson_emulator,40,local,0.5,72.3809,60.5656,72.3809,74.4371,57.5827,112.06483125000001,112.06483125000001,211.4978,89.9666
914,snn,baseline,jetson_emulator,40,local,0.5,72.38,60.781,72.38,74.3977,57.5829,112.06483125000001,112.06483125000001,211.6023,89.9774
915,snn,baseline,jetson_emulator,40,local,0.5,72.6232,62.3462,72.6232,74.8801,57.5279,112.06483125000001,112.06483125000001,211.7068,89.985
916,snn,baseline,jetson_emulator,40,local,0.5,72.9286,60.3571,72.9286,74.5484,57.459,112.06483125000001,112.06483125000001,211.8113,90.0225
917,snn,baseline,jetson_emulator,40,offload,0.5,72.8584,60.2379,60.2379,61.5652,60.4707,112.06483125000001,112.06483125000001,209.4612,89.9673
918,snn,baseline,jetson_emulator,40,local,0.5,72.9571,61.549,72.9571,74.5528,57.4525,112.06483125000001,112.06483125000001,212.0203,90.0003
919,snn,baseline,jetson_emulator,40,offload,0.5,73.3468,61.6136,61.6136,63.5895,60.129,112.06483125000001,112.06483125000001,209.6677,90.0091
920,snn,baseline,jetson_emulator,40,offload,0.5,72.8587,60.7569,60.7569,62.2155,60.3414,112.06483125000001,112.06483125000001,209.771,89.9211
921,snn,baseline,jetson_emulator,40,local,0.5,73.7343,61.0545,73.7343,74.5057,57.2778,112.06483125000001,112.06483125000001,212.3338,89.9957
922,snn,baseline,jetson_emulator,40,local,0.5,73.3836,62.0361,73.3836,74.6984,57.3565,112.06483125000001,112.06483125000001,212.4383,89.9888
923,snn,baseline,jetson_emulator,40,local,0.5,74.2718,61.1403,74.2718,75.9768,57.1577,112.06483125000001,112.06483125000001,212.5427,90.0429
924,snn,baseline,jetson_emulator,40,offload,0.5,73.183,61.0728,61.0728,62.6594,60.2629,112.06483125000001,112.06483125000001,210.1841,90.0467
925,snn,baseline,jetson_emulator,40,local,0.5,73.2011,60.8297,73.2011,74.6517,57.3976,112.06483125000001,112.06483125000001,212.7517,89.9799
926,snn,baseline,jetson_emulator,40,local,0.5,74.4471,60.484,74.4471,76.2176,57.1186,112.06483125000001,112.06483125000001,212.8562,89.9366
927,snn,baseline,jetson_emulator,40,offload,0.5,73.528,61.8269,61.8269,64.3986,60.0764,112.06483125000001,112.06483125000001,210.494,89.9177
928,snn,baseline,jetson_emulator,40,offload,0.5,73.3067,60.5804,60.5804,61.3558,60.3853,112.06483125000001,112.06483125000001,210.5973,89.9784
929,snn,baseline,jetson_emulator,40,local,0.5,73.8782,61.0291,73.8782,75.7476,57.2456,112.06483125000001,112.06483125000001,213.1697,90.0092
930,snn,baseline,jetson_emulator,40,offload,0.5,73.8363,60.8336,60.8336,62.0332,60.3223,112.06483125000001,112.06483125000001,210.8038,89.9111
931,snn,baseline,jetson_emulator,40,local,0.5,73.7624,61.3431,73.7624,75.493,57.2715,112.06483125000001,112.06483125000001,213.3787,89.9782
932,snn,baseline,jetson_emulator,40,offload,0.5,74.0014,61.0856,61.0856,63.1823,60.2597,112.06483125000001,112.06483125000001,211.0104,89.9988
933,snn,baseline,jetson_emulator,40,local,0.5,73.5448,60.8926,73.5448,75.65,57.3203,112.06483125000001,112.06483125000001,213.5876,90.0704
934,snn,baseline,jetson_emulator,40,local,0.5,73.894,60.6891,73.894,75.174,57.2421,112.06483125000001,112.06483125000001,213.6921,89.9366
935,snn,baseline,jetson_emulator,40,local,0.5,73.6968,62.6544,73.6968,75.5717,57.2863,112.06483125000001,112.06483125000001,213.7966,89.9594
936,snn,baseline,jetson_emulator,40,offload,0.5,73.4932,61.8915,61.8915,63.9205,60.0605,112.06483125000001,112.06483125000001,211.4235,89.9305
937,snn,baseline,jetson_emulator,40,local,0.5,73.8511,60.9079,73.8511,75.8164,57.2517,112.06483125000001,112.06483125000001,214.0056,89.9565
938,snn,baseline,jetson_emulator,40,local,0.5,73.5837,62.5306,73.5837,75.2568,57.3116,112.06483125000001,112.06483125000001,214.1101,90.0067
939,snn,baseline,jetson_emulator,40,offload,0.5,73.5569,60.8472,60.8472,62.8441,60.3189,112.06483125000001,112.06483125000001,211.7333,90.021
940,snn,baseline,jetson_emulator,40,local,0.5,73.6402,61.0498,73.6402,75.6706,57.2989,112.06483125000001,112.06483125000001,214.3191,89.9117
941,snn,baseline,jetson_emulator,40,local,0.5,73.575,61.3836,73.575,75.3259,57.3136,112.06483125000001,112.06483125000001,214.4235,90.0133
942,snn,baseline,jetson_emulator,40,local,0.5,73.7772,61.2982,73.7772,75.9361,57.2682,112.06483125000001,112.06483125000001,214.528,90.0059
943,snn,baseline,jetson_emulator,40,local,0.5,74.0444,63.2758,74.0444,74.8503,57.2085,112.06483125000001,112.06483125000001,214.6325,90.079
944,snn,baseline,jetson_emulator,40,local,0.5,74.4846,62.3148,74.4846,76.3586,57.1102,112.06483125000001,112.06483125000001,214.737,90.0005
945,snn,baseline,jetson_emulator,40,offload,0.5,74.3234,60.9101,60.9101,62.8149,60.3033,112.06483125000001,112.06483125000001,212.353,89.9987
946,snn,baseline,jetson_emulator,40,local,0.5,73.929,62.8557,73.929,75.6318,57.2342,112.06483125000001,112.06483125000001,214.946,89.995
947,snn,baseline,jetson_emulator,40,offload,0.5,74.4267,62.3257,62.3257,64.6025,59.9537,112.06483125000001,112.06483125000001,212.5596,89.9806
948,snn,baseline,jetson_emulator,40,offload,0.5,73.7753,61.047,61.047,62.2029,60.2693,112.06483125000001,112.06483125000001,212.6628,89.9877
949,snn,baseline,jetson_emulator,40,local,0.5,74.3792,61.8731,74.3792,76.5384,57.1337,112.06483125000001,112.06483125000001,215.2595,90.0097
950,snn,baseline,jetson_emulator,40,offload,0.5,74.3248,61.4841,61.4841,63.069,60.1611,112.06483125000001,112.06483125000001,212.8694,89.8635
951,snn,baseline,jetson_emulator,40,local,0.5,73.9498,61.3487,73.9498,76.8022,57.2296,112.06483125000001,112.06483125000001,215.4684,90.0197
952,snn,baseline,jetson_emulator,40,offload,0.5,74.2679,61.2681,61.2681,62.9256,60.2145,112.06483125000001,112.06483125000001,213.0759,89.9876
953,snn,baseline,jetson_emulator,40,offload,0.5,74.3728,61.6659,61.6659,64.2002,60.1161,112.06483125000001,112.06483125000001,213.1792,89.9849
954,snn,baseline,jetson_emulator,40,offload,0.5,74.0167,61.0646,61.0646,63.2278,60.2649,112.06483125000001,112.06483125000001,213.2825,89.9515
955,snn,baseline,jetson_emulator,40,offload,0.5,74.3228,61.0227,61.0227,62.5621,60.2753,112.06483125000001,112.06483125000001,213.3858,89.9699
956,snn,baseline,jetson_emulator,40,local,0.5,74.2766,61.1577,74.2766,76.4469,57.1566,112.06483125000001,112.06483125000001,215.9909,89.9609
957,snn,baseline,jetson_emulator,40,offload,0.5,73.8887,61.8284,61.8284,64.3304,60.0761,112.06483125000001,112.06483125000001,213.5923,90.0392
958,snn,baseline,jetson_emulator,40,local,0.5,74.4634,61.1497,74.4634,76.4811,57.1149,112.06483125000001,112.06483125000001,216.1999,90.1073
959,snn,baseline,jetson_emulator,40,offload,0.5,74.0652,61.0862,61.0862,62.4722,60.2596,112.06483125000001,112.06483125000001,213.7989,89.9535
960,snn,baseline,jetson_emulator,40,local,0.5,74.7785,61.0668,74.7785,76.5399,57.0448,112.06483125000001,112.06483125000001,216.4088,90.0968
961,snn,baseline,jetson_emulator,40,local,0.5,74.2988,61.5652,74.2988,76.1656,57.1516,112.06483125000001,112.06483125000001,216.5133,89.9776
962,snn,baseline,jetson_emulator,40,local,0.5,73.9205,61.0442,73.9205,76.0489,57.2361,112.06483125000001,112.06483125000001,216.6178,89.9169
963,snn,baseline,jetson_emulator,40,local,0.5,74.2856,61.2616,74.2856,76.1945,57.1546,112.06483125000001,112.06483125000001,216.7223,89.9677
964,snn,baseline,jetson_emulator,40,local,0.5,74.8349,61.0162,74.8349,76.0325,57.0323,112.06483125000001,112.06483125000001,216.8268,90.0392
965,snn,baseline,jetson_emulator,40,local,0.5,74.1634,61.1791,74.1634,76.62,57.1818,112.06483125000001,112.06483125000001,216.9313,89.9474
966,snn,baseline,jetson_emulator,40,local,0.5,73.9783,61.5621,73.9783,75.5362,57.2232,112.06483125000001,112.06483125000001,217.0358,90.0976
967,snn,baseline,jetson_emulator,40,offload,0.5,74.3664,61.7258,61.7258,64.1103,60.1014,112.06483125000001,112.06483125000001,214.6251,89.9302
968,snn,baseline,jetson_emulator,40,local,0.5,73.766,62.4268,73.766,76.6185,57.2708,112.06483125000001,112.06483125000001,217.2448,89.946
969,snn,baseline,jetson_emulator,40,local,0.5,74.2497,61.5152,74.2497,76.9374,57.1626,112.06483125000001,112.06483125000001,217.3492,89.8774
970,snn,baseline,jetson_emulator,40,offload,0.5,74.065,60.9874,60.9874,62.5488,60.2841,112.06483125000001,112.06483125000001,214.935,89.9512
971,snn,baseline,jetson_emulator,40,local,0.5,74.4023,61.1235,74.4023,75.9433,57.1286,112.06483125000001,112.06483125000001,217.5582,90.0245
972,snn,baseline,jetson_emulator,40,offload,0.5,74.2822,60.8452,60.8452,62.7522,60.3194,112.06483125000001,112.06483125000001,215.1415,90.1047
973,snn,baseline,jetson_emulator,40,local,0.5,73.7296,61.5981,73.7296,75.7604,57.2789,112.06483125000001,112.06483125000001,217.7672,90.0663
974,snn,baseline,jetson_emulator,40,local,0.5,73.9848,60.8899,73.9848,75.8686,57.2218,112.06483125000001,112.06483125000001,217.8717,89.9542
975,snn,baseline,jetson_emulator,40,local,0.5,74.0894,61.6629,74.0894,75.9448,57.1984,112.06483125000001,112.06483125000001,217.9762,90.0966
976,snn,baseline,jetson_emulator,40,local,0.5,74.8943,61.0791,74.8943,76.3165,57.0191,112.06483125000001,112.06483125000001,218.0807,89.9852
977,snn,baseline,jetson_emulator,40,local,0.5,74.6003,61.9891,74.6003,76.5656,57.0844,112.06483125000001,112.06483125000001,218.1852,89.9177
978,snn,baseline,jetson_emulator,40,local,0.5,73.421,60.6531,73.421,74.6099,57.3481,112.06483125000001,112.06483125000001,218.2897,89.9641
979,snn,baseline,jetson_emulator,40,local,0.5,73.7121,62.5163,73.7121,75.5203,57.2828,112.06483125000001,112.06483125000001,218.3941,90.0
980,snn,baseline,jetson_emulator,40,offload,0.5,73.9389,61.0807,61.0807,62.843,60.2609,112.06483125000001,112.06483125000001,215.9678,90.0303
981,snn,baseline,jetson_emulator,40,local,0.5,73.4983,61.7542,73.4983,75.2709,57.3308,112.06483125000001,112.06483125000001,218.6031,89.9756
982,snn,baseline,jetson_emulator,40,offload,0.5,73.291,60.5643,60.5643,62.9702,60.3893,112.06483125000001,112.06483125000001,216.1743,89.9805
983,snn,baseline,jetson_emulator,40,local,0.5,73.2389,60.7063,73.2389,74.8399,57.3891,112.06483125000001,112.06483125000001,218.8121,90.0035
984,snn,baseline,jetson_emulator,40,offload,0.5,73.5534,61.3414,61.3414,62.7006,60.1964,112.06483125000001,112.06483125000001,216.3809,90.0119
985,snn,baseline,jetson_emulator,40,local,0.5,73.565,61.41,73.565,76.1099,57.3158,112.06483125000001,112.06483125000001,219.0211,90.097
986,snn,baseline,jetson_emulator,40,local,0.5,73.4449,61.499,73.4449,75.5976,57.3428,112.06483125000001,112.06483125000001,219.1256,90.0039
987,snn,baseline,jetson_emulator,40,offload,0.5,73.3529,61.1625,61.1625,62.127,60.2407,112.06483125000001,112.06483125000001,216.6907,90.0173
988,snn,baseline,jetson_emulator,40,offload,0.5,73.712,60.3597,60.3597,62.9193,60.4403,112.06483125000001,112.06483125000001,216.794,89.9854
989,snn,baseline,jetson_emulator,40,offload,0.5,73.6309,61.3041,61.3041,63.2428,60.2056,112.06483125000001,112.06483125000001,216.8973,89.9745
990,snn,baseline,jetson_emulator,40,local,0.5,73.6971,61.553,73.6971,75.3719,57.2862,112.06483125000001,112.06483125000001,219.5435,89.967
991,snn,baseline,jetson_emulator,40,local,0.5,73.4394,60.4289,73.4394,75.8751,57.344,112.06483125000001,112.06483125000001,219.648,90.0192
992,snn,baseline,jetson_emulator,40,local,0.5,73.0698,60.6949,73.0698,74.8085,57.4271,112.06483125000001,112.06483125000001,219.7525,89.9851
993,snn,baseline,jetson_emulator,40,offload,0.5,73.3274,60.2038,60.2038,63.1476,60.4792,112.06483125000001,112.06483125000001,217.3104,89.9845
994,snn,baseline,jetson_emulator,40,local,0.5,72.8999,60.6804,72.8999,74.7346,57.4654,112.06483125000001,112.06483125000001,219.9615,90.0261
995,snn,baseline,jetson_emulator,40,offload,0.5,73.0373,60.4637,60.4637,62.872,60.4144,112.06483125000001,112.06483125000001,217.5169,90.0034
996,snn,baseline,jetson_emulator,40,local,0.5,73.5269,60.5406,73.5269,75.4824,57.3244,112.06483125000001,112.06483125000001,220.1705,90.0447
997,snn,baseline,jetson_emulator,40,offload,0.5,73.4609,60.7304,60.7304,62.0752,60.3479,112.06483125000001,112.06483125000001,217.7235,89.9934
998,snn,baseline,jetson_emulator,40,offload,0.5,73.5449,60.1297,60.1297,62.9694,60.4977,112.06483125000001,112.06483125000001,217.8268,90.0354
999,snn,baseline,jetson_emulator,40,local,0.5,72.742,60.8309,72.742,74.4307,57.5011,112.06483125000001,112.06483125000001,220.4839,89.8872
1000,snn,baseline,jetson_emulator,40,local,0.5,72.8351,60.7378,72.8351,75.1603,57.48,112.06483125000001,112.06483125000001,220.5884,90.0027
1001,snn,baseline,jetson_emulator,40,offload,0.5,72.5546,61.5382,61.5382,63.4657,60.1477,112.06483125000001,112.06483125000001,218.1366,89.914
1002,snn,baseline,jetson_emulator,40,local,0.5,72.5288,60.0259,72.5288,74.4146,57.5493,112.06483125000001,112.06483125000001,220.7974,90.09
1003,snn,baseline,jetson_emulator,40,offload,0.5,72.4858,60.8778,60.8778,63.0907,60.3113,112.06483125000001,112.06483125000001,218.3432,89.9977
1004,snn,baseline,jetson_emulator,40,local,0.5,73.2131,60.3296,73.2131,74.788,57.3949,112.06483125000001,112.06483125000001,221.0064,89.9794
1005,snn,baseline,jetson_emulator,40,local,0.5,72.6592,60.0621,72.6592,74.7648,57.5198,112.06483125000001,112.06483125000001,221.1109,90.054
1006,snn,baseline,jetson_emulator,40,offload,0.5,72.9792,60.0494,60.0494,62.3763,60.5178,112.06483125000001,112.06483125000001,218.653,89.9325
1007,snn,baseline,jetson_emulator,40,offload,0.5,72.9925,59.9925,59.9925,62.1823,60.5321,112.06483125000001,112.06483125000001,218.7563,89.9798
1008,snn,baseline,jetson_emulator,40,local,0.5,72.6435,59.8766,72.6435,75.3544,57.5233,112.06483125000001,112.06483125000001,221.4243,89.9456
1009,snn,baseline,jetson_emulator,40,local,0.5,72.5134,61.6922,72.5134,74.4449,57.5527,112.06483125000001,112.06483125000001,221.5288,90.0173
1010,snn,baseline,jetson_emulator,40,offload,0.5,73.0924,60.8856,60.8856,62.7099,60.3094,112.06483125000001,112.06483125000001,219.0661,89.9967
1011,snn,baseline,jetson_emulator,40,local,0.5,72.4296,59.8852,72.4296,74.0415,57.5717,112.06483125000001,112.06483125000001,221.7378,89.9524
1012,snn,baseline,jetson_emulator,40,offload,0.5,72.5145,60.7976,60.7976,62.382,60.3312,112.06483125000001,112.06483125000001,219.2727,89.9301
1013,snn,baseline,jetson_emulator,40,local,0.5,72.9783,59.6108,72.9783,74.8379,57.4477,112.06483125000001,112.06483125000001,221.9468,89.9995
1014,snn,baseline,jetson_emulator,40,offload,0.5,72.4985,59.8538,59.8538,61.7406,60.5668,112.06483125000001,112.06483125000001,219.4792,90.0054
1015,snn,baseline,jetson_emulator,40,local,0.5,72.8187,59.7364,72.8187,74.3644,57.4838,112.06483125000001,112.06483125000001,222.1558,90.0625
1016,snn,baseline,jetson_emulator,40,local,0.5,72.609,59.9848,72.609,73.735,57.5311,112.06483125000001,112.06483125000001,222.2602,89.9379
1017,snn,baseline,jetson_emulator,40,offload,0.5,72.1871,59.5041,59.5041,61.1284,60.6545,112.06483125000001,112.06483125000001,219.7891,89.9619
1018,snn,baseline,jetson_emulator,40,local,0.5,72.1633,60.0796,72.1633,73.4599,57.6321,112.06483125000001,112.06483125000001,222.4692,89.9522
1019,snn,baseline,jetson_emulator,40,offload,0.5,72.2704,59.6636,59.6636,62.5241,60.6145,112.06483125000001,112.06483125000001,219.9956,90.0356
1020,snn,baseline,jetson_emulator,40,local,0.5,72.4619,60.3034,72.4619,74.4108,57.5644,112.06483125000001,112.06483125000001,222.6782,90.1037
1021,snn,baseline,jetson_emulator,40,offload,0.5,72.5007,59.7997,59.7997,61.4703,60.5804,112.06483125000001,112.06483125000001,220.2022,89.9939
1022,snn,baseline,jetson_emulator,40,local,0.5,72.1421,61.2943,72.1421,74.2314,57.6369,112.06483125000001,112.06483125000001,222.8872,89.9939
1023,snn,baseline,jetson_emulator,40,offload,0.5,72.2665,59.5589,59.5589,61.0054,60.6408,112.06483125000001,112.06483125000001,220.4088,89.9691
1024,snn,baseline,jetson_emulator,40,offload,0.5,71.849,59.5554,59.5554,61.6832,60.6416,112.06483125000001,112.06483125000001,220.512,89.8979
1025,snn,baseline,jetson_emulator,40,offload,0.5,72.3666,59.456,59.456,61.1633,60.6666,112.06483125000001,112.06483125000001,220.6153,90.0151
1026,snn,baseline,jetson_emulator,40,offload,0.5,73.2594,59.7463,59.7463,61.5927,60.5937,112.06483125000001,112.06483125000001,220.7186,89.9635
1027,snn,baseline,jetson_emulator,40,offload,0.5,72.0058,60.1318,60.1318,62.2332,60.4972,112.06483125000001,112.06483125000001,220.8219,89.9139
1028,snn,baseline,jetson_emulator,40,offload,0.5,72.2244,59.3322,59.3322,60.8303,60.6978,112.06483125000001,112.06483125000001,220.9251,90.0676
1029,snn,baseline,jetson_emulator,40,offload,0.5,72.3566,59.8923,59.8923,61.6711,60.5571,112.06483125000001,112.06483125000001,221.0284,89.9967
1030,snn,baseline,jetson_emulator,40,local,0.5,72.3578,60.186,72.3578,74.5502,57.588,112.06483125000001,112.06483125000001,223.7231,89.9423
1031,snn,baseline,jetson_emulator,40,local,0.5,71.6586,60.9494,71.6586,74.4998,57.7468,112.06483125000001,112.06483125000001,223.8276,89.897
1032,snn,baseline,jetson_emulator,40,offload,0.5,72.1039,59.5019,59.5019,61.7323,60.6551,112.06483125000001,112.06483125000001,221.3383,89.9984
1033,snn,baseline,jetson_emulator,40,local,0.5,71.9102,59.8258,71.9102,73.5419,57.6895,112.06483125000001,112.06483125000001,224.0366,89.9074
1034,snn,baseline,jetson_emulator,40,local,0.5,71.9484,59.2919,71.9484,73.5678,57.6809,112.06483125000001,112.06483125000001,224.141,89.9842
1035,snn,baseline,jetson_emulator,40,offload,0.5,71.7385,59.5697,59.5697,61.9991,60.6381,112.06483125000001,112.06483125000001,221.6481,90.0576
1036,snn,baseline,jetson_emulator,40,local,0.5,71.643,59.5972,71.643,73.4132,57.7503,112.06483125000001,112.06483125000001,224.35,90.0861
1037,snn,baseline,jetson_emulator,40,offload,0.5,72.1667,59.5727,59.5727,61.1026,60.6373,112.06483125000001,112.06483125000001,221.8547,90.075
1038,snn,baseline,jetson_emulator,40,local,0.5,71.7494,59.9424,71.7494,72.5982,57.7261,112.06483125000001,112.06483125000001,224.559,90.0377
1039,snn,baseline,jetson_emulator,40,local,0.5,71.6689,60.1485,71.6689,74.2229,57.7444,112.06483125000001,112.06483125000001,224.6635,89.9596
1040,snn,baseline,jetson_emulator,40,offload,0.5,71.7423,59.1023,59.1023,61.3879,60.7557,112.06483125000001,112.06483125000001,222.1645,89.9841
1041,snn,baseline,jetson_emulator,40,local,0.5,72.1807,60.2404,72.1807,73.8885,57.6281,112.06483125000001,112.06483125000001,224.8725,89.9275
1042,snn,baseline,jetson_emulator,40,offload,0.5,71.9836,59.7062,59.7062,61.5861,60.6038,112.06483125000001,112.06483125000001,222.3711,90.0197
1043,snn,baseline,jetson_emulator,40,local,0.5,71.5311,59.1399,71.5311,73.45,57.7758,112.06483125000001,112.06483125000001,225.0815,89.9486
1044,snn,baseline,jetson_emulator,40,offload,0.5,71.8494,59.1594,59.1594,60.8516,60.7413,112.06483125000001,112.06483125000001,222.5776,89.8987
1045,snn,baseline,jetson_emulator,40,offload,0.5,71.7956,59.4546,59.4546,61.7035,60.667,112.06483125000001,112.06483125000001,222.6809,89.9883
1046,snn,baseline,jetson_emulator,40,local,0.5,72.6827,60.0623,72.6827,74.7433,57.5145,112.06483125000001,112.06483125000001,225.3949,90.0193
1047,snn,baseline,jetson_emulator,40,offload,0.5,71.8233,60.1418,60.1418,61.1747,60.4947,112.06483125000001,112.06483125000001,222.8874,90.0713
1048,snn,baseline,jetson_emulator,40,local,0.5,71.4823,59.8894,71.4823,73.4898,57.787,112.06483125000001,112.06483125000001,225.6039,89.955
1049,snn,baseline,jetson_emulator,40,local,0.5,71.9952,60.9819,71.9952,74.0406,57.6702,112.06483125000001,112.06483125000001,225.7084,90.0263
1050,snn,baseline,jetson_emulator,40,offload,0.5,72.3137,59.3956,59.3956,61.7251,60.6818,112.06483125000001,112.06483125000001,223.1973,89.9564
1051,snn,baseline,jetson_emulator,40,local,0.5,72.4052,59.9185,72.4052,74.3355,57.5772,112.06483125000001,112.06483125000001,225.9174,90.0692
1052,snn,baseline,jetson_emulator,40,local,0.5,71.5108,59.1835,71.5108,73.509,57.7805,112.06483125000001,112.06483125000001,226.0219,90.0007
1053,snn,baseline,jetson_emulator,40,local,0.5,71.8329,59.7428,71.8329,74.0868,57.7071,112.06483125000001,112.06483125000001,226.1263,89.9645
1054,snn,baseline,jetson_emulator,40,offload,0.5,71.8,59.8358,59.8358,61.5238,60.5713,112.06483125000001,112.06483125000001,223.6104,89.9446
1055,snn,baseline,jetson_emulator,40,local,0.5,71.5459,59.0988,71.5459,73.0952,57.7725,112.06483125000001,112.06483125000001,226.3353,89.9755
1056,snn,baseline,jetson_emulator,40,offload,0.5,72.4121,60.7969,60.7969,62.3158,60.3314,112.06483125000001,112.06483125000001,223.817,89.9371
1057,snn,baseline,jetson_emulator,40,offload,0.5,71.7107,60.3537,60.3537,62.2703,60.4418,112.06483125000001,112.06483125000001,223.9202,90.0225
1058,snn,baseline,jetson_emulator,40,local,0.5,72.2646,60.3483,72.2646,73.8403,57.6091,112.06483125000001,112.06483125000001,226.6488,89.9895
1059,snn,baseline,jetson_emulator,40,local,0.5,71.8911,59.5686,71.8911,73.5618,57.6939,112.06483125000001,112.06483125000001,226.7533,90.0326
1060,snn,baseline,jetson_emulator,40,local,0.5,72.437,59.8123,72.437,74.1835,57.57,112.06483125000001,112.06483125000001,226.8578,89.9591
1061,snn,baseline,jetson_emulator,40,local,0.5,71.9183,59.514,71.9183,74.4417,57.6877,112.06483125000001,112.06483125000001,226.9623,89.9219
1062,snn,baseline,jetson_emulator,40,local,0.5,71.7824,59.8283,71.7824,73.9543,57.7186,112.06483125000001,112.06483125000001,227.0667,90.0033
1063,snn,baseline,jetson_emulator,40,local,0.5,71.7945,59.9306,71.7945,74.3043,57.7158,112.06483125000001,112.06483125000001,227.1712,89.9682
1064,snn,baseline,jetson_emulator,40,local,0.5,72.1617,60.0476,72.1617,74.1118,57.6324,112.06483125000001,112.06483125000001,227.2757,89.9768
1065,snn,baseline,jetson_emulator,40,local,0.5,72.7239,60.7236,72.7239,75.005,57.5051,112.06483125000001,112.06483125000001,227.3802,90.0521
1066,snn,baseline,jetson_emulator,40,local,0.5,71.8813,59.6755,71.8813,73.4511,57.6961,112.06483125000001,112.06483125000001,227.4847,90.0866
1067,snn,baseline,jetson_emulator,40,local,0.5,72.1599,60.3473,72.1599,73.5773,57.6328,112.06483125000001,112.06483125000001,227.5892,89.943
1068,snn,baseline,jetson_emulator,40,offload,0.5,71.8757,60.7159,60.7159,62.7633,60.3516,112.06483125000001,112.06483125000001,225.0563,89.9603
1069,snn,baseline,jetson_emulator,40,offload,0.5,72.511,59.8369,59.8369,61.702,60.571,112.06483125000001,112.06483125000001,225.1596,89.9738
1070,snn,baseline,jetson_emulator,40,local,0.5,71.993,59.5081,71.993,73.3293,57.6707,112.06483125000001,112.06483125000001,227.9027,89.9988
1071,snn,baseline,jetson_emulator,40,local,0.5,72.0237,60.0092,72.0237,74.1519,57.6637,112.06483125000001,112.06483125000001,228.0072,89.9054
1072,snn,baseline,jetson_emulator,40,local,0.5,72.1958,59.484,72.1958,74.5136,57.6247,112.06483125000001,112.06483125000001,228.1116,89.9495
1073,snn,baseline,jetson_emulator,40,offload,0.5,72.3632,60.7746,60.7746,61.9776,60.337,112.06483125000001,112.06483125000001,225.5727,89.9154
1074,snn,baseline,jetson_emulator,40,offload,0.5,73.2479,60.7472,60.7472,62.3863,60.3438,112.06483125000001,112.06483125000001,225.676,89.982
1075,snn,baseline,jetson_emulator,40,local,0.5,72.1813,60.3652,72.1813,74.2668,57.628,112.06483125000001,112.06483125000001,228.4251,89.9849
1076,snn,baseline,jetson_emulator,40,local,0.5,73.3528,60.191,73.3528,75.1757,57.3635,112.06483125000001,112.06483125000001,228.5296,89.951
1077,snn,baseline,jetson_emulator,40,offload,0.5,72.2371,59.6161,59.6161,61.7719,60.6264,112.06483125000001,112.06483125000001,225.9858,90.017
1078,snn,baseline,jetson_emulator,40,local,0.5,72.3117,60.1623,72.3117,74.8074,57.5984,112.06483125000001,112.06483125000001,228.7386,90.0095
1079,snn,baseline,jetson_emulator,40,offload,0.5,72.5666,60.1413,60.1413,62.1819,60.4948,112.06483125000001,112.06483125000001,226.1924,89.99
1080,snn,baseline,jetson_emulator,40,local,0.5,72.6975,59.8147,72.6975,74.4861,57.5111,112.06483125000001,112.06483125000001,228.9476,89.9569
1081,snn,baseline,jetson_emulator,40,offload,0.5,72.5878,60.5833,60.5833,61.8036,60.3846,112.06483125000001,112.06483125000001,226.3989,89.9242
1082,snn,baseline,jetson_emulator,40,local,0.5,72.4712,60.2586,72.4712,74.7929,57.5623,112.06483125000001,112.06483125000001,229.1565,89.947
1083,snn,baseline,jetson_emulator,40,local,0.5,72.98,61.1064,72.98,74.8392,57.4474,112.06483125000001,112.06483125000001,229.261,89.961
1084,snn,baseline,jetson_emulator,40,local,0.5,73.0973,60.0889,73.0973,74.0342,57.4209,112.06483125000001,112.06483125000001,229.3655,90.0255
1085,snn,baseline,jetson_emulator,40,local,0.5,73.0877,61.6792,73.0877,74.3371,57.4231,112.06483125000001,112.06483125000001,229.47,89.9802
1086,snn,baseline,jetson_emulator,40,offload,0.5,72.5817,60.3417,60.3417,61.9281,60.4448,112.06483125000001,112.06483125000001,226.9153,89.9317
1087,snn,baseline,jetson_emulator,40,offload,0.5,72.9402,62.1937,62.1937,64.0431,59.9861,112.06483125000001,112.06483125000001,227.0186,90.0775
1088,snn,baseline,jetson_emulator,40,local,0.5,72.7682,60.4268,72.7682,74.3908,57.4951,112.06483125000001,112.06483125000001,229.7835,90.0071
1089,snn,baseline,jetson_emulator,40,offload,0.5,72.9439,60.292,60.292,63.2002,60.4572,112.06483125000001,112.06483125000001,227.2252,90.103
1090,snn,baseline,jetson_emulator,40,local,0.5,73.5605,61.3894,73.5605,74.8919,57.3168,112.06483125000001,112.06483125000001,229.9924,90.0525
1091,snn,baseline,jetson_emulator,40,offload,0.5,73.1082,60.4181,60.4181,61.8675,60.4257,112.06483125000001,112.06483125000001,227.4317,90.0594
1092,snn,baseline,jetson_emulator,40,offload,0.5,73.4662,61.4076,61.4076,62.7204,60.18,112.06483125000001,112.06483125000001,227.535,90.0161
1093,snn,baseline,jetson_emulator,40,offload,0.5,73.7285,61.0987,61.0987,63.8822,60.2565,112.06483125000001,112.06483125000001,227.6383,90.0537
1094,snn,baseline,jetson_emulator,40,local,0.5,73.136,61.0104,73.136,75.2547,57.4122,112.06483125000001,112.06483125000001,230.4104,89.9925
1095,snn,baseline,jetson_emulator,40,local,0.5,73.4451,60.7179,73.4451,76.0617,57.3427,112.06483125000001,112.06483125000001,230.5149,89.9654
1096,snn,baseline,jetson_emulator,40,offload,0.5,73.4548,60.6659,60.6659,62.4883,60.364,112.06483125000001,112.06483125000001,227.9481,89.9424
1097,snn,baseline,jetson_emulator,40,local,0.5,73.7581,60.6366,73.7581,75.1353,57.2725,112.06483125000001,112.06483125000001,230.7239,90.0535
1098,snn,baseline,jetson_emulator,40,local,0.5,73.5792,62.4282,73.5792,75.8294,57.3126,112.06483125000001,112.06483125000001,230.8284,89.955
1099,snn,baseline,jetson_emulator,40,local,0.5,74.0986,61.3159,74.0986,76.2993,57.1963,112.06483125000001,112.06483125000001,230.9328,90.0907
1100,snn,baseline,jetson_emulator,40,offload,0.5,74.0836,60.8897,60.8897,62.7059,60.3084,112.06483125000001,112.06483125000001,228.3612,89.9978
1101,snn,baseline,jetson_emulator,40,offload,0.5,74.0856,61.1617,61.1617,63.2771,60.2409,112.06483125000001,112.06483125000001,228.4645,89.9734
1102,snn,baseline,jetson_emulator,40,offload,0.5,73.7436,61.5555,61.5555,64.0671,60.1434,112.06483125000001,112.06483125000001,228.5678,89.9835
1103,snn,baseline,jetson_emulator,40,offload,0.5,73.8004,61.2375,61.2375,63.3744,60.2221,112.06483125000001,112.06483125000001,228.6711,89.9795
1104,snn,baseline,jetson_emulator,40,offload,0.5,74.0226,62.0384,62.0384,63.0058,60.0243,112.06483125000001,112.06483125000001,228.7743,90.0438
1105,snn,baseline,jetson_emulator,40,offload,0.5,73.9459,61.1932,61.1932,63.2363,60.2331,112.06483125000001,112.06483125000001,228.8776,89.9779
1106,snn,baseline,jetson_emulator,40,offload,0.5,73.9802,62.5134,62.5134,64.9758,59.9077,112.06483125000001,112.06483125000001,228.9809,90.0393
1107,snn,baseline,jetson_emulator,40,offload,0.5,74.2039,61.7054,61.7054,64.7605,60.1064,112.06483125000001,112.06483125000001,229.0842,90.0068
1108,snn,baseline,jetson_emulator,40,local,0.5,74.2619,61.5975,74.2619,76.1004,57.1599,112.06483125000001,112.06483125000001,231.8733,90.0561
1109,snn,baseline,jetson_emulator,40,offload,0.5,74.4612,62.1749,62.1749,63.4425,59.9908,112.06483125000001,112.06483125000001,229.2907,90.0563
1110,snn,baseline,jetson_emulator,40,local,0.5,74.9487,62.1966,74.9487,76.9072,57.007,112.06483125000001,112.06483125000001,232.0822,90.0215
1111,snn,baseline,jetson_emulator,40,local,0.5,74.5864,61.6521,74.5864,76.4834,57.0875,112.06483125000001,112.06483125000001,232.1867,90.031
1112,snn,baseline,jetson_emulator,40,local,0.5,75.1576,62.8248,75.1576,76.6738,56.9607,112.06483125000001,112.06483125000001,232.2912,90.0304
1113,snn,baseline,jetson_emulator,40,local,0.5,75.3269,62.6449,75.3269,76.8128,56.9232,112.06483125000001,112.06483125000001,232.3957,90.0027
1114,snn,baseline,jetson_emulator,40,offload,0.5,74.6324,63.9521,63.9521,64.9832,59.5571,112.06483125000001,112.06483125000001,229.8071,90.0127
1115,snn,baseline,jetson_emulator,40,local,0.5,74.7437,62.1977,74.7437,76.2586,57.0525,112.06483125000001,112.06483125000001,232.6047,89.9727
1116,snn,baseline,jetson_emulator,40,local,0.5,74.8271,61.9678,74.8271,76.3006,57.034,112.06483125000001,112.06483125000001,232.7092,90.0438
1117,snn,baseline,jetson_emulator,40,local,0.5,74.9519,63.1298,74.9519,76.8531,57.0063,112.06483125000001,112.06483125000001,232.8137,89.9495
1118,snn,baseline,jetson_emulator,40,local,0.5,75.3859,62.5929,75.3859,77.5105,56.9101,112.06483125000001,112.06483125000001,232.9181,89.9804
1119,snn,baseline,jetson_emulator,40,offload,0.5,76.0575,62.7038,62.7038,64.7747,59.861,112.06483125000001,112.06483125000001,230.3235,89.9899
1120,snn,baseline,jetson_emulator,40,offload,0.5,76.1757,62.3215,62.3215,64.4533,59.9547,112.06483125000001,112.06483125000001,230.4268,90.0042
1121,snn,baseline,jetson_emulator,40,offload,0.5,75.4693,62.8766,62.8766,64.918,59.8188,112.06483125000001,112.06483125000001,230.5301,90.018
1122,snn,baseline,jetson_emulator,40,local,0.5,75.3672,63.0919,75.3672,76.5055,56.9143,112.06483125000001,112.06483125000001,233.3361,90.0116
1123,snn,baseline,jetson_emulator,40,local,0.5,76.6276,63.1084,76.6276,78.3611,56.6368,112.06483125000001,112.06483125000001,233.4406,89.9673
1124,snn,baseline,jetson_emulator,40,offload,0.5,75.7261,63.5103,63.5103,64.9146,59.6643,112.06483125000001,112.06483125000001,230.8399,89.9841
1125,snn,baseline,jetson_emulator,40,local,0.5,76.4284,63.1326,76.4284,77.9503,56.6805,112.06483125000001,112.06483125000001,233.6496,90.0357
1126,snn,baseline,jetson_emulator,40,local,0.5,76.0921,63.285,76.0921,77.7654,56.7543,112.06483125000001,112.06483125000001,233.7541,89.9243
1127,snn,baseline,jetson_emulator,40,local,0.5,76.3006,63.2524,76.3006,78.5905,56.7085,112.06483125000001,112.06483125000001,233.8585,90.0215
1128,snn,baseline,jetson_emulator,40,offload,0.5,75.8901,63.7875,63.7875,65.969,59.597,112.06483125000001,112.06483125000001,231.253,89.9608
1129,snn,baseline,jetson_emulator,40,local,0.5,75.9631,64.0551,75.9631,77.9277,56.7827,112.06483125000001,112.06483125000001,234.0675,90.0401
1130,snn,baseline,jetson_emulator,40,offload,0.5,76.8768,62.9356,62.9356,65.2582,59.8044,112.06483125000001,112.06483125000001,231.4596,90.0287
1131,snn,baseline,jetson_emulator,40,local,0.5,76.1903,63.613,76.1903,78.8839,56.7327,112.06483125000001,112.06483125000001,234.2765,89.9155
1132,snn,baseline,jetson_emulator,40,offload,0.5,76.2167,63.0034,63.0034,64.7544,59.7878,112.06483125000001,112.06483125000001,231.6662,89.8781
1133,snn,baseline,jetson_emulator,40,local,0.5,76.5352,63.465,76.5352,77.8431,56.657,112.06483125000001,112.06483125000001,234.4855,90.0113
1134,snn,baseline,jetson_emulator,40,local,0.5,76.9997,63.3632,76.9997,78.9529,56.5554,112.06483125000001,112.06483125000001,234.59,90.0456
1135,snn,baseline,jetson_emulator,40,offload,0.5,77.631,63.3991,63.3991,65.5344,59.6914,112.06483125000001,112.06483125000001,231.976,89.9933
1136,snn,baseline,jetson_emulator,40,local,0.5,76.585,63.7917,76.585,78.5012,56.6461,112.06483125000001,112.06483125000001,234.799,90.0341
1137,snn,baseline,jetson_emulator,40,offload,0.5,77.6097,63.5415,63.5415,65.3495,59.6567,112.06483125000001,112.06483125000001,232.1826,89.9978
1138,snn,baseline,jetson_emulator,40,offload,0.5,77.0246,63.4533,63.4533,65.0915,59.6782,112.06483125000001,112.06483125000001,232.2858,89.999
1139,snn,baseline,jetson_emulator,40,local,0.5,76.9618,65.0009,76.9618,78.2352,56.5636,112.06483125000001,112.06483125000001,235.1124,89.9418
1140,snn,baseline,jetson_emulator,40,local,0.5,77.2417,64.3202,77.2417,79.2748,56.5025,112.06483125000001,112.06483125000001,235.2169,89.9394
1141,snn,baseline,jetson_emulator,40,offload,0.5,77.841,63.9942,63.9942,66.3312,59.5469,112.06483125000001,112.06483125000001,232.5957,90.0176
1142,snn,baseline,jetson_emulator,40,local,0.5,77.4623,64.3192,77.4623,79.6648,56.4545,112.06483125000001,112.06483125000001,235.4259,89.892
1143,snn,baseline,jetson_emulator,40,local,0.5,77.3418,65.5472,77.3418,78.9598,56.4807,112.06483125000001,112.06483125000001,235.5304,90.0135
1144,snn,baseline,jetson_emulator,40,local,0.5,77.5983,65.0445,77.5983,78.4756,56.4249,112.06483125000001,112.06483125000001,235.6349,90.0953
1145,snn,baseline,jetson_emulator,40,offload,0.5,78.3423,64.0349,64.0349,66.2163,59.537,112.06483125000001,112.06483125000001,233.0088,89.917
1146,snn,baseline,jetson_emulator,40,local,0.5,78.2677,65.4519,78.2677,80.3368,56.2797,112.06483125000001,112.06483125000001,235.8438,89.9522
1147,snn,baseline,jetson_emulator,40,offload,0.5,77.9036,66.1987,66.1987,68.2711,59.0177,112.06483125000001,112.06483125000001,233.2153,90.0073
1148,snn,baseline,jetson_emulator,40,local,0.5,78.3314,64.9299,78.3314,80.4753,56.2659,112.06483125000001,112.06483125000001,236.0528,89.9965
1149,snn,baseline,jetson_emulator,40,local,0.5,77.7232,64.2759,77.7232,80.3108,56.3977,112.06483125000001,112.06483125000001,236.1573,89.9806
1150,snn,baseline,jetson_emulator,40,local,0.5,78.2301,65.148,78.2301,80.4044,56.2878,112.06483125000001,112.06483125000001,236.2618,90.0588
1151,snn,baseline,jetson_emulator,40,local,0.5,78.2048,64.3944,78.2048,80.8004,56.2933,112.06483125000001,112.06483125000001,236.3663,90.026
1152,snn,baseline,jetson_emulator,40,offload,0.5,78.2748,66.3533,66.3533,68.4408,58.981,112.06483125000001,112.06483125000001,233.7317,89.9606
1153,snn,baseline,jetson_emulator,40,offload,0.5,78.4039,65.0399,65.0399,67.1429,59.2947,112.06483125000001,112.06483125000001,233.835,89.9738
1154,snn,baseline,jetson_emulator,40,local,0.5,78.9499,66.0346,78.9499,80.179,56.1325,112.06483125000001,112.06483125000001,236.6798,89.981
1155,snn,baseline,jetson_emulator,40,offload,0.5,78.5285,65.1456,65.1456,66.8109,59.2693,112.06483125000001,112.06483125000001,234.0416,90.0665
1156,snn,baseline,jetson_emulator,40,offload,0.5,79.2322,65.3674,65.3674,67.0698,59.2162,112.06483125000001,112.06483125000001,234.1449,89.9519
1157,snn,baseline,jetson_emulator,40,local,0.5,78.3792,65.1338,78.3792,81.1339,56.2556,112.06483125000001,112.06483125000001,236.9932,90.0155
1158,snn,baseline,jetson_emulator,40,offload,0.5,78.8696,65.6587,65.6587,67.5378,59.1465,112.06483125000001,112.06483125000001,234.3514,90.049
1159,snn,baseline,jetson_emulator,40,local,0.5,79.3052,65.4695,79.3052,81.9109,56.0561,112.06483125000001,112.06483125000001,237.2022,89.9885
1160,snn,baseline,jetson_emulator,40,local,0.5,79.4777,65.1521,79.4777,81.1268,56.0192,112.06483125000001,112.06483125000001,237.3067,89.9861
1161,snn,baseline,jetson_emulator,40,offload,0.5,78.8751,65.2093,65.2093,66.6882,59.254,112.06483125000001,112.06483125000001,234.6612,90.0879
1162,snn,baseline,jetson_emulator,40,local,0.5,79.2315,65.9198,79.2315,80.2715,56.072,112.06483125000001,112.06483125000001,237.5157,90.0508
1163,snn,baseline,jetson_emulator,40,local,0.5,79.3036,65.5092,79.3036,81.415,56.0565,112.06483125000001,112.06483125000001,237.6202,90.0825
1164,snn,baseline,jetson_emulator,40,offload,0.5,78.947,66.1864,66.1864,68.923,59.0207,112.06483125000001,112.06483125000001,234.9711,90.0209
1165,snn,baseline,jetson_emulator,40,offload,0.5,79.0622,65.3065,65.3065,66.8054,59.2307,112.06483125000001,112.06483125000001,235.0744,90.0973
1166,snn,baseline,jetson_emulator,40,local,0.5,79.2887,66.0714,79.2887,81.7258,56.0597,112.06483125000001,112.06483125000001,237.9336,90.0591
1167,snn,baseline,jetson_emulator,40,local,0.5,80.0929,65.9504,80.0929,82.5012,55.8876,112.06483125000001,112.06483125000001,238.0381,90.0026
1168,snn,baseline,jetson_emulator,40,local,0.5,80.0288,66.1927,80.0288,82.078,55.9013,112.06483125000001,112.06483125000001,238.1426,90.0298
1169,snn,baseline,jetson_emulator,40,local,0.5,79.7879,66.8606,79.7879,81.2966,55.9527,112.06483125000001,112.06483125000001,238.2471,90.0534
1170,snn,baseline,jetson_emulator,40,offload,0.5,79.306,65.548,65.548,66.997,59.1729,112.06483125000001,112.06483125000001,235.5908,90.0128
1171,snn,baseline,jetson_emulator,40,local,0.5,79.8541,66.5548,79.8541,81.4169,55.9386,112.06483125000001,112.06483125000001,238.4561,89.9513
1172,snn,baseline,jetson_emulator,40,offload,0.5,80.1786,66.2797,66.2797,68.4662,58.9985,112.06483125000001,112.06483125000001,235.7973,89.973
1173,snn,baseline,jetson_emulator,40,offload,0.5,79.4975,66.1791,66.1791,68.4828,59.0224,112.06483125000001,112.06483125000001,235.9006,89.97
1174,snn,baseline,jetson_emulator,40,local,0.5,80.8033,65.8004,80.8033,83.3349,55.7364,112.06483125000001,112.06483125000001,238.7695,90.0632
1175,snn,baseline,jetson_emulator,40,offload,0.5,79.6849,66.2858,66.2858,68.5096,58.997,112.06483125000001,112.06483125000001,236.1072,90.0101
1176,snn,baseline,jetson_emulator,40,offload,0.5,80.349,65.9785,65.9785,67.8606,59.0702,112.06483125000001,112.06483125000001,236.2104,89.9625
1177,snn,baseline,jetson_emulator,40,offload,0.5,80.1976,66.2739,66.2739,68.3354,58.9998,112.06483125000001,112.06483125000001,236.3137,90.0221
1178,snn,baseline,jetson_emulator,40,offload,0.5,80.068,67.5585,67.5585,70.2379,58.696,112.06483125000001,112.06483125000001,236.417,89.9851
1179,snn,baseline,jetson_emulator,40,offload,0.5,80.7628,66.4404,66.4404,67.7451,58.9603,112.06483125000001,112.06483125000001,236.5203,89.9986
1180,snn,baseline,jetson_emulator,40,local,0.5,80.3102,66.6293,80.3102,82.3812,55.8413,112.06483125000001,112.06483125000001,239.3965,90.0462
1181,snn,baseline,jetson_emulator,40,offload,0.5,79.9377,66.6575,66.6575,67.941,58.9088,112.06483125000001,112.06483125000001,236.7268,89.9022
1182,snn,baseline,jetson_emulator,40,offload,0.5,80.4307,66.6504,66.6504,68.9268,58.9104,112.06483125000001,112.06483125000001,236.8301,89.9887
1183,snn,baseline,jetson_emulator,40,offload,0.5,80.2688,66.2149,66.2149,67.753,59.0139,112.06483125000001,112.06483125000001,236.9334,90.0213
1184,snn,baseline,jetson_emulator,40,local,0.5,81.0601,66.4069,81.0601,83.0077,55.682,112.06483125000001,112.06483125000001,239.8144,89.9974
1185,snn,baseline,jetson_emulator,40,local,0.5,80.327,66.4214,80.327,82.295,55.8377,112.06483125000001,112.06483125000001,239.9189,89.9852
1186,snn,baseline,jetson_emulator,40,local,0.5,81.8232,67.2728,81.8232,84.4371,55.5209,112.06483125000001,112.06483125000001,240.0234,89.9362
1187,snn,baseline,jetson_emulator,40,local,0.5,80.5807,66.6365,80.5807,81.9926,55.7837,112.06483125000001,112.06483125000001,240.1279,90.0719
1188,snn,baseline,jetson_emulator,40,offload,0.5,81.2566,66.7654,66.7654,69.3694,58.8832,112.06483125000001,112.06483125000001,237.4498,89.9536
1189,snn,baseline,jetson_emulator,40,offload,0.5,80.6424,66.8339,66.8339,68.4348,58.867,112.06483125000001,112.06483125000001,237.5531,89.9447
1190,snn,baseline,jetson_emulator,40,local,0.5,80.315,66.9799,80.315,82.0377,55.8403,112.06483125000001,112.06483125000001,240.4414,89.9898
1191,snn,baseline,jetson_emulator,40,offload,0.5,81.3942,66.8173,66.8173,68.7144,58.8709,112.06483125000001,112.06483125000001,237.7596,90.0623
1192,snn,baseline,jetson_emulator,40,offload,0.5,80.5323,67.6061,67.6061,68.9365,58.6848,112.06483125000001,112.06483125000001,237.8629,89.9328
1193,snn,baseline,jetson_emulator,40,offload,0.5,80.783,67.1387,67.1387,69.0948,58.7949,112.06483125000001,112.06483125000001,237.9662,89.9156
1194,snn,baseline,jetson_emulator,40,local,0.5,81.0082,66.8929,81.0082,83.1088,55.693,112.06483125000001,112.06483125000001,240.8593,89.9874
1195,snn,baseline,jetson_emulator,40,offload,0.5,80.7718,67.8508,67.8508,69.3275,58.6273,112.06483125000001,112.06483125000001,238.1727,90.0583
1196,snn,baseline,jetson_emulator,40,offload,0.5,81.0234,66.7045,66.7045,68.5611,58.8976,112.06483125000001,112.06483125000001,238.276,90.0657
1197,snn,baseline,jetson_emulator,40,offload,0.5,80.9683,67.5013,67.5013,69.9946,58.7094,112.06483125000001,112.06483125000001,238.3793,89.9135
1198,snn,baseline,jetson_emulator,40,offload,0.5,80.6647,67.1515,67.1515,69.8134,58.7919,112.06483125000001,112.06483125000001,238.4826,89.915
1199,snn,baseline,jetson_emulator,40,local,0.5,80.4732,67.0795,80.4732,82.4668,55.8066,112.06483125000001,112.06483125000001,241.3818,89.9524
1200,snn,baseline,jetson_emulator,40,offload,0.5,80.9836,66.8705,66.8705,68.8996,58.8583,112.06483125000001,112.06483125000001,238.6891,89.9546
