cycle_id,model,architecture,profile,nodes,decision,threshold,local_latency_ms,offload_latency_ms,total_latency_ms,rtt_ms,throughput_fps,local_power_mw,offload_power_mw,effective_power_mw,accuracy_step
1,cnn,baseline,jetson_emulator,40,local,0.5,46.6569,39.2954,46.6569,48.9268,24.2786,167.274,167.274,173.4518,92.7557
2,cnn,baseline,jetson_emulator,40,offload,0.5,46.6436,38.5004,38.5004,40.3675,25.0522,167.274,167.274,171.5969,92.7674
3,cnn,baseline,jetson_emulator,40,local,0.5,46.5419,39.1377,46.5419,48.0539,24.2891,167.274,167.274,173.7638,92.7965
4,cnn,baseline,jetson_emulator,40,local,0.5,47.5232,38.8925,47.5232,49.2466,24.1992,167.274,167.274,173.9197,92.8365
5,cnn,baseline,jetson_emulator,40,offload,0.5,46.7131,38.663,38.663,41.2937,25.0363,167.274,167.274,172.0594,92.7288
6,cnn,baseline,jetson_emulator,40,offload,0.5,46.8391,39.0499,39.0499,40.2321,24.9985,167.274,167.274,172.2135,92.7522
7,cnn,baseline,jetson_emulator,40,local,0.5,46.8673,39.9899,46.8673,48.7112,24.2592,167.274,167.274,174.3876,92.7826
8,cnn,baseline,jetson_emulator,40,local,0.5,47.5396,39.066,47.5396,49.4223,24.1977,167.274,167.274,174.5436,92.7923
9,cnn,baseline,jetson_emulator,40,offload,0.5,47.2945,39.2735,39.2735,41.1967,24.9767,167.274,167.274,172.676,92.7469
10,cnn,baseline,jetson_emulator,40,offload,0.5,47.9832,39.248,39.248,41.3524,24.9792,167.274,167.274,172.8302,92.7554
11,cnn,baseline,jetson_emulator,40,offload,0.5,48.835,39.4387,39.4387,41.3366,24.9607,167.274,167.274,172.9843,92.776
12,cnn,baseline,jetson_emulator,40,local,0.5,47.3873,39.4694,47.3873,49.8218,24.2116,167.274,167.274,175.1675,92.7789
13,cnn,baseline,jetson_emulator,40,local,0.5,47.4511,40.6864,47.4511,49.679,24.2058,167.274,167.274,175.3234,92.7391
14,cnn,baseline,jetson_emulator,40,offload,0.5,48.327,41.0265,41.0265,42.1363,24.8074,167.274,167.274,173.4468,92.8312
15,cnn,baseline,jetson_emulator,40,local,0.5,47.9745,39.5277,47.9745,50.3447,24.158,167.274,167.274,175.6354,92.6996
16,cnn,baseline,jetson_emulator,40,local,0.5,47.7315,40.5119,47.7315,50.0624,24.1802,167.274,167.274,175.7913,92.8989
17,cnn,baseline,jetson_emulator,40,local,0.5,48.2486,39.7861,48.2486,50.0663,24.1331,167.274,167.274,175.9473,92.8093
18,cnn,baseline,jetson_emulator,40,local,0.5,48.1598,39.9495,48.1598,49.8674,24.1412,167.274,167.274,176.1033,92.8031
19,cnn,baseline,jetson_emulator,40,offload,0.5,48.0627,40.0501,40.0501,42.0059,24.9014,167.274,167.274,174.2176,92.8847
20,cnn,baseline,jetson_emulator,40,local,0.5,48.7612,40.559,48.7612,50.7578,24.0867,167.274,167.274,176.4152,92.7746
21,cnn,baseline,jetson_emulator,40,offload,0.5,48.1526,40.5929,40.5929,42.4252,24.849,167.274,167.274,174.5259,92.6953
22,cnn,baseline,jetson_emulator,40,offload,0.5,48.1596,39.8805,39.8805,42.4138,24.9178,167.274,167.274,174.6801,92.7786
23,cnn,baseline,jetson_emulator,40,offload,0.5,48.68,40.4161,40.4161,41.7603,24.8661,167.274,167.274,174.8342,92.8578
24,cnn,baseline,jetson_emulator,40,offload,0.5,48.3951,40.451,40.451,42.8838,24.8627,167.274,167.274,174.9884,92.7647
25,cnn,baseline,jetson_emulator,40,local,0.5,48.5809,40.2797,48.5809,50.5624,24.103,167.274,167.274,177.195,92.7479
26,cnn,baseline,jetson_emulator,40,local,0.5,48.6022,40.5325,48.6022,50.6345,24.1011,167.274,167.274,177.351,92.697
27,cnn,baseline,jetson_emulator,40,offload,0.5,49.2077,40.9821,40.9821,42.6117,24.8116,167.274,167.274,175.4509,92.7733
28,cnn,baseline,jetson_emulator,40,offload,0.5,48.7598,40.5417,40.5417,42.5172,24.854,167.274,167.274,175.605,92.7778
29,cnn,baseline,jetson_emulator,40,offload,0.5,49.9653,40.4613,40.4613,42.4885,24.8617,167.274,167.274,175.7592,92.697
30,cnn,baseline,jetson_emulator,40,local,0.5,48.8207,41.0194,48.8207,51.611,24.0813,167.274,167.274,177.9749,92.8051
31,cnn,baseline,jetson_emulator,40,offload,0.5,49.3692,41.4578,41.4578,44.2745,24.766,167.274,167.274,176.0675,92.698
32,cnn,baseline,jetson_emulator,40,offload,0.5,49.1873,40.8315,40.8315,43.2291,24.8261,167.274,167.274,176.2217,92.7733
33,cnn,baseline,jetson_emulator,40,offload,0.5,49.2253,40.5744,40.5744,42.7762,24.8508,167.274,167.274,176.3758,92.8332
34,cnn,baseline,jetson_emulator,40,offload,0.5,50.1951,40.9978,40.9978,42.9405,24.8101,167.274,167.274,176.53,92.776
35,cnn,baseline,jetson_emulator,40,offload,0.5,49.9639,41.1155,41.1155,42.7899,24.7988,167.274,167.274,176.6842,92.7744
36,cnn,baseline,jetson_emulator,40,local,0.5,49.7101,41.8819,49.7101,51.6302,24.0011,167.274,167.274,178.9106,92.753
37,cnn,baseline,jetson_emulator,40,offload,0.5,49.7687,42.3691,42.3691,43.9239,24.6792,167.274,167.274,176.9925,92.8495
38,cnn,baseline,jetson_emulator,40,offload,0.5,49.839,41.5171,41.5171,44.0366,24.7604,167.274,167.274,177.1466,92.888
39,cnn,baseline,jetson_emulator,40,local,0.5,49.8028,42.0331,49.8028,52.175,23.9928,167.274,167.274,179.3785,92.7328
40,cnn,baseline,jetson_emulator,40,offload,0.5,50.2334,41.1487,41.1487,42.803,24.7956,167.274,167.274,177.455,92.7158
41,cnn,baseline,jetson_emulator,40,offload,0.5,50.2171,41.1081,41.1081,43.7717,24.7995,167.274,167.274,177.6091,92.8715
42,cnn,baseline,jetson_emulator,40,offload,0.5,49.885,41.4501,41.4501,44.1642,24.7668,167.274,167.274,177.7633,92.7857
43,cnn,baseline,jetson_emulator,40,local,0.5,50.3307,42.4492,50.3307,51.9011,23.9455,167.274,167.274,180.0024,92.8198
44,cnn,baseline,jetson_emulator,40,local,0.5,50.2101,41.1888,50.2101,52.4122,23.9563,167.274,167.274,180.1584,92.7461
45,cnn,baseline,jetson_emulator,40,local,0.5,49.9057,42.1978,49.9057,52.9257,23.9836,167.274,167.274,180.3143,92.846
46,cnn,baseline,jetson_emulator,40,offload,0.5,50.8211,41.4947,41.4947,43.2279,24.7625,167.274,167.274,178.3799,92.8893
47,cnn,baseline,jetson_emulator,40,offload,0.5,50.8905,41.8336,41.8336,43.1886,24.7301,167.274,167.274,178.5341,92.7842
48,cnn,baseline,jetson_emulator,40,offload,0.5,50.1362,41.6656,41.6656,43.85,24.7462,167.274,167.274,178.6882,92.7874
49,cnn,baseline,jetson_emulator,40,local,0.5,50.095,41.565,50.095,51.9016,23.9666,167.274,167.274,180.9382,92.8104
50,cnn,baseline,jetson_emulator,40,offload,0.5,50.1506,43.1653,43.1653,45.5163,24.6038,167.274,167.274,178.9966,92.7067
51,cnn,baseline,jetson_emulator,40,local,0.5,50.5681,41.5624,50.5681,52.0357,23.9243,167.274,167.274,181.2501,92.7901
52,cnn,baseline,jetson_emulator,40,local,0.5,50.8082,42.4499,50.8082,52.0087,23.9029,167.274,167.274,181.4061,92.8045
53,cnn,baseline,jetson_emulator,40,local,0.5,50.6032,43.2379,50.6032,52.361,23.9212,167.274,167.274,181.5621,92.8052
54,cnn,baseline,jetson_emulator,40,offload,0.5,50.8145,41.6845,41.6845,43.6895,24.7444,167.274,167.274,179.6132,92.8203
55,cnn,baseline,jetson_emulator,40,local,0.5,50.6129,42.8378,50.6129,52.662,23.9203,167.274,167.274,181.874,92.7823
56,cnn,baseline,jetson_emulator,40,offload,0.5,50.6304,42.7961,42.7961,44.4311,24.6387,167.274,167.274,179.9215,92.8482
57,cnn,baseline,jetson_emulator,40,offload,0.5,50.7997,41.7883,41.7883,43.0104,24.7345,167.274,167.274,180.0757,92.8262
58,cnn,baseline,jetson_emulator,40,local,0.5,50.6702,43.0611,50.6702,52.2867,23.9152,167.274,167.274,182.3419,92.7611
59,cnn,baseline,jetson_emulator,40,offload,0.5,51.1048,42.0695,42.0695,43.5929,24.7077,167.274,167.274,180.384,92.8083
60,cnn,baseline,jetson_emulator,40,offload,0.5,50.9242,42.9095,42.9095,44.5893,24.628,167.274,167.274,180.5382,92.8218
61,cnn,baseline,jetson_emulator,40,local,0.5,51.5285,42.4744,51.5285,53.6994,23.8389,167.274,167.274,182.8098,92.7874
62,cnn,baseline,jetson_emulator,40,offload,0.5,50.8266,42.1056,42.1056,43.6411,24.7042,167.274,167.274,180.8465,92.8299
63,cnn,baseline,jetson_emulator,40,offload,0.5,50.7753,43.0312,43.0312,44.2609,24.6165,167.274,167.274,181.0006,92.817
64,cnn,baseline,jetson_emulator,40,local,0.5,51.5064,42.3826,51.5064,53.9468,23.8408,167.274,167.274,183.2777,92.7537
65,cnn,baseline,jetson_emulator,40,local,0.5,51.2116,43.1932,51.2116,52.5013,23.867,167.274,167.274,183.4337,92.7848
66,cnn,baseline,jetson_emulator,40,offload,0.5,51.57,42.8161,42.8161,44.6006,24.6368,167.274,167.274,181.4631,92.7771
67,cnn,baseline,jetson_emulator,40,local,0.5,51.1746,43.0224,51.1746,53.158,23.8703,167.274,167.274,183.7456,92.7854
68,cnn,baseline,jetson_emulator,40,offload,0.5,51.8237,43.4079,43.4079,45.0571,24.5809,167.274,167.274,181.7714,92.7532
69,cnn,baseline,jetson_emulator,40,local,0.5,52.1556,43.8908,52.1556,54.1183,23.7834,167.274,167.274,184.0575,92.8664
70,cnn,baseline,jetson_emulator,40,offload,0.5,51.6886,43.4315,43.4315,45.2838,24.5787,167.274,167.274,182.0798,92.7536
71,cnn,baseline,jetson_emulator,40,offload,0.5,51.05,42.2777,42.2777,45.0574,24.6879,167.274,167.274,182.2339,92.7769
72,cnn,baseline,jetson_emulator,40,offload,0.5,51.3051,42.3926,42.3926,44.3665,24.677,167.274,167.274,182.3881,92.7704
73,cnn,baseline,jetson_emulator,40,local,0.5,51.0938,43.1428,51.0938,52.7692,23.8775,167.274,167.274,184.6814,92.7967
74,cnn,baseline,jetson_emulator,40,offload,0.5,51.2771,42.3047,42.3047,43.6663,24.6853,167.274,167.274,182.6964,92.7378
75,cnn,baseline,jetson_emulator,40,offload,0.5,51.428,43.3378,43.3378,45.5439,24.5875,167.274,167.274,182.8506,92.6834
76,cnn,baseline,jetson_emulator,40,local,0.5,51.3598,42.6104,51.3598,53.6942,23.8538,167.274,167.274,185.1493,92.7972
77,cnn,baseline,jetson_emulator,40,local,0.5,51.9102,42.5609,51.9102,55.701,23.8051,167.274,167.274,185.3053,92.7244
78,cnn,baseline,jetson_emulator,40,local,0.5,51.7922,42.5887,51.7922,53.6372,23.8155,167.274,167.274,185.4612,92.7635
79,cnn,baseline,jetson_emulator,40,offload,0.5,51.2904,43.2206,43.2206,44.5706,24.5986,167.274,167.274,183.4672,92.7751
80,cnn,baseline,jetson_emulator,40,local,0.5,51.3106,42.8138,51.3106,53.1359,23.8582,167.274,167.274,185.7732,92.8106
81,cnn,baseline,jetson_emulator,40,offload,0.5,51.4058,42.9466,42.9466,45.5445,24.6245,167.274,167.274,183.7755,92.8719
82,cnn,baseline,jetson_emulator,40,offload,0.5,51.5901,42.7341,42.7341,45.6655,24.6446,167.274,167.274,183.9297,92.7972
83,cnn,baseline,jetson_emulator,40,offload,0.5,51.4207,42.6267,42.6267,44.4209,24.6547,167.274,167.274,184.0838,92.797
84,cnn,baseline,jetson_emulator,40,offload,0.5,51.8646,42.6011,42.6011,44.3428,24.6572,167.274,167.274,184.238,92.7839
85,cnn,baseline,jetson_emulator,40,offload,0.5,52.0799,42.8003,42.8003,45.0352,24.6383,167.274,167.274,184.3922,92.836
86,cnn,baseline,jetson_emulator,40,offload,0.5,51.414,42.6407,42.6407,43.9701,24.6534,167.274,167.274,184.5463,92.8439
87,cnn,baseline,jetson_emulator,40,local,0.5,52.0299,42.9135,52.0299,54.2811,23.7945,167.274,167.274,186.8649,92.9346
88,cnn,baseline,jetson_emulator,40,offload,0.5,51.6051,43.4774,43.4774,45.8317,24.5744,167.274,167.274,184.8546,92.7675
89,cnn,baseline,jetson_emulator,40,offload,0.5,51.3767,42.703,42.703,44.5227,24.6475,167.274,167.274,185.0088,92.7224
90,cnn,baseline,jetson_emulator,40,local,0.5,51.5879,42.7127,51.5879,54.3711,23.8336,167.274,167.274,187.3328,92.7881
91,cnn,baseline,jetson_emulator,40,local,0.5,51.6925,43.1114,51.6925,53.4881,23.8244,167.274,167.274,187.4888,92.7967
92,cnn,baseline,jetson_emulator,40,local,0.5,51.9599,43.645,51.9599,54.273,23.8007,167.274,167.274,187.6448,92.8003
93,cnn,baseline,jetson_emulator,40,local,0.5,52.0969,42.9093,52.0969,53.4486,23.7886,167.274,167.274,187.8007,92.7735
94,cnn,baseline,jetson_emulator,40,offload,0.5,51.6586,43.0882,43.0882,44.7062,24.6111,167.274,167.274,185.7796,92.708
95,cnn,baseline,jetson_emulator,40,offload,0.5,51.9223,42.5875,42.5875,44.1467,24.6585,167.274,167.274,185.9337,92.8182
96,cnn,baseline,jetson_emulator,40,offload,0.5,51.6093,44.067,44.067,46.4616,24.519,167.274,167.274,186.0879,92.7616
97,cnn,baseline,jetson_emulator,40,offload,0.5,51.5293,42.6774,42.6774,45.199,24.6499,167.274,167.274,186.2421,92.6992
98,cnn,baseline,jetson_emulator,40,local,0.5,51.581,43.3181,51.581,53.5091,23.8342,167.274,167.274,188.5806,92.8153
99,cnn,baseline,jetson_emulator,40,offload,0.5,52.5474,43.8396,43.8396,46.3776,24.5403,167.274,167.274,186.5504,92.7699
100,cnn,baseline,jetson_emulator,40,local,0.5,52.9425,42.6658,52.9425,54.7774,23.7142,167.274,167.274,188.8925,92.7372
101,cnn,baseline,jetson_emulator,40,offload,0.5,51.7386,42.8516,42.8516,44.9417,24.6334,167.274,167.274,186.8587,92.7489
102,cnn,baseline,jetson_emulator,40,local,0.5,51.7709,43.4571,51.7709,53.0658,23.8174,167.274,167.274,189.2044,92.7455
103,cnn,baseline,jetson_emulator,40,local,0.5,52.1375,43.1063,52.1375,53.5125,23.785,167.274,167.274,189.3604,92.8741
104,cnn,baseline,jetson_emulator,40,local,0.5,51.6668,43.0522,51.6668,53.6672,23.8266,167.274,167.274,189.5164,92.9011
105,cnn,baseline,jetson_emulator,40,offload,0.5,51.7115,43.6185,43.6185,45.6032,24.5611,167.274,167.274,187.4753,92.8293
106,cnn,baseline,jetson_emulator,40,offload,0.5,52.2805,44.358,44.358,46.2052,24.4917,167.274,167.274,187.6295,92.8428
107,cnn,baseline,jetson_emulator,40,local,0.5,51.4865,42.5535,51.4865,53.212,23.8426,167.274,167.274,189.9843,92.8731
108,cnn,baseline,jetson_emulator,40,local,0.5,52.0308,42.8529,52.0308,55.1835,23.7944,167.274,167.274,190.1402,92.8444
109,cnn,baseline,jetson_emulator,40,offload,0.5,51.4046,42.5906,42.5906,44.551,24.6582,167.274,167.274,188.092,92.8052
110,cnn,baseline,jetson_emulator,40,offload,0.5,51.682,42.5119,42.5119,44.7972,24.6656,167.274,167.274,188.2461,92.7909
111,cnn,baseline,jetson_emulator,40,local,0.5,51.4513,43.0139,51.4513,53.4023,23.8457,167.274,167.274,190.6081,92.7478
112,cnn,baseline,jetson_emulator,40,offload,0.5,51.3859,42.6518,42.6518,44.6471,24.6524,167.274,167.274,188.5545,92.8413
113,cnn,baseline,jetson_emulator,40,offload,0.5,51.4839,42.673,42.673,44.8978,24.6504,167.274,167.274,188.7086,92.7507
114,cnn,baseline,jetson_emulator,40,local,0.5,51.9916,42.3934,51.9916,53.8394,23.7979,167.274,167.274,191.076,92.7611
115,cnn,baseline,jetson_emulator,40,local,0.5,52.3748,42.6198,52.3748,53.9993,23.7641,167.274,167.274,191.232,92.8165
116,cnn,baseline,jetson_emulator,40,local,0.5,51.7764,42.879,51.7764,54.1419,23.8169,167.274,167.274,191.388,92.7987
117,cnn,baseline,jetson_emulator,40,offload,0.5,52.167,42.4584,42.4584,44.0987,24.6707,167.274,167.274,189.3253,92.8316
118,cnn,baseline,jetson_emulator,40,local,0.5,51.0485,42.973,51.0485,53.0115,23.8815,167.274,167.274,191.6999,92.881
119,cnn,baseline,jetson_emulator,40,local,0.5,51.6787,43.7637,51.6787,53.9092,23.8256,167.274,167.274,191.8559,92.8124
120,cnn,baseline,jetson_emulator,40,local,0.5,51.9342,43.0195,51.9342,54.4615,23.803,167.274,167.274,192.0118,92.7381
121,cnn,baseline,jetson_emulator,40,offload,0.5,52.1284,43.2116,43.2116,45.1361,24.5994,167.274,167.274,189.9419,92.7191
122,cnn,baseline,jetson_emulator,40,local,0.5,51.9702,42.8653,51.9702,53.725,23.7998,167.274,167.274,192.3237,92.6787
123,cnn,baseline,jetson_emulator,40,offload,0.5,50.9276,43.048,43.048,43.8526,24.6149,167.274,167.274,190.2502,92.7846
124,cnn,baseline,jetson_emulator,40,offload,0.5,51.3239,42.6367,42.6367,44.598,24.6538,167.274,167.274,190.4044,92.851
125,cnn,baseline,jetson_emulator,40,local,0.5,50.87,42.4411,50.87,52.9538,23.8974,167.274,167.274,192.7916,92.8827
126,cnn,baseline,jetson_emulator,40,local,0.5,50.822,42.3708,50.822,52.4335,23.9016,167.274,167.274,192.9476,92.8139
127,cnn,baseline,jetson_emulator,40,local,0.5,51.8066,42.1508,51.8066,54.3238,23.8143,167.274,167.274,193.1036,92.8352
128,cnn,baseline,jetson_emulator,40,offload,0.5,50.9495,42.3913,42.3913,44.4489,24.6771,167.274,167.274,191.021,92.8062
129,cnn,baseline,jetson_emulator,40,offload,0.5,50.7583,42.0821,42.0821,42.8892,24.7065,167.274,167.274,191.1752,92.739
130,cnn,baseline,jetson_emulator,40,local,0.5,51.6476,42.6225,51.6476,53.1179,23.8283,167.274,167.274,193.5715,92.6887
131,cnn,baseline,jetson_emulator,40,local,0.5,52.098,43.749,52.098,54.0562,23.7885,167.274,167.274,193.7274,92.821
132,cnn,baseline,jetson_emulator,40,local,0.5,51.197,42.3169,51.197,53.4356,23.8683,167.274,167.274,193.8834,92.7986
133,cnn,baseline,jetson_emulator,40,offload,0.5,50.7254,41.9789,41.9789,43.2625,24.7163,167.274,167.274,191.7918,92.8338
134,cnn,baseline,jetson_emulator,40,local,0.5,50.6601,42.5613,50.6601,53.2131,23.9161,167.274,167.274,194.1953,92.7949
135,cnn,baseline,jetson_emulator,40,offload,0.5,51.7529,41.9323,41.9323,43.8811,24.7207,167.274,167.274,192.1001,92.7944
136,cnn,baseline,jetson_emulator,40,offload,0.5,50.5449,41.8729,41.8729,43.6476,24.7264,167.274,167.274,192.2543,92.7835
137,cnn,baseline,jetson_emulator,40,offload,0.5,50.6339,42.4174,42.4174,43.6607,24.6746,167.274,167.274,192.4085,92.7888
138,cnn,baseline,jetson_emulator,40,offload,0.5,50.626,42.3663,42.3663,44.5099,24.6794,167.274,167.274,192.5626,92.833
139,cnn,baseline,jetson_emulator,40,offload,0.5,50.5544,42.553,42.553,44.189,24.6617,167.274,167.274,192.7168,92.7382
140,cnn,baseline,jetson_emulator,40,local,0.5,50.7316,41.9452,50.7316,52.7255,23.9097,167.274,167.274,195.1311,92.8328
141,cnn,baseline,jetson_emulator,40,offload,0.5,50.674,42.1156,42.1156,44.27,24.7033,167.274,167.274,193.0251,92.7659
142,cnn,baseline,jetson_emulator,40,offload,0.5,51.4119,42.3099,42.3099,43.8898,24.6848,167.274,167.274,193.1793,92.6485
143,cnn,baseline,jetson_emulator,40,offload,0.5,50.8845,41.9727,41.9727,44.2239,24.7169,167.274,167.274,193.3334,92.7088
144,cnn,baseline,jetson_emulator,40,offload,0.5,50.6794,42.899,42.899,45.6782,24.629,167.274,167.274,193.4876,92.8648
145,cnn,baseline,jetson_emulator,40,offload,0.5,51.1671,43.603,43.603,45.7967,24.5625,167.274,167.274,193.6417,92.7373
146,cnn,baseline,jetson_emulator,40,local,0.5,50.8008,41.8884,50.8008,52.6091,23.9035,167.274,167.274,196.0669,92.8232
147,cnn,baseline,jetson_emulator,40,local,0.5,51.1034,41.7767,51.1034,53.2104,23.8766,167.274,167.274,196.2229,92.8715
148,cnn,baseline,jetson_emulator,40,local,0.5,50.508,41.658,50.508,52.1519,23.9297,167.274,167.274,196.3789,92.8798
149,cnn,baseline,jetson_emulator,40,local,0.5,50.7294,42.908,50.7294,53.0542,23.9099,167.274,167.274,196.5348,92.8101
150,cnn,baseline,jetson_emulator,40,local,0.5,51.193,41.4867,51.193,52.6415,23.8686,167.274,167.274,196.6908,92.8806
151,cnn,baseline,jetson_emulator,40,offload,0.5,50.5414,41.878,41.878,43.6948,24.7259,167.274,167.274,194.5667,92.8256
152,cnn,baseline,jetson_emulator,40,offload,0.5,50.8195,42.3834,42.3834,44.6735,24.6778,167.274,167.274,194.7209,92.8025
153,cnn,baseline,jetson_emulator,40,offload,0.5,50.1207,41.9972,41.9972,44.315,24.7146,167.274,167.274,194.875,92.7554
154,cnn,baseline,jetson_emulator,40,offload,0.5,49.9956,41.8726,41.8726,43.4829,24.7264,167.274,167.274,195.0292,92.795
155,cnn,baseline,jetson_emulator,40,local,0.5,49.8887,42.0071,49.8887,51.0891,23.9851,167.274,167.274,197.4706,92.7766
156,cnn,baseline,jetson_emulator,40,offload,0.5,50.0278,41.543,41.543,43.6726,24.7579,167.274,167.274,195.3375,92.8217
157,cnn,baseline,jetson_emulator,40,local,0.5,49.944,41.5532,49.944,52.1662,23.9801,167.274,167.274,197.7826,92.7644
158,cnn,baseline,jetson_emulator,40,local,0.5,50.1024,41.6018,50.1024,51.3668,23.9659,167.274,167.274,197.9385,92.8104
159,cnn,baseline,jetson_emulator,40,local,0.5,49.9888,42.2959,49.9888,51.9046,23.9761,167.274,167.274,198.0945,92.8287
160,cnn,baseline,jetson_emulator,40,offload,0.5,50.3359,41.0793,41.0793,42.7575,24.8023,167.274,167.274,195.9541,92.7556
161,cnn,baseline,jetson_emulator,40,local,0.5,49.988,42.2768,49.988,51.6451,23.9762,167.274,167.274,198.4064,92.7755
162,cnn,baseline,jetson_emulator,40,local,0.5,49.677,41.156,49.677,52.3472,24.0041,167.274,167.274,198.5624,92.7587
163,cnn,baseline,jetson_emulator,40,local,0.5,49.9644,41.0206,49.9644,51.1062,23.9783,167.274,167.274,198.7184,92.7987
164,cnn,baseline,jetson_emulator,40,offload,0.5,49.7653,41.5245,41.5245,42.8893,24.7597,167.274,167.274,196.5708,92.7226
165,cnn,baseline,jetson_emulator,40,offload,0.5,50.5389,41.2908,41.2908,43.0443,24.782,167.274,167.274,196.7249,92.8241
166,cnn,baseline,jetson_emulator,40,local,0.5,51.2075,41.0643,51.2075,53.148,23.8674,167.274,167.274,199.1863,92.8001
167,cnn,baseline,jetson_emulator,40,local,0.5,50.3519,41.0657,50.3519,52.6261,23.9436,167.274,167.274,199.3422,92.8222
168,cnn,baseline,jetson_emulator,40,offload,0.5,49.8493,41.4124,41.4124,43.9482,24.7704,167.274,167.274,197.1874,92.8155
169,cnn,baseline,jetson_emulator,40,local,0.5,50.2374,41.4147,50.2374,52.3495,23.9538,167.274,167.274,199.6542,92.878
170,cnn,baseline,jetson_emulator,40,local,0.5,49.7728,41.7605,49.7728,50.8162,23.9955,167.274,167.274,199.8101,92.7933
171,cnn,baseline,jetson_emulator,40,offload,0.5,50.173,42.2869,42.2869,43.0349,24.687,167.274,167.274,197.6499,92.8426
172,cnn,baseline,jetson_emulator,40,local,0.5,49.5828,40.9568,49.5828,50.9459,24.0126,167.274,167.274,200.1221,92.6776
173,cnn,baseline,jetson_emulator,40,offload,0.5,49.6335,41.0796,41.0796,43.3486,24.8023,167.274,167.274,197.9582,92.7304
174,cnn,baseline,jetson_emulator,40,offload,0.5,50.1985,41.0413,41.0413,43.142,24.8059,167.274,167.274,198.1124,92.7626
175,cnn,baseline,jetson_emulator,40,offload,0.5,49.5357,40.9857,40.9857,43.1327,24.8113,167.274,167.274,198.2665,92.7801
176,cnn,baseline,jetson_emulator,40,local,0.5,50.2458,41.042,50.2458,52.4135,23.9531,167.274,167.274,200.7459,92.8609
177,cnn,baseline,jetson_emulator,40,offload,0.5,49.3261,42.0613,42.0613,43.6352,24.7084,167.274,167.274,198.5748,92.8554
178,cnn,baseline,jetson_emulator,40,offload,0.5,49.2492,41.3041,41.3041,42.7576,24.7807,167.274,167.274,198.729,92.8675
179,cnn,baseline,jetson_emulator,40,local,0.5,49.4651,41.5686,49.4651,51.5296,24.0232,167.274,167.274,201.2138,92.7585
180,cnn,baseline,jetson_emulator,40,local,0.5,50.1171,41.5813,50.1171,52.3087,23.9646,167.274,167.274,201.3698,92.8166
181,cnn,baseline,jetson_emulator,40,offload,0.5,49.3425,41.3575,41.3575,43.9974,24.7756,167.274,167.274,199.1915,92.7717
182,cnn,baseline,jetson_emulator,40,offload,0.5,49.6191,41.1736,41.1736,43.4404,24.7933,167.274,167.274,199.3456,92.8242
183,cnn,baseline,jetson_emulator,40,offload,0.5,50.0571,41.4494,41.4494,42.9932,24.7668,167.274,167.274,199.4998,92.8317
184,cnn,baseline,jetson_emulator,40,offload,0.5,49.5126,41.7306,41.7306,43.5609,24.74,167.274,167.274,199.654,92.8416
185,cnn,baseline,jetson_emulator,40,offload,0.5,49.4102,40.8746,40.8746,43.199,24.8219,167.274,167.274,199.8081,92.7929
186,cnn,baseline,jetson_emulator,40,offload,0.5,49.8361,41.3876,41.3876,43.3252,24.7728,167.274,167.274,199.9623,92.716
187,cnn,baseline,jetson_emulator,40,local,0.5,49.9615,41.6719,49.9615,51.3921,23.9786,167.274,167.274,202.4616,92.8449
188,cnn,baseline,jetson_emulator,40,offload,0.5,49.2528,42.0101,42.0101,44.9051,24.7133,167.274,167.274,200.2706,92.8104
189,cnn,baseline,jetson_emulator,40,offload,0.5,49.5803,40.9153,40.9153,42.21,24.818,167.274,167.274,200.4248,92.8716
190,cnn,baseline,jetson_emulator,40,offload,0.5,49.6462,42.8557,42.8557,44.9473,24.6331,167.274,167.274,200.5789,92.8061
191,cnn,baseline,jetson_emulator,40,local,0.5,49.5427,41.2135,49.5427,51.5269,24.0162,167.274,167.274,203.0854,92.6845
192,cnn,baseline,jetson_emulator,40,local,0.5,49.7932,41.9515,49.7932,51.394,23.9937,167.274,167.274,203.2414,92.7927
193,cnn,baseline,jetson_emulator,40,offload,0.5,50.275,40.663,40.663,42.1035,24.8423,167.274,167.274,201.0414,92.8077
194,cnn,baseline,jetson_emulator,40,offload,0.5,49.5797,41.2657,41.2657,43.2642,24.7844,167.274,167.274,201.1956,92.8475
195,cnn,baseline,jetson_emulator,40,offload,0.5,49.874,41.1287,41.1287,44.1824,24.7976,167.274,167.274,201.3497,92.8138
196,cnn,baseline,jetson_emulator,40,local,0.5,49.5143,42.21,49.5143,52.0013,24.0187,167.274,167.274,203.8653,92.7675
197,cnn,baseline,jetson_emulator,40,offload,0.5,49.9144,41.5157,41.5157,43.4303,24.7605,167.274,167.274,201.658,92.7446
198,cnn,baseline,jetson_emulator,40,offload,0.5,49.1617,41.4256,41.4256,44.0622,24.7691,167.274,167.274,201.8122,92.8226
199,cnn,baseline,jetson_emulator,40,offload,0.5,49.6155,40.6699,40.6699,42.3367,24.8416,167.274,167.274,201.9664,92.8675
200,cnn,baseline,jetson_emulator,40,offload,0.5,49.5394,42.2168,42.2168,44.5245,24.6937,167.274,167.274,202.1205,92.736
201,cnn,baseline,jetson_emulator,40,local,0.5,50.0474,40.8578,50.0474,51.2584,23.9709,167.274,167.274,204.6451,92.7364
202,cnn,baseline,jetson_emulator,40,local,0.5,49.4716,42.8511,49.4716,51.0837,24.0226,167.274,167.274,204.8011,92.7642
203,cnn,baseline,jetson_emulator,40,offload,0.5,50.4123,42.4103,42.4103,43.8162,24.6753,167.274,167.274,202.583,92.8198
204,cnn,baseline,jetson_emulator,40,local,0.5,49.2387,41.1199,49.2387,51.222,24.0435,167.274,167.274,205.113,92.8043
205,cnn,baseline,jetson_emulator,40,local,0.5,49.297,40.7519,49.297,51.045,24.0383,167.274,167.274,205.269,92.8061
206,cnn,baseline,jetson_emulator,40,local,0.5,49.258,42.2484,49.258,51.1444,24.0418,167.274,167.274,205.4249,92.8395
207,cnn,baseline,jetson_emulator,40,local,0.5,49.6595,41.3319,49.6595,50.6232,24.0057,167.274,167.274,205.5809,92.8429
208,cnn,baseline,jetson_emulator,40,offload,0.5,49.3644,41.0878,41.0878,43.0731,24.8015,167.274,167.274,203.3538,92.8631
209,cnn,baseline,jetson_emulator,40,offload,0.5,49.3656,40.9086,40.9086,43.5339,24.8187,167.274,167.274,203.508,92.8926
210,cnn,baseline,jetson_emulator,40,offload,0.5,49.3208,41.8741,41.8741,43.5715,24.7263,167.274,167.274,203.6621,92.8462
211,cnn,baseline,jetson_emulator,40,offload,0.5,49.9706,40.9719,40.9719,43.0112,24.8126,167.274,167.274,203.8163,92.8156
212,cnn,baseline,jetson_emulator,40,local,0.5,49.7706,41.5237,49.7706,51.2989,23.9957,167.274,167.274,206.3607,92.7698
213,cnn,baseline,jetson_emulator,40,offload,0.5,49.5163,41.5666,41.5666,43.1097,24.7556,167.274,167.274,204.1246,92.7347
214,cnn,baseline,jetson_emulator,40,local,0.5,50.1439,41.6117,50.1439,52.0753,23.9622,167.274,167.274,206.6726,92.7767
215,cnn,baseline,jetson_emulator,40,offload,0.5,49.7921,41.4749,41.4749,42.7025,24.7644,167.274,167.274,204.4329,92.792
216,cnn,baseline,jetson_emulator,40,local,0.5,49.8647,41.6511,49.8647,51.1502,23.9872,167.274,167.274,206.9846,92.8166
217,cnn,baseline,jetson_emulator,40,offload,0.5,50.8141,41.9665,41.9665,43.9037,24.7175,167.274,167.274,204.7412,92.826
218,cnn,baseline,jetson_emulator,40,local,0.5,51.1253,41.4608,51.1253,53.4082,23.8747,167.274,167.274,207.2965,92.6409
219,cnn,baseline,jetson_emulator,40,local,0.5,49.9206,41.8684,49.9206,52.288,23.9822,167.274,167.274,207.4525,92.81
220,cnn,baseline,jetson_emulator,40,local,0.5,51.2123,41.3046,51.2123,53.1261,23.8669,167.274,167.274,207.6084,92.804
221,cnn,baseline,jetson_emulator,40,offload,0.5,50.2408,41.9789,41.9789,43.4921,24.7163,167.274,167.274,205.3579,92.8147
222,cnn,baseline,jetson_emulator,40,local,0.5,50.7598,42.9944,50.7598,52.9385,23.9072,167.274,167.274,207.9204,92.8502
223,cnn,baseline,jetson_emulator,40,offload,0.5,49.9087,41.7223,41.7223,43.7566,24.7408,167.274,167.274,205.6662,92.7423
224,cnn,baseline,jetson_emulator,40,offload,0.5,49.8869,41.4912,41.4912,42.8737,24.7628,167.274,167.274,205.8204,92.8078
225,cnn,baseline,jetson_emulator,40,local,0.5,50.2971,41.3919,50.2971,52.7428,23.9485,167.274,167.274,208.3883,92.7275
226,cnn,baseline,jetson_emulator,40,offload,0.5,50.1034,41.5704,41.5704,43.3968,24.7553,167.274,167.274,206.1287,92.7258
227,cnn,baseline,jetson_emulator,40,offload,0.5,50.4656,42.0078,42.0078,44.8418,24.7135,167.274,167.274,206.2828,92.7607
228,cnn,baseline,jetson_emulator,40,local,0.5,50.1401,41.4939,50.1401,51.7432,23.9626,167.274,167.274,208.8562,92.6947
229,cnn,baseline,jetson_emulator,40,local,0.5,50.0928,42.0696,50.0928,51.8694,23.9668,167.274,167.274,209.0121,92.7439
230,cnn,baseline,jetson_emulator,40,offload,0.5,50.6502,41.732,41.732,42.851,24.7398,167.274,167.274,206.7453,92.8376
231,cnn,baseline,jetson_emulator,40,offload,0.5,50.4942,42.5188,42.5188,44.6935,24.665,167.274,167.274,206.8995,92.7259
232,cnn,baseline,jetson_emulator,40,local,0.5,51.0569,42.4599,51.0569,52.2569,23.8807,167.274,167.274,209.48,92.8249
233,cnn,baseline,jetson_emulator,40,local,0.5,50.4495,43.1256,50.4495,52.4109,23.9349,167.274,167.274,209.636,92.7986
234,cnn,baseline,jetson_emulator,40,offload,0.5,51.5043,42.2797,42.2797,44.2043,24.6877,167.274,167.274,207.362,92.7506
235,cnn,baseline,jetson_emulator,40,offload,0.5,50.8495,42.1078,42.1078,43.7082,24.704,167.274,167.274,207.5161,92.8428
236,cnn,baseline,jetson_emulator,40,offload,0.5,50.7149,42.2671,42.2671,43.4938,24.6889,167.274,167.274,207.6703,92.8482
237,cnn,baseline,jetson_emulator,40,offload,0.5,51.3772,42.8841,42.8841,45.0516,24.6304,167.274,167.274,207.8244,92.8169
238,cnn,baseline,jetson_emulator,40,offload,0.5,51.6796,42.7802,42.7802,44.1917,24.6402,167.274,167.274,207.9786,92.7354
239,cnn,baseline,jetson_emulator,40,local,0.5,51.3158,42.0994,51.3158,53.0077,23.8577,167.274,167.274,210.5718,92.8178
240,cnn,baseline,jetson_emulator,40,offload,0.5,51.0669,42.363,42.363,44.6886,24.6798,167.274,167.274,208.2869,92.6968
241,cnn,baseline,jetson_emulator,40,local,0.5,51.207,42.075,51.207,53.0741,23.8674,167.274,167.274,210.8837,92.8182
242,cnn,baseline,jetson_emulator,40,offload,0.5,51.204,42.414,42.414,43.6924,24.6749,167.274,167.274,208.5952,92.8344
243,cnn,baseline,jetson_emulator,40,offload,0.5,51.2311,42.401,42.401,43.9365,24.6762,167.274,167.274,208.7494,92.7927
244,cnn,baseline,jetson_emulator,40,local,0.5,51.2501,43.6464,51.2501,52.5778,23.8636,167.274,167.274,211.3516,92.777
245,cnn,baseline,jetson_emulator,40,local,0.5,51.445,43.279,51.445,53.9474,23.8463,167.274,167.274,211.5076,92.7842
246,cnn,baseline,jetson_emulator,40,local,0.5,51.5863,43.7593,51.5863,53.4158,23.8338,167.274,167.274,211.6636,92.8221
247,cnn,baseline,jetson_emulator,40,offload,0.5,51.7693,43.2486,43.2486,44.7478,24.5959,167.274,167.274,209.366,92.7924
248,cnn,baseline,jetson_emulator,40,local,0.5,52.2732,43.7262,52.2732,54.6264,23.7731,167.274,167.274,211.9755,92.7401
249,cnn,baseline,jetson_emulator,40,offload,0.5,51.4511,43.3449,43.3449,44.9842,24.5869,167.274,167.274,209.6743,92.9126
250,cnn,baseline,jetson_emulator,40,local,0.5,52.1165,42.9401,52.1165,53.7444,23.7869,167.274,167.274,212.2874,92.8287
251,cnn,baseline,jetson_emulator,40,offload,0.5,52.5586,43.258,43.258,44.9745,24.595,167.274,167.274,209.9827,92.8257
252,cnn,baseline,jetson_emulator,40,local,0.5,51.9461,43.7807,51.9461,53.1693,23.8019,167.274,167.274,212.5994,92.8342
253,cnn,baseline,jetson_emulator,40,offload,0.5,52.5472,42.8795,42.8795,43.9466,24.6308,167.274,167.274,210.291,92.77
254,cnn,baseline,jetson_emulator,40,offload,0.5,52.2449,43.4255,43.4255,45.7269,24.5793,167.274,167.274,210.4451,92.7765
255,cnn,baseline,jetson_emulator,40,local,0.5,52.2361,43.5444,52.2361,54.4804,23.7763,167.274,167.274,213.0673,92.7557
256,cnn,baseline,jetson_emulator,40,offload,0.5,52.0987,43.5708,43.5708,45.3437,24.5656,167.274,167.274,210.7535,92.8628
257,cnn,baseline,jetson_emulator,40,local,0.5,52.1124,44.0976,52.1124,54.1614,23.7872,167.274,167.274,213.3792,92.8529
258,cnn,baseline,jetson_emulator,40,local,0.5,52.6271,43.9134,52.6271,54.0345,23.7419,167.274,167.274,213.5352,92.8395
259,cnn,baseline,jetson_emulator,40,local,0.5,52.2995,43.4095,52.2995,54.0563,23.7707,167.274,167.274,213.6911,92.8837
260,cnn,baseline,jetson_emulator,40,offload,0.5,52.8691,43.6627,43.6627,45.5086,24.5569,167.274,167.274,211.3701,92.8456
261,cnn,baseline,jetson_emulator,40,offload,0.5,53.0484,45.0771,45.0771,46.7789,24.4246,167.274,167.274,211.5243,92.7311
262,cnn,baseline,jetson_emulator,40,offload,0.5,53.6366,44.3945,44.3945,46.169,24.4883,167.274,167.274,211.6784,92.7534
263,cnn,baseline,jetson_emulator,40,offload,0.5,52.6645,43.9135,43.9135,45.8114,24.5334,167.274,167.274,211.8326,92.6888
264,cnn,baseline,jetson_emulator,40,offload,0.5,53.2669,45.4522,45.4522,47.8148,24.3898,167.274,167.274,211.9867,92.7716
265,cnn,baseline,jetson_emulator,40,local,0.5,52.8746,45.2127,52.8746,54.7611,23.7202,167.274,167.274,214.6269,92.7158
266,cnn,baseline,jetson_emulator,40,offload,0.5,53.8562,44.1545,44.1545,46.5315,24.5108,167.274,167.274,212.2951,92.8108
267,cnn,baseline,jetson_emulator,40,local,0.5,53.1562,44.0796,53.1562,55.0663,23.6955,167.274,167.274,214.9389,92.9001
268,cnn,baseline,jetson_emulator,40,offload,0.5,53.2698,44.3378,44.3378,46.327,24.4936,167.274,167.274,212.6034,92.8303
269,cnn,baseline,jetson_emulator,40,offload,0.5,53.6509,44.7287,44.7287,47.429,24.4571,167.274,167.274,212.7575,92.8112
270,cnn,baseline,jetson_emulator,40,local,0.5,53.381,44.4887,53.381,55.3737,23.6758,167.274,167.274,215.4068,92.8029
271,cnn,baseline,jetson_emulator,40,offload,0.5,53.4956,44.6988,44.6988,46.1058,24.4599,167.274,167.274,213.0659,92.752
272,cnn,baseline,jetson_emulator,40,offload,0.5,53.9019,44.8843,44.8843,46.3462,24.4426,167.274,167.274,213.22,92.803
273,cnn,baseline,jetson_emulator,40,local,0.5,54.3482,44.3972,54.3482,55.3205,23.5916,167.274,167.274,215.8747,92.8641
274,cnn,baseline,jetson_emulator,40,local,0.5,54.1542,44.779,54.1542,55.7839,23.6084,167.274,167.274,216.0306,92.7769
275,cnn,baseline,jetson_emulator,40,offload,0.5,54.233,45.7249,45.7249,48.1359,24.3645,167.274,167.274,213.6825,92.7841
276,cnn,baseline,jetson_emulator,40,local,0.5,55.0801,45.2817,55.0801,56.5569,23.5282,167.274,167.274,216.3426,92.7277
277,cnn,baseline,jetson_emulator,40,local,0.5,54.663,46.3889,54.663,56.418,23.5643,167.274,167.274,216.4985,92.8541
278,cnn,baseline,jetson_emulator,40,offload,0.5,54.7672,46.4194,46.4194,48.1253,24.3004,167.274,167.274,214.145,92.7987
279,cnn,baseline,jetson_emulator,40,local,0.5,54.8729,46.5625,54.8729,56.7756,23.5461,167.274,167.274,216.8105,92.8019
280,cnn,baseline,jetson_emulator,40,local,0.5,54.953,45.2568,54.953,57.3505,23.5392,167.274,167.274,216.9664,92.727
281,cnn,baseline,jetson_emulator,40,local,0.5,54.5868,45.9559,54.5868,56.0729,23.5709,167.274,167.274,217.1224,92.8299
282,cnn,baseline,jetson_emulator,40,offload,0.5,54.9665,45.3302,45.3302,46.4565,24.4011,167.274,167.274,214.7616,92.7857
283,cnn,baseline,jetson_emulator,40,local,0.5,54.8495,46.0267,54.8495,56.501,23.5482,167.274,167.274,217.4343,92.8053
284,cnn,baseline,jetson_emulator,40,offload,0.5,56.2309,45.7289,45.7289,47.7217,24.3642,167.274,167.274,215.0699,92.6292
285,cnn,baseline,jetson_emulator,40,offload,0.5,55.8543,45.7801,45.7801,48.5632,24.3594,167.274,167.274,215.2241,92.7641
286,cnn,baseline,jetson_emulator,40,local,0.5,55.5356,45.6964,55.5356,56.8501,23.489,167.274,167.274,217.9022,92.8246
287,cnn,baseline,jetson_emulator,40,local,0.5,56.5473,46.5562,56.5473,58.2816,23.4023,167.274,167.274,218.0582,92.7289
288,cnn,baseline,jetson_emulator,40,local,0.5,55.4994,46.4587,55.4994,57.5007,23.4921,167.274,167.274,218.2142,92.7525
289,cnn,baseline,jetson_emulator,40,local,0.5,55.599,46.1644,55.599,57.7929,23.4835,167.274,167.274,218.3701,92.7797
290,cnn,baseline,jetson_emulator,40,offload,0.5,55.5636,46.2988,46.2988,49.092,24.3115,167.274,167.274,215.9949,92.7712
291,cnn,baseline,jetson_emulator,40,local,0.5,55.8371,46.0733,55.8371,56.5918,23.4631,167.274,167.274,218.6821,92.8776
292,cnn,baseline,jetson_emulator,40,local,0.5,56.3198,46.2194,56.3198,57.9577,23.4217,167.274,167.274,218.838,92.7072
293,cnn,baseline,jetson_emulator,40,offload,0.5,56.1143,46.4492,46.4492,48.597,24.2977,167.274,167.274,216.4574,92.6916
294,cnn,baseline,jetson_emulator,40,local,0.5,56.042,46.6781,56.042,58.0657,23.4455,167.274,167.274,219.1499,92.7808
295,cnn,baseline,jetson_emulator,40,local,0.5,56.6517,46.5024,56.6517,59.0006,23.3934,167.274,167.274,219.3059,92.8212
296,cnn,baseline,jetson_emulator,40,local,0.5,56.3909,46.4625,56.3909,58.0275,23.4156,167.274,167.274,219.4619,92.7792
297,cnn,baseline,jetson_emulator,40,offload,0.5,57.2097,46.5801,46.5801,49.1354,24.2856,167.274,167.274,217.074,92.7764
298,cnn,baseline,jetson_emulator,40,offload,0.5,56.4935,47.0612,47.0612,49.1909,24.2414,167.274,167.274,217.2282,92.7577
299,cnn,baseline,jetson_emulator,40,offload,0.5,56.548,47.1222,47.1222,48.3406,24.2359,167.274,167.274,217.3823,92.7719
300,cnn,baseline,jetson_emulator,40,local,0.5,56.6614,47.6721,56.6614,58.5724,23.3925,167.274,167.274,220.0857,92.7967
301,cnn,baseline,jetson_emulator,40,local,0.5,58.7881,48.2308,58.7881,60.5896,23.2124,167.274,167.274,220.2417,92.7663
302,cnn,baseline,jetson_emulator,40,offload,0.5,57.405,48.0922,48.0922,49.7653,24.1473,167.274,167.274,217.8448,92.7906
303,cnn,baseline,jetson_emulator,40,offload,0.5,57.9355,48.3214,48.3214,49.9449,24.1265,167.274,167.274,217.999,92.8374
304,cnn,baseline,jetson_emulator,40,offload,0.5,57.1215,47.8163,47.8163,49.8787,24.1725,167.274,167.274,218.1531,92.8495
305,cnn,baseline,jetson_emulator,40,local,0.5,57.3809,48.201,57.3809,60.1001,23.3313,167.274,167.274,220.8656,92.818
306,cnn,baseline,jetson_emulator,40,local,0.5,57.4936,47.927,57.4936,58.3888,23.3217,167.274,167.274,221.0215,92.8368
307,cnn,baseline,jetson_emulator,40,local,0.5,59.3106,47.8642,59.3106,61.2409,23.1686,167.274,167.274,221.1775,92.78
308,cnn,baseline,jetson_emulator,40,local,0.5,57.9326,47.7613,57.9326,60.366,23.2845,167.274,167.274,221.3335,92.722
309,cnn,baseline,jetson_emulator,40,offload,0.5,57.8702,48.2433,48.2433,51.3225,24.1336,167.274,167.274,218.9239,92.7721
310,cnn,baseline,jetson_emulator,40,local,0.5,58.6258,47.7028,58.6258,60.6524,23.2261,167.274,167.274,221.6454,92.7717
311,cnn,baseline,jetson_emulator,40,local,0.5,57.9039,48.1062,57.9039,60.0343,23.287,167.274,167.274,221.8014,92.794
312,cnn,baseline,jetson_emulator,40,offload,0.5,58.9504,48.9405,48.9405,51.8281,24.0705,167.274,167.274,219.3864,92.8104
313,cnn,baseline,jetson_emulator,40,offload,0.5,58.2257,49.4123,49.4123,51.8716,24.0279,167.274,167.274,219.5406,92.7745
314,cnn,baseline,jetson_emulator,40,local,0.5,59.0273,48.6932,59.0273,61.1121,23.1924,167.274,167.274,222.2693,92.7002
315,cnn,baseline,jetson_emulator,40,offload,0.5,58.7035,48.5105,48.5105,50.1691,24.1094,167.274,167.274,219.8489,92.8437
316,cnn,baseline,jetson_emulator,40,local,0.5,58.8767,48.8957,58.8767,60.7601,23.205,167.274,167.274,222.5812,92.8242
317,cnn,baseline,jetson_emulator,40,local,0.5,59.7131,48.6048,59.7131,61.6321,23.135,167.274,167.274,222.7372,92.7877
318,cnn,baseline,jetson_emulator,40,local,0.5,58.773,48.7118,58.773,60.7248,23.2137,167.274,167.274,222.8931,92.772
319,cnn,baseline,jetson_emulator,40,local,0.5,59.2307,49.3719,59.2307,61.5009,23.1753,167.274,167.274,223.0491,92.8273
320,cnn,baseline,jetson_emulator,40,offload,0.5,58.7613,49.3084,49.3084,51.3119,24.0373,167.274,167.274,220.6197,92.7762
321,cnn,baseline,jetson_emulator,40,local,0.5,59.0752,48.7215,59.0752,60.9603,23.1883,167.274,167.274,223.361,92.7173
322,cnn,baseline,jetson_emulator,40,local,0.5,60.0657,49.3527,60.0657,62.4221,23.1056,167.274,167.274,223.517,92.773
323,cnn,baseline,jetson_emulator,40,offload,0.5,59.6391,48.8414,48.8414,50.5672,24.0794,167.274,167.274,221.0822,92.6709
324,cnn,baseline,jetson_emulator,40,offload,0.5,59.8257,48.9058,48.9058,50.6505,24.0736,167.274,167.274,221.2363,92.8421
325,cnn,baseline,jetson_emulator,40,local,0.5,60.2454,49.0761,60.2454,62.4502,23.0906,167.274,167.274,223.9849,92.7404
326,cnn,baseline,jetson_emulator,40,offload,0.5,59.4372,49.5231,49.5231,52.1142,24.0179,167.274,167.274,221.5446,92.8867
327,cnn,baseline,jetson_emulator,40,local,0.5,61.2697,49.4871,61.2697,62.8298,23.0058,167.274,167.274,224.2968,92.7797
328,cnn,baseline,jetson_emulator,40,offload,0.5,59.8512,49.3166,49.3166,51.7173,24.0365,167.274,167.274,221.853,92.8068
329,cnn,baseline,jetson_emulator,40,local,0.5,60.0734,50.7695,60.0734,61.8531,23.1049,167.274,167.274,224.6088,92.758
330,cnn,baseline,jetson_emulator,40,offload,0.5,60.1657,50.1747,50.1747,51.7383,23.9595,167.274,167.274,222.1613,92.8376
331,cnn,baseline,jetson_emulator,40,local,0.5,60.2548,50.0189,60.2548,62.2799,23.0899,167.274,167.274,224.9207,92.8036
332,cnn,baseline,jetson_emulator,40,offload,0.5,60.2416,51.1145,51.1145,52.2978,23.8756,167.274,167.274,222.4696,92.7921
333,cnn,baseline,jetson_emulator,40,offload,0.5,60.5308,49.8312,49.8312,52.863,23.9902,167.274,167.274,222.6238,92.8029
334,cnn,baseline,jetson_emulator,40,local,0.5,60.546,49.7498,60.546,61.3508,23.0657,167.274,167.274,225.3886,92.7854
335,cnn,baseline,jetson_emulator,40,offload,0.5,60.4851,50.1508,50.1508,51.7556,23.9616,167.274,167.274,222.9321,92.7886
336,cnn,baseline,jetson_emulator,40,offload,0.5,60.4581,50.5229,50.5229,52.9051,23.9283,167.274,167.274,223.0862,92.6919
337,cnn,baseline,jetson_emulator,40,offload,0.5,60.9903,50.014,50.014,51.9405,23.9739,167.274,167.274,223.2404,92.8579
338,cnn,baseline,jetson_emulator,40,offload,0.5,60.9388,50.8558,50.8558,52.7479,23.8986,167.274,167.274,223.3946,92.909
339,cnn,baseline,jetson_emulator,40,offload,0.5,60.9736,51.0396,51.0396,52.3777,23.8823,167.274,167.274,223.5487,92.8461
340,cnn,baseline,jetson_emulator,40,local,0.5,60.5557,50.0628,60.5557,62.3886,23.0649,167.274,167.274,226.3244,92.7064
341,cnn,baseline,jetson_emulator,40,offload,0.5,61.2398,50.5876,50.5876,52.6614,23.9225,167.274,167.274,223.857,92.7939
342,cnn,baseline,jetson_emulator,40,offload,0.5,60.8842,50.7337,50.7337,52.0683,23.9095,167.274,167.274,224.0112,92.9173
343,cnn,baseline,jetson_emulator,40,local,0.5,61.476,50.7923,61.476,63.8201,22.9888,167.274,167.274,226.7923,92.8383
344,cnn,baseline,jetson_emulator,40,local,0.5,61.6665,50.91,61.6665,63.5087,22.9731,167.274,167.274,226.9483,92.7857
345,cnn,baseline,jetson_emulator,40,offload,0.5,61.5757,50.4753,50.4753,52.5789,23.9326,167.274,167.274,224.4737,92.8033
346,cnn,baseline,jetson_emulator,40,local,0.5,61.802,50.8758,61.802,63.7067,22.9619,167.274,167.274,227.2602,92.8324
347,cnn,baseline,jetson_emulator,40,local,0.5,61.7524,50.8508,61.7524,63.8622,22.966,167.274,167.274,227.4162,92.8054
348,cnn,baseline,jetson_emulator,40,offload,0.5,61.1575,51.4376,51.4376,53.7895,23.8469,167.274,167.274,224.9362,92.8262
349,cnn,baseline,jetson_emulator,40,local,0.5,61.6885,50.6215,61.6885,63.6713,22.9713,167.274,167.274,227.7281,92.7724
350,cnn,baseline,jetson_emulator,40,local,0.5,61.5183,51.2724,61.5183,63.4665,22.9853,167.274,167.274,227.8841,92.734
351,cnn,baseline,jetson_emulator,40,offload,0.5,62.3128,51.9598,51.9598,54.0831,23.8007,167.274,167.274,225.3986,92.8093
352,cnn,baseline,jetson_emulator,40,local,0.5,61.403,52.2327,61.403,62.565,22.9948,167.274,167.274,228.196,92.8415
353,cnn,baseline,jetson_emulator,40,offload,0.5,62.0668,51.4287,51.4287,52.5358,23.8477,167.274,167.274,225.707,92.7868
354,cnn,baseline,jetson_emulator,40,offload,0.5,62.2089,51.98,51.98,55.0405,23.7989,167.274,167.274,225.8611,92.835
355,cnn,baseline,jetson_emulator,40,offload,0.5,62.5943,51.5017,51.5017,52.8261,23.8413,167.274,167.274,226.0153,92.8129
356,cnn,baseline,jetson_emulator,40,local,0.5,62.6857,52.6377,62.6857,64.7248,22.8895,167.274,167.274,228.8199,92.8229
357,cnn,baseline,jetson_emulator,40,offload,0.5,61.7303,51.2626,51.2626,53.3261,23.8625,167.274,167.274,226.3236,92.8312
358,cnn,baseline,jetson_emulator,40,local,0.5,61.8253,51.1765,61.8253,64.2736,22.96,167.274,167.274,229.1318,92.8655
359,cnn,baseline,jetson_emulator,40,offload,0.5,62.1759,51.5511,51.5511,53.1523,23.8369,167.274,167.274,226.6319,92.8545
360,cnn,baseline,jetson_emulator,40,offload,0.5,62.8437,51.6001,51.6001,53.9323,23.8325,167.274,167.274,226.7861,92.7368
361,cnn,baseline,jetson_emulator,40,offload,0.5,61.9852,52.2417,52.2417,54.5034,23.7758,167.274,167.274,226.9402,92.7377
362,cnn,baseline,jetson_emulator,40,offload,0.5,62.1298,52.5184,52.5184,54.5761,23.7515,167.274,167.274,227.0944,92.7359
363,cnn,baseline,jetson_emulator,40,offload,0.5,62.1451,51.5132,51.5132,53.444,23.8402,167.274,167.274,227.2486,92.7128
364,cnn,baseline,jetson_emulator,40,offload,0.5,62.511,51.3236,51.3236,53.0327,23.857,167.274,167.274,227.4027,92.7364
365,cnn,baseline,jetson_emulator,40,offload,0.5,62.3232,52.9344,52.9344,54.7093,23.7149,167.274,167.274,227.5569,92.7785
366,cnn,baseline,jetson_emulator,40,offload,0.5,63.0157,51.5007,51.5007,53.3727,23.8413,167.274,167.274,227.711,92.8783
367,cnn,baseline,jetson_emulator,40,local,0.5,62.3652,52.4074,62.3652,64.6234,22.9157,167.274,167.274,230.5355,92.7762
368,cnn,baseline,jetson_emulator,40,local,0.5,63.0275,51.8211,63.0275,64.9822,22.8616,167.274,167.274,230.6915,92.757
369,cnn,baseline,jetson_emulator,40,offload,0.5,63.1949,52.619,52.619,55.0445,23.7426,167.274,167.274,228.1735,92.7834
370,cnn,baseline,jetson_emulator,40,local,0.5,63.1096,51.7837,63.1096,65.8137,22.8549,167.274,167.274,231.0034,92.8432
371,cnn,baseline,jetson_emulator,40,local,0.5,63.2876,51.721,63.2876,65.9305,22.8404,167.274,167.274,231.1594,92.844
372,cnn,baseline,jetson_emulator,40,offload,0.5,62.7836,52.6019,52.6019,54.6055,23.7441,167.274,167.274,228.636,92.7646
373,cnn,baseline,jetson_emulator,40,offload,0.5,63.5101,53.0286,53.0286,54.7535,23.7067,167.274,167.274,228.7902,92.6816
374,cnn,baseline,jetson_emulator,40,local,0.5,62.5609,52.0826,62.5609,64.5161,22.8997,167.274,167.274,231.6273,92.8212
375,cnn,baseline,jetson_emulator,40,local,0.5,63.1951,52.2723,63.1951,65.7443,22.848,167.274,167.274,231.7832,92.7888
376,cnn,baseline,jetson_emulator,40,offload,0.5,63.357,53.0571,53.0571,55.1465,23.7042,167.274,167.274,229.2526,92.7538
377,cnn,baseline,jetson_emulator,40,local,0.5,63.2001,52.9445,63.2001,65.7591,22.8476,167.274,167.274,232.0952,92.7896
378,cnn,baseline,jetson_emulator,40,offload,0.5,63.7396,52.2751,52.2751,54.111,23.7729,167.274,167.274,229.5609,92.8849
379,cnn,baseline,jetson_emulator,40,offload,0.5,64.2209,51.8407,51.8407,53.7538,23.8112,167.274,167.274,229.7151,92.8039
380,cnn,baseline,jetson_emulator,40,offload,0.5,63.2662,52.6873,52.6873,54.6296,23.7366,167.274,167.274,229.8693,92.8377
381,cnn,baseline,jetson_emulator,40,offload,0.5,62.904,53.9151,53.9151,56.4224,23.6292,167.274,167.274,230.0234,92.8371
382,cnn,baseline,jetson_emulator,40,local,0.5,63.3528,52.1573,63.3528,64.6708,22.8351,167.274,167.274,232.875,92.7819
383,cnn,baseline,jetson_emulator,40,local,0.5,62.8521,53.2276,62.8521,64.7823,22.8759,167.274,167.274,233.0309,92.8551
384,cnn,baseline,jetson_emulator,40,offload,0.5,63.5527,51.9863,51.9863,54.0569,23.7984,167.274,167.274,230.4859,92.8072
385,cnn,baseline,jetson_emulator,40,local,0.5,63.2486,52.6157,63.2486,64.7777,22.8436,167.274,167.274,233.3429,92.9089
386,cnn,baseline,jetson_emulator,40,local,0.5,62.8609,52.2162,62.8609,65.0357,22.8752,167.274,167.274,233.4988,92.7987
387,cnn,baseline,jetson_emulator,40,local,0.5,62.8365,53.1065,62.8365,64.9414,22.8772,167.274,167.274,233.6548,92.7913
388,cnn,baseline,jetson_emulator,40,local,0.5,63.1449,53.3401,63.1449,66.3466,22.8521,167.274,167.274,233.8108,92.797
389,cnn,baseline,jetson_emulator,40,local,0.5,63.6913,52.3573,63.6913,66.0369,22.8076,167.274,167.274,233.9667,92.842
390,cnn,baseline,jetson_emulator,40,local,0.5,64.2055,52.384,64.2055,66.6069,22.766,167.274,167.274,234.1227,92.7619
391,cnn,baseline,jetson_emulator,40,offload,0.5,63.7246,52.072,52.072,54.3696,23.7908,167.274,167.274,231.565,92.7928
392,cnn,baseline,jetson_emulator,40,local,0.5,63.6259,52.5832,63.6259,65.6975,22.813,167.274,167.274,234.4346,92.9074
393,cnn,baseline,jetson_emulator,40,local,0.5,63.7397,53.153,63.7397,65.2814,22.8037,167.274,167.274,234.5906,92.9199
394,cnn,baseline,jetson_emulator,40,local,0.5,63.0512,52.0958,63.0512,65.042,22.8597,167.274,167.274,234.7466,92.7776
395,cnn,baseline,jetson_emulator,40,offload,0.5,63.2818,53.7243,53.7243,54.369,23.6459,167.274,167.274,232.1817,92.7901
396,cnn,baseline,jetson_emulator,40,local,0.5,63.5896,52.7213,63.5896,65.141,22.8159,167.274,167.274,235.0585,92.7437
397,cnn,baseline,jetson_emulator,40,local,0.5,63.2464,53.2572,63.2464,65.2086,22.8438,167.274,167.274,235.2145,92.7934
398,cnn,baseline,jetson_emulator,40,offload,0.5,63.4534,52.0716,52.0716,53.8893,23.7908,167.274,167.274,232.6441,92.8136
399,cnn,baseline,jetson_emulator,40,local,0.5,63.1029,53.8089,63.1029,64.7813,22.8555,167.274,167.274,235.5264,92.8178
400,cnn,baseline,jetson_emulator,40,offload,0.5,63.252,52.9167,52.9167,54.0914,23.7165,167.274,167.274,232.9525,92.8263
401,cnn,baseline,jetson_emulator,40,offload,0.5,63.3108,53.6776,53.6776,55.1681,23.6499,167.274,167.274,233.1066,92.8315
402,cnn,baseline,jetson_emulator,40,offload,0.5,63.3048,52.979,52.979,55.5948,23.711,167.274,167.274,233.2608,92.8104
403,cnn,baseline,jetson_emulator,40,local,0.5,63.7889,52.632,63.7889,65.0237,22.7997,167.274,167.274,236.1503,92.8545
404,cnn,baseline,jetson_emulator,40,local,0.5,63.0997,52.552,63.0997,64.5193,22.8557,167.274,167.274,236.3062,92.7733
405,cnn,baseline,jetson_emulator,40,local,0.5,63.0873,53.3772,63.0873,64.7504,22.8568,167.274,167.274,236.4622,92.7297
406,cnn,baseline,jetson_emulator,40,local,0.5,63.1382,52.5226,63.1382,65.3148,22.8526,167.274,167.274,236.6182,92.7577
407,cnn,baseline,jetson_emulator,40,local,0.5,63.1819,52.1786,63.1819,65.9935,22.849,167.274,167.274,236.7741,92.8114
408,cnn,baseline,jetson_emulator,40,offload,0.5,63.3291,52.6667,52.6667,55.0113,23.7384,167.274,167.274,234.1857,92.8777
409,cnn,baseline,jetson_emulator,40,offload,0.5,63.1982,52.5931,52.5931,54.8031,23.7449,167.274,167.274,234.3399,92.7124
410,cnn,baseline,jetson_emulator,40,local,0.5,63.8022,52.9062,63.8022,65.4817,22.7987,167.274,167.274,237.242,92.7402
411,cnn,baseline,jetson_emulator,40,local,0.5,63.1129,52.1698,63.1129,64.6522,22.8547,167.274,167.274,237.398,92.8844
412,cnn,baseline,jetson_emulator,40,offload,0.5,63.5468,52.1191,52.1191,54.2094,23.7867,167.274,167.274,234.8024,92.7329
413,cnn,baseline,jetson_emulator,40,offload,0.5,63.6585,53.975,53.975,55.7627,23.624,167.274,167.274,234.9565,92.8014
414,cnn,baseline,jetson_emulator,40,offload,0.5,63.1661,52.1681,52.1681,53.2555,23.7823,167.274,167.274,235.1107,92.8225
415,cnn,baseline,jetson_emulator,40,offload,0.5,63.0101,52.2186,52.2186,53.6142,23.7779,167.274,167.274,235.2649,92.7659
416,cnn,baseline,jetson_emulator,40,local,0.5,63.2346,52.779,63.2346,65.6818,22.8448,167.274,167.274,238.1778,92.8358
417,cnn,baseline,jetson_emulator,40,local,0.5,63.06,52.8566,63.06,64.8494,22.859,167.274,167.274,238.3338,92.8103
418,cnn,baseline,jetson_emulator,40,offload,0.5,63.586,52.662,52.662,53.9178,23.7388,167.274,167.274,235.7273,92.8339
419,cnn,baseline,jetson_emulator,40,local,0.5,62.9841,53.5274,62.9841,65.2753,22.8652,167.274,167.274,238.6457,92.7622
420,cnn,baseline,jetson_emulator,40,offload,0.5,63.2195,52.5703,52.5703,53.6948,23.7469,167.274,167.274,236.0357,92.8028
421,cnn,baseline,jetson_emulator,40,offload,0.5,63.4366,52.6624,52.6624,54.2656,23.7388,167.274,167.274,236.1898,92.791
422,cnn,baseline,jetson_emulator,40,local,0.5,63.7194,53.123,63.7194,65.4707,22.8054,167.274,167.274,239.1136,92.779
423,cnn,baseline,jetson_emulator,40,local,0.5,63.1832,52.2343,63.1832,65.3362,22.8489,167.274,167.274,239.2696,92.7776
424,cnn,baseline,jetson_emulator,40,offload,0.5,63.6295,52.9723,52.9723,54.1928,23.7116,167.274,167.274,236.6523,92.9597
425,cnn,baseline,jetson_emulator,40,local,0.5,62.9711,53.6322,62.9711,65.2231,22.8662,167.274,167.274,239.5815,92.8224
426,cnn,baseline,jetson_emulator,40,local,0.5,63.0458,52.4764,63.0458,65.1564,22.8601,167.274,167.274,239.7375,92.7201
427,cnn,baseline,jetson_emulator,40,local,0.5,63.1176,52.4413,63.1176,64.9875,22.8543,167.274,167.274,239.8935,92.7674
428,cnn,baseline,jetson_emulator,40,offload,0.5,62.9463,52.2013,52.2013,53.6711,23.7794,167.274,167.274,237.2689,92.8213
429,cnn,baseline,jetson_emulator,40,local,0.5,64.0265,52.2294,64.0265,65.8351,22.7805,167.274,167.274,240.2054,92.8407
430,cnn,baseline,jetson_emulator,40,local,0.5,63.0279,52.6661,63.0279,65.1464,22.8616,167.274,167.274,240.3614,92.8072
431,cnn,baseline,jetson_emulator,40,local,0.5,63.9117,52.5903,63.9117,65.8012,22.7898,167.274,167.274,240.5173,92.8173
432,cnn,baseline,jetson_emulator,40,local,0.5,62.9095,54.2475,62.9095,64.5474,22.8712,167.274,167.274,240.6733,92.7376
433,cnn,baseline,jetson_emulator,40,local,0.5,63.1923,52.6266,63.1923,65.0344,22.8482,167.274,167.274,240.8293,92.79
434,cnn,baseline,jetson_emulator,40,local,0.5,63.7823,52.2036,63.7823,65.1522,22.8003,167.274,167.274,240.9852,92.7336
435,cnn,baseline,jetson_emulator,40,offload,0.5,62.97,52.0975,52.0975,54.2243,23.7886,167.274,167.274,238.3481,92.8292
436,cnn,baseline,jetson_emulator,40,local,0.5,63.5931,52.2746,63.5931,66.1659,22.8156,167.274,167.274,241.2972,92.7557
437,cnn,baseline,jetson_emulator,40,local,0.5,63.1853,52.8771,63.1853,64.331,22.8488,167.274,167.274,241.4531,92.7699
438,cnn,baseline,jetson_emulator,40,local,0.5,63.3482,52.6434,63.3482,65.7307,22.8355,167.274,167.274,241.6091,92.7633
439,cnn,baseline,jetson_emulator,40,offload,0.5,64.6046,52.552,52.552,55.665,23.7485,167.274,167.274,238.9647,92.8256
440,cnn,baseline,jetson_emulator,40,local,0.5,63.302,52.0616,63.302,65.3896,22.8393,167.274,167.274,241.921,92.8033
441,cnn,baseline,jetson_emulator,40,offload,0.5,62.8533,53.1687,53.1687,55.2619,23.6944,167.274,167.274,239.273,92.8049
442,cnn,baseline,jetson_emulator,40,local,0.5,62.8968,52.0189,62.8968,64.1413,22.8723,167.274,167.274,242.233,92.7944
443,cnn,baseline,jetson_emulator,40,offload,0.5,63.1726,52.6831,52.6831,54.9046,23.737,167.274,167.274,239.5813,92.7952
444,cnn,baseline,jetson_emulator,40,local,0.5,63.5206,52.895,63.5206,65.3048,22.8215,167.274,167.274,242.5449,92.6797
445,cnn,baseline,jetson_emulator,40,local,0.5,62.8555,53.051,62.8555,64.6474,22.8757,167.274,167.274,242.7009,92.857
446,cnn,baseline,jetson_emulator,40,local,0.5,63.2666,52.3193,63.2666,65.0901,22.8422,167.274,167.274,242.8568,92.8601
447,cnn,baseline,jetson_emulator,40,offload,0.5,63.2323,52.1143,52.1143,54.5604,23.7871,167.274,167.274,240.198,92.7442
448,cnn,baseline,jetson_emulator,40,local,0.5,62.8295,52.3562,62.8295,64.5069,22.8778,167.274,167.274,243.1688,92.7441
449,cnn,baseline,jetson_emulator,40,local,0.5,62.7631,52.2131,62.7631,64.075,22.8832,167.274,167.274,243.3247,92.8149
450,cnn,baseline,jetson_emulator,40,local,0.5,63.8844,52.1579,63.8844,65.643,22.792,167.274,167.274,243.4807,92.7943
451,cnn,baseline,jetson_emulator,40,offload,0.5,63.0258,52.6375,52.6375,54.6998,23.741,167.274,167.274,240.8146,92.8199
452,cnn,baseline,jetson_emulator,40,local,0.5,63.4006,52.4692,63.4006,65.7385,22.8313,167.274,167.274,243.7926,92.7975
453,cnn,baseline,jetson_emulator,40,local,0.5,63.9607,51.9746,63.9607,65.8599,22.7858,167.274,167.274,243.9486,92.7682
454,cnn,baseline,jetson_emulator,40,offload,0.5,63.7466,53.2477,53.2477,55.088,23.6875,167.274,167.274,241.2771,92.7258
455,cnn,baseline,jetson_emulator,40,offload,0.5,62.8472,52.6178,52.6178,54.6139,23.7427,167.274,167.274,241.4312,92.8245
456,cnn,baseline,jetson_emulator,40,offload,0.5,62.8773,52.1046,52.1046,53.1534,23.7879,167.274,167.274,241.5854,92.7465
457,cnn,baseline,jetson_emulator,40,local,0.5,63.479,52.2645,63.479,65.4974,22.8249,167.274,167.274,244.5725,92.7895
458,cnn,baseline,jetson_emulator,40,offload,0.5,63.0806,52.0949,52.0949,53.2959,23.7888,167.274,167.274,241.8937,92.7264
459,cnn,baseline,jetson_emulator,40,offload,0.5,62.7513,52.5518,52.5518,54.2553,23.7485,167.274,167.274,242.0479,92.7837
460,cnn,baseline,jetson_emulator,40,local,0.5,63.1724,52.0064,63.1724,65.6125,22.8498,167.274,167.274,245.0404,92.7962
461,cnn,baseline,jetson_emulator,40,offload,0.5,63.0884,51.946,51.946,53.9357,23.8019,167.274,167.274,242.3562,92.7996
462,cnn,baseline,jetson_emulator,40,offload,0.5,63.5159,53.7882,53.7882,55.1742,23.6403,167.274,167.274,242.5104,92.7834
463,cnn,baseline,jetson_emulator,40,offload,0.5,63.5476,52.6786,52.6786,53.5964,23.7374,167.274,167.274,242.6645,92.8129
464,cnn,baseline,jetson_emulator,40,offload,0.5,63.2251,52.2963,52.2963,54.8245,23.771,167.274,167.274,242.8187,92.8522
465,cnn,baseline,jetson_emulator,40,local,0.5,63.3766,53.5672,63.3766,65.2038,22.8332,167.274,167.274,245.8202,92.7797
466,cnn,baseline,jetson_emulator,40,offload,0.5,63.177,53.5206,53.5206,54.6041,23.6636,167.274,167.274,243.127,92.6986
467,cnn,baseline,jetson_emulator,40,offload,0.5,63.5718,53.2027,53.2027,55.1058,23.6914,167.274,167.274,243.2812,92.7343
468,cnn,baseline,jetson_emulator,40,local,0.5,62.9515,53.0757,62.9515,65.7811,22.8678,167.274,167.274,246.2881,92.7759
469,cnn,baseline,jetson_emulator,40,offload,0.5,63.457,53.2514,53.2514,55.711,23.6872,167.274,167.274,243.5895,92.7825
470,cnn,baseline,jetson_emulator,40,offload,0.5,63.4265,52.5807,52.5807,54.3961,23.746,167.274,167.274,243.7436,92.8238
471,cnn,baseline,jetson_emulator,40,local,0.5,63.6776,53.0334,63.6776,65.0206,22.8088,167.274,167.274,246.756,92.8088
472,cnn,baseline,jetson_emulator,40,offload,0.5,63.8812,52.389,52.389,55.2011,23.7629,167.274,167.274,244.052,92.7375
473,cnn,baseline,jetson_emulator,40,local,0.5,63.6229,52.6301,63.6229,65.7824,22.8132,167.274,167.274,247.0679,92.7684
474,cnn,baseline,jetson_emulator,40,local,0.5,62.8978,54.1588,62.8978,64.3742,22.8722,167.274,167.274,247.2239,92.7555
475,cnn,baseline,jetson_emulator,40,offload,0.5,63.017,52.8187,52.8187,54.5484,23.7251,167.274,167.274,244.5144,92.8119
476,cnn,baseline,jetson_emulator,40,local,0.5,63.1568,52.8421,63.1568,64.2248,22.8511,167.274,167.274,247.5358,92.8831
477,cnn,baseline,jetson_emulator,40,local,0.5,63.659,52.0815,63.659,65.2541,22.8103,167.274,167.274,247.6918,92.7672
478,cnn,baseline,jetson_emulator,40,offload,0.5,63.3171,52.1773,52.1773,54.0291,23.7815,167.274,167.274,244.9769,92.7064
479,cnn,baseline,jetson_emulator,40,offload,0.5,63.0273,53.3362,53.3362,54.6328,23.6797,167.274,167.274,245.1311,92.8514
480,cnn,baseline,jetson_emulator,40,local,0.5,63.859,53.7826,63.859,65.5377,22.7941,167.274,167.274,248.1597,92.8309
481,cnn,baseline,jetson_emulator,40,offload,0.5,64.0115,52.6799,52.6799,54.6943,23.7373,167.274,167.274,245.4394,92.8276
482,cnn,baseline,jetson_emulator,40,local,0.5,63.1504,52.4101,63.1504,64.7782,22.8516,167.274,167.274,248.4716,92.8241
483,cnn,baseline,jetson_emulator,40,local,0.5,63.5099,52.5691,63.5099,65.9316,22.8224,167.274,167.274,248.6276,92.8357
484,cnn,baseline,jetson_emulator,40,offload,0.5,63.5658,52.567,52.567,54.5223,23.7472,167.274,167.274,245.9019,92.821
485,cnn,baseline,jetson_emulator,40,local,0.5,63.7985,53.4479,63.7985,65.219,22.799,167.274,167.274,248.9395,92.8655
486,cnn,baseline,jetson_emulator,40,offload,0.5,64.3011,52.4681,52.4681,53.8195,23.7559,167.274,167.274,246.2102,92.8448
487,cnn,baseline,jetson_emulator,40,local,0.5,63.7134,52.8943,63.7134,65.3561,22.8059,167.274,167.274,249.2514,92.7537
488,cnn,baseline,jetson_emulator,40,offload,0.5,63.2537,52.6747,52.6747,54.3287,23.7377,167.274,167.274,246.5185,92.7631
489,cnn,baseline,jetson_emulator,40,offload,0.5,63.3115,52.7822,52.7822,54.3849,23.7283,167.274,167.274,246.6727,92.8195
490,cnn,baseline,jetson_emulator,40,offload,0.5,63.7342,52.716,52.716,55.4688,23.7341,167.274,167.274,246.8268,92.785
491,cnn,baseline,jetson_emulator,40,offload,0.5,64.1079,52.6616,52.6616,55.8383,23.7389,167.274,167.274,246.981,92.7669
492,cnn,baseline,jetson_emulator,40,local,0.5,64.1746,53.571,64.1746,66.0173,22.7685,167.274,167.274,250.0313,92.7882
493,cnn,baseline,jetson_emulator,40,offload,0.5,63.99,52.8547,52.8547,54.0563,23.7219,167.274,167.274,247.2893,92.7416
494,cnn,baseline,jetson_emulator,40,offload,0.5,63.5512,52.7316,52.7316,54.2046,23.7327,167.274,167.274,247.4435,92.7364
495,cnn,baseline,jetson_emulator,40,local,0.5,63.5954,53.0898,63.5954,65.5854,22.8154,167.274,167.274,250.4992,92.8009
496,cnn,baseline,jetson_emulator,40,offload,0.5,64.3744,52.7405,52.7405,54.8697,23.7319,167.274,167.274,247.7518,92.8296
497,cnn,baseline,jetson_emulator,40,local,0.5,63.7617,53.1555,63.7617,65.498,22.8019,167.274,167.274,250.8111,92.7385
498,cnn,baseline,jetson_emulator,40,offload,0.5,63.7674,52.6421,52.6421,54.7327,23.7406,167.274,167.274,248.0601,92.72
499,cnn,baseline,jetson_emulator,40,offload,0.5,64.0579,54.0531,54.0531,55.5,23.6172,167.274,167.274,248.2143,92.7708
500,cnn,baseline,jetson_emulator,40,local,0.5,64.1113,54.7771,64.1113,65.6072,22.7736,167.274,167.274,251.279,92.7707
501,cnn,baseline,jetson_emulator,40,offload,0.5,64.1411,54.3019,54.3019,56.2036,23.5956,167.274,167.274,248.5226,92.7762
502,cnn,baseline,jetson_emulator,40,offload,0.5,64.0204,52.9384,52.9384,55.4969,23.7146,167.274,167.274,248.6768,92.8301
503,cnn,baseline,jetson_emulator,40,offload,0.5,64.8004,53.7895,53.7895,55.6779,23.6402,167.274,167.274,248.8309,92.8187
504,cnn,baseline,jetson_emulator,40,local,0.5,64.8613,53.1159,64.8613,67.325,22.7131,167.274,167.274,251.9029,92.7565
505,cnn,baseline,jetson_emulator,40,local,0.5,64.2459,53.2261,64.2459,65.4934,22.7627,167.274,167.274,252.0588,92.8272
506,cnn,baseline,jetson_emulator,40,offload,0.5,65.2579,53.6614,53.6614,55.5283,23.6513,167.274,167.274,249.2934,92.7508
507,cnn,baseline,jetson_emulator,40,local,0.5,64.1943,53.2687,64.1943,65.5854,22.7669,167.274,167.274,252.3708,92.7472
508,cnn,baseline,jetson_emulator,40,local,0.5,65.1884,53.202,65.1884,67.2096,22.6869,167.274,167.274,252.5267,92.8079
509,cnn,baseline,jetson_emulator,40,local,0.5,64.4811,54.5695,64.4811,65.7748,22.7438,167.274,167.274,252.6827,92.8239
510,cnn,baseline,jetson_emulator,40,local,0.5,64.9818,53.2781,64.9818,67.8537,22.7034,167.274,167.274,252.8387,92.8913
511,cnn,baseline,jetson_emulator,40,local,0.5,65.54,53.9317,65.54,67.7344,22.6587,167.274,167.274,252.9946,92.805
512,cnn,baseline,jetson_emulator,40,local,0.5,64.8569,53.5342,64.8569,66.4371,22.7135,167.274,167.274,253.1506,92.7736
513,cnn,baseline,jetson_emulator,40,offload,0.5,64.917,54.1397,54.1397,56.2044,23.6097,167.274,167.274,250.3725,92.7436
514,cnn,baseline,jetson_emulator,40,local,0.5,65.0054,53.85,65.0054,66.9228,22.7015,167.274,167.274,253.4625,92.7973
515,cnn,baseline,jetson_emulator,40,offload,0.5,64.7005,54.0984,54.0984,56.9039,23.6133,167.274,167.274,250.6808,92.7777
516,cnn,baseline,jetson_emulator,40,offload,0.5,64.8499,53.6156,53.6156,55.0763,23.6553,167.274,167.274,250.835,92.7996
517,cnn,baseline,jetson_emulator,40,offload,0.5,65.6564,55.2405,55.2405,56.8925,23.5144,167.274,167.274,250.9892,92.7627
518,cnn,baseline,jetson_emulator,40,offload,0.5,65.0748,55.5674,55.5674,57.9253,23.4863,167.274,167.274,251.1433,92.8438
519,cnn,baseline,jetson_emulator,40,offload,0.5,65.0426,53.8645,53.8645,55.1937,23.6336,167.274,167.274,251.2975,92.7813
520,cnn,baseline,jetson_emulator,40,offload,0.5,65.0525,53.8938,53.8938,56.742,23.6311,167.274,167.274,251.4516,92.7967
521,cnn,baseline,jetson_emulator,40,local,0.5,65.111,54.7819,65.111,67.05,22.6931,167.274,167.274,254.5543,92.7869
522,cnn,baseline,jetson_emulator,40,offload,0.5,65.3305,54.2124,54.2124,55.5301,23.6034,167.274,167.274,251.7599,92.819
523,cnn,baseline,jetson_emulator,40,local,0.5,65.8718,54.3642,65.8718,68.0172,22.6321,167.274,167.274,254.8662,92.7658
524,cnn,baseline,jetson_emulator,40,offload,0.5,65.3591,54.7435,54.7435,56.4286,23.5573,167.274,167.274,252.0683,92.8147
525,cnn,baseline,jetson_emulator,40,local,0.5,65.4607,54.4914,65.4607,67.0468,22.665,167.274,167.274,255.1782,92.7839
526,cnn,baseline,jetson_emulator,40,local,0.5,66.0085,54.2448,66.0085,68.7661,22.6212,167.274,167.274,255.3341,92.8067
527,cnn,baseline,jetson_emulator,40,offload,0.5,66.0772,55.2854,55.2854,56.8652,23.5105,167.274,167.274,252.5307,92.8097
528,cnn,baseline,jetson_emulator,40,offload,0.5,66.7484,55.436,55.436,56.8058,23.4976,167.274,167.274,252.6849,92.7384
529,cnn,baseline,jetson_emulator,40,offload,0.5,66.3203,54.5769,54.5769,56.0917,23.5718,167.274,167.274,252.8391,92.7552
530,cnn,baseline,jetson_emulator,40,offload,0.5,66.0193,54.5647,54.5647,56.3913,23.5728,167.274,167.274,252.9932,92.8173
531,cnn,baseline,jetson_emulator,40,offload,0.5,66.1627,54.8599,54.8599,55.8985,23.5473,167.274,167.274,253.1474,92.8796
532,cnn,baseline,jetson_emulator,40,offload,0.5,67.0925,55.7894,55.7894,58.1129,23.4672,167.274,167.274,253.3015,92.7941
533,cnn,baseline,jetson_emulator,40,local,0.5,66.801,55.8616,66.801,68.7945,22.5582,167.274,167.274,256.4259,92.8107
534,cnn,baseline,jetson_emulator,40,local,0.5,66.8258,55.981,66.8258,68.847,22.5562,167.274,167.274,256.5819,92.7959
535,cnn,baseline,jetson_emulator,40,local,0.5,66.4591,55.3431,66.4591,68.0934,22.5853,167.274,167.274,256.7378,92.7832
536,cnn,baseline,jetson_emulator,40,offload,0.5,67.1028,54.8987,54.8987,56.8952,23.5439,167.274,167.274,253.9182,92.7779
537,cnn,baseline,jetson_emulator,40,offload,0.5,66.4721,55.0495,55.0495,57.3572,23.5309,167.274,167.274,254.0723,92.8986
538,cnn,baseline,jetson_emulator,40,offload,0.5,67.2146,55.6099,55.6099,57.0787,23.4826,167.274,167.274,254.2265,92.7321
539,cnn,baseline,jetson_emulator,40,offload,0.5,67.2937,55.5258,55.5258,57.2693,23.4898,167.274,167.274,254.3807,92.7907
540,cnn,baseline,jetson_emulator,40,local,0.5,67.356,55.3489,67.356,69.7233,22.5142,167.274,167.274,257.5177,92.8129
541,cnn,baseline,jetson_emulator,40,local,0.5,67.4033,56.4672,67.4033,69.7036,22.5105,167.274,167.274,257.6736,92.8354
542,cnn,baseline,jetson_emulator,40,local,0.5,67.1008,56.3731,67.1008,68.71,22.5344,167.274,167.274,257.8296,92.7604
543,cnn,baseline,jetson_emulator,40,local,0.5,67.3041,55.7084,67.3041,68.9446,22.5183,167.274,167.274,257.9856,92.7157
544,cnn,baseline,jetson_emulator,40,offload,0.5,67.1585,55.5771,55.5771,57.995,23.4854,167.274,167.274,255.1515,92.7925
545,cnn,baseline,jetson_emulator,40,local,0.5,67.7125,56.5122,67.7125,70.2263,22.4861,167.274,167.274,258.2975,92.7412
546,cnn,baseline,jetson_emulator,40,offload,0.5,67.7542,56.4999,56.4999,57.9347,23.4063,167.274,167.274,255.4598,92.8582
547,cnn,baseline,jetson_emulator,40,local,0.5,67.9029,55.8863,67.9029,70.0093,22.4711,167.274,167.274,258.6094,92.8258
548,cnn,baseline,jetson_emulator,40,offload,0.5,67.607,56.5181,56.5181,58.1249,23.4048,167.274,167.274,255.7681,92.8119
549,cnn,baseline,jetson_emulator,40,local,0.5,67.7025,56.0987,67.7025,69.9548,22.4868,167.274,167.274,258.9214,92.7916
550,cnn,baseline,jetson_emulator,40,local,0.5,68.7598,56.6074,68.7598,69.4227,22.4038,167.274,167.274,259.0773,92.7589
551,cnn,baseline,jetson_emulator,40,local,0.5,68.6037,56.3281,68.6037,70.3015,22.416,167.274,167.274,259.2333,92.7135
552,cnn,baseline,jetson_emulator,40,offload,0.5,68.7478,56.7809,56.7809,58.6738,23.3823,167.274,167.274,256.3847,92.8
553,cnn,baseline,jetson_emulator,40,offload,0.5,68.8406,57.0421,57.0421,59.3258,23.3601,167.274,167.274,256.5389,92.8056
554,cnn,baseline,jetson_emulator,40,local,0.5,68.3571,56.6787,68.3571,69.7231,22.4353,167.274,167.274,259.7012,92.7923
555,cnn,baseline,jetson_emulator,40,offload,0.5,69.1123,57.5413,57.5413,58.7348,23.3177,167.274,167.274,256.8472,92.7597
556,cnn,baseline,jetson_emulator,40,offload,0.5,68.602,56.5864,56.5864,58.9278,23.3989,167.274,167.274,257.0014,92.9031
557,cnn,baseline,jetson_emulator,40,offload,0.5,68.4009,56.7425,56.7425,58.384,23.3856,167.274,167.274,257.1555,92.8522
558,cnn,baseline,jetson_emulator,40,offload,0.5,68.9197,56.6854,56.6854,57.807,23.3905,167.274,167.274,257.3097,92.8197
559,cnn,baseline,jetson_emulator,40,local,0.5,68.6809,57.8649,68.6809,70.7615,22.41,167.274,167.274,260.481,92.7406
560,cnn,baseline,jetson_emulator,40,offload,0.5,69.2769,57.3532,57.3532,59.1193,23.3336,167.274,167.274,257.618,92.8168
561,cnn,baseline,jetson_emulator,40,offload,0.5,69.083,57.3816,57.3816,59.6774,23.3312,167.274,167.274,257.7722,92.7283
562,cnn,baseline,jetson_emulator,40,local,0.5,69.8434,59.0545,69.8434,72.5695,22.3193,167.274,167.274,260.9489,92.7859
563,cnn,baseline,jetson_emulator,40,local,0.5,69.0159,57.4659,69.0159,70.8145,22.3838,167.274,167.274,261.1049,92.7764
564,cnn,baseline,jetson_emulator,40,local,0.5,70.1402,57.2985,70.1402,71.9419,22.2963,167.274,167.274,261.2608,92.8523
565,cnn,baseline,jetson_emulator,40,offload,0.5,69.6452,57.4036,57.4036,58.8747,23.3294,167.274,167.274,258.3888,92.8802
566,cnn,baseline,jetson_emulator,40,offload,0.5,69.9815,57.5207,57.5207,59.593,23.3194,167.274,167.274,258.543,92.7399
567,cnn,baseline,jetson_emulator,40,local,0.5,69.5777,58.0175,69.5777,71.7742,22.3399,167.274,167.274,261.7287,92.8166
568,cnn,baseline,jetson_emulator,40,offload,0.5,70.3959,58.3795,58.3795,59.778,23.2468,167.274,167.274,258.8513,92.8693
569,cnn,baseline,jetson_emulator,40,offload,0.5,69.9081,58.085,58.085,60.134,23.2717,167.274,167.274,259.0055,92.7284
570,cnn,baseline,jetson_emulator,40,offload,0.5,69.8648,57.9673,57.9673,59.3444,23.2816,167.274,167.274,259.1596,92.8524
571,cnn,baseline,jetson_emulator,40,offload,0.5,69.8888,57.9943,57.9943,60.2911,23.2793,167.274,167.274,259.3138,92.7847
572,cnn,baseline,jetson_emulator,40,offload,0.5,70.4922,57.9213,57.9213,59.0925,23.2855,167.274,167.274,259.4679,92.7609
573,cnn,baseline,jetson_emulator,40,offload,0.5,70.2658,57.9004,57.9004,60.6167,23.2873,167.274,167.274,259.6221,92.8676
574,cnn,baseline,jetson_emulator,40,offload,0.5,71.0092,58.1606,58.1606,60.0295,23.2653,167.274,167.274,259.7763,92.7595
575,cnn,baseline,jetson_emulator,40,offload,0.5,70.7549,58.1951,58.1951,59.9498,23.2624,167.274,167.274,259.9304,92.8099
576,cnn,baseline,jetson_emulator,40,local,0.5,70.4613,58.8076,70.4613,72.2819,22.2714,167.274,167.274,263.1324,92.8934
577,cnn,baseline,jetson_emulator,40,local,0.5,70.6861,59.1138,70.6861,72.7283,22.254,167.274,167.274,263.2884,92.8124
578,cnn,baseline,jetson_emulator,40,local,0.5,71.4834,58.841,71.4834,73.8332,22.1926,167.274,167.274,263.4444,92.7909
579,cnn,baseline,jetson_emulator,40,offload,0.5,70.7252,58.6655,58.6655,60.0113,23.2227,167.274,167.274,260.5471,92.8155
580,cnn,baseline,jetson_emulator,40,local,0.5,72.1464,58.628,72.1464,74.171,22.1418,167.274,167.274,263.7563,92.8491
581,cnn,baseline,jetson_emulator,40,local,0.5,71.4769,59.2497,71.4769,72.2117,22.1931,167.274,167.274,263.9123,92.8232
582,cnn,baseline,jetson_emulator,40,offload,0.5,70.8718,59.5733,59.5733,61.7725,23.1467,167.274,167.274,261.0095,92.8169
583,cnn,baseline,jetson_emulator,40,offload,0.5,71.2549,58.9412,58.9412,61.0956,23.1996,167.274,167.274,261.1637,92.8601
584,cnn,baseline,jetson_emulator,40,offload,0.5,72.0547,59.8972,59.8972,60.9035,23.1196,167.274,167.274,261.3179,92.759
585,cnn,baseline,jetson_emulator,40,offload,0.5,71.7925,59.8381,59.8381,62.2047,23.1246,167.274,167.274,261.472,92.7719
586,cnn,baseline,jetson_emulator,40,local,0.5,71.383,58.9996,71.383,74.0525,22.2003,167.274,167.274,264.6921,92.7435
587,cnn,baseline,jetson_emulator,40,offload,0.5,71.6661,59.3883,59.3883,61.314,23.1621,167.274,167.274,261.7803,92.8085
588,cnn,baseline,jetson_emulator,40,offload,0.5,72.1707,59.0866,59.0866,61.0736,23.1874,167.274,167.274,261.9345,92.7636
589,cnn,baseline,jetson_emulator,40,offload,0.5,72.1994,59.5566,59.5566,61.7837,23.1481,167.274,167.274,262.0887,92.7462
590,cnn,baseline,jetson_emulator,40,offload,0.5,72.3261,60.6107,60.6107,62.2232,23.0603,167.274,167.274,262.2428,92.7878
591,cnn,baseline,jetson_emulator,40,local,0.5,71.9762,60.1483,71.9762,73.7862,22.1548,167.274,167.274,265.4719,92.9027
592,cnn,baseline,jetson_emulator,40,local,0.5,71.8855,60.5185,71.8855,73.4529,22.1618,167.274,167.274,265.6279,92.7579
593,cnn,baseline,jetson_emulator,40,local,0.5,72.8544,59.8723,72.8544,76.0223,22.0878,167.274,167.274,265.7839,92.8335
594,cnn,baseline,jetson_emulator,40,local,0.5,72.4466,60.0098,72.4466,74.1246,22.1189,167.274,167.274,265.9398,92.8052
595,cnn,baseline,jetson_emulator,40,local,0.5,72.0717,60.0035,72.0717,74.5081,22.1475,167.274,167.274,266.0958,92.8155
596,cnn,baseline,jetson_emulator,40,offload,0.5,72.3251,61.4413,61.4413,63.788,22.9916,167.274,167.274,263.1678,92.7099
597,cnn,baseline,jetson_emulator,40,local,0.5,72.5027,60.3861,72.5027,74.4304,22.1146,167.274,167.274,266.4077,92.7121
598,cnn,baseline,jetson_emulator,40,offload,0.5,72.6313,60.1827,60.1827,62.9321,23.0959,167.274,167.274,263.4761,92.7185
599,cnn,baseline,jetson_emulator,40,offload,0.5,72.5179,60.093,60.093,61.7789,23.1033,167.274,167.274,263.6302,92.8018
600,cnn,baseline,jetson_emulator,40,local,0.5,72.8063,60.8734,72.8063,74.1445,22.0915,167.274,167.274,266.8756,92.8161
601,cnn,baseline,jetson_emulator,40,local,0.5,72.6287,61.1332,72.6287,73.775,22.105,167.274,167.274,267.0316,92.7061
602,cnn,baseline,jetson_emulator,40,local,0.5,72.5363,60.2039,72.5363,74.1242,22.112,167.274,167.274,267.1876,92.7661
603,cnn,baseline,jetson_emulator,40,offload,0.5,73.0755,60.5172,60.5172,62.5863,23.0681,167.274,167.274,264.2469,92.8253
604,cnn,baseline,jetson_emulator,40,offload,0.5,73.1506,61.1071,61.1071,62.7324,23.0192,167.274,167.274,264.401,92.9588
605,cnn,baseline,jetson_emulator,40,offload,0.5,72.8081,60.3165,60.3165,61.2069,23.0847,167.274,167.274,264.5552,92.8041
606,cnn,baseline,jetson_emulator,40,local,0.5,73.2428,61.8072,73.2428,74.5086,22.0583,167.274,167.274,267.8114,92.8188
607,cnn,baseline,jetson_emulator,40,offload,0.5,73.0282,60.2641,60.2641,61.9988,23.0891,167.274,167.274,264.8635,92.825
608,cnn,baseline,jetson_emulator,40,offload,0.5,73.1844,60.721,60.721,62.7322,23.0512,167.274,167.274,265.0177,92.7545
609,cnn,baseline,jetson_emulator,40,offload,0.5,73.4387,60.674,60.674,63.0396,23.0551,167.274,167.274,265.1718,92.7869
610,cnn,baseline,jetson_emulator,40,local,0.5,73.5834,60.4599,73.5834,75.7683,22.0325,167.274,167.274,268.4353,92.8144
611,cnn,baseline,jetson_emulator,40,local,0.5,73.4263,60.7267,73.4263,75.8263,22.0444,167.274,167.274,268.5913,92.8002
612,cnn,baseline,jetson_emulator,40,offload,0.5,73.5238,60.8923,60.8923,62.6204,23.037,167.274,167.274,265.6343,92.769
613,cnn,baseline,jetson_emulator,40,offload,0.5,74.2501,61.2004,61.2004,63.6555,23.0115,167.274,167.274,265.7885,92.8151
614,cnn,baseline,jetson_emulator,40,local,0.5,73.5338,62.102,73.5338,75.4334,22.0363,167.274,167.274,269.0592,92.7488
615,cnn,baseline,jetson_emulator,40,local,0.5,73.6307,60.8832,73.6307,75.1653,22.0289,167.274,167.274,269.2151,92.7948
616,cnn,baseline,jetson_emulator,40,offload,0.5,73.6563,60.9241,60.9241,62.9036,23.0344,167.274,167.274,266.251,92.6825
617,cnn,baseline,jetson_emulator,40,local,0.5,73.863,61.7353,73.863,75.8458,22.0114,167.274,167.274,269.5271,92.7754
618,cnn,baseline,jetson_emulator,40,local,0.5,74.0744,60.8874,74.0744,76.1796,21.9954,167.274,167.274,269.683,92.7622
619,cnn,baseline,jetson_emulator,40,offload,0.5,73.6016,61.6587,61.6587,64.0364,22.9737,167.274,167.274,266.7134,92.8499
620,cnn,baseline,jetson_emulator,40,offload,0.5,73.7472,61.1164,61.1164,63.3756,23.0184,167.274,167.274,266.8676,92.7695
621,cnn,baseline,jetson_emulator,40,offload,0.5,74.0395,61.8017,61.8017,64.5249,22.962,167.274,167.274,267.0218,92.763
622,cnn,baseline,jetson_emulator,40,offload,0.5,73.9907,60.9904,60.9904,62.628,23.0289,167.274,167.274,267.1759,92.7678
623,cnn,baseline,jetson_emulator,40,offload,0.5,73.8875,61.5332,61.5332,63.9413,22.9841,167.274,167.274,267.3301,92.7543
624,cnn,baseline,jetson_emulator,40,local,0.5,74.5548,61.4517,74.5548,77.1005,21.9592,167.274,167.274,270.6188,92.7964
625,cnn,baseline,jetson_emulator,40,local,0.5,74.5654,61.2297,74.5654,76.7313,21.9584,167.274,167.274,270.7748,92.8441
626,cnn,baseline,jetson_emulator,40,local,0.5,74.0145,61.5708,74.0145,76.5735,21.9999,167.274,167.274,270.9308,92.7714
627,cnn,baseline,jetson_emulator,40,local,0.5,74.5418,61.9816,74.5418,75.8569,21.9602,167.274,167.274,271.0867,92.7934
628,cnn,baseline,jetson_emulator,40,offload,0.5,73.9046,61.4535,61.4535,62.8505,22.9906,167.274,167.274,268.1009,92.8151
629,cnn,baseline,jetson_emulator,40,offload,0.5,74.1425,63.0304,63.0304,64.3103,22.8614,167.274,167.274,268.255,92.822
630,cnn,baseline,jetson_emulator,40,local,0.5,74.0038,61.7886,74.0038,76.4197,22.0007,167.274,167.274,271.5546,92.722
631,cnn,baseline,jetson_emulator,40,local,0.5,74.0404,61.7139,74.0404,75.3099,21.998,167.274,167.274,271.7106,92.9324
632,cnn,baseline,jetson_emulator,40,local,0.5,74.23,61.7927,74.23,75.7525,21.9837,167.274,167.274,271.8666,92.8122
633,cnn,baseline,jetson_emulator,40,local,0.5,74.2083,62.071,74.2083,76.2404,21.9853,167.274,167.274,272.0225,92.826
634,cnn,baseline,jetson_emulator,40,offload,0.5,74.3266,62.3431,62.3431,64.6193,22.9175,167.274,167.274,269.0258,92.7701
635,cnn,baseline,jetson_emulator,40,offload,0.5,74.3908,63.2236,63.2236,65.4838,22.8457,167.274,167.274,269.18,92.7948
636,cnn,baseline,jetson_emulator,40,local,0.5,74.2709,61.6049,74.2709,76.1388,21.9806,167.274,167.274,272.4904,92.7438
637,cnn,baseline,jetson_emulator,40,local,0.5,74.6628,61.3809,74.6628,76.2327,21.9511,167.274,167.274,272.6464,92.8208
638,cnn,baseline,jetson_emulator,40,offload,0.5,74.1761,62.3266,62.3266,64.0556,22.9189,167.274,167.274,269.6425,92.8254
639,cnn,baseline,jetson_emulator,40,local,0.5,75.0113,61.4796,75.0113,76.4179,21.9249,167.274,167.274,272.9583,92.7548
640,cnn,baseline,jetson_emulator,40,offload,0.5,74.2142,61.41,61.41,63.8624,22.9942,167.274,167.274,269.9508,92.8272
641,cnn,baseline,jetson_emulator,40,offload,0.5,74.6164,61.7795,61.7795,63.9551,22.9638,167.274,167.274,270.105,92.7419
642,cnn,baseline,jetson_emulator,40,local,0.5,74.663,62.3666,74.663,75.9251,21.9511,167.274,167.274,273.4262,92.8518
643,cnn,baseline,jetson_emulator,40,local,0.5,74.3233,61.9229,74.3233,75.6116,21.9766,167.274,167.274,273.5822,92.7282
644,cnn,baseline,jetson_emulator,40,offload,0.5,74.7465,61.9701,61.9701,64.2099,22.9481,167.274,167.274,270.5674,92.8246
645,cnn,baseline,jetson_emulator,40,offload,0.5,74.2566,62.3392,62.3392,64.1287,22.9179,167.274,167.274,270.7216,92.7226
646,cnn,baseline,jetson_emulator,40,offload,0.5,74.4052,61.4313,61.4313,62.648,22.9925,167.274,167.274,270.8758,92.8103
647,cnn,baseline,jetson_emulator,40,offload,0.5,74.739,61.4554,61.4554,63.696,22.9905,167.274,167.274,271.0299,92.9135
648,cnn,baseline,jetson_emulator,40,offload,0.5,74.8248,61.6879,61.6879,64.2837,22.9713,167.274,167.274,271.1841,92.7272
649,cnn,baseline,jetson_emulator,40,offload,0.5,74.9313,62.4634,62.4634,65.0915,22.9077,167.274,167.274,271.3382,92.7413
650,cnn,baseline,jetson_emulator,40,local,0.5,75.2573,61.8483,75.2573,77.5897,21.9065,167.274,167.274,274.6739,92.8061
651,cnn,baseline,jetson_emulator,40,offload,0.5,74.5947,61.3811,61.3811,63.3329,22.9966,167.274,167.274,271.6466,92.8067
652,cnn,baseline,jetson_emulator,40,offload,0.5,74.1584,61.4331,61.4331,63.8481,22.9923,167.274,167.274,271.8007,92.8561
653,cnn,baseline,jetson_emulator,40,local,0.5,74.9116,61.5377,74.9116,76.7438,21.9324,167.274,167.274,275.1418,92.7499
654,cnn,baseline,jetson_emulator,40,offload,0.5,74.8541,61.3572,61.3572,62.9246,22.9986,167.274,167.274,272.109,92.8007
655,cnn,baseline,jetson_emulator,40,local,0.5,74.8338,61.37,74.8338,76.8515,21.9382,167.274,167.274,275.4538,92.7425
656,cnn,baseline,jetson_emulator,40,local,0.5,74.0727,62.3424,74.0727,75.5085,21.9955,167.274,167.274,275.6097,92.8661
657,cnn,baseline,jetson_emulator,40,local,0.5,74.7235,62.1802,74.7235,76.9177,21.9465,167.274,167.274,275.7657,92.8256
658,cnn,baseline,jetson_emulator,40,local,0.5,74.8303,62.6488,74.8303,76.2565,21.9385,167.274,167.274,275.9217,92.8001
659,cnn,baseline,jetson_emulator,40,local,0.5,74.3508,61.6233,74.3508,75.7858,21.9746,167.274,167.274,276.0776,92.7555
660,cnn,baseline,jetson_emulator,40,offload,0.5,74.9154,62.1339,62.1339,63.0441,22.9347,167.274,167.274,273.034,92.7429
661,cnn,baseline,jetson_emulator,40,local,0.5,74.1768,62.3875,74.1768,75.7858,21.9877,167.274,167.274,276.3896,92.7352
662,cnn,baseline,jetson_emulator,40,offload,0.5,74.913,61.5877,61.5877,63.8357,22.9796,167.274,167.274,273.3423,92.7935
663,cnn,baseline,jetson_emulator,40,offload,0.5,74.5878,61.3263,61.3263,63.3263,23.0011,167.274,167.274,273.4965,92.6767
664,cnn,baseline,jetson_emulator,40,local,0.5,74.2475,62.4773,74.2475,75.7665,21.9823,167.274,167.274,276.8575,92.8204
665,cnn,baseline,jetson_emulator,40,local,0.5,74.7167,61.4243,74.7167,76.7184,21.947,167.274,167.274,277.0134,92.8611
666,cnn,baseline,jetson_emulator,40,local,0.5,73.9528,61.9167,73.9528,75.8574,22.0046,167.274,167.274,277.1694,92.8472
667,cnn,baseline,jetson_emulator,40,offload,0.5,73.8257,61.5116,61.5116,63.0318,22.9858,167.274,167.274,274.1131,92.782
668,cnn,baseline,jetson_emulator,40,offload,0.5,74.6368,61.3887,61.3887,63.4287,22.996,167.274,167.274,274.2673,92.7288
669,cnn,baseline,jetson_emulator,40,local,0.5,74.2687,61.2045,74.2687,75.5096,21.9807,167.274,167.274,277.6373,92.7363
670,cnn,baseline,jetson_emulator,40,offload,0.5,74.2554,62.0873,62.0873,64.0976,22.9385,167.274,167.274,274.5756,92.7295
671,cnn,baseline,jetson_emulator,40,local,0.5,73.973,61.9584,73.973,76.1478,22.003,167.274,167.274,277.9492,92.9202
672,cnn,baseline,jetson_emulator,40,offload,0.5,74.8311,60.951,60.951,62.9526,23.0321,167.274,167.274,274.8839,92.771
673,cnn,baseline,jetson_emulator,40,local,0.5,73.8971,61.8978,73.8971,75.5854,22.0088,167.274,167.274,278.2612,92.8191
674,cnn,baseline,jetson_emulator,40,local,0.5,74.548,61.1876,74.548,75.6519,21.9597,167.274,167.274,278.4171,92.7929
675,cnn,baseline,jetson_emulator,40,offload,0.5,74.3659,61.7695,61.7695,63.9171,22.9646,167.274,167.274,275.3464,92.7808
676,cnn,baseline,jetson_emulator,40,offload,0.5,73.4665,61.3268,61.3268,62.8264,23.0011,167.274,167.274,275.5005,92.8536
677,cnn,baseline,jetson_emulator,40,local,0.5,73.6072,61.3665,73.6072,75.0618,22.0307,167.274,167.274,278.885,92.743
678,cnn,baseline,jetson_emulator,40,offload,0.5,73.3569,61.1446,61.1446,63.3089,23.0161,167.274,167.274,275.8089,92.786
679,cnn,baseline,jetson_emulator,40,offload,0.5,73.9909,61.0526,61.0526,62.8004,23.0237,167.274,167.274,275.963,92.7703
680,cnn,baseline,jetson_emulator,40,offload,0.5,74.477,62.0442,62.0442,63.7468,22.942,167.274,167.274,276.1172,92.7243
681,cnn,baseline,jetson_emulator,40,offload,0.5,73.2345,60.8002,60.8002,62.4753,23.0446,167.274,167.274,276.2713,92.7751
682,cnn,baseline,jetson_emulator,40,offload,0.5,73.2881,61.6508,61.6508,63.4017,22.9744,167.274,167.274,276.4255,92.7345
683,cnn,baseline,jetson_emulator,40,offload,0.5,73.2345,60.9472,60.9472,62.942,23.0324,167.274,167.274,276.5797,92.9008
684,cnn,baseline,jetson_emulator,40,local,0.5,73.3115,61.262,73.3115,74.2392,22.0531,167.274,167.274,279.9768,92.81
685,cnn,baseline,jetson_emulator,40,local,0.5,73.4159,60.8471,73.4159,75.0935,22.0452,167.274,167.274,280.1328,92.8064
686,cnn,baseline,jetson_emulator,40,offload,0.5,73.3591,61.9223,61.9223,63.9171,22.9521,167.274,167.274,277.0421,92.7007
687,cnn,baseline,jetson_emulator,40,local,0.5,72.9566,60.6668,72.9566,74.7663,22.08,167.274,167.274,280.4447,92.8104
688,cnn,baseline,jetson_emulator,40,local,0.5,73.0438,60.426,73.0438,74.4187,22.0734,167.274,167.274,280.6007,92.7619
689,cnn,baseline,jetson_emulator,40,local,0.5,73.1097,61.0946,73.1097,74.9943,22.0684,167.274,167.274,280.7566,92.7983
690,cnn,baseline,jetson_emulator,40,offload,0.5,73.0462,60.8217,60.8217,62.4931,23.0428,167.274,167.274,277.6588,92.8265
691,cnn,baseline,jetson_emulator,40,offload,0.5,73.4598,60.5495,60.5495,62.3862,23.0654,167.274,167.274,277.8129,92.768
692,cnn,baseline,jetson_emulator,40,local,0.5,72.9182,60.2169,72.9182,75.4476,22.083,167.274,167.274,281.2245,92.8021
693,cnn,baseline,jetson_emulator,40,local,0.5,73.4286,60.0865,73.4286,74.8935,22.0442,167.274,167.274,281.3805,92.7746
694,cnn,baseline,jetson_emulator,40,offload,0.5,73.0689,60.1688,60.1688,62.0833,23.097,167.274,167.274,278.2754,92.6584
695,cnn,baseline,jetson_emulator,40,local,0.5,72.5317,60.2388,72.5317,74.1104,22.1124,167.274,167.274,281.6924,92.8543
696,cnn,baseline,jetson_emulator,40,offload,0.5,72.6107,61.1846,61.1846,63.7479,23.0128,167.274,167.274,278.5837,92.8274
697,cnn,baseline,jetson_emulator,40,local,0.5,72.8266,60.8107,72.8266,74.6914,22.0899,167.274,167.274,282.0044,92.8078
698,cnn,baseline,jetson_emulator,40,offload,0.5,72.3813,60.4417,60.4417,63.2431,23.0743,167.274,167.274,278.8921,92.8426
699,cnn,baseline,jetson_emulator,40,offload,0.5,73.0761,61.0358,61.0358,62.4104,23.0251,167.274,167.274,279.0462,92.7699
700,cnn,baseline,jetson_emulator,40,offload,0.5,72.3601,59.9313,59.9313,62.007,23.1168,167.274,167.274,279.2004,92.7832
701,cnn,baseline,jetson_emulator,40,offload,0.5,72.3147,60.451,60.451,62.1749,23.0736,167.274,167.274,279.3545,92.852
702,cnn,baseline,jetson_emulator,40,local,0.5,72.6924,59.6762,72.6924,74.9986,22.1002,167.274,167.274,282.7842,92.8696
703,cnn,baseline,jetson_emulator,40,offload,0.5,71.9741,59.7721,59.7721,61.6467,23.1301,167.274,167.274,279.6629,92.7822
704,cnn,baseline,jetson_emulator,40,local,0.5,72.8397,60.0503,72.8397,74.3513,22.0889,167.274,167.274,283.0961,92.7218
705,cnn,baseline,jetson_emulator,40,local,0.5,72.3096,59.4289,72.3096,74.2456,22.1293,167.274,167.274,283.2521,92.7204
706,cnn,baseline,jetson_emulator,40,offload,0.5,72.2466,59.6103,59.6103,62.0508,23.1436,167.274,167.274,280.1253,92.778
707,cnn,baseline,jetson_emulator,40,local,0.5,72.587,59.3076,72.587,74.707,22.1082,167.274,167.274,283.564,92.8143
708,cnn,baseline,jetson_emulator,40,offload,0.5,71.7368,59.9729,59.9729,61.6653,23.1133,167.274,167.274,280.4337,92.8228
709,cnn,baseline,jetson_emulator,40,offload,0.5,71.8608,59.3428,59.3428,61.6801,23.1659,167.274,167.274,280.5878,92.7466
710,cnn,baseline,jetson_emulator,40,local,0.5,71.6883,60.2235,71.6883,73.9583,22.1769,167.274,167.274,284.0319,92.8115
711,cnn,baseline,jetson_emulator,40,local,0.5,71.9102,59.3309,71.9102,73.9084,22.1599,167.274,167.274,284.1879,92.7533
712,cnn,baseline,jetson_emulator,40,offload,0.5,71.4808,59.5634,59.5634,61.7802,23.1475,167.274,167.274,281.0503,92.8343
713,cnn,baseline,jetson_emulator,40,offload,0.5,71.3991,59.9133,59.9133,61.5045,23.1183,167.274,167.274,281.2045,92.7126
714,cnn,baseline,jetson_emulator,40,offload,0.5,72.2859,59.7659,59.7659,61.5771,23.1306,167.274,167.274,281.3586,92.8166
715,cnn,baseline,jetson_emulator,40,local,0.5,71.415,60.5168,71.415,72.8659,22.1979,167.274,167.274,284.8118,92.7892
716,cnn,baseline,jetson_emulator,40,local,0.5,71.7606,59.5894,71.7606,74.1085,22.1714,167.274,167.274,284.9677,92.8647
717,cnn,baseline,jetson_emulator,40,local,0.5,71.8298,59.8299,71.8298,73.8187,22.166,167.274,167.274,285.1237,92.7324
718,cnn,baseline,jetson_emulator,40,local,0.5,71.3576,59.4646,71.3576,72.3287,22.2023,167.274,167.274,285.2797,92.7799
719,cnn,baseline,jetson_emulator,40,local,0.5,71.0799,59.1678,71.0799,73.5119,22.2237,167.274,167.274,285.4356,92.7232
720,cnn,baseline,jetson_emulator,40,local,0.5,70.9977,60.2812,70.9977,72.6911,22.23,167.274,167.274,285.5916,92.7649
721,cnn,baseline,jetson_emulator,40,offload,0.5,71.0458,59.4982,59.4982,61.6644,23.1529,167.274,167.274,282.4377,92.7238
722,cnn,baseline,jetson_emulator,40,offload,0.5,71.7151,59.6444,59.6444,61.9175,23.1407,167.274,167.274,282.5919,92.7648
723,cnn,baseline,jetson_emulator,40,local,0.5,71.2167,60.7875,71.2167,72.9324,22.2131,167.274,167.274,286.0595,92.8915
724,cnn,baseline,jetson_emulator,40,local,0.5,72.3514,59.2465,72.3514,73.3342,22.1261,167.274,167.274,286.2154,92.7372
725,cnn,baseline,jetson_emulator,40,local,0.5,71.7773,58.7443,71.7773,73.4424,22.1701,167.274,167.274,286.3714,92.8393
726,cnn,baseline,jetson_emulator,40,offload,0.5,71.43,59.8672,59.8672,62.189,23.1221,167.274,167.274,283.2085,92.7652
727,cnn,baseline,jetson_emulator,40,local,0.5,71.7796,58.4294,71.7796,73.5281,22.1699,167.274,167.274,286.6833,92.7294
728,cnn,baseline,jetson_emulator,40,offload,0.5,71.6244,58.8221,58.8221,60.4481,23.2096,167.274,167.274,283.5169,92.7992
729,cnn,baseline,jetson_emulator,40,offload,0.5,70.7618,59.8923,59.8923,61.6708,23.12,167.274,167.274,283.671,92.7911
730,cnn,baseline,jetson_emulator,40,local,0.5,70.6666,58.2689,70.6666,72.0368,22.2555,167.274,167.274,287.1512,92.8081
731,cnn,baseline,jetson_emulator,40,local,0.5,71.0981,58.5174,71.0981,73.4794,22.2222,167.274,167.274,287.3072,92.7384
732,cnn,baseline,jetson_emulator,40,offload,0.5,70.6248,58.9849,58.9849,60.7271,23.1959,167.274,167.274,284.1335,92.8046
733,cnn,baseline,jetson_emulator,40,offload,0.5,70.6776,58.8099,58.8099,60.801,23.2106,167.274,167.274,284.2876,92.7702
734,cnn,baseline,jetson_emulator,40,local,0.5,71.2052,58.1731,71.2052,72.8911,22.214,167.274,167.274,287.7751,92.8521
735,cnn,baseline,jetson_emulator,40,offload,0.5,70.9022,58.7247,58.7247,61.3289,23.2178,167.274,167.274,284.596,92.7503
736,cnn,baseline,jetson_emulator,40,local,0.5,70.2772,60.0557,70.2772,72.6216,22.2856,167.274,167.274,288.087,92.7791
737,cnn,baseline,jetson_emulator,40,offload,0.5,71.2505,58.2758,58.2758,60.0,23.2556,167.274,167.274,284.9043,92.9137
738,cnn,baseline,jetson_emulator,40,local,0.5,70.9975,58.1605,70.9975,72.7881,22.23,167.274,167.274,288.399,92.8939
739,cnn,baseline,jetson_emulator,40,offload,0.5,70.6838,59.2693,59.2693,61.1471,23.1721,167.274,167.274,285.2126,92.7951
740,cnn,baseline,jetson_emulator,40,local,0.5,70.2842,58.8314,70.2842,72.5167,22.2851,167.274,167.274,288.7109,92.8127
741,cnn,baseline,jetson_emulator,40,offload,0.5,71.6097,60.1121,60.1121,61.6113,23.1017,167.274,167.274,285.5209,92.802
742,cnn,baseline,jetson_emulator,40,local,0.5,70.2027,58.5733,70.2027,72.3061,22.2914,167.274,167.274,289.0228,92.8167
743,cnn,baseline,jetson_emulator,40,offload,0.5,70.6295,59.3679,59.3679,61.5083,23.1638,167.274,167.274,285.8292,92.8097
744,cnn,baseline,jetson_emulator,40,offload,0.5,70.5015,58.1338,58.1338,60.5635,23.2676,167.274,167.274,285.9834,92.746
745,cnn,baseline,jetson_emulator,40,local,0.5,70.6139,58.208,70.6139,71.9012,22.2596,167.274,167.274,289.4907,92.8665
746,cnn,baseline,jetson_emulator,40,offload,0.5,70.62,58.5093,58.5093,60.0551,23.2359,167.274,167.274,286.2917,92.7423
747,cnn,baseline,jetson_emulator,40,offload,0.5,71.2603,57.8715,57.8715,59.7723,23.2897,167.274,167.274,286.4459,92.8082
748,cnn,baseline,jetson_emulator,40,offload,0.5,69.8938,59.012,59.012,61.1235,23.1936,167.274,167.274,286.6,92.789
749,cnn,baseline,jetson_emulator,40,offload,0.5,70.5663,58.6476,58.6476,60.3331,23.2243,167.274,167.274,286.7542,92.7528
750,cnn,baseline,jetson_emulator,40,local,0.5,70.0438,58.4585,70.0438,72.3542,22.3037,167.274,167.274,290.2706,92.8156
751,cnn,baseline,jetson_emulator,40,local,0.5,70.1026,58.2853,70.1026,72.336,22.2992,167.274,167.274,290.4265,92.7877
752,cnn,baseline,jetson_emulator,40,offload,0.5,69.8868,58.5114,58.5114,60.0339,23.2357,167.274,167.274,287.2167,92.8282
753,cnn,baseline,jetson_emulator,40,offload,0.5,70.1668,58.1202,58.1202,60.2837,23.2687,167.274,167.274,287.3708,92.8039
754,cnn,baseline,jetson_emulator,40,local,0.5,70.5731,57.8159,70.5731,72.697,22.2628,167.274,167.274,290.8944,92.8462
755,cnn,baseline,jetson_emulator,40,local,0.5,70.4446,59.3713,70.4446,73.0178,22.2727,167.274,167.274,291.0504,92.8796
756,cnn,baseline,jetson_emulator,40,local,0.5,70.1855,58.5469,70.1855,72.6714,22.2927,167.274,167.274,291.2064,92.8511
757,cnn,baseline,jetson_emulator,40,offload,0.5,69.8674,58.3204,58.3204,60.8334,23.2518,167.274,167.274,287.9875,92.7607
758,cnn,baseline,jetson_emulator,40,offload,0.5,70.4035,58.6271,58.6271,60.7011,23.226,167.274,167.274,288.1416,92.7485
759,cnn,baseline,jetson_emulator,40,offload,0.5,70.4999,58.2942,58.2942,60.3908,23.254,167.274,167.274,288.2958,92.7901
760,cnn,baseline,jetson_emulator,40,offload,0.5,70.0727,58.7996,58.7996,61.1121,23.2115,167.274,167.274,288.45,92.7537
761,cnn,baseline,jetson_emulator,40,offload,0.5,70.3067,58.8818,58.8818,61.2938,23.2046,167.274,167.274,288.6041,92.8243
762,cnn,baseline,jetson_emulator,40,local,0.5,69.828,57.7656,69.828,71.84,22.3205,167.274,167.274,292.1422,92.8296
763,cnn,baseline,jetson_emulator,40,local,0.5,70.048,58.2711,70.048,71.5881,22.3034,167.274,167.274,292.2981,92.8048
764,cnn,baseline,jetson_emulator,40,offload,0.5,70.5281,57.7474,57.7474,59.6206,23.3002,167.274,167.274,289.0666,92.7602
765,cnn,baseline,jetson_emulator,40,offload,0.5,70.0522,59.1698,59.1698,60.8061,23.1804,167.274,167.274,289.2208,92.8219
766,cnn,baseline,jetson_emulator,40,offload,0.5,70.9711,57.98,57.98,59.7227,23.2805,167.274,167.274,289.3749,92.7583
767,cnn,baseline,jetson_emulator,40,offload,0.5,71.1998,58.082,58.082,60.1615,23.2719,167.274,167.274,289.5291,92.8339
768,cnn,baseline,jetson_emulator,40,local,0.5,70.2952,57.982,70.2952,71.9705,22.2842,167.274,167.274,293.078,92.8494
769,cnn,baseline,jetson_emulator,40,offload,0.5,70.4146,58.7655,58.7655,61.3152,23.2143,167.274,167.274,289.8374,92.8066
770,cnn,baseline,jetson_emulator,40,offload,0.5,70.3984,58.7799,58.7799,60.9083,23.2131,167.274,167.274,289.9916,92.7406
771,cnn,baseline,jetson_emulator,40,offload,0.5,70.2364,58.833,58.833,60.6909,23.2087,167.274,167.274,290.1457,92.8089
772,cnn,baseline,jetson_emulator,40,offload,0.5,70.5665,57.9436,57.9436,60.3009,23.2836,167.274,167.274,290.2999,92.7219
773,cnn,baseline,jetson_emulator,40,offload,0.5,70.731,57.9088,57.9088,59.6823,23.2866,167.274,167.274,290.454,92.6881
774,cnn,baseline,jetson_emulator,40,offload,0.5,70.6655,59.6539,59.6539,60.7838,23.1399,167.274,167.274,290.6082,92.7297
775,cnn,baseline,jetson_emulator,40,offload,0.5,70.5766,58.5304,58.5304,60.4574,23.2341,167.274,167.274,290.7624,92.7196
776,cnn,baseline,jetson_emulator,40,offload,0.5,70.399,59.0416,59.0416,61.0521,23.1912,167.274,167.274,290.9165,92.7597
777,cnn,baseline,jetson_emulator,40,offload,0.5,70.7459,59.4109,59.4109,61.2397,23.1602,167.274,167.274,291.0707,92.7224
778,cnn,baseline,jetson_emulator,40,offload,0.5,70.4652,59.671,59.671,62.0768,23.1385,167.274,167.274,291.2248,92.731
779,cnn,baseline,jetson_emulator,40,offload,0.5,70.6903,58.0852,58.0852,59.8899,23.2717,167.274,167.274,291.379,92.7902
780,cnn,baseline,jetson_emulator,40,offload,0.5,70.9175,58.4131,58.4131,60.1111,23.244,167.274,167.274,291.5332,92.7752
781,cnn,baseline,jetson_emulator,40,offload,0.5,70.9287,58.31,58.31,59.8622,23.2527,167.274,167.274,291.6873,92.7633
782,cnn,baseline,jetson_emulator,40,offload,0.5,71.1084,58.3106,58.3106,59.4447,23.2526,167.274,167.274,291.8415,92.8311
783,cnn,baseline,jetson_emulator,40,local,0.5,71.3967,58.9861,71.3967,74.0318,22.1993,167.274,167.274,295.4175,92.8127
784,cnn,baseline,jetson_emulator,40,local,0.5,70.9376,58.441,70.9376,72.8064,22.2346,167.274,167.274,295.5734,92.8033
785,cnn,baseline,jetson_emulator,40,local,0.5,71.1206,58.87,71.1206,72.2271,22.2205,167.274,167.274,295.7294,92.7612
786,cnn,baseline,jetson_emulator,40,offload,0.5,71.6871,60.1703,60.1703,61.8703,23.0969,167.274,167.274,292.4581,92.7709
787,cnn,baseline,jetson_emulator,40,local,0.5,71.1625,59.8693,71.1625,73.0341,22.2173,167.274,167.274,296.0413,92.8218
788,cnn,baseline,jetson_emulator,40,offload,0.5,70.9419,59.7147,59.7147,61.0735,23.1348,167.274,167.274,292.7664,92.8421
789,cnn,baseline,jetson_emulator,40,offload,0.5,71.5212,58.8065,58.8065,60.9263,23.2109,167.274,167.274,292.9206,92.7541
790,cnn,baseline,jetson_emulator,40,offload,0.5,70.9395,59.9475,59.9475,62.0883,23.1154,167.274,167.274,293.0748,92.8206
791,cnn,baseline,jetson_emulator,40,local,0.5,71.0433,59.0145,71.0433,73.135,22.2265,167.274,167.274,296.6652,92.7839
792,cnn,baseline,jetson_emulator,40,local,0.5,71.2798,58.8139,71.2798,73.2789,22.2083,167.274,167.274,296.8212,92.883
793,cnn,baseline,jetson_emulator,40,offload,0.5,71.641,59.6415,59.6415,62.2505,23.141,167.274,167.274,293.5372,92.7694
794,cnn,baseline,jetson_emulator,40,local,0.5,71.413,58.8745,71.413,73.251,22.198,167.274,167.274,297.1331,92.8646
795,cnn,baseline,jetson_emulator,40,offload,0.5,71.5682,59.2961,59.2961,60.7613,23.1698,167.274,167.274,293.8456,92.7105
796,cnn,baseline,jetson_emulator,40,local,0.5,71.7064,59.7004,71.7064,72.6929,22.1755,167.274,167.274,297.445,92.8372
797,cnn,baseline,jetson_emulator,40,local,0.5,71.4898,59.8641,71.4898,73.4941,22.1921,167.274,167.274,297.601,92.8328
798,cnn,baseline,jetson_emulator,40,local,0.5,71.829,59.2361,71.829,73.5083,22.1661,167.274,167.274,297.757,92.7985
799,cnn,baseline,jetson_emulator,40,offload,0.5,72.7436,59.438,59.438,60.1279,23.158,167.274,167.274,294.4622,92.8503
800,cnn,baseline,jetson_emulator,40,offload,0.5,73.8075,60.4646,60.4646,62.8756,23.0724,167.274,167.274,294.6164,92.7284
801,cnn,baseline,jetson_emulator,40,offload,0.5,72.0864,60.6306,60.6306,62.968,23.0587,167.274,167.274,294.7705,92.7972
802,cnn,baseline,jetson_emulator,40,offload,0.5,72.5009,59.9921,59.9921,62.1135,23.1117,167.274,167.274,294.9247,92.8426
803,cnn,baseline,jetson_emulator,40,offload,0.5,72.9817,60.8584,60.8584,62.4516,23.0398,167.274,167.274,295.0788,92.8
804,cnn,baseline,jetson_emulator,40,offload,0.5,72.7898,59.9952,59.9952,62.4194,23.1115,167.274,167.274,295.233,92.7661
805,cnn,baseline,jetson_emulator,40,local,0.5,72.453,59.6715,72.453,74.3702,22.1184,167.274,167.274,298.8487,92.8265
806,cnn,baseline,jetson_emulator,40,local,0.5,72.4913,59.8234,72.4913,73.709,22.1155,167.274,167.274,299.0047,92.8064
807,cnn,baseline,jetson_emulator,40,local,0.5,72.9046,60.7633,72.9046,73.938,22.084,167.274,167.274,299.1607,92.7705
808,cnn,baseline,jetson_emulator,40,local,0.5,73.139,60.4224,73.139,74.8644,22.0662,167.274,167.274,299.3166,92.8227
809,cnn,baseline,jetson_emulator,40,offload,0.5,72.7311,60.2489,60.2489,62.3513,23.0904,167.274,167.274,296.0038,92.8336
810,cnn,baseline,jetson_emulator,40,local,0.5,73.2174,60.1796,73.2174,74.3606,22.0602,167.274,167.274,299.6285,92.8942
811,cnn,baseline,jetson_emulator,40,offload,0.5,73.5741,61.1841,61.1841,63.0274,23.0129,167.274,167.274,296.3121,92.7768
812,cnn,baseline,jetson_emulator,40,local,0.5,73.8114,61.0128,73.8114,76.7286,22.0152,167.274,167.274,299.9405,92.7209
813,cnn,baseline,jetson_emulator,40,offload,0.5,73.175,60.4238,60.4238,62.7746,23.0758,167.274,167.274,296.6204,92.7284
814,cnn,baseline,jetson_emulator,40,local,0.5,73.5894,61.3225,73.5894,75.1114,22.032,167.274,167.274,300.2524,92.7312
815,cnn,baseline,jetson_emulator,40,offload,0.5,73.3427,61.1,61.1,62.9065,23.0198,167.274,167.274,296.9287,92.7716
816,cnn,baseline,jetson_emulator,40,local,0.5,74.5674,61.8379,74.5674,76.316,21.9583,167.274,167.274,300.5643,92.8379
817,cnn,baseline,jetson_emulator,40,offload,0.5,73.709,61.914,61.914,63.979,22.9527,167.274,167.274,297.2371,92.7555
818,cnn,baseline,jetson_emulator,40,offload,0.5,73.8693,61.2603,61.2603,63.0128,23.0066,167.274,167.274,297.3912,92.8316
819,cnn,baseline,jetson_emulator,40,offload,0.5,73.9196,61.5376,61.5376,63.8017,22.9837,167.274,167.274,297.5454,92.8371
820,cnn,baseline,jetson_emulator,40,offload,0.5,74.1881,62.3062,62.3062,64.571,22.9206,167.274,167.274,297.6995,92.8487
821,cnn,baseline,jetson_emulator,40,offload,0.5,74.4806,62.1238,62.1238,64.3324,22.9355,167.274,167.274,297.8537,92.8936
822,cnn,baseline,jetson_emulator,40,local,0.5,75.0363,61.3706,75.0363,77.1726,21.9231,167.274,167.274,301.5001,92.8016
823,cnn,baseline,jetson_emulator,40,offload,0.5,74.4276,62.8704,62.8704,64.8915,22.8744,167.274,167.274,298.162,92.7477
824,cnn,baseline,jetson_emulator,40,local,0.5,74.7094,62.3763,74.7094,76.703,21.9476,167.274,167.274,301.8121,92.8353
825,cnn,baseline,jetson_emulator,40,local,0.5,74.7758,62.3015,74.7758,77.2245,21.9426,167.274,167.274,301.968,92.7505
826,cnn,baseline,jetson_emulator,40,offload,0.5,74.8329,62.6452,62.6452,64.0611,22.8928,167.274,167.274,298.6245,92.8657
827,cnn,baseline,jetson_emulator,40,local,0.5,75.9063,62.4655,75.9063,77.659,21.858,167.274,167.274,302.28,92.7567
828,cnn,baseline,jetson_emulator,40,local,0.5,74.963,62.877,74.963,78.0723,21.9286,167.274,167.274,302.4359,92.8469
829,cnn,baseline,jetson_emulator,40,local,0.5,75.1357,62.2069,75.1357,78.032,21.9156,167.274,167.274,302.5919,92.8727
830,cnn,baseline,jetson_emulator,40,offload,0.5,75.4132,62.446,62.446,64.3397,22.9091,167.274,167.274,299.2411,92.7863
831,cnn,baseline,jetson_emulator,40,local,0.5,76.1558,62.7343,76.1558,78.4576,21.8395,167.274,167.274,302.9038,92.8285
832,cnn,baseline,jetson_emulator,40,offload,0.5,76.0599,63.1987,63.1987,65.2623,22.8477,167.274,167.274,299.5495,92.7613
833,cnn,baseline,jetson_emulator,40,local,0.5,75.9175,62.6043,75.9175,77.7346,21.8572,167.274,167.274,303.2158,92.765
834,cnn,baseline,jetson_emulator,40,offload,0.5,76.322,62.9308,62.9308,64.876,22.8695,167.274,167.274,299.8578,92.8501
835,cnn,baseline,jetson_emulator,40,offload,0.5,76.3628,62.8603,62.8603,64.4695,22.8753,167.274,167.274,300.0119,92.7506
836,cnn,baseline,jetson_emulator,40,offload,0.5,77.6665,63.6044,63.6044,65.2599,22.8147,167.274,167.274,300.1661,92.7943
837,cnn,baseline,jetson_emulator,40,local,0.5,76.4238,63.169,76.4238,78.5685,21.8196,167.274,167.274,303.8396,92.8667
838,cnn,baseline,jetson_emulator,40,local,0.5,76.9796,63.4304,76.9796,78.5995,21.7784,167.274,167.274,303.9956,92.8955
839,cnn,baseline,jetson_emulator,40,local,0.5,76.9343,63.7351,76.9343,78.0397,21.7817,167.274,167.274,304.1516,92.7192
840,cnn,baseline,jetson_emulator,40,offload,0.5,76.9577,64.8047,64.8047,66.3462,22.7177,167.274,167.274,300.7827,92.7097
841,cnn,baseline,jetson_emulator,40,offload,0.5,77.269,63.8611,63.8611,66.3703,22.7939,167.274,167.274,300.9369,92.8133
842,cnn,baseline,jetson_emulator,40,offload,0.5,77.206,63.8011,63.8011,65.9178,22.7987,167.274,167.274,301.0911,92.7587
843,cnn,baseline,jetson_emulator,40,local,0.5,77.5677,65.028,77.5677,78.889,21.735,167.274,167.274,304.7754,92.7178
844,cnn,baseline,jetson_emulator,40,local,0.5,78.1989,63.9247,78.1989,80.2516,21.6886,167.274,167.274,304.9314,92.7444
845,cnn,baseline,jetson_emulator,40,local,0.5,77.7543,64.1964,77.7543,79.8768,21.7212,167.274,167.274,305.0874,92.8816
846,cnn,baseline,jetson_emulator,40,local,0.5,77.6745,64.3053,77.6745,80.4082,21.7271,167.274,167.274,305.2433,92.825
847,cnn,baseline,jetson_emulator,40,local,0.5,78.2492,64.3342,78.2492,80.4543,21.6849,167.274,167.274,305.3993,92.7614
848,cnn,baseline,jetson_emulator,40,offload,0.5,78.5168,66.0741,66.0741,68.2171,22.616,167.274,167.274,302.016,92.8313
849,cnn,baseline,jetson_emulator,40,offload,0.5,78.333,64.5457,64.5457,65.9682,22.7386,167.274,167.274,302.1702,92.7821
850,cnn,baseline,jetson_emulator,40,local,0.5,78.9611,64.9637,78.9611,80.7071,21.6328,167.274,167.274,305.8672,92.8611
851,cnn,baseline,jetson_emulator,40,local,0.5,79.1657,65.9007,79.1657,81.4441,21.6179,167.274,167.274,306.0232,92.847
852,cnn,baseline,jetson_emulator,40,offload,0.5,78.8794,65.3882,65.3882,67.786,22.6708,167.274,167.274,302.6327,92.7392
853,cnn,baseline,jetson_emulator,40,local,0.5,78.9194,65.3296,78.9194,80.119,21.6358,167.274,167.274,306.3351,92.7084
854,cnn,baseline,jetson_emulator,40,local,0.5,79.4449,65.4668,79.4449,81.7165,21.5976,167.274,167.274,306.4911,92.742
855,cnn,baseline,jetson_emulator,40,offload,0.5,79.3363,65.4551,65.4551,67.677,22.6655,167.274,167.274,303.0951,92.7879
856,cnn,baseline,jetson_emulator,40,offload,0.5,79.5286,67.2091,67.2091,69.1093,22.5258,167.274,167.274,303.2493,92.8055
857,cnn,baseline,jetson_emulator,40,local,0.5,79.6799,66.4601,79.6799,81.9332,21.5805,167.274,167.274,306.959,92.7545
858,cnn,baseline,jetson_emulator,40,offload,0.5,79.6751,66.1243,66.1243,67.3143,22.612,167.274,167.274,303.5576,92.7303
859,cnn,baseline,jetson_emulator,40,local,0.5,80.0735,65.9393,80.0735,81.8382,21.5519,167.274,167.274,307.2709,92.7766
860,cnn,baseline,jetson_emulator,40,local,0.5,80.613,67.3516,80.613,83.2503,21.5129,167.274,167.274,307.4269,92.8157
861,cnn,baseline,jetson_emulator,40,offload,0.5,80.4082,67.8379,67.8379,70.0209,22.4762,167.274,167.274,304.0201,92.8298
862,cnn,baseline,jetson_emulator,40,local,0.5,81.5699,66.5677,81.5699,83.1512,21.4441,167.274,167.274,307.7388,92.8188
863,cnn,baseline,jetson_emulator,40,offload,0.5,80.2567,66.3202,66.3202,68.084,22.5964,167.274,167.274,304.3284,92.7668
864,cnn,baseline,jetson_emulator,40,local,0.5,80.8218,67.431,80.8218,82.5113,21.4979,167.274,167.274,308.0507,92.8243
865,cnn,baseline,jetson_emulator,40,local,0.5,81.358,67.4136,81.358,83.0186,21.4593,167.274,167.274,308.2067,92.8415
866,cnn,baseline,jetson_emulator,40,offload,0.5,81.3069,67.3015,67.3015,69.2931,22.5185,167.274,167.274,304.7909,92.766
867,cnn,baseline,jetson_emulator,40,local,0.5,81.6551,67.1759,81.6551,83.2471,21.438,167.274,167.274,308.5186,92.8463
868,cnn,baseline,jetson_emulator,40,offload,0.5,82.6902,68.3314,68.3314,69.4506,22.4374,167.274,167.274,305.0992,92.7506
869,cnn,baseline,jetson_emulator,40,local,0.5,82.0296,67.7724,82.0296,84.051,21.4112,167.274,167.274,308.8306,92.9113
870,cnn,baseline,jetson_emulator,40,offload,0.5,81.4606,67.2726,67.2726,69.5136,22.5208,167.274,167.274,305.4075,92.8627
871,cnn,baseline,jetson_emulator,40,offload,0.5,81.7015,69.1116,69.1116,71.2327,22.3763,167.274,167.274,305.5617,92.7719
872,cnn,baseline,jetson_emulator,40,local,0.5,82.7811,67.5702,82.7811,83.992,21.3576,167.274,167.274,309.2985,92.7952
873,cnn,baseline,jetson_emulator,40,local,0.5,82.2755,67.8447,82.2755,84.2475,21.3936,167.274,167.274,309.4544,92.7652
874,cnn,baseline,jetson_emulator,40,local,0.5,82.5113,68.7069,82.5113,84.6479,21.3768,167.274,167.274,309.6104,92.7993
875,cnn,baseline,jetson_emulator,40,offload,0.5,82.0745,69.2205,69.2205,71.2779,22.3678,167.274,167.274,306.1783,92.8098
876,cnn,baseline,jetson_emulator,40,offload,0.5,82.4891,68.9425,68.9425,70.7638,22.3895,167.274,167.274,306.3325,92.8822
877,cnn,baseline,jetson_emulator,40,offload,0.5,82.4133,69.6205,69.6205,71.5838,22.3366,167.274,167.274,306.4866,92.7105
878,cnn,baseline,jetson_emulator,40,local,0.5,82.6199,69.2476,82.6199,84.7202,21.3691,167.274,167.274,310.2343,92.8726
879,cnn,baseline,jetson_emulator,40,local,0.5,82.9979,68.9435,82.9979,85.5725,21.3422,167.274,167.274,310.3902,92.8337
880,cnn,baseline,jetson_emulator,40,offload,0.5,83.1124,68.7165,68.7165,70.9654,22.4072,167.274,167.274,306.9491,92.8781
881,cnn,baseline,jetson_emulator,40,local,0.5,83.0111,68.9332,83.0111,84.6647,21.3412,167.274,167.274,310.7022,92.7368
882,cnn,baseline,jetson_emulator,40,offload,0.5,82.9913,68.7931,68.7931,70.8569,22.4012,167.274,167.274,307.2574,92.779
883,cnn,baseline,jetson_emulator,40,offload,0.5,83.4139,69.4683,69.4683,71.4647,22.3485,167.274,167.274,307.4116,92.8008
884,cnn,baseline,jetson_emulator,40,offload,0.5,83.4045,69.8323,69.8323,72.1703,22.3202,167.274,167.274,307.5658,92.8404
885,cnn,baseline,jetson_emulator,40,offload,0.5,83.4851,69.0214,69.0214,70.6084,22.3833,167.274,167.274,307.7199,92.8102
886,cnn,baseline,jetson_emulator,40,local,0.5,83.5627,69.3563,83.5627,85.3467,21.3021,167.274,167.274,311.482,92.8175
887,cnn,baseline,jetson_emulator,40,local,0.5,84.4161,69.603,84.4161,86.2846,21.2419,167.274,167.274,311.638,92.7818
888,cnn,baseline,jetson_emulator,40,local,0.5,83.7755,69.4836,83.7755,85.8466,21.2871,167.274,167.274,311.7939,92.7297
889,cnn,baseline,jetson_emulator,40,local,0.5,84.2406,69.6024,84.2406,86.1977,21.2543,167.274,167.274,311.9499,92.7392
890,cnn,baseline,jetson_emulator,40,offload,0.5,84.6179,69.5656,69.5656,71.7459,22.3409,167.274,167.274,308.4907,92.863
891,cnn,baseline,jetson_emulator,40,offload,0.5,84.5859,70.4316,70.4316,71.0972,22.2737,167.274,167.274,308.6449,92.8855
892,cnn,baseline,jetson_emulator,40,offload,0.5,85.4084,69.9222,69.9222,71.7752,22.3132,167.274,167.274,308.799,92.6591
893,cnn,baseline,jetson_emulator,40,offload,0.5,85.6049,70.3135,70.3135,72.5182,22.2828,167.274,167.274,308.9532,92.8585
894,cnn,baseline,jetson_emulator,40,offload,0.5,85.2128,70.0609,70.0609,71.553,22.3024,167.274,167.274,309.1074,92.8026
895,cnn,baseline,jetson_emulator,40,local,0.5,85.0124,71.3664,85.0124,86.7482,21.2,167.274,167.274,312.8857,92.7059
896,cnn,baseline,jetson_emulator,40,offload,0.5,85.309,71.3612,71.3612,74.0297,22.202,167.274,167.274,309.4157,92.7266
897,cnn,baseline,jetson_emulator,40,offload,0.5,85.4927,70.9293,70.9293,72.6798,22.2353,167.274,167.274,309.5698,92.7577
898,cnn,baseline,jetson_emulator,40,local,0.5,85.0513,71.4793,85.0513,87.7243,21.1973,167.274,167.274,313.3536,92.828
899,cnn,baseline,jetson_emulator,40,offload,0.5,85.3395,71.0477,71.0477,73.1781,22.2261,167.274,167.274,309.8782,92.7542
900,cnn,baseline,jetson_emulator,40,local,0.5,86.6123,72.1758,86.6123,89.2427,21.0885,167.274,167.274,313.6655,92.8398
901,cnn,baseline,jetson_emulator,40,offload,0.5,85.5352,72.0503,72.0503,74.1711,22.1492,167.274,167.274,310.1865,92.872
902,cnn,baseline,jetson_emulator,40,local,0.5,86.2034,71.8297,86.2034,87.9619,21.1169,167.274,167.274,313.9774,92.802
903,cnn,baseline,jetson_emulator,40,offload,0.5,86.4282,71.5232,71.5232,73.3428,22.1896,167.274,167.274,310.4948,92.6984
904,cnn,baseline,jetson_emulator,40,offload,0.5,86.5179,71.5255,71.5255,73.0316,22.1894,167.274,167.274,310.649,92.7681
905,cnn,baseline,jetson_emulator,40,offload,0.5,86.3698,71.7942,71.7942,74.6459,22.1688,167.274,167.274,310.8031,92.8336
906,cnn,baseline,jetson_emulator,40,local,0.5,86.26,71.4604,86.26,87.7616,21.113,167.274,167.274,314.6013,92.79
907,cnn,baseline,jetson_emulator,40,offload,0.5,86.344,71.2548,71.2548,73.6417,22.2102,167.274,167.274,311.1114,92.746
908,cnn,baseline,jetson_emulator,40,offload,0.5,86.2076,71.8288,71.8288,73.7059,22.1661,167.274,167.274,311.2656,92.86
909,cnn,baseline,jetson_emulator,40,local,0.5,86.4957,72.4564,86.4957,88.3442,21.0966,167.274,167.274,315.0692,92.7511
910,cnn,baseline,jetson_emulator,40,local,0.5,86.5495,71.553,86.5495,88.9907,21.0929,167.274,167.274,315.2252,92.8044
911,cnn,baseline,jetson_emulator,40,local,0.5,86.7099,71.4411,86.7099,88.9507,21.0817,167.274,167.274,315.3811,92.812
912,cnn,baseline,jetson_emulator,40,offload,0.5,87.2119,72.549,72.549,74.9403,22.1111,167.274,167.274,311.8822,92.7333
913,cnn,baseline,jetson_emulator,40,offload,0.5,87.3057,72.3055,72.3055,74.5278,22.1297,167.274,167.274,312.0364,92.6815
914,cnn,baseline,jetson_emulator,40,offload,0.5,86.9107,72.1707,72.1707,73.8198,22.14,167.274,167.274,312.1906,92.8038
915,cnn,baseline,jetson_emulator,40,local,0.5,86.7535,72.448,86.7535,88.1745,21.0787,167.274,167.274,316.005,92.7889
916,cnn,baseline,jetson_emulator,40,offload,0.5,87.4414,71.9181,71.9181,73.9336,22.1593,167.274,167.274,312.4989,92.8748
917,cnn,baseline,jetson_emulator,40,offload,0.5,86.9196,72.5,72.5,74.8539,22.1148,167.274,167.274,312.653,92.8317
918,cnn,baseline,jetson_emulator,40,local,0.5,87.3141,72.5739,87.3141,88.9466,21.0399,167.274,167.274,316.4729,92.8009
919,cnn,baseline,jetson_emulator,40,local,0.5,87.3622,71.9105,87.3622,89.1582,21.0366,167.274,167.274,316.6289,92.8375
920,cnn,baseline,jetson_emulator,40,local,0.5,87.5728,71.9955,87.5728,89.8759,21.0221,167.274,167.274,316.7848,92.7775
921,cnn,baseline,jetson_emulator,40,local,0.5,87.4837,72.2587,87.4837,88.5345,21.0282,167.274,167.274,316.9408,92.789
922,cnn,baseline,jetson_emulator,40,local,0.5,87.6864,72.7211,87.6864,90.0235,21.0143,167.274,167.274,317.0968,92.8002
923,cnn,baseline,jetson_emulator,40,offload,0.5,87.4293,72.6107,72.6107,74.8894,22.1064,167.274,167.274,313.578,92.867
924,cnn,baseline,jetson_emulator,40,offload,0.5,87.2505,72.1525,72.1525,73.4004,22.1413,167.274,167.274,313.7322,92.7653
925,cnn,baseline,jetson_emulator,40,offload,0.5,88.3156,74.2022,74.2022,76.5985,21.9858,167.274,167.274,313.8863,92.8136
926,cnn,baseline,jetson_emulator,40,offload,0.5,87.4296,72.9633,72.9633,74.6435,22.0795,167.274,167.274,314.0405,92.7352
927,cnn,baseline,jetson_emulator,40,local,0.5,87.6522,72.7022,87.6522,89.4551,21.0166,167.274,167.274,317.8766,92.836
928,cnn,baseline,jetson_emulator,40,local,0.5,88.1839,72.4061,88.1839,90.1331,20.9801,167.274,167.274,318.0326,92.8141
929,cnn,baseline,jetson_emulator,40,local,0.5,88.8876,72.6649,88.8876,90.7136,20.9319,167.274,167.274,318.1885,92.7849
930,cnn,baseline,jetson_emulator,40,offload,0.5,87.8795,73.4589,73.4589,75.4227,22.0419,167.274,167.274,314.6571,92.7989
931,cnn,baseline,jetson_emulator,40,local,0.5,88.0853,73.3764,88.0853,90.3175,20.9868,167.274,167.274,318.5005,92.9192
932,cnn,baseline,jetson_emulator,40,local,0.5,88.1577,72.8769,88.1577,90.5462,20.9819,167.274,167.274,318.6564,92.8066
933,cnn,baseline,jetson_emulator,40,local,0.5,88.5727,74.3048,88.5727,90.2899,20.9534,167.274,167.274,318.8124,92.7491
934,cnn,baseline,jetson_emulator,40,offload,0.5,87.7926,72.9999,72.9999,75.22,22.0768,167.274,167.274,315.2738,92.7766
935,cnn,baseline,jetson_emulator,40,offload,0.5,88.5445,72.9407,72.9407,74.8197,22.0813,167.274,167.274,315.4279,92.6899
936,cnn,baseline,jetson_emulator,40,offload,0.5,87.9721,73.2659,73.2659,75.3259,22.0566,167.274,167.274,315.5821,92.9309
937,cnn,baseline,jetson_emulator,40,local,0.5,88.025,72.9173,88.025,90.2527,20.991,167.274,167.274,319.4363,92.7797
938,cnn,baseline,jetson_emulator,40,offload,0.5,88.4766,72.9914,72.9914,75.2297,22.0774,167.274,167.274,315.8904,92.7001
939,cnn,baseline,jetson_emulator,40,offload,0.5,87.9179,73.4032,73.4032,75.525,22.0461,167.274,167.274,316.0446,92.8173
940,cnn,baseline,jetson_emulator,40,local,0.5,88.7166,74.2723,88.7166,90.8675,20.9436,167.274,167.274,319.9042,92.7773
941,cnn,baseline,jetson_emulator,40,local,0.5,89.2941,74.8058,89.2941,91.8154,20.9041,167.274,167.274,320.0601,92.8506
942,cnn,baseline,jetson_emulator,40,local,0.5,88.0037,73.1199,88.0037,89.6904,20.9924,167.274,167.274,320.2161,92.7216
943,cnn,baseline,jetson_emulator,40,local,0.5,88.554,72.8124,88.554,90.7841,20.9547,167.274,167.274,320.3721,92.8059
944,cnn,baseline,jetson_emulator,40,offload,0.5,88.6849,73.2258,73.2258,75.2991,22.0596,167.274,167.274,316.8154,92.7753
945,cnn,baseline,jetson_emulator,40,offload,0.5,88.4104,72.9751,72.9751,74.7689,22.0786,167.274,167.274,316.9695,92.8397
946,cnn,baseline,jetson_emulator,40,offload,0.5,88.5647,73.3992,73.3992,75.5382,22.0464,167.274,167.274,317.1237,92.8077
947,cnn,baseline,jetson_emulator,40,local,0.5,88.5729,73.3948,88.5729,90.6646,20.9534,167.274,167.274,320.9959,92.7679
948,cnn,baseline,jetson_emulator,40,local,0.5,88.1586,75.02,88.1586,90.4898,20.9818,167.274,167.274,321.1519,92.7211
949,cnn,baseline,jetson_emulator,40,offload,0.5,88.602,73.8278,73.8278,75.1596,22.014,167.274,167.274,317.5861,92.8471
950,cnn,baseline,jetson_emulator,40,local,0.5,88.9088,73.4243,88.9088,90.9455,20.9304,167.274,167.274,321.4638,92.8445
951,cnn,baseline,jetson_emulator,40,offload,0.5,88.4296,73.0684,73.0684,74.2437,22.0715,167.274,167.274,317.8945,92.7791
952,cnn,baseline,jetson_emulator,40,offload,0.5,88.408,73.0805,73.0805,75.6,22.0706,167.274,167.274,318.0486,92.8222
953,cnn,baseline,jetson_emulator,40,offload,0.5,88.349,73.5516,73.5516,74.7723,22.0349,167.274,167.274,318.2028,92.7254
954,cnn,baseline,jetson_emulator,40,local,0.5,88.1581,73.9619,88.1581,89.9938,20.9818,167.274,167.274,322.0877,92.7559
955,cnn,baseline,jetson_emulator,40,local,0.5,88.2595,74.1619,88.2595,89.8323,20.9749,167.274,167.274,322.2437,92.7607
956,cnn,baseline,jetson_emulator,40,offload,0.5,88.1582,73.9638,73.9638,75.7219,22.0037,167.274,167.274,318.6653,92.7518
957,cnn,baseline,jetson_emulator,40,offload,0.5,88.5161,74.1385,74.1385,75.8921,21.9906,167.274,167.274,318.8194,92.7456
958,cnn,baseline,jetson_emulator,40,local,0.5,88.1797,72.9203,88.1797,89.9858,20.9804,167.274,167.274,322.7116,92.8094
959,cnn,baseline,jetson_emulator,40,offload,0.5,88.1175,73.9269,73.9269,75.0443,22.0065,167.274,167.274,319.1277,92.8386
960,cnn,baseline,jetson_emulator,40,offload,0.5,88.7307,74.477,74.477,76.0167,21.9651,167.274,167.274,319.2819,92.7434
961,cnn,baseline,jetson_emulator,40,offload,0.5,88.1642,75.1431,75.1431,77.2183,21.9151,167.274,167.274,319.4361,92.8569
962,cnn,baseline,jetson_emulator,40,offload,0.5,88.6233,73.4288,73.4288,74.894,22.0442,167.274,167.274,319.5902,92.8144
963,cnn,baseline,jetson_emulator,40,offload,0.5,88.4331,73.357,73.357,75.6174,22.0496,167.274,167.274,319.7444,92.8804
964,cnn,baseline,jetson_emulator,40,local,0.5,88.5656,73.4447,88.5656,90.4034,20.9539,167.274,167.274,323.6474,92.7562
965,cnn,baseline,jetson_emulator,40,local,0.5,88.2329,75.3347,88.2329,90.6857,20.9767,167.274,167.274,323.8033,92.8188
966,cnn,baseline,jetson_emulator,40,offload,0.5,88.5835,73.094,73.094,75.0121,22.0696,167.274,167.274,320.2069,92.8364
967,cnn,baseline,jetson_emulator,40,offload,0.5,88.2954,73.3057,73.3057,75.6173,22.0535,167.274,167.274,320.361,92.7257
968,cnn,baseline,jetson_emulator,40,offload,0.5,88.293,73.1954,73.1954,75.7891,22.0619,167.274,167.274,320.5152,92.7591
969,cnn,baseline,jetson_emulator,40,offload,0.5,88.7207,72.6939,72.6939,74.245,22.1,167.274,167.274,320.6693,92.8182
970,cnn,baseline,jetson_emulator,40,offload,0.5,88.1733,72.7158,72.7158,74.7485,22.0984,167.274,167.274,320.8235,92.696
971,cnn,baseline,jetson_emulator,40,offload,0.5,88.4415,73.1678,73.1678,75.4196,22.064,167.274,167.274,320.9777,92.8172
972,cnn,baseline,jetson_emulator,40,offload,0.5,88.1812,73.7161,73.7161,75.6101,22.0225,167.274,167.274,321.1318,92.8417
973,cnn,baseline,jetson_emulator,40,offload,0.5,88.4529,74.6236,74.6236,76.4826,21.954,167.274,167.274,321.286,92.775
974,cnn,baseline,jetson_emulator,40,offload,0.5,88.0046,74.1063,74.1063,76.8241,21.993,167.274,167.274,321.4401,92.7758
975,cnn,baseline,jetson_emulator,40,offload,0.5,88.2621,73.442,73.442,75.7551,22.0432,167.274,167.274,321.5943,92.7568
976,cnn,baseline,jetson_emulator,40,offload,0.5,88.4933,73.2149,73.2149,74.8317,22.0604,167.274,167.274,321.7485,92.806
977,cnn,baseline,jetson_emulator,40,local,0.5,87.9539,73.9172,87.9539,89.7602,20.9959,167.274,167.274,325.6749,92.8298
978,cnn,baseline,jetson_emulator,40,local,0.5,88.0343,72.8996,88.0343,89.9153,20.9903,167.274,167.274,325.8309,92.8465
979,cnn,baseline,jetson_emulator,40,local,0.5,88.3163,72.811,88.3163,90.318,20.971,167.274,167.274,325.9868,92.7643
980,cnn,baseline,jetson_emulator,40,local,0.5,88.5741,72.434,88.5741,90.1489,20.9533,167.274,167.274,326.1428,92.8139
981,cnn,baseline,jetson_emulator,40,offload,0.5,88.0127,73.1408,73.1408,74.7561,22.066,167.274,167.274,322.5193,92.8148
982,cnn,baseline,jetson_emulator,40,local,0.5,88.2134,72.6828,88.2134,90.7586,20.978,167.274,167.274,326.4547,92.8176
983,cnn,baseline,jetson_emulator,40,offload,0.5,88.4864,73.2777,73.2777,76.1771,22.0557,167.274,167.274,322.8276,92.8113
984,cnn,baseline,jetson_emulator,40,offload,0.5,87.9238,72.3082,72.3082,74.2585,22.1295,167.274,167.274,322.9817,92.7827
985,cnn,baseline,jetson_emulator,40,offload,0.5,87.5932,73.1558,73.1558,74.7317,22.0649,167.274,167.274,323.1359,92.7916
986,cnn,baseline,jetson_emulator,40,offload,0.5,87.6674,72.4227,72.4227,74.1184,22.1207,167.274,167.274,323.2901,92.8325
987,cnn,baseline,jetson_emulator,40,offload,0.5,88.2221,72.8249,72.8249,74.6264,22.0901,167.274,167.274,323.4442,92.8524
988,cnn,baseline,jetson_emulator,40,local,0.5,87.858,72.343,87.858,90.0784,21.0025,167.274,167.274,327.3905,92.8475
989,cnn,baseline,jetson_emulator,40,local,0.5,88.3004,72.3237,88.3004,90.1114,20.9721,167.274,167.274,327.5465,92.7668
990,cnn,baseline,jetson_emulator,40,offload,0.5,87.9835,72.3343,72.3343,74.1087,22.1275,167.274,167.274,323.9067,92.765
991,cnn,baseline,jetson_emulator,40,offload,0.5,87.3536,72.5436,72.5436,75.5428,22.1115,167.274,167.274,324.0609,92.7367
992,cnn,baseline,jetson_emulator,40,offload,0.5,87.1457,73.2662,73.2662,74.729,22.0565,167.274,167.274,324.215,92.7609
993,cnn,baseline,jetson_emulator,40,local,0.5,87.1856,74.5217,87.1856,88.773,21.0488,167.274,167.274,328.1704,92.7881
994,cnn,baseline,jetson_emulator,40,local,0.5,87.0767,73.3889,87.0767,89.4959,21.0563,167.274,167.274,328.3263,92.7165
995,cnn,baseline,jetson_emulator,40,local,0.5,87.2593,72.1947,87.2593,89.4471,21.0437,167.274,167.274,328.4823,92.8286
996,cnn,baseline,jetson_emulator,40,offload,0.5,87.7326,72.38,72.38,74.6191,22.124,167.274,167.274,324.8317,92.7716
997,cnn,baseline,jetson_emulator,40,local,0.5,87.8434,71.922,87.8434,90.4337,21.0035,167.274,167.274,328.7942,92.7508
998,cnn,baseline,jetson_emulator,40,local,0.5,87.1532,72.3338,87.1532,88.962,21.0511,167.274,167.274,328.9502,92.8276
999,cnn,baseline,jetson_emulator,40,offload,0.5,87.1222,72.3965,72.3965,74.7954,22.1227,167.274,167.274,325.2941,92.8579
1000,cnn,baseline,jetson_emulator,40,local,0.5,86.8077,71.8132,86.8077,88.823,21.075,167.274,167.274,329.2621,92.7508
1001,cnn,baseline,jetson_emulator,40,offload,0.5,87.5791,72.9029,72.9029,75.7181,22.0841,167.274,167.274,325.6025,92.7167
1002,cnn,baseline,jetson_emulator,40,local,0.5,87.261,72.5798,87.261,88.8464,21.0436,167.274,167.274,329.5741,92.8124
1003,cnn,baseline,jetson_emulator,40,local,0.5,86.8792,72.0525,86.8792,88.4869,21.07,167.274,167.274,329.73,92.7518
1004,cnn,baseline,jetson_emulator,40,offload,0.5,86.5889,71.5967,71.5967,73.2544,22.1839,167.274,167.274,326.0649,92.863
1005,cnn,baseline,jetson_emulator,40,offload,0.5,86.8856,71.882,71.882,74.2266,22.162,167.274,167.274,326.2191,92.7815
1006,cnn,baseline,jetson_emulator,40,local,0.5,87.1162,71.532,87.1162,88.8944,21.0536,167.274,167.274,330.1979,92.8552
1007,cnn,baseline,jetson_emulator,40,offload,0.5,86.5335,72.0583,72.0583,74.1346,22.1486,167.274,167.274,326.5274,92.6644
1008,cnn,baseline,jetson_emulator,40,local,0.5,87.1034,72.2163,87.1034,89.2924,21.0545,167.274,167.274,330.5099,92.8897
1009,cnn,baseline,jetson_emulator,40,offload,0.5,86.6951,72.7342,72.7342,74.9173,22.097,167.274,167.274,326.8357,92.7574
1010,cnn,baseline,jetson_emulator,40,local,0.5,86.7308,72.0154,86.7308,88.8904,21.0803,167.274,167.274,330.8218,92.7882
1011,cnn,baseline,jetson_emulator,40,offload,0.5,86.3836,71.5719,71.5719,72.8785,22.1858,167.274,167.274,327.1441,92.8168
1012,cnn,baseline,jetson_emulator,40,offload,0.5,86.7486,74.3453,74.3453,76.0866,21.975,167.274,167.274,327.2982,92.842
1013,cnn,baseline,jetson_emulator,40,offload,0.5,86.5048,72.6571,72.6571,74.5757,22.1028,167.274,167.274,327.4524,92.8678
1014,cnn,baseline,jetson_emulator,40,offload,0.5,86.2675,72.3923,72.3923,73.673,22.123,167.274,167.274,327.6065,92.7095
1015,cnn,baseline,jetson_emulator,40,local,0.5,86.2289,71.9615,86.2289,88.3572,21.1151,167.274,167.274,331.6016,92.8884
1016,cnn,baseline,jetson_emulator,40,offload,0.5,86.9693,72.0515,72.0515,73.9379,22.1491,167.274,167.274,327.9148,92.78
1017,cnn,baseline,jetson_emulator,40,local,0.5,86.1442,71.7298,86.1442,87.2305,21.121,167.274,167.274,331.9136,92.7998
1018,cnn,baseline,jetson_emulator,40,local,0.5,86.6027,71.2163,86.6027,88.1232,21.0892,167.274,167.274,332.0695,92.7967
1019,cnn,baseline,jetson_emulator,40,offload,0.5,86.5054,71.2785,71.2785,73.3275,22.2084,167.274,167.274,328.3773,92.7333
1020,cnn,baseline,jetson_emulator,40,local,0.5,86.3131,72.2706,86.3131,88.2965,21.1093,167.274,167.274,332.3815,92.7987
1021,cnn,baseline,jetson_emulator,40,offload,0.5,86.4439,73.4599,73.4599,74.5616,22.0419,167.274,167.274,328.6856,92.7787
1022,cnn,baseline,jetson_emulator,40,local,0.5,86.4205,71.6205,86.4205,87.128,21.1018,167.274,167.274,332.6934,92.6946
1023,cnn,baseline,jetson_emulator,40,local,0.5,86.0489,71.5347,86.0489,88.3568,21.1276,167.274,167.274,332.8494,92.7571
1024,cnn,baseline,jetson_emulator,40,offload,0.5,86.1773,71.4602,71.4602,72.6409,22.1944,167.274,167.274,329.1481,92.844
1025,cnn,baseline,jetson_emulator,40,offload,0.5,86.1774,71.8225,71.8225,73.1472,22.1666,167.274,167.274,329.3023,92.8076
1026,cnn,baseline,jetson_emulator,40,local,0.5,86.0387,71.6337,86.0387,89.0348,21.1283,167.274,167.274,333.3173,92.8455
1027,cnn,baseline,jetson_emulator,40,local,0.5,86.4862,71.8324,86.4862,88.256,21.0972,167.274,167.274,333.4732,92.7316
1028,cnn,baseline,jetson_emulator,40,local,0.5,86.0168,71.1893,86.0168,88.0114,21.1299,167.274,167.274,333.6292,92.7958
1029,cnn,baseline,jetson_emulator,40,offload,0.5,86.351,71.2182,71.2182,73.2008,22.213,167.274,167.274,329.9189,92.8283
1030,cnn,baseline,jetson_emulator,40,local,0.5,85.9201,70.865,85.9201,87.625,21.1366,167.274,167.274,333.9411,92.7898
1031,cnn,baseline,jetson_emulator,40,local,0.5,85.8625,71.2425,85.8625,87.734,21.1406,167.274,167.274,334.0971,92.8773
1032,cnn,baseline,jetson_emulator,40,offload,0.5,85.712,72.2305,72.2305,74.1896,22.1354,167.274,167.274,330.3814,92.8703
1033,cnn,baseline,jetson_emulator,40,local,0.5,86.3507,70.8892,86.3507,87.9352,21.1067,167.274,167.274,334.409,92.7476
1034,cnn,baseline,jetson_emulator,40,local,0.5,85.697,72.2324,85.697,87.7394,21.1522,167.274,167.274,334.565,92.7586
1035,cnn,baseline,jetson_emulator,40,local,0.5,86.6006,70.8837,86.6006,88.0109,21.0893,167.274,167.274,334.721,92.8273
1036,cnn,baseline,jetson_emulator,40,offload,0.5,86.2113,70.7662,70.7662,72.4226,22.2478,167.274,167.274,330.998,92.846
1037,cnn,baseline,jetson_emulator,40,local,0.5,86.2927,71.063,86.2927,87.7393,21.1107,167.274,167.274,335.0329,92.8528
1038,cnn,baseline,jetson_emulator,40,offload,0.5,85.8047,70.9649,70.9649,73.2175,22.2325,167.274,167.274,331.3064,92.7172
1039,cnn,baseline,jetson_emulator,40,local,0.5,85.9426,71.5085,85.9426,87.94,21.135,167.274,167.274,335.3448,92.9046
1040,cnn,baseline,jetson_emulator,40,local,0.5,85.4816,71.3373,85.4816,87.5035,21.1672,167.274,167.274,335.5008,92.8041
1041,cnn,baseline,jetson_emulator,40,local,0.5,85.6277,71.1731,85.6277,87.8394,21.157,167.274,167.274,335.6568,92.7955
1042,cnn,baseline,jetson_emulator,40,local,0.5,85.5445,71.1673,85.5445,87.4022,21.1628,167.274,167.274,335.8127,92.7197
1043,cnn,baseline,jetson_emulator,40,offload,0.5,86.0903,70.8736,70.8736,72.9047,22.2395,167.274,167.274,332.0772,92.6611
1044,cnn,baseline,jetson_emulator,40,local,0.5,85.6692,71.2115,85.6692,87.0664,21.1541,167.274,167.274,336.1247,92.7683
1045,cnn,baseline,jetson_emulator,40,local,0.5,85.7589,71.1251,85.7589,88.137,21.1478,167.274,167.274,336.2806,92.8782
1046,cnn,baseline,jetson_emulator,40,offload,0.5,85.5556,71.422,71.422,73.7548,22.1973,167.274,167.274,332.5396,92.833
1047,cnn,baseline,jetson_emulator,40,offload,0.5,85.9143,71.7042,71.7042,73.1228,22.1757,167.274,167.274,332.6938,92.7559
1048,cnn,baseline,jetson_emulator,40,offload,0.5,85.9313,71.097,71.097,72.2861,22.2223,167.274,167.274,332.848,92.8467
1049,cnn,baseline,jetson_emulator,40,offload,0.5,85.6363,71.9998,71.9998,73.0181,22.153,167.274,167.274,333.0021,92.7504
1050,cnn,baseline,jetson_emulator,40,local,0.5,85.5888,70.8597,85.5888,87.2419,21.1597,167.274,167.274,337.0605,92.7999
1051,cnn,baseline,jetson_emulator,40,local,0.5,85.4397,71.1038,85.4397,88.0195,21.1701,167.274,167.274,337.2164,92.8949
1052,cnn,baseline,jetson_emulator,40,offload,0.5,86.5599,70.7822,70.7822,72.0917,22.2466,167.274,167.274,333.4646,92.7978
1053,cnn,baseline,jetson_emulator,40,local,0.5,85.5526,72.72,85.5526,87.5662,21.1622,167.274,167.274,337.5284,92.8794
1054,cnn,baseline,jetson_emulator,40,local,0.5,85.9826,71.553,85.9826,87.384,21.1323,167.274,167.274,337.6843,92.721
1055,cnn,baseline,jetson_emulator,40,local,0.5,85.6782,72.1387,85.6782,87.3419,21.1535,167.274,167.274,337.8403,92.8237
1056,cnn,baseline,jetson_emulator,40,offload,0.5,85.7083,70.8689,70.8689,72.5049,22.2399,167.274,167.274,334.0812,92.7515
1057,cnn,baseline,jetson_emulator,40,local,0.5,85.5232,71.7362,85.5232,87.0393,21.1643,167.274,167.274,338.1522,92.9198
1058,cnn,baseline,jetson_emulator,40,local,0.5,86.9266,71.1091,86.9266,88.8823,21.0667,167.274,167.274,338.3082,92.8476
1059,cnn,baseline,jetson_emulator,40,local,0.5,85.8682,71.2425,85.8682,87.7059,21.1402,167.274,167.274,338.4642,92.6976
1060,cnn,baseline,jetson_emulator,40,offload,0.5,86.0753,70.9482,70.9482,73.0231,22.2338,167.274,167.274,334.6979,92.7342
1061,cnn,baseline,jetson_emulator,40,offload,0.5,86.267,71.2926,71.2926,72.8929,22.2073,167.274,167.274,334.852,92.8342
1062,cnn,baseline,jetson_emulator,40,local,0.5,85.9831,70.8789,85.9831,87.1946,21.1322,167.274,167.274,338.9321,92.7728
1063,cnn,baseline,jetson_emulator,40,offload,0.5,85.6824,71.111,71.111,72.8241,22.2213,167.274,167.274,335.1604,92.7928
1064,cnn,baseline,jetson_emulator,40,offload,0.5,85.8179,70.9114,70.9114,73.3682,22.2366,167.274,167.274,335.3145,92.7551
1065,cnn,baseline,jetson_emulator,40,local,0.5,85.9448,71.0369,85.9448,87.8522,21.1349,167.274,167.274,339.3999,92.7943
1066,cnn,baseline,jetson_emulator,40,local,0.5,85.8606,71.4431,85.8606,87.836,21.1408,167.274,167.274,339.5559,92.7722
1067,cnn,baseline,jetson_emulator,40,offload,0.5,85.9228,70.983,70.983,73.2709,22.2311,167.274,167.274,335.777,92.7521
1068,cnn,baseline,jetson_emulator,40,local,0.5,86.2885,72.0963,86.2885,88.8746,21.111,167.274,167.274,339.8678,92.7482
1069,cnn,baseline,jetson_emulator,40,offload,0.5,86.1471,71.5798,71.5798,73.6038,22.1852,167.274,167.274,336.0853,92.7802
1070,cnn,baseline,jetson_emulator,40,offload,0.5,86.1968,71.1989,71.1989,73.0153,22.2145,167.274,167.274,336.2395,92.7456
1071,cnn,baseline,jetson_emulator,40,local,0.5,87.2866,71.4802,87.2866,88.8513,21.0418,167.274,167.274,340.3357,92.7763
1072,cnn,baseline,jetson_emulator,40,offload,0.5,85.9974,71.213,71.213,73.1025,22.2134,167.274,167.274,336.5478,92.8312
1073,cnn,baseline,jetson_emulator,40,local,0.5,86.5835,71.4923,86.5835,88.8652,21.0905,167.274,167.274,340.6477,92.8589
1074,cnn,baseline,jetson_emulator,40,offload,0.5,86.6628,71.4386,71.4386,73.3092,22.1961,167.274,167.274,336.8561,92.7315
1075,cnn,baseline,jetson_emulator,40,offload,0.5,86.7379,71.5886,71.5886,73.0823,22.1845,167.274,167.274,337.0103,92.7665
1076,cnn,baseline,jetson_emulator,40,offload,0.5,86.5059,71.55,71.55,73.7772,22.1875,167.274,167.274,337.1644,92.6978
1077,cnn,baseline,jetson_emulator,40,offload,0.5,86.216,71.4577,71.4577,73.3893,22.1946,167.274,167.274,337.3186,92.7467
1078,cnn,baseline,jetson_emulator,40,local,0.5,86.5745,71.772,86.5745,89.1477,21.0911,167.274,167.274,341.4275,92.8196
1079,cnn,baseline,jetson_emulator,40,offload,0.5,86.629,71.4116,71.4116,73.9772,22.1981,167.274,167.274,337.6269,92.8443
1080,cnn,baseline,jetson_emulator,40,offload,0.5,86.4185,72.3159,72.3159,73.5773,22.1289,167.274,167.274,337.7811,92.816
1081,cnn,baseline,jetson_emulator,40,offload,0.5,87.2637,72.0308,72.0308,74.0409,22.1507,167.274,167.274,337.9352,92.8085
1082,cnn,baseline,jetson_emulator,40,offload,0.5,87.0324,71.9031,71.9031,73.4317,22.1604,167.274,167.274,338.0894,92.7394
1083,cnn,baseline,jetson_emulator,40,offload,0.5,86.6799,71.9107,71.9107,72.9968,22.1598,167.274,167.274,338.2436,92.8699
1084,cnn,baseline,jetson_emulator,40,local,0.5,87.4474,71.7963,87.4474,89.0459,21.0307,167.274,167.274,342.3633,92.7195
1085,cnn,baseline,jetson_emulator,40,local,0.5,87.1662,72.3063,87.1662,89.8655,21.0502,167.274,167.274,342.5193,92.815
1086,cnn,baseline,jetson_emulator,40,offload,0.5,86.8794,72.3045,72.3045,74.5444,22.1297,167.274,167.274,338.706,92.6906
1087,cnn,baseline,jetson_emulator,40,local,0.5,88.207,71.9071,88.207,90.4829,20.9785,167.274,167.274,342.8312,92.845
1088,cnn,baseline,jetson_emulator,40,local,0.5,87.2699,72.2887,87.2699,88.5358,21.043,167.274,167.274,342.9872,92.8663
1089,cnn,baseline,jetson_emulator,40,offload,0.5,87.2981,71.9277,71.9277,73.576,22.1585,167.274,167.274,339.1685,92.9102
1090,cnn,baseline,jetson_emulator,40,offload,0.5,87.0755,73.2111,73.2111,74.7885,22.0607,167.274,167.274,339.3227,92.8196
1091,cnn,baseline,jetson_emulator,40,offload,0.5,87.2763,72.4241,72.4241,74.2991,22.1206,167.274,167.274,339.4768,92.7675
1092,cnn,baseline,jetson_emulator,40,local,0.5,87.8614,72.7856,87.8614,89.8992,21.0022,167.274,167.274,343.611,92.7494
1093,cnn,baseline,jetson_emulator,40,offload,0.5,88.2409,73.0159,73.0159,74.6233,22.0755,167.274,167.274,339.7851,92.9016
1094,cnn,baseline,jetson_emulator,40,local,0.5,87.5948,72.4299,87.5948,89.5032,21.0206,167.274,167.274,343.923,92.7247
1095,cnn,baseline,jetson_emulator,40,offload,0.5,88.0071,73.283,73.283,75.0466,22.0553,167.274,167.274,340.0935,92.7213
1096,cnn,baseline,jetson_emulator,40,offload,0.5,87.7716,72.472,72.472,75.0118,22.117,167.274,167.274,340.2476,92.8139
1097,cnn,baseline,jetson_emulator,40,offload,0.5,87.6893,72.6812,72.6812,75.014,22.101,167.274,167.274,340.4018,92.7748
1098,cnn,baseline,jetson_emulator,40,offload,0.5,87.829,72.9172,72.9172,74.8651,22.083,167.274,167.274,340.5559,92.6967
1099,cnn,baseline,jetson_emulator,40,local,0.5,88.3668,72.5869,88.3668,90.2859,20.9675,167.274,167.274,344.7028,92.8847
1100,cnn,baseline,jetson_emulator,40,local,0.5,88.9047,73.3565,88.9047,90.8611,20.9307,167.274,167.274,344.8588,92.7212
1101,cnn,baseline,jetson_emulator,40,local,0.5,88.5569,72.7123,88.5569,90.083,20.9545,167.274,167.274,345.0147,92.8238
1102,cnn,baseline,jetson_emulator,40,offload,0.5,88.0829,73.6892,73.6892,75.7602,22.0245,167.274,167.274,341.1726,92.8053
1103,cnn,baseline,jetson_emulator,40,local,0.5,88.5089,73.5548,88.5089,89.8649,20.9578,167.274,167.274,345.3267,92.7829
1104,cnn,baseline,jetson_emulator,40,offload,0.5,88.6641,72.9653,72.9653,74.5587,22.0794,167.274,167.274,341.4809,92.8361
1105,cnn,baseline,jetson_emulator,40,local,0.5,88.5953,73.5462,88.5953,90.5936,20.9519,167.274,167.274,345.6386,92.7443
1106,cnn,baseline,jetson_emulator,40,local,0.5,88.8746,73.4269,88.8746,90.4105,20.9328,167.274,167.274,345.7946,92.8599
1107,cnn,baseline,jetson_emulator,40,local,0.5,89.3118,73.4917,89.3118,91.4292,20.9029,167.274,167.274,345.9505,92.7737
1108,cnn,baseline,jetson_emulator,40,local,0.5,88.9927,73.9711,88.9927,91.7545,20.9247,167.274,167.274,346.1065,92.7938
1109,cnn,baseline,jetson_emulator,40,offload,0.5,88.9614,74.1978,74.1978,76.3527,21.9861,167.274,167.274,342.2517,92.8214
1110,cnn,baseline,jetson_emulator,40,local,0.5,89.0078,73.5502,89.0078,90.3409,20.9237,167.274,167.274,346.4184,92.6978
1111,cnn,baseline,jetson_emulator,40,local,0.5,89.1683,74.1083,89.1683,91.3557,20.9127,167.274,167.274,346.5744,92.9093
1112,cnn,baseline,jetson_emulator,40,offload,0.5,89.4336,73.9442,73.9442,75.9005,22.0052,167.274,167.274,342.7142,92.8818
1113,cnn,baseline,jetson_emulator,40,offload,0.5,89.5612,74.5287,74.5287,76.2227,21.9612,167.274,167.274,342.8683,92.7367
1114,cnn,baseline,jetson_emulator,40,local,0.5,89.9809,74.6934,89.9809,91.9069,20.8574,167.274,167.274,347.0423,92.7733
1115,cnn,baseline,jetson_emulator,40,local,0.5,90.4521,73.918,90.4521,91.6626,20.8255,167.274,167.274,347.1983,92.8063
1116,cnn,baseline,jetson_emulator,40,offload,0.5,89.8619,75.4137,75.4137,77.2451,21.8948,167.274,167.274,343.3308,92.7633
1117,cnn,baseline,jetson_emulator,40,offload,0.5,90.3062,74.4493,74.4493,76.4,21.9671,167.274,167.274,343.485,92.7583
1118,cnn,baseline,jetson_emulator,40,offload,0.5,89.9946,74.1416,74.1416,75.9497,21.9903,167.274,167.274,343.6391,92.884
1119,cnn,baseline,jetson_emulator,40,offload,0.5,90.3285,75.215,75.215,76.7451,21.9097,167.274,167.274,343.7933,92.7652
1120,cnn,baseline,jetson_emulator,40,local,0.5,91.4171,75.4174,91.4171,93.6088,20.7605,167.274,167.274,347.9781,92.8003
1121,cnn,baseline,jetson_emulator,40,local,0.5,90.5214,74.3507,90.5214,91.4015,20.8208,167.274,167.274,348.1341,92.7664
1122,cnn,baseline,jetson_emulator,40,local,0.5,90.2466,74.9485,90.2466,92.589,20.8394,167.274,167.274,348.29,92.8324
1123,cnn,baseline,jetson_emulator,40,offload,0.5,90.962,75.1119,75.1119,76.8243,21.9174,167.274,167.274,344.4099,92.7934
1124,cnn,baseline,jetson_emulator,40,offload,0.5,90.6837,74.8788,74.8788,77.2204,21.9349,167.274,167.274,344.5641,92.8202
1125,cnn,baseline,jetson_emulator,40,offload,0.5,91.1339,75.158,75.158,77.3179,21.9139,167.274,167.274,344.7183,92.7486
1126,cnn,baseline,jetson_emulator,40,offload,0.5,91.5719,75.6862,75.6862,77.8833,21.8745,167.274,167.274,344.8724,92.7879
1127,cnn,baseline,jetson_emulator,40,local,0.5,90.6662,74.9893,90.6662,92.5788,20.8111,167.274,167.274,349.0699,92.7933
1128,cnn,baseline,jetson_emulator,40,offload,0.5,91.2994,76.3662,76.3662,78.823,21.8238,167.274,167.274,345.1807,92.7943
1129,cnn,baseline,jetson_emulator,40,local,0.5,91.0462,75.1996,91.0462,92.1193,20.7854,167.274,167.274,349.3818,92.7754
1130,cnn,baseline,jetson_emulator,40,offload,0.5,91.1547,75.4141,75.4141,77.0913,21.8948,167.274,167.274,345.4891,92.9037
1131,cnn,baseline,jetson_emulator,40,local,0.5,91.1367,75.3889,91.1367,92.7326,20.7793,167.274,167.274,349.6937,92.7972
1132,cnn,baseline,jetson_emulator,40,local,0.5,91.2312,75.9588,91.2312,92.7691,20.773,167.274,167.274,349.8497,92.7514
1133,cnn,baseline,jetson_emulator,40,local,0.5,91.7994,75.716,91.7994,94.3088,20.7348,167.274,167.274,350.0057,92.8465
1134,cnn,baseline,jetson_emulator,40,offload,0.5,92.0,76.7648,76.7648,77.972,21.7943,167.274,167.274,346.1057,92.8408
1135,cnn,baseline,jetson_emulator,40,local,0.5,91.8034,76.2915,91.8034,94.259,20.7345,167.274,167.274,350.3176,92.7911
1136,cnn,baseline,jetson_emulator,40,offload,0.5,91.9957,75.7493,75.7493,77.5918,21.8698,167.274,167.274,346.414,92.7715
1137,cnn,baseline,jetson_emulator,40,local,0.5,92.5972,76.4535,92.5972,94.1631,20.6815,167.274,167.274,350.6295,92.8712
1138,cnn,baseline,jetson_emulator,40,offload,0.5,92.2579,76.5157,76.5157,77.9116,21.8127,167.274,167.274,346.7223,92.766
1139,cnn,baseline,jetson_emulator,40,local,0.5,92.0564,76.9564,92.0564,93.4246,20.7176,167.274,167.274,350.9415,92.7301
1140,cnn,baseline,jetson_emulator,40,offload,0.5,93.5983,77.3763,77.3763,78.8209,21.7491,167.274,167.274,347.0307,92.6736
1141,cnn,baseline,jetson_emulator,40,local,0.5,93.4091,76.5928,93.4091,94.9743,20.6274,167.274,167.274,351.2534,92.7618
1142,cnn,baseline,jetson_emulator,40,offload,0.5,92.4503,76.7911,76.7911,78.5196,21.7923,167.274,167.274,347.339,92.8502
1143,cnn,baseline,jetson_emulator,40,offload,0.5,92.5115,76.9601,76.9601,78.9006,21.7798,167.274,167.274,347.4931,92.7072
1144,cnn,baseline,jetson_emulator,40,local,0.5,92.8303,76.4946,92.8303,94.3533,20.6659,167.274,167.274,351.7213,92.8248
1145,cnn,baseline,jetson_emulator,40,offload,0.5,92.8831,77.2717,77.2717,78.7567,21.7568,167.274,167.274,347.8015,92.8319
1146,cnn,baseline,jetson_emulator,40,offload,0.5,93.1895,77.6116,77.6116,79.8531,21.7317,167.274,167.274,347.9556,92.7185
1147,cnn,baseline,jetson_emulator,40,offload,0.5,93.5475,77.2631,77.2631,78.4867,21.7574,167.274,167.274,348.1098,92.8975
1148,cnn,baseline,jetson_emulator,40,local,0.5,93.3472,77.3536,93.3472,95.6435,20.6316,167.274,167.274,352.3452,92.7636
1149,cnn,baseline,jetson_emulator,40,offload,0.5,92.929,77.4237,77.4237,79.2355,21.7456,167.274,167.274,348.4181,92.873
1150,cnn,baseline,jetson_emulator,40,local,0.5,93.214,77.7031,93.214,95.3035,20.6404,167.274,167.274,352.6571,92.7697
1151,cnn,baseline,jetson_emulator,40,offload,0.5,93.697,77.7029,77.7029,79.6628,21.725,167.274,167.274,348.7264,92.895
1152,cnn,baseline,jetson_emulator,40,local,0.5,93.9126,77.104,93.9126,96.4043,20.5941,167.274,167.274,352.969,92.7554
1153,cnn,baseline,jetson_emulator,40,local,0.5,93.7442,78.1289,93.7442,95.6925,20.6052,167.274,167.274,353.125,92.8036
1154,cnn,baseline,jetson_emulator,40,offload,0.5,94.5903,77.8061,77.8061,79.2435,21.7174,167.274,167.274,349.1889,92.783
1155,cnn,baseline,jetson_emulator,40,offload,0.5,94.0445,78.6674,78.6674,80.6603,21.6543,167.274,167.274,349.3431,92.8636
1156,cnn,baseline,jetson_emulator,40,offload,0.5,94.4987,77.4266,77.4266,79.0228,21.7454,167.274,167.274,349.4972,92.7973
1157,cnn,baseline,jetson_emulator,40,offload,0.5,93.779,78.6599,78.6599,81.2615,21.6548,167.274,167.274,349.6514,92.8191
1158,cnn,baseline,jetson_emulator,40,offload,0.5,94.3033,77.6961,77.6961,79.4654,21.7255,167.274,167.274,349.8055,92.7302
1159,cnn,baseline,jetson_emulator,40,local,0.5,94.4844,78.727,94.4844,97.1427,20.5563,167.274,167.274,354.0608,92.8302
1160,cnn,baseline,jetson_emulator,40,offload,0.5,94.3958,78.6369,78.6369,80.0471,21.6565,167.274,167.274,350.1138,92.7966
1161,cnn,baseline,jetson_emulator,40,local,0.5,94.3144,78.403,94.3144,96.4652,20.5675,167.274,167.274,354.3727,92.8334
1162,cnn,baseline,jetson_emulator,40,offload,0.5,94.4191,79.3577,79.3577,81.2983,21.6039,167.274,167.274,350.4222,92.7109
1163,cnn,baseline,jetson_emulator,40,offload,0.5,94.4395,79.2828,79.2828,80.5775,21.6093,167.274,167.274,350.5763,92.8704
1164,cnn,baseline,jetson_emulator,40,offload,0.5,95.1984,78.1355,78.1355,79.5975,21.6932,167.274,167.274,350.7305,92.8269
1165,cnn,baseline,jetson_emulator,40,local,0.5,94.6102,78.8169,94.6102,96.6762,20.5481,167.274,167.274,354.9966,92.7558
1166,cnn,baseline,jetson_emulator,40,offload,0.5,94.8409,79.0936,79.0936,80.629,21.6231,167.274,167.274,351.0388,92.7927
1167,cnn,baseline,jetson_emulator,40,offload,0.5,94.6693,79.5578,79.5578,81.3903,21.5893,167.274,167.274,351.193,92.6862
1168,cnn,baseline,jetson_emulator,40,local,0.5,94.9302,78.339,94.9302,97.4057,20.527,167.274,167.274,355.4645,92.7517
1169,cnn,baseline,jetson_emulator,40,local,0.5,95.4996,78.3782,95.4996,97.2492,20.4897,167.274,167.274,355.6204,92.8178
1170,cnn,baseline,jetson_emulator,40,local,0.5,94.886,78.6475,94.886,96.8742,20.5299,167.274,167.274,355.7764,92.7508
1171,cnn,baseline,jetson_emulator,40,offload,0.5,95.0223,78.8703,78.8703,81.3879,21.6394,167.274,167.274,351.8096,92.7658
1172,cnn,baseline,jetson_emulator,40,local,0.5,95.564,79.1093,95.564,97.0045,20.4854,167.274,167.274,356.0883,92.7817
1173,cnn,baseline,jetson_emulator,40,offload,0.5,95.929,78.9472,78.9472,80.6468,21.6338,167.274,167.274,352.1179,92.8709
1174,cnn,baseline,jetson_emulator,40,local,0.5,95.1397,79.6306,95.1397,96.7344,20.5133,167.274,167.274,356.4003,92.8468
1175,cnn,baseline,jetson_emulator,40,offload,0.5,95.6402,79.3564,79.3564,81.2915,21.604,167.274,167.274,352.4262,92.8004
1176,cnn,baseline,jetson_emulator,40,local,0.5,95.5996,79.1743,95.5996,97.2162,20.4831,167.274,167.274,356.7122,92.8332
1177,cnn,baseline,jetson_emulator,40,local,0.5,95.8214,79.1134,95.8214,97.7233,20.4686,167.274,167.274,356.8682,92.7172
1178,cnn,baseline,jetson_emulator,40,local,0.5,95.7595,79.9651,95.7595,97.4585,20.4727,167.274,167.274,357.0241,92.8166
1179,cnn,baseline,jetson_emulator,40,local,0.5,95.8138,79.6437,95.8138,98.3106,20.4691,167.274,167.274,357.1801,92.7911
1180,cnn,baseline,jetson_emulator,40,offload,0.5,96.5531,79.5579,79.5579,81.5113,21.5893,167.274,167.274,353.197,92.7621
1181,cnn,baseline,jetson_emulator,40,local,0.5,96.0273,80.6975,96.0273,98.1264,20.4552,167.274,167.274,357.492,92.7609
1182,cnn,baseline,jetson_emulator,40,offload,0.5,95.6592,79.5437,79.5437,81.622,21.5904,167.274,167.274,353.5054,92.7118
1183,cnn,baseline,jetson_emulator,40,offload,0.5,95.7236,79.9186,79.9186,81.2264,21.5632,167.274,167.274,353.6595,92.7946
1184,cnn,baseline,jetson_emulator,40,offload,0.5,95.718,80.1292,80.1292,82.7264,21.5479,167.274,167.274,353.8137,92.7916
1185,cnn,baseline,jetson_emulator,40,local,0.5,95.8612,80.0752,95.8612,97.8616,20.466,167.274,167.274,358.1159,92.8242
1186,cnn,baseline,jetson_emulator,40,offload,0.5,96.1143,80.2261,80.2261,82.5858,21.5409,167.274,167.274,354.122,92.7973
1187,cnn,baseline,jetson_emulator,40,offload,0.5,95.8261,79.3244,79.3244,80.7451,21.6063,167.274,167.274,354.2762,92.7824
1188,cnn,baseline,jetson_emulator,40,offload,0.5,95.8677,79.3368,79.3368,80.641,21.6054,167.274,167.274,354.4303,92.809
1189,cnn,baseline,jetson_emulator,40,local,0.5,96.0332,80.0568,96.0332,98.8072,20.4548,167.274,167.274,358.7398,92.7848
1190,cnn,baseline,jetson_emulator,40,offload,0.5,96.0556,79.8185,79.8185,81.2088,21.5704,167.274,167.274,354.7386,92.7797
1191,cnn,baseline,jetson_emulator,40,offload,0.5,96.6401,81.0094,81.0094,83.0375,21.4843,167.274,167.274,354.8928,92.8059
1192,cnn,baseline,jetson_emulator,40,offload,0.5,96.5041,80.133,80.133,82.5011,21.5476,167.274,167.274,355.047,92.8003
1193,cnn,baseline,jetson_emulator,40,local,0.5,96.7685,79.9188,96.7685,98.9761,20.4069,167.274,167.274,359.3636,92.8004
1194,cnn,baseline,jetson_emulator,40,offload,0.5,97.0745,79.6077,79.6077,81.2853,21.5857,167.274,167.274,355.3553,92.8523
1195,cnn,baseline,jetson_emulator,40,local,0.5,96.7483,79.7029,96.7483,98.3985,20.4082,167.274,167.274,359.6756,92.7616
1196,cnn,baseline,jetson_emulator,40,local,0.5,96.279,80.1222,96.279,97.8318,20.4388,167.274,167.274,359.8315,92.8383
1197,cnn,baseline,jetson_emulator,40,local,0.5,96.3602,79.83,96.3602,99.267,20.4335,167.274,167.274,359.9875,92.8535
1198,cnn,baseline,jetson_emulator,40,offload,0.5,96.5171,80.3893,80.3893,82.4593,21.5291,167.274,167.274,355.9719,92.7498
1199,cnn,baseline,jetson_emulator,40,offload,0.5,96.9359,79.7059,79.7059,80.9468,21.5786,167.274,167.274,356.1261,92.8136
1200,cnn,baseline,jetson_emulator,40,local,0.5,96.7622,79.9684,96.7622,97.8565,20.4073,167.274,167.274,360.4554,92.8814
