cycle_id,model,architecture,profile,nodes,decision,threshold,local_latency_ms,offload_latency_ms,total_latency_ms,rtt_ms,throughput_fps,local_power_mw,offload_power_mw,effective_power_mw,accuracy_step
1,cnn,baseline,jetson_emulator,100,offload,0.5,50.9947,42.5387,42.5387,44.4515,20.1925,167.274,167.274,177.47,92.8187
2,cnn,baseline,jetson_emulator,100,offload,0.5,50.5881,42.6458,42.6458,43.9121,20.1857,167.274,167.274,177.6296,92.8007
3,cnn,baseline,jetson_emulator,100,local,0.5,51.6052,42.1532,51.6052,54.8509,19.632,167.274,167.274,182.8209,92.7157
4,cnn,baseline,jetson_emulator,100,offload,0.5,51.0292,43.56,43.56,45.5953,20.1277,167.274,167.274,177.9488,92.7028
5,cnn,baseline,jetson_emulator,100,local,0.5,52.0243,42.4799,52.0243,54.9258,19.6069,167.274,167.274,183.1491,92.858
6,cnn,baseline,jetson_emulator,100,offload,0.5,51.559,43.3367,43.3367,46.2827,20.1419,167.274,167.274,178.2679,92.7202
7,cnn,baseline,jetson_emulator,100,local,0.5,51.2163,42.5359,51.2163,53.4636,19.6554,167.274,167.274,183.4773,92.7443
8,cnn,baseline,jetson_emulator,100,offload,0.5,51.3466,42.6905,42.6905,45.2783,20.1828,167.274,167.274,178.5871,92.7281
9,cnn,baseline,jetson_emulator,100,local,0.5,51.7479,43.3952,51.7479,53.7351,19.6234,167.274,167.274,183.8055,92.7168
10,cnn,baseline,jetson_emulator,100,local,0.5,51.4402,42.8619,51.4402,53.9161,19.6419,167.274,167.274,183.9696,92.7791
11,cnn,baseline,jetson_emulator,100,offload,0.5,51.9359,42.9393,42.9393,45.0943,20.167,167.274,167.274,179.0658,92.7477
12,cnn,baseline,jetson_emulator,100,local,0.5,51.5226,42.9599,51.5226,53.7429,19.637,167.274,167.274,184.2978,92.8155
13,cnn,baseline,jetson_emulator,100,offload,0.5,52.0191,43.8308,43.8308,45.6009,20.1107,167.274,167.274,179.385,92.8415
14,cnn,baseline,jetson_emulator,100,offload,0.5,52.1307,43.9813,43.9813,46.8166,20.1012,167.274,167.274,179.5446,92.8484
15,cnn,baseline,jetson_emulator,100,local,0.5,52.572,43.7954,52.572,54.4211,19.5741,167.274,167.274,184.7901,92.8293
16,cnn,baseline,jetson_emulator,100,offload,0.5,53.4807,43.3271,43.3271,45.0921,20.1425,167.274,167.274,179.8637,92.717
17,cnn,baseline,jetson_emulator,100,offload,0.5,51.9667,43.2095,43.2095,45.3252,20.1499,167.274,167.274,180.0233,92.7364
18,cnn,baseline,jetson_emulator,100,offload,0.5,52.3793,43.4747,43.4747,45.2691,20.1331,167.274,167.274,180.1829,92.7253
19,cnn,baseline,jetson_emulator,100,offload,0.5,52.5947,44.3622,44.3622,46.4869,20.0772,167.274,167.274,180.3424,92.7994
20,cnn,baseline,jetson_emulator,100,offload,0.5,52.5963,43.7979,43.7979,45.5488,20.1127,167.274,167.274,180.502,92.7594
21,cnn,baseline,jetson_emulator,100,offload,0.5,52.6462,43.8479,43.8479,45.3554,20.1096,167.274,167.274,180.6616,92.747
22,cnn,baseline,jetson_emulator,100,offload,0.5,52.8803,43.457,43.457,45.5873,20.1343,167.274,167.274,180.8212,92.7618
23,cnn,baseline,jetson_emulator,100,local,0.5,52.6358,43.5606,52.6358,54.8915,19.5703,167.274,167.274,186.1029,92.7664
24,cnn,baseline,jetson_emulator,100,offload,0.5,53.1255,44.5115,44.5115,46.7376,20.0678,167.274,167.274,181.1403,92.7886
25,cnn,baseline,jetson_emulator,100,offload,0.5,53.2963,45.0828,45.0828,47.1671,20.032,167.274,167.274,181.2999,92.7953
26,cnn,baseline,jetson_emulator,100,offload,0.5,53.7947,44.3754,44.3754,46.3303,20.0764,167.274,167.274,181.4595,92.8211
27,cnn,baseline,jetson_emulator,100,local,0.5,54.1487,44.0844,54.1487,56.7773,19.4803,167.274,167.274,186.7592,92.7852
28,cnn,baseline,jetson_emulator,100,offload,0.5,53.4935,44.5759,44.5759,47.0646,20.0638,167.274,167.274,181.7787,92.7745
29,cnn,baseline,jetson_emulator,100,local,0.5,53.1671,43.9023,53.1671,55.9937,19.5386,167.274,167.274,187.0874,92.8193
30,cnn,baseline,jetson_emulator,100,local,0.5,54.207,44.1868,54.207,57.1,19.4769,167.274,167.274,187.2515,92.7179
31,cnn,baseline,jetson_emulator,100,local,0.5,53.8054,45.7578,53.8054,56.1782,19.5007,167.274,167.274,187.4156,92.7604
32,cnn,baseline,jetson_emulator,100,offload,0.5,53.6966,44.2458,44.2458,46.1617,20.0845,167.274,167.274,182.417,92.7029
33,cnn,baseline,jetson_emulator,100,offload,0.5,54.2721,45.2138,45.2138,47.4016,20.0238,167.274,167.274,182.5766,92.7887
34,cnn,baseline,jetson_emulator,100,local,0.5,53.7724,44.2586,53.7724,55.5557,19.5026,167.274,167.274,187.9079,92.7859
35,cnn,baseline,jetson_emulator,100,offload,0.5,53.5222,45.0336,45.0336,46.8647,20.0351,167.274,167.274,182.8957,92.7782
36,cnn,baseline,jetson_emulator,100,offload,0.5,53.959,44.6106,44.6106,47.5802,20.0616,167.274,167.274,183.0553,92.7268
37,cnn,baseline,jetson_emulator,100,local,0.5,53.9978,44.9064,53.9978,55.7045,19.4893,167.274,167.274,188.4002,92.687
38,cnn,baseline,jetson_emulator,100,local,0.5,53.9919,44.4286,53.9919,56.6648,19.4896,167.274,167.274,188.5643,92.7578
39,cnn,baseline,jetson_emulator,100,offload,0.5,53.8468,45.2084,45.2084,47.408,20.0241,167.274,167.274,183.534,92.7589
40,cnn,baseline,jetson_emulator,100,offload,0.5,54.0042,45.007,45.007,47.2486,20.0367,167.274,167.274,183.6936,92.716
41,cnn,baseline,jetson_emulator,100,offload,0.5,53.9728,46.1624,46.1624,48.5232,19.9647,167.274,167.274,183.8532,92.7709
42,cnn,baseline,jetson_emulator,100,offload,0.5,54.4567,45.8202,45.8202,47.7493,19.986,167.274,167.274,184.0128,92.8209
43,cnn,baseline,jetson_emulator,100,offload,0.5,54.8025,45.7103,45.7103,47.3033,19.9928,167.274,167.274,184.1724,92.5329
44,cnn,baseline,jetson_emulator,100,offload,0.5,55.4017,45.4842,45.4842,47.5447,20.0069,167.274,167.274,184.3319,92.7303
45,cnn,baseline,jetson_emulator,100,offload,0.5,54.2544,45.4975,45.4975,47.6623,20.0061,167.274,167.274,184.4915,92.85
46,cnn,baseline,jetson_emulator,100,offload,0.5,54.4493,45.5701,45.5701,47.5545,20.0016,167.274,167.274,184.6511,92.7612
47,cnn,baseline,jetson_emulator,100,offload,0.5,54.5987,45.8048,45.8048,47.8069,19.9869,167.274,167.274,184.8107,92.7165
48,cnn,baseline,jetson_emulator,100,offload,0.5,55.6891,45.4752,45.4752,47.8079,20.0075,167.274,167.274,184.9703,92.7538
49,cnn,baseline,jetson_emulator,100,offload,0.5,54.6071,47.2232,47.2232,49.1549,19.899,167.274,167.274,185.1298,92.8252
50,cnn,baseline,jetson_emulator,100,offload,0.5,54.7125,45.4391,45.4391,47.7694,20.0097,167.274,167.274,185.2894,92.8191
51,cnn,baseline,jetson_emulator,100,local,0.5,55.6323,45.2945,55.6323,58.0873,19.3929,167.274,167.274,190.6975,92.7138
52,cnn,baseline,jetson_emulator,100,local,0.5,55.1734,45.4159,55.1734,57.3715,19.4199,167.274,167.274,190.8616,92.6733
53,cnn,baseline,jetson_emulator,100,offload,0.5,54.9936,45.397,45.397,48.5895,20.0124,167.274,167.274,185.7681,92.939
54,cnn,baseline,jetson_emulator,100,local,0.5,54.8665,45.6655,54.8665,56.8319,19.4379,167.274,167.274,191.1898,92.7659
55,cnn,baseline,jetson_emulator,100,offload,0.5,55.191,47.219,47.219,49.7477,19.8992,167.274,167.274,186.0873,92.6625
56,cnn,baseline,jetson_emulator,100,local,0.5,54.923,46.6883,54.923,56.8979,19.4346,167.274,167.274,191.518,92.7023
57,cnn,baseline,jetson_emulator,100,local,0.5,55.2459,45.5082,55.2459,57.6187,19.4156,167.274,167.274,191.6821,92.7747
58,cnn,baseline,jetson_emulator,100,offload,0.5,55.3116,45.5247,45.5247,47.5149,20.0044,167.274,167.274,186.566,92.6795
59,cnn,baseline,jetson_emulator,100,offload,0.5,55.3747,47.1214,47.1214,49.4528,19.9052,167.274,167.274,186.7256,92.8744
60,cnn,baseline,jetson_emulator,100,offload,0.5,56.0298,45.848,45.848,48.1498,19.9842,167.274,167.274,186.8852,92.7487
61,cnn,baseline,jetson_emulator,100,local,0.5,55.2234,45.905,55.2234,56.8285,19.4169,167.274,167.274,192.3385,92.7656
62,cnn,baseline,jetson_emulator,100,offload,0.5,55.5632,45.8327,45.8327,47.7944,19.9852,167.274,167.274,187.2044,92.6995
63,cnn,baseline,jetson_emulator,100,local,0.5,55.4411,46.0199,55.4411,56.771,19.4041,167.274,167.274,192.6667,92.8426
64,cnn,baseline,jetson_emulator,100,local,0.5,55.5404,46.7291,55.5404,57.7638,19.3983,167.274,167.274,192.8308,92.966
65,cnn,baseline,jetson_emulator,100,local,0.5,56.5071,45.7505,56.5071,58.9878,19.3418,167.274,167.274,192.9949,92.8236
66,cnn,baseline,jetson_emulator,100,local,0.5,55.4068,45.7847,55.4068,57.8402,19.4062,167.274,167.274,193.159,92.8507
67,cnn,baseline,jetson_emulator,100,offload,0.5,55.7189,47.6882,47.6882,50.3803,19.8703,167.274,167.274,188.0023,92.9136
68,cnn,baseline,jetson_emulator,100,offload,0.5,56.4909,46.1938,46.1938,48.8363,19.9627,167.274,167.274,188.1618,92.8009
69,cnn,baseline,jetson_emulator,100,offload,0.5,55.8883,46.8829,46.8829,49.2858,19.92,167.274,167.274,188.3214,92.8234
70,cnn,baseline,jetson_emulator,100,local,0.5,55.6308,46.2035,55.6308,57.9928,19.393,167.274,167.274,193.8154,92.7485
71,cnn,baseline,jetson_emulator,100,local,0.5,56.2136,46.1678,56.2136,57.9712,19.3589,167.274,167.274,193.9795,92.7934
72,cnn,baseline,jetson_emulator,100,local,0.5,55.8539,46.5398,55.8539,57.9223,19.3799,167.274,167.274,194.1436,92.7588
73,cnn,baseline,jetson_emulator,100,offload,0.5,56.2021,46.772,46.772,49.369,19.9269,167.274,167.274,188.9597,92.807
74,cnn,baseline,jetson_emulator,100,offload,0.5,55.7425,46.0192,46.0192,48.2805,19.9736,167.274,167.274,189.1193,92.8709
75,cnn,baseline,jetson_emulator,100,local,0.5,55.7041,46.2317,55.7041,58.3006,19.3887,167.274,167.274,194.6358,92.7849
76,cnn,baseline,jetson_emulator,100,offload,0.5,56.4964,47.167,47.167,49.4536,19.9024,167.274,167.274,189.4385,92.7727
77,cnn,baseline,jetson_emulator,100,offload,0.5,56.4248,46.4485,46.4485,48.8508,19.9469,167.274,167.274,189.5981,92.724
78,cnn,baseline,jetson_emulator,100,local,0.5,55.7616,46.8996,55.7616,57.6179,19.3853,167.274,167.274,195.1281,92.756
79,cnn,baseline,jetson_emulator,100,local,0.5,56.4404,46.3236,56.4404,58.2995,19.3456,167.274,167.274,195.2922,92.8178
80,cnn,baseline,jetson_emulator,100,local,0.5,56.3942,46.4199,56.3942,58.5384,19.3483,167.274,167.274,195.4563,92.775
81,cnn,baseline,jetson_emulator,100,offload,0.5,56.0415,47.1632,47.1632,49.3499,19.9027,167.274,167.274,190.2364,92.7596
82,cnn,baseline,jetson_emulator,100,offload,0.5,55.8217,46.2921,46.2921,49.1175,19.9566,167.274,167.274,190.396,92.739
83,cnn,baseline,jetson_emulator,100,offload,0.5,56.5389,46.592,46.592,49.16,19.938,167.274,167.274,190.5555,92.7811
84,cnn,baseline,jetson_emulator,100,offload,0.5,57.6978,46.5699,46.5699,48.6388,19.9394,167.274,167.274,190.7151,92.7405
85,cnn,baseline,jetson_emulator,100,offload,0.5,56.3963,46.8186,46.8186,49.5785,19.924,167.274,167.274,190.8747,92.7842
86,cnn,baseline,jetson_emulator,100,local,0.5,56.2305,46.8446,56.2305,58.4695,19.3579,167.274,167.274,196.4409,92.7483
87,cnn,baseline,jetson_emulator,100,offload,0.5,56.2504,46.9136,46.9136,49.5869,19.9181,167.274,167.274,191.1938,92.7566
88,cnn,baseline,jetson_emulator,100,offload,0.5,56.4492,47.2799,47.2799,48.7733,19.8955,167.274,167.274,191.3534,92.8286
89,cnn,baseline,jetson_emulator,100,local,0.5,55.9672,47.2031,55.9672,58.506,19.3733,167.274,167.274,196.9332,92.7771
90,cnn,baseline,jetson_emulator,100,local,0.5,56.7491,46.6137,56.7491,59.5167,19.3276,167.274,167.274,197.0973,92.8295
91,cnn,baseline,jetson_emulator,100,offload,0.5,56.9611,47.236,47.236,49.7372,19.8982,167.274,167.274,191.8322,92.7847
92,cnn,baseline,jetson_emulator,100,local,0.5,57.0047,47.3661,57.0047,59.2928,19.3128,167.274,167.274,197.4255,92.7253
93,cnn,baseline,jetson_emulator,100,offload,0.5,57.0092,46.6408,46.6408,48.7368,19.935,167.274,167.274,192.1513,92.8653
94,cnn,baseline,jetson_emulator,100,offload,0.5,56.8445,47.3191,47.3191,49.5264,19.893,167.274,167.274,192.3109,92.6861
95,cnn,baseline,jetson_emulator,100,local,0.5,56.6337,46.4009,56.6337,58.4734,19.3344,167.274,167.274,197.9178,92.778
96,cnn,baseline,jetson_emulator,100,offload,0.5,56.0887,47.7356,47.7356,50.2774,19.8674,167.274,167.274,192.6301,92.8199
97,cnn,baseline,jetson_emulator,100,offload,0.5,56.3844,46.5337,46.5337,48.5676,19.9416,167.274,167.274,192.7896,92.8108
98,cnn,baseline,jetson_emulator,100,local,0.5,56.1509,46.2569,56.1509,58.3194,19.3626,167.274,167.274,198.41,92.6643
99,cnn,baseline,jetson_emulator,100,local,0.5,56.3912,46.5418,56.3912,59.1256,19.3485,167.274,167.274,198.5741,92.868
100,cnn,baseline,jetson_emulator,100,local,0.5,56.0344,46.6144,56.0344,57.9991,19.3694,167.274,167.274,198.7382,92.7699
101,cnn,baseline,jetson_emulator,100,local,0.5,56.2232,46.471,56.2232,58.6928,19.3583,167.274,167.274,198.9023,92.7551
102,cnn,baseline,jetson_emulator,100,offload,0.5,56.2513,46.52,46.52,48.2728,19.9425,167.274,167.274,193.5875,92.7516
103,cnn,baseline,jetson_emulator,100,offload,0.5,56.6086,47.3279,47.3279,49.3211,19.8925,167.274,167.274,193.7471,92.6795
104,cnn,baseline,jetson_emulator,100,offload,0.5,56.0691,46.8848,46.8848,49.0476,19.9199,167.274,167.274,193.9067,92.7583
105,cnn,baseline,jetson_emulator,100,local,0.5,57.5362,46.775,57.5362,60.3541,19.2819,167.274,167.274,199.5587,92.7266
106,cnn,baseline,jetson_emulator,100,offload,0.5,56.3447,46.5816,46.5816,49.1076,19.9387,167.274,167.274,194.2259,92.7987
107,cnn,baseline,jetson_emulator,100,offload,0.5,55.9715,46.2322,46.2322,48.3135,19.9603,167.274,167.274,194.3854,92.7473
108,cnn,baseline,jetson_emulator,100,offload,0.5,55.851,46.9209,46.9209,49.4292,19.9176,167.274,167.274,194.545,92.6704
109,cnn,baseline,jetson_emulator,100,offload,0.5,55.9126,46.9589,46.9589,48.5815,19.9153,167.274,167.274,194.7046,92.7928
110,cnn,baseline,jetson_emulator,100,local,0.5,55.8871,46.5145,55.8871,58.1517,19.378,167.274,167.274,200.3792,92.8043
111,cnn,baseline,jetson_emulator,100,local,0.5,56.3292,46.1041,56.3292,59.0069,19.3521,167.274,167.274,200.5433,92.772
112,cnn,baseline,jetson_emulator,100,offload,0.5,55.8154,46.7618,46.7618,49.1049,19.9275,167.274,167.274,195.1833,92.7278
113,cnn,baseline,jetson_emulator,100,offload,0.5,55.9645,46.7699,46.7699,48.4057,19.927,167.274,167.274,195.3429,92.693
114,cnn,baseline,jetson_emulator,100,local,0.5,55.8981,46.1098,55.8981,57.428,19.3773,167.274,167.274,201.0356,92.7709
115,cnn,baseline,jetson_emulator,100,offload,0.5,55.8248,46.0616,46.0616,48.3805,19.9709,167.274,167.274,195.6621,92.7896
116,cnn,baseline,jetson_emulator,100,local,0.5,56.4472,47.1497,56.4472,58.2992,19.3453,167.274,167.274,201.3638,92.8448
117,cnn,baseline,jetson_emulator,100,local,0.5,56.3689,46.5232,56.3689,58.8208,19.3498,167.274,167.274,201.5279,92.8087
118,cnn,baseline,jetson_emulator,100,offload,0.5,55.7308,45.9976,45.9976,48.3248,19.9749,167.274,167.274,196.1408,92.8906
119,cnn,baseline,jetson_emulator,100,local,0.5,55.8461,46.2876,55.8461,57.6464,19.3804,167.274,167.274,201.8561,92.8057
120,cnn,baseline,jetson_emulator,100,local,0.5,56.3396,47.206,56.3396,59.3796,19.3515,167.274,167.274,202.0202,92.7262
121,cnn,baseline,jetson_emulator,100,local,0.5,55.8229,46.3348,55.8229,57.4457,19.3818,167.274,167.274,202.1843,92.7948
122,cnn,baseline,jetson_emulator,100,offload,0.5,55.5095,46.5762,46.5762,49.1219,19.939,167.274,167.274,196.7791,92.7764
123,cnn,baseline,jetson_emulator,100,offload,0.5,55.8136,46.7816,46.7816,48.2113,19.9263,167.274,167.274,196.9387,92.7664
124,cnn,baseline,jetson_emulator,100,offload,0.5,55.8202,46.8112,46.8112,49.1179,19.9244,167.274,167.274,197.0983,92.6928
125,cnn,baseline,jetson_emulator,100,local,0.5,56.0171,46.1155,56.0171,57.619,19.3704,167.274,167.274,202.8406,92.7521
126,cnn,baseline,jetson_emulator,100,local,0.5,55.4104,45.7461,55.4104,57.245,19.406,167.274,167.274,203.0047,92.7212
127,cnn,baseline,jetson_emulator,100,local,0.5,55.8931,45.7933,55.8931,58.661,19.3776,167.274,167.274,203.1688,92.8583
128,cnn,baseline,jetson_emulator,100,local,0.5,56.1428,45.9714,56.1428,57.6736,19.363,167.274,167.274,203.3329,92.8618
129,cnn,baseline,jetson_emulator,100,offload,0.5,55.6769,45.6959,45.6959,47.5471,19.9937,167.274,167.274,197.8962,92.8555
130,cnn,baseline,jetson_emulator,100,local,0.5,55.238,46.9544,55.238,57.5058,19.4161,167.274,167.274,203.6611,92.7095
131,cnn,baseline,jetson_emulator,100,offload,0.5,55.268,47.3782,47.3782,49.4719,19.8894,167.274,167.274,198.2153,92.7734
132,cnn,baseline,jetson_emulator,100,local,0.5,55.6702,46.7097,55.6702,58.265,19.3907,167.274,167.274,203.9893,92.7316
133,cnn,baseline,jetson_emulator,100,offload,0.5,55.211,45.963,45.963,48.0681,19.9771,167.274,167.274,198.5345,92.7761
134,cnn,baseline,jetson_emulator,100,offload,0.5,56.1965,45.8186,45.8186,47.9812,19.9861,167.274,167.274,198.6941,92.7739
135,cnn,baseline,jetson_emulator,100,local,0.5,55.4703,45.7463,55.4703,57.9327,19.4024,167.274,167.274,204.4816,92.7957
136,cnn,baseline,jetson_emulator,100,local,0.5,56.1985,45.9363,56.1985,58.0257,19.3598,167.274,167.274,204.6457,92.7672
137,cnn,baseline,jetson_emulator,100,offload,0.5,55.1356,45.9116,45.9116,48.4511,19.9803,167.274,167.274,199.1728,92.798
138,cnn,baseline,jetson_emulator,100,local,0.5,55.0036,46.5905,55.0036,57.0552,19.4299,167.274,167.274,204.9739,92.7897
139,cnn,baseline,jetson_emulator,100,offload,0.5,55.2345,46.1301,46.1301,48.4445,19.9667,167.274,167.274,199.492,92.7343
140,cnn,baseline,jetson_emulator,100,offload,0.5,55.0322,45.5983,45.5983,48.3396,19.9998,167.274,167.274,199.6516,92.7851
141,cnn,baseline,jetson_emulator,100,local,0.5,55.2329,45.8636,55.2329,56.7229,19.4164,167.274,167.274,205.4662,92.7529
142,cnn,baseline,jetson_emulator,100,offload,0.5,54.8173,46.2757,46.2757,48.8769,19.9576,167.274,167.274,199.9707,92.734
143,cnn,baseline,jetson_emulator,100,local,0.5,54.7416,45.2591,54.7416,56.9388,19.4453,167.274,167.274,205.7944,92.8
144,cnn,baseline,jetson_emulator,100,offload,0.5,54.8773,45.7839,45.7839,48.2392,19.9882,167.274,167.274,200.2899,92.7424
145,cnn,baseline,jetson_emulator,100,local,0.5,55.3323,46.5432,55.3323,57.1079,19.4105,167.274,167.274,206.1226,92.7635
146,cnn,baseline,jetson_emulator,100,local,0.5,54.7397,46.307,54.7397,56.3969,19.4454,167.274,167.274,206.2866,92.8434
147,cnn,baseline,jetson_emulator,100,offload,0.5,55.1315,45.6167,45.6167,47.3787,19.9987,167.274,167.274,200.7686,92.7478
148,cnn,baseline,jetson_emulator,100,offload,0.5,54.5832,45.4324,45.4324,47.8599,20.0102,167.274,167.274,200.9282,92.7964
149,cnn,baseline,jetson_emulator,100,offload,0.5,55.0911,45.9674,45.9674,48.9609,19.9768,167.274,167.274,201.0878,92.7497
150,cnn,baseline,jetson_emulator,100,offload,0.5,54.562,46.5057,46.5057,48.8462,19.9434,167.274,167.274,201.2473,92.6942
151,cnn,baseline,jetson_emulator,100,offload,0.5,54.9534,46.4401,46.4401,48.786,19.9474,167.274,167.274,201.4069,92.758
152,cnn,baseline,jetson_emulator,100,offload,0.5,55.3666,45.8327,45.8327,47.5229,19.9852,167.274,167.274,201.5665,92.8352
153,cnn,baseline,jetson_emulator,100,offload,0.5,54.8172,45.4836,45.4836,48.7476,20.007,167.274,167.274,201.7261,92.7016
154,cnn,baseline,jetson_emulator,100,offload,0.5,54.3734,46.3211,46.3211,48.3163,19.9548,167.274,167.274,201.8857,92.7822
155,cnn,baseline,jetson_emulator,100,local,0.5,54.8101,44.9227,54.8101,56.7733,19.4413,167.274,167.274,207.7635,92.7419
156,cnn,baseline,jetson_emulator,100,offload,0.5,55.1421,46.0174,46.0174,48.7231,19.9737,167.274,167.274,202.2048,92.7861
157,cnn,baseline,jetson_emulator,100,local,0.5,56.2936,45.667,56.2936,58.7278,19.3542,167.274,167.274,208.0917,92.7619
158,cnn,baseline,jetson_emulator,100,offload,0.5,54.9469,45.1996,45.1996,47.129,20.0247,167.274,167.274,202.524,92.7637
159,cnn,baseline,jetson_emulator,100,offload,0.5,54.7145,44.8277,44.8277,46.8876,20.048,167.274,167.274,202.6836,92.7344
160,cnn,baseline,jetson_emulator,100,local,0.5,54.3641,45.6066,54.3641,56.2666,19.4676,167.274,167.274,208.584,92.837
161,cnn,baseline,jetson_emulator,100,local,0.5,54.0922,45.5729,54.0922,57.1428,19.4837,167.274,167.274,208.7481,92.7592
162,cnn,baseline,jetson_emulator,100,offload,0.5,54.7858,45.2083,45.2083,46.9259,20.0242,167.274,167.274,203.1623,92.7788
163,cnn,baseline,jetson_emulator,100,local,0.5,55.0392,44.8545,55.0392,57.8963,19.4278,167.274,167.274,209.0763,92.7536
164,cnn,baseline,jetson_emulator,100,offload,0.5,54.3489,45.395,45.395,47.1783,20.0125,167.274,167.274,203.4815,92.675
165,cnn,baseline,jetson_emulator,100,offload,0.5,54.5176,44.6329,44.6329,46.0357,20.0602,167.274,167.274,203.641,92.6739
166,cnn,baseline,jetson_emulator,100,offload,0.5,55.1298,45.4934,45.4934,47.8445,20.0063,167.274,167.274,203.8006,92.7566
167,cnn,baseline,jetson_emulator,100,local,0.5,54.3799,45.4003,54.3799,56.5104,19.4667,167.274,167.274,209.7327,92.6789
168,cnn,baseline,jetson_emulator,100,local,0.5,53.8456,45.3777,53.8456,55.8046,19.4983,167.274,167.274,209.8968,92.7894
169,cnn,baseline,jetson_emulator,100,offload,0.5,54.198,46.0746,46.0746,47.8278,19.9701,167.274,167.274,204.2794,92.7332
170,cnn,baseline,jetson_emulator,100,local,0.5,53.8844,44.5427,53.8844,56.754,19.496,167.274,167.274,210.2249,92.8394
171,cnn,baseline,jetson_emulator,100,local,0.5,54.0018,45.5345,54.0018,56.4279,19.489,167.274,167.274,210.389,92.6253
172,cnn,baseline,jetson_emulator,100,offload,0.5,53.8428,45.389,45.389,47.2071,20.0129,167.274,167.274,204.7581,92.7797
173,cnn,baseline,jetson_emulator,100,offload,0.5,53.7877,45.4597,45.4597,47.9631,20.0085,167.274,167.274,204.9177,92.6964
174,cnn,baseline,jetson_emulator,100,offload,0.5,54.2645,44.4103,44.4103,46.2282,20.0742,167.274,167.274,205.0773,92.6752
175,cnn,baseline,jetson_emulator,100,offload,0.5,53.7461,44.378,44.378,46.1924,20.0762,167.274,167.274,205.2368,92.7974
176,cnn,baseline,jetson_emulator,100,local,0.5,54.5139,44.573,54.5139,56.5984,19.4587,167.274,167.274,211.2095,92.6676
177,cnn,baseline,jetson_emulator,100,offload,0.5,54.2558,44.4067,44.4067,45.8057,20.0744,167.274,167.274,205.556,92.7111
178,cnn,baseline,jetson_emulator,100,offload,0.5,54.5971,44.6083,44.6083,46.586,20.0617,167.274,167.274,205.7156,92.8183
179,cnn,baseline,jetson_emulator,100,offload,0.5,54.0922,44.5123,44.5123,46.8477,20.0678,167.274,167.274,205.8752,92.7923
180,cnn,baseline,jetson_emulator,100,local,0.5,54.1276,44.6107,54.1276,55.888,19.4816,167.274,167.274,211.8659,92.7867
181,cnn,baseline,jetson_emulator,100,offload,0.5,53.879,44.4251,44.4251,46.7229,20.0732,167.274,167.274,206.1943,92.7633
182,cnn,baseline,jetson_emulator,100,local,0.5,54.083,44.9881,54.083,56.6387,19.4842,167.274,167.274,212.1941,92.736
183,cnn,baseline,jetson_emulator,100,local,0.5,53.7048,45.5152,53.7048,56.4328,19.5066,167.274,167.274,212.3582,92.8821
184,cnn,baseline,jetson_emulator,100,local,0.5,53.9508,44.8948,53.9508,55.6297,19.492,167.274,167.274,212.5223,92.7263
185,cnn,baseline,jetson_emulator,100,offload,0.5,53.8421,44.5215,44.5215,47.6659,20.0672,167.274,167.274,206.8326,92.7582
186,cnn,baseline,jetson_emulator,100,local,0.5,53.556,44.7275,53.556,55.9972,19.5155,167.274,167.274,212.8505,92.7128
187,cnn,baseline,jetson_emulator,100,local,0.5,55.764,44.3033,55.764,58.0961,19.3852,167.274,167.274,213.0146,92.7222
188,cnn,baseline,jetson_emulator,100,offload,0.5,54.4065,44.8348,44.8348,46.9112,20.0475,167.274,167.274,207.3114,92.7844
189,cnn,baseline,jetson_emulator,100,local,0.5,54.2993,46.0176,54.2993,56.913,19.4714,167.274,167.274,213.3428,92.7474
190,cnn,baseline,jetson_emulator,100,offload,0.5,53.7467,45.115,45.115,46.8919,20.03,167.274,167.274,207.6305,92.833
191,cnn,baseline,jetson_emulator,100,offload,0.5,53.6511,44.6714,44.6714,45.775,20.0578,167.274,167.274,207.7901,92.7347
192,cnn,baseline,jetson_emulator,100,local,0.5,53.9775,44.6703,53.9775,56.097,19.4905,167.274,167.274,213.8351,92.7828
193,cnn,baseline,jetson_emulator,100,offload,0.5,53.5551,44.8912,44.8912,46.692,20.044,167.274,167.274,208.1093,92.6934
194,cnn,baseline,jetson_emulator,100,local,0.5,54.276,44.8732,54.276,56.8613,19.4728,167.274,167.274,214.1632,92.7378
195,cnn,baseline,jetson_emulator,100,local,0.5,53.8169,44.4343,53.8169,56.3868,19.5,167.274,167.274,214.3273,92.7104
196,cnn,baseline,jetson_emulator,100,offload,0.5,53.797,44.225,44.225,47.0517,20.0858,167.274,167.274,208.588,92.7232
197,cnn,baseline,jetson_emulator,100,local,0.5,54.6164,44.9545,54.6164,56.0487,19.4527,167.274,167.274,214.6555,92.8135
198,cnn,baseline,jetson_emulator,100,offload,0.5,53.7907,45.0612,45.0612,47.3068,20.0334,167.274,167.274,208.9072,92.7349
199,cnn,baseline,jetson_emulator,100,offload,0.5,54.7014,44.4474,44.4474,46.3553,20.0718,167.274,167.274,209.0667,92.696
200,cnn,baseline,jetson_emulator,100,local,0.5,53.718,44.8438,53.718,56.079,19.5058,167.274,167.274,215.1478,92.828
201,cnn,baseline,jetson_emulator,100,local,0.5,54.8433,44.6414,54.8433,58.0443,19.4393,167.274,167.274,215.3119,92.8043
202,cnn,baseline,jetson_emulator,100,offload,0.5,53.579,45.4139,45.4139,47.9025,20.0113,167.274,167.274,209.5455,92.78
203,cnn,baseline,jetson_emulator,100,local,0.5,54.5187,45.3929,54.5187,57.4495,19.4585,167.274,167.274,215.6401,92.782
204,cnn,baseline,jetson_emulator,100,local,0.5,53.7343,44.5007,53.7343,55.152,19.5049,167.274,167.274,215.8042,92.6895
205,cnn,baseline,jetson_emulator,100,offload,0.5,53.813,44.8565,44.8565,47.0108,20.0462,167.274,167.274,210.0242,92.8679
206,cnn,baseline,jetson_emulator,100,local,0.5,53.9932,45.1811,53.9932,56.5341,19.4895,167.274,167.274,216.1324,92.789
207,cnn,baseline,jetson_emulator,100,local,0.5,54.1058,44.9412,54.1058,56.2665,19.4829,167.274,167.274,216.2965,92.8511
208,cnn,baseline,jetson_emulator,100,local,0.5,54.4692,45.2151,54.4692,56.5921,19.4614,167.274,167.274,216.4606,92.7315
209,cnn,baseline,jetson_emulator,100,offload,0.5,54.723,45.8958,45.8958,48.7147,19.9813,167.274,167.274,210.6625,92.8232
210,cnn,baseline,jetson_emulator,100,local,0.5,55.2644,45.6309,55.2644,57.409,19.4145,167.274,167.274,216.7888,92.8062
211,cnn,baseline,jetson_emulator,100,local,0.5,55.4392,44.5812,55.4392,58.0275,19.4043,167.274,167.274,216.9529,92.794
212,cnn,baseline,jetson_emulator,100,offload,0.5,53.7889,45.3368,45.3368,47.3131,20.0161,167.274,167.274,211.1413,92.6633
213,cnn,baseline,jetson_emulator,100,local,0.5,54.263,46.123,54.263,56.8345,19.4736,167.274,167.274,217.2811,92.7302
214,cnn,baseline,jetson_emulator,100,offload,0.5,54.8991,44.6453,44.6453,47.018,20.0594,167.274,167.274,211.4604,92.7112
215,cnn,baseline,jetson_emulator,100,local,0.5,54.2452,44.6076,54.2452,57.0486,19.4746,167.274,167.274,217.6093,92.8473
216,cnn,baseline,jetson_emulator,100,local,0.5,54.7339,45.4569,54.7339,56.9203,19.4458,167.274,167.274,217.7734,92.7733
217,cnn,baseline,jetson_emulator,100,local,0.5,54.0826,44.9789,54.0826,56.4667,19.4842,167.274,167.274,217.9374,92.8203
218,cnn,baseline,jetson_emulator,100,offload,0.5,54.3497,45.0212,45.0212,47.2998,20.0359,167.274,167.274,212.0987,92.7747
219,cnn,baseline,jetson_emulator,100,local,0.5,54.2919,44.6601,54.2919,55.3259,19.4719,167.274,167.274,218.2656,92.7741
220,cnn,baseline,jetson_emulator,100,local,0.5,54.5244,45.4969,54.5244,57.4485,19.4581,167.274,167.274,218.4297,92.8452
221,cnn,baseline,jetson_emulator,100,local,0.5,54.754,45.5984,54.754,57.4517,19.4446,167.274,167.274,218.5938,92.8091
222,cnn,baseline,jetson_emulator,100,offload,0.5,54.1488,45.1091,45.1091,46.2397,20.0304,167.274,167.274,212.7371,92.7045
223,cnn,baseline,jetson_emulator,100,offload,0.5,54.4335,46.6909,46.6909,48.6496,19.9319,167.274,167.274,212.8966,92.7071
224,cnn,baseline,jetson_emulator,100,offload,0.5,54.7055,46.28,46.28,47.7954,19.9574,167.274,167.274,213.0562,92.7994
225,cnn,baseline,jetson_emulator,100,offload,0.5,54.5882,45.7938,45.7938,48.0847,19.9876,167.274,167.274,213.2158,92.8293
226,cnn,baseline,jetson_emulator,100,local,0.5,54.9903,45.6337,54.9903,57.4413,19.4306,167.274,167.274,219.4143,92.8413
227,cnn,baseline,jetson_emulator,100,offload,0.5,54.8146,45.3457,45.3457,48.4897,20.0156,167.274,167.274,213.535,92.7712
228,cnn,baseline,jetson_emulator,100,local,0.5,54.8005,45.1351,54.8005,57.561,19.4418,167.274,167.274,219.7425,92.7785
229,cnn,baseline,jetson_emulator,100,local,0.5,54.8173,45.6347,54.8173,57.0182,19.4408,167.274,167.274,219.9066,92.7865
230,cnn,baseline,jetson_emulator,100,local,0.5,54.8738,45.2412,54.8738,57.1693,19.4375,167.274,167.274,220.0707,92.8105
231,cnn,baseline,jetson_emulator,100,offload,0.5,54.656,45.3285,45.3285,47.525,20.0166,167.274,167.274,214.1733,92.8431
232,cnn,baseline,jetson_emulator,100,local,0.5,55.0971,45.2819,55.0971,57.3985,19.4244,167.274,167.274,220.3989,92.71
233,cnn,baseline,jetson_emulator,100,local,0.5,54.9098,45.5027,54.9098,57.0754,19.4354,167.274,167.274,220.563,92.84
234,cnn,baseline,jetson_emulator,100,local,0.5,54.8526,47.2056,54.8526,57.3104,19.4388,167.274,167.274,220.7271,92.7438
235,cnn,baseline,jetson_emulator,100,local,0.5,54.8658,46.8908,54.8658,57.0582,19.438,167.274,167.274,220.8912,92.8319
236,cnn,baseline,jetson_emulator,100,local,0.5,55.3067,45.4529,55.3067,57.2972,19.412,167.274,167.274,221.0553,92.7952
237,cnn,baseline,jetson_emulator,100,local,0.5,55.7148,45.725,55.7148,57.7823,19.3881,167.274,167.274,221.2194,92.723
238,cnn,baseline,jetson_emulator,100,local,0.5,55.1226,45.9836,55.1226,56.8193,19.4229,167.274,167.274,221.3835,92.6863
239,cnn,baseline,jetson_emulator,100,local,0.5,55.9385,46.4508,55.9385,58.8594,19.375,167.274,167.274,221.5476,92.6888
240,cnn,baseline,jetson_emulator,100,offload,0.5,56.115,46.6417,46.6417,48.5861,19.9349,167.274,167.274,215.6095,92.7216
241,cnn,baseline,jetson_emulator,100,offload,0.5,55.2951,46.5818,46.5818,48.9078,19.9386,167.274,167.274,215.7691,92.7185
242,cnn,baseline,jetson_emulator,100,offload,0.5,56.0674,45.9138,45.9138,48.4989,19.9801,167.274,167.274,215.9287,92.7866
243,cnn,baseline,jetson_emulator,100,offload,0.5,55.443,46.6966,46.6966,48.6632,19.9315,167.274,167.274,216.0882,92.7232
244,cnn,baseline,jetson_emulator,100,local,0.5,55.7815,46.0812,55.7815,58.2059,19.3842,167.274,167.274,222.368,92.6736
245,cnn,baseline,jetson_emulator,100,local,0.5,55.6462,47.0709,55.6462,58.4376,19.3921,167.274,167.274,222.5321,92.811
246,cnn,baseline,jetson_emulator,100,offload,0.5,57.0375,46.2501,46.2501,47.7514,19.9592,167.274,167.274,216.567,92.7777
247,cnn,baseline,jetson_emulator,100,offload,0.5,56.3364,46.6336,46.6336,47.8923,19.9354,167.274,167.274,216.7266,92.7993
248,cnn,baseline,jetson_emulator,100,offload,0.5,57.3781,46.7539,46.7539,49.3459,19.928,167.274,167.274,216.8861,92.8252
249,cnn,baseline,jetson_emulator,100,offload,0.5,56.2654,47.4135,47.4135,48.9186,19.8872,167.274,167.274,217.0457,92.778
250,cnn,baseline,jetson_emulator,100,offload,0.5,56.0989,46.9066,46.9066,48.6103,19.9185,167.274,167.274,217.2053,92.8102
251,cnn,baseline,jetson_emulator,100,offload,0.5,56.4623,46.6297,46.6297,48.0307,19.9357,167.274,167.274,217.3649,92.7476
252,cnn,baseline,jetson_emulator,100,local,0.5,56.5268,48.4757,56.5268,59.125,19.3406,167.274,167.274,223.6808,92.7409
253,cnn,baseline,jetson_emulator,100,offload,0.5,57.2117,46.8666,46.8666,49.262,19.921,167.274,167.274,217.684,92.8507
254,cnn,baseline,jetson_emulator,100,offload,0.5,56.7191,46.8698,46.8698,48.4607,19.9208,167.274,167.274,217.8436,92.7853
255,cnn,baseline,jetson_emulator,100,offload,0.5,57.591,46.9372,46.9372,48.9882,19.9166,167.274,167.274,218.0032,92.736
256,cnn,baseline,jetson_emulator,100,local,0.5,56.9937,47.1669,56.9937,60.0415,19.3134,167.274,167.274,224.3372,92.8486
257,cnn,baseline,jetson_emulator,100,offload,0.5,58.0313,47.463,47.463,50.0983,19.8842,167.274,167.274,218.3223,92.843
258,cnn,baseline,jetson_emulator,100,offload,0.5,56.9223,48.0911,48.0911,50.1918,19.8455,167.274,167.274,218.4819,92.7792
259,cnn,baseline,jetson_emulator,100,local,0.5,57.5784,49.9504,57.5784,59.0792,19.2795,167.274,167.274,224.8295,92.7615
260,cnn,baseline,jetson_emulator,100,offload,0.5,57.0243,48.0593,48.0593,50.6481,19.8475,167.274,167.274,218.8011,92.7702
261,cnn,baseline,jetson_emulator,100,local,0.5,57.5935,47.8503,57.5935,59.9036,19.2786,167.274,167.274,225.1577,92.8553
262,cnn,baseline,jetson_emulator,100,local,0.5,57.3692,48.7185,57.3692,59.5655,19.2916,167.274,167.274,225.3218,92.8007
263,cnn,baseline,jetson_emulator,100,local,0.5,58.1342,47.551,58.1342,60.2938,19.2473,167.274,167.274,225.4859,92.7067
264,cnn,baseline,jetson_emulator,100,local,0.5,58.1175,47.9931,58.1175,59.2183,19.2483,167.274,167.274,225.6499,92.6783
265,cnn,baseline,jetson_emulator,100,local,0.5,57.8465,49.5155,57.8465,60.0441,19.2639,167.274,167.274,225.814,92.6553
266,cnn,baseline,jetson_emulator,100,offload,0.5,57.9306,47.6452,47.6452,49.7346,19.8729,167.274,167.274,219.7586,92.6795
267,cnn,baseline,jetson_emulator,100,offload,0.5,58.4067,48.5958,48.5958,51.4934,19.8146,167.274,167.274,219.9181,92.7692
268,cnn,baseline,jetson_emulator,100,offload,0.5,58.4509,48.8663,48.8663,50.3575,19.798,167.274,167.274,220.0777,92.7643
269,cnn,baseline,jetson_emulator,100,local,0.5,58.1959,48.194,58.1959,60.8218,19.2437,167.274,167.274,226.4704,92.8298
270,cnn,baseline,jetson_emulator,100,local,0.5,58.8565,48.5671,58.8565,61.3383,19.2057,167.274,167.274,226.6345,92.7742
271,cnn,baseline,jetson_emulator,100,local,0.5,58.3491,48.8226,58.3491,60.2872,19.2349,167.274,167.274,226.7986,92.6747
272,cnn,baseline,jetson_emulator,100,offload,0.5,58.7704,49.3568,49.3568,52.2576,19.7681,167.274,167.274,220.716,92.6569
273,cnn,baseline,jetson_emulator,100,offload,0.5,58.9546,48.4686,48.4686,50.1847,19.8224,167.274,167.274,220.8756,92.8821
274,cnn,baseline,jetson_emulator,100,offload,0.5,58.9023,49.7218,49.7218,51.7315,19.7459,167.274,167.274,221.0352,92.8127
275,cnn,baseline,jetson_emulator,100,local,0.5,59.5846,49.3619,59.5846,61.3992,19.1639,167.274,167.274,227.455,92.6251
276,cnn,baseline,jetson_emulator,100,offload,0.5,59.3487,49.9318,49.9318,52.4273,19.7331,167.274,167.274,221.3544,92.7555
277,cnn,baseline,jetson_emulator,100,offload,0.5,59.4276,49.3677,49.3677,52.4785,19.7674,167.274,167.274,221.5139,92.7127
278,cnn,baseline,jetson_emulator,100,offload,0.5,59.1524,48.761,48.761,50.6296,19.8045,167.274,167.274,221.6735,92.7413
279,cnn,baseline,jetson_emulator,100,offload,0.5,59.407,48.9666,48.9666,51.0829,19.7919,167.274,167.274,221.8331,92.7944
280,cnn,baseline,jetson_emulator,100,local,0.5,59.5479,49.3111,59.5479,62.0603,19.166,167.274,167.274,228.2755,92.7954
281,cnn,baseline,jetson_emulator,100,local,0.5,60.0015,49.4423,60.0015,61.8276,19.14,167.274,167.274,228.4396,92.8847
282,cnn,baseline,jetson_emulator,100,local,0.5,59.9955,50.9678,59.9955,61.8464,19.1404,167.274,167.274,228.6037,92.7391
283,cnn,baseline,jetson_emulator,100,local,0.5,59.6076,51.0289,59.6076,62.0703,19.1626,167.274,167.274,228.7678,92.8152
284,cnn,baseline,jetson_emulator,100,offload,0.5,59.9288,49.8291,49.8291,51.7346,19.7393,167.274,167.274,222.631,92.7367
285,cnn,baseline,jetson_emulator,100,offload,0.5,60.2467,49.8461,49.8461,52.2093,19.7383,167.274,167.274,222.7906,92.7769
286,cnn,baseline,jetson_emulator,100,offload,0.5,60.3433,50.5159,50.5159,52.2195,19.6977,167.274,167.274,222.9501,92.8038
287,cnn,baseline,jetson_emulator,100,local,0.5,60.6035,50.6776,60.6035,63.2045,19.1057,167.274,167.274,229.4242,92.7709
288,cnn,baseline,jetson_emulator,100,offload,0.5,60.1629,50.0518,50.0518,53.5378,19.7258,167.274,167.274,223.2693,92.7823
289,cnn,baseline,jetson_emulator,100,local,0.5,60.7129,50.2824,60.7129,62.629,19.0995,167.274,167.274,229.7523,92.78
290,cnn,baseline,jetson_emulator,100,local,0.5,60.4924,50.7135,60.4924,62.7618,19.112,167.274,167.274,229.9164,92.8496
291,cnn,baseline,jetson_emulator,100,offload,0.5,60.9083,51.9044,51.9044,53.6895,19.614,167.274,167.274,223.748,92.6584
292,cnn,baseline,jetson_emulator,100,offload,0.5,60.6614,51.1583,51.1583,53.2161,19.6589,167.274,167.274,223.9076,92.7251
293,cnn,baseline,jetson_emulator,100,local,0.5,61.2687,50.4263,61.2687,63.483,19.0679,167.274,167.274,230.4087,92.802
294,cnn,baseline,jetson_emulator,100,local,0.5,61.7568,50.4789,61.7568,63.7002,19.0403,167.274,167.274,230.5728,92.7743
295,cnn,baseline,jetson_emulator,100,offload,0.5,62.0214,50.5794,50.5794,53.2842,19.6939,167.274,167.274,224.3864,92.7626
296,cnn,baseline,jetson_emulator,100,offload,0.5,61.7824,52.319,52.319,54.5378,19.5892,167.274,167.274,224.5459,92.828
297,cnn,baseline,jetson_emulator,100,local,0.5,61.4679,50.772,61.4679,63.6521,19.0566,167.274,167.274,231.0651,92.8776
298,cnn,baseline,jetson_emulator,100,offload,0.5,61.8563,51.0374,51.0374,53.7507,19.6662,167.274,167.274,224.8651,92.7938
299,cnn,baseline,jetson_emulator,100,local,0.5,61.8512,51.0322,61.8512,64.3055,19.0349,167.274,167.274,231.3933,92.7406
300,cnn,baseline,jetson_emulator,100,offload,0.5,61.937,50.9536,50.9536,53.4525,19.6713,167.274,167.274,225.1843,92.8033
301,cnn,baseline,jetson_emulator,100,offload,0.5,62.3959,51.5183,51.5183,53.5441,19.6372,167.274,167.274,225.3438,92.7815
302,cnn,baseline,jetson_emulator,100,local,0.5,61.8635,52.5959,61.8635,64.144,19.0342,167.274,167.274,231.8856,92.7324
303,cnn,baseline,jetson_emulator,100,local,0.5,62.2421,51.2737,62.2421,64.3881,19.0129,167.274,167.274,232.0497,92.8383
304,cnn,baseline,jetson_emulator,100,offload,0.5,62.8085,51.3896,51.3896,53.0482,19.645,167.274,167.274,225.8226,92.9007
305,cnn,baseline,jetson_emulator,100,local,0.5,62.6512,51.5258,62.6512,64.1287,18.9898,167.274,167.274,232.3779,92.7532
306,cnn,baseline,jetson_emulator,100,local,0.5,62.3627,52.2021,62.3627,64.4645,19.0061,167.274,167.274,232.542,92.7132
307,cnn,baseline,jetson_emulator,100,offload,0.5,62.9876,52.2885,52.2885,55.0395,19.591,167.274,167.274,226.3013,92.7232
308,cnn,baseline,jetson_emulator,100,local,0.5,62.965,51.9694,62.965,65.4892,18.9722,167.274,167.274,232.8702,92.8258
309,cnn,baseline,jetson_emulator,100,offload,0.5,63.5988,52.2508,52.2508,55.0389,19.5933,167.274,167.274,226.6205,92.7304
310,cnn,baseline,jetson_emulator,100,local,0.5,62.8965,53.2197,62.8965,64.8437,18.9761,167.274,167.274,233.1984,92.8217
311,cnn,baseline,jetson_emulator,100,local,0.5,63.2917,52.1154,63.2917,65.8512,18.9539,167.274,167.274,233.3625,92.7676
312,cnn,baseline,jetson_emulator,100,offload,0.5,63.543,52.5317,52.5317,55.0103,19.5765,167.274,167.274,227.0992,92.8198
313,cnn,baseline,jetson_emulator,100,offload,0.5,64.5347,52.7868,52.7868,55.3283,19.5613,167.274,167.274,227.2588,92.7605
314,cnn,baseline,jetson_emulator,100,local,0.5,63.3806,52.7339,63.3806,66.0332,18.9489,167.274,167.274,233.8547,92.7845
315,cnn,baseline,jetson_emulator,100,local,0.5,63.741,52.6639,63.741,65.7374,18.9288,167.274,167.274,234.0188,92.652
316,cnn,baseline,jetson_emulator,100,local,0.5,64.1065,52.9664,64.1065,66.9249,18.9084,167.274,167.274,234.1829,92.7271
317,cnn,baseline,jetson_emulator,100,local,0.5,64.0404,53.4455,64.0404,66.1217,18.912,167.274,167.274,234.347,92.7715
318,cnn,baseline,jetson_emulator,100,offload,0.5,64.0061,52.8819,52.8819,55.364,19.5556,167.274,167.274,228.0567,92.7565
319,cnn,baseline,jetson_emulator,100,local,0.5,64.1291,52.7578,64.1291,66.002,18.9071,167.274,167.274,234.6752,92.6609
320,cnn,baseline,jetson_emulator,100,offload,0.5,64.1635,52.9844,52.9844,54.7117,19.5495,167.274,167.274,228.3758,92.7822
321,cnn,baseline,jetson_emulator,100,offload,0.5,64.5696,54.05,54.05,56.4188,19.4862,167.274,167.274,228.5354,92.796
322,cnn,baseline,jetson_emulator,100,local,0.5,64.701,53.2458,64.701,66.7761,18.8753,167.274,167.274,235.1675,92.7626
323,cnn,baseline,jetson_emulator,100,offload,0.5,64.8866,53.3185,53.3185,55.1998,19.5296,167.274,167.274,228.8546,92.84
324,cnn,baseline,jetson_emulator,100,local,0.5,64.6307,54.7178,64.6307,66.949,18.8792,167.274,167.274,235.4957,92.7168
325,cnn,baseline,jetson_emulator,100,offload,0.5,64.5601,53.5862,53.5862,56.1702,19.5137,167.274,167.274,229.1737,92.6911
326,cnn,baseline,jetson_emulator,100,offload,0.5,64.6962,53.6241,53.6241,55.7932,19.5114,167.274,167.274,229.3333,92.7436
327,cnn,baseline,jetson_emulator,100,local,0.5,64.9165,53.4643,64.9165,66.6144,18.8633,167.274,167.274,235.988,92.8143
328,cnn,baseline,jetson_emulator,100,local,0.5,65.7202,54.7369,65.7202,67.6636,18.8188,167.274,167.274,236.1521,92.702
329,cnn,baseline,jetson_emulator,100,offload,0.5,65.2143,54.8094,54.8094,56.9689,19.4413,167.274,167.274,229.8121,92.7848
330,cnn,baseline,jetson_emulator,100,local,0.5,65.3049,54.3874,65.3049,66.7402,18.8418,167.274,167.274,236.4803,92.8102
331,cnn,baseline,jetson_emulator,100,offload,0.5,65.4002,54.9792,54.9792,57.1473,19.4313,167.274,167.274,230.1312,92.8135
332,cnn,baseline,jetson_emulator,100,offload,0.5,65.4379,55.0282,55.0282,57.0234,19.4284,167.274,167.274,230.2908,92.803
333,cnn,baseline,jetson_emulator,100,offload,0.5,65.5537,55.172,55.172,56.6342,19.42,167.274,167.274,230.4504,92.7805
334,cnn,baseline,jetson_emulator,100,local,0.5,65.3754,54.354,65.3754,67.9023,18.8379,167.274,167.274,237.1367,92.6722
335,cnn,baseline,jetson_emulator,100,offload,0.5,66.3335,54.0898,54.0898,56.1261,19.4838,167.274,167.274,230.7695,92.7511
336,cnn,baseline,jetson_emulator,100,local,0.5,65.5417,54.1778,65.5417,67.1844,18.8287,167.274,167.274,237.4648,92.7468
337,cnn,baseline,jetson_emulator,100,local,0.5,65.6968,57.0373,65.6968,68.613,18.8201,167.274,167.274,237.6289,92.7915
338,cnn,baseline,jetson_emulator,100,local,0.5,66.771,54.9343,66.771,69.5432,18.761,167.274,167.274,237.793,92.7888
339,cnn,baseline,jetson_emulator,100,local,0.5,66.4188,55.3739,66.4188,68.6734,18.7803,167.274,167.274,237.9571,92.7015
340,cnn,baseline,jetson_emulator,100,offload,0.5,66.0732,55.1878,55.1878,56.8037,19.419,167.274,167.274,231.5674,92.7827
341,cnn,baseline,jetson_emulator,100,offload,0.5,66.1246,55.1952,55.1952,57.6404,19.4186,167.274,167.274,231.727,92.8019
342,cnn,baseline,jetson_emulator,100,offload,0.5,66.5246,54.7795,54.7795,56.9724,19.4431,167.274,167.274,231.8866,92.7504
343,cnn,baseline,jetson_emulator,100,local,0.5,66.3037,55.1772,66.3037,69.4948,18.7867,167.274,167.274,238.6135,92.7371
344,cnn,baseline,jetson_emulator,100,offload,0.5,66.952,55.1208,55.1208,57.4863,19.423,167.274,167.274,232.2058,92.7393
345,cnn,baseline,jetson_emulator,100,local,0.5,66.4946,55.9082,66.4946,68.1979,18.7762,167.274,167.274,238.9417,92.7697
346,cnn,baseline,jetson_emulator,100,local,0.5,66.6154,55.2127,66.6154,68.126,18.7695,167.274,167.274,239.1058,92.7719
347,cnn,baseline,jetson_emulator,100,local,0.5,66.5302,55.0518,66.5302,68.1986,18.7742,167.274,167.274,239.2699,92.7923
348,cnn,baseline,jetson_emulator,100,local,0.5,67.3087,55.7051,67.3087,68.9074,18.7315,167.274,167.274,239.434,92.8783
349,cnn,baseline,jetson_emulator,100,offload,0.5,66.6782,56.1545,56.1545,57.8241,19.3624,167.274,167.274,233.0036,92.7148
350,cnn,baseline,jetson_emulator,100,local,0.5,66.7778,56.4616,66.7778,68.9847,18.7606,167.274,167.274,239.7622,92.7973
351,cnn,baseline,jetson_emulator,100,local,0.5,66.9177,55.4138,66.9177,68.8218,18.7529,167.274,167.274,239.9263,92.8029
352,cnn,baseline,jetson_emulator,100,local,0.5,66.9092,56.1928,66.9092,69.2719,18.7534,167.274,167.274,240.0904,92.7415
353,cnn,baseline,jetson_emulator,100,offload,0.5,68.3939,55.4435,55.4435,57.7741,19.404,167.274,167.274,233.642,92.6936
354,cnn,baseline,jetson_emulator,100,local,0.5,67.1917,55.4558,67.1917,69.3879,18.7379,167.274,167.274,240.4186,92.866
355,cnn,baseline,jetson_emulator,100,local,0.5,67.6224,55.4308,67.6224,70.2204,18.7144,167.274,167.274,240.5827,92.7173
356,cnn,baseline,jetson_emulator,100,local,0.5,67.6007,55.8782,67.6007,69.3788,18.7155,167.274,167.274,240.7468,92.7471
357,cnn,baseline,jetson_emulator,100,offload,0.5,67.7964,56.1534,56.1534,58.4688,19.3624,167.274,167.274,234.2803,92.7806
358,cnn,baseline,jetson_emulator,100,offload,0.5,67.7322,55.8634,55.8634,58.048,19.3794,167.274,167.274,234.4399,92.7227
359,cnn,baseline,jetson_emulator,100,offload,0.5,67.7853,56.2925,56.2925,59.3202,19.3543,167.274,167.274,234.5994,92.7494
360,cnn,baseline,jetson_emulator,100,offload,0.5,67.538,55.8208,55.8208,57.8094,19.3819,167.274,167.274,234.759,92.6835
361,cnn,baseline,jetson_emulator,100,offload,0.5,68.0662,55.9825,55.9825,57.917,19.3724,167.274,167.274,234.9186,92.7549
362,cnn,baseline,jetson_emulator,100,offload,0.5,67.9118,56.7149,56.7149,59.2732,19.3296,167.274,167.274,235.0782,92.8413
363,cnn,baseline,jetson_emulator,100,local,0.5,67.8546,56.7388,67.8546,70.2609,18.7017,167.274,167.274,241.8954,92.7913
364,cnn,baseline,jetson_emulator,100,offload,0.5,69.173,56.2324,56.2324,59.0497,19.3578,167.274,167.274,235.3973,92.7219
365,cnn,baseline,jetson_emulator,100,local,0.5,68.3075,56.101,68.3075,70.2555,18.677,167.274,167.274,242.2236,92.8165
366,cnn,baseline,jetson_emulator,100,offload,0.5,67.7242,56.1035,56.1035,58.1436,19.3653,167.274,167.274,235.7165,92.7586
367,cnn,baseline,jetson_emulator,100,local,0.5,67.9576,56.7366,67.9576,70.35,18.6961,167.274,167.274,242.5518,92.7855
368,cnn,baseline,jetson_emulator,100,local,0.5,68.1224,56.9777,68.1224,71.2577,18.6871,167.274,167.274,242.7159,92.7544
369,cnn,baseline,jetson_emulator,100,local,0.5,67.9167,56.0592,67.9167,69.9086,18.6983,167.274,167.274,242.88,92.7661
370,cnn,baseline,jetson_emulator,100,local,0.5,68.2425,56.359,68.2425,70.805,18.6806,167.274,167.274,243.0441,92.7428
371,cnn,baseline,jetson_emulator,100,local,0.5,67.988,56.9244,67.988,70.4692,18.6944,167.274,167.274,243.2082,92.6677
372,cnn,baseline,jetson_emulator,100,offload,0.5,68.1008,56.1663,56.1663,58.8391,19.3617,167.274,167.274,236.674,92.7563
373,cnn,baseline,jetson_emulator,100,local,0.5,68.0132,57.227,68.0132,70.0722,18.693,167.274,167.274,243.5364,92.7439
374,cnn,baseline,jetson_emulator,100,local,0.5,68.3063,56.4875,68.3063,70.7437,18.6771,167.274,167.274,243.7005,92.7782
375,cnn,baseline,jetson_emulator,100,offload,0.5,68.8001,57.2987,57.2987,59.5227,19.2957,167.274,167.274,237.1527,92.7138
376,cnn,baseline,jetson_emulator,100,local,0.5,68.1946,56.3643,68.1946,70.4334,18.6832,167.274,167.274,244.0287,92.7488
377,cnn,baseline,jetson_emulator,100,offload,0.5,68.3517,57.2421,57.2421,58.5583,19.299,167.274,167.274,237.4719,92.8405
378,cnn,baseline,jetson_emulator,100,local,0.5,68.4956,57.7613,68.4956,70.0693,18.6668,167.274,167.274,244.3569,92.7555
379,cnn,baseline,jetson_emulator,100,local,0.5,68.3462,56.5111,68.3462,69.7282,18.6749,167.274,167.274,244.521,92.7828
380,cnn,baseline,jetson_emulator,100,local,0.5,68.217,56.5294,68.217,70.5982,18.6819,167.274,167.274,244.6851,92.7278
381,cnn,baseline,jetson_emulator,100,local,0.5,68.3304,56.7998,68.3304,70.5355,18.6758,167.274,167.274,244.8492,92.69
382,cnn,baseline,jetson_emulator,100,local,0.5,69.1351,57.0983,69.1351,71.2818,18.6321,167.274,167.274,245.0133,92.7481
383,cnn,baseline,jetson_emulator,100,local,0.5,68.9635,57.4742,68.9635,71.7018,18.6414,167.274,167.274,245.1773,92.8248
384,cnn,baseline,jetson_emulator,100,offload,0.5,70.2449,56.6494,56.6494,59.0522,19.3335,167.274,167.274,238.5889,92.8279
385,cnn,baseline,jetson_emulator,100,offload,0.5,68.374,57.9062,57.9062,60.465,19.2605,167.274,167.274,238.7485,92.6979
386,cnn,baseline,jetson_emulator,100,local,0.5,68.5182,57.3157,68.5182,70.6205,18.6656,167.274,167.274,245.6696,92.7063
387,cnn,baseline,jetson_emulator,100,local,0.5,69.4081,57.1896,69.4081,71.0199,18.6173,167.274,167.274,245.8337,92.7823
388,cnn,baseline,jetson_emulator,100,offload,0.5,69.6502,57.0559,57.0559,59.8755,19.3098,167.274,167.274,239.2272,92.6976
389,cnn,baseline,jetson_emulator,100,offload,0.5,69.262,57.3396,57.3396,58.9226,19.2933,167.274,167.274,239.3868,92.7349
390,cnn,baseline,jetson_emulator,100,offload,0.5,68.552,59.1185,59.1185,61.2238,19.1906,167.274,167.274,239.5464,92.7749
391,cnn,baseline,jetson_emulator,100,offload,0.5,69.7399,57.3327,57.3327,59.415,19.2937,167.274,167.274,239.706,92.8149
392,cnn,baseline,jetson_emulator,100,local,0.5,68.8885,57.2479,68.8885,70.8201,18.6455,167.274,167.274,246.6542,92.7875
393,cnn,baseline,jetson_emulator,100,local,0.5,68.8788,56.7974,68.8788,71.362,18.646,167.274,167.274,246.8183,92.7932
394,cnn,baseline,jetson_emulator,100,offload,0.5,69.6473,56.9972,56.9972,58.9893,19.3132,167.274,167.274,240.1847,92.7624
395,cnn,baseline,jetson_emulator,100,offload,0.5,68.59,58.1315,58.1315,60.5365,19.2475,167.274,167.274,240.3443,92.7202
396,cnn,baseline,jetson_emulator,100,offload,0.5,68.8503,57.3076,57.3076,59.4954,19.2952,167.274,167.274,240.5039,92.7682
397,cnn,baseline,jetson_emulator,100,local,0.5,69.0614,57.9745,69.0614,71.471,18.6361,167.274,167.274,247.4747,92.7167
398,cnn,baseline,jetson_emulator,100,local,0.5,69.142,56.7652,69.142,71.8148,18.6317,167.274,167.274,247.6388,92.7393
399,cnn,baseline,jetson_emulator,100,local,0.5,68.9562,56.8441,68.9562,70.537,18.6418,167.274,167.274,247.8029,92.8259
400,cnn,baseline,jetson_emulator,100,offload,0.5,69.4004,57.8369,57.8369,60.1255,19.2645,167.274,167.274,241.1422,92.7776
401,cnn,baseline,jetson_emulator,100,local,0.5,69.4754,56.7385,69.4754,71.82,18.6137,167.274,167.274,248.1311,92.7775
402,cnn,baseline,jetson_emulator,100,local,0.5,68.7848,57.198,68.7848,70.8778,18.6511,167.274,167.274,248.2952,92.7268
403,cnn,baseline,jetson_emulator,100,local,0.5,68.5901,57.1815,68.5901,71.2543,18.6617,167.274,167.274,248.4593,92.7645
404,cnn,baseline,jetson_emulator,100,local,0.5,69.4204,57.154,69.4204,72.1022,18.6167,167.274,167.274,248.6234,92.8054
405,cnn,baseline,jetson_emulator,100,local,0.5,68.6849,58.0804,68.6849,71.228,18.6565,167.274,167.274,248.7875,92.7676
406,cnn,baseline,jetson_emulator,100,local,0.5,69.2785,57.4792,69.2785,71.3999,18.6243,167.274,167.274,248.9516,92.8094
407,cnn,baseline,jetson_emulator,100,local,0.5,68.9861,58.1804,68.9861,71.349,18.6402,167.274,167.274,249.1156,92.8114
408,cnn,baseline,jetson_emulator,100,offload,0.5,68.6419,56.7213,56.7213,58.6159,19.3293,167.274,167.274,242.4188,92.7533
409,cnn,baseline,jetson_emulator,100,local,0.5,69.35,57.6081,69.35,70.8582,18.6205,167.274,167.274,249.4438,92.7779
410,cnn,baseline,jetson_emulator,100,offload,0.5,68.6794,57.1692,57.1692,59.6191,19.3032,167.274,167.274,242.738,92.8597
411,cnn,baseline,jetson_emulator,100,local,0.5,68.9691,57.971,68.9691,71.4825,18.6411,167.274,167.274,249.772,92.641
412,cnn,baseline,jetson_emulator,100,local,0.5,69.676,57.5073,69.676,72.0891,18.6029,167.274,167.274,249.9361,92.7407
413,cnn,baseline,jetson_emulator,100,local,0.5,68.7446,56.8821,68.7446,70.5087,18.6533,167.274,167.274,250.1002,92.7631
414,cnn,baseline,jetson_emulator,100,offload,0.5,69.419,57.0453,57.0453,59.5553,19.3104,167.274,167.274,243.3763,92.6486
415,cnn,baseline,jetson_emulator,100,offload,0.5,69.0187,56.9178,56.9178,58.9438,19.3178,167.274,167.274,243.5359,92.7908
416,cnn,baseline,jetson_emulator,100,offload,0.5,69.3854,56.9756,56.9756,59.346,19.3145,167.274,167.274,243.6955,92.7548
417,cnn,baseline,jetson_emulator,100,local,0.5,69.0412,58.8508,69.0412,71.6374,18.6372,167.274,167.274,250.7566,92.7842
418,cnn,baseline,jetson_emulator,100,local,0.5,69.6683,58.1175,69.6683,71.4606,18.6033,167.274,167.274,250.9207,92.8037
419,cnn,baseline,jetson_emulator,100,local,0.5,69.265,56.9607,69.265,71.4583,18.6251,167.274,167.274,251.0848,92.7472
420,cnn,baseline,jetson_emulator,100,local,0.5,69.0801,58.1527,69.0801,71.4384,18.6351,167.274,167.274,251.2489,92.7641
421,cnn,baseline,jetson_emulator,100,offload,0.5,69.2836,57.6928,57.6928,59.4434,19.2728,167.274,167.274,244.4934,92.7859
422,cnn,baseline,jetson_emulator,100,offload,0.5,69.2476,57.231,57.231,59.1141,19.2996,167.274,167.274,244.6529,92.745
423,cnn,baseline,jetson_emulator,100,offload,0.5,69.0363,58.5002,58.5002,59.7096,19.2262,167.274,167.274,244.8125,92.7097
424,cnn,baseline,jetson_emulator,100,offload,0.5,68.8073,57.7014,57.7014,60.0771,19.2723,167.274,167.274,244.9721,92.7518
425,cnn,baseline,jetson_emulator,100,offload,0.5,69.4034,57.4384,57.4384,59.2066,19.2876,167.274,167.274,245.1317,92.7692
426,cnn,baseline,jetson_emulator,100,offload,0.5,68.5966,57.2698,57.2698,59.6212,19.2974,167.274,167.274,245.2913,92.7943
427,cnn,baseline,jetson_emulator,100,local,0.5,69.3487,57.1406,69.3487,72.2721,18.6205,167.274,167.274,252.3976,92.7646
428,cnn,baseline,jetson_emulator,100,local,0.5,68.5956,56.6486,68.5956,71.1179,18.6614,167.274,167.274,252.5617,92.7165
429,cnn,baseline,jetson_emulator,100,local,0.5,69.1633,58.5885,69.1633,70.7535,18.6306,167.274,167.274,252.7258,92.7471
430,cnn,baseline,jetson_emulator,100,offload,0.5,69.3227,56.6308,56.6308,58.3328,19.3345,167.274,167.274,245.9296,92.7469
431,cnn,baseline,jetson_emulator,100,offload,0.5,68.8478,56.6541,56.6541,58.2045,19.3332,167.274,167.274,246.0892,92.8107
432,cnn,baseline,jetson_emulator,100,local,0.5,68.5878,57.5446,68.5878,71.2649,18.6618,167.274,167.274,253.218,92.8445
433,cnn,baseline,jetson_emulator,100,offload,0.5,68.5795,57.4995,57.4995,60.2025,19.284,167.274,167.274,246.4083,92.7269
434,cnn,baseline,jetson_emulator,100,offload,0.5,68.5016,56.925,56.925,59.3985,19.3174,167.274,167.274,246.5679,92.7532
435,cnn,baseline,jetson_emulator,100,local,0.5,68.4147,57.7169,68.4147,70.9927,18.6712,167.274,167.274,253.7103,92.7549
436,cnn,baseline,jetson_emulator,100,offload,0.5,69.0641,56.7362,56.7362,58.8515,19.3284,167.274,167.274,246.8871,92.7191
437,cnn,baseline,jetson_emulator,100,local,0.5,69.4804,56.6754,69.4804,71.4213,18.6134,167.274,167.274,254.0385,92.6568
438,cnn,baseline,jetson_emulator,100,local,0.5,68.4008,57.0935,68.4008,70.463,18.6719,167.274,167.274,254.2026,92.6997
439,cnn,baseline,jetson_emulator,100,offload,0.5,68.4246,56.6013,56.6013,58.7164,19.3363,167.274,167.274,247.3658,92.7915
440,cnn,baseline,jetson_emulator,100,offload,0.5,68.6716,57.2831,57.2831,59.8599,19.2966,167.274,167.274,247.5254,92.7578
441,cnn,baseline,jetson_emulator,100,local,0.5,68.8055,56.6242,68.8055,70.897,18.65,167.274,167.274,254.6949,92.7629
442,cnn,baseline,jetson_emulator,100,offload,0.5,68.8702,57.6333,57.6333,59.6441,19.2763,167.274,167.274,247.8445,92.8084
443,cnn,baseline,jetson_emulator,100,offload,0.5,68.5048,56.5542,56.5542,58.749,19.339,167.274,167.274,248.0041,92.767
444,cnn,baseline,jetson_emulator,100,local,0.5,68.6991,56.5513,68.6991,70.757,18.6557,167.274,167.274,255.1872,92.7685
445,cnn,baseline,jetson_emulator,100,offload,0.5,68.6117,56.7272,56.7272,59.1533,19.3289,167.274,167.274,248.3233,92.863
446,cnn,baseline,jetson_emulator,100,offload,0.5,69.3327,56.4973,56.4973,59.0648,19.3423,167.274,167.274,248.4829,92.8806
447,cnn,baseline,jetson_emulator,100,offload,0.5,68.583,57.1943,57.1943,59.7845,19.3018,167.274,167.274,248.6424,92.7369
448,cnn,baseline,jetson_emulator,100,local,0.5,69.0312,57.6851,69.0312,70.9454,18.6377,167.274,167.274,255.8436,92.7387
449,cnn,baseline,jetson_emulator,100,offload,0.5,69.3162,57.1125,57.1125,59.062,19.3065,167.274,167.274,248.9616,92.6814
450,cnn,baseline,jetson_emulator,100,local,0.5,68.3439,56.677,68.3439,70.7941,18.675,167.274,167.274,256.1718,92.8181
451,cnn,baseline,jetson_emulator,100,local,0.5,68.3034,56.4818,68.3034,70.6343,18.6772,167.274,167.274,256.3359,92.7433
452,cnn,baseline,jetson_emulator,100,offload,0.5,68.3971,57.4598,57.4598,59.7278,19.2863,167.274,167.274,249.4403,92.6468
453,cnn,baseline,jetson_emulator,100,local,0.5,69.3277,58.0001,69.3277,71.8163,18.6217,167.274,167.274,256.6641,92.7731
454,cnn,baseline,jetson_emulator,100,local,0.5,68.625,56.6364,68.625,71.1571,18.6598,167.274,167.274,256.8282,92.7434
455,cnn,baseline,jetson_emulator,100,offload,0.5,68.3997,57.0704,57.0704,59.4031,19.309,167.274,167.274,249.9191,92.7823
456,cnn,baseline,jetson_emulator,100,local,0.5,68.7515,57.0192,68.7515,70.9353,18.6529,167.274,167.274,257.1563,92.7468
457,cnn,baseline,jetson_emulator,100,offload,0.5,69.0185,56.7558,56.7558,59.2085,19.3273,167.274,167.274,250.2382,92.7824
458,cnn,baseline,jetson_emulator,100,local,0.5,68.8739,57.1205,68.8739,71.159,18.6463,167.274,167.274,257.4845,92.8539
459,cnn,baseline,jetson_emulator,100,local,0.5,68.8715,57.1302,68.8715,71.3774,18.6464,167.274,167.274,257.6486,92.7459
460,cnn,baseline,jetson_emulator,100,offload,0.5,68.8716,57.8764,57.8764,60.4779,19.2622,167.274,167.274,250.717,92.8327
461,cnn,baseline,jetson_emulator,100,local,0.5,69.2614,57.36,69.2614,71.2363,18.6253,167.274,167.274,257.9768,92.778
462,cnn,baseline,jetson_emulator,100,local,0.5,69.2338,56.9379,69.2338,71.0131,18.6268,167.274,167.274,258.1409,92.7635
463,cnn,baseline,jetson_emulator,100,local,0.5,68.5816,57.1335,68.5816,70.6889,18.6621,167.274,167.274,258.305,92.7893
464,cnn,baseline,jetson_emulator,100,local,0.5,68.7159,56.8311,68.7159,70.7482,18.6548,167.274,167.274,258.4691,92.7981
465,cnn,baseline,jetson_emulator,100,offload,0.5,68.646,57.9215,57.9215,59.8045,19.2596,167.274,167.274,251.5149,92.6533
466,cnn,baseline,jetson_emulator,100,local,0.5,68.7194,58.0446,68.7194,69.978,18.6546,167.274,167.274,258.7973,92.7247
467,cnn,baseline,jetson_emulator,100,local,0.5,68.5171,56.7361,68.5171,70.8935,18.6656,167.274,167.274,258.9614,92.7448
468,cnn,baseline,jetson_emulator,100,offload,0.5,68.8375,56.5461,56.5461,58.7494,19.3395,167.274,167.274,251.9936,92.8053
469,cnn,baseline,jetson_emulator,100,offload,0.5,68.5927,56.5145,56.5145,58.1176,19.3413,167.274,167.274,252.1532,92.7701
470,cnn,baseline,jetson_emulator,100,offload,0.5,68.7627,57.1706,57.1706,59.1316,19.3031,167.274,167.274,252.3128,92.795
471,cnn,baseline,jetson_emulator,100,offload,0.5,68.716,56.6369,56.6369,58.4882,19.3342,167.274,167.274,252.4723,92.6856
472,cnn,baseline,jetson_emulator,100,offload,0.5,69.4964,56.9655,56.9655,59.4807,19.3151,167.274,167.274,252.6319,92.7474
473,cnn,baseline,jetson_emulator,100,local,0.5,68.8077,56.6682,68.8077,71.0608,18.6498,167.274,167.274,259.946,92.7743
474,cnn,baseline,jetson_emulator,100,offload,0.5,69.2193,56.9543,56.9543,59.5653,19.3157,167.274,167.274,252.9511,92.7462
475,cnn,baseline,jetson_emulator,100,offload,0.5,68.7177,56.8631,56.8631,59.3362,19.321,167.274,167.274,253.1107,92.7999
476,cnn,baseline,jetson_emulator,100,offload,0.5,69.5291,57.1003,57.1003,59.1405,19.3072,167.274,167.274,253.2702,92.8006
477,cnn,baseline,jetson_emulator,100,offload,0.5,68.6058,57.6954,57.6954,59.5831,19.2727,167.274,167.274,253.4298,92.8005
478,cnn,baseline,jetson_emulator,100,offload,0.5,68.8668,57.633,57.633,59.415,19.2763,167.274,167.274,253.5894,92.7504
479,cnn,baseline,jetson_emulator,100,local,0.5,68.7017,58.2075,68.7017,70.8587,18.6556,167.274,167.274,260.9305,92.7188
480,cnn,baseline,jetson_emulator,100,offload,0.5,69.0605,58.0414,58.0414,61.1522,19.2527,167.274,167.274,253.9086,92.7589
481,cnn,baseline,jetson_emulator,100,offload,0.5,69.0704,56.9443,56.9443,59.6183,19.3163,167.274,167.274,254.0681,92.7365
482,cnn,baseline,jetson_emulator,100,local,0.5,68.7613,57.428,68.7613,70.3985,18.6524,167.274,167.274,261.4228,92.6987
483,cnn,baseline,jetson_emulator,100,offload,0.5,69.153,58.496,58.496,60.4152,19.2264,167.274,167.274,254.3873,92.7256
484,cnn,baseline,jetson_emulator,100,local,0.5,68.7201,57.07,68.7201,71.0214,18.6546,167.274,167.274,261.751,92.7603
485,cnn,baseline,jetson_emulator,100,local,0.5,69.0556,57.02,69.0556,71.5483,18.6364,167.274,167.274,261.9151,92.7799
486,cnn,baseline,jetson_emulator,100,local,0.5,68.9708,57.4786,68.9708,71.1062,18.641,167.274,167.274,262.0792,92.7175
487,cnn,baseline,jetson_emulator,100,offload,0.5,69.0905,57.3688,57.3688,60.103,19.2916,167.274,167.274,255.0256,92.7436
488,cnn,baseline,jetson_emulator,100,offload,0.5,69.2794,57.2987,57.2987,59.1037,19.2957,167.274,167.274,255.1852,92.7971
489,cnn,baseline,jetson_emulator,100,local,0.5,69.0229,57.3513,69.0229,70.3466,18.6382,167.274,167.274,262.5715,92.7009
490,cnn,baseline,jetson_emulator,100,local,0.5,69.6708,57.6219,69.6708,71.4523,18.6031,167.274,167.274,262.7356,92.7117
491,cnn,baseline,jetson_emulator,100,local,0.5,69.679,58.1891,69.679,70.871,18.6027,167.274,167.274,262.8997,92.8317
492,cnn,baseline,jetson_emulator,100,offload,0.5,69.8341,58.4148,58.4148,60.6648,19.2311,167.274,167.274,255.8235,92.7188
493,cnn,baseline,jetson_emulator,100,offload,0.5,69.8813,57.791,57.791,59.6733,19.2671,167.274,167.274,255.9831,92.9054
494,cnn,baseline,jetson_emulator,100,offload,0.5,69.2179,57.3299,57.3299,59.6323,19.2939,167.274,167.274,256.1427,92.7546
495,cnn,baseline,jetson_emulator,100,offload,0.5,69.3938,58.0751,58.0751,60.3135,19.2507,167.274,167.274,256.3022,92.815
496,cnn,baseline,jetson_emulator,100,offload,0.5,69.8435,57.4096,57.4096,59.24,19.2893,167.274,167.274,256.4618,92.8419
497,cnn,baseline,jetson_emulator,100,offload,0.5,69.5443,58.505,58.505,61.5032,19.2259,167.274,167.274,256.6214,92.7037
498,cnn,baseline,jetson_emulator,100,local,0.5,69.797,57.9555,69.797,71.8061,18.5963,167.274,167.274,264.0484,92.7109
499,cnn,baseline,jetson_emulator,100,local,0.5,69.7211,57.4435,69.7211,71.2212,18.6004,167.274,167.274,264.2125,92.8409
500,cnn,baseline,jetson_emulator,100,local,0.5,69.5218,58.7904,69.5218,71.2367,18.6112,167.274,167.274,264.3766,92.7904
501,cnn,baseline,jetson_emulator,100,local,0.5,69.6671,58.2761,69.6671,71.9071,18.6033,167.274,167.274,264.5407,92.6963
502,cnn,baseline,jetson_emulator,100,offload,0.5,69.5692,57.7527,57.7527,60.682,19.2694,167.274,167.274,257.4193,92.7983
503,cnn,baseline,jetson_emulator,100,offload,0.5,69.9558,58.9281,58.9281,60.9896,19.2015,167.274,167.274,257.5789,92.7034
504,cnn,baseline,jetson_emulator,100,offload,0.5,70.1627,57.8358,57.8358,59.8967,19.2646,167.274,167.274,257.7385,92.7748
505,cnn,baseline,jetson_emulator,100,local,0.5,70.568,58.9471,70.568,73.0483,18.5549,167.274,167.274,265.197,92.7178
506,cnn,baseline,jetson_emulator,100,offload,0.5,69.9464,57.7822,57.7822,59.8175,19.2677,167.274,167.274,258.0576,92.6965
507,cnn,baseline,jetson_emulator,100,offload,0.5,70.0523,58.238,58.238,60.1993,19.2413,167.274,167.274,258.2172,92.7522
508,cnn,baseline,jetson_emulator,100,local,0.5,70.6805,59.5485,70.6805,72.003,18.5488,167.274,167.274,265.6893,92.7985
509,cnn,baseline,jetson_emulator,100,local,0.5,70.1783,59.0708,70.1783,72.144,18.5758,167.274,167.274,265.8534,92.7419
510,cnn,baseline,jetson_emulator,100,local,0.5,70.2829,58.7793,70.2829,73.3234,18.5702,167.274,167.274,266.0175,92.7309
511,cnn,baseline,jetson_emulator,100,offload,0.5,70.2586,58.2923,58.2923,60.5449,19.2382,167.274,167.274,258.8555,92.6895
512,cnn,baseline,jetson_emulator,100,offload,0.5,71.0776,58.0364,58.0364,60.3436,19.253,167.274,167.274,259.0151,92.8092
513,cnn,baseline,jetson_emulator,100,local,0.5,70.32,58.3165,70.32,72.0811,18.5682,167.274,167.274,266.5098,92.756
514,cnn,baseline,jetson_emulator,100,local,0.5,70.8555,59.7412,70.8555,72.3725,18.5394,167.274,167.274,266.6739,92.766
515,cnn,baseline,jetson_emulator,100,offload,0.5,71.1283,58.815,58.815,60.2063,19.2081,167.274,167.274,259.4938,92.7341
516,cnn,baseline,jetson_emulator,100,local,0.5,71.8356,59.0729,71.8356,74.0478,18.4871,167.274,167.274,267.0021,92.7766
517,cnn,baseline,jetson_emulator,100,local,0.5,71.0845,58.4682,71.0845,72.9529,18.5272,167.274,167.274,267.1662,92.755
518,cnn,baseline,jetson_emulator,100,offload,0.5,70.9987,58.9528,58.9528,60.9758,19.2001,167.274,167.274,259.9726,92.8112
519,cnn,baseline,jetson_emulator,100,offload,0.5,71.971,59.3755,59.3755,61.8199,19.1759,167.274,167.274,260.1321,92.7067
520,cnn,baseline,jetson_emulator,100,offload,0.5,71.7296,59.9013,59.9013,61.898,19.1458,167.274,167.274,260.2917,92.776
521,cnn,baseline,jetson_emulator,100,offload,0.5,70.9305,58.6009,58.6009,61.8682,19.2204,167.274,167.274,260.4513,92.844
522,cnn,baseline,jetson_emulator,100,offload,0.5,71.6541,58.8881,58.8881,60.9179,19.2038,167.274,167.274,260.6109,92.7543
523,cnn,baseline,jetson_emulator,100,local,0.5,71.9154,59.1066,71.9154,73.8675,18.4828,167.274,167.274,268.1508,92.7637
524,cnn,baseline,jetson_emulator,100,offload,0.5,71.6449,59.7683,59.7683,61.976,19.1534,167.274,167.274,260.93,92.736
525,cnn,baseline,jetson_emulator,100,local,0.5,71.8431,60.0702,71.8431,72.9005,18.4866,167.274,167.274,268.479,92.81
526,cnn,baseline,jetson_emulator,100,local,0.5,72.3436,59.5605,72.3436,74.8883,18.46,167.274,167.274,268.643,92.7016
527,cnn,baseline,jetson_emulator,100,offload,0.5,72.258,59.7134,59.7134,61.321,19.1565,167.274,167.274,261.4088,92.7877
528,cnn,baseline,jetson_emulator,100,offload,0.5,71.7279,59.5892,59.5892,61.5574,19.1636,167.274,167.274,261.5684,92.6884
529,cnn,baseline,jetson_emulator,100,local,0.5,71.7957,61.1094,71.7957,73.6586,18.4892,167.274,167.274,269.1353,92.7366
530,cnn,baseline,jetson_emulator,100,offload,0.5,71.9984,59.5284,59.5284,61.1716,19.1671,167.274,167.274,261.8875,92.8007
531,cnn,baseline,jetson_emulator,100,local,0.5,72.7997,59.4431,72.7997,74.8383,18.4358,167.274,167.274,269.4635,92.7875
532,cnn,baseline,jetson_emulator,100,offload,0.5,72.1409,59.5147,59.5147,61.2554,19.1679,167.274,167.274,262.2067,92.7646
533,cnn,baseline,jetson_emulator,100,local,0.5,72.664,60.1542,72.664,75.2888,18.443,167.274,167.274,269.7917,92.7904
534,cnn,baseline,jetson_emulator,100,offload,0.5,72.4031,60.2003,60.2003,62.401,19.1287,167.274,167.274,262.5258,92.7892
535,cnn,baseline,jetson_emulator,100,local,0.5,72.698,59.6805,72.698,74.2338,18.4412,167.274,167.274,270.1199,92.6738
536,cnn,baseline,jetson_emulator,100,offload,0.5,72.5563,59.8779,59.8779,61.4712,19.1471,167.274,167.274,262.845,92.7769
537,cnn,baseline,jetson_emulator,100,offload,0.5,72.7322,60.2967,60.2967,62.7896,19.1232,167.274,167.274,263.0046,92.8009
538,cnn,baseline,jetson_emulator,100,offload,0.5,73.2537,59.9813,59.9813,62.7615,19.1412,167.274,167.274,263.1642,92.688
539,cnn,baseline,jetson_emulator,100,offload,0.5,72.8071,60.523,60.523,63.3833,19.1103,167.274,167.274,263.3237,92.6885
540,cnn,baseline,jetson_emulator,100,local,0.5,73.1211,60.5225,73.1211,75.3557,18.4188,167.274,167.274,270.9404,92.7069
541,cnn,baseline,jetson_emulator,100,offload,0.5,73.8342,61.2707,61.2707,63.8725,19.0678,167.274,167.274,263.6429,92.8389
542,cnn,baseline,jetson_emulator,100,local,0.5,73.4912,61.1718,73.4912,75.7748,18.3992,167.274,167.274,271.2686,92.7412
543,cnn,baseline,jetson_emulator,100,local,0.5,73.3113,61.163,73.3113,75.907,18.4087,167.274,167.274,271.4327,92.8394
544,cnn,baseline,jetson_emulator,100,offload,0.5,73.6249,61.3557,61.3557,64.4047,19.063,167.274,167.274,264.1216,92.7611
545,cnn,baseline,jetson_emulator,100,offload,0.5,74.1751,61.1696,61.1696,63.6702,19.0735,167.274,167.274,264.2812,92.7341
546,cnn,baseline,jetson_emulator,100,local,0.5,73.577,60.6278,73.577,75.6599,18.3947,167.274,167.274,271.925,92.7818
547,cnn,baseline,jetson_emulator,100,offload,0.5,73.8497,61.5391,61.5391,62.6655,19.0526,167.274,167.274,264.6004,92.7677
548,cnn,baseline,jetson_emulator,100,local,0.5,74.0538,60.8404,74.0538,76.5434,18.3696,167.274,167.274,272.2532,92.7103
549,cnn,baseline,jetson_emulator,100,local,0.5,74.2081,61.8075,74.2081,76.458,18.3615,167.274,167.274,272.4173,92.8075
550,cnn,baseline,jetson_emulator,100,local,0.5,73.7486,61.3951,73.7486,75.5426,18.3857,167.274,167.274,272.5813,92.7335
551,cnn,baseline,jetson_emulator,100,local,0.5,74.2089,62.0735,74.2089,76.4201,18.3614,167.274,167.274,272.7454,92.8256
552,cnn,baseline,jetson_emulator,100,offload,0.5,74.332,61.2462,61.2462,63.4768,19.0692,167.274,167.274,265.3983,92.7544
553,cnn,baseline,jetson_emulator,100,offload,0.5,75.2461,62.6157,62.6157,64.3762,18.9918,167.274,167.274,265.5578,92.737
554,cnn,baseline,jetson_emulator,100,local,0.5,74.7855,61.8054,74.7855,76.6306,18.3312,167.274,167.274,273.2377,92.8519
555,cnn,baseline,jetson_emulator,100,offload,0.5,74.8753,61.8832,61.8832,64.3567,19.0331,167.274,167.274,265.877,92.7386
556,cnn,baseline,jetson_emulator,100,offload,0.5,75.1684,62.6639,62.6639,64.6213,18.9891,167.274,167.274,266.0366,92.7906
557,cnn,baseline,jetson_emulator,100,offload,0.5,74.9317,63.2435,63.2435,65.8222,18.9566,167.274,167.274,266.1962,92.7845
558,cnn,baseline,jetson_emulator,100,offload,0.5,75.0163,62.3606,62.3606,64.9103,19.0062,167.274,167.274,266.3557,92.7074
559,cnn,baseline,jetson_emulator,100,offload,0.5,75.3349,63.5696,63.5696,66.3809,18.9383,167.274,167.274,266.5153,92.7312
560,cnn,baseline,jetson_emulator,100,offload,0.5,75.3493,62.404,62.404,64.9456,19.0038,167.274,167.274,266.6749,92.7836
561,cnn,baseline,jetson_emulator,100,local,0.5,75.2037,64.6562,75.2037,78.1006,18.3093,167.274,167.274,274.3864,92.7047
562,cnn,baseline,jetson_emulator,100,local,0.5,76.4598,62.6322,76.4598,78.1458,18.2438,167.274,167.274,274.5505,92.7436
563,cnn,baseline,jetson_emulator,100,offload,0.5,75.4792,62.4564,62.4564,65.5486,19.0008,167.274,167.274,267.1536,92.779
564,cnn,baseline,jetson_emulator,100,offload,0.5,75.6529,63.6738,63.6738,65.9413,18.9325,167.274,167.274,267.3132,92.8073
565,cnn,baseline,jetson_emulator,100,offload,0.5,75.5053,62.3123,62.3123,63.9073,19.0089,167.274,167.274,267.4728,92.7395
566,cnn,baseline,jetson_emulator,100,local,0.5,75.8072,62.6494,75.8072,78.6005,18.2778,167.274,167.274,275.2069,92.812
567,cnn,baseline,jetson_emulator,100,offload,0.5,76.1152,62.6043,62.6043,65.1116,18.9925,167.274,167.274,267.792,92.7404
568,cnn,baseline,jetson_emulator,100,local,0.5,76.2314,62.6074,76.2314,77.8283,18.2557,167.274,167.274,275.5351,92.7195
569,cnn,baseline,jetson_emulator,100,offload,0.5,76.4541,64.3538,64.3538,66.7214,18.8946,167.274,167.274,268.1111,92.8109
570,cnn,baseline,jetson_emulator,100,offload,0.5,76.1313,63.8287,63.8287,66.0658,18.9239,167.274,167.274,268.2707,92.8182
571,cnn,baseline,jetson_emulator,100,local,0.5,76.0116,63.8734,76.0116,77.5345,18.2671,167.274,167.274,276.0274,92.6209
572,cnn,baseline,jetson_emulator,100,local,0.5,76.6192,63.3782,76.6192,79.2693,18.2356,167.274,167.274,276.1915,92.6592
573,cnn,baseline,jetson_emulator,100,offload,0.5,76.228,64.4372,64.4372,67.276,18.8899,167.274,167.274,268.7494,92.7838
574,cnn,baseline,jetson_emulator,100,offload,0.5,76.5179,64.6692,64.6692,67.2344,18.877,167.274,167.274,268.909,92.8079
575,cnn,baseline,jetson_emulator,100,offload,0.5,76.8622,65.1959,65.1959,66.9936,18.8478,167.274,167.274,269.0686,92.6822
576,cnn,baseline,jetson_emulator,100,offload,0.5,76.5929,63.4917,63.4917,65.7167,18.9427,167.274,167.274,269.2282,92.7548
577,cnn,baseline,jetson_emulator,100,offload,0.5,76.8165,63.9394,63.9394,66.5475,18.9177,167.274,167.274,269.3878,92.7432
578,cnn,baseline,jetson_emulator,100,offload,0.5,76.8848,64.193,64.193,66.6367,18.9035,167.274,167.274,269.5473,92.8981
579,cnn,baseline,jetson_emulator,100,offload,0.5,77.0697,64.9079,64.9079,66.3434,18.8638,167.274,167.274,269.7069,92.7166
580,cnn,baseline,jetson_emulator,100,local,0.5,77.0929,64.1408,77.0929,79.7651,18.211,167.274,167.274,277.5042,92.7649
581,cnn,baseline,jetson_emulator,100,offload,0.5,77.3489,65.2828,65.2828,67.1139,18.843,167.274,167.274,270.0261,92.7156
582,cnn,baseline,jetson_emulator,100,local,0.5,77.2772,64.0294,77.2772,79.7619,18.2015,167.274,167.274,277.8324,92.7922
583,cnn,baseline,jetson_emulator,100,local,0.5,77.7248,63.8636,77.7248,80.1034,18.1784,167.274,167.274,277.9965,92.7749
584,cnn,baseline,jetson_emulator,100,local,0.5,77.7538,65.8687,77.7538,79.8165,18.1769,167.274,167.274,278.1606,92.7312
585,cnn,baseline,jetson_emulator,100,local,0.5,77.6552,64.4699,77.6552,79.9914,18.182,167.274,167.274,278.3247,92.7484
586,cnn,baseline,jetson_emulator,100,offload,0.5,77.982,65.0041,65.0041,67.3478,18.8585,167.274,167.274,270.824,92.7816
587,cnn,baseline,jetson_emulator,100,offload,0.5,77.8077,65.2444,65.2444,66.5922,18.8451,167.274,167.274,270.9835,92.8148
588,cnn,baseline,jetson_emulator,100,offload,0.5,78.4436,64.4181,64.4181,66.114,18.891,167.274,167.274,271.1431,92.7777
589,cnn,baseline,jetson_emulator,100,offload,0.5,77.8412,64.3606,64.3606,66.7114,18.8942,167.274,167.274,271.3027,92.7855
590,cnn,baseline,jetson_emulator,100,offload,0.5,78.8586,64.6571,64.6571,66.6597,18.8777,167.274,167.274,271.4623,92.7531
591,cnn,baseline,jetson_emulator,100,offload,0.5,78.0555,64.782,64.782,66.9393,18.8708,167.274,167.274,271.6219,92.7129
592,cnn,baseline,jetson_emulator,100,local,0.5,78.4092,65.143,78.4092,81.0106,18.1432,167.274,167.274,279.4734,92.7362
593,cnn,baseline,jetson_emulator,100,offload,0.5,78.32,64.724,64.724,66.1144,18.874,167.274,167.274,271.941,92.7863
594,cnn,baseline,jetson_emulator,100,local,0.5,78.419,65.0845,78.419,80.1624,18.1427,167.274,167.274,279.8016,92.6604
595,cnn,baseline,jetson_emulator,100,offload,0.5,78.7651,65.0699,65.0699,67.1294,18.8548,167.274,167.274,272.2602,92.7683
596,cnn,baseline,jetson_emulator,100,local,0.5,78.5218,65.4548,78.5218,80.2604,18.1374,167.274,167.274,280.1298,92.7274
597,cnn,baseline,jetson_emulator,100,offload,0.5,79.2471,65.5261,65.5261,67.2963,18.8295,167.274,167.274,272.5793,92.7136
598,cnn,baseline,jetson_emulator,100,offload,0.5,78.8445,65.1751,65.1751,67.224,18.849,167.274,167.274,272.7389,92.6992
599,cnn,baseline,jetson_emulator,100,local,0.5,79.3415,65.8235,79.3415,82.8291,18.0955,167.274,167.274,280.622,92.6541
600,cnn,baseline,jetson_emulator,100,local,0.5,79.4256,65.9619,79.4256,81.4137,18.0912,167.274,167.274,280.7861,92.7817
601,cnn,baseline,jetson_emulator,100,offload,0.5,79.5107,65.2094,65.2094,67.9908,18.8471,167.274,167.274,273.2177,92.7572
602,cnn,baseline,jetson_emulator,100,local,0.5,79.2086,65.6298,79.2086,81.6388,18.1023,167.274,167.274,281.1143,92.727
603,cnn,baseline,jetson_emulator,100,local,0.5,79.0907,65.5988,79.0907,81.1452,18.1083,167.274,167.274,281.2784,92.7221
604,cnn,baseline,jetson_emulator,100,offload,0.5,80.2488,65.4421,65.4421,67.3206,18.8342,167.274,167.274,273.6964,92.8309
605,cnn,baseline,jetson_emulator,100,offload,0.5,79.5373,65.5889,65.5889,67.8575,18.8261,167.274,167.274,273.856,92.7223
606,cnn,baseline,jetson_emulator,100,local,0.5,79.6618,65.9417,79.6618,81.9642,18.0792,167.274,167.274,281.7707,92.8445
607,cnn,baseline,jetson_emulator,100,offload,0.5,80.0695,66.6818,66.6818,68.3814,18.7659,167.274,167.274,274.1751,92.7502
608,cnn,baseline,jetson_emulator,100,local,0.5,79.9935,65.9992,79.9935,82.1335,18.0623,167.274,167.274,282.0989,92.8262
609,cnn,baseline,jetson_emulator,100,local,0.5,79.8439,65.7882,79.8439,81.5617,18.0699,167.274,167.274,282.263,92.7838
610,cnn,baseline,jetson_emulator,100,local,0.5,80.0287,68.3291,80.0287,81.9883,18.0605,167.274,167.274,282.4271,92.7432
611,cnn,baseline,jetson_emulator,100,offload,0.5,79.827,66.1733,66.1733,68.0269,18.7938,167.274,167.274,274.8135,92.7828
612,cnn,baseline,jetson_emulator,100,local,0.5,80.1765,66.9789,80.1765,82.4733,18.053,167.274,167.274,282.7553,92.7787
613,cnn,baseline,jetson_emulator,100,offload,0.5,80.4095,67.0789,67.0789,69.7034,18.7441,167.274,167.274,275.1326,92.7672
614,cnn,baseline,jetson_emulator,100,offload,0.5,80.2288,66.6976,66.6976,69.0742,18.765,167.274,167.274,275.2922,92.7397
615,cnn,baseline,jetson_emulator,100,offload,0.5,79.946,66.7446,66.7446,68.7789,18.7624,167.274,167.274,275.4518,92.7304
616,cnn,baseline,jetson_emulator,100,offload,0.5,80.1415,66.9657,66.9657,69.4645,18.7503,167.274,167.274,275.6113,92.8939
617,cnn,baseline,jetson_emulator,100,local,0.5,79.9996,66.9458,79.9996,81.8751,18.062,167.274,167.274,283.5758,92.7932
618,cnn,baseline,jetson_emulator,100,local,0.5,80.3611,67.3441,80.3611,82.8723,18.0436,167.274,167.274,283.7399,92.7932
619,cnn,baseline,jetson_emulator,100,local,0.5,80.6966,66.9227,80.6966,82.5799,18.0266,167.274,167.274,283.904,92.805
620,cnn,baseline,jetson_emulator,100,offload,0.5,80.7216,67.3755,67.3755,69.665,18.7278,167.274,167.274,276.2497,92.8304
621,cnn,baseline,jetson_emulator,100,local,0.5,80.1747,67.2912,80.1747,82.406,18.053,167.274,167.274,284.2321,92.7494
622,cnn,baseline,jetson_emulator,100,local,0.5,80.3689,66.5881,80.3689,82.4012,18.0432,167.274,167.274,284.3962,92.8015
623,cnn,baseline,jetson_emulator,100,offload,0.5,81.1528,66.3648,66.3648,68.4542,18.7833,167.274,167.274,276.7284,92.7713
624,cnn,baseline,jetson_emulator,100,offload,0.5,80.6012,66.8914,66.8914,69.2703,18.7544,167.274,167.274,276.888,92.778
625,cnn,baseline,jetson_emulator,100,local,0.5,80.3756,66.6865,80.3756,83.1099,18.0428,167.274,167.274,284.8885,92.8129
626,cnn,baseline,jetson_emulator,100,local,0.5,81.1544,67.1032,81.1544,83.059,18.0034,167.274,167.274,285.0526,92.8317
627,cnn,baseline,jetson_emulator,100,offload,0.5,81.6263,66.7046,66.7046,67.905,18.7646,167.274,167.274,277.3667,92.6909
628,cnn,baseline,jetson_emulator,100,offload,0.5,81.5748,67.1028,67.1028,69.9936,18.7428,167.274,167.274,277.5263,92.8717
629,cnn,baseline,jetson_emulator,100,offload,0.5,80.5331,66.9884,66.9884,69.0171,18.749,167.274,167.274,277.6859,92.7228
630,cnn,baseline,jetson_emulator,100,offload,0.5,80.5406,66.6499,66.6499,68.8611,18.7676,167.274,167.274,277.8455,92.8289
631,cnn,baseline,jetson_emulator,100,local,0.5,80.9206,66.8245,80.9206,82.6589,18.0152,167.274,167.274,285.8731,92.8203
632,cnn,baseline,jetson_emulator,100,offload,0.5,81.1645,66.9958,66.9958,69.8169,18.7486,167.274,167.274,278.1646,92.791
633,cnn,baseline,jetson_emulator,100,offload,0.5,80.6859,67.5782,67.5782,69.845,18.7168,167.274,167.274,278.3242,92.7757
634,cnn,baseline,jetson_emulator,100,offload,0.5,80.7463,67.7859,67.7859,69.8218,18.7054,167.274,167.274,278.4838,92.6668
635,cnn,baseline,jetson_emulator,100,local,0.5,81.9381,67.1846,81.9381,84.0364,17.9639,167.274,167.274,286.5295,92.7627
636,cnn,baseline,jetson_emulator,100,offload,0.5,80.6523,66.7706,66.7706,67.9661,18.761,167.274,167.274,278.8029,92.8182
637,cnn,baseline,jetson_emulator,100,offload,0.5,81.586,67.5012,67.5012,69.6958,18.721,167.274,167.274,278.9625,92.8044
638,cnn,baseline,jetson_emulator,100,local,0.5,81.3569,67.1218,81.3569,83.1575,17.9932,167.274,167.274,287.0218,92.7175
639,cnn,baseline,jetson_emulator,100,offload,0.5,80.9647,67.3483,67.3483,69.7769,18.7293,167.274,167.274,279.2817,92.7454
640,cnn,baseline,jetson_emulator,100,local,0.5,81.5445,67.4604,81.5445,84.013,17.9837,167.274,167.274,287.35,92.7823
641,cnn,baseline,jetson_emulator,100,offload,0.5,80.8902,66.8161,66.8161,70.12,18.7585,167.274,167.274,279.6008,92.7623
642,cnn,baseline,jetson_emulator,100,offload,0.5,80.7531,67.2634,67.2634,69.6883,18.734,167.274,167.274,279.7604,92.7177
643,cnn,baseline,jetson_emulator,100,offload,0.5,80.9318,67.0793,67.0793,69.615,18.7441,167.274,167.274,279.92,92.7828
644,cnn,baseline,jetson_emulator,100,offload,0.5,81.4959,66.9568,66.9568,69.1654,18.7508,167.274,167.274,280.0796,92.7718
645,cnn,baseline,jetson_emulator,100,offload,0.5,81.1448,66.9678,66.9678,69.0611,18.7502,167.274,167.274,280.2392,92.7719
646,cnn,baseline,jetson_emulator,100,offload,0.5,80.9505,66.7561,66.7561,69.1394,18.7618,167.274,167.274,280.3987,92.8379
647,cnn,baseline,jetson_emulator,100,offload,0.5,81.583,67.0796,67.0796,69.628,18.744,167.274,167.274,280.5583,92.84
648,cnn,baseline,jetson_emulator,100,offload,0.5,81.2946,67.2435,67.2435,69.8521,18.7351,167.274,167.274,280.7179,92.7963
649,cnn,baseline,jetson_emulator,100,local,0.5,80.6998,67.9614,80.6998,82.882,18.0264,167.274,167.274,288.8268,92.7771
650,cnn,baseline,jetson_emulator,100,offload,0.5,80.8337,67.5745,67.5745,69.5966,18.717,167.274,167.274,281.037,92.7504
651,cnn,baseline,jetson_emulator,100,local,0.5,81.461,67.6247,81.461,84.0331,17.9879,167.274,167.274,289.155,92.7412
652,cnn,baseline,jetson_emulator,100,local,0.5,80.7629,67.9667,80.7629,82.9572,18.0232,167.274,167.274,289.3191,92.748
653,cnn,baseline,jetson_emulator,100,offload,0.5,80.8999,67.5833,67.5833,70.4408,18.7165,167.274,167.274,281.5158,92.8261
654,cnn,baseline,jetson_emulator,100,offload,0.5,81.0025,67.1436,67.1436,68.6576,18.7405,167.274,167.274,281.6754,92.8572
655,cnn,baseline,jetson_emulator,100,offload,0.5,80.816,67.0173,67.0173,68.9043,18.7475,167.274,167.274,281.8349,92.7823
656,cnn,baseline,jetson_emulator,100,offload,0.5,81.2917,66.8228,66.8228,68.6209,18.7581,167.274,167.274,281.9945,92.7058
657,cnn,baseline,jetson_emulator,100,offload,0.5,80.6774,66.8956,66.8956,69.5249,18.7541,167.274,167.274,282.1541,92.8014
658,cnn,baseline,jetson_emulator,100,local,0.5,80.6416,67.0053,80.6416,82.7292,18.0294,167.274,167.274,290.3037,92.8623
659,cnn,baseline,jetson_emulator,100,offload,0.5,80.5722,67.6812,67.6812,70.471,18.7111,167.274,167.274,282.4733,92.8044
660,cnn,baseline,jetson_emulator,100,offload,0.5,80.6124,66.7451,66.7451,68.9636,18.7624,167.274,167.274,282.6328,92.7099
661,cnn,baseline,jetson_emulator,100,local,0.5,80.8625,66.8272,80.8625,82.8533,18.0182,167.274,167.274,290.796,92.7142
662,cnn,baseline,jetson_emulator,100,local,0.5,81.3255,67.2164,81.3255,83.6367,17.9948,167.274,167.274,290.9601,92.7944
663,cnn,baseline,jetson_emulator,100,offload,0.5,80.5594,67.1567,67.1567,69.1457,18.7398,167.274,167.274,283.1116,92.6071
664,cnn,baseline,jetson_emulator,100,offload,0.5,80.4292,67.1615,67.1615,69.1628,18.7396,167.274,167.274,283.2712,92.7205
665,cnn,baseline,jetson_emulator,100,offload,0.5,80.6301,67.0783,67.0783,68.8216,18.7441,167.274,167.274,283.4307,92.8044
666,cnn,baseline,jetson_emulator,100,offload,0.5,80.9127,66.7887,66.7887,68.6701,18.76,167.274,167.274,283.5903,92.7413
667,cnn,baseline,jetson_emulator,100,offload,0.5,81.2556,67.7236,67.7236,69.0738,18.7088,167.274,167.274,283.7499,92.7716
668,cnn,baseline,jetson_emulator,100,local,0.5,80.6365,66.509,80.6365,83.1029,18.0296,167.274,167.274,291.9447,92.757
669,cnn,baseline,jetson_emulator,100,local,0.5,80.8997,67.5455,80.8997,83.8665,18.0163,167.274,167.274,292.1087,92.7823
670,cnn,baseline,jetson_emulator,100,offload,0.5,80.3663,66.9141,66.9141,69.0896,18.7531,167.274,167.274,284.2286,92.7102
671,cnn,baseline,jetson_emulator,100,local,0.5,81.0276,66.9636,81.0276,82.4226,18.0098,167.274,167.274,292.4369,92.7986
672,cnn,baseline,jetson_emulator,100,offload,0.5,81.5271,66.4729,66.4729,69.2012,18.7773,167.274,167.274,284.5478,92.7808
673,cnn,baseline,jetson_emulator,100,offload,0.5,80.5161,66.8098,66.8098,69.1365,18.7588,167.274,167.274,284.7074,92.7934
674,cnn,baseline,jetson_emulator,100,offload,0.5,80.8413,68.1638,68.1638,69.9816,18.6848,167.274,167.274,284.867,92.7623
675,cnn,baseline,jetson_emulator,100,offload,0.5,80.1707,66.5855,66.5855,69.7853,18.7712,167.274,167.274,285.0265,92.7652
676,cnn,baseline,jetson_emulator,100,local,0.5,80.4334,66.6379,80.4334,82.1672,18.0399,167.274,167.274,293.2574,92.6788
677,cnn,baseline,jetson_emulator,100,local,0.5,80.1362,66.4283,80.1362,82.1429,18.055,167.274,167.274,293.4215,92.8439
678,cnn,baseline,jetson_emulator,100,offload,0.5,80.208,67.2767,67.2767,69.2534,18.7333,167.274,167.274,285.5053,92.8482
679,cnn,baseline,jetson_emulator,100,local,0.5,80.397,66.7419,80.397,82.3711,18.0418,167.274,167.274,293.7497,92.7764
680,cnn,baseline,jetson_emulator,100,local,0.5,80.1728,66.1101,80.1728,82.503,18.0531,167.274,167.274,293.9138,92.7444
681,cnn,baseline,jetson_emulator,100,local,0.5,79.7916,67.2381,79.7916,81.362,18.0725,167.274,167.274,294.0779,92.6703
682,cnn,baseline,jetson_emulator,100,local,0.5,80.1342,65.9274,80.1342,82.1174,18.0551,167.274,167.274,294.242,92.7028
683,cnn,baseline,jetson_emulator,100,local,0.5,80.034,66.7901,80.034,82.453,18.0602,167.274,167.274,294.4061,92.781
684,cnn,baseline,jetson_emulator,100,offload,0.5,80.5114,66.4715,66.4715,68.8341,18.7774,167.274,167.274,286.4627,92.7628
685,cnn,baseline,jetson_emulator,100,offload,0.5,79.6601,66.3757,66.3757,68.1172,18.7827,167.274,167.274,286.6223,92.7797
686,cnn,baseline,jetson_emulator,100,local,0.5,80.2471,66.3865,80.2471,82.4741,18.0494,167.274,167.274,294.8984,92.754
687,cnn,baseline,jetson_emulator,100,offload,0.5,79.3892,65.976,65.976,67.6062,18.8047,167.274,167.274,286.9415,92.9067
688,cnn,baseline,jetson_emulator,100,local,0.5,79.3216,65.8248,79.3216,81.0593,18.0965,167.274,167.274,295.2266,92.7304
689,cnn,baseline,jetson_emulator,100,local,0.5,79.7736,66.0965,79.7736,81.8716,18.0735,167.274,167.274,295.3907,92.6846
690,cnn,baseline,jetson_emulator,100,offload,0.5,79.8097,65.6917,65.6917,67.7698,18.8204,167.274,167.274,287.4202,92.7803
691,cnn,baseline,jetson_emulator,100,offload,0.5,79.7868,65.4204,65.4204,67.4475,18.8354,167.274,167.274,287.5798,92.8428
692,cnn,baseline,jetson_emulator,100,offload,0.5,79.0214,67.3464,67.3464,69.9045,18.7294,167.274,167.274,287.7394,92.8248
693,cnn,baseline,jetson_emulator,100,offload,0.5,79.2993,65.9055,65.9055,67.9288,18.8086,167.274,167.274,287.899,92.7772
694,cnn,baseline,jetson_emulator,100,offload,0.5,79.1661,65.5861,65.5861,68.3751,18.8262,167.274,167.274,288.0585,92.7731
695,cnn,baseline,jetson_emulator,100,offload,0.5,79.5414,66.3267,66.3267,68.778,18.7854,167.274,167.274,288.2181,92.8561
696,cnn,baseline,jetson_emulator,100,local,0.5,79.1282,65.321,79.1282,82.2717,18.1064,167.274,167.274,296.5393,92.7118
697,cnn,baseline,jetson_emulator,100,offload,0.5,79.0765,65.7945,65.7945,68.8256,18.8147,167.274,167.274,288.5373,92.7902
698,cnn,baseline,jetson_emulator,100,offload,0.5,79.4395,65.773,65.773,68.7994,18.8159,167.274,167.274,288.6969,92.8197
699,cnn,baseline,jetson_emulator,100,local,0.5,79.6283,64.9703,79.6283,81.7364,18.0809,167.274,167.274,297.0316,92.7156
700,cnn,baseline,jetson_emulator,100,offload,0.5,79.8158,64.9938,64.9938,67.1188,18.859,167.274,167.274,289.016,92.7389
701,cnn,baseline,jetson_emulator,100,offload,0.5,78.5749,64.9885,64.9885,67.604,18.8593,167.274,167.274,289.1756,92.7774
702,cnn,baseline,jetson_emulator,100,offload,0.5,78.756,65.1932,65.1932,67.6365,18.848,167.274,167.274,289.3352,92.7855
703,cnn,baseline,jetson_emulator,100,offload,0.5,78.7996,66.5326,66.5326,68.938,18.7741,167.274,167.274,289.4948,92.7555
704,cnn,baseline,jetson_emulator,100,offload,0.5,78.4024,65.6347,65.6347,67.7221,18.8235,167.274,167.274,289.6543,92.7989
705,cnn,baseline,jetson_emulator,100,offload,0.5,78.3458,65.3985,65.3985,67.2438,18.8366,167.274,167.274,289.8139,92.6712
706,cnn,baseline,jetson_emulator,100,local,0.5,78.8721,64.8887,78.8721,80.5963,18.1195,167.274,167.274,298.1803,92.7776
707,cnn,baseline,jetson_emulator,100,local,0.5,78.0726,66.4048,78.0726,80.4288,18.1605,167.274,167.274,298.3444,92.7158
708,cnn,baseline,jetson_emulator,100,local,0.5,78.242,64.739,78.242,80.0603,18.1518,167.274,167.274,298.5085,92.7097
709,cnn,baseline,jetson_emulator,100,offload,0.5,78.3685,66.4077,66.4077,68.6156,18.7809,167.274,167.274,290.4522,92.7252
710,cnn,baseline,jetson_emulator,100,local,0.5,78.6615,64.599,78.6615,80.9436,18.1303,167.274,167.274,298.8367,92.7134
711,cnn,baseline,jetson_emulator,100,offload,0.5,77.9608,64.5584,64.5584,66.8863,18.8832,167.274,167.274,290.7714,92.7085
712,cnn,baseline,jetson_emulator,100,offload,0.5,78.7662,64.6855,64.6855,67.0208,18.8761,167.274,167.274,290.931,92.7915
713,cnn,baseline,jetson_emulator,100,local,0.5,78.1874,64.2935,78.1874,80.567,18.1546,167.274,167.274,299.329,92.6694
714,cnn,baseline,jetson_emulator,100,local,0.5,78.7646,64.2278,78.7646,81.2653,18.125,167.274,167.274,299.4931,92.7797
715,cnn,baseline,jetson_emulator,100,offload,0.5,77.9374,64.1096,64.1096,66.6515,18.9082,167.274,167.274,291.4097,92.6862
716,cnn,baseline,jetson_emulator,100,local,0.5,77.5196,64.5275,77.5196,79.5997,18.189,167.274,167.274,299.8212,92.6775
717,cnn,baseline,jetson_emulator,100,local,0.5,77.4468,64.2741,77.4468,79.6283,18.1928,167.274,167.274,299.9853,92.7561
718,cnn,baseline,jetson_emulator,100,offload,0.5,77.4662,65.2076,65.2076,68.1722,18.8472,167.274,167.274,291.8884,92.7637
719,cnn,baseline,jetson_emulator,100,local,0.5,77.6027,64.3613,77.6027,79.9181,18.1847,167.274,167.274,300.3135,92.7609
720,cnn,baseline,jetson_emulator,100,offload,0.5,77.9386,64.5296,64.5296,66.636,18.8848,167.274,167.274,292.2076,92.8271
721,cnn,baseline,jetson_emulator,100,offload,0.5,77.6426,65.099,65.099,68.2293,18.8532,167.274,167.274,292.3672,92.7868
722,cnn,baseline,jetson_emulator,100,local,0.5,77.2853,64.6815,77.2853,79.7022,18.2011,167.274,167.274,300.8058,92.7558
723,cnn,baseline,jetson_emulator,100,local,0.5,77.1285,63.9237,77.1285,78.7825,18.2092,167.274,167.274,300.9699,92.8357
724,cnn,baseline,jetson_emulator,100,offload,0.5,77.7005,64.6338,64.6338,66.7101,18.879,167.274,167.274,292.8459,92.8015
725,cnn,baseline,jetson_emulator,100,local,0.5,77.2849,64.1566,77.2849,79.6672,18.2011,167.274,167.274,301.2981,92.846
726,cnn,baseline,jetson_emulator,100,local,0.5,77.0947,64.1271,77.0947,79.6898,18.2109,167.274,167.274,301.4622,92.7367
727,cnn,baseline,jetson_emulator,100,offload,0.5,77.8242,65.3521,65.3521,67.6209,18.8392,167.274,167.274,293.3247,92.71
728,cnn,baseline,jetson_emulator,100,offload,0.5,77.5131,63.6582,63.6582,65.6819,18.9334,167.274,167.274,293.4842,92.7779
729,cnn,baseline,jetson_emulator,100,local,0.5,77.2096,64.2745,77.2096,79.4523,18.205,167.274,167.274,301.9545,92.6883
730,cnn,baseline,jetson_emulator,100,offload,0.5,76.7056,64.8438,64.8438,67.0928,18.8673,167.274,167.274,293.8034,92.7965
731,cnn,baseline,jetson_emulator,100,local,0.5,77.3914,63.7683,77.3914,78.8274,18.1956,167.274,167.274,302.2827,92.6782
732,cnn,baseline,jetson_emulator,100,offload,0.5,77.8706,63.76,63.76,66.3105,18.9277,167.274,167.274,294.1226,92.7261
733,cnn,baseline,jetson_emulator,100,offload,0.5,77.0398,64.7014,64.7014,65.9495,18.8753,167.274,167.274,294.2821,92.7577
734,cnn,baseline,jetson_emulator,100,local,0.5,76.7471,63.7318,76.7471,78.9863,18.2289,167.274,167.274,302.775,92.8061
735,cnn,baseline,jetson_emulator,100,local,0.5,76.9295,63.4964,76.9295,79.3371,18.2195,167.274,167.274,302.9391,92.7324
736,cnn,baseline,jetson_emulator,100,local,0.5,76.5417,63.9113,76.5417,78.5042,18.2396,167.274,167.274,303.1032,92.7278
737,cnn,baseline,jetson_emulator,100,offload,0.5,77.0603,63.2531,63.2531,65.1456,18.9561,167.274,167.274,294.9205,92.858
738,cnn,baseline,jetson_emulator,100,offload,0.5,76.6796,64.2752,64.2752,67.1927,18.899,167.274,167.274,295.08,92.8215
739,cnn,baseline,jetson_emulator,100,local,0.5,76.6022,63.8153,76.6022,78.5139,18.2365,167.274,167.274,303.5955,92.8909
740,cnn,baseline,jetson_emulator,100,local,0.5,76.4702,63.351,76.4702,78.7723,18.2433,167.274,167.274,303.7595,92.7284
741,cnn,baseline,jetson_emulator,100,local,0.5,76.2528,63.319,76.2528,78.787,18.2546,167.274,167.274,303.9236,92.7652
742,cnn,baseline,jetson_emulator,100,local,0.5,77.689,63.1912,77.689,79.9979,18.1803,167.274,167.274,304.0877,92.8221
743,cnn,baseline,jetson_emulator,100,local,0.5,76.6791,63.0909,76.6791,78.0466,18.2325,167.274,167.274,304.2518,92.7244
744,cnn,baseline,jetson_emulator,100,offload,0.5,76.5933,64.2279,64.2279,66.6435,18.9016,167.274,167.274,296.0375,92.7262
745,cnn,baseline,jetson_emulator,100,offload,0.5,76.7745,64.0142,64.0142,66.0214,18.9135,167.274,167.274,296.1971,92.817
746,cnn,baseline,jetson_emulator,100,offload,0.5,76.2712,64.2387,64.2387,66.8408,18.901,167.274,167.274,296.3567,92.8321
747,cnn,baseline,jetson_emulator,100,local,0.5,76.8366,63.0845,76.8366,79.3646,18.2243,167.274,167.274,304.9082,92.8818
748,cnn,baseline,jetson_emulator,100,offload,0.5,76.632,63.395,63.395,64.987,18.9481,167.274,167.274,296.6758,92.8121
749,cnn,baseline,jetson_emulator,100,offload,0.5,76.4024,63.3542,63.3542,65.8075,18.9504,167.274,167.274,296.8354,92.8681
750,cnn,baseline,jetson_emulator,100,local,0.5,76.2737,63.9989,76.2737,78.0941,18.2535,167.274,167.274,305.4005,92.7745
751,cnn,baseline,jetson_emulator,100,offload,0.5,76.1438,63.6205,63.6205,66.021,18.9355,167.274,167.274,297.1546,92.7663
752,cnn,baseline,jetson_emulator,100,local,0.5,76.4343,63.8426,76.4343,78.9127,18.2452,167.274,167.274,305.7287,92.7637
753,cnn,baseline,jetson_emulator,100,offload,0.5,76.596,63.0177,63.0177,64.6368,18.9693,167.274,167.274,297.4737,92.8344
754,cnn,baseline,jetson_emulator,100,local,0.5,76.2718,63.3299,76.2718,77.9115,18.2536,167.274,167.274,306.0569,92.7445
755,cnn,baseline,jetson_emulator,100,offload,0.5,76.5201,63.1073,63.1073,64.246,18.9642,167.274,167.274,297.7929,92.8146
756,cnn,baseline,jetson_emulator,100,offload,0.5,76.1112,63.0877,63.0877,66.0059,18.9653,167.274,167.274,297.9525,92.8628
757,cnn,baseline,jetson_emulator,100,offload,0.5,76.3834,63.5268,63.5268,64.7168,18.9407,167.274,167.274,298.112,92.6816
758,cnn,baseline,jetson_emulator,100,offload,0.5,76.0159,63.0965,63.0965,65.0618,18.9648,167.274,167.274,298.2716,92.8379
759,cnn,baseline,jetson_emulator,100,offload,0.5,76.2382,63.9842,63.9842,66.5801,18.9152,167.274,167.274,298.4312,92.7562
760,cnn,baseline,jetson_emulator,100,local,0.5,76.2071,62.9817,76.2071,78.8182,18.257,167.274,167.274,307.0415,92.7523
761,cnn,baseline,jetson_emulator,100,offload,0.5,76.8535,64.4067,64.4067,65.8475,18.8916,167.274,167.274,298.7504,92.7695
762,cnn,baseline,jetson_emulator,100,local,0.5,75.9788,62.8282,75.9788,78.4816,18.2688,167.274,167.274,307.3697,92.8018
763,cnn,baseline,jetson_emulator,100,local,0.5,76.4271,62.9371,76.4271,78.8797,18.2455,167.274,167.274,307.5338,92.6773
764,cnn,baseline,jetson_emulator,100,offload,0.5,77.02,63.554,63.554,65.7462,18.9392,167.274,167.274,299.2291,92.6578
765,cnn,baseline,jetson_emulator,100,local,0.5,76.1537,63.1968,76.1537,78.6161,18.2597,167.274,167.274,307.8619,92.7286
766,cnn,baseline,jetson_emulator,100,offload,0.5,76.2055,62.8784,62.8784,66.0433,18.9771,167.274,167.274,299.5483,92.7562
767,cnn,baseline,jetson_emulator,100,local,0.5,77.0482,63.0513,77.0482,78.9647,18.2134,167.274,167.274,308.1901,92.8086
768,cnn,baseline,jetson_emulator,100,local,0.5,76.4311,63.7336,76.4311,78.5578,18.2453,167.274,167.274,308.3542,92.8421
769,cnn,baseline,jetson_emulator,100,local,0.5,76.7152,62.9255,76.7152,79.0404,18.2306,167.274,167.274,308.5183,92.719
770,cnn,baseline,jetson_emulator,100,offload,0.5,77.0005,63.7351,63.7351,65.6613,18.9291,167.274,167.274,300.1866,92.7705
771,cnn,baseline,jetson_emulator,100,local,0.5,76.2804,63.478,76.2804,78.0277,18.2532,167.274,167.274,308.8465,92.8578
772,cnn,baseline,jetson_emulator,100,offload,0.5,76.4273,63.2531,63.2531,65.3444,18.9561,167.274,167.274,300.5057,92.6382
773,cnn,baseline,jetson_emulator,100,local,0.5,76.3421,63.5991,76.3421,78.3713,18.25,167.274,167.274,309.1747,92.738
774,cnn,baseline,jetson_emulator,100,offload,0.5,77.3428,63.5608,63.5608,66.4607,18.9388,167.274,167.274,300.8249,92.656
775,cnn,baseline,jetson_emulator,100,local,0.5,76.8214,63.9582,76.8214,78.5461,18.2251,167.274,167.274,309.5029,92.6909
776,cnn,baseline,jetson_emulator,100,offload,0.5,77.422,64.8463,64.8463,66.7839,18.8672,167.274,167.274,301.1441,92.8431
777,cnn,baseline,jetson_emulator,100,offload,0.5,77.4823,63.5719,63.5719,65.2285,18.9382,167.274,167.274,301.3036,92.7068
778,cnn,baseline,jetson_emulator,100,offload,0.5,77.1031,63.9235,63.9235,65.6081,18.9186,167.274,167.274,301.4632,92.7975
779,cnn,baseline,jetson_emulator,100,offload,0.5,77.27,63.514,63.514,65.6177,18.9415,167.274,167.274,301.6228,92.7426
780,cnn,baseline,jetson_emulator,100,offload,0.5,76.8617,64.3344,64.3344,66.7232,18.8957,167.274,167.274,301.7824,92.7715
781,cnn,baseline,jetson_emulator,100,local,0.5,76.6233,63.3234,76.6233,77.8846,18.2354,167.274,167.274,310.4875,92.7693
782,cnn,baseline,jetson_emulator,100,local,0.5,76.6868,63.7798,76.6868,78.9252,18.2321,167.274,167.274,310.6516,92.8385
783,cnn,baseline,jetson_emulator,100,local,0.5,77.2004,63.7995,77.2004,79.7224,18.2055,167.274,167.274,310.8157,92.8517
784,cnn,baseline,jetson_emulator,100,local,0.5,77.6688,63.9571,77.6688,79.7304,18.1813,167.274,167.274,310.9798,92.719
785,cnn,baseline,jetson_emulator,100,offload,0.5,76.8175,64.4269,64.4269,67.3229,18.8905,167.274,167.274,302.5803,92.7368
786,cnn,baseline,jetson_emulator,100,offload,0.5,77.0053,64.8039,64.8039,66.4293,18.8696,167.274,167.274,302.7398,92.735
787,cnn,baseline,jetson_emulator,100,local,0.5,77.9523,64.2799,77.9523,80.096,18.1667,167.274,167.274,311.472,92.7684
788,cnn,baseline,jetson_emulator,100,local,0.5,77.9227,64.6101,77.9227,80.0774,18.1682,167.274,167.274,311.6361,92.7747
789,cnn,baseline,jetson_emulator,100,offload,0.5,77.8123,64.8647,64.8647,66.4382,18.8662,167.274,167.274,303.2186,92.7675
790,cnn,baseline,jetson_emulator,100,offload,0.5,77.7063,63.8041,63.8041,65.3677,18.9252,167.274,167.274,303.3782,92.8081
791,cnn,baseline,jetson_emulator,100,local,0.5,77.5601,64.6816,77.5601,79.748,18.1869,167.274,167.274,312.1284,92.7838
792,cnn,baseline,jetson_emulator,100,offload,0.5,77.5337,64.5021,64.5021,66.9002,18.8863,167.274,167.274,303.6973,92.7019
793,cnn,baseline,jetson_emulator,100,offload,0.5,77.7899,64.7473,64.7473,66.6965,18.8727,167.274,167.274,303.8569,92.7154
794,cnn,baseline,jetson_emulator,100,offload,0.5,78.0308,64.4933,64.4933,66.5534,18.8868,167.274,167.274,304.0165,92.8085
795,cnn,baseline,jetson_emulator,100,local,0.5,77.6873,65.3012,77.6873,80.2192,18.1804,167.274,167.274,312.7848,92.7389
796,cnn,baseline,jetson_emulator,100,local,0.5,78.2231,64.9853,78.2231,80.5194,18.1528,167.274,167.274,312.9489,92.8175
797,cnn,baseline,jetson_emulator,100,offload,0.5,77.8128,64.4782,64.4782,66.5736,18.8877,167.274,167.274,304.4952,92.7809
798,cnn,baseline,jetson_emulator,100,offload,0.5,77.9903,64.6632,64.6632,66.5533,18.8774,167.274,167.274,304.6548,92.8058
799,cnn,baseline,jetson_emulator,100,offload,0.5,78.1772,65.2634,65.2634,67.454,18.8441,167.274,167.274,304.8144,92.8598
800,cnn,baseline,jetson_emulator,100,offload,0.5,78.5112,65.776,65.776,68.4622,18.8157,167.274,167.274,304.974,92.7059
801,cnn,baseline,jetson_emulator,100,local,0.5,78.4304,65.1089,78.4304,81.5009,18.1421,167.274,167.274,313.7694,92.7306
802,cnn,baseline,jetson_emulator,100,offload,0.5,78.4697,65.4339,65.4339,67.5285,18.8346,167.274,167.274,305.2931,92.781
803,cnn,baseline,jetson_emulator,100,local,0.5,78.8228,65.4513,78.8228,81.46,18.122,167.274,167.274,314.0976,92.858
804,cnn,baseline,jetson_emulator,100,local,0.5,78.9456,66.2288,78.9456,81.2234,18.1157,167.274,167.274,314.2617,92.7796
805,cnn,baseline,jetson_emulator,100,offload,0.5,78.6743,65.0117,65.0117,66.7701,18.858,167.274,167.274,305.7719,92.9265
806,cnn,baseline,jetson_emulator,100,offload,0.5,78.9579,65.2424,65.2424,68.1114,18.8452,167.274,167.274,305.9314,92.7158
807,cnn,baseline,jetson_emulator,100,offload,0.5,78.933,66.4793,66.4793,68.3984,18.777,167.274,167.274,306.091,92.7894
808,cnn,baseline,jetson_emulator,100,local,0.5,79.5112,65.4764,79.5112,81.9315,18.0868,167.274,167.274,314.9181,92.768
809,cnn,baseline,jetson_emulator,100,offload,0.5,79.0398,66.3557,66.3557,68.5597,18.7838,167.274,167.274,306.4102,92.8201
810,cnn,baseline,jetson_emulator,100,local,0.5,79.2767,65.7044,79.2767,82.3891,18.0988,167.274,167.274,315.2463,92.8191
811,cnn,baseline,jetson_emulator,100,local,0.5,79.6708,66.2757,79.6708,81.9668,18.0787,167.274,167.274,315.4103,92.7334
812,cnn,baseline,jetson_emulator,100,offload,0.5,79.5596,65.6902,65.6902,68.1129,18.8205,167.274,167.274,306.8889,92.7881
813,cnn,baseline,jetson_emulator,100,offload,0.5,80.3055,66.1461,66.1461,68.1174,18.7953,167.274,167.274,307.0485,92.7445
814,cnn,baseline,jetson_emulator,100,offload,0.5,80.0598,66.0295,66.0295,68.3039,18.8018,167.274,167.274,307.2081,92.7562
815,cnn,baseline,jetson_emulator,100,local,0.5,79.9085,66.6932,79.9085,81.7467,18.0666,167.274,167.274,316.0667,92.7853
816,cnn,baseline,jetson_emulator,100,offload,0.5,80.7296,66.4017,66.4017,68.2565,18.7813,167.274,167.274,307.5272,92.7366
817,cnn,baseline,jetson_emulator,100,offload,0.5,80.3039,67.7936,67.7936,70.0121,18.705,167.274,167.274,307.6868,92.8245
818,cnn,baseline,jetson_emulator,100,local,0.5,80.3747,66.7204,80.3747,82.3057,18.0429,167.274,167.274,316.559,92.7537
819,cnn,baseline,jetson_emulator,100,offload,0.5,80.3681,67.1449,67.1449,68.7195,18.7405,167.274,167.274,308.006,92.7829
820,cnn,baseline,jetson_emulator,100,offload,0.5,80.6871,67.2636,67.2636,69.1938,18.734,167.274,167.274,308.1655,92.7734
821,cnn,baseline,jetson_emulator,100,offload,0.5,80.5753,66.747,66.747,68.7187,18.7623,167.274,167.274,308.3251,92.8646
822,cnn,baseline,jetson_emulator,100,offload,0.5,81.4664,68.5074,68.5074,71.1048,18.6661,167.274,167.274,308.4847,92.6926
823,cnn,baseline,jetson_emulator,100,offload,0.5,81.1996,67.6158,67.6158,70.0292,18.7147,167.274,167.274,308.6443,92.7759
824,cnn,baseline,jetson_emulator,100,offload,0.5,81.483,68.3665,68.3665,70.4101,18.6738,167.274,167.274,308.8039,92.7754
825,cnn,baseline,jetson_emulator,100,local,0.5,81.299,67.7672,81.299,83.4305,17.9961,167.274,167.274,317.7077,92.7097
826,cnn,baseline,jetson_emulator,100,local,0.5,81.4834,68.6008,81.4834,83.5383,17.9868,167.274,167.274,317.8718,92.8174
827,cnn,baseline,jetson_emulator,100,offload,0.5,82.3049,68.2985,68.2985,69.7238,18.6775,167.274,167.274,309.2826,92.7464
828,cnn,baseline,jetson_emulator,100,local,0.5,81.8358,67.706,81.8358,83.8032,17.969,167.274,167.274,318.2,92.7719
829,cnn,baseline,jetson_emulator,100,local,0.5,81.8715,67.6422,81.8715,84.388,17.9672,167.274,167.274,318.3641,92.6545
830,cnn,baseline,jetson_emulator,100,offload,0.5,82.1181,68.6323,68.6323,71.2774,18.6594,167.274,167.274,309.7613,92.7417
831,cnn,baseline,jetson_emulator,100,offload,0.5,82.3497,68.6094,68.6094,70.995,18.6606,167.274,167.274,309.9209,92.6738
832,cnn,baseline,jetson_emulator,100,local,0.5,82.4767,68.2371,82.4767,84.1994,17.9368,167.274,167.274,318.8564,92.7107
833,cnn,baseline,jetson_emulator,100,offload,0.5,83.0512,68.6919,68.6919,70.8386,18.6561,167.274,167.274,310.2401,92.7455
834,cnn,baseline,jetson_emulator,100,local,0.5,82.7424,68.5587,82.7424,85.5336,17.9235,167.274,167.274,319.1846,92.9196
835,cnn,baseline,jetson_emulator,100,offload,0.5,82.6839,68.7321,68.7321,70.8407,18.6539,167.274,167.274,310.5592,92.7506
836,cnn,baseline,jetson_emulator,100,local,0.5,83.0549,69.2862,83.0549,85.797,17.9078,167.274,167.274,319.5127,92.7867
837,cnn,baseline,jetson_emulator,100,local,0.5,83.1649,69.2285,83.1649,85.673,17.9023,167.274,167.274,319.6768,92.7301
838,cnn,baseline,jetson_emulator,100,offload,0.5,84.0515,68.853,68.853,71.3487,18.6474,167.274,167.274,311.038,92.7953
839,cnn,baseline,jetson_emulator,100,local,0.5,83.4484,69.0335,83.4484,85.9009,17.8882,167.274,167.274,320.005,92.759
840,cnn,baseline,jetson_emulator,100,offload,0.5,83.6182,69.7122,69.7122,72.4806,18.6009,167.274,167.274,311.3571,92.8221
841,cnn,baseline,jetson_emulator,100,local,0.5,84.2343,69.627,84.2343,86.4726,17.8491,167.274,167.274,320.3332,92.7763
842,cnn,baseline,jetson_emulator,100,offload,0.5,83.907,69.8327,69.8327,72.4488,18.5944,167.274,167.274,311.6763,92.7743
843,cnn,baseline,jetson_emulator,100,local,0.5,84.0114,70.0682,84.0114,86.2994,17.8601,167.274,167.274,320.6614,92.7991
844,cnn,baseline,jetson_emulator,100,offload,0.5,84.3735,70.1149,70.1149,73.4268,18.5792,167.274,167.274,311.9955,92.8074
845,cnn,baseline,jetson_emulator,100,offload,0.5,84.4628,70.2309,70.2309,72.5201,18.573,167.274,167.274,312.155,92.6932
846,cnn,baseline,jetson_emulator,100,local,0.5,85.0997,70.0866,85.0997,87.0987,17.8062,167.274,167.274,321.1537,92.7894
847,cnn,baseline,jetson_emulator,100,offload,0.5,85.0533,70.3761,70.3761,72.5813,18.5652,167.274,167.274,312.4742,92.7206
848,cnn,baseline,jetson_emulator,100,local,0.5,85.1034,70.8536,85.1034,87.3973,17.806,167.274,167.274,321.4819,92.7516
849,cnn,baseline,jetson_emulator,100,offload,0.5,85.5159,70.8642,70.8642,72.7521,18.539,167.274,167.274,312.7933,92.7638
850,cnn,baseline,jetson_emulator,100,offload,0.5,85.6277,71.2298,71.2298,73.2513,18.5194,167.274,167.274,312.9529,92.6992
851,cnn,baseline,jetson_emulator,100,offload,0.5,85.5162,70.6161,70.6161,72.3421,18.5523,167.274,167.274,313.1125,92.7737
852,cnn,baseline,jetson_emulator,100,offload,0.5,85.4805,71.6064,71.6064,74.1499,18.4993,167.274,167.274,313.2721,92.7682
853,cnn,baseline,jetson_emulator,100,offload,0.5,86.0931,71.3968,71.3968,73.0766,18.5105,167.274,167.274,313.4317,92.7797
854,cnn,baseline,jetson_emulator,100,offload,0.5,86.3483,71.2866,71.2866,73.2487,18.5164,167.274,167.274,313.5912,92.7349
855,cnn,baseline,jetson_emulator,100,offload,0.5,86.1992,71.0646,71.0646,73.1668,18.5282,167.274,167.274,313.7508,92.8986
856,cnn,baseline,jetson_emulator,100,offload,0.5,86.3731,71.3783,71.3783,73.3689,18.5115,167.274,167.274,313.9104,92.8324
857,cnn,baseline,jetson_emulator,100,local,0.5,87.3467,71.9008,87.3467,88.9823,17.6958,167.274,167.274,322.9588,92.749
858,cnn,baseline,jetson_emulator,100,local,0.5,86.9901,71.6796,86.9901,88.887,17.7132,167.274,167.274,323.1229,92.8495
859,cnn,baseline,jetson_emulator,100,offload,0.5,86.8296,72.4721,72.4721,74.7126,18.4532,167.274,167.274,314.3891,92.7929
860,cnn,baseline,jetson_emulator,100,offload,0.5,86.8778,72.0215,72.0215,74.271,18.4771,167.274,167.274,314.5487,92.7323
861,cnn,baseline,jetson_emulator,100,offload,0.5,87.3479,72.4305,72.4305,74.1746,18.4554,167.274,167.274,314.7083,92.7797
862,cnn,baseline,jetson_emulator,100,local,0.5,87.155,72.1955,87.155,88.7924,17.7051,167.274,167.274,323.7792,92.8291
863,cnn,baseline,jetson_emulator,100,offload,0.5,88.0549,73.2942,73.2942,75.4208,18.4096,167.274,167.274,315.0275,92.7333
864,cnn,baseline,jetson_emulator,100,local,0.5,87.801,73.3676,87.801,89.5877,17.6736,167.274,167.274,324.1074,92.7761
865,cnn,baseline,jetson_emulator,100,offload,0.5,87.7116,72.6469,72.6469,74.0031,18.4439,167.274,167.274,315.3466,92.7157
866,cnn,baseline,jetson_emulator,100,offload,0.5,88.5046,74.5568,74.5568,76.7762,18.3432,167.274,167.274,315.5062,92.7033
867,cnn,baseline,jetson_emulator,100,local,0.5,88.5117,73.3629,88.5117,90.5199,17.6391,167.274,167.274,324.5997,92.7436
868,cnn,baseline,jetson_emulator,100,local,0.5,88.2154,73.2039,88.2154,90.5736,17.6534,167.274,167.274,324.7638,92.8145
869,cnn,baseline,jetson_emulator,100,offload,0.5,89.1687,73.3477,73.3477,75.697,18.4068,167.274,167.274,315.9849,92.6867
870,cnn,baseline,jetson_emulator,100,offload,0.5,89.5351,74.0956,74.0956,76.1726,18.3674,167.274,167.274,316.1445,92.7161
871,cnn,baseline,jetson_emulator,100,offload,0.5,88.6677,73.5418,73.5418,75.7062,18.3966,167.274,167.274,316.3041,92.7515
872,cnn,baseline,jetson_emulator,100,offload,0.5,89.3636,73.657,73.657,76.1209,18.3905,167.274,167.274,316.4637,92.7796
873,cnn,baseline,jetson_emulator,100,local,0.5,89.694,74.2342,89.694,92.0898,17.5819,167.274,167.274,325.5843,92.7295
874,cnn,baseline,jetson_emulator,100,local,0.5,89.3894,74.2232,89.3894,91.6299,17.5966,167.274,167.274,325.7484,92.8178
875,cnn,baseline,jetson_emulator,100,local,0.5,89.7825,75.9325,89.7825,92.4378,17.5776,167.274,167.274,325.9125,92.8619
876,cnn,baseline,jetson_emulator,100,offload,0.5,90.1889,74.2952,74.2952,76.7567,18.3569,167.274,167.274,317.102,92.8416
877,cnn,baseline,jetson_emulator,100,local,0.5,90.1574,74.1358,90.1574,92.8477,17.5596,167.274,167.274,326.2407,92.7569
878,cnn,baseline,jetson_emulator,100,offload,0.5,90.6986,74.8359,74.8359,77.4074,18.3285,167.274,167.274,317.4211,92.7844
879,cnn,baseline,jetson_emulator,100,local,0.5,90.8525,75.9903,90.8525,92.7218,17.5262,167.274,167.274,326.5689,92.7376
880,cnn,baseline,jetson_emulator,100,local,0.5,90.5054,75.7747,90.5054,92.5025,17.5429,167.274,167.274,326.733,92.8021
881,cnn,baseline,jetson_emulator,100,offload,0.5,90.9657,74.7961,74.7961,76.9701,18.3306,167.274,167.274,317.8999,92.7384
882,cnn,baseline,jetson_emulator,100,local,0.5,90.5697,75.2112,90.5697,93.46,17.5398,167.274,167.274,327.0612,92.7946
883,cnn,baseline,jetson_emulator,100,offload,0.5,90.5405,75.4847,75.4847,78.2492,18.2946,167.274,167.274,318.219,92.8579
884,cnn,baseline,jetson_emulator,100,local,0.5,90.6203,76.3993,90.6203,93.0962,17.5373,167.274,167.274,327.3893,92.7808
885,cnn,baseline,jetson_emulator,100,offload,0.5,91.3544,75.8944,75.8944,78.8223,18.2732,167.274,167.274,318.5382,92.7448
886,cnn,baseline,jetson_emulator,100,offload,0.5,91.5348,75.6289,75.6289,77.4464,18.2871,167.274,167.274,318.6978,92.7126
887,cnn,baseline,jetson_emulator,100,local,0.5,92.1913,75.606,92.1913,94.4912,17.4623,167.274,167.274,327.8816,92.8241
888,cnn,baseline,jetson_emulator,100,local,0.5,91.1918,75.7819,91.1918,93.8236,17.51,167.274,167.274,328.0457,92.7971
889,cnn,baseline,jetson_emulator,100,offload,0.5,91.7283,75.7275,75.7275,77.7856,18.2819,167.274,167.274,319.1765,92.6852
890,cnn,baseline,jetson_emulator,100,local,0.5,91.6058,76.0918,91.6058,94.677,17.4902,167.274,167.274,328.3739,92.8287
891,cnn,baseline,jetson_emulator,100,offload,0.5,91.5795,76.6241,76.6241,78.4828,18.2353,167.274,167.274,319.4957,92.7478
892,cnn,baseline,jetson_emulator,100,offload,0.5,92.6343,77.2388,77.2388,79.4463,18.2035,167.274,167.274,319.6553,92.6985
893,cnn,baseline,jetson_emulator,100,offload,0.5,92.0784,76.0075,76.0075,78.382,18.2673,167.274,167.274,319.8148,92.7219
894,cnn,baseline,jetson_emulator,100,offload,0.5,92.3846,76.6389,76.6389,79.5982,18.2346,167.274,167.274,319.9744,92.774
895,cnn,baseline,jetson_emulator,100,offload,0.5,92.7154,77.5597,77.5597,79.8788,18.1869,167.274,167.274,320.134,92.7151
896,cnn,baseline,jetson_emulator,100,offload,0.5,92.662,77.7039,77.7039,80.0411,18.1795,167.274,167.274,320.2936,92.7296
897,cnn,baseline,jetson_emulator,100,offload,0.5,92.6524,76.7305,76.7305,79.145,18.2298,167.274,167.274,320.4532,92.6832
898,cnn,baseline,jetson_emulator,100,local,0.5,92.9905,77.3196,92.9905,95.0653,17.4244,167.274,167.274,329.6867,92.722
899,cnn,baseline,jetson_emulator,100,offload,0.5,93.1423,76.6143,76.6143,78.7626,18.2358,167.274,167.274,320.7723,92.7364
900,cnn,baseline,jetson_emulator,100,local,0.5,92.9536,76.7784,92.9536,95.247,17.4261,167.274,167.274,330.0149,92.705
901,cnn,baseline,jetson_emulator,100,local,0.5,93.3248,77.5626,93.3248,95.4901,17.4086,167.274,167.274,330.179,92.7164
902,cnn,baseline,jetson_emulator,100,local,0.5,93.0306,78.1513,93.0306,95.3815,17.4225,167.274,167.274,330.3431,92.7681
903,cnn,baseline,jetson_emulator,100,local,0.5,93.6339,78.2372,93.6339,95.9236,17.394,167.274,167.274,330.5072,92.6842
904,cnn,baseline,jetson_emulator,100,offload,0.5,94.2676,77.4413,77.4413,80.0734,18.193,167.274,167.274,321.5702,92.7819
905,cnn,baseline,jetson_emulator,100,offload,0.5,93.6743,77.518,77.518,80.3154,18.1891,167.274,167.274,321.7298,92.7551
906,cnn,baseline,jetson_emulator,100,local,0.5,93.4824,77.4839,93.4824,95.8891,17.4011,167.274,167.274,330.9994,92.7992
907,cnn,baseline,jetson_emulator,100,local,0.5,93.8973,77.9024,93.8973,95.2169,17.3816,167.274,167.274,331.1635,92.7209
908,cnn,baseline,jetson_emulator,100,offload,0.5,94.6779,78.0537,78.0537,80.6922,18.1615,167.274,167.274,322.2085,92.7694
909,cnn,baseline,jetson_emulator,100,local,0.5,93.9813,79.5465,93.9813,96.0913,17.3776,167.274,167.274,331.4917,92.8036
910,cnn,baseline,jetson_emulator,100,offload,0.5,93.9502,77.8231,77.8231,81.0784,18.1734,167.274,167.274,322.5277,92.7494
911,cnn,baseline,jetson_emulator,100,local,0.5,94.8925,77.9978,94.8925,97.0088,17.3348,167.274,167.274,331.8199,92.8931
912,cnn,baseline,jetson_emulator,100,local,0.5,94.5213,78.9894,94.5213,96.1106,17.3522,167.274,167.274,331.984,92.797
913,cnn,baseline,jetson_emulator,100,offload,0.5,94.3057,78.3974,78.3974,79.5643,18.1438,167.274,167.274,323.0064,92.7975
914,cnn,baseline,jetson_emulator,100,local,0.5,94.5144,79.1328,94.5144,96.5076,17.3525,167.274,167.274,332.3122,92.7929
915,cnn,baseline,jetson_emulator,100,offload,0.5,95.199,79.2199,79.2199,81.4915,18.1017,167.274,167.274,323.3256,92.7283
916,cnn,baseline,jetson_emulator,100,offload,0.5,94.9478,79.0976,79.0976,81.8501,18.108,167.274,167.274,323.4852,92.7801
917,cnn,baseline,jetson_emulator,100,local,0.5,94.9177,79.788,94.9177,96.8889,17.3336,167.274,167.274,332.8045,92.8049
918,cnn,baseline,jetson_emulator,100,offload,0.5,95.6814,79.0516,79.0516,81.5303,18.1103,167.274,167.274,323.8043,92.7368
919,cnn,baseline,jetson_emulator,100,offload,0.5,95.2176,78.2317,78.2317,80.9792,18.1523,167.274,167.274,323.9639,92.7645
920,cnn,baseline,jetson_emulator,100,offload,0.5,94.7754,78.4688,78.4688,81.0161,18.1402,167.274,167.274,324.1235,92.79
921,cnn,baseline,jetson_emulator,100,local,0.5,94.9093,79.1037,94.9093,96.6409,17.334,167.274,167.274,333.4609,92.8612
922,cnn,baseline,jetson_emulator,100,offload,0.5,94.8954,78.5379,78.5379,80.5888,18.1366,167.274,167.274,324.4426,92.824
923,cnn,baseline,jetson_emulator,100,local,0.5,96.0043,78.8548,96.0043,98.0382,17.2829,167.274,167.274,333.7891,92.796
924,cnn,baseline,jetson_emulator,100,offload,0.5,96.0699,79.853,79.853,82.1798,18.0694,167.274,167.274,324.7618,92.7315
925,cnn,baseline,jetson_emulator,100,local,0.5,95.1825,79.7161,95.1825,96.9327,17.3212,167.274,167.274,334.1173,92.7107
926,cnn,baseline,jetson_emulator,100,offload,0.5,95.1856,79.1617,79.1617,81.1003,18.1047,167.274,167.274,325.081,92.793
927,cnn,baseline,jetson_emulator,100,offload,0.5,96.2474,80.1358,80.1358,81.6049,18.055,167.274,167.274,325.2405,92.8118
928,cnn,baseline,jetson_emulator,100,offload,0.5,95.5175,79.0801,79.0801,81.0253,18.1089,167.274,167.274,325.4001,92.7474
929,cnn,baseline,jetson_emulator,100,local,0.5,95.6512,79.1526,95.6512,98.1266,17.2993,167.274,167.274,334.7737,92.6948
930,cnn,baseline,jetson_emulator,100,local,0.5,95.6819,79.3182,95.6819,97.2054,17.2979,167.274,167.274,334.9377,92.7321
931,cnn,baseline,jetson_emulator,100,local,0.5,95.968,79.4296,95.968,98.4524,17.2846,167.274,167.274,335.1018,92.7569
932,cnn,baseline,jetson_emulator,100,offload,0.5,95.7605,79.0652,79.0652,81.1854,18.1096,167.274,167.274,326.0384,92.699
933,cnn,baseline,jetson_emulator,100,local,0.5,95.9101,80.1179,95.9101,98.7956,17.2873,167.274,167.274,335.43,92.7294
934,cnn,baseline,jetson_emulator,100,offload,0.5,95.5414,79.2509,79.2509,81.5145,18.1001,167.274,167.274,326.3576,92.8268
935,cnn,baseline,jetson_emulator,100,local,0.5,96.7601,80.0553,96.7601,100.0961,17.2477,167.274,167.274,335.7582,92.7468
936,cnn,baseline,jetson_emulator,100,offload,0.5,95.7711,79.2849,79.2849,81.559,18.0984,167.274,167.274,326.6768,92.817
937,cnn,baseline,jetson_emulator,100,local,0.5,95.9066,80.2945,95.9066,98.1134,17.2874,167.274,167.274,336.0864,92.7294
938,cnn,baseline,jetson_emulator,100,offload,0.5,95.8788,79.1409,79.1409,81.0285,18.1057,167.274,167.274,326.9959,92.7355
939,cnn,baseline,jetson_emulator,100,local,0.5,96.365,79.5297,96.365,98.905,17.2661,167.274,167.274,336.4146,92.8309
940,cnn,baseline,jetson_emulator,100,local,0.5,96.293,79.9772,96.293,98.5384,17.2694,167.274,167.274,336.5787,92.7032
941,cnn,baseline,jetson_emulator,100,offload,0.5,95.9337,79.274,79.274,81.9414,18.0989,167.274,167.274,327.4747,92.7967
942,cnn,baseline,jetson_emulator,100,local,0.5,96.789,79.8118,96.789,100.3971,17.2464,167.274,167.274,336.9069,92.7649
943,cnn,baseline,jetson_emulator,100,offload,0.5,96.3016,79.6693,79.6693,81.9332,18.0788,167.274,167.274,327.7938,92.7051
944,cnn,baseline,jetson_emulator,100,offload,0.5,96.4863,79.2889,79.2889,81.0113,18.0982,167.274,167.274,327.9534,92.7638
945,cnn,baseline,jetson_emulator,100,offload,0.5,96.1634,79.6444,79.6444,82.3692,18.08,167.274,167.274,328.113,92.7016
946,cnn,baseline,jetson_emulator,100,local,0.5,96.3314,79.8949,96.3314,98.8925,17.2676,167.274,167.274,337.5633,92.827
947,cnn,baseline,jetson_emulator,100,offload,0.5,96.4484,79.879,79.879,81.093,18.0681,167.274,167.274,328.4321,92.6624
948,cnn,baseline,jetson_emulator,100,local,0.5,96.6645,79.3511,96.6645,99.1584,17.2522,167.274,167.274,337.8915,92.8001
949,cnn,baseline,jetson_emulator,100,offload,0.5,96.2205,79.2741,79.2741,80.4083,18.0989,167.274,167.274,328.7513,92.8677
950,cnn,baseline,jetson_emulator,100,local,0.5,96.1834,79.8342,96.1834,98.4619,17.2745,167.274,167.274,338.2197,92.796
951,cnn,baseline,jetson_emulator,100,local,0.5,96.5497,79.4126,96.5497,98.5001,17.2575,167.274,167.274,338.3838,92.7421
952,cnn,baseline,jetson_emulator,100,offload,0.5,96.0058,79.6241,79.6241,81.1287,18.0811,167.274,167.274,329.23,92.7487
953,cnn,baseline,jetson_emulator,100,local,0.5,96.0773,80.123,96.0773,98.3802,17.2795,167.274,167.274,338.712,92.7714
954,cnn,baseline,jetson_emulator,100,local,0.5,96.7994,80.2474,96.7994,99.4581,17.2459,167.274,167.274,338.876,92.7669
955,cnn,baseline,jetson_emulator,100,offload,0.5,96.7433,81.6857,81.6857,84.1382,17.9766,167.274,167.274,329.7088,92.7077
956,cnn,baseline,jetson_emulator,100,local,0.5,96.3684,80.214,96.3684,98.325,17.2659,167.274,167.274,339.2042,92.7215
957,cnn,baseline,jetson_emulator,100,local,0.5,96.7577,79.6437,96.7577,98.1948,17.2478,167.274,167.274,339.3683,92.7688
958,cnn,baseline,jetson_emulator,100,local,0.5,96.4759,80.6664,96.4759,99.077,17.2609,167.274,167.274,339.5324,92.721
959,cnn,baseline,jetson_emulator,100,offload,0.5,96.063,79.4065,79.4065,81.5658,18.0922,167.274,167.274,330.3471,92.789
960,cnn,baseline,jetson_emulator,100,offload,0.5,96.7835,80.1703,80.1703,82.3394,18.0533,167.274,167.274,330.5067,92.7225
961,cnn,baseline,jetson_emulator,100,offload,0.5,96.5227,80.1492,80.1492,82.4929,18.0543,167.274,167.274,330.6662,92.6745
962,cnn,baseline,jetson_emulator,100,local,0.5,96.5498,80.3188,96.5498,98.7206,17.2575,167.274,167.274,340.1888,92.8215
963,cnn,baseline,jetson_emulator,100,local,0.5,97.4212,80.3565,97.4212,99.8205,17.2171,167.274,167.274,340.3529,92.8339
964,cnn,baseline,jetson_emulator,100,offload,0.5,96.4357,79.4586,79.4586,81.0445,18.0895,167.274,167.274,331.145,92.7022
965,cnn,baseline,jetson_emulator,100,local,0.5,96.4821,80.1383,96.4821,98.0272,17.2606,167.274,167.274,340.6811,92.6934
966,cnn,baseline,jetson_emulator,100,offload,0.5,96.0006,80.2227,80.2227,81.8321,18.0506,167.274,167.274,331.4641,92.8095
967,cnn,baseline,jetson_emulator,100,offload,0.5,96.112,81.0603,81.0603,82.9299,18.0082,167.274,167.274,331.6237,92.8167
968,cnn,baseline,jetson_emulator,100,offload,0.5,96.0051,79.2643,79.2643,82.2674,18.0994,167.274,167.274,331.7833,92.8346
969,cnn,baseline,jetson_emulator,100,local,0.5,95.8303,79.8445,95.8303,99.0851,17.291,167.274,167.274,341.3375,92.7772
970,cnn,baseline,jetson_emulator,100,local,0.5,96.3701,79.3635,96.3701,99.2686,17.2658,167.274,167.274,341.5016,92.8095
971,cnn,baseline,jetson_emulator,100,offload,0.5,95.9012,80.0266,80.0266,81.6489,18.0606,167.274,167.274,332.262,92.792
972,cnn,baseline,jetson_emulator,100,local,0.5,95.7821,79.3423,95.7821,97.4449,17.2932,167.274,167.274,341.8298,92.7289
973,cnn,baseline,jetson_emulator,100,local,0.5,95.7485,79.4091,95.7485,98.5727,17.2948,167.274,167.274,341.9939,92.8112
974,cnn,baseline,jetson_emulator,100,offload,0.5,95.9828,79.4766,79.4766,81.9174,18.0886,167.274,167.274,332.7408,92.7373
975,cnn,baseline,jetson_emulator,100,local,0.5,95.8968,79.0538,95.8968,97.8803,17.2879,167.274,167.274,342.3221,92.8175
976,cnn,baseline,jetson_emulator,100,local,0.5,95.6329,80.6297,95.6329,98.016,17.3002,167.274,167.274,342.4862,92.7563
977,cnn,baseline,jetson_emulator,100,offload,0.5,95.4985,79.5964,79.5964,81.483,18.0825,167.274,167.274,333.2195,92.8189
978,cnn,baseline,jetson_emulator,100,offload,0.5,96.2769,79.7205,79.7205,82.5089,18.0762,167.274,167.274,333.3791,92.7492
979,cnn,baseline,jetson_emulator,100,offload,0.5,95.7379,79.1625,79.1625,80.6511,18.1046,167.274,167.274,333.5387,92.761
980,cnn,baseline,jetson_emulator,100,offload,0.5,96.2135,79.579,79.579,82.2604,18.0834,167.274,167.274,333.6982,92.7398
981,cnn,baseline,jetson_emulator,100,offload,0.5,95.4942,79.5473,79.5473,81.4105,18.085,167.274,167.274,333.8578,92.7433
982,cnn,baseline,jetson_emulator,100,offload,0.5,95.6741,79.6704,79.6704,82.4747,18.0787,167.274,167.274,334.0174,92.6888
983,cnn,baseline,jetson_emulator,100,offload,0.5,96.003,78.7495,78.7495,80.1512,18.1258,167.274,167.274,334.177,92.7459
984,cnn,baseline,jetson_emulator,100,offload,0.5,95.2802,79.2041,79.2041,80.9726,18.1025,167.274,167.274,334.3366,92.796
985,cnn,baseline,jetson_emulator,100,local,0.5,95.6285,78.9729,95.6285,97.5311,17.3004,167.274,167.274,343.963,92.8383
986,cnn,baseline,jetson_emulator,100,offload,0.5,95.8307,79.1361,79.1361,80.8453,18.106,167.274,167.274,334.6557,92.8232
987,cnn,baseline,jetson_emulator,100,local,0.5,95.7111,78.6989,95.7111,97.0322,17.2965,167.274,167.274,344.2912,92.7514
988,cnn,baseline,jetson_emulator,100,offload,0.5,95.1403,78.6396,78.6396,81.312,18.1314,167.274,167.274,334.9749,92.81
989,cnn,baseline,jetson_emulator,100,local,0.5,95.432,79.4789,95.432,97.1388,17.3096,167.274,167.274,344.6194,92.8097
990,cnn,baseline,jetson_emulator,100,offload,0.5,94.9587,80.8895,80.8895,83.5007,18.0168,167.274,167.274,335.294,92.8314
991,cnn,baseline,jetson_emulator,100,offload,0.5,96.5806,80.0523,80.0523,82.8657,18.0593,167.274,167.274,335.4536,92.7618
992,cnn,baseline,jetson_emulator,100,offload,0.5,95.2262,78.9769,78.9769,81.3996,18.1141,167.274,167.274,335.6132,92.7537
993,cnn,baseline,jetson_emulator,100,offload,0.5,95.2171,79.1121,79.1121,80.6813,18.1072,167.274,167.274,335.7728,92.7102
994,cnn,baseline,jetson_emulator,100,offload,0.5,94.9291,79.648,79.648,81.1809,18.0799,167.274,167.274,335.9324,92.7807
995,cnn,baseline,jetson_emulator,100,local,0.5,95.302,80.0364,95.302,97.3536,17.3156,167.274,167.274,345.604,92.7658
996,cnn,baseline,jetson_emulator,100,offload,0.5,94.6289,78.6377,78.6377,82.052,18.1315,167.274,167.274,336.2515,92.7963
997,cnn,baseline,jetson_emulator,100,local,0.5,94.7001,78.7436,94.7001,97.8714,17.3438,167.274,167.274,345.9322,92.8489
998,cnn,baseline,jetson_emulator,100,offload,0.5,95.5653,79.0916,79.0916,81.5111,18.1083,167.274,167.274,336.5707,92.7405
999,cnn,baseline,jetson_emulator,100,offload,0.5,95.3974,78.9941,78.9941,81.5822,18.1132,167.274,167.274,336.7303,92.836
1000,cnn,baseline,jetson_emulator,100,offload,0.5,95.2845,78.2327,78.2327,80.3156,18.1523,167.274,167.274,336.8898,92.8071
1001,cnn,baseline,jetson_emulator,100,offload,0.5,94.4181,78.1357,78.1357,80.4064,18.1573,167.274,167.274,337.0494,92.7539
1002,cnn,baseline,jetson_emulator,100,offload,0.5,94.4842,78.0758,78.0758,81.1076,18.1604,167.274,167.274,337.209,92.9049
1003,cnn,baseline,jetson_emulator,100,offload,0.5,95.0247,78.0347,78.0347,80.497,18.1625,167.274,167.274,337.3686,92.7004
1004,cnn,baseline,jetson_emulator,100,offload,0.5,94.3368,78.4366,78.4366,80.3855,18.1418,167.274,167.274,337.5282,92.7615
1005,cnn,baseline,jetson_emulator,100,offload,0.5,94.507,78.8953,78.8953,80.5357,18.1183,167.274,167.274,337.6877,92.8131
1006,cnn,baseline,jetson_emulator,100,local,0.5,94.3394,79.0044,94.3394,97.5984,17.3608,167.274,167.274,347.409,92.648
1007,cnn,baseline,jetson_emulator,100,local,0.5,95.3174,77.9707,95.3174,97.5115,17.3149,167.274,167.274,347.5731,92.7896
1008,cnn,baseline,jetson_emulator,100,offload,0.5,95.4978,77.9148,77.9148,79.7616,18.1686,167.274,167.274,338.1665,92.7791
1009,cnn,baseline,jetson_emulator,100,local,0.5,94.0695,78.4769,94.0695,96.1744,17.3735,167.274,167.274,347.9013,92.6587
1010,cnn,baseline,jetson_emulator,100,local,0.5,94.7141,78.2542,94.7141,97.1283,17.3432,167.274,167.274,348.0654,92.7476
1011,cnn,baseline,jetson_emulator,100,local,0.5,94.4958,78.0004,94.4958,95.7767,17.3534,167.274,167.274,348.2295,92.7553
1012,cnn,baseline,jetson_emulator,100,offload,0.5,94.2848,78.0544,78.0544,80.5321,18.1615,167.274,167.274,338.8048,92.8525
1013,cnn,baseline,jetson_emulator,100,offload,0.5,94.348,77.658,77.658,80.0404,18.1819,167.274,167.274,338.9644,92.7509
1014,cnn,baseline,jetson_emulator,100,offload,0.5,94.0228,77.6869,77.6869,79.2833,18.1804,167.274,167.274,339.1239,92.8237
1015,cnn,baseline,jetson_emulator,100,local,0.5,93.9987,78.4812,93.9987,96.307,17.3768,167.274,167.274,348.8859,92.745
1016,cnn,baseline,jetson_emulator,100,local,0.5,94.0768,77.9706,94.0768,95.9953,17.3731,167.274,167.274,349.05,92.8141
1017,cnn,baseline,jetson_emulator,100,local,0.5,94.4251,77.7226,94.4251,97.254,17.3567,167.274,167.274,349.2141,92.847
1018,cnn,baseline,jetson_emulator,100,offload,0.5,93.7843,77.6354,77.6354,79.6015,18.183,167.274,167.274,339.7623,92.8294
1019,cnn,baseline,jetson_emulator,100,local,0.5,93.6089,78.228,93.6089,96.0524,17.3952,167.274,167.274,349.5423,92.8174
1020,cnn,baseline,jetson_emulator,100,local,0.5,93.9013,78.5155,93.9013,95.8204,17.3814,167.274,167.274,349.7064,92.8047
1021,cnn,baseline,jetson_emulator,100,local,0.5,93.6328,78.4782,93.6328,96.583,17.394,167.274,167.274,349.8705,92.7955
1022,cnn,baseline,jetson_emulator,100,offload,0.5,94.1725,77.4315,77.4315,79.468,18.1935,167.274,167.274,340.4006,92.7427
1023,cnn,baseline,jetson_emulator,100,offload,0.5,93.6176,77.3772,77.3772,79.369,18.1964,167.274,167.274,340.5602,92.7847
1024,cnn,baseline,jetson_emulator,100,offload,0.5,93.7487,77.4683,77.4683,79.7105,18.1916,167.274,167.274,340.7197,92.795
1025,cnn,baseline,jetson_emulator,100,local,0.5,94.146,77.621,94.146,96.2321,17.3699,167.274,167.274,350.5268,92.7793
1026,cnn,baseline,jetson_emulator,100,local,0.5,93.8298,77.2481,93.8298,96.6296,17.3848,167.274,167.274,350.6909,92.8408
1027,cnn,baseline,jetson_emulator,100,local,0.5,93.5307,77.4155,93.5307,95.3338,17.3989,167.274,167.274,350.855,92.778
1028,cnn,baseline,jetson_emulator,100,offload,0.5,93.3372,77.8759,77.8759,80.5527,18.1706,167.274,167.274,341.3581,92.7374
1029,cnn,baseline,jetson_emulator,100,offload,0.5,93.2624,77.7061,77.7061,79.1117,18.1794,167.274,167.274,341.5176,92.7876
1030,cnn,baseline,jetson_emulator,100,offload,0.5,93.213,78.2511,78.2511,80.67,18.1513,167.274,167.274,341.6772,92.7273
1031,cnn,baseline,jetson_emulator,100,offload,0.5,93.2838,77.6894,77.6894,79.6464,18.1802,167.274,167.274,341.8368,92.7189
1032,cnn,baseline,jetson_emulator,100,offload,0.5,93.4152,77.6894,77.6894,80.1411,18.1802,167.274,167.274,341.9964,92.8145
1033,cnn,baseline,jetson_emulator,100,offload,0.5,93.4719,77.3422,77.3422,79.6693,18.1982,167.274,167.274,342.156,92.7272
1034,cnn,baseline,jetson_emulator,100,offload,0.5,93.4324,78.7218,78.7218,80.4253,18.1272,167.274,167.274,342.3155,92.7747
1035,cnn,baseline,jetson_emulator,100,local,0.5,94.1262,77.416,94.1262,96.7103,17.3708,167.274,167.274,352.1678,92.7908
1036,cnn,baseline,jetson_emulator,100,offload,0.5,94.0279,79.1793,79.1793,81.0938,18.1038,167.274,167.274,342.6347,92.7735
1037,cnn,baseline,jetson_emulator,100,offload,0.5,93.4135,77.5381,77.5381,80.5492,18.188,167.274,167.274,342.7943,92.7402
1038,cnn,baseline,jetson_emulator,100,local,0.5,93.728,77.7494,93.728,96.7069,17.3895,167.274,167.274,352.6601,92.7152
1039,cnn,baseline,jetson_emulator,100,local,0.5,93.5583,77.1788,93.5583,95.3361,17.3976,167.274,167.274,352.8242,92.78
1040,cnn,baseline,jetson_emulator,100,local,0.5,93.1929,78.6076,93.1929,95.9344,17.4148,167.274,167.274,352.9883,92.7688
1041,cnn,baseline,jetson_emulator,100,offload,0.5,93.4885,76.9668,76.9668,78.8119,18.2176,167.274,167.274,343.4326,92.7216
1042,cnn,baseline,jetson_emulator,100,local,0.5,93.3862,77.4081,93.3862,96.0567,17.4057,167.274,167.274,353.3165,92.7905
1043,cnn,baseline,jetson_emulator,100,offload,0.5,94.1535,77.3579,77.3579,79.508,18.1974,167.274,167.274,343.7518,92.8076
1044,cnn,baseline,jetson_emulator,100,offload,0.5,93.2657,77.4168,77.4168,80.1684,18.1943,167.274,167.274,343.9113,92.8533
1045,cnn,baseline,jetson_emulator,100,local,0.5,93.3744,78.3086,93.3744,96.01,17.4062,167.274,167.274,353.8088,92.7183
1046,cnn,baseline,jetson_emulator,100,local,0.5,93.5369,77.1931,93.5369,95.7365,17.3986,167.274,167.274,353.9729,92.8567
1047,cnn,baseline,jetson_emulator,100,offload,0.5,93.5236,78.1849,78.1849,79.7467,18.1547,167.274,167.274,344.3901,92.7499
1048,cnn,baseline,jetson_emulator,100,offload,0.5,93.7658,76.8772,76.8772,79.0099,18.2222,167.274,167.274,344.5496,92.7301
1049,cnn,baseline,jetson_emulator,100,offload,0.5,93.1136,77.1543,77.1543,79.7692,18.2079,167.274,167.274,344.7092,92.7154
1050,cnn,baseline,jetson_emulator,100,local,0.5,93.139,77.0865,93.139,95.3372,17.4174,167.274,167.274,354.6292,92.7425
1051,cnn,baseline,jetson_emulator,100,offload,0.5,93.3469,77.1708,77.1708,80.3598,18.207,167.274,167.274,345.0284,92.8132
1052,cnn,baseline,jetson_emulator,100,local,0.5,93.7438,78.0171,93.7438,96.9289,17.3888,167.274,167.274,354.9574,92.8608
1053,cnn,baseline,jetson_emulator,100,offload,0.5,93.509,77.981,77.981,80.4122,18.1652,167.274,167.274,345.3475,92.7377
1054,cnn,baseline,jetson_emulator,100,offload,0.5,93.686,77.2045,77.2045,80.187,18.2053,167.274,167.274,345.5071,92.7757
1055,cnn,baseline,jetson_emulator,100,offload,0.5,94.1758,79.0098,79.0098,80.9561,18.1124,167.274,167.274,345.6667,92.7654
1056,cnn,baseline,jetson_emulator,100,offload,0.5,93.7338,78.4784,78.4784,80.7409,18.1397,167.274,167.274,345.8263,92.7106
1057,cnn,baseline,jetson_emulator,100,local,0.5,93.7727,77.1892,93.7727,96.0119,17.3874,167.274,167.274,355.7779,92.8186
1058,cnn,baseline,jetson_emulator,100,offload,0.5,94.5774,77.3372,77.3372,78.767,18.1984,167.274,167.274,346.1454,92.7343
1059,cnn,baseline,jetson_emulator,100,local,0.5,93.2078,78.4095,93.2078,95.9416,17.4141,167.274,167.274,356.1061,92.8204
1060,cnn,baseline,jetson_emulator,100,offload,0.5,93.291,77.9599,77.9599,80.4977,18.1663,167.274,167.274,346.4646,92.7052
1061,cnn,baseline,jetson_emulator,100,offload,0.5,93.8554,77.8092,77.8092,79.866,18.1741,167.274,167.274,346.6242,92.7604
1062,cnn,baseline,jetson_emulator,100,local,0.5,93.5818,77.6745,93.5818,95.2827,17.3964,167.274,167.274,356.5984,92.6554
1063,cnn,baseline,jetson_emulator,100,local,0.5,93.4595,77.338,93.4595,95.6437,17.4022,167.274,167.274,356.7625,92.8551
1064,cnn,baseline,jetson_emulator,100,offload,0.5,93.8353,78.452,78.452,80.3523,18.141,167.274,167.274,347.1029,92.81
1065,cnn,baseline,jetson_emulator,100,offload,0.5,93.7345,77.5822,77.5822,79.3144,18.1858,167.274,167.274,347.2625,92.7811
1066,cnn,baseline,jetson_emulator,100,offload,0.5,93.8809,77.856,77.856,79.8172,18.1717,167.274,167.274,347.4221,92.7743
1067,cnn,baseline,jetson_emulator,100,offload,0.5,93.7298,77.3018,77.3018,79.5611,18.2002,167.274,167.274,347.5817,92.7831
1068,cnn,baseline,jetson_emulator,100,offload,0.5,93.6952,78.146,78.146,79.778,18.1567,167.274,167.274,347.7412,92.8048
1069,cnn,baseline,jetson_emulator,100,offload,0.5,93.6371,77.3821,77.3821,79.8282,18.1961,167.274,167.274,347.9008,92.8521
1070,cnn,baseline,jetson_emulator,100,offload,0.5,94.1783,78.6674,78.6674,80.612,18.13,167.274,167.274,348.0604,92.8816
1071,cnn,baseline,jetson_emulator,100,offload,0.5,93.5483,78.324,78.324,80.4987,18.1476,167.274,167.274,348.22,92.7771
1072,cnn,baseline,jetson_emulator,100,local,0.5,93.9019,77.6035,93.9019,96.3691,17.3814,167.274,167.274,358.2394,92.8138
1073,cnn,baseline,jetson_emulator,100,local,0.5,93.6507,78.3049,93.6507,96.23,17.3932,167.274,167.274,358.4034,92.8208
1074,cnn,baseline,jetson_emulator,100,local,0.5,93.7724,77.8709,93.7724,95.8227,17.3875,167.274,167.274,358.5675,92.7758
1075,cnn,baseline,jetson_emulator,100,offload,0.5,95.6326,77.8524,77.8524,80.6273,18.1718,167.274,167.274,348.8583,92.8714
1076,cnn,baseline,jetson_emulator,100,offload,0.5,93.9727,78.3663,78.3663,81.1772,18.1454,167.274,167.274,349.0179,92.7877
1077,cnn,baseline,jetson_emulator,100,local,0.5,93.937,77.6184,93.937,96.8663,17.3797,167.274,167.274,359.0598,92.81
1078,cnn,baseline,jetson_emulator,100,local,0.5,94.1373,78.3776,94.1373,96.6787,17.3703,167.274,167.274,359.2239,92.6983
1079,cnn,baseline,jetson_emulator,100,offload,0.5,94.7908,78.8967,78.8967,80.5766,18.1182,167.274,167.274,349.4966,92.694
1080,cnn,baseline,jetson_emulator,100,local,0.5,94.8772,78.9653,94.8772,97.2922,17.3355,167.274,167.274,359.5521,92.8195
1081,cnn,baseline,jetson_emulator,100,offload,0.5,94.3501,78.3638,78.3638,80.4718,18.1456,167.274,167.274,349.8158,92.7639
1082,cnn,baseline,jetson_emulator,100,offload,0.5,94.4729,77.9208,77.9208,80.4215,18.1683,167.274,167.274,349.9753,92.7532
1083,cnn,baseline,jetson_emulator,100,local,0.5,94.8523,78.179,94.8523,97.3302,17.3367,167.274,167.274,360.0444,92.8011
1084,cnn,baseline,jetson_emulator,100,local,0.5,94.4785,78.8311,94.4785,96.9046,17.3542,167.274,167.274,360.2085,92.8321
1085,cnn,baseline,jetson_emulator,100,local,0.5,94.6948,79.1488,94.6948,97.1071,17.3441,167.274,167.274,360.3726,92.778
1086,cnn,baseline,jetson_emulator,100,offload,0.5,94.5732,78.186,78.186,80.4682,18.1547,167.274,167.274,350.6137,92.6999
1087,cnn,baseline,jetson_emulator,100,offload,0.5,95.3671,79.3102,79.3102,81.1911,18.0971,167.274,167.274,350.7732,92.7062
1088,cnn,baseline,jetson_emulator,100,local,0.5,94.8223,79.135,94.8223,97.4329,17.3381,167.274,167.274,360.8649,92.7659
1089,cnn,baseline,jetson_emulator,100,local,0.5,95.4678,78.9506,95.4678,97.4202,17.3079,167.274,167.274,361.029,92.7639
1090,cnn,baseline,jetson_emulator,100,local,0.5,95.3051,79.2211,95.3051,97.558,17.3155,167.274,167.274,361.1931,92.7299
1091,cnn,baseline,jetson_emulator,100,offload,0.5,95.2931,78.4227,78.4227,79.9797,18.1425,167.274,167.274,351.4116,92.8093
1092,cnn,baseline,jetson_emulator,100,local,0.5,95.4272,79.2827,95.4272,96.9375,17.3098,167.274,167.274,361.5213,92.7902
1093,cnn,baseline,jetson_emulator,100,offload,0.5,95.3195,78.9868,78.9868,80.7126,18.1136,167.274,167.274,351.7307,92.6832
1094,cnn,baseline,jetson_emulator,100,local,0.5,95.8337,78.6107,95.8337,98.1959,17.2908,167.274,167.274,361.8495,92.7565
1095,cnn,baseline,jetson_emulator,100,offload,0.5,95.4008,79.1365,79.1365,80.8794,18.106,167.274,167.274,352.0499,92.8057
1096,cnn,baseline,jetson_emulator,100,local,0.5,95.5549,78.9114,95.5549,98.14,17.3038,167.274,167.274,362.1777,92.717
1097,cnn,baseline,jetson_emulator,100,local,0.5,96.1683,79.3763,96.1683,98.9307,17.2752,167.274,167.274,362.3417,92.6291
1098,cnn,baseline,jetson_emulator,100,local,0.5,95.4475,79.5542,95.4475,97.2098,17.3088,167.274,167.274,362.5058,92.8287
1099,cnn,baseline,jetson_emulator,100,offload,0.5,95.537,79.1097,79.1097,81.3471,18.1073,167.274,167.274,352.6882,92.7692
1100,cnn,baseline,jetson_emulator,100,local,0.5,95.6971,79.7883,95.6971,98.1388,17.2972,167.274,167.274,362.834,92.7387
1101,cnn,baseline,jetson_emulator,100,local,0.5,97.111,79.8753,97.111,99.8483,17.2315,167.274,167.274,362.9981,92.8638
1102,cnn,baseline,jetson_emulator,100,offload,0.5,96.6852,79.4371,79.4371,81.296,18.0906,167.274,167.274,353.1669,92.7555
1103,cnn,baseline,jetson_emulator,100,local,0.5,96.2017,79.3861,96.2017,98.5264,17.2737,167.274,167.274,363.3263,92.8347
1104,cnn,baseline,jetson_emulator,100,local,0.5,96.3581,80.7243,96.3581,98.4931,17.2664,167.274,167.274,363.4904,92.7786
1105,cnn,baseline,jetson_emulator,100,offload,0.5,96.2118,80.4067,80.4067,82.0887,18.0413,167.274,167.274,353.6457,92.7285
1106,cnn,baseline,jetson_emulator,100,offload,0.5,96.6671,81.1003,81.1003,83.2667,18.0061,167.274,167.274,353.8053,92.8237
1107,cnn,baseline,jetson_emulator,100,local,0.5,96.8787,80.2445,96.8787,100.3067,17.2422,167.274,167.274,363.9827,92.7927
1108,cnn,baseline,jetson_emulator,100,offload,0.5,97.0269,80.6485,80.6485,83.1596,18.029,167.274,167.274,354.1244,92.8188
1109,cnn,baseline,jetson_emulator,100,offload,0.5,96.738,81.1562,81.1562,82.2243,18.0033,167.274,167.274,354.284,92.7213
1110,cnn,baseline,jetson_emulator,100,offload,0.5,96.6491,81.2585,81.2585,83.2307,17.9981,167.274,167.274,354.4436,92.6871
1111,cnn,baseline,jetson_emulator,100,offload,0.5,97.9162,79.9985,79.9985,82.7058,18.062,167.274,167.274,354.6031,92.7797
1112,cnn,baseline,jetson_emulator,100,offload,0.5,97.1953,81.103,81.103,83.4004,18.006,167.274,167.274,354.7627,92.727
1113,cnn,baseline,jetson_emulator,100,local,0.5,97.1844,81.3132,97.1844,100.3582,17.2281,167.274,167.274,364.9673,92.8051
1114,cnn,baseline,jetson_emulator,100,local,0.5,97.9018,80.9055,97.9018,100.1299,17.1949,167.274,167.274,365.1314,92.8131
1115,cnn,baseline,jetson_emulator,100,offload,0.5,97.851,80.9714,80.9714,83.5991,18.0126,167.274,167.274,355.2415,92.698
1116,cnn,baseline,jetson_emulator,100,local,0.5,97.8184,81.1197,97.8184,101.0036,17.1988,167.274,167.274,365.4596,92.63
1117,cnn,baseline,jetson_emulator,100,offload,0.5,97.5619,80.788,80.788,83.3706,18.0219,167.274,167.274,355.5606,92.7805
1118,cnn,baseline,jetson_emulator,100,local,0.5,98.1133,80.7942,98.1133,100.267,17.1852,167.274,167.274,365.7878,92.7776
1119,cnn,baseline,jetson_emulator,100,offload,0.5,97.7247,81.5771,81.5771,84.6038,17.9821,167.274,167.274,355.8798,92.6842
1120,cnn,baseline,jetson_emulator,100,offload,0.5,98.0875,82.1449,82.1449,83.8637,17.9535,167.274,167.274,356.0394,92.7844
1121,cnn,baseline,jetson_emulator,100,local,0.5,98.1662,81.5387,98.1662,99.8597,17.1828,167.274,167.274,366.28,92.7824
1122,cnn,baseline,jetson_emulator,100,offload,0.5,98.6044,81.4682,81.4682,83.3446,17.9875,167.274,167.274,356.3585,92.7525
1123,cnn,baseline,jetson_emulator,100,local,0.5,98.2059,81.7347,98.2059,101.0889,17.1809,167.274,167.274,366.6082,92.8108
1124,cnn,baseline,jetson_emulator,100,local,0.5,99.1239,81.8146,99.1239,100.7864,17.1388,167.274,167.274,366.7723,92.8083
1125,cnn,baseline,jetson_emulator,100,local,0.5,99.4589,82.6549,99.4589,101.5429,17.1234,167.274,167.274,366.9364,92.7546
1126,cnn,baseline,jetson_emulator,100,offload,0.5,98.8204,82.1995,82.1995,83.6671,17.9507,167.274,167.274,356.9968,92.8343
1127,cnn,baseline,jetson_emulator,100,offload,0.5,98.8214,81.5976,81.5976,83.305,17.981,167.274,167.274,357.1564,92.799
1128,cnn,baseline,jetson_emulator,100,offload,0.5,98.7057,81.6465,81.6465,82.9381,17.9786,167.274,167.274,357.316,92.7681
1129,cnn,baseline,jetson_emulator,100,local,0.5,99.3255,82.818,99.3255,101.1854,17.1295,167.274,167.274,367.5928,92.8105
1130,cnn,baseline,jetson_emulator,100,local,0.5,99.3818,82.4714,99.3818,101.9373,17.127,167.274,167.274,367.7569,92.7875
1131,cnn,baseline,jetson_emulator,100,offload,0.5,99.3295,83.5088,83.5088,85.5597,17.8852,167.274,167.274,357.7947,92.8142
1132,cnn,baseline,jetson_emulator,100,local,0.5,99.3245,82.0242,99.3245,102.0543,17.1296,167.274,167.274,368.0851,92.8089
1133,cnn,baseline,jetson_emulator,100,offload,0.5,99.8803,82.0999,82.0999,84.1783,17.9557,167.274,167.274,358.1139,92.7925
1134,cnn,baseline,jetson_emulator,100,local,0.5,100.3505,82.7438,100.3505,102.0915,17.0828,167.274,167.274,368.4133,92.6948
1135,cnn,baseline,jetson_emulator,100,offload,0.5,100.176,82.7384,82.7384,85.3882,17.9237,167.274,167.274,358.4331,92.8254
1136,cnn,baseline,jetson_emulator,100,local,0.5,100.1263,82.6584,100.1263,102.764,17.093,167.274,167.274,368.7415,92.773
1137,cnn,baseline,jetson_emulator,100,offload,0.5,100.591,83.3712,83.3712,85.6875,17.892,167.274,167.274,358.7522,92.7462
1138,cnn,baseline,jetson_emulator,100,offload,0.5,100.8205,82.7255,82.7255,84.9867,17.9243,167.274,167.274,358.9118,92.7828
1139,cnn,baseline,jetson_emulator,100,local,0.5,100.8664,84.5872,100.8664,102.9579,17.0593,167.274,167.274,369.2338,92.7377
1140,cnn,baseline,jetson_emulator,100,local,0.5,100.4209,82.7763,100.4209,103.0923,17.0796,167.274,167.274,369.3979,92.8075
1141,cnn,baseline,jetson_emulator,100,local,0.5,100.2421,83.3561,100.2421,102.2341,17.0877,167.274,167.274,369.562,92.7736
1142,cnn,baseline,jetson_emulator,100,local,0.5,100.572,83.1224,100.572,102.6536,17.0727,167.274,167.274,369.7261,92.7455
1143,cnn,baseline,jetson_emulator,100,local,0.5,101.4053,83.8088,101.4053,104.3189,17.0349,167.274,167.274,369.8902,92.6845
1144,cnn,baseline,jetson_emulator,100,local,0.5,101.1014,83.5394,101.1014,103.3493,17.0487,167.274,167.274,370.0542,92.7353
1145,cnn,baseline,jetson_emulator,100,offload,0.5,100.9699,84.1876,84.1876,85.8609,17.8514,167.274,167.274,360.0288,92.7986
1146,cnn,baseline,jetson_emulator,100,offload,0.5,101.5393,83.8441,83.8441,86.1889,17.8685,167.274,167.274,360.1884,92.8814
1147,cnn,baseline,jetson_emulator,100,offload,0.5,101.1597,84.384,84.384,86.3516,17.8416,167.274,167.274,360.348,92.7224
1148,cnn,baseline,jetson_emulator,100,local,0.5,101.512,85.2735,101.512,104.5851,17.0301,167.274,167.274,370.7106,92.7735
1149,cnn,baseline,jetson_emulator,100,offload,0.5,101.5466,84.2167,84.2167,86.1103,17.8499,167.274,167.274,360.6672,92.8082
1150,cnn,baseline,jetson_emulator,100,local,0.5,101.7768,84.0993,101.7768,104.2779,17.0181,167.274,167.274,371.0388,92.8039
1151,cnn,baseline,jetson_emulator,100,offload,0.5,102.3489,85.1186,85.1186,87.0969,17.8052,167.274,167.274,360.9863,92.8508
1152,cnn,baseline,jetson_emulator,100,offload,0.5,101.6816,84.5814,84.5814,86.3069,17.8318,167.274,167.274,361.1459,92.7914
1153,cnn,baseline,jetson_emulator,100,offload,0.5,101.6252,84.2692,84.2692,86.613,17.8473,167.274,167.274,361.3055,92.6601
1154,cnn,baseline,jetson_emulator,100,offload,0.5,102.0021,84.3236,84.3236,85.8669,17.8446,167.274,167.274,361.4651,92.6941
1155,cnn,baseline,jetson_emulator,100,local,0.5,101.9848,84.9758,101.9848,104.3091,17.0087,167.274,167.274,371.8593,92.7596
1156,cnn,baseline,jetson_emulator,100,offload,0.5,102.2568,85.1323,85.1323,86.8737,17.8046,167.274,167.274,361.7842,92.7246
1157,cnn,baseline,jetson_emulator,100,local,0.5,102.3084,85.6934,102.3084,104.2495,16.9941,167.274,167.274,372.1875,92.8247
1158,cnn,baseline,jetson_emulator,100,offload,0.5,103.1292,84.7079,84.7079,87.4357,17.8256,167.274,167.274,362.1034,92.8445
1159,cnn,baseline,jetson_emulator,100,local,0.5,102.5061,85.667,102.5061,104.5866,16.9852,167.274,167.274,372.5157,92.7365
1160,cnn,baseline,jetson_emulator,100,local,0.5,102.3532,84.9598,102.3532,104.6245,16.9921,167.274,167.274,372.6798,92.8062
1161,cnn,baseline,jetson_emulator,100,offload,0.5,102.3878,85.4279,85.4279,87.2207,17.79,167.274,167.274,362.5821,92.8288
1162,cnn,baseline,jetson_emulator,100,local,0.5,102.7247,84.8467,102.7247,104.7166,16.9754,167.274,167.274,373.008,92.7334
1163,cnn,baseline,jetson_emulator,100,offload,0.5,102.7007,85.7369,85.7369,88.0925,17.7747,167.274,167.274,362.9013,92.8629
1164,cnn,baseline,jetson_emulator,100,offload,0.5,102.696,85.7907,85.7907,87.3892,17.7721,167.274,167.274,363.0609,92.7232
1165,cnn,baseline,jetson_emulator,100,offload,0.5,103.203,85.3323,85.3323,88.196,17.7947,167.274,167.274,363.2204,92.771
1166,cnn,baseline,jetson_emulator,100,local,0.5,103.1817,85.1357,103.1817,105.5605,16.9549,167.274,167.274,373.6644,92.8072
1167,cnn,baseline,jetson_emulator,100,local,0.5,103.6884,85.7991,103.6884,105.8934,16.9322,167.274,167.274,373.8285,92.7714
1168,cnn,baseline,jetson_emulator,100,offload,0.5,103.1523,85.4602,85.4602,88.0456,17.7884,167.274,167.274,363.6992,92.7974
1169,cnn,baseline,jetson_emulator,100,local,0.5,104.6049,85.3667,104.6049,107.1136,16.8913,167.274,167.274,374.1566,92.7427
1170,cnn,baseline,jetson_emulator,100,local,0.5,103.2625,86.678,103.2625,105.7664,16.9513,167.274,167.274,374.3207,92.8508
1171,cnn,baseline,jetson_emulator,100,offload,0.5,103.4569,86.5909,86.5909,89.7103,17.7327,167.274,167.274,364.1779,92.6711
1172,cnn,baseline,jetson_emulator,100,offload,0.5,104.3031,86.2825,86.2825,88.3841,17.7479,167.274,167.274,364.3375,92.7973
1173,cnn,baseline,jetson_emulator,100,local,0.5,103.7736,85.7359,103.7736,106.54,16.9284,167.274,167.274,374.813,92.7489
1174,cnn,baseline,jetson_emulator,100,offload,0.5,103.6067,86.4536,86.4536,88.9785,17.7395,167.274,167.274,364.6567,92.7922
1175,cnn,baseline,jetson_emulator,100,local,0.5,103.9948,86.011,103.9948,106.4318,16.9185,167.274,167.274,375.1412,92.7713
1176,cnn,baseline,jetson_emulator,100,offload,0.5,103.9395,85.9077,85.9077,88.3718,17.7663,167.274,167.274,364.9758,92.7229
1177,cnn,baseline,jetson_emulator,100,local,0.5,103.9591,86.1186,103.9591,106.6007,16.9201,167.274,167.274,375.4694,92.7533
1178,cnn,baseline,jetson_emulator,100,local,0.5,104.1832,86.3949,104.1832,105.3317,16.9101,167.274,167.274,375.6335,92.7668
1179,cnn,baseline,jetson_emulator,100,local,0.5,104.4503,85.9496,104.4503,106.4059,16.8982,167.274,167.274,375.7976,92.7664
1180,cnn,baseline,jetson_emulator,100,local,0.5,104.3926,86.4498,104.3926,105.6932,16.9008,167.274,167.274,375.9617,92.8146
1181,cnn,baseline,jetson_emulator,100,local,0.5,104.444,86.033,104.444,107.06,16.8985,167.274,167.274,376.1258,92.7728
1182,cnn,baseline,jetson_emulator,100,offload,0.5,104.437,87.7146,87.7146,89.7442,17.6778,167.274,167.274,365.9333,92.7264
1183,cnn,baseline,jetson_emulator,100,offload,0.5,104.6548,86.4724,86.4724,88.0793,17.7386,167.274,167.274,366.0929,92.7312
1184,cnn,baseline,jetson_emulator,100,local,0.5,104.9145,88.0923,104.9145,107.2846,16.8776,167.274,167.274,376.6181,92.746
1185,cnn,baseline,jetson_emulator,100,local,0.5,104.3773,88.4945,104.3773,107.2071,16.9015,167.274,167.274,376.7822,92.6992
1186,cnn,baseline,jetson_emulator,100,offload,0.5,104.7064,86.3954,86.3954,88.2603,17.7423,167.274,167.274,366.5716,92.8081
1187,cnn,baseline,jetson_emulator,100,local,0.5,104.8067,87.059,104.8067,106.7966,16.8824,167.274,167.274,377.1104,92.8121
1188,cnn,baseline,jetson_emulator,100,local,0.5,104.4584,86.3104,104.4584,106.1017,16.8979,167.274,167.274,377.2745,92.7379
1189,cnn,baseline,jetson_emulator,100,local,0.5,105.1849,86.6007,105.1849,107.1473,16.8656,167.274,167.274,377.4386,92.7554
1190,cnn,baseline,jetson_emulator,100,offload,0.5,105.2012,86.3905,86.3905,88.6696,17.7426,167.274,167.274,367.2099,92.7683
1191,cnn,baseline,jetson_emulator,100,local,0.5,105.0308,86.3603,105.0308,107.7798,16.8724,167.274,167.274,377.7668,92.7667
1192,cnn,baseline,jetson_emulator,100,local,0.5,104.5502,87.2457,104.5502,107.5808,16.8938,167.274,167.274,377.9308,92.8131
1193,cnn,baseline,jetson_emulator,100,local,0.5,104.6195,87.0098,104.6195,105.8907,16.8907,167.274,167.274,378.0949,92.7204
1194,cnn,baseline,jetson_emulator,100,local,0.5,105.1619,87.5441,105.1619,108.0005,16.8666,167.274,167.274,378.259,92.7705
1195,cnn,baseline,jetson_emulator,100,local,0.5,105.1212,86.8671,105.1212,107.8987,16.8684,167.274,167.274,378.4231,92.7533
1196,cnn,baseline,jetson_emulator,100,local,0.5,105.0868,86.6737,105.0868,108.0894,16.8699,167.274,167.274,378.5872,92.7731
1197,cnn,baseline,jetson_emulator,100,local,0.5,104.812,87.1895,104.812,107.1579,16.8821,167.274,167.274,378.7513,92.7905
1198,cnn,baseline,jetson_emulator,100,offload,0.5,105.0863,86.6608,86.6608,89.6495,17.7293,167.274,167.274,368.4866,92.7309
1199,cnn,baseline,jetson_emulator,100,offload,0.5,106.2913,86.8899,86.8899,89.8125,17.7181,167.274,167.274,368.6461,92.8059
1200,cnn,baseline,jetson_emulator,100,offload,0.5,104.8779,87.9091,87.9091,90.5087,17.6683,167.274,167.274,368.8057,92.8092
