cycle_id,model,architecture,profile,nodes,decision,threshold,local_latency_ms,offload_latency_ms,total_latency_ms,rtt_ms,throughput_fps,local_power_mw,offload_power_mw,effective_power_mw,accuracy_step
1,cnn,nsson,jetson_emulator,30,offload,0.49741102669064113,45.8272,32.575,32.575,34.9025,29.4781,167.274,167.274,158.5075,92.9118
2,cnn,nsson,jetson_emulator,30,offload,0.5014044631592371,46.2825,33.6974,33.6974,35.5287,29.4781,167.274,167.274,158.65,92.8443
3,cnn,nsson,jetson_emulator,30,local,0.5006494054235152,46.3579,33.5516,46.3579,48.1776,27.2412,167.274,167.274,160.1964,92.8717
4,cnn,nsson,jetson_emulator,30,offload,0.502090481349749,47.1642,33.2324,33.2324,35.7766,29.4781,167.274,167.274,158.9351,92.9357
5,cnn,nsson,jetson_emulator,30,offload,0.5028492142822567,46.7544,33.4405,33.4405,35.0978,29.4781,167.274,167.274,159.0776,92.9074
6,cnn,nsson,jetson_emulator,30,local,0.5058602307847253,46.0626,33.6137,46.0626,47.6342,27.2729,167.274,167.274,160.6278,92.8035
7,cnn,nsson,jetson_emulator,30,offload,0.5145645774391197,47.424,33.65,33.65,35.9546,29.4781,167.274,167.274,159.3627,92.8709
8,cnn,nsson,jetson_emulator,30,offload,0.5098302828138396,46.3957,34.443,34.443,36.4994,29.438,167.274,167.274,159.5052,92.8487
9,cnn,nsson,jetson_emulator,30,offload,0.5045749358700481,46.8266,34.7722,34.7722,36.5407,29.3981,167.274,167.274,159.6477,92.8622
10,cnn,nsson,jetson_emulator,30,offload,0.5030786546056021,46.5982,33.8785,33.8785,36.0897,29.4781,167.274,167.274,159.7903,92.9938
11,cnn,nsson,jetson_emulator,30,offload,0.5006202837125523,47.47,34.5552,34.5552,36.3425,29.4244,167.274,167.274,159.9328,92.9043
12,cnn,nsson,jetson_emulator,30,local,0.500260832552595,47.2982,34.3232,47.2982,49.3729,27.1408,167.274,167.274,161.4905,92.929
13,cnn,nsson,jetson_emulator,30,local,0.4845604170410306,47.2271,34.2855,47.2271,49.3332,27.1484,167.274,167.274,161.6343,92.9338
14,cnn,nsson,jetson_emulator,30,local,0.48605536449083925,47.6681,34.5748,47.6681,49.2797,27.1015,167.274,167.274,161.7781,92.9586
15,cnn,nsson,jetson_emulator,30,local,0.48797681095947426,47.212,34.097,47.212,49.1611,27.15,167.274,167.274,161.9219,92.8517
16,cnn,nsson,jetson_emulator,30,offload,0.4899880146607905,46.9611,34.2534,34.2534,35.5209,29.4611,167.274,167.274,160.6454,92.905
17,cnn,nsson,jetson_emulator,30,offload,0.48669843507391164,48.0718,33.7221,33.7221,34.8859,29.4781,167.274,167.274,160.788,92.8898
18,cnn,nsson,jetson_emulator,30,offload,0.49262259841391226,47.519,33.9596,33.9596,35.5237,29.4781,167.274,167.274,160.9305,92.8465
19,cnn,nsson,jetson_emulator,30,local,0.49614679016039553,47.5092,34.3684,47.5092,48.2465,27.1184,167.274,167.274,162.4971,92.8987
20,cnn,nsson,jetson_emulator,30,offload,0.4972276481936528,48.3375,34.0895,34.0895,35.9019,29.4781,167.274,167.274,161.2156,92.9207
21,cnn,nsson,jetson_emulator,30,offload,0.4996451187241493,48.3903,34.445,34.445,34.9986,29.4378,167.274,167.274,161.3581,92.8466
22,cnn,nsson,jetson_emulator,30,local,0.5036189349228964,47.4297,33.9496,47.4297,49.4531,27.1268,167.274,167.274,162.9284,92.9345
23,cnn,nsson,jetson_emulator,30,offload,0.503737907276878,47.6755,34.9384,34.9384,36.8207,29.378,167.274,167.274,161.6431,92.8564
24,cnn,nsson,jetson_emulator,30,local,0.4976977757700356,47.8852,35.6522,47.8852,49.5277,27.0785,167.274,167.274,163.216,92.9782
25,cnn,nsson,jetson_emulator,30,local,0.49696562744702,47.6888,34.6848,47.6888,49.8622,27.0993,167.274,167.274,163.3598,92.8487
26,cnn,nsson,jetson_emulator,30,local,0.4930566979985788,48.2336,34.2789,48.2336,50.2999,27.0417,167.274,167.274,163.5036,92.8776
27,cnn,nsson,jetson_emulator,30,local,0.4907469277739412,48.2295,34.6816,48.2295,50.1834,27.0421,167.274,167.274,163.6474,92.8869
28,cnn,nsson,jetson_emulator,30,offload,0.5003310250117228,48.3029,35.1913,35.1913,37.9274,29.3474,167.274,167.274,162.3558,92.8702
29,cnn,nsson,jetson_emulator,30,local,0.5112265947501697,48.7254,34.516,48.7254,50.7166,26.9899,167.274,167.274,163.9349,92.9771
30,cnn,nsson,jetson_emulator,30,offload,0.5149750228816413,48.5553,35.0966,35.0966,36.6935,29.3589,167.274,167.274,162.6408,92.9699
31,cnn,nsson,jetson_emulator,30,offload,0.5047187593945499,48.7587,34.7963,34.7963,36.3961,29.3952,167.274,167.274,162.7834,92.7825
32,cnn,nsson,jetson_emulator,30,offload,0.5027121315289066,48.2443,34.7806,34.7806,36.3,29.3971,167.274,167.274,162.9259,92.8889
33,cnn,nsson,jetson_emulator,30,offload,0.5009303392300669,48.8496,35.0556,35.0556,36.4841,29.3638,167.274,167.274,163.0684,92.8512
34,cnn,nsson,jetson_emulator,30,offload,0.5005597782532402,48.5928,35.4636,35.4636,38.2117,29.3146,167.274,167.274,163.211,92.8954
35,cnn,nsson,jetson_emulator,30,offload,0.5037473633406324,48.8006,35.2251,35.2251,37.1133,29.3433,167.274,167.274,163.3535,92.8974
36,cnn,nsson,jetson_emulator,30,offload,0.49993840524961236,48.4865,35.6048,35.6048,36.9528,29.2976,167.274,167.274,163.496,92.8928
37,cnn,nsson,jetson_emulator,30,local,0.4985243500217601,48.9893,35.8452,48.9893,50.0406,26.9621,167.274,167.274,165.0852,92.8841
38,cnn,nsson,jetson_emulator,30,local,0.49835939692476805,48.7291,34.8735,48.7291,51.0586,26.9895,167.274,167.274,165.229,92.9013
39,cnn,nsson,jetson_emulator,30,offload,0.490164758608878,48.7312,34.9498,34.9498,36.7514,29.3766,167.274,167.274,163.9236,92.9964
40,cnn,nsson,jetson_emulator,30,offload,0.49847506827475624,48.8956,35.4817,35.4817,37.0743,29.3124,167.274,167.274,164.0661,92.8619
41,cnn,nsson,jetson_emulator,30,offload,0.4882706177879388,48.9497,35.861,35.861,37.8282,29.2668,167.274,167.274,164.2087,92.8585
42,cnn,nsson,jetson_emulator,30,offload,0.48445778824779584,49.7174,35.7409,35.7409,37.7373,29.2812,167.274,167.274,164.3512,92.8864
43,cnn,nsson,jetson_emulator,30,offload,0.4880797991269497,50.5768,36.0279,36.0279,38.2137,29.2468,167.274,167.274,164.4937,92.9639
44,cnn,nsson,jetson_emulator,30,local,0.47932327711231837,49.0656,35.0761,49.0656,51.0885,26.9541,167.274,167.274,166.0918,92.9918
45,cnn,nsson,jetson_emulator,30,local,0.4826531519927503,49.2746,35.3354,49.2746,50.7886,26.9322,167.274,167.274,166.2356,92.9222
46,cnn,nsson,jetson_emulator,30,offload,0.49178245029780965,49.2061,35.9305,35.9305,37.1056,29.2585,167.274,167.274,164.9213,92.8918
47,cnn,nsson,jetson_emulator,30,offload,0.4891656579485886,49.2144,35.2463,35.2463,37.2025,29.3408,167.274,167.274,165.0638,92.8185
48,cnn,nsson,jetson_emulator,30,offload,0.4911363955624225,49.2354,36.1231,36.1231,37.6166,29.2354,167.274,167.274,165.2064,92.9402
49,cnn,nsson,jetson_emulator,30,offload,0.49859741072651154,49.5114,35.2553,35.2553,37.3161,29.3397,167.274,167.274,165.3489,92.9126
50,cnn,nsson,jetson_emulator,30,offload,0.5066853096978616,49.9996,35.337,35.337,36.4558,29.3298,167.274,167.274,165.4914,92.857
51,cnn,nsson,jetson_emulator,30,offload,0.5092372581070765,49.4238,35.7673,35.7673,36.2537,29.278,167.274,167.274,165.6339,92.847
52,cnn,nsson,jetson_emulator,30,offload,0.5219932270352069,50.0211,36.0378,36.0378,37.4562,29.2456,167.274,167.274,165.7765,92.8101
53,cnn,nsson,jetson_emulator,30,local,0.5161617978951722,50.0036,35.4582,50.0036,51.9771,26.8561,167.274,167.274,167.3859,92.8712
54,cnn,nsson,jetson_emulator,30,local,0.517102036513127,49.7062,35.4574,49.7062,51.2664,26.8871,167.274,167.274,167.5297,92.8139
55,cnn,nsson,jetson_emulator,30,local,0.5221920766919347,49.7925,35.5988,49.7925,50.9006,26.8781,167.274,167.274,167.6734,92.9747
56,cnn,nsson,jetson_emulator,30,offload,0.5142462172462965,50.0342,35.7449,35.7449,36.8769,29.2807,167.274,167.274,166.3466,92.8995
57,cnn,nsson,jetson_emulator,30,local,0.5274786728508339,49.796,36.6563,49.796,51.4395,26.8777,167.274,167.274,167.961,92.89
58,cnn,nsson,jetson_emulator,30,offload,0.5308671872149219,50.1494,36.123,36.123,37.5605,29.2354,167.274,167.274,166.6316,92.9329
59,cnn,nsson,jetson_emulator,30,offload,0.5401117667403177,50.7504,35.6327,35.6327,37.9496,29.2942,167.274,167.274,166.7742,92.8192
60,cnn,nsson,jetson_emulator,30,offload,0.5389446439051689,50.6195,36.0326,36.0326,37.5003,29.2462,167.274,167.274,166.9167,92.9551
61,cnn,nsson,jetson_emulator,30,local,0.5510057511296336,50.4101,36.6682,50.4101,52.448,26.8138,167.274,167.274,168.5362,92.9042
62,cnn,nsson,jetson_emulator,30,offload,0.5395496143803116,50.1756,36.8737,36.8737,37.9786,29.1457,167.274,167.274,167.2018,92.8435
63,cnn,nsson,jetson_emulator,30,local,0.5342658433835794,49.9841,36.171,49.9841,52.0579,26.8581,167.274,167.274,168.8237,92.8965
64,cnn,nsson,jetson_emulator,30,local,0.5271931338886228,50.5363,35.8515,50.5363,52.6431,26.8007,167.274,167.274,168.9675,92.7432
65,cnn,nsson,jetson_emulator,30,local,0.52410722694525,50.7913,36.0543,50.7913,53.3258,26.7743,167.274,167.274,169.1113,92.917
66,cnn,nsson,jetson_emulator,30,offload,0.5252105087879639,50.5489,36.1107,36.1107,38.7238,29.2368,167.274,167.274,167.7719,92.9782
67,cnn,nsson,jetson_emulator,30,offload,0.5167913187253695,50.3614,36.4791,36.4791,38.9669,29.1928,167.274,167.274,167.9144,92.8653
68,cnn,nsson,jetson_emulator,30,local,0.5081577893620153,50.4087,36.0381,50.4087,52.2365,26.814,167.274,167.274,169.5427,92.8164
69,cnn,nsson,jetson_emulator,30,local,0.5072012869431082,50.4523,36.4177,50.4523,51.4718,26.8094,167.274,167.274,169.6865,92.8613
70,cnn,nsson,jetson_emulator,30,local,0.5103487580522178,50.3463,36.0732,50.3463,52.6211,26.8205,167.274,167.274,169.8303,92.8264
71,cnn,nsson,jetson_emulator,30,offload,0.5070598011327948,50.9793,36.6683,36.6683,38.15,29.1702,167.274,167.274,168.4845,92.9376
72,cnn,nsson,jetson_emulator,30,local,0.49791519962258396,50.6766,36.2565,50.6766,52.5166,26.7862,167.274,167.274,170.1178,92.8794
73,cnn,nsson,jetson_emulator,30,local,0.4961228289555565,50.6399,37.1123,50.6399,52.0699,26.79,167.274,167.274,170.2616,92.878
74,cnn,nsson,jetson_emulator,30,offload,0.5027521067772684,50.5269,36.3817,36.3817,37.5108,29.2044,167.274,167.274,168.9121,92.8379
75,cnn,nsson,jetson_emulator,30,offload,0.5182829528482019,50.8157,36.613,36.613,38.1695,29.1768,167.274,167.274,169.0546,92.9159
76,cnn,nsson,jetson_emulator,30,local,0.5244098130983034,51.7591,36.4827,51.7591,53.9712,26.6745,167.274,167.274,170.693,92.8612
77,cnn,nsson,jetson_emulator,30,offload,0.5383151973782794,50.8831,36.6018,36.6018,38.7111,29.1781,167.274,167.274,169.3397,92.938
78,cnn,nsson,jetson_emulator,30,offload,0.5435735265443336,50.8446,36.2507,36.2507,37.5118,29.2201,167.274,167.274,169.4822,92.8768
79,cnn,nsson,jetson_emulator,30,offload,0.5357341455676058,51.1973,37.8116,37.8116,40.1705,29.0344,167.274,167.274,169.6247,92.892
80,cnn,nsson,jetson_emulator,30,offload,0.5296098109080042,51.1787,36.3232,36.3232,38.3441,29.2114,167.274,167.274,169.7673,92.9367
81,cnn,nsson,jetson_emulator,30,offload,0.5345991972902786,50.7651,36.2336,36.2336,38.5297,29.2221,167.274,167.274,169.9098,92.931
82,cnn,nsson,jetson_emulator,30,offload,0.5374968728850817,51.1919,36.107,36.107,38.0622,29.2373,167.274,167.274,170.0523,92.8983
83,cnn,nsson,jetson_emulator,30,offload,0.5415147335616464,50.8077,36.2601,36.2601,37.5828,29.219,167.274,167.274,170.1949,92.9247
84,cnn,nsson,jetson_emulator,30,offload,0.5314742343562009,50.7445,37.0278,37.0278,39.0058,29.1274,167.274,167.274,170.3374,92.937
85,cnn,nsson,jetson_emulator,30,local,0.5286651728414437,51.4492,36.6708,51.4492,52.7436,26.7064,167.274,167.274,171.9871,92.9634
86,cnn,nsson,jetson_emulator,30,local,0.5334220335134241,51.2513,36.1405,51.2513,52.478,26.7268,167.274,167.274,172.1309,92.8528
87,cnn,nsson,jetson_emulator,30,local,0.5233991561056269,50.8843,36.6893,50.8843,52.6368,26.7647,167.274,167.274,172.2747,92.9553
88,cnn,nsson,jetson_emulator,30,offload,0.5234256860238052,50.6978,36.2734,36.2734,37.6964,29.2174,167.274,167.274,170.9075,92.8316
89,cnn,nsson,jetson_emulator,30,local,0.5151719185742565,50.849,36.1293,50.849,52.4416,26.7683,167.274,167.274,172.5623,92.9276
90,cnn,nsson,jetson_emulator,30,offload,0.5145963388282652,50.6287,36.1733,36.1733,38.2513,29.2293,167.274,167.274,171.1926,92.9433
91,cnn,nsson,jetson_emulator,30,offload,0.5162738861510761,50.8361,37.3984,37.3984,38.3385,29.0833,167.274,167.274,171.3351,92.9234
92,cnn,nsson,jetson_emulator,30,offload,0.5190316564670984,51.0005,37.1991,37.1991,39.4685,29.107,167.274,167.274,171.4776,92.944
93,cnn,nsson,jetson_emulator,30,offload,0.5135262839541358,51.2122,37.0184,37.0184,38.7529,29.1285,167.274,167.274,171.6201,92.8799
94,cnn,nsson,jetson_emulator,30,offload,0.5220324654076268,51.023,36.5417,36.5417,37.6791,29.1853,167.274,167.274,171.7627,92.8221
95,cnn,nsson,jetson_emulator,30,offload,0.5210075778557541,51.3914,36.552,36.552,38.9406,29.1841,167.274,167.274,171.9052,92.9629
96,cnn,nsson,jetson_emulator,30,offload,0.5278815814449004,51.0985,36.1663,36.1663,37.7803,29.2302,167.274,167.274,172.0477,92.8953
97,cnn,nsson,jetson_emulator,30,offload,0.5266475216645031,51.2293,36.1783,36.1783,38.753,29.2287,167.274,167.274,172.1903,92.9315
98,cnn,nsson,jetson_emulator,30,local,0.52587667262339,50.599,37.2482,50.599,52.0357,26.7942,167.274,167.274,173.8563,92.9105
99,cnn,nsson,jetson_emulator,30,offload,0.5339095067180115,51.2152,36.8323,36.8323,38.6886,29.1506,167.274,167.274,172.4753,92.8779
100,cnn,nsson,jetson_emulator,30,local,0.5389222228158205,51.1491,36.4254,51.1491,53.3648,26.7373,167.274,167.274,174.1439,92.9055
101,cnn,nsson,jetson_emulator,30,local,0.5305090835763254,50.617,37.0499,50.617,52.789,26.7924,167.274,167.274,174.2877,92.9325
102,cnn,nsson,jetson_emulator,30,offload,0.5235953680291733,51.1843,37.7412,37.7412,39.1653,29.0428,167.274,167.274,172.9029,92.9828
103,cnn,nsson,jetson_emulator,30,offload,0.5219202994123463,50.5162,36.8824,36.8824,38.3351,29.1447,167.274,167.274,173.0454,92.8815
104,cnn,nsson,jetson_emulator,30,offload,0.5291336006025207,51.3269,36.2678,36.2678,37.9072,29.218,167.274,167.274,173.1879,92.9598
105,cnn,nsson,jetson_emulator,30,offload,0.5241549679521504,51.5002,36.3464,36.3464,38.2591,29.2086,167.274,167.274,173.3305,92.932
106,cnn,nsson,jetson_emulator,30,offload,0.5393673241147083,51.8797,36.3115,36.3115,37.5893,29.2128,167.274,167.274,173.473,92.8704
107,cnn,nsson,jetson_emulator,30,offload,0.5286770202406902,51.121,37.2911,37.2911,38.4594,29.0961,167.274,167.274,173.6155,92.962
108,cnn,nsson,jetson_emulator,30,local,0.5339952250167309,50.827,36.5702,50.827,53.3734,26.7706,167.274,167.274,175.2942,92.8072
109,cnn,nsson,jetson_emulator,30,offload,0.5316254029438372,50.8016,37.1633,37.1633,39.3272,29.1112,167.274,167.274,173.9006,92.8907
110,cnn,nsson,jetson_emulator,30,offload,0.539051237534282,50.4629,37.274,37.274,39.1631,29.0981,167.274,167.274,174.0431,92.9405
111,cnn,nsson,jetson_emulator,30,local,0.5374596433223718,50.9925,36.1973,50.9925,53.2695,26.7535,167.274,167.274,175.7256,92.9672
112,cnn,nsson,jetson_emulator,30,local,0.5566294636670555,50.4239,36.064,50.4239,52.2187,26.8124,167.274,167.274,175.8694,92.8703
113,cnn,nsson,jetson_emulator,30,offload,0.557632156700404,50.4599,36.1033,36.1033,38.2139,29.2377,167.274,167.274,174.4707,92.8491
114,cnn,nsson,jetson_emulator,30,offload,0.5580312312982125,50.3057,37.0739,37.0739,38.7546,29.1219,167.274,167.274,174.6132,92.843
115,cnn,nsson,jetson_emulator,30,offload,0.5551286553663838,50.6372,35.9947,35.9947,37.7053,29.2508,167.274,167.274,174.7558,92.8875
116,cnn,nsson,jetson_emulator,30,local,0.5619078517233325,50.7987,37.3266,50.7987,52.5846,26.7735,167.274,167.274,176.4445,92.955
117,cnn,nsson,jetson_emulator,30,local,0.5645872062806045,51.4967,37.0961,51.4967,52.9799,26.7015,167.274,167.274,176.5883,92.7402
118,cnn,nsson,jetson_emulator,30,local,0.5656476726637323,50.7909,36.0924,50.7909,51.9027,26.7744,167.274,167.274,176.7321,92.9392
119,cnn,nsson,jetson_emulator,30,offload,0.5656262265327427,50.4046,36.2299,36.2299,37.313,29.2226,167.274,167.274,175.3259,92.7919
120,cnn,nsson,jetson_emulator,30,local,0.5665136714041236,50.7387,36.169,50.7387,53.084,26.7798,167.274,167.274,177.0197,92.9061
121,cnn,nsson,jetson_emulator,30,offload,0.5521431153672582,51.1192,36.3016,36.3016,37.8706,29.214,167.274,167.274,175.6109,92.8949
122,cnn,nsson,jetson_emulator,30,offload,0.542826752464023,50.2127,36.407,36.407,38.7516,29.2014,167.274,167.274,175.7535,92.8702
123,cnn,nsson,jetson_emulator,30,offload,0.5317313373270246,50.6308,36.2779,36.2779,38.0738,29.2168,167.274,167.274,175.896,92.9112
124,cnn,nsson,jetson_emulator,30,local,0.5216835805530553,51.0651,36.1968,51.0651,52.5809,26.746,167.274,167.274,177.5949,92.8923
125,cnn,nsson,jetson_emulator,30,local,0.5125341034498441,50.2794,36.0878,50.2794,51.7805,26.8274,167.274,167.274,177.7386,92.9127
126,cnn,nsson,jetson_emulator,30,local,0.4993003568097383,50.1102,37.0093,50.1102,52.1241,26.845,167.274,167.274,177.8824,92.8934
127,cnn,nsson,jetson_emulator,30,local,0.5019449141842608,50.5071,35.7817,50.5071,52.5971,26.8038,167.274,167.274,178.0262,92.9441
128,cnn,nsson,jetson_emulator,30,local,0.5132240265579452,50.1006,36.2043,50.1006,51.9037,26.846,167.274,167.274,178.17,92.9144
129,cnn,nsson,jetson_emulator,30,offload,0.5014500711494941,50.2629,36.479,36.479,37.86,29.1928,167.274,167.274,176.7512,92.8456
130,cnn,nsson,jetson_emulator,30,local,0.4981704131679711,50.0136,35.8039,50.0136,52.1743,26.8551,167.274,167.274,178.4576,92.8867
131,cnn,nsson,jetson_emulator,30,local,0.501469454226695,50.7009,35.8134,50.7009,52.54,26.7837,167.274,167.274,178.6014,92.9292
132,cnn,nsson,jetson_emulator,30,offload,0.5020994216608612,49.9406,36.8653,36.8653,38.1465,29.1467,167.274,167.274,177.1787,92.972
133,cnn,nsson,jetson_emulator,30,local,0.5131011319883676,50.7394,35.9773,50.7394,53.5468,26.7797,167.274,167.274,178.8889,92.8878
134,cnn,nsson,jetson_emulator,30,offload,0.5124578425661938,49.8613,35.6272,35.6272,37.0429,29.2949,167.274,167.274,177.4638,92.9036
135,cnn,nsson,jetson_emulator,30,offload,0.5182729333321618,49.9048,35.892,35.892,38.179,29.2631,167.274,167.274,177.6063,92.9536
136,cnn,nsson,jetson_emulator,30,offload,0.5160313711826326,50.1775,35.7253,35.7253,38.0977,29.2831,167.274,167.274,177.7489,92.8936
137,cnn,nsson,jetson_emulator,30,local,0.5135997854078435,49.6558,35.6085,49.6558,50.9649,26.8924,167.274,167.274,179.4641,92.9032
138,cnn,nsson,jetson_emulator,30,offload,0.5209471760097806,49.8556,36.298,36.298,38.7485,29.2144,167.274,167.274,178.0339,92.9132
139,cnn,nsson,jetson_emulator,30,offload,0.5124123702261608,50.3303,36.3591,36.3591,37.9498,29.2071,167.274,167.274,178.1764,92.8254
140,cnn,nsson,jetson_emulator,30,local,0.5135305541137399,49.5732,36.2153,49.5732,51.698,26.901,167.274,167.274,179.8955,92.95
141,cnn,nsson,jetson_emulator,30,offload,0.5109937866283661,49.9515,35.718,35.718,38.3445,29.284,167.274,167.274,178.4615,93.0162
142,cnn,nsson,jetson_emulator,30,local,0.5140420096067362,50.8474,35.8004,50.8474,53.863,26.7685,167.274,167.274,180.183,92.8757
143,cnn,nsson,jetson_emulator,30,offload,0.5175260136652281,49.6648,35.8662,35.8662,37.8542,29.2662,167.274,167.274,178.7466,92.8892
144,cnn,nsson,jetson_emulator,30,local,0.5230758681045221,49.9523,35.4494,49.9523,52.0046,26.8614,167.274,167.274,180.4706,92.9427
145,cnn,nsson,jetson_emulator,30,offload,0.5223037583288155,49.9876,36.564,36.564,38.7595,29.1826,167.274,167.274,179.0316,92.9402
146,cnn,nsson,jetson_emulator,30,offload,0.5301498090644252,49.36,36.1166,36.1166,38.6351,29.2361,167.274,167.274,179.1741,92.7729
147,cnn,nsson,jetson_emulator,30,offload,0.5407515272132413,49.661,35.3612,35.3612,37.5197,29.3269,167.274,167.274,179.3167,92.9867
148,cnn,nsson,jetson_emulator,30,local,0.5415356539591085,49.2836,36.3027,49.2836,51.2723,26.9313,167.274,167.274,181.0458,92.7949
149,cnn,nsson,jetson_emulator,30,offload,0.5294367900783447,50.3281,36.8621,36.8621,38.6144,29.1471,167.274,167.274,179.6017,92.9236
150,cnn,nsson,jetson_emulator,30,offload,0.5357735382270272,49.5961,35.9099,35.9099,37.5847,29.2609,167.274,167.274,179.7443,92.8318
151,cnn,nsson,jetson_emulator,30,local,0.5288635712246517,49.7097,36.3168,49.7097,51.6562,26.8867,167.274,167.274,181.4771,92.8919
152,cnn,nsson,jetson_emulator,30,local,0.5357221722797563,49.8834,35.7565,49.8834,51.5856,26.8686,167.274,167.274,181.6209,92.8022
153,cnn,nsson,jetson_emulator,30,offload,0.5436628782129616,49.5497,35.453,35.453,37.2028,29.3159,167.274,167.274,180.1718,92.9341
154,cnn,nsson,jetson_emulator,30,offload,0.5551780811158704,49.5917,35.2949,35.2949,37.2666,29.3349,167.274,167.274,180.3144,92.8942
155,cnn,nsson,jetson_emulator,30,offload,0.552154728236495,49.1923,35.2214,35.2214,36.9261,29.3438,167.274,167.274,180.4569,92.8289
156,cnn,nsson,jetson_emulator,30,local,0.5424758808411982,49.3419,35.9498,49.3419,52.0843,26.9252,167.274,167.274,182.1961,92.9709
157,cnn,nsson,jetson_emulator,30,offload,0.5499350544521087,49.5514,35.4989,35.4989,37.246,29.3103,167.274,167.274,180.742,92.867
158,cnn,nsson,jetson_emulator,30,local,0.5455790342837461,49.6099,35.7205,49.6099,51.4491,26.8972,167.274,167.274,182.4837,92.8913
159,cnn,nsson,jetson_emulator,30,offload,0.5443095925842572,49.0618,35.9501,35.9501,37.8654,29.2561,167.274,167.274,181.027,92.9217
160,cnn,nsson,jetson_emulator,30,offload,0.5385050399083372,50.4301,35.0672,35.0672,36.8631,29.3624,167.274,167.274,181.1695,92.9083
161,cnn,nsson,jetson_emulator,30,offload,0.5481165055844673,49.6183,37.8573,37.8573,39.6855,29.029,167.274,167.274,181.3121,92.8422
162,cnn,nsson,jetson_emulator,30,offload,0.5368227030901459,48.9174,35.2992,35.2992,37.8763,29.3344,167.274,167.274,181.4546,92.8824
163,cnn,nsson,jetson_emulator,30,offload,0.5423397356177861,49.2983,34.994,34.994,36.9465,29.3713,167.274,167.274,181.5971,92.897
164,cnn,nsson,jetson_emulator,30,offload,0.533029678278351,48.8301,36.4855,36.4855,38.8577,29.192,167.274,167.274,181.7397,92.9162
165,cnn,nsson,jetson_emulator,30,offload,0.5324968465436412,48.9137,35.0236,35.0236,37.2524,29.3677,167.274,167.274,181.8822,92.9043
166,cnn,nsson,jetson_emulator,30,local,0.5241124460761842,49.7427,35.0846,49.7427,51.3332,26.8833,167.274,167.274,183.634,92.9284
167,cnn,nsson,jetson_emulator,30,local,0.520134260068518,48.9364,34.8936,48.9364,50.9855,26.9677,167.274,167.274,183.7778,92.9315
168,cnn,nsson,jetson_emulator,30,offload,0.5290050622637207,48.8144,35.0183,35.0183,36.2371,29.3683,167.274,167.274,182.3098,92.8691
169,cnn,nsson,jetson_emulator,30,local,0.5257513291062987,49.3674,35.2608,49.3674,51.199,26.9225,167.274,167.274,184.0653,92.9188
170,cnn,nsson,jetson_emulator,30,local,0.5316482310131116,48.8624,36.5259,48.8624,50.7215,26.9755,167.274,167.274,184.2091,92.9064
171,cnn,nsson,jetson_emulator,30,local,0.5257385907626294,49.1239,34.8811,49.1239,51.3948,26.948,167.274,167.274,184.3529,92.9164
172,cnn,nsson,jetson_emulator,30,offload,0.5218824739506502,48.7758,36.2645,36.2645,38.157,29.2184,167.274,167.274,182.8799,92.8867
173,cnn,nsson,jetson_emulator,30,offload,0.5223331440647799,48.7048,36.5802,36.5802,38.619,29.1807,167.274,167.274,183.0224,92.8152
174,cnn,nsson,jetson_emulator,30,offload,0.5209575434950586,48.8387,35.4223,35.4223,37.4696,29.3196,167.274,167.274,183.1649,92.8884
175,cnn,nsson,jetson_emulator,30,local,0.5261055184493584,49.4085,36.0209,49.4085,51.9762,26.9182,167.274,167.274,184.9281,92.8457
176,cnn,nsson,jetson_emulator,30,offload,0.5251191575222705,48.855,35.5545,35.5545,37.3578,29.3036,167.274,167.274,183.45,92.9295
177,cnn,nsson,jetson_emulator,30,offload,0.5271467332190676,48.6177,35.4714,35.4714,37.6714,29.3136,167.274,167.274,183.5925,92.9429
178,cnn,nsson,jetson_emulator,30,local,0.5248578833054806,48.4617,35.2165,48.4617,50.6006,27.0176,167.274,167.274,185.3594,92.8848
179,cnn,nsson,jetson_emulator,30,offload,0.530878025085209,49.0166,36.0542,36.0542,38.2212,29.2436,167.274,167.274,183.8776,92.8795
180,cnn,nsson,jetson_emulator,30,offload,0.5266842354736285,49.0754,34.8742,34.8742,35.9827,29.3858,167.274,167.274,184.0201,92.85
181,cnn,nsson,jetson_emulator,30,local,0.5128654524616304,48.4557,35.6855,48.4557,50.9209,27.0183,167.274,167.274,185.7908,92.929
182,cnn,nsson,jetson_emulator,30,offload,0.5134040653844408,48.9581,34.9745,34.9745,36.6239,29.3736,167.274,167.274,184.3052,92.9069
183,cnn,nsson,jetson_emulator,30,offload,0.5137718508444854,48.4313,36.1036,36.1036,37.857,29.2377,167.274,167.274,184.4477,92.9956
184,cnn,nsson,jetson_emulator,30,offload,0.5225748209052591,49.0135,36.1185,36.1185,38.0954,29.2359,167.274,167.274,184.5902,92.8501
185,cnn,nsson,jetson_emulator,30,offload,0.5246669490938087,48.7778,34.6145,34.6145,35.6965,29.4172,167.274,167.274,184.7328,92.9094
186,cnn,nsson,jetson_emulator,30,offload,0.5290152593536114,49.6159,35.1001,35.1001,37.8471,29.3584,167.274,167.274,184.8753,92.9228
187,cnn,nsson,jetson_emulator,30,local,0.530745129375293,48.5252,34.5762,48.5252,50.1193,27.0109,167.274,167.274,186.6535,92.8667
188,cnn,nsson,jetson_emulator,30,offload,0.5331346020612755,48.8047,36.555,36.555,38.7457,29.1837,167.274,167.274,185.1603,92.8988
189,cnn,nsson,jetson_emulator,30,local,0.5201055885292547,48.3374,34.7318,48.3374,50.5193,27.0307,167.274,167.274,186.9411,92.8982
190,cnn,nsson,jetson_emulator,30,offload,0.5265527452269172,49.2744,35.1623,35.1623,36.6288,29.3509,167.274,167.274,185.4454,92.8983
191,cnn,nsson,jetson_emulator,30,local,0.5209167709850786,48.5841,34.6761,48.5841,50.0514,27.0047,167.274,167.274,187.2287,92.7879
192,cnn,nsson,jetson_emulator,30,local,0.5259660266713023,48.3566,35.3289,48.3566,50.0896,27.0287,167.274,167.274,187.3725,92.991
193,cnn,nsson,jetson_emulator,30,offload,0.5369050810929985,48.6489,35.2516,35.2516,37.1194,29.3401,167.274,167.274,185.873,92.9512
194,cnn,nsson,jetson_emulator,30,local,0.5421409518990549,49.1991,35.0153,49.1991,50.4022,26.9401,167.274,167.274,187.6601,92.8691
195,cnn,nsson,jetson_emulator,30,offload,0.5361140764337807,49.1875,36.1751,36.1751,38.3354,29.2291,167.274,167.274,186.158,92.8992
196,cnn,nsson,jetson_emulator,30,local,0.5320083548390321,48.5706,34.5611,48.5706,50.2159,27.0062,167.274,167.274,187.9476,92.9847
197,cnn,nsson,jetson_emulator,30,offload,0.5242726571755827,48.6231,35.9497,35.9497,37.776,29.2561,167.274,167.274,186.4431,92.9278
198,cnn,nsson,jetson_emulator,30,offload,0.5227374777879,48.5942,35.8097,35.8097,38.3859,29.273,167.274,167.274,186.5856,92.8451
199,cnn,nsson,jetson_emulator,30,local,0.5093635525500092,49.1828,34.9338,49.1828,50.697,26.9418,167.274,167.274,188.379,92.9314
200,cnn,nsson,jetson_emulator,30,offload,0.49898506275229054,48.8679,35.3133,35.3133,37.4748,29.3327,167.274,167.274,186.8707,92.8551
201,cnn,nsson,jetson_emulator,30,offload,0.5146895924241364,49.1899,35.5379,35.5379,37.5697,29.3056,167.274,167.274,187.0132,92.8901
202,cnn,nsson,jetson_emulator,30,offload,0.5167737515400087,48.707,34.7338,34.7338,37.2449,29.4028,167.274,167.274,187.1557,92.8951
203,cnn,nsson,jetson_emulator,30,local,0.510630777049831,49.1024,34.7892,49.1024,51.4095,26.9503,167.274,167.274,188.9541,92.8732
204,cnn,nsson,jetson_emulator,30,offload,0.5098917624227878,48.7918,34.6504,34.6504,36.1049,29.4129,167.274,167.274,187.4408,92.9079
205,cnn,nsson,jetson_emulator,30,local,0.4956056328618156,48.5507,35.25,48.5507,50.4605,27.0083,167.274,167.274,189.2417,92.9065
206,cnn,nsson,jetson_emulator,30,offload,0.4868291516680699,48.6225,34.9869,34.9869,36.9606,29.3721,167.274,167.274,187.7259,92.8703
207,cnn,nsson,jetson_emulator,30,local,0.4896410371063805,49.0316,35.1345,49.0316,51.0344,26.9577,167.274,167.274,189.5293,92.9377
208,cnn,nsson,jetson_emulator,30,local,0.48313561868366306,48.8157,35.9004,48.8157,50.5415,26.9804,167.274,167.274,189.6731,92.8677
209,cnn,nsson,jetson_emulator,30,offload,0.4897812118277692,49.2229,35.6354,35.6354,36.7301,29.2939,167.274,167.274,188.1534,92.901
210,cnn,nsson,jetson_emulator,30,local,0.5037230724260641,49.3443,34.7088,49.3443,50.5534,26.9249,167.274,167.274,189.9607,92.9591
211,cnn,nsson,jetson_emulator,30,local,0.5047062752281904,49.355,36.7672,49.355,51.6886,26.9238,167.274,167.274,190.1045,92.8942
212,cnn,nsson,jetson_emulator,30,offload,0.5050571652772047,48.8695,35.1643,35.1643,37.2284,29.3507,167.274,167.274,188.581,92.8102
213,cnn,nsson,jetson_emulator,30,offload,0.5183475656274698,49.0917,35.0968,35.0968,37.4863,29.3588,167.274,167.274,188.7236,92.8252
214,cnn,nsson,jetson_emulator,30,local,0.5253870312400992,49.8315,36.3869,49.8315,51.242,26.874,167.274,167.274,190.5358,92.8454
215,cnn,nsson,jetson_emulator,30,local,0.5215841460284405,49.0268,35.4208,49.0268,51.3443,26.9582,167.274,167.274,190.6796,92.8661
216,cnn,nsson,jetson_emulator,30,offload,0.5215115856220887,48.9301,35.3115,35.3115,37.1934,29.3329,167.274,167.274,189.1511,92.8179
217,cnn,nsson,jetson_emulator,30,offload,0.5160734785704841,48.9614,35.8382,35.8382,37.3877,29.2695,167.274,167.274,189.2937,92.94
218,cnn,nsson,jetson_emulator,30,offload,0.5130937138406672,49.3278,35.5277,35.5277,37.0062,29.3069,167.274,167.274,189.4362,92.8979
219,cnn,nsson,jetson_emulator,30,local,0.5249654939270979,49.4031,35.9481,49.4031,51.0344,26.9188,167.274,167.274,191.2548,92.813
220,cnn,nsson,jetson_emulator,30,local,0.5350931737496364,48.974,35.2239,48.974,50.7834,26.9637,167.274,167.274,191.3986,92.8872
221,cnn,nsson,jetson_emulator,30,offload,0.5353327659515466,50.4748,35.5523,35.5523,37.3081,29.3039,167.274,167.274,189.8638,92.918
222,cnn,nsson,jetson_emulator,30,offload,0.5358078299676349,49.4844,35.3684,35.3684,37.0585,29.3261,167.274,167.274,190.0063,92.8347
223,cnn,nsson,jetson_emulator,30,offload,0.5368035904809496,49.1013,35.4699,35.4699,37.6586,29.3138,167.274,167.274,190.1488,92.9159
224,cnn,nsson,jetson_emulator,30,local,0.5362762900590018,49.7783,35.2976,49.7783,50.5732,26.8796,167.274,167.274,191.9737,92.8945
225,cnn,nsson,jetson_emulator,30,local,0.5380513614388677,49.562,35.7895,49.562,51.1562,26.9022,167.274,167.274,192.1175,92.8918
226,cnn,nsson,jetson_emulator,30,local,0.5362064005391608,49.7445,35.2565,49.7445,50.9778,26.8831,167.274,167.274,192.2613,92.9327
227,cnn,nsson,jetson_emulator,30,local,0.5289221413755621,49.3019,36.5553,49.3019,51.6603,26.9294,167.274,167.274,192.4051,92.8495
228,cnn,nsson,jetson_emulator,30,offload,0.5410275093880146,49.3209,36.59,36.59,38.5859,29.1795,167.274,167.274,190.8615,92.9233
229,cnn,nsson,jetson_emulator,30,offload,0.534565583289733,49.2884,35.5968,35.5968,36.8646,29.2986,167.274,167.274,191.004,92.8509
230,cnn,nsson,jetson_emulator,30,offload,0.5305433273045217,49.8613,36.6582,36.6582,38.6263,29.1714,167.274,167.274,191.1465,92.9096
231,cnn,nsson,jetson_emulator,30,offload,0.5320143200201135,49.4503,35.8404,35.8404,38.0185,29.2693,167.274,167.274,191.2891,92.884
232,cnn,nsson,jetson_emulator,30,offload,0.5362984914269238,49.8433,35.4686,35.4686,37.4655,29.314,167.274,167.274,191.4316,92.7527
233,cnn,nsson,jetson_emulator,30,offload,0.5322181147352952,49.981,35.762,35.762,38.4319,29.2787,167.274,167.274,191.5741,92.8996
234,cnn,nsson,jetson_emulator,30,offload,0.5338668907053404,49.6826,35.8538,35.8538,38.0382,29.2677,167.274,167.274,191.7167,92.9018
235,cnn,nsson,jetson_emulator,30,local,0.5354706656994545,49.7877,36.5269,49.7877,51.1304,26.8786,167.274,167.274,193.5554,92.894
236,cnn,nsson,jetson_emulator,30,offload,0.5352042092874105,50.3601,36.1629,36.1629,38.2711,29.2306,167.274,167.274,192.0017,92.9386
237,cnn,nsson,jetson_emulator,30,offload,0.5389606429209911,50.9767,36.9259,36.9259,38.4633,29.1395,167.274,167.274,192.1442,92.8908
238,cnn,nsson,jetson_emulator,30,offload,0.5315832662320712,49.8301,35.9914,35.9914,38.0992,29.2511,167.274,167.274,192.2868,92.8939
239,cnn,nsson,jetson_emulator,30,offload,0.5353960870295176,50.6424,36.1698,36.1698,37.8167,29.2298,167.274,167.274,192.4293,92.893
240,cnn,nsson,jetson_emulator,30,local,0.5401887327753252,50.047,36.2545,50.047,52.6015,26.8516,167.274,167.274,194.2743,92.9202
241,cnn,nsson,jetson_emulator,30,offload,0.5399873713758986,50.9876,37.1188,37.1188,38.8388,29.1165,167.274,167.274,192.7144,92.9935
242,cnn,nsson,jetson_emulator,30,offload,0.5350037817410134,50.4093,36.4814,36.4814,37.9345,29.1925,167.274,167.274,192.8569,92.962
243,cnn,nsson,jetson_emulator,30,offload,0.5329298702410316,51.0877,37.0407,37.0407,38.4318,29.1258,167.274,167.274,192.9994,93.0043
244,cnn,nsson,jetson_emulator,30,local,0.5337790995023213,50.2186,36.6593,50.2186,52.3479,26.8337,167.274,167.274,194.8495,92.8912
245,cnn,nsson,jetson_emulator,30,local,0.534739210103942,51.046,37.4802,51.046,53.2167,26.748,167.274,167.274,194.9933,92.8951
246,cnn,nsson,jetson_emulator,30,offload,0.5280792034758347,50.8417,36.8727,36.8727,38.5402,29.1458,167.274,167.274,193.427,92.8372
247,cnn,nsson,jetson_emulator,30,local,0.5182313145724149,51.3302,36.9839,51.3302,52.7179,26.7186,167.274,167.274,195.2808,92.9042
248,cnn,nsson,jetson_emulator,30,local,0.5275286767353755,51.3577,36.5636,51.3577,53.0983,26.7158,167.274,167.274,195.4246,92.8855
249,cnn,nsson,jetson_emulator,30,local,0.5304531008211191,51.088,36.3556,51.088,53.1629,26.7436,167.274,167.274,195.5684,92.9696
250,cnn,nsson,jetson_emulator,30,local,0.5339894709054303,51.7924,36.2541,51.7924,52.6593,26.6711,167.274,167.274,195.7122,92.8336
251,cnn,nsson,jetson_emulator,30,offload,0.5492305853615264,51.1232,37.9817,37.9817,39.8891,29.0143,167.274,167.274,194.1396,92.8378
252,cnn,nsson,jetson_emulator,30,local,0.5499087112409562,51.8286,36.6356,51.8286,53.5319,26.6674,167.274,167.274,195.9998,92.9014
253,cnn,nsson,jetson_emulator,30,local,0.5530706551025878,51.6054,37.4018,51.6054,53.9544,26.6903,167.274,167.274,196.1436,92.8626
254,cnn,nsson,jetson_emulator,30,local,0.5486773583569439,51.5063,38.5078,51.5063,53.052,26.7005,167.274,167.274,196.2874,92.8032
255,cnn,nsson,jetson_emulator,30,offload,0.5565687383835985,51.2214,36.971,36.971,39.1531,29.1341,167.274,167.274,194.7098,92.8774
256,cnn,nsson,jetson_emulator,30,local,0.550428108536657,51.5712,36.605,51.5712,52.7132,26.6938,167.274,167.274,196.5749,92.8765
257,cnn,nsson,jetson_emulator,30,offload,0.5550125300567209,51.8391,37.4147,37.4147,38.9491,29.0814,167.274,167.274,194.9948,92.9623
258,cnn,nsson,jetson_emulator,30,offload,0.554096166804956,51.8402,37.4928,37.4928,39.6005,29.0722,167.274,167.274,195.1373,92.8949
259,cnn,nsson,jetson_emulator,30,offload,0.5585857303748996,51.7905,37.7658,37.7658,40.2459,29.0399,167.274,167.274,195.2799,92.9366
260,cnn,nsson,jetson_emulator,30,offload,0.5542972026645467,52.1538,37.0314,37.0314,38.4883,29.1269,167.274,167.274,195.4224,92.8681
261,cnn,nsson,jetson_emulator,30,local,0.5501156624364584,51.7386,37.9542,51.7386,53.5212,26.6766,167.274,167.274,197.2939,92.8782
262,cnn,nsson,jetson_emulator,30,offload,0.5455428805261848,52.0576,37.1052,37.1052,38.0133,29.1182,167.274,167.274,195.7075,92.778
263,cnn,nsson,jetson_emulator,30,local,0.5478163388648899,52.5395,38.1786,52.5395,53.7506,26.5946,167.274,167.274,197.5815,92.8632
264,cnn,nsson,jetson_emulator,30,offload,0.5557224733492107,52.7315,37.4695,37.4695,39.0187,29.0749,167.274,167.274,195.9925,92.8118
265,cnn,nsson,jetson_emulator,30,offload,0.5483683049248398,52.5025,38.3913,38.3913,40.0121,28.9661,167.274,167.274,196.135,92.9808
266,cnn,nsson,jetson_emulator,30,offload,0.5444536520535793,52.2301,38.875,38.875,40.8346,28.9093,167.274,167.274,196.2776,92.917
267,cnn,nsson,jetson_emulator,30,local,0.5458807837661714,52.2328,39.0307,52.2328,54.8003,26.6259,167.274,167.274,198.1566,92.8751
268,cnn,nsson,jetson_emulator,30,offload,0.5392210527853177,52.8756,37.6401,37.6401,39.4102,29.0547,167.274,167.274,196.5626,92.8731
269,cnn,nsson,jetson_emulator,30,offload,0.5440184636148153,53.0617,37.674,37.674,38.98,29.0507,167.274,167.274,196.7052,92.9372
270,cnn,nsson,jetson_emulator,30,offload,0.5407292751067685,52.6226,38.5775,38.5775,41.1603,28.9442,167.274,167.274,196.8477,92.8817
271,cnn,nsson,jetson_emulator,30,offload,0.5458676115975621,52.9759,38.7067,38.7067,40.1609,28.929,167.274,167.274,196.9902,92.9791
272,cnn,nsson,jetson_emulator,30,local,0.5512492850755336,53.4314,38.5537,53.4314,55.1584,26.5038,167.274,167.274,198.8756,92.896
273,cnn,nsson,jetson_emulator,30,local,0.5494356075206939,52.81,37.8932,52.81,54.6828,26.567,167.274,167.274,199.0193,92.8681
274,cnn,nsson,jetson_emulator,30,local,0.5482637415692021,54.0767,38.0413,54.0767,55.7436,26.4385,167.274,167.274,199.1631,92.9923
275,cnn,nsson,jetson_emulator,30,local,0.5406912124751102,53.7127,39.2852,53.7127,55.0088,26.4753,167.274,167.274,199.3069,92.8688
276,cnn,nsson,jetson_emulator,30,local,0.542802923045015,53.2162,38.08,53.2162,54.9745,26.5257,167.274,167.274,199.4507,92.824
277,cnn,nsson,jetson_emulator,30,local,0.5495487606520835,53.7056,38.1648,53.7056,55.4139,26.476,167.274,167.274,199.5945,92.9513
278,cnn,nsson,jetson_emulator,30,offload,0.5501766854093907,54.8877,38.4826,38.4826,41.0113,28.9554,167.274,167.274,197.9879,92.9454
279,cnn,nsson,jetson_emulator,30,offload,0.550975192537921,53.6064,38.9947,38.9947,40.5122,28.8953,167.274,167.274,198.1304,92.8798
280,cnn,nsson,jetson_emulator,30,offload,0.5478665738517208,54.1939,39.4085,39.4085,41.1545,28.8469,167.274,167.274,198.273,92.8188
281,cnn,nsson,jetson_emulator,30,offload,0.544876920457543,54.1774,38.4607,38.4607,40.5002,28.9579,167.274,167.274,198.4155,92.9342
282,cnn,nsson,jetson_emulator,30,offload,0.5337422118156967,53.7851,39.3402,39.3402,41.6535,28.8549,167.274,167.274,198.558,92.8949
283,cnn,nsson,jetson_emulator,30,offload,0.5305131989426545,54.1209,39.7534,39.7534,42.141,28.8068,167.274,167.274,198.7005,92.8955
284,cnn,nsson,jetson_emulator,30,offload,0.5264355315983433,54.0937,39.1699,39.1699,39.9185,28.8748,167.274,167.274,198.8431,92.8176
285,cnn,nsson,jetson_emulator,30,local,0.5271292392171206,55.1434,39.2842,55.1434,56.4032,26.3313,167.274,167.274,200.7448,92.8904
286,cnn,nsson,jetson_emulator,30,local,0.5247101766125564,54.6537,39.2091,54.6537,56.4256,26.3804,167.274,167.274,200.8886,92.8514
287,cnn,nsson,jetson_emulator,30,offload,0.5157153728105633,55.1128,39.7006,39.7006,42.0694,28.8129,167.274,167.274,199.2707,92.9594
288,cnn,nsson,jetson_emulator,30,offload,0.5047882289989153,54.7648,39.9551,39.9551,41.4529,28.7833,167.274,167.274,199.4132,92.8929
289,cnn,nsson,jetson_emulator,30,offload,0.5057625599299379,54.9665,39.7551,39.7551,42.4376,28.8066,167.274,167.274,199.5557,92.8941
290,cnn,nsson,jetson_emulator,30,offload,0.4951469638240416,55.2044,39.5324,39.5324,40.7498,28.8325,167.274,167.274,199.6982,92.8396
291,cnn,nsson,jetson_emulator,30,local,0.4945655816143011,54.927,39.761,54.927,56.8381,26.353,167.274,167.274,201.6075,92.8879
292,cnn,nsson,jetson_emulator,30,local,0.5012947089889296,55.1983,39.6159,55.1983,56.095,26.3258,167.274,167.274,201.7513,92.8937
293,cnn,nsson,jetson_emulator,30,local,0.5019411801658346,55.8284,39.9409,55.8284,57.6584,26.2629,167.274,167.274,201.8951,92.9221
294,cnn,nsson,jetson_emulator,30,offload,0.5120501609660383,55.9218,40.7804,40.7804,42.1154,28.6878,167.274,167.274,200.2684,92.8503
295,cnn,nsson,jetson_emulator,30,offload,0.5052916495248673,55.6261,39.8004,39.8004,42.1023,28.8013,167.274,167.274,200.4109,92.8885
296,cnn,nsson,jetson_emulator,30,offload,0.503177522839887,55.386,40.2175,40.2175,41.8796,28.7529,167.274,167.274,200.5534,92.9079
297,cnn,nsson,jetson_emulator,30,offload,0.5000392243672921,55.4261,40.3319,40.3319,42.5996,28.7396,167.274,167.274,200.6959,92.9325
298,cnn,nsson,jetson_emulator,30,offload,0.504524719667085,56.9706,39.6753,39.6753,41.2165,28.8159,167.274,167.274,200.8385,92.886
299,cnn,nsson,jetson_emulator,30,offload,0.507369032746313,55.7161,39.9802,39.9802,42.526,28.7804,167.274,167.274,200.981,92.8657
300,cnn,nsson,jetson_emulator,30,offload,0.5036381206742254,55.7467,40.9017,40.9017,43.2935,28.6738,167.274,167.274,201.1235,92.8804
301,cnn,nsson,jetson_emulator,30,offload,0.5038143844148871,56.1629,39.9293,39.9293,41.0843,28.7863,167.274,167.274,201.2661,92.9353
302,cnn,nsson,jetson_emulator,30,local,0.5156069308655246,56.8161,40.9501,56.8161,59.757,26.1649,167.274,167.274,203.1892,92.8956
303,cnn,nsson,jetson_emulator,30,local,0.5235930717731503,56.1306,40.6828,56.1306,58.3175,26.2328,167.274,167.274,203.333,92.9107
304,cnn,nsson,jetson_emulator,30,offload,0.5240509225074952,57.1242,40.5911,40.5911,42.8017,28.7096,167.274,167.274,201.6936,92.9167
305,cnn,nsson,jetson_emulator,30,local,0.5353726594577363,56.3853,41.4166,56.3853,58.8611,26.2076,167.274,167.274,203.6206,92.8833
306,cnn,nsson,jetson_emulator,30,offload,0.5321305690282245,57.135,40.5065,40.5065,42.2456,28.7194,167.274,167.274,201.9787,92.9507
307,cnn,nsson,jetson_emulator,30,local,0.5358403826226243,56.8059,40.7321,56.8059,59.041,26.1659,167.274,167.274,203.9082,92.9563
308,cnn,nsson,jetson_emulator,30,offload,0.5366935914033839,56.6401,40.9216,40.9216,43.3145,28.6715,167.274,167.274,202.2638,92.8958
309,cnn,nsson,jetson_emulator,30,local,0.5500709797527715,56.8272,40.8902,56.8272,58.7327,26.1638,167.274,167.274,204.1957,92.8838
310,cnn,nsson,jetson_emulator,30,local,0.5439802222958802,57.8082,40.647,57.8082,60.171,26.0672,167.274,167.274,204.3395,92.8457
311,cnn,nsson,jetson_emulator,30,local,0.5454146511470964,56.9679,40.9675,56.9679,58.8043,26.1499,167.274,167.274,204.4833,92.8833
312,cnn,nsson,jetson_emulator,30,offload,0.5428033917091907,57.1942,42.2627,42.2627,43.9906,28.5178,167.274,167.274,202.8339,92.8812
313,cnn,nsson,jetson_emulator,30,offload,0.5488531601283658,57.3616,42.4618,42.4618,44.8169,28.4951,167.274,167.274,202.9764,92.8725
314,cnn,nsson,jetson_emulator,30,offload,0.5511362570676056,58.1337,41.805,41.805,43.5679,28.5701,167.274,167.274,203.1189,92.8851
315,cnn,nsson,jetson_emulator,30,local,0.555251352054872,58.4758,41.6374,58.4758,60.226,26.0019,167.274,167.274,205.0585,92.8378
316,cnn,nsson,jetson_emulator,30,offload,0.5433269159204135,58.0226,41.4249,41.4249,43.2612,28.6136,167.274,167.274,203.404,92.8712
317,cnn,nsson,jetson_emulator,30,offload,0.5403363102202791,57.513,41.2398,41.2398,42.2365,28.6349,167.274,167.274,203.5465,92.8238
318,cnn,nsson,jetson_emulator,30,local,0.5592260804128977,57.6204,41.6017,57.6204,59.4376,26.0856,167.274,167.274,205.4898,92.9764
319,cnn,nsson,jetson_emulator,30,offload,0.5600056853271292,58.1904,42.074,42.074,44.6016,28.5393,167.274,167.274,203.8316,92.9553
320,cnn,nsson,jetson_emulator,30,local,0.5641391054715935,58.0634,43.255,58.0634,60.1087,26.0422,167.274,167.274,205.7774,92.9276
321,cnn,nsson,jetson_emulator,30,local,0.5767542857098763,57.9624,41.6984,57.9624,59.8037,26.0521,167.274,167.274,205.9212,92.8693
322,cnn,nsson,jetson_emulator,30,local,0.5838134990803726,58.6418,41.6554,58.6418,60.8455,25.9857,167.274,167.274,206.065,92.9417
323,cnn,nsson,jetson_emulator,30,offload,0.5735924534897014,58.6015,41.7211,41.7211,43.38,28.5797,167.274,167.274,204.4017,92.9314
324,cnn,nsson,jetson_emulator,30,local,0.5724613640480191,58.5312,42.1669,58.5312,60.6825,25.9965,167.274,167.274,206.3526,92.9423
325,cnn,nsson,jetson_emulator,30,offload,0.5804880067689167,58.3544,41.735,41.735,44.4473,28.5781,167.274,167.274,204.6867,92.8794
326,cnn,nsson,jetson_emulator,30,local,0.5851579087964538,59.0161,42.4749,59.0161,61.4369,25.9492,167.274,167.274,206.6401,92.8198
327,cnn,nsson,jetson_emulator,30,offload,0.5829194045595922,58.6655,42.3576,42.3576,43.9941,28.507,167.274,167.274,204.9718,92.834
328,cnn,nsson,jetson_emulator,30,offload,0.5839230380572885,59.1073,42.1074,42.1074,43.6891,28.5355,167.274,167.274,205.1143,92.8929
329,cnn,nsson,jetson_emulator,30,offload,0.5846237315504428,59.5217,43.0526,43.0526,44.6477,28.428,167.274,167.274,205.2569,92.8737
330,cnn,nsson,jetson_emulator,30,local,0.5897821364277971,58.9487,44.318,58.9487,60.1321,25.9558,167.274,167.274,207.2153,92.9593
331,cnn,nsson,jetson_emulator,30,offload,0.5956414647265825,58.9837,42.2608,42.2608,44.0441,28.518,167.274,167.274,205.5419,92.983
332,cnn,nsson,jetson_emulator,30,offload,0.6009773871702095,59.3262,43.442,43.442,45.9384,28.384,167.274,167.274,205.6844,92.921
333,cnn,nsson,jetson_emulator,30,offload,0.5947199517503553,59.1756,42.4674,42.4674,44.5222,28.4945,167.274,167.274,205.827,92.9044
334,cnn,nsson,jetson_emulator,30,local,0.5996677496752515,59.9618,42.356,59.9618,61.5787,25.8576,167.274,167.274,207.7905,92.869
335,cnn,nsson,jetson_emulator,30,offload,0.6047751820645946,59.1998,42.3023,42.3023,44.3545,28.5133,167.274,167.274,206.112,92.8223
336,cnn,nsson,jetson_emulator,30,local,0.6079290205460111,59.591,42.5319,59.591,61.5785,25.8935,167.274,167.274,208.078,92.9442
337,cnn,nsson,jetson_emulator,30,local,0.597000563795556,60.1657,44.3116,60.1657,61.7448,25.8379,167.274,167.274,208.2218,92.9941
338,cnn,nsson,jetson_emulator,30,offload,0.5880173190218592,59.8582,42.563,42.563,44.1251,28.4836,167.274,167.274,206.5396,92.8697
339,cnn,nsson,jetson_emulator,30,offload,0.5813780635870768,59.69,42.9976,42.9976,44.4175,28.4343,167.274,167.274,206.6821,92.9324
340,cnn,nsson,jetson_emulator,30,offload,0.5883153703883672,59.7524,43.4594,43.4594,45.3638,28.382,167.274,167.274,206.8247,92.9162
341,cnn,nsson,jetson_emulator,30,offload,0.587700003453634,59.7286,42.9525,42.9525,44.8622,28.4394,167.274,167.274,206.9672,92.8348
342,cnn,nsson,jetson_emulator,30,offload,0.5970256481830563,60.0232,43.5516,43.5516,45.7777,28.3716,167.274,167.274,207.1097,92.9021
343,cnn,nsson,jetson_emulator,30,offload,0.5932250439775425,59.9134,43.4127,43.4127,44.166,28.3873,167.274,167.274,207.2523,92.8549
344,cnn,nsson,jetson_emulator,30,local,0.5947406605946414,60.235,43.4699,60.235,61.8439,25.8313,167.274,167.274,209.2283,92.8849
345,cnn,nsson,jetson_emulator,30,offload,0.5930066734147267,60.017,43.4452,43.4452,45.645,28.3836,167.274,167.274,207.5373,92.9954
346,cnn,nsson,jetson_emulator,30,offload,0.592499748984031,60.8007,43.5626,43.5626,46.2016,28.3704,167.274,167.274,207.6798,92.9138
347,cnn,nsson,jetson_emulator,30,local,0.6104041060395983,60.8196,44.3714,60.8196,62.2823,25.7751,167.274,167.274,209.6597,92.8793
348,cnn,nsson,jetson_emulator,30,offload,0.6072828005101929,60.7831,44.7206,44.7206,46.1015,28.2403,167.274,167.274,207.9649,92.8439
349,cnn,nsson,jetson_emulator,30,local,0.6059611987246799,60.5394,43.221,60.5394,62.6039,25.802,167.274,167.274,209.9473,92.8656
350,cnn,nsson,jetson_emulator,30,offload,0.6029449575317986,60.3823,43.1576,43.1576,44.8522,28.4161,167.274,167.274,208.25,92.8834
351,cnn,nsson,jetson_emulator,30,offload,0.6011782253327385,61.5354,43.1763,43.1763,45.1883,28.414,167.274,167.274,208.3925,92.9918
352,cnn,nsson,jetson_emulator,30,offload,0.6047429887421573,60.4652,43.4023,43.4023,45.8973,28.3885,167.274,167.274,208.535,92.9461
353,cnn,nsson,jetson_emulator,30,offload,0.6066744846386057,60.8078,43.7506,43.7506,45.703,28.3492,167.274,167.274,208.6775,92.9506
354,cnn,nsson,jetson_emulator,30,offload,0.5971774757988528,60.6456,43.335,43.335,44.9901,28.3961,167.274,167.274,208.8201,92.9113
355,cnn,nsson,jetson_emulator,30,offload,0.5997223192281016,61.3287,44.6331,44.6331,46.3991,28.2501,167.274,167.274,208.9626,92.8888
356,cnn,nsson,jetson_emulator,30,offload,0.5909286987306082,60.8106,44.09,44.09,46.1518,28.311,167.274,167.274,209.1051,92.931
357,cnn,nsson,jetson_emulator,30,offload,0.5942827708641509,60.8054,43.6011,43.6011,44.7214,28.366,167.274,167.274,209.2477,92.9783
358,cnn,nsson,jetson_emulator,30,local,0.5927366358950469,62.4365,43.7752,62.4365,64.3403,25.6209,167.274,167.274,211.2414,92.9423
359,cnn,nsson,jetson_emulator,30,offload,0.594143640887226,61.7514,43.6108,43.6108,45.6813,28.3649,167.274,167.274,209.5327,92.8713
360,cnn,nsson,jetson_emulator,30,local,0.5869751877892102,62.4125,44.0411,62.4125,64.2723,25.6232,167.274,167.274,211.529,92.8427
361,cnn,nsson,jetson_emulator,30,offload,0.5762231896577823,61.2682,44.0379,44.0379,46.2641,28.3168,167.274,167.274,209.8178,92.8873
362,cnn,nsson,jetson_emulator,30,offload,0.5722629262081218,61.6519,43.6103,43.6103,44.8643,28.365,167.274,167.274,209.9603,92.9156
363,cnn,nsson,jetson_emulator,30,local,0.5809617261212705,61.4584,44.5259,61.4584,63.393,25.7139,167.274,167.274,211.9603,92.8826
364,cnn,nsson,jetson_emulator,30,offload,0.580202416583944,61.7563,43.8969,43.8969,45.6401,28.3327,167.274,167.274,210.2454,92.9107
365,cnn,nsson,jetson_emulator,30,offload,0.585340437143328,61.8507,44.7986,44.7986,47.0568,28.2316,167.274,167.274,210.3879,92.9014
366,cnn,nsson,jetson_emulator,30,local,0.5850510347096171,61.2938,44.6156,61.2938,62.768,25.7297,167.274,167.274,212.3917,92.8221
367,cnn,nsson,jetson_emulator,30,offload,0.5858925334142268,61.334,44.7137,44.7137,46.4968,28.2411,167.274,167.274,210.6729,92.8769
368,cnn,nsson,jetson_emulator,30,offload,0.5838427607027598,61.4903,44.3083,44.3083,46.3816,28.2865,167.274,167.274,210.8155,92.9113
369,cnn,nsson,jetson_emulator,30,local,0.5897678849843039,61.3497,43.8303,61.3497,63.3958,25.7243,167.274,167.274,212.823,92.9128
370,cnn,nsson,jetson_emulator,30,offload,0.585414202586277,61.5626,45.2368,45.2368,47.1644,28.1827,167.274,167.274,211.1005,92.8905
371,cnn,nsson,jetson_emulator,30,local,0.5731898192234852,61.6778,45.2767,61.6778,63.241,25.693,167.274,167.274,213.1106,92.8369
372,cnn,nsson,jetson_emulator,30,local,0.5749060530135571,61.4317,45.0969,61.4317,63.0795,25.7165,167.274,167.274,213.2544,92.8922
373,cnn,nsson,jetson_emulator,30,local,0.5692567290984029,61.6403,44.308,61.6403,62.7665,25.6966,167.274,167.274,213.3982,92.8669
374,cnn,nsson,jetson_emulator,30,local,0.5668826070617026,62.0922,44.1148,62.0922,65.1294,25.6536,167.274,167.274,213.542,92.9327
375,cnn,nsson,jetson_emulator,30,offload,0.5615230852380192,62.06,44.102,44.102,45.6517,28.3096,167.274,167.274,211.8132,92.9248
376,cnn,nsson,jetson_emulator,30,local,0.5563667645512903,61.674,44.9601,61.674,63.7699,25.6934,167.274,167.274,213.8296,92.8421
377,cnn,nsson,jetson_emulator,30,local,0.5556931355330842,61.9405,45.0109,61.9405,64.1001,25.668,167.274,167.274,213.9734,92.879
378,cnn,nsson,jetson_emulator,30,offload,0.5573422220093713,61.6457,45.3875,45.3875,46.7666,28.1659,167.274,167.274,212.2408,92.8468
379,cnn,nsson,jetson_emulator,30,offload,0.5581985539279326,62.0595,44.5034,44.5034,46.2557,28.2646,167.274,167.274,212.3833,92.8771
380,cnn,nsson,jetson_emulator,30,offload,0.5566765406134331,61.8034,44.236,44.236,46.7677,28.2946,167.274,167.274,212.5258,93.0124
381,cnn,nsson,jetson_emulator,30,offload,0.5599257571065622,62.2444,44.7494,44.7494,47.3938,28.2371,167.274,167.274,212.6683,92.9146
382,cnn,nsson,jetson_emulator,30,local,0.5642415243314449,62.1547,44.4389,62.1547,63.9008,25.6476,167.274,167.274,214.6923,92.8374
383,cnn,nsson,jetson_emulator,30,local,0.5660147404410603,63.0017,44.499,63.0017,65.1885,25.5674,167.274,167.274,214.8361,92.8903
384,cnn,nsson,jetson_emulator,30,local,0.56773722500954,62.1781,44.2727,62.1781,63.5994,25.6454,167.274,167.274,214.9799,92.8681
385,cnn,nsson,jetson_emulator,30,offload,0.5733811314405396,62.4233,45.1341,45.1341,46.7255,28.1942,167.274,167.274,213.2385,92.9158
386,cnn,nsson,jetson_emulator,30,offload,0.5666104719031778,61.8509,45.4177,45.4177,47.1041,28.1626,167.274,167.274,213.381,92.8877
387,cnn,nsson,jetson_emulator,30,offload,0.5597211075748662,62.2342,45.4975,45.4975,46.8137,28.1537,167.274,167.274,213.5235,92.8917
388,cnn,nsson,jetson_emulator,30,local,0.547004866275784,62.0999,44.8105,62.0999,63.7555,25.6528,167.274,167.274,215.555,92.8765
389,cnn,nsson,jetson_emulator,30,offload,0.5476972448767096,62.1274,45.4957,45.4957,47.5882,28.1539,167.274,167.274,213.8086,92.887
390,cnn,nsson,jetson_emulator,30,offload,0.5480161828982043,62.0152,44.2461,44.2461,45.5274,28.2935,167.274,167.274,213.9511,92.9288
391,cnn,nsson,jetson_emulator,30,offload,0.5449842668991447,62.0417,44.9987,44.9987,46.705,28.2093,167.274,167.274,214.0936,92.8296
392,cnn,nsson,jetson_emulator,30,local,0.5464889239128297,62.5083,45.5998,62.5083,64.6241,25.6141,167.274,167.274,216.1302,92.9739
393,cnn,nsson,jetson_emulator,30,offload,0.5441882372193239,62.9914,44.5364,44.5364,45.781,28.2609,167.274,167.274,214.3787,92.8366
394,cnn,nsson,jetson_emulator,30,local,0.5459734876196871,63.2992,44.7526,63.2992,65.2669,25.5394,167.274,167.274,216.4178,92.9922
395,cnn,nsson,jetson_emulator,30,offload,0.5478120259096286,62.7597,44.3094,44.3094,46.4486,28.2864,167.274,167.274,214.6637,92.8825
396,cnn,nsson,jetson_emulator,30,offload,0.5468889843864955,62.9623,44.6744,44.6744,46.5859,28.2455,167.274,167.274,214.8063,92.8948
397,cnn,nsson,jetson_emulator,30,offload,0.5399250442560362,62.167,44.7031,44.7031,46.1562,28.2423,167.274,167.274,214.9488,92.826
398,cnn,nsson,jetson_emulator,30,local,0.5433668508934516,62.5305,44.4859,62.5305,64.8378,25.612,167.274,167.274,216.9929,92.8956
399,cnn,nsson,jetson_emulator,30,offload,0.5441791632455159,62.6766,44.9864,44.9864,47.0912,28.2106,167.274,167.274,215.2339,92.8513
400,cnn,nsson,jetson_emulator,30,offload,0.5433584558517873,63.1278,45.0433,45.0433,46.9907,28.2043,167.274,167.274,215.3764,92.9552
401,cnn,nsson,jetson_emulator,30,local,0.5436139117162455,62.5808,44.7323,62.5808,64.7521,25.6072,167.274,167.274,217.4243,92.8363
402,cnn,nsson,jetson_emulator,30,offload,0.5411026337664481,62.2417,44.5514,44.5514,46.5768,28.2592,167.274,167.274,215.6614,92.8142
403,cnn,nsson,jetson_emulator,30,offload,0.5398786977855721,62.5143,45.066,45.066,46.7892,28.2017,167.274,167.274,215.804,92.9703
404,cnn,nsson,jetson_emulator,30,offload,0.5426971130949594,62.2615,44.8841,44.8841,46.473,28.222,167.274,167.274,215.9465,92.8893
405,cnn,nsson,jetson_emulator,30,local,0.5326709937199096,63.3554,45.7102,63.3554,65.2164,25.5341,167.274,167.274,217.9994,92.954
406,cnn,nsson,jetson_emulator,30,offload,0.5373955459065134,62.2231,44.5165,44.5165,45.9368,28.2631,167.274,167.274,216.2316,92.8277
407,cnn,nsson,jetson_emulator,30,offload,0.5344195067375286,62.4652,46.245,46.245,47.6951,28.0709,167.274,167.274,216.3741,92.9638
408,cnn,nsson,jetson_emulator,30,offload,0.5364702366603175,62.4153,44.991,44.991,46.306,28.2101,167.274,167.274,216.5166,92.8839
409,cnn,nsson,jetson_emulator,30,offload,0.5244854309203639,62.8046,44.7436,44.7436,46.976,28.2377,167.274,167.274,216.6591,92.9577
410,cnn,nsson,jetson_emulator,30,offload,0.5286250076312163,62.2097,45.6028,45.6028,47.6592,28.142,167.274,167.274,216.8017,92.9134
411,cnn,nsson,jetson_emulator,30,offload,0.5246005180693384,62.2649,44.3873,44.3873,46.2263,28.2776,167.274,167.274,216.9442,92.8736
412,cnn,nsson,jetson_emulator,30,offload,0.5229761439574317,62.5206,44.6117,44.6117,46.3721,28.2525,167.274,167.274,217.0867,92.8602
413,cnn,nsson,jetson_emulator,30,offload,0.5242013597074511,62.3047,44.8762,44.8762,47.2096,28.2229,167.274,167.274,217.2293,92.8821
414,cnn,nsson,jetson_emulator,30,offload,0.5227661831728777,62.3759,44.5761,44.5761,45.7498,28.2565,167.274,167.274,217.3718,92.9411
415,cnn,nsson,jetson_emulator,30,local,0.5266104421887126,62.0772,45.9358,62.0772,63.8688,25.655,167.274,167.274,219.4373,92.8565
416,cnn,nsson,jetson_emulator,30,offload,0.5226786955891857,62.466,45.1254,45.1254,47.2313,28.1951,167.274,167.274,217.6568,92.8401
417,cnn,nsson,jetson_emulator,30,offload,0.5249507596706077,62.7944,44.3368,44.3368,46.4325,28.2833,167.274,167.274,217.7994,92.9809
418,cnn,nsson,jetson_emulator,30,offload,0.5336515614923036,62.2626,44.3629,44.3629,46.2399,28.2803,167.274,167.274,217.9419,92.9161
419,cnn,nsson,jetson_emulator,30,local,0.5229197068599678,62.7111,45.0428,62.7111,65.2287,25.5949,167.274,167.274,220.0125,92.8874
420,cnn,nsson,jetson_emulator,30,offload,0.5333269239896302,63.24,45.202,45.202,46.6568,28.1866,167.274,167.274,218.227,92.8642
421,cnn,nsson,jetson_emulator,30,local,0.545106305092427,62.3863,44.5461,62.3863,64.5036,25.6256,167.274,167.274,220.3001,92.9273
422,cnn,nsson,jetson_emulator,30,offload,0.5435890216049533,62.3103,45.8161,45.8161,47.8181,28.1184,167.274,167.274,218.512,92.8754
423,cnn,nsson,jetson_emulator,30,offload,0.5454154748603913,62.3129,44.4506,44.4506,46.0321,28.2705,167.274,167.274,218.6545,92.9072
424,cnn,nsson,jetson_emulator,30,offload,0.5526248308333128,62.6586,44.4205,44.4205,45.9426,28.2739,167.274,167.274,218.7971,92.9146
425,cnn,nsson,jetson_emulator,30,local,0.5611099875262,62.5307,44.6598,62.5307,64.1436,25.612,167.274,167.274,220.8752,92.9001
426,cnn,nsson,jetson_emulator,30,local,0.559183126044039,62.3185,45.1194,62.3185,64.4273,25.6321,167.274,167.274,221.019,92.9582
427,cnn,nsson,jetson_emulator,30,local,0.5534942153318037,62.0179,45.6038,62.0179,65.0437,25.6606,167.274,167.274,221.1628,92.8632
428,cnn,nsson,jetson_emulator,30,offload,0.5495917585791096,62.291,44.9605,44.9605,46.5921,28.2135,167.274,167.274,219.3672,92.9053
429,cnn,nsson,jetson_emulator,30,local,0.5484200277430444,62.5134,44.66,62.5134,63.4895,25.6136,167.274,167.274,221.4504,92.8975
430,cnn,nsson,jetson_emulator,30,offload,0.5605567787902771,62.0939,46.2432,46.2432,47.8132,28.0711,167.274,167.274,219.6522,92.8895
431,cnn,nsson,jetson_emulator,30,local,0.5537478827985046,62.7479,45.1647,62.7479,64.6542,25.5914,167.274,167.274,221.7379,92.8944
432,cnn,nsson,jetson_emulator,30,offload,0.5543299940498249,61.9369,45.4095,45.4095,47.3248,28.1635,167.274,167.274,219.9373,92.8905
433,cnn,nsson,jetson_emulator,30,offload,0.5455115932639358,61.9263,44.6859,44.6859,46.8975,28.2442,167.274,167.274,220.0798,92.934
434,cnn,nsson,jetson_emulator,30,offload,0.5375894502997298,62.7262,44.868,44.868,46.7053,28.2238,167.274,167.274,220.2224,92.884
435,cnn,nsson,jetson_emulator,30,offload,0.5331015950557484,62.2134,44.231,44.231,46.3816,28.2951,167.274,167.274,220.3649,92.9608
436,cnn,nsson,jetson_emulator,30,offload,0.5499253868766719,62.1626,44.8634,44.8634,46.6204,28.2244,167.274,167.274,220.5074,92.8647
437,cnn,nsson,jetson_emulator,30,offload,0.5616031198847082,62.6622,45.4177,45.4177,47.2767,28.1626,167.274,167.274,220.6499,92.8767
438,cnn,nsson,jetson_emulator,30,offload,0.5639280429652114,63.2514,44.6924,44.6924,46.6023,28.2435,167.274,167.274,220.7925,92.9775
439,cnn,nsson,jetson_emulator,30,local,0.5635839128935657,62.145,44.5735,62.145,63.7252,25.6485,167.274,167.274,222.8882,92.8447
440,cnn,nsson,jetson_emulator,30,offload,0.5684489743368395,62.4176,44.3582,44.3582,46.1695,28.2809,167.274,167.274,221.0775,92.8942
441,cnn,nsson,jetson_emulator,30,local,0.5685861605769535,62.9286,44.3567,62.9286,65.1698,25.5743,167.274,167.274,223.1758,92.999
442,cnn,nsson,jetson_emulator,30,offload,0.5663695612090502,61.8297,44.5444,44.5444,46.5786,28.26,167.274,167.274,221.3626,92.8911
443,cnn,nsson,jetson_emulator,30,offload,0.5625926314910006,61.9372,44.9839,44.9839,47.352,28.2109,167.274,167.274,221.5051,92.9119
444,cnn,nsson,jetson_emulator,30,local,0.5610399443372132,62.122,44.9495,62.122,63.4753,25.6507,167.274,167.274,223.6072,92.915
445,cnn,nsson,jetson_emulator,30,offload,0.5679967631937456,62.1435,44.2173,44.2173,46.2198,28.2967,167.274,167.274,221.7902,92.8526
446,cnn,nsson,jetson_emulator,30,local,0.5620587359552702,61.8565,44.4381,61.8565,64.4418,25.676,167.274,167.274,223.8948,92.9319
447,cnn,nsson,jetson_emulator,30,offload,0.5637790263211503,61.8509,45.5204,45.5204,46.9152,28.1512,167.274,167.274,222.0752,92.9161
448,cnn,nsson,jetson_emulator,30,local,0.564793064037359,61.7877,44.3769,61.7877,63.9066,25.6825,167.274,167.274,224.1823,92.8857
449,cnn,nsson,jetson_emulator,30,local,0.5701074785423382,61.9092,44.7191,61.9092,63.2125,25.671,167.274,167.274,224.3261,92.836
450,cnn,nsson,jetson_emulator,30,offload,0.5714209006507781,61.9673,45.6076,45.6076,47.2793,28.1415,167.274,167.274,222.5028,92.9114
451,cnn,nsson,jetson_emulator,30,local,0.585369456559854,62.288,45.1033,62.288,63.886,25.635,167.274,167.274,224.6137,92.8901
452,cnn,nsson,jetson_emulator,30,local,0.5860069722826766,62.2612,44.4665,62.2612,64.2757,25.6375,167.274,167.274,224.7575,92.8991
453,cnn,nsson,jetson_emulator,30,local,0.5828616306951435,61.7272,44.5368,61.7272,64.3143,25.6883,167.274,167.274,224.9013,92.8082
454,cnn,nsson,jetson_emulator,30,offload,0.5879226245193875,62.0795,45.086,45.086,47.2166,28.1995,167.274,167.274,223.0729,92.9144
455,cnn,nsson,jetson_emulator,30,offload,0.584372016405395,62.3127,44.9662,44.9662,46.1578,28.2129,167.274,167.274,223.2154,92.9364
456,cnn,nsson,jetson_emulator,30,offload,0.598457654911417,62.3295,45.177,45.177,47.0428,28.1894,167.274,167.274,223.358,92.7678
457,cnn,nsson,jetson_emulator,30,offload,0.5954087658604927,62.3127,44.1656,44.1656,46.6577,28.3025,167.274,167.274,223.5005,92.8492
458,cnn,nsson,jetson_emulator,30,offload,0.5949663149808985,62.1361,44.1819,44.1819,46.2434,28.3007,167.274,167.274,223.643,92.7819
459,cnn,nsson,jetson_emulator,30,local,0.59597460540834,62.2332,44.4562,62.2332,64.7974,25.6402,167.274,167.274,225.764,92.8963
460,cnn,nsson,jetson_emulator,30,offload,0.5925840725464431,63.3361,45.3587,45.3587,47.3309,28.1691,167.274,167.274,223.9281,92.8728
461,cnn,nsson,jetson_emulator,30,local,0.5940495133537049,61.9324,45.2074,61.9324,62.1076,25.6688,167.274,167.274,226.0516,92.8998
462,cnn,nsson,jetson_emulator,30,offload,0.5970162169841029,61.8347,44.1738,44.1738,45.8988,28.3016,167.274,167.274,224.2131,92.8692
463,cnn,nsson,jetson_emulator,30,offload,0.5948035799867852,62.8367,45.0974,45.0974,46.6026,28.1982,167.274,167.274,224.3557,92.9988
464,cnn,nsson,jetson_emulator,30,offload,0.6008972648081199,62.2626,44.6773,44.6773,45.6031,28.2452,167.274,167.274,224.4982,92.9222
465,cnn,nsson,jetson_emulator,30,offload,0.5917175659171761,62.2891,44.5597,44.5597,46.6216,28.2583,167.274,167.274,224.6407,92.8333
466,cnn,nsson,jetson_emulator,30,local,0.5914475604415192,62.4151,44.3015,62.4151,63.1944,25.6229,167.274,167.274,226.7705,92.8806
467,cnn,nsson,jetson_emulator,30,local,0.5961546487915151,62.0429,44.2542,62.0429,63.8751,25.6582,167.274,167.274,226.9143,92.8242
468,cnn,nsson,jetson_emulator,30,local,0.5975689206761803,61.807,44.8686,61.807,63.5439,25.6807,167.274,167.274,227.0581,92.8561
469,cnn,nsson,jetson_emulator,30,offload,0.5996149402042523,61.9234,44.4793,44.4793,46.479,28.2673,167.274,167.274,225.2108,92.9244
470,cnn,nsson,jetson_emulator,30,offload,0.6037812608221528,62.9984,44.4759,44.4759,46.1448,28.2677,167.274,167.274,225.3534,92.8552
471,cnn,nsson,jetson_emulator,30,local,0.6060679602931001,62.2279,44.2331,62.2279,63.558,25.6407,167.274,167.274,227.4895,92.9034
472,cnn,nsson,jetson_emulator,30,local,0.617949632575979,62.5627,46.6065,62.5627,65.0332,25.6089,167.274,167.274,227.6333,92.8971
473,cnn,nsson,jetson_emulator,30,local,0.6210536364536642,61.9649,45.0048,61.9649,63.8638,25.6657,167.274,167.274,227.7771,92.9441
474,cnn,nsson,jetson_emulator,30,offload,0.6298773999244768,62.8511,44.8143,44.8143,46.1886,28.2298,167.274,167.274,225.9235,92.9403
475,cnn,nsson,jetson_emulator,30,offload,0.6167122362633677,62.2367,44.9942,44.9942,47.3732,28.2097,167.274,167.274,226.066,92.8955
476,cnn,nsson,jetson_emulator,30,local,0.6255129022657675,62.0564,44.4834,62.0564,64.335,25.657,167.274,167.274,228.2084,92.9157
477,cnn,nsson,jetson_emulator,30,offload,0.6222777815175209,62.1608,45.0422,45.0422,47.2796,28.2044,167.274,167.274,226.3511,92.7885
478,cnn,nsson,jetson_emulator,30,offload,0.6184848898296135,62.0224,45.1008,45.1008,46.4161,28.1979,167.274,167.274,226.4936,92.8564
479,cnn,nsson,jetson_emulator,30,offload,0.6226110632301433,62.7003,44.3779,44.3779,46.7067,28.2787,167.274,167.274,226.6361,92.9516
480,cnn,nsson,jetson_emulator,30,offload,0.6259459596055214,62.0183,45.4577,45.4577,47.445,28.1581,167.274,167.274,226.7787,92.8284
481,cnn,nsson,jetson_emulator,30,local,0.6275636652831971,62.1158,45.3514,62.1158,64.0207,25.6513,167.274,167.274,228.9274,92.8438
482,cnn,nsson,jetson_emulator,30,offload,0.6173139071274644,63.0234,44.8162,44.8162,46.8484,28.2296,167.274,167.274,227.0637,92.9224
483,cnn,nsson,jetson_emulator,30,local,0.6199930899586747,63.1141,44.4844,63.1141,65.1045,25.5568,167.274,167.274,229.2149,92.9033
484,cnn,nsson,jetson_emulator,30,offload,0.6175341029537726,62.4737,44.4802,44.4802,46.8381,28.2672,167.274,167.274,227.3488,92.9219
485,cnn,nsson,jetson_emulator,30,local,0.6169040553560504,62.2384,45.1571,62.2384,64.4164,25.6397,167.274,167.274,229.5025,92.9062
486,cnn,nsson,jetson_emulator,30,offload,0.6156200637642667,63.1306,44.9686,44.9686,46.4412,28.2126,167.274,167.274,227.6338,93.0076
487,cnn,nsson,jetson_emulator,30,local,0.625267390766876,62.8204,45.4755,62.8204,64.3588,25.5845,167.274,167.274,229.7901,92.8641
488,cnn,nsson,jetson_emulator,30,offload,0.6233467300976263,62.9184,44.9431,44.9431,46.1573,28.2155,167.274,167.274,227.9189,92.9231
489,cnn,nsson,jetson_emulator,30,offload,0.6263211588378012,62.2862,45.9944,45.9944,47.5962,28.0986,167.274,167.274,228.0614,92.9644
490,cnn,nsson,jetson_emulator,30,offload,0.6231514132816312,62.8494,44.9766,44.9766,47.1284,28.2117,167.274,167.274,228.2039,92.7181
491,cnn,nsson,jetson_emulator,30,offload,0.6272999871103251,62.3852,45.1537,45.1537,47.4486,28.192,167.274,167.274,228.3465,92.8258
492,cnn,nsson,jetson_emulator,30,local,0.6317191111333095,63.3683,45.1386,63.3683,64.5794,25.5329,167.274,167.274,230.509,92.8636
493,cnn,nsson,jetson_emulator,30,offload,0.6182274514017732,62.4911,45.3053,45.3053,47.2278,28.1751,167.274,167.274,228.6315,92.8662
494,cnn,nsson,jetson_emulator,30,offload,0.6204160893891625,62.515,45.4179,45.4179,47.6193,28.1626,167.274,167.274,228.7741,92.9064
495,cnn,nsson,jetson_emulator,30,offload,0.6217389227822439,63.5831,45.0974,45.0974,46.4155,28.1982,167.274,167.274,228.9166,92.8423
496,cnn,nsson,jetson_emulator,30,offload,0.6157701561147125,62.7589,44.7412,44.7412,46.9784,28.238,167.274,167.274,229.0591,92.7831
497,cnn,nsson,jetson_emulator,30,offload,0.600145611805915,63.3734,45.1566,45.1566,47.1103,28.1916,167.274,167.274,229.2016,92.7523
498,cnn,nsson,jetson_emulator,30,offload,0.5862010409845135,64.0348,45.2478,45.2478,46.9438,28.1815,167.274,167.274,229.3442,92.8724
499,cnn,nsson,jetson_emulator,30,local,0.582563546938995,63.6694,44.8665,63.6694,65.2954,25.5046,167.274,167.274,231.5156,92.8415
500,cnn,nsson,jetson_emulator,30,local,0.5907058555733609,63.7364,45.5895,63.7364,65.9345,25.4983,167.274,167.274,231.6594,92.8286
501,cnn,nsson,jetson_emulator,30,offload,0.5896468258435263,64.1274,45.905,45.905,47.1836,28.1085,167.274,167.274,229.7718,92.9845
502,cnn,nsson,jetson_emulator,30,local,0.5962477240503447,63.8859,45.8983,63.8859,65.4543,25.4842,167.274,167.274,231.9469,92.9818
503,cnn,nsson,jetson_emulator,30,offload,0.5996345897139288,63.0542,45.5386,45.5386,48.1982,28.1492,167.274,167.274,230.0568,92.9089
504,cnn,nsson,jetson_emulator,30,offload,0.6043141879347341,63.4452,45.6021,45.6021,47.5216,28.1421,167.274,167.274,230.1993,92.8947
505,cnn,nsson,jetson_emulator,30,offload,0.6041006817041349,63.6799,45.9826,45.9826,46.8628,28.0999,167.274,167.274,230.3419,92.889
506,cnn,nsson,jetson_emulator,30,local,0.6045681071839997,63.4829,45.5283,63.4829,64.5828,25.5221,167.274,167.274,232.5221,92.7767
507,cnn,nsson,jetson_emulator,30,local,0.6032340916141062,63.3727,45.4233,63.3727,65.0478,25.5325,167.274,167.274,232.6659,92.8422
508,cnn,nsson,jetson_emulator,30,local,0.602917210915317,63.5173,45.2632,63.5173,64.7014,25.5189,167.274,167.274,232.8097,92.8459
509,cnn,nsson,jetson_emulator,30,local,0.598790914360686,63.7565,45.2533,63.7565,65.8379,25.4964,167.274,167.274,232.9534,93.0144
510,cnn,nsson,jetson_emulator,30,offload,0.6008545177965937,63.5227,46.443,46.443,47.2969,28.049,167.274,167.274,231.0545,92.8971
511,cnn,nsson,jetson_emulator,30,local,0.6070704465250054,63.8167,46.0151,63.8167,65.3899,25.4907,167.274,167.274,233.241,92.8915
512,cnn,nsson,jetson_emulator,30,local,0.6137155702098267,63.8111,46.547,63.8111,66.4815,25.4913,167.274,167.274,233.3848,92.8537
513,cnn,nsson,jetson_emulator,30,offload,0.6172155837938152,63.9673,46.2125,46.2125,48.1039,28.0745,167.274,167.274,231.4821,92.9208
514,cnn,nsson,jetson_emulator,30,local,0.6204834130734083,64.6301,45.5776,64.6301,66.2051,25.4147,167.274,167.274,233.6724,92.9705
515,cnn,nsson,jetson_emulator,30,local,0.6289034803387784,64.4515,46.5048,64.4515,66.6776,25.4313,167.274,167.274,233.8162,92.9495
516,cnn,nsson,jetson_emulator,30,offload,0.6270496395049122,64.8578,47.4601,47.4601,49.3532,27.9373,167.274,167.274,231.9097,92.9315
517,cnn,nsson,jetson_emulator,30,offload,0.6290784847065707,64.3144,46.2625,46.2625,48.3978,28.069,167.274,167.274,232.0522,92.9222
518,cnn,nsson,jetson_emulator,30,offload,0.6346572613297042,64.3167,46.7513,46.7513,48.5627,28.0151,167.274,167.274,232.1947,92.8896
519,cnn,nsson,jetson_emulator,30,local,0.6301962323157273,64.8024,45.8929,64.8024,66.161,25.3986,167.274,167.274,234.3913,92.9857
520,cnn,nsson,jetson_emulator,30,offload,0.6270714251662869,64.5521,45.8955,45.8955,47.5573,28.1096,167.274,167.274,232.4798,92.9801
521,cnn,nsson,jetson_emulator,30,offload,0.63683990549683,64.3773,46.643,46.643,48.311,28.027,167.274,167.274,232.6223,92.9383
522,cnn,nsson,jetson_emulator,30,local,0.639067123196891,64.9139,46.7143,64.9139,66.2822,25.3882,167.274,167.274,234.8227,92.9105
523,cnn,nsson,jetson_emulator,30,offload,0.6294114047521949,64.3875,45.9917,45.9917,47.9978,28.0989,167.274,167.274,232.9074,92.9331
524,cnn,nsson,jetson_emulator,30,offload,0.6231145654558885,64.649,46.7569,46.7569,48.2657,28.0145,167.274,167.274,233.0499,92.8662
525,cnn,nsson,jetson_emulator,30,offload,0.6223851259368081,64.4295,46.4885,46.4885,48.0707,28.044,167.274,167.274,233.1924,92.8829
526,cnn,nsson,jetson_emulator,30,local,0.6107695005864726,64.6996,46.4691,64.6996,65.7816,25.4082,167.274,167.274,235.3979,92.8933
527,cnn,nsson,jetson_emulator,30,offload,0.6027556567330657,64.9452,47.2753,47.2753,49.831,27.9576,167.274,167.274,233.4775,92.967
528,cnn,nsson,jetson_emulator,30,offload,0.6028667004451355,65.169,46.4849,46.4849,48.7354,28.0444,167.274,167.274,233.62,92.9399
529,cnn,nsson,jetson_emulator,30,offload,0.5978034416623693,64.8115,48.0446,48.0446,50.5282,27.8735,167.274,167.274,233.7626,92.7924
530,cnn,nsson,jetson_emulator,30,offload,0.5941699815164534,65.4651,46.4959,46.4959,47.0192,28.0432,167.274,167.274,233.9051,92.9102
531,cnn,nsson,jetson_emulator,30,local,0.5908144017988174,65.4794,47.8621,65.4794,67.7455,25.3357,167.274,167.274,236.1168,92.8703
532,cnn,nsson,jetson_emulator,30,local,0.5924072055193218,65.1451,46.8376,65.1451,66.8666,25.3667,167.274,167.274,236.2606,92.8675
533,cnn,nsson,jetson_emulator,30,offload,0.5918899124910186,65.2709,47.4139,47.4139,49.2705,27.9424,167.274,167.274,234.3327,92.9388
534,cnn,nsson,jetson_emulator,30,offload,0.6045212381596632,66.3025,46.9114,46.9114,48.6267,27.9975,167.274,167.274,234.4752,92.8526
535,cnn,nsson,jetson_emulator,30,local,0.5953300730686142,65.7931,47.5743,65.7931,67.6765,25.3066,167.274,167.274,236.692,92.9381
536,cnn,nsson,jetson_emulator,30,offload,0.5999620690068758,65.9823,46.8013,46.8013,47.8851,28.0096,167.274,167.274,234.7603,92.8715
537,cnn,nsson,jetson_emulator,30,offload,0.6080446864637427,65.4444,48.3918,48.3918,51.1736,27.8358,167.274,167.274,234.9028,92.9019
538,cnn,nsson,jetson_emulator,30,local,0.6064768736352989,65.7192,47.4892,65.7192,67.3992,25.3135,167.274,167.274,237.1233,92.8148
539,cnn,nsson,jetson_emulator,30,offload,0.6017753612915941,66.5946,47.1853,47.1853,49.3024,27.9674,167.274,167.274,235.1878,93.0077
540,cnn,nsson,jetson_emulator,30,offload,0.595627560694633,66.15,47.4192,47.4192,48.938,27.9418,167.274,167.274,235.3304,92.8922
541,cnn,nsson,jetson_emulator,30,offload,0.5986766581661149,66.3829,47.8055,47.8055,49.6926,27.8996,167.274,167.274,235.4729,92.8465
542,cnn,nsson,jetson_emulator,30,local,0.5942180311396068,66.2361,48.3684,66.2361,68.4361,25.2657,167.274,167.274,237.6985,92.9309
543,cnn,nsson,jetson_emulator,30,local,0.590312079358077,66.0224,48.1133,66.0224,67.8777,25.2855,167.274,167.274,237.8423,92.8508
544,cnn,nsson,jetson_emulator,30,local,0.5941602545493939,66.7627,48.0192,66.7627,68.9815,25.2173,167.274,167.274,237.986,92.8162
545,cnn,nsson,jetson_emulator,30,offload,0.5981136112474289,66.1836,47.4135,47.4135,49.8021,27.9424,167.274,167.274,236.043,92.8671
546,cnn,nsson,jetson_emulator,30,local,0.6011429364046827,66.4449,47.6907,66.4449,68.5701,25.2465,167.274,167.274,238.2736,92.8445
547,cnn,nsson,jetson_emulator,30,offload,0.6077144220256262,67.0521,47.6339,47.6339,48.3071,27.9183,167.274,167.274,236.3281,92.9687
548,cnn,nsson,jetson_emulator,30,local,0.6150745464619416,66.6988,47.8397,66.6988,67.9816,25.2232,167.274,167.274,238.5612,92.9964
549,cnn,nsson,jetson_emulator,30,offload,0.6090752872842312,66.5591,47.9786,47.9786,50.7081,27.8807,167.274,167.274,236.6131,92.9461
550,cnn,nsson,jetson_emulator,30,offload,0.6044785644997388,66.9008,47.9192,47.9192,49.8659,27.8872,167.274,167.274,236.7557,92.853
551,cnn,nsson,jetson_emulator,30,offload,0.6014913606139025,67.2259,48.6344,48.6344,50.0445,27.8094,167.274,167.274,236.8982,92.878
552,cnn,nsson,jetson_emulator,30,offload,0.5994445775088336,67.1479,48.4182,48.4182,50.533,27.8329,167.274,167.274,237.0407,92.9209
553,cnn,nsson,jetson_emulator,30,offload,0.5974867772021255,66.9298,48.4295,48.4295,50.055,27.8317,167.274,167.274,237.1832,92.9473
554,cnn,nsson,jetson_emulator,30,offload,0.5805710693641734,67.4194,48.3726,48.3726,49.7456,27.8378,167.274,167.274,237.3258,92.8883
555,cnn,nsson,jetson_emulator,30,offload,0.5857099318557452,67.6025,48.2643,48.2643,50.0301,27.8496,167.274,167.274,237.4683,92.8343
556,cnn,nsson,jetson_emulator,30,local,0.5972915790500427,68.12,48.2286,68.12,69.5336,25.0933,167.274,167.274,239.7115,92.9921
557,cnn,nsson,jetson_emulator,30,offload,0.607407694623819,67.6922,48.3897,48.3897,50.2927,27.836,167.274,167.274,237.7534,92.8837
558,cnn,nsson,jetson_emulator,30,offload,0.6054054470458364,68.4861,48.2872,48.2872,50.128,27.8471,167.274,167.274,237.8959,92.9791
559,cnn,nsson,jetson_emulator,30,local,0.6041798852005626,68.4131,48.9687,68.4131,69.8152,25.0667,167.274,167.274,240.1429,92.8202
560,cnn,nsson,jetson_emulator,30,local,0.6060114212613437,68.2941,49.5216,68.2941,70.1085,25.0775,167.274,167.274,240.2867,92.9161
561,cnn,nsson,jetson_emulator,30,offload,0.6117321517223041,67.9262,50.2901,50.2901,51.6457,27.6311,167.274,167.274,238.3235,92.8289
562,cnn,nsson,jetson_emulator,30,offload,0.614758727129086,68.4802,49.2195,49.2195,50.4102,27.7461,167.274,167.274,238.466,92.8282
563,cnn,nsson,jetson_emulator,30,local,0.60610931731831,67.925,49.7827,67.925,70.4229,25.111,167.274,167.274,240.718,92.8934
564,cnn,nsson,jetson_emulator,30,local,0.602415095859288,68.9383,48.9171,68.9383,70.9052,25.0191,167.274,167.274,240.8618,92.8238
565,cnn,nsson,jetson_emulator,30,offload,0.6211410694602352,68.3728,49.7131,49.7131,51.2979,27.693,167.274,167.274,238.8936,92.9708
566,cnn,nsson,jetson_emulator,30,local,0.6222518981163565,68.893,48.8987,68.893,71.3037,25.0232,167.274,167.274,241.1494,92.921
567,cnn,nsson,jetson_emulator,30,offload,0.6289721821611001,68.6834,49.6659,49.6659,51.6224,27.698,167.274,167.274,239.1786,92.8094
568,cnn,nsson,jetson_emulator,30,local,0.6307547216702696,68.3953,49.1531,68.3953,70.2861,25.0683,167.274,167.274,241.437,92.8669
569,cnn,nsson,jetson_emulator,30,local,0.627805993954439,68.8926,48.9786,68.8926,71.1754,25.0232,167.274,167.274,241.5808,92.9031
570,cnn,nsson,jetson_emulator,30,offload,0.6239919691233174,69.0353,50.231,50.231,51.6344,27.6374,167.274,167.274,239.6062,92.9007
571,cnn,nsson,jetson_emulator,30,offload,0.6261495344844806,70.0088,50.0978,50.0978,52.0801,27.6517,167.274,167.274,239.7488,92.81
572,cnn,nsson,jetson_emulator,30,local,0.6231603483603065,69.3148,49.5255,69.3148,71.4072,24.9851,167.274,167.274,242.0121,92.9632
573,cnn,nsson,jetson_emulator,30,offload,0.6265425776486049,69.5113,49.366,49.366,50.9445,27.7303,167.274,167.274,240.0338,92.905
574,cnn,nsson,jetson_emulator,30,offload,0.6290682389193174,69.2389,49.4624,49.4624,50.9185,27.72,167.274,167.274,240.1763,92.9009
575,cnn,nsson,jetson_emulator,30,local,0.6277817649899383,70.6385,50.2854,70.6385,72.8445,24.8664,167.274,167.274,242.4435,92.9322
576,cnn,nsson,jetson_emulator,30,offload,0.6349732652757366,69.8136,50.3546,50.3546,52.0884,27.6242,167.274,167.274,240.4614,92.9475
577,cnn,nsson,jetson_emulator,30,offload,0.6257839621082721,69.8702,50.3414,50.3414,53.0399,27.6256,167.274,167.274,240.6039,92.8572
578,cnn,nsson,jetson_emulator,30,offload,0.6267047175988159,69.5313,50.2869,50.2869,52.9448,27.6314,167.274,167.274,240.7465,92.8797
579,cnn,nsson,jetson_emulator,30,local,0.6282416441364137,69.9176,49.7759,69.9176,72.1336,24.9309,167.274,167.274,243.0186,92.8544
580,cnn,nsson,jetson_emulator,30,offload,0.6314804626542972,70.3169,49.897,49.897,51.858,27.6732,167.274,167.274,241.0315,92.9931
581,cnn,nsson,jetson_emulator,30,offload,0.6410961718596887,69.7375,50.3065,50.3065,51.6588,27.6293,167.274,167.274,241.174,92.8416
582,cnn,nsson,jetson_emulator,30,offload,0.6446981972137695,70.7351,50.5355,50.5355,52.6667,27.6048,167.274,167.274,241.3166,92.888
583,cnn,nsson,jetson_emulator,30,offload,0.6309569992695588,69.8459,50.4728,50.4728,52.7366,27.6115,167.274,167.274,241.4591,92.9254
584,cnn,nsson,jetson_emulator,30,offload,0.6155141742896607,70.2521,50.623,50.623,52.9537,27.5955,167.274,167.274,241.6016,92.9301
585,cnn,nsson,jetson_emulator,30,local,0.6197026640989166,70.3146,50.973,70.3146,72.3338,24.8953,167.274,167.274,243.8814,92.8386
586,cnn,nsson,jetson_emulator,30,offload,0.6188669298908018,70.1452,50.5523,50.5523,52.068,27.603,167.274,167.274,241.8867,92.8107
587,cnn,nsson,jetson_emulator,30,local,0.6305079752703769,70.2571,50.244,70.2571,71.8661,24.9005,167.274,167.274,244.169,92.8691
588,cnn,nsson,jetson_emulator,30,local,0.6314726736793377,71.405,50.7876,71.405,73.6845,24.7981,167.274,167.274,244.3127,92.9039
589,cnn,nsson,jetson_emulator,30,offload,0.6277147932564886,70.5362,51.4515,51.4515,53.1119,27.5073,167.274,167.274,242.3143,92.9351
590,cnn,nsson,jetson_emulator,30,offload,0.6336701934743916,70.8827,50.5947,50.5947,52.7292,27.5985,167.274,167.274,242.4568,92.9
591,cnn,nsson,jetson_emulator,30,local,0.6282966784874138,70.5411,50.8443,70.5411,72.022,24.8751,167.274,167.274,244.7441,92.9078
592,cnn,nsson,jetson_emulator,30,local,0.6347574465560819,71.554,50.6215,71.554,72.4494,24.7849,167.274,167.274,244.8879,92.902
593,cnn,nsson,jetson_emulator,30,local,0.6234255663228666,71.192,50.85,71.192,72.5115,24.8171,167.274,167.274,245.0317,92.9397
594,cnn,nsson,jetson_emulator,30,local,0.6123771916072787,70.8717,50.795,70.8717,72.8799,24.8456,167.274,167.274,245.1755,92.8711
595,cnn,nsson,jetson_emulator,30,offload,0.6190828292326827,70.9233,52.1505,52.1505,53.8704,27.4334,167.274,167.274,243.1694,92.7988
596,cnn,nsson,jetson_emulator,30,local,0.6036488750601658,71.0224,50.757,71.0224,72.6126,24.8322,167.274,167.274,245.4631,92.9465
597,cnn,nsson,jetson_emulator,30,local,0.608736411026172,71.0737,51.0005,71.0737,72.7777,24.8276,167.274,167.274,245.6068,92.9039
598,cnn,nsson,jetson_emulator,30,offload,0.6018314350957353,71.7513,52.1743,52.1743,54.2249,27.4309,167.274,167.274,243.597,92.8971
599,cnn,nsson,jetson_emulator,30,offload,0.6056470527417563,71.2767,51.2006,51.2006,53.1814,27.534,167.274,167.274,243.7396,92.8864
600,cnn,nsson,jetson_emulator,30,offload,0.6116614151862411,71.383,51.3181,51.3181,53.7281,27.5215,167.274,167.274,243.8821,92.9345
601,cnn,nsson,jetson_emulator,30,offload,0.6130182991169526,72.4475,51.8935,51.8935,54.5683,27.4605,167.274,167.274,244.0246,92.8412
602,cnn,nsson,jetson_emulator,30,offload,0.6225429234231439,71.5971,52.0858,52.0858,53.8485,27.4402,167.274,167.274,244.1671,92.843
603,cnn,nsson,jetson_emulator,30,local,0.6210284642140601,71.6381,51.4777,71.6381,73.3936,24.7775,167.274,167.274,246.4696,92.838
604,cnn,nsson,jetson_emulator,30,offload,0.620668444307598,71.8809,52.0091,52.0091,53.7852,27.4483,167.274,167.274,244.4522,92.9872
605,cnn,nsson,jetson_emulator,30,local,0.6228039444417652,71.8008,51.623,71.8008,73.3496,24.7631,167.274,167.274,246.7572,92.8329
606,cnn,nsson,jetson_emulator,30,offload,0.616905005644479,71.894,51.9964,51.9964,54.3453,27.4497,167.274,167.274,244.7373,92.9168
607,cnn,nsson,jetson_emulator,30,offload,0.6190390722641671,72.2016,52.0496,52.0496,53.2069,27.444,167.274,167.274,244.8798,92.855
608,cnn,nsson,jetson_emulator,30,local,0.6253880637729081,72.1759,52.6464,72.1759,74.5674,24.7299,167.274,167.274,247.1885,92.9719
609,cnn,nsson,jetson_emulator,30,offload,0.6173139762505401,72.1248,51.8479,51.8479,54.3295,27.4654,167.274,167.274,245.1648,92.9165
610,cnn,nsson,jetson_emulator,30,offload,0.6069072705530207,72.5398,53.2747,53.2747,55.3851,27.3153,167.274,167.274,245.3074,92.8727
611,cnn,nsson,jetson_emulator,30,offload,0.6102691612769886,72.1579,51.7682,51.7682,53.8968,27.4738,167.274,167.274,245.4499,92.8996
612,cnn,nsson,jetson_emulator,30,offload,0.61509824890352,72.3136,51.8273,51.8273,53.36,27.4675,167.274,167.274,245.5924,92.8294
613,cnn,nsson,jetson_emulator,30,offload,0.6200231587112411,72.8833,52.2708,52.2708,53.5576,27.4207,167.274,167.274,245.7349,92.9722
614,cnn,nsson,jetson_emulator,30,offload,0.614064973614037,72.2356,52.5492,52.5492,53.4922,27.3914,167.274,167.274,245.8775,92.8206
615,cnn,nsson,jetson_emulator,30,offload,0.6147523663481366,72.7102,51.9046,51.9046,53.5296,27.4594,167.274,167.274,246.02,92.9099
616,cnn,nsson,jetson_emulator,30,offload,0.6080599000152431,72.8915,52.4785,52.4785,53.8491,27.3988,167.274,167.274,246.1625,92.8942
617,cnn,nsson,jetson_emulator,30,offload,0.6030235727885985,72.4841,51.873,51.873,53.4247,27.4627,167.274,167.274,246.3051,92.9735
618,cnn,nsson,jetson_emulator,30,offload,0.5926401455657635,72.7354,52.4246,52.4246,54.3084,27.4045,167.274,167.274,246.4476,92.9169
619,cnn,nsson,jetson_emulator,30,local,0.5851017927919155,72.4935,52.2105,72.4935,73.8727,24.7019,167.274,167.274,248.7702,92.8754
620,cnn,nsson,jetson_emulator,30,offload,0.584977377390101,72.8465,51.9327,51.9327,53.697,27.4564,167.274,167.274,246.7326,92.8494
621,cnn,nsson,jetson_emulator,30,local,0.5913295534610071,72.8324,52.7886,72.8324,74.8429,24.6721,167.274,167.274,249.0578,92.8854
622,cnn,nsson,jetson_emulator,30,local,0.5827566096153982,73.2621,52.2421,73.2621,75.5972,24.6343,167.274,167.274,249.2016,92.8257
623,cnn,nsson,jetson_emulator,30,offload,0.5763106861082321,73.1389,52.517,52.517,53.8049,27.3948,167.274,167.274,247.1602,92.9367
624,cnn,nsson,jetson_emulator,30,local,0.569745405455056,73.3072,52.6137,73.3072,75.2058,24.6304,167.274,167.274,249.4891,92.857
625,cnn,nsson,jetson_emulator,30,local,0.5540674780633774,72.7013,52.4437,72.7013,73.8571,24.6836,167.274,167.274,249.6329,92.8346
626,cnn,nsson,jetson_emulator,30,local,0.5596094954140375,72.7469,52.2805,72.7469,74.2865,24.6796,167.274,167.274,249.7767,92.8477
627,cnn,nsson,jetson_emulator,30,offload,0.5628440132593588,73.4324,52.3197,52.3197,53.9203,27.4156,167.274,167.274,247.7303,92.9058
628,cnn,nsson,jetson_emulator,30,offload,0.5668506299989744,72.9452,52.6786,52.6786,53.9442,27.3778,167.274,167.274,247.8729,92.8438
629,cnn,nsson,jetson_emulator,30,offload,0.5680037539497955,72.9232,53.0451,53.0451,55.0184,27.3393,167.274,167.274,248.0154,92.8877
630,cnn,nsson,jetson_emulator,30,local,0.5585790900946281,73.2696,53.2218,73.2696,74.9333,24.6337,167.274,167.274,250.3519,92.8789
631,cnn,nsson,jetson_emulator,30,offload,0.5524418093506908,73.2135,52.4765,52.4765,53.2066,27.3991,167.274,167.274,248.3005,92.9263
632,cnn,nsson,jetson_emulator,30,local,0.5551031807453836,73.557,52.6694,73.557,75.3033,24.6085,167.274,167.274,250.6394,92.9403
633,cnn,nsson,jetson_emulator,30,offload,0.5672231632308059,73.4743,52.8493,52.8493,55.0882,27.3599,167.274,167.274,248.5855,92.9133
634,cnn,nsson,jetson_emulator,30,local,0.5785681958278899,73.6584,52.3048,73.6584,75.6914,24.5997,167.274,167.274,250.927,93.0211
635,cnn,nsson,jetson_emulator,30,offload,0.5727922877539365,73.7015,52.9747,52.9747,54.5454,27.3467,167.274,167.274,248.8706,92.8582
636,cnn,nsson,jetson_emulator,30,offload,0.5714985581223562,72.9364,52.164,52.164,53.6159,27.432,167.274,167.274,249.0131,92.8636
637,cnn,nsson,jetson_emulator,30,offload,0.5643810499641342,74.1656,52.8423,52.8423,54.2099,27.3606,167.274,167.274,249.1556,92.8152
638,cnn,nsson,jetson_emulator,30,offload,0.5743919685336112,73.2548,52.403,52.403,53.899,27.4068,167.274,167.274,249.2982,92.9574
639,cnn,nsson,jetson_emulator,30,offload,0.571522146660523,72.9465,53.57,53.57,54.8146,27.2845,167.274,167.274,249.4407,92.8924
640,cnn,nsson,jetson_emulator,30,local,0.576533684747669,73.3316,52.7138,73.3316,75.712,24.6283,167.274,167.274,251.7898,92.9419
641,cnn,nsson,jetson_emulator,30,local,0.5776239320440651,73.096,52.2333,73.096,74.6201,24.6489,167.274,167.274,251.9335,92.8608
642,cnn,nsson,jetson_emulator,30,local,0.5711581313544242,73.7573,52.3183,73.7573,76.0736,24.591,167.274,167.274,252.0773,92.8721
643,cnn,nsson,jetson_emulator,30,offload,0.5743759337043876,73.1963,53.0826,53.0826,55.0592,27.3354,167.274,167.274,250.0108,92.9519
644,cnn,nsson,jetson_emulator,30,offload,0.5750493722533375,73.3043,52.8256,52.8256,54.3915,27.3624,167.274,167.274,250.1533,92.9469
645,cnn,nsson,jetson_emulator,30,offload,0.5781728069480533,73.8341,52.2349,52.2349,54.2033,27.4245,167.274,167.274,250.2959,92.8641
646,cnn,nsson,jetson_emulator,30,offload,0.5799915227975301,73.0582,54.3272,54.3272,56.5071,27.2057,167.274,167.274,250.4384,92.9529
647,cnn,nsson,jetson_emulator,30,offload,0.5859679491005126,73.5537,52.3249,52.3249,53.9836,27.415,167.274,167.274,250.5809,92.9485
648,cnn,nsson,jetson_emulator,30,local,0.5925689064155908,73.8967,52.8466,73.8967,76.1119,24.5789,167.274,167.274,252.9401,92.9038
649,cnn,nsson,jetson_emulator,30,offload,0.603094676659786,74.2943,53.0103,53.0103,54.9038,27.343,167.274,167.274,250.866,92.8889
650,cnn,nsson,jetson_emulator,30,offload,0.6195284085114187,73.7208,52.8785,52.8785,54.1994,27.3568,167.274,167.274,251.0085,93.0074
651,cnn,nsson,jetson_emulator,30,local,0.6172046485378236,73.1909,52.7658,73.1909,75.885,24.6406,167.274,167.274,253.3714,92.8503
652,cnn,nsson,jetson_emulator,30,local,0.6171997657030903,73.0883,52.7203,73.0883,75.8374,24.6496,167.274,167.274,253.5152,92.808
653,cnn,nsson,jetson_emulator,30,offload,0.6141591329777786,73.502,52.3296,52.3296,54.6972,27.4145,167.274,167.274,251.4361,92.8762
654,cnn,nsson,jetson_emulator,30,offload,0.6031186334534221,73.3941,52.391,52.391,53.976,27.4081,167.274,167.274,251.5786,92.9373
655,cnn,nsson,jetson_emulator,30,offload,0.5969057413347414,73.059,52.6853,52.6853,54.2344,27.3771,167.274,167.274,251.7211,92.8984
656,cnn,nsson,jetson_emulator,30,offload,0.6025441941978211,73.0006,52.9528,52.9528,55.4507,27.349,167.274,167.274,251.8637,92.9301
657,cnn,nsson,jetson_emulator,30,offload,0.6025824509232303,73.788,52.1395,52.1395,53.4811,27.4346,167.274,167.274,252.0062,92.9296
658,cnn,nsson,jetson_emulator,30,offload,0.6200391570669636,73.643,52.911,52.911,54.3082,27.3534,167.274,167.274,252.1487,92.9819
659,cnn,nsson,jetson_emulator,30,offload,0.6198667210542234,73.2154,53.3251,53.3251,55.1378,27.31,167.274,167.274,252.2913,92.857
660,cnn,nsson,jetson_emulator,30,offload,0.6202723736641025,73.8586,52.1018,52.1018,54.5921,27.4385,167.274,167.274,252.4338,92.928
661,cnn,nsson,jetson_emulator,30,offload,0.6163886928501596,73.5133,53.0624,53.0624,55.4165,27.3375,167.274,167.274,252.5763,92.7432
662,cnn,nsson,jetson_emulator,30,offload,0.6193918858319336,73.0948,52.0155,52.0155,54.0397,27.4476,167.274,167.274,252.7188,92.8992
663,cnn,nsson,jetson_emulator,30,local,0.6181579151689183,73.1061,52.5379,73.1061,74.2365,24.648,167.274,167.274,255.0969,92.9121
664,cnn,nsson,jetson_emulator,30,offload,0.6162037536742002,73.2419,52.5342,52.5342,54.0185,27.393,167.274,167.274,253.0039,92.9908
665,cnn,nsson,jetson_emulator,30,local,0.6184332437709275,73.7346,52.015,73.7346,75.9056,24.593,167.274,167.274,255.3845,92.7617
666,cnn,nsson,jetson_emulator,30,offload,0.6219681189637829,72.7436,52.4154,52.4154,55.0692,27.4055,167.274,167.274,253.289,92.8963
667,cnn,nsson,jetson_emulator,30,offload,0.6223057930322603,73.3637,52.012,52.012,53.454,27.448,167.274,167.274,253.4315,92.8926
668,cnn,nsson,jetson_emulator,30,offload,0.6264166175588154,72.9305,52.3109,52.3109,54.3442,27.4165,167.274,167.274,253.574,92.8968
669,cnn,nsson,jetson_emulator,30,local,0.6223289779976509,72.5299,52.4056,72.5299,74.1111,24.6987,167.274,167.274,255.9596,92.8779
670,cnn,nsson,jetson_emulator,30,offload,0.6169487723499588,72.5224,51.8585,51.8585,53.8216,27.4642,167.274,167.274,253.8591,92.8866
671,cnn,nsson,jetson_emulator,30,offload,0.6187468333946415,73.7088,53.2479,53.2479,55.5332,27.3181,167.274,167.274,254.0016,92.8079
672,cnn,nsson,jetson_emulator,30,offload,0.6151474657498605,72.7488,52.267,52.267,54.5123,27.4211,167.274,167.274,254.1441,92.8963
673,cnn,nsson,jetson_emulator,30,local,0.6088833475844407,73.4291,52.004,73.4291,74.2618,24.6197,167.274,167.274,256.5348,92.912
674,cnn,nsson,jetson_emulator,30,offload,0.6207243923780068,72.6065,52.7252,52.7252,54.0894,27.3729,167.274,167.274,254.4292,92.9234
675,cnn,nsson,jetson_emulator,30,local,0.6202900092710676,72.9297,52.2968,72.9297,74.3796,24.6635,167.274,167.274,256.8224,92.8168
676,cnn,nsson,jetson_emulator,30,local,0.624659745593689,72.766,51.8,72.766,74.4673,24.6779,167.274,167.274,256.9661,92.925
677,cnn,nsson,jetson_emulator,30,offload,0.6288298785135523,73.2993,52.3606,52.3606,53.9255,27.4112,167.274,167.274,254.8568,92.9171
678,cnn,nsson,jetson_emulator,30,offload,0.6339247727015092,72.6853,52.3799,52.3799,53.5954,27.4092,167.274,167.274,254.9993,92.8652
679,cnn,nsson,jetson_emulator,30,local,0.6452901891063303,72.7333,52.3644,72.7333,74.3052,24.6808,167.274,167.274,257.3975,92.8604
680,cnn,nsson,jetson_emulator,30,offload,0.6380793782850033,72.485,52.1661,52.1661,53.3952,27.4317,167.274,167.274,255.2844,92.9003
681,cnn,nsson,jetson_emulator,30,offload,0.6401438673895873,72.5575,52.7286,52.7286,54.0763,27.3725,167.274,167.274,255.4269,92.8984
682,cnn,nsson,jetson_emulator,30,local,0.6423165515066183,72.2425,53.3549,72.2425,74.3199,24.724,167.274,167.274,257.8289,92.9197
683,cnn,nsson,jetson_emulator,30,local,0.6442455275225649,72.3226,53.3757,72.3226,74.4968,24.7169,167.274,167.274,257.9727,92.9721
684,cnn,nsson,jetson_emulator,30,local,0.6380207987010962,71.8708,51.8223,71.8708,73.7339,24.7569,167.274,167.274,258.1164,92.906
685,cnn,nsson,jetson_emulator,30,local,0.6406971288963093,71.8789,52.3068,71.8789,73.9516,24.7561,167.274,167.274,258.2602,92.8536
686,cnn,nsson,jetson_emulator,30,local,0.644415960502901,72.5908,51.6959,72.5908,75.2351,24.6933,167.274,167.274,258.404,92.9101
687,cnn,nsson,jetson_emulator,30,offload,0.645515587082444,72.9436,52.9992,52.9992,55.5919,27.3441,167.274,167.274,256.2821,92.8488
688,cnn,nsson,jetson_emulator,30,local,0.6587252164310993,72.1066,51.2827,72.1066,74.7414,24.736,167.274,167.274,258.6916,92.8696
689,cnn,nsson,jetson_emulator,30,offload,0.6673325979627137,71.718,51.8609,51.8609,53.9375,27.464,167.274,167.274,256.5671,92.8084
690,cnn,nsson,jetson_emulator,30,offload,0.6631111769075961,71.8763,51.5366,51.5366,53.4867,27.4983,167.274,167.274,256.7096,92.9544
691,cnn,nsson,jetson_emulator,30,local,0.6555995366718167,71.588,51.421,71.588,73.8935,24.7819,167.274,167.274,259.123,92.9164
692,cnn,nsson,jetson_emulator,30,offload,0.6509154642060222,72.6217,51.4223,51.4223,53.2625,27.5104,167.274,167.274,256.9947,92.8132
693,cnn,nsson,jetson_emulator,30,offload,0.6575238028761435,71.7517,52.4936,52.4936,53.929,27.3972,167.274,167.274,257.1372,92.7757
694,cnn,nsson,jetson_emulator,30,local,0.65786975564753,71.9488,52.2077,71.9488,73.8442,24.75,167.274,167.274,259.5543,92.8318
695,cnn,nsson,jetson_emulator,30,local,0.6575400235388491,71.5978,52.1512,71.5978,73.0708,24.781,167.274,167.274,259.6981,92.9392
696,cnn,nsson,jetson_emulator,30,offload,0.6674300402872109,71.6146,50.913,50.913,52.4142,27.5646,167.274,167.274,257.5648,92.9703
697,cnn,nsson,jetson_emulator,30,local,0.6764483183877894,71.2036,50.905,71.2036,73.0832,24.816,167.274,167.274,259.9857,92.9392
698,cnn,nsson,jetson_emulator,30,local,0.68,71.8655,52.499,71.8655,73.2821,24.7573,167.274,167.274,260.1295,92.8737
699,cnn,nsson,jetson_emulator,30,offload,0.67327636135375,71.3713,50.8002,50.8002,52.1011,27.5766,167.274,167.274,257.9924,92.9852
700,cnn,nsson,jetson_emulator,30,offload,0.6683606385774072,71.1588,51.4335,51.4335,53.1431,27.5092,167.274,167.274,258.1349,92.9601
701,cnn,nsson,jetson_emulator,30,offload,0.6618364278983797,71.1122,50.7534,50.7534,52.4441,27.5816,167.274,167.274,258.2775,92.9042
702,cnn,nsson,jetson_emulator,30,local,0.651966287011866,70.861,50.7994,70.861,72.6524,24.8465,167.274,167.274,260.7046,92.9649
703,cnn,nsson,jetson_emulator,30,offload,0.6514619660434013,71.206,53.1858,53.1858,54.5249,27.3246,167.274,167.274,258.5625,92.9374
704,cnn,nsson,jetson_emulator,30,offload,0.6493279680668678,71.2997,51.6031,51.6031,52.9374,27.4913,167.274,167.274,258.705,92.9098
705,cnn,nsson,jetson_emulator,30,offload,0.6507359624909611,70.8796,50.7748,50.7748,52.7117,27.5793,167.274,167.274,258.8476,92.9314
706,cnn,nsson,jetson_emulator,30,offload,0.6447682038515443,71.0441,51.0144,51.0144,52.3808,27.5538,167.274,167.274,258.9901,92.9301
707,cnn,nsson,jetson_emulator,30,offload,0.6489632350424123,71.4958,50.486,50.486,52.4131,27.6101,167.274,167.274,259.1326,92.9718
708,cnn,nsson,jetson_emulator,30,offload,0.6436118455014016,71.1284,51.7941,51.7941,54.7118,27.471,167.274,167.274,259.2752,92.9413
709,cnn,nsson,jetson_emulator,30,offload,0.6383997417052433,70.5099,51.8395,51.8395,52.8965,27.4662,167.274,167.274,259.4177,92.9954
710,cnn,nsson,jetson_emulator,30,local,0.6349138450325881,70.9264,51.8573,70.9264,72.7955,24.8407,167.274,167.274,261.8549,93.0165
711,cnn,nsson,jetson_emulator,30,offload,0.6361820389991018,70.8676,51.3296,51.3296,53.1291,27.5203,167.274,167.274,259.7027,92.7975
712,cnn,nsson,jetson_emulator,30,offload,0.6217150903687227,70.919,50.7786,50.7786,52.7511,27.5789,167.274,167.274,259.8453,92.8951
713,cnn,nsson,jetson_emulator,30,offload,0.6273391424571955,70.2525,51.0552,51.0552,53.4994,27.5494,167.274,167.274,259.9878,92.9352
714,cnn,nsson,jetson_emulator,30,local,0.6201502092606724,70.6621,50.903,70.6621,73.4673,24.8643,167.274,167.274,262.4301,92.8768
715,cnn,nsson,jetson_emulator,30,offload,0.6128332037533905,70.3462,50.5687,50.5687,52.9167,27.6013,167.274,167.274,260.2729,92.9094
716,cnn,nsson,jetson_emulator,30,local,0.6174334701068361,70.492,51.2248,70.492,72.3747,24.8795,167.274,167.274,262.7177,92.7906
717,cnn,nsson,jetson_emulator,30,offload,0.6177836221784159,70.0988,50.2081,50.2081,52.0233,27.6399,167.274,167.274,260.5579,92.8829
718,cnn,nsson,jetson_emulator,30,offload,0.6142358633234255,70.608,52.7336,52.7336,55.2656,27.372,167.274,167.274,260.7004,92.8563
719,cnn,nsson,jetson_emulator,30,local,0.6171716770387939,70.2128,51.233,70.2128,72.2311,24.9045,167.274,167.274,263.149,92.9198
720,cnn,nsson,jetson_emulator,30,offload,0.6146067183903665,70.449,51.008,51.008,52.7243,27.5545,167.274,167.274,260.9855,92.8672
721,cnn,nsson,jetson_emulator,30,offload,0.6144371365550338,70.1398,49.909,49.909,51.845,27.6719,167.274,167.274,261.128,92.8821
722,cnn,nsson,jetson_emulator,30,local,0.6214060707180924,70.3055,50.0591,70.3055,71.8365,24.8962,167.274,167.274,263.5804,92.9162
723,cnn,nsson,jetson_emulator,30,offload,0.6269551380882984,69.6818,49.9784,49.9784,51.7347,27.6645,167.274,167.274,261.4131,92.8405
724,cnn,nsson,jetson_emulator,30,offload,0.6217142418622271,70.3267,50.1514,50.1514,51.4964,27.6459,167.274,167.274,261.5556,92.8951
725,cnn,nsson,jetson_emulator,30,local,0.629038083131408,70.7061,49.7846,70.7061,71.9724,24.8604,167.274,167.274,264.0118,92.909
726,cnn,nsson,jetson_emulator,30,local,0.6315415978565715,69.5264,50.3137,69.5264,71.3658,24.9661,167.274,167.274,264.1556,92.8626
727,cnn,nsson,jetson_emulator,30,offload,0.6373059541045425,70.2478,49.9761,49.9761,50.7143,27.6647,167.274,167.274,261.9832,92.8341
728,cnn,nsson,jetson_emulator,30,offload,0.6512587898505345,69.8326,50.0695,50.0695,51.8189,27.6547,167.274,167.274,262.1257,93.0066
729,cnn,nsson,jetson_emulator,30,local,0.6558886731182502,69.9032,49.7732,69.9032,71.4057,24.9322,167.274,167.274,264.5869,92.8237
730,cnn,nsson,jetson_emulator,30,offload,0.6668914137439573,69.5884,50.0586,50.0586,52.6332,27.6559,167.274,167.274,262.4108,92.9358
731,cnn,nsson,jetson_emulator,30,offload,0.6668099979426152,70.7552,49.6375,49.6375,51.5234,27.7011,167.274,167.274,262.5533,92.8602
732,cnn,nsson,jetson_emulator,30,local,0.6637915316178713,69.4651,49.7376,69.4651,71.7058,24.9716,167.274,167.274,265.0183,92.9064
733,cnn,nsson,jetson_emulator,30,offload,0.6604544619950832,69.665,50.6414,50.6414,52.9522,27.5935,167.274,167.274,262.8384,92.8751
734,cnn,nsson,jetson_emulator,30,local,0.6607408038413948,70.4351,49.7181,70.4351,71.6863,24.8846,167.274,167.274,265.3059,92.941
735,cnn,nsson,jetson_emulator,30,local,0.6563912558761117,69.198,50.4665,69.198,71.3872,24.9957,167.274,167.274,265.4497,92.8787
736,cnn,nsson,jetson_emulator,30,local,0.6528681954729013,69.518,50.0405,69.518,71.7337,24.9668,167.274,167.274,265.5935,92.9454
737,cnn,nsson,jetson_emulator,30,offload,0.6553198595397934,69.5807,50.0579,50.0579,51.3699,27.656,167.274,167.274,263.4085,92.9205
738,cnn,nsson,jetson_emulator,30,local,0.6439275267264354,69.4895,50.151,69.4895,71.2727,24.9694,167.274,167.274,265.881,92.9676
739,cnn,nsson,jetson_emulator,30,offload,0.6428599891449772,69.3127,49.6291,49.6291,51.2995,27.702,167.274,167.274,263.6935,92.9635
740,cnn,nsson,jetson_emulator,30,offload,0.641645535046697,69.9248,49.8127,49.8127,51.1445,27.6823,167.274,167.274,263.8361,92.8516
741,cnn,nsson,jetson_emulator,30,local,0.634260339267543,69.7853,49.9182,69.7853,71.0732,24.9428,167.274,167.274,266.3124,92.8529
742,cnn,nsson,jetson_emulator,30,local,0.6436516113834121,69.6898,49.4229,69.6898,71.3317,24.9514,167.274,167.274,266.4562,92.8914
743,cnn,nsson,jetson_emulator,30,offload,0.6340049700322998,69.8701,49.9472,49.9472,52.4323,27.6678,167.274,167.274,264.2637,92.8799
744,cnn,nsson,jetson_emulator,30,local,0.6504764180339646,69.373,50.0558,69.373,70.8489,24.9799,167.274,167.274,266.7438,92.8863
745,cnn,nsson,jetson_emulator,30,local,0.6579025516410187,70.4102,49.4248,70.4102,72.4896,24.8868,167.274,167.274,266.8875,92.8695
746,cnn,nsson,jetson_emulator,30,local,0.661813844211021,69.4023,49.5415,69.4023,72.0787,24.9773,167.274,167.274,267.0313,92.8177
747,cnn,nsson,jetson_emulator,30,local,0.652142403156364,68.8705,50.4751,68.8705,70.9227,25.0252,167.274,167.274,267.1751,92.8751
748,cnn,nsson,jetson_emulator,30,offload,0.6592446919805258,68.8393,49.6868,49.6868,51.8972,27.6958,167.274,167.274,264.9763,92.9204
749,cnn,nsson,jetson_emulator,30,local,0.648427352821052,69.1028,49.2686,69.1028,70.7966,25.0043,167.274,167.274,267.4627,92.9179
750,cnn,nsson,jetson_emulator,30,local,0.6593322562143371,69.4102,50.088,69.4102,70.9425,24.9765,167.274,167.274,267.6065,92.8574
751,cnn,nsson,jetson_emulator,30,offload,0.6600230162491969,69.0857,49.5955,49.5955,51.4838,27.7056,167.274,167.274,265.4039,92.8945
752,cnn,nsson,jetson_emulator,30,offload,0.666105059040791,69.8724,49.6002,49.6002,51.891,27.7051,167.274,167.274,265.5464,92.9004
753,cnn,nsson,jetson_emulator,30,local,0.6550470588708612,69.0611,50.0616,69.0611,71.2006,25.008,167.274,167.274,268.0379,92.971
754,cnn,nsson,jetson_emulator,30,offload,0.6649773945282208,69.4186,49.4492,49.4492,51.8654,27.7214,167.274,167.274,265.8315,92.9169
755,cnn,nsson,jetson_emulator,30,offload,0.6711130550516503,68.815,49.1072,49.1072,51.166,27.7583,167.274,167.274,265.974,92.895
756,cnn,nsson,jetson_emulator,30,offload,0.6709994027577033,68.9026,49.2728,49.2728,51.0469,27.7404,167.274,167.274,266.1165,92.8901
757,cnn,nsson,jetson_emulator,30,local,0.6661903369315239,68.7746,49.2456,68.7746,70.2867,25.0339,167.274,167.274,268.613,92.8199
758,cnn,nsson,jetson_emulator,30,local,0.6690256581101334,69.1089,50.1486,69.1089,70.9431,25.0037,167.274,167.274,268.7568,92.8544
759,cnn,nsson,jetson_emulator,30,offload,0.6627783680825317,69.33,49.8196,49.8196,51.9193,27.6815,167.274,167.274,266.5441,92.9247
760,cnn,nsson,jetson_emulator,30,offload,0.6667532701567531,69.1275,50.11,50.11,51.8393,27.6504,167.274,167.274,266.6866,92.846
761,cnn,nsson,jetson_emulator,30,local,0.6586566923585752,68.8101,50.3494,68.8101,69.8307,25.0307,167.274,167.274,269.1882,92.8977
762,cnn,nsson,jetson_emulator,30,local,0.6623366902716059,68.923,50.4269,68.923,71.0055,25.0205,167.274,167.274,269.332,92.9121
763,cnn,nsson,jetson_emulator,30,local,0.6638592988299211,68.8295,49.9975,68.8295,71.8682,25.029,167.274,167.274,269.4757,92.958
764,cnn,nsson,jetson_emulator,30,local,0.6596304995948051,69.2268,49.785,69.2268,70.0502,24.9931,167.274,167.274,269.6195,92.8966
765,cnn,nsson,jetson_emulator,30,offload,0.6617047228948915,69.5503,49.3895,49.3895,51.297,27.7278,167.274,167.274,267.3993,92.9167
766,cnn,nsson,jetson_emulator,30,offload,0.6552033482394114,69.2418,49.653,49.653,51.7861,27.6994,167.274,167.274,267.5418,92.8635
767,cnn,nsson,jetson_emulator,30,offload,0.6533294614202938,69.1192,49.997,49.997,52.0572,27.6625,167.274,167.274,267.6843,92.9266
768,cnn,nsson,jetson_emulator,30,offload,0.6520178973572425,69.2336,49.4419,49.4419,51.7301,27.7222,167.274,167.274,267.8269,92.9834
769,cnn,nsson,jetson_emulator,30,offload,0.6696276140023943,68.9032,50.1061,50.1061,51.8695,27.6508,167.274,167.274,267.9694,92.9252
770,cnn,nsson,jetson_emulator,30,offload,0.669833842125342,68.9787,49.4277,49.4277,50.6866,27.7237,167.274,167.274,268.1119,92.9015
771,cnn,nsson,jetson_emulator,30,offload,0.68,70.0761,49.6191,49.6191,51.622,27.7031,167.274,167.274,268.2545,92.8523
772,cnn,nsson,jetson_emulator,30,offload,0.68,68.8843,49.3551,49.3551,51.9454,27.7315,167.274,167.274,268.397,92.9647
773,cnn,nsson,jetson_emulator,30,offload,0.68,68.9906,49.2792,49.2792,50.8824,27.7397,167.274,167.274,268.5395,92.9002
774,cnn,nsson,jetson_emulator,30,local,0.6723284326992494,69.1884,50.7307,69.1884,72.2039,24.9965,167.274,167.274,271.0574,92.9179
775,cnn,nsson,jetson_emulator,30,offload,0.6762045482866486,69.4695,49.5824,49.5824,50.7858,27.707,167.274,167.274,268.8246,92.8991
776,cnn,nsson,jetson_emulator,30,local,0.68,69.6596,49.656,69.6596,71.6639,24.9541,167.274,167.274,271.345,92.9021
777,cnn,nsson,jetson_emulator,30,local,0.68,69.9789,50.2036,69.9789,72.1262,24.9254,167.274,167.274,271.4888,92.9483
778,cnn,nsson,jetson_emulator,30,local,0.68,69.2523,49.8371,69.2523,70.5672,24.9908,167.274,167.274,271.6326,92.9179
779,cnn,nsson,jetson_emulator,30,local,0.6768389061263316,70.2742,50.9704,70.2742,71.0647,24.899,167.274,167.274,271.7764,92.8912
780,cnn,nsson,jetson_emulator,30,local,0.6792687651795923,69.3574,49.7349,69.3574,70.6464,24.9813,167.274,167.274,271.9201,92.9487
781,cnn,nsson,jetson_emulator,30,local,0.6749750852254137,70.5181,50.0382,70.5181,71.9122,24.8771,167.274,167.274,272.0639,92.9112
782,cnn,nsson,jetson_emulator,30,offload,0.6746899053530679,69.3003,50.6897,50.6897,52.6211,27.5884,167.274,167.274,269.8223,92.8148
783,cnn,nsson,jetson_emulator,30,offload,0.6718304190026658,70.0696,50.2204,50.2204,52.5919,27.6385,167.274,167.274,269.9648,92.87
784,cnn,nsson,jetson_emulator,30,local,0.68,69.8155,49.7564,69.8155,72.1744,24.9401,167.274,167.274,272.4953,92.8937
785,cnn,nsson,jetson_emulator,30,offload,0.6781763094608838,70.385,50.9601,50.9601,52.8594,27.5596,167.274,167.274,270.2498,92.8849
786,cnn,nsson,jetson_emulator,30,offload,0.68,69.7465,49.936,49.936,52.4829,27.669,167.274,167.274,270.3924,92.9628
787,cnn,nsson,jetson_emulator,30,offload,0.6796921262454061,69.9685,50.0331,50.0331,52.2843,27.6586,167.274,167.274,270.5349,92.8651
788,cnn,nsson,jetson_emulator,30,local,0.68,70.2417,49.8754,70.2417,71.596,24.9019,167.274,167.274,273.0705,92.7851
789,cnn,nsson,jetson_emulator,30,offload,0.677689486278262,70.7519,49.9847,49.9847,52.0345,27.6638,167.274,167.274,270.82,92.8482
790,cnn,nsson,jetson_emulator,30,local,0.6773810235707128,69.791,51.313,69.791,72.0443,24.9423,167.274,167.274,273.358,92.7898
791,cnn,nsson,jetson_emulator,30,offload,0.6732159566697756,70.4451,50.478,50.478,52.9936,27.611,167.274,167.274,271.105,92.9188
792,cnn,nsson,jetson_emulator,30,offload,0.6777306658368256,70.9779,50.4285,50.4285,51.2807,27.6163,167.274,167.274,271.2475,92.8737
793,cnn,nsson,jetson_emulator,30,offload,0.6711982427311289,70.4328,50.0776,50.0776,51.8102,27.6538,167.274,167.274,271.3901,92.8481
794,cnn,nsson,jetson_emulator,30,local,0.6635982515509706,70.6788,50.317,70.6788,72.0467,24.8628,167.274,167.274,273.9332,92.9447
795,cnn,nsson,jetson_emulator,30,offload,0.6628773147654831,70.4907,50.4707,50.4707,52.2964,27.6118,167.274,167.274,271.6751,92.8709
796,cnn,nsson,jetson_emulator,30,local,0.6531588578334543,70.3826,50.3949,70.3826,71.2916,24.8893,167.274,167.274,274.2208,93.0383
797,cnn,nsson,jetson_emulator,30,offload,0.6524510902285943,70.6459,50.6745,50.6745,53.5625,27.59,167.274,167.274,271.9602,92.9009
798,cnn,nsson,jetson_emulator,30,offload,0.6504589739124352,70.4377,50.7818,50.7818,52.4013,27.5786,167.274,167.274,272.1027,92.9276
799,cnn,nsson,jetson_emulator,30,offload,0.6545138988297731,70.562,51.191,51.191,52.2372,27.535,167.274,167.274,272.2452,92.91
800,cnn,nsson,jetson_emulator,30,offload,0.6577443130111005,70.751,50.9887,50.9887,53.104,27.5565,167.274,167.274,272.3878,92.8918
801,cnn,nsson,jetson_emulator,30,local,0.6604292290531247,71.4088,52.3724,71.4088,73.1563,24.7978,167.274,167.274,274.9397,92.9643
802,cnn,nsson,jetson_emulator,30,local,0.661932429682071,71.1273,52.5271,71.1273,72.9857,24.8228,167.274,167.274,275.0835,92.8174
803,cnn,nsson,jetson_emulator,30,offload,0.6524642335972989,70.8637,50.8481,50.8481,52.0369,27.5715,167.274,167.274,272.8154,92.8976
804,cnn,nsson,jetson_emulator,30,local,0.657176613185245,71.0304,51.2683,71.0304,72.4743,24.8315,167.274,167.274,275.3711,92.8945
805,cnn,nsson,jetson_emulator,30,offload,0.6587285780562319,71.4351,51.4036,51.4036,52.6245,27.5124,167.274,167.274,273.1004,92.9039
806,cnn,nsson,jetson_emulator,30,local,0.6537188651904186,72.2912,51.8761,72.2912,74.3771,24.7197,167.274,167.274,275.6587,92.8587
807,cnn,nsson,jetson_emulator,30,offload,0.6571665531352501,71.7569,51.1448,51.1448,53.3241,27.5399,167.274,167.274,273.3855,92.8828
808,cnn,nsson,jetson_emulator,30,local,0.6602469860986707,72.5279,51.3716,72.5279,74.0039,24.6988,167.274,167.274,275.9462,92.9291
809,cnn,nsson,jetson_emulator,30,offload,0.6633014253489994,72.3804,52.1448,52.1448,53.5572,27.434,167.274,167.274,273.6705,92.8619
810,cnn,nsson,jetson_emulator,30,offload,0.6672584892521832,71.6806,52.8903,52.8903,55.4403,27.3556,167.274,167.274,273.8131,92.8333
811,cnn,nsson,jetson_emulator,30,local,0.6735967219725887,72.0117,53.1773,72.0117,73.8268,24.7444,167.274,167.274,276.3776,92.9017
812,cnn,nsson,jetson_emulator,30,local,0.6705958438846537,71.8489,51.8789,71.8489,73.4895,24.7588,167.274,167.274,276.5214,92.8983
813,cnn,nsson,jetson_emulator,30,offload,0.667724700688527,71.883,52.0373,52.0373,54.0573,27.4453,167.274,167.274,274.2406,92.891
814,cnn,nsson,jetson_emulator,30,offload,0.6741724331798365,73.2534,51.6521,51.6521,53.5421,27.4861,167.274,167.274,274.3832,92.9277
815,cnn,nsson,jetson_emulator,30,local,0.6694767683213317,72.3445,52.9841,72.3445,73.9428,24.715,167.274,167.274,276.9527,92.9109
816,cnn,nsson,jetson_emulator,30,offload,0.6653245280717281,72.819,51.9696,51.9696,53.42,27.4525,167.274,167.274,274.6682,92.8621
817,cnn,nsson,jetson_emulator,30,offload,0.6659773767700513,72.8466,52.0927,52.0927,53.7321,27.4395,167.274,167.274,274.8108,92.8534
818,cnn,nsson,jetson_emulator,30,offload,0.6548538325083982,72.5285,52.9139,52.9139,54.5747,27.3531,167.274,167.274,274.9533,92.9293
819,cnn,nsson,jetson_emulator,30,offload,0.6596436989545428,72.7016,52.4769,52.4769,54.6518,27.399,167.274,167.274,275.0958,92.8487
820,cnn,nsson,jetson_emulator,30,local,0.6516367517242858,73.5638,53.1386,73.5638,74.7412,24.6079,167.274,167.274,277.6717,92.9453
821,cnn,nsson,jetson_emulator,30,offload,0.6603781584006837,72.8607,52.7017,52.7017,54.6421,27.3754,167.274,167.274,275.3809,92.9308
822,cnn,nsson,jetson_emulator,30,offload,0.6609494510255619,73.0398,52.4492,52.4492,54.7113,27.4019,167.274,167.274,275.5234,92.8554
823,cnn,nsson,jetson_emulator,30,offload,0.657484900213174,74.022,52.6159,52.6159,55.0872,27.3844,167.274,167.274,275.6659,92.9067
824,cnn,nsson,jetson_emulator,30,offload,0.654143778109492,74.4608,52.4009,52.4009,54.8813,27.407,167.274,167.274,275.8085,92.8843
825,cnn,nsson,jetson_emulator,30,local,0.6634111348582796,73.6806,53.1747,73.6806,76.5568,24.5977,167.274,167.274,278.3906,92.8767
826,cnn,nsson,jetson_emulator,30,offload,0.6594945431983487,73.6943,52.8544,52.8544,54.3052,27.3593,167.274,167.274,276.0935,92.866
827,cnn,nsson,jetson_emulator,30,offload,0.6629313900738406,74.6208,53.1737,53.1737,55.5268,27.3259,167.274,167.274,276.236,92.8504
828,cnn,nsson,jetson_emulator,30,offload,0.6713160145445115,74.1642,53.0229,53.0229,55.2794,27.3417,167.274,167.274,276.3786,92.811
829,cnn,nsson,jetson_emulator,30,offload,0.6729434923839527,74.7617,53.1636,53.1636,55.3652,27.3269,167.274,167.274,276.5211,92.8735
830,cnn,nsson,jetson_emulator,30,offload,0.6738912494891235,74.3039,52.9335,52.9335,54.2217,27.351,167.274,167.274,276.6636,92.9749
831,cnn,nsson,jetson_emulator,30,offload,0.6608348378568883,74.9258,53.2145,53.2145,54.9252,27.3216,167.274,167.274,276.8062,92.9239
832,cnn,nsson,jetson_emulator,30,local,0.6641034587982237,75.1297,53.6282,75.1297,77.1617,24.4718,167.274,167.274,279.3972,92.9075
833,cnn,nsson,jetson_emulator,30,offload,0.6674198534200956,74.7263,54.5288,54.5288,57.1177,27.1848,167.274,167.274,277.0912,92.8317
834,cnn,nsson,jetson_emulator,30,offload,0.6622300898167116,74.8297,53.3682,53.3682,55.6521,27.3055,167.274,167.274,277.2337,92.9427
835,cnn,nsson,jetson_emulator,30,local,0.6642713060252261,74.9626,54.1404,74.9626,76.39,24.4862,167.274,167.274,279.8285,93.0009
836,cnn,nsson,jetson_emulator,30,offload,0.6663707823510687,75.8639,54.4099,54.4099,56.4374,27.1971,167.274,167.274,277.5188,92.8157
837,cnn,nsson,jetson_emulator,30,local,0.6663422127589383,75.0307,54.4156,75.0307,76.3556,24.4803,167.274,167.274,280.1161,92.9759
838,cnn,nsson,jetson_emulator,30,local,0.6606000543982631,75.1901,54.4752,75.1901,75.6317,24.4666,167.274,167.274,280.2599,92.9126
839,cnn,nsson,jetson_emulator,30,local,0.6583070510309835,75.9745,53.9537,75.9745,77.63,24.3989,167.274,167.274,280.4037,92.9161
840,cnn,nsson,jetson_emulator,30,offload,0.659347079528819,75.7213,54.5487,54.5487,56.0028,27.1827,167.274,167.274,278.0889,92.9413
841,cnn,nsson,jetson_emulator,30,offload,0.6576265092914004,76.8385,54.464,54.464,56.0818,27.1915,167.274,167.274,278.2314,92.9869
842,cnn,nsson,jetson_emulator,30,local,0.6621725575683607,76.5385,55.9646,76.5385,77.7021,24.3506,167.274,167.274,280.835,92.8544
843,cnn,nsson,jetson_emulator,30,local,0.6615213700848834,76.4886,54.7312,76.4886,78.712,24.3548,167.274,167.274,280.9788,92.9141
844,cnn,nsson,jetson_emulator,30,offload,0.6530840912932242,76.611,54.7061,54.7061,56.8258,27.1664,167.274,167.274,278.659,92.8617
845,cnn,nsson,jetson_emulator,30,offload,0.645492401801013,76.8858,55.7511,55.7511,57.7295,27.0587,167.274,167.274,278.8016,92.9402
846,cnn,nsson,jetson_emulator,30,offload,0.649544524942335,77.3195,54.7663,54.7663,56.2796,27.1602,167.274,167.274,278.9441,93.0088
847,cnn,nsson,jetson_emulator,30,offload,0.6434910272909524,76.8983,55.91,55.91,58.2175,27.0424,167.274,167.274,279.0866,92.9407
848,cnn,nsson,jetson_emulator,30,offload,0.640936711058277,77.1906,55.008,55.008,57.3725,27.1352,167.274,167.274,279.2291,92.8796
849,cnn,nsson,jetson_emulator,30,offload,0.6388532816596033,77.3617,55.313,55.313,57.0059,27.1038,167.274,167.274,279.3717,92.9674
850,cnn,nsson,jetson_emulator,30,offload,0.6419665098282837,78.3751,55.6481,55.6481,57.4481,27.0693,167.274,167.274,279.5142,92.9734
851,cnn,nsson,jetson_emulator,30,local,0.6462675767149118,77.3261,56.0078,77.3261,79.8014,24.2833,167.274,167.274,282.1291,92.9393
852,cnn,nsson,jetson_emulator,30,offload,0.6441583553673549,77.6738,56.4485,56.4485,58.4225,26.9873,167.274,167.274,279.7993,92.9182
853,cnn,nsson,jetson_emulator,30,offload,0.6518299986863835,77.6534,55.5958,55.5958,57.1076,27.0747,167.274,167.274,279.9418,92.8793
854,cnn,nsson,jetson_emulator,30,local,0.6449034670288442,78.5,56.4985,78.5,79.7079,24.1838,167.274,167.274,282.5605,92.8657
855,cnn,nsson,jetson_emulator,30,local,0.6350394994124783,78.9661,55.7894,78.9661,81.3688,24.1445,167.274,167.274,282.7043,92.8787
856,cnn,nsson,jetson_emulator,30,offload,0.6287794927156226,78.1738,57.5499,57.5499,59.7564,26.8754,167.274,167.274,280.3694,92.9737
857,cnn,nsson,jetson_emulator,30,offload,0.6254271176123075,78.5064,56.1811,56.1811,59.0498,27.0147,167.274,167.274,280.5119,92.9381
858,cnn,nsson,jetson_emulator,30,offload,0.6280607197537317,78.2335,56.1585,56.1585,58.2219,27.017,167.274,167.274,280.6544,92.8412
859,cnn,nsson,jetson_emulator,30,local,0.6349607138954639,78.6217,56.8424,78.6217,80.11,24.1735,167.274,167.274,283.2794,92.9472
860,cnn,nsson,jetson_emulator,30,offload,0.6387808439365738,78.5934,57.0853,57.0853,59.1173,26.9225,167.274,167.274,280.9395,92.8659
861,cnn,nsson,jetson_emulator,30,local,0.6346814470826185,79.1908,56.3375,79.1908,81.6185,24.1256,167.274,167.274,283.567,92.8832
862,cnn,nsson,jetson_emulator,30,local,0.6378326951783112,80.1989,56.9994,80.1989,82.1131,24.0412,167.274,167.274,283.7108,92.8506
863,cnn,nsson,jetson_emulator,30,offload,0.629915414115956,79.5085,57.6474,57.6474,59.4062,26.8655,167.274,167.274,281.3671,92.8276
864,cnn,nsson,jetson_emulator,30,local,0.6266278189502037,79.0828,57.515,79.0828,80.0552,24.1347,167.274,167.274,283.9984,92.8795
865,cnn,nsson,jetson_emulator,30,local,0.6242678197764665,79.5678,57.8495,79.5678,81.5488,24.0939,167.274,167.274,284.1422,92.8594
866,cnn,nsson,jetson_emulator,30,offload,0.6276342887833625,79.5022,57.0602,57.0602,58.9001,26.925,167.274,167.274,281.7947,92.979
867,cnn,nsson,jetson_emulator,30,offload,0.6372964170933756,79.9784,57.466,57.466,59.856,26.8838,167.274,167.274,281.9372,92.8934
868,cnn,nsson,jetson_emulator,30,local,0.6407719041862433,80.0784,57.7131,80.0784,82.1908,24.0512,167.274,167.274,284.5735,92.9203
869,cnn,nsson,jetson_emulator,30,local,0.6441112730133713,80.2169,57.7758,80.2169,81.7432,24.0397,167.274,167.274,284.7173,92.8816
870,cnn,nsson,jetson_emulator,30,offload,0.6493173324846498,80.3721,57.6646,57.6646,59.0865,26.8637,167.274,167.274,282.3648,92.9727
871,cnn,nsson,jetson_emulator,30,local,0.6549687821164295,81.299,57.9204,81.299,82.3608,23.9497,167.274,167.274,285.0049,92.932
872,cnn,nsson,jetson_emulator,30,local,0.6558887478478217,81.1195,58.8286,81.1195,82.4612,23.9646,167.274,167.274,285.1487,92.9751
873,cnn,nsson,jetson_emulator,30,offload,0.6610250672858919,80.6715,57.7063,57.7063,59.5528,26.8595,167.274,167.274,282.7924,92.8632
874,cnn,nsson,jetson_emulator,30,offload,0.65408690183535,80.5284,58.5723,58.5723,60.0103,26.7722,167.274,167.274,282.9349,92.8712
875,cnn,nsson,jetson_emulator,30,offload,0.6575936950252426,81.3024,58.8138,58.8138,59.9112,26.748,167.274,167.274,283.0774,92.9088
876,cnn,nsson,jetson_emulator,30,offload,0.6497633970345558,81.2584,58.4864,58.4864,59.8353,26.7809,167.274,167.274,283.2199,92.8995
877,cnn,nsson,jetson_emulator,30,local,0.6513804740047237,81.3784,57.983,81.3784,83.6614,23.9431,167.274,167.274,285.8676,92.8851
878,cnn,nsson,jetson_emulator,30,offload,0.6508305145693177,81.7387,58.6695,58.6695,60.838,26.7625,167.274,167.274,283.505,92.9112
879,cnn,nsson,jetson_emulator,30,offload,0.6375704440161706,81.4412,58.4373,58.4373,60.314,26.7858,167.274,167.274,283.6475,92.8245
880,cnn,nsson,jetson_emulator,30,offload,0.6372482662327291,81.5068,59.0143,59.0143,60.0325,26.7279,167.274,167.274,283.7901,92.9051
881,cnn,nsson,jetson_emulator,30,offload,0.631552221053801,82.8053,58.5628,58.5628,60.9248,26.7732,167.274,167.274,283.9326,92.944
882,cnn,nsson,jetson_emulator,30,offload,0.6332791130709347,81.8736,58.4065,58.4065,60.7625,26.7889,167.274,167.274,284.0751,92.9098
883,cnn,nsson,jetson_emulator,30,local,0.6330382220859697,82.4257,59.0091,82.4257,84.6914,23.8568,167.274,167.274,286.7304,92.8268
884,cnn,nsson,jetson_emulator,30,local,0.639020146939759,82.6036,58.6267,82.6036,84.436,23.8421,167.274,167.274,286.8742,92.9163
885,cnn,nsson,jetson_emulator,30,local,0.6380443394376235,82.1116,59.9206,82.1116,83.4845,23.8826,167.274,167.274,287.0179,92.8082
886,cnn,nsson,jetson_emulator,30,local,0.6314563638440985,82.4479,58.9415,82.4479,83.813,23.8549,167.274,167.274,287.1617,92.8906
887,cnn,nsson,jetson_emulator,30,offload,0.6300720929001673,82.6793,60.125,60.125,61.6642,26.6171,167.274,167.274,284.7878,92.8786
888,cnn,nsson,jetson_emulator,30,offload,0.6276437528225485,82.9476,59.2099,59.2099,60.974,26.7083,167.274,167.274,284.9303,92.9488
889,cnn,nsson,jetson_emulator,30,local,0.6377755367174773,82.6813,59.5669,82.6813,84.3176,23.8358,167.274,167.274,287.5931,92.8967
890,cnn,nsson,jetson_emulator,30,offload,0.6351025518806297,83.5697,59.6128,59.6128,61.3551,26.6681,167.274,167.274,285.2153,92.9232
891,cnn,nsson,jetson_emulator,30,local,0.6263295841218717,83.0794,59.4915,83.0794,85.1643,23.8032,167.274,167.274,287.8807,92.9328
892,cnn,nsson,jetson_emulator,30,local,0.6178351285215774,83.6276,59.749,83.6276,85.2685,23.7584,167.274,167.274,288.0245,92.9692
893,cnn,nsson,jetson_emulator,30,offload,0.6135919057243755,83.0481,59.4446,59.4446,61.7306,26.6849,167.274,167.274,285.6429,92.9145
894,cnn,nsson,jetson_emulator,30,offload,0.6077934332999771,83.3737,59.491,59.491,61.7129,26.6802,167.274,167.274,285.7855,92.9966
895,cnn,nsson,jetson_emulator,30,offload,0.6106546826352174,83.3691,60.4731,60.4731,62.9016,26.5826,167.274,167.274,285.928,92.8006
896,cnn,nsson,jetson_emulator,30,offload,0.6265707588722054,83.3894,60.878,60.878,62.952,26.5425,167.274,167.274,286.0705,92.9834
897,cnn,nsson,jetson_emulator,30,offload,0.6223030167105301,83.5042,60.295,60.295,61.5075,26.6002,167.274,167.274,286.213,92.9002
898,cnn,nsson,jetson_emulator,30,local,0.6227831442933758,84.9099,60.0202,84.9099,87.094,23.6543,167.274,167.274,288.8872,92.887
899,cnn,nsson,jetson_emulator,30,offload,0.6255747284397503,84.182,60.0277,60.0277,61.4082,26.6268,167.274,167.274,286.4981,92.8657
900,cnn,nsson,jetson_emulator,30,local,0.6157343029786687,84.3101,61.0616,84.3101,86.5404,23.7029,167.274,167.274,289.1748,92.9023
901,cnn,nsson,jetson_emulator,30,local,0.6152881823845882,84.028,60.0798,84.028,85.2386,23.7258,167.274,167.274,289.3186,92.9777
902,cnn,nsson,jetson_emulator,30,offload,0.6048320564747101,84.4037,60.1383,60.1383,62.3905,26.6158,167.274,167.274,286.9257,92.9475
903,cnn,nsson,jetson_emulator,30,offload,0.5994389057810593,84.5394,60.7071,60.7071,62.4725,26.5594,167.274,167.274,287.0682,92.9594
904,cnn,nsson,jetson_emulator,30,offload,0.5918104161601935,84.5271,60.3457,60.3457,62.8489,26.5952,167.274,167.274,287.2107,92.9482
905,cnn,nsson,jetson_emulator,30,offload,0.5811397805852012,84.4923,60.5269,60.5269,62.6048,26.5773,167.274,167.274,287.3533,92.9091
906,cnn,nsson,jetson_emulator,30,offload,0.5835482013408023,84.7597,60.9142,60.9142,62.54,26.539,167.274,167.274,287.4958,92.9206
907,cnn,nsson,jetson_emulator,30,offload,0.5755757840076018,84.9102,61.6115,61.6115,63.1937,26.4703,167.274,167.274,287.6383,92.9047
908,cnn,nsson,jetson_emulator,30,offload,0.5770538586378224,84.9348,60.6343,60.6343,62.3004,26.5666,167.274,167.274,287.7809,92.844
909,cnn,nsson,jetson_emulator,30,offload,0.582154267601851,85.0171,61.1928,61.1928,63.7698,26.5115,167.274,167.274,287.9234,92.8564
910,cnn,nsson,jetson_emulator,30,local,0.600268723365651,84.9259,61.2854,84.9259,86.6463,23.653,167.274,167.274,290.6127,92.9877
911,cnn,nsson,jetson_emulator,30,offload,0.5948675923962268,85.3751,62.4454,62.4454,64.3236,26.3886,167.274,167.274,288.2084,93.0295
912,cnn,nsson,jetson_emulator,30,local,0.6062736710416042,85.5817,61.6613,85.5817,87.5439,23.6002,167.274,167.274,290.9002,92.8555
913,cnn,nsson,jetson_emulator,30,local,0.6010541488710948,85.4695,62.0081,85.4695,87.2045,23.6092,167.274,167.274,291.044,92.9425
914,cnn,nsson,jetson_emulator,30,offload,0.6060504020477243,85.4567,61.2265,61.2265,62.9207,26.5082,167.274,167.274,288.636,92.901
915,cnn,nsson,jetson_emulator,30,local,0.6028550989361576,86.2677,61.2234,86.2677,88.2054,23.5451,167.274,167.274,291.3316,92.947
916,cnn,nsson,jetson_emulator,30,offload,0.5995944947847294,85.732,61.1025,61.1025,62.126,26.5204,167.274,167.274,288.9211,92.8622
917,cnn,nsson,jetson_emulator,30,local,0.5959872549651825,86.9644,61.9366,86.9644,88.4801,23.4895,167.274,167.274,291.6192,92.8888
918,cnn,nsson,jetson_emulator,30,local,0.6023584161274212,86.283,61.4373,86.283,88.2041,23.5439,167.274,167.274,291.763,92.8148
919,cnn,nsson,jetson_emulator,30,offload,0.6028138221764668,85.5503,61.3557,61.3557,63.3731,26.4954,167.274,167.274,289.3487,92.8977
920,cnn,nsson,jetson_emulator,30,offload,0.5857176669033756,85.9657,61.8875,61.8875,64.0848,26.4432,167.274,167.274,289.4912,92.974
921,cnn,nsson,jetson_emulator,30,offload,0.5899028546529699,86.1066,61.3026,61.3026,63.2639,26.5007,167.274,167.274,289.6337,92.9005
922,cnn,nsson,jetson_emulator,30,local,0.5936510429474927,85.9521,62.6881,85.9521,87.0609,23.5704,167.274,167.274,292.3381,92.8675
923,cnn,nsson,jetson_emulator,30,offload,0.5962364700521884,86.9058,61.5389,61.5389,63.6623,26.4774,167.274,167.274,289.9188,92.9309
924,cnn,nsson,jetson_emulator,30,offload,0.5990306276148635,85.9286,62.7512,62.7512,65.0499,26.3588,167.274,167.274,290.0613,92.9135
925,cnn,nsson,jetson_emulator,30,offload,0.5868989863128714,86.1903,62.2753,62.2753,64.0561,26.4053,167.274,167.274,290.2038,92.9345
926,cnn,nsson,jetson_emulator,30,offload,0.5829518031469494,86.2669,62.1297,62.1297,64.4325,26.4195,167.274,167.274,290.3464,92.9058
927,cnn,nsson,jetson_emulator,30,offload,0.5742189829953442,86.1309,62.2019,62.2019,63.5725,26.4124,167.274,167.274,290.4889,92.9448
928,cnn,nsson,jetson_emulator,30,local,0.5702786748649854,86.3767,63.2563,86.3767,88.7282,23.5364,167.274,167.274,293.2009,92.8994
929,cnn,nsson,jetson_emulator,30,local,0.5791575338987431,87.1111,61.6596,87.1111,88.5346,23.4778,167.274,167.274,293.3446,92.894
930,cnn,nsson,jetson_emulator,30,local,0.5845531252488668,86.8813,61.8753,86.8813,89.2654,23.4961,167.274,167.274,293.4884,92.9258
931,cnn,nsson,jetson_emulator,30,offload,0.5875625812020776,87.7086,62.076,62.076,63.7326,26.4248,167.274,167.274,291.059,92.8956
932,cnn,nsson,jetson_emulator,30,offload,0.577321799770592,87.2133,62.4288,62.4288,64.2944,26.3903,167.274,167.274,291.2015,92.9144
933,cnn,nsson,jetson_emulator,30,offload,0.5813866162920509,87.2789,62.1553,62.1553,64.8468,26.417,167.274,167.274,291.3441,92.9177
934,cnn,nsson,jetson_emulator,30,offload,0.5839777487233642,86.7914,62.3252,62.3252,63.4047,26.4004,167.274,167.274,291.4866,92.8688
935,cnn,nsson,jetson_emulator,30,offload,0.5778204963309267,86.9292,61.8299,61.8299,64.0102,26.4489,167.274,167.274,291.6291,92.9019
936,cnn,nsson,jetson_emulator,30,offload,0.5704857328797134,87.3191,62.3722,62.3722,64.8602,26.3958,167.274,167.274,291.7717,92.9406
937,cnn,nsson,jetson_emulator,30,offload,0.5726480078542052,86.4989,62.9265,62.9265,64.5828,26.3418,167.274,167.274,291.9142,92.8801
938,cnn,nsson,jetson_emulator,30,local,0.5767936277445387,86.9814,61.9731,86.9814,88.9846,23.4882,167.274,167.274,294.6387,92.9866
939,cnn,nsson,jetson_emulator,30,local,0.5637492818007207,87.5543,62.3194,87.5543,90.6536,23.4426,167.274,167.274,294.7825,92.9422
940,cnn,nsson,jetson_emulator,30,offload,0.5668454898756403,87.0753,62.7125,62.7125,64.8896,26.3626,167.274,167.274,292.3418,92.8582
941,cnn,nsson,jetson_emulator,30,offload,0.5562067632544013,86.6859,62.3828,62.3828,64.9301,26.3948,167.274,167.274,292.4843,92.8442
942,cnn,nsson,jetson_emulator,30,offload,0.5517194305904316,86.8321,62.6962,62.6962,63.8081,26.3642,167.274,167.274,292.6268,92.9427
943,cnn,nsson,jetson_emulator,30,local,0.5525820452625191,86.7076,62.6076,86.7076,88.5357,23.51,167.274,167.274,295.3577,92.8541
944,cnn,nsson,jetson_emulator,30,local,0.5517002194312239,87.4928,62.1429,87.4928,88.828,23.4475,167.274,167.274,295.5015,92.8789
945,cnn,nsson,jetson_emulator,30,local,0.5495732968452492,86.7267,62.9001,86.7267,89.3617,23.5085,167.274,167.274,295.6453,92.849
946,cnn,nsson,jetson_emulator,30,offload,0.5614510882668555,86.9976,62.0908,62.0908,63.1002,26.4233,167.274,167.274,293.1969,92.9691
947,cnn,nsson,jetson_emulator,30,offload,0.5614751273461334,86.7424,61.9694,61.9694,64.3229,26.4352,167.274,167.274,293.3395,92.8809
948,cnn,nsson,jetson_emulator,30,offload,0.5628995958343656,86.9786,62.0493,62.0493,63.7464,26.4274,167.274,167.274,293.482,92.9432
949,cnn,nsson,jetson_emulator,30,offload,0.5554332287513446,86.7816,62.489,62.489,64.3071,26.3844,167.274,167.274,293.6245,92.9054
950,cnn,nsson,jetson_emulator,30,offload,0.5472479688302866,86.7266,62.0134,62.0134,63.7579,26.4309,167.274,167.274,293.7671,92.8141
951,cnn,nsson,jetson_emulator,30,offload,0.5425466180503082,86.9408,62.1067,62.1067,63.7708,26.4217,167.274,167.274,293.9096,92.9373
952,cnn,nsson,jetson_emulator,30,offload,0.5478410750004894,87.1198,62.9047,62.9047,64.8233,26.3439,167.274,167.274,294.0521,92.8896
953,cnn,nsson,jetson_emulator,30,local,0.5486876224295423,86.7777,62.1279,86.7777,88.6734,23.5044,167.274,167.274,296.7956,92.9476
954,cnn,nsson,jetson_emulator,30,local,0.5539207141415653,87.3165,63.4472,87.3165,89.3666,23.4615,167.274,167.274,296.9394,92.9171
955,cnn,nsson,jetson_emulator,30,offload,0.5522047255395597,87.4681,63.3291,63.3291,64.0883,26.3027,167.274,167.274,294.4797,92.9165
956,cnn,nsson,jetson_emulator,30,local,0.5473604741544906,86.8635,63.0332,86.8635,88.9162,23.4976,167.274,167.274,297.2269,92.9608
957,cnn,nsson,jetson_emulator,30,offload,0.5463865705278157,87.0262,62.396,62.396,64.706,26.3935,167.274,167.274,294.7647,92.803
958,cnn,nsson,jetson_emulator,30,local,0.53597715748236,86.709,63.1975,86.709,88.8308,23.5099,167.274,167.274,297.5145,92.9067
959,cnn,nsson,jetson_emulator,30,offload,0.5395867600577445,87.5708,62.2313,62.2313,64.349,26.4096,167.274,167.274,295.0498,92.9131
960,cnn,nsson,jetson_emulator,30,offload,0.5355964157382479,87.3475,62.0453,62.0453,64.2092,26.4278,167.274,167.274,295.1923,92.973
961,cnn,nsson,jetson_emulator,30,local,0.5222346990030149,86.7104,62.0059,86.7104,87.6308,23.5098,167.274,167.274,297.9459,92.9689
962,cnn,nsson,jetson_emulator,30,local,0.5249306430213572,87.8825,62.0124,87.8825,89.6643,23.4166,167.274,167.274,298.0897,92.9211
963,cnn,nsson,jetson_emulator,30,offload,0.5200863093048177,86.8828,62.1598,62.1598,63.3575,26.4166,167.274,167.274,295.6199,92.9177
964,cnn,nsson,jetson_emulator,30,offload,0.5168981055531578,87.071,62.4277,62.4277,63.8052,26.3904,167.274,167.274,295.7624,92.949
965,cnn,nsson,jetson_emulator,30,local,0.5106606885375397,86.8959,63.2,86.8959,89.4484,23.495,167.274,167.274,298.521,92.884
966,cnn,nsson,jetson_emulator,30,offload,0.5137142190708226,87.3939,62.8713,62.8713,65.2603,26.3471,167.274,167.274,296.0475,92.8669
967,cnn,nsson,jetson_emulator,30,offload,0.5051047803177112,86.9202,62.9246,62.9246,65.2204,26.342,167.274,167.274,296.19,92.8661
968,cnn,nsson,jetson_emulator,30,offload,0.5001638363280071,87.4414,62.0396,62.0396,63.6453,26.4283,167.274,167.274,296.3326,92.981
969,cnn,nsson,jetson_emulator,30,local,0.5007474325660582,86.5393,62.0915,86.5393,88.8556,23.5234,167.274,167.274,299.0962,92.9208
970,cnn,nsson,jetson_emulator,30,offload,0.4985355543522202,86.7138,62.5544,62.5544,64.8601,26.378,167.274,167.274,296.6176,92.9647
971,cnn,nsson,jetson_emulator,30,local,0.5003909852876139,86.7854,62.1514,86.7854,87.5858,23.5038,167.274,167.274,299.3838,92.878
972,cnn,nsson,jetson_emulator,30,offload,0.4979052729780106,86.6288,61.8646,61.8646,63.2498,26.4455,167.274,167.274,296.9027,92.8754
973,cnn,nsson,jetson_emulator,30,local,0.497379557884801,86.4721,61.9334,86.4721,87.8857,23.5288,167.274,167.274,299.6713,92.8815
974,cnn,nsson,jetson_emulator,30,offload,0.4857767720727497,86.8801,62.406,62.406,64.2448,26.3925,167.274,167.274,297.1877,92.8948
975,cnn,nsson,jetson_emulator,30,local,0.4890551132763949,86.9427,64.1184,86.9427,89.4499,23.4912,167.274,167.274,299.9589,92.952
976,cnn,nsson,jetson_emulator,30,offload,0.49242467770545095,86.6093,62.5649,62.5649,64.8334,26.377,167.274,167.274,297.4728,92.8678
977,cnn,nsson,jetson_emulator,30,offload,0.49672468187381624,86.7953,63.1849,63.1849,64.9137,26.3167,167.274,167.274,297.6153,92.9315
978,cnn,nsson,jetson_emulator,30,offload,0.49323712938924885,87.4113,62.7247,62.7247,64.3493,26.3614,167.274,167.274,297.7578,92.9277
979,cnn,nsson,jetson_emulator,30,offload,0.4895153105409361,87.252,61.8456,61.8456,62.7956,26.4473,167.274,167.274,297.9004,92.9194
980,cnn,nsson,jetson_emulator,30,local,0.48755982436918505,87.3685,62.7865,87.3685,88.4504,23.4574,167.274,167.274,300.6779,92.9558
981,cnn,nsson,jetson_emulator,30,offload,0.4798184143428887,87.0027,61.7308,61.7308,64.3138,26.4586,167.274,167.274,298.1854,92.8885
982,cnn,nsson,jetson_emulator,30,offload,0.4764089836634341,86.1743,61.8119,61.8119,63.9093,26.4506,167.274,167.274,298.328,92.8585
983,cnn,nsson,jetson_emulator,30,local,0.472595126595416,87.5421,62.1118,87.5421,89.863,23.4436,167.274,167.274,301.1092,92.8635
984,cnn,nsson,jetson_emulator,30,local,0.47079152985441536,86.5666,61.6992,86.5666,88.3012,23.5212,167.274,167.274,301.253,92.9478
985,cnn,nsson,jetson_emulator,30,offload,0.4721272267819026,86.2392,61.7332,61.7332,63.2809,26.4584,167.274,167.274,298.7555,92.9774
986,cnn,nsson,jetson_emulator,30,local,0.4713342808924212,86.9399,61.7584,86.9399,88.1713,23.4915,167.274,167.274,301.5406,92.8699
987,cnn,nsson,jetson_emulator,30,offload,0.4728944243650122,86.9529,61.6193,61.6193,64.0943,26.4695,167.274,167.274,299.0406,92.9271
988,cnn,nsson,jetson_emulator,30,offload,0.4745465667771856,85.9779,61.6164,61.6164,64.0739,26.4698,167.274,167.274,299.1831,92.8562
989,cnn,nsson,jetson_emulator,30,local,0.4693036253181879,85.9194,61.4998,85.9194,88.1979,23.5731,167.274,167.274,301.972,92.8206
990,cnn,nsson,jetson_emulator,30,local,0.47757552810829723,86.3801,61.6599,86.3801,89.2045,23.5362,167.274,167.274,302.1157,92.8567
991,cnn,nsson,jetson_emulator,30,local,0.48188471322414483,85.9797,61.3946,85.9797,87.8499,23.5682,167.274,167.274,302.2595,92.9067
992,cnn,nsson,jetson_emulator,30,offload,0.487746832219571,85.7588,62.5967,62.5967,64.2241,26.3739,167.274,167.274,299.7532,92.8294
993,cnn,nsson,jetson_emulator,30,local,0.4796937747971233,86.4187,62.1118,86.4187,87.5015,23.5331,167.274,167.274,302.5471,92.8599
994,cnn,nsson,jetson_emulator,30,offload,0.4805470955523374,85.8662,61.7877,61.7877,63.7991,26.453,167.274,167.274,300.0383,93.0343
995,cnn,nsson,jetson_emulator,30,local,0.4744641827894381,86.1532,61.7598,86.1532,88.2972,23.5543,167.274,167.274,302.8347,92.9592
996,cnn,nsson,jetson_emulator,30,local,0.4667283846954165,85.6068,61.6206,85.6068,88.517,23.5982,167.274,167.274,302.9785,92.9284
997,cnn,nsson,jetson_emulator,30,local,0.4610230684508846,86.4903,61.7836,86.4903,88.3207,23.5273,167.274,167.274,303.1223,92.9144
998,cnn,nsson,jetson_emulator,30,offload,0.45154826861740965,86.3151,61.1993,61.1993,62.0644,26.5108,167.274,167.274,300.6084,92.9353
999,cnn,nsson,jetson_emulator,30,local,0.44513506460263064,85.6012,61.4951,85.6012,87.7059,23.5986,167.274,167.274,303.4098,92.8823
1000,cnn,nsson,jetson_emulator,30,offload,0.44141058176855313,87.0785,61.2965,61.2965,63.0223,26.5013,167.274,167.274,300.8935,92.9479
1001,cnn,nsson,jetson_emulator,30,offload,0.4387486071400856,86.8525,61.0507,61.0507,62.6573,26.5255,167.274,167.274,301.036,92.873
1002,cnn,nsson,jetson_emulator,30,local,0.44231076376724,85.3956,61.117,85.3956,87.4235,23.6152,167.274,167.274,303.8412,92.9376
1003,cnn,nsson,jetson_emulator,30,offload,0.4432734265375847,85.4398,61.3596,61.3596,62.9446,26.4951,167.274,167.274,301.3211,92.9446
1004,cnn,nsson,jetson_emulator,30,offload,0.4573090104864713,85.2929,61.6797,61.6797,63.9623,26.4636,167.274,167.274,301.4636,92.8904
1005,cnn,nsson,jetson_emulator,30,local,0.4503891465043427,86.0514,61.0337,86.0514,87.1874,23.5625,167.274,167.274,304.2726,92.9228
1006,cnn,nsson,jetson_emulator,30,local,0.456350838180387,85.2534,61.064,85.2534,87.2614,23.6266,167.274,167.274,304.4164,92.8961
1007,cnn,nsson,jetson_emulator,30,local,0.46345675965014765,85.9996,61.0488,85.9996,88.0859,23.5666,167.274,167.274,304.5602,92.9452
1008,cnn,nsson,jetson_emulator,30,offload,0.45971972773262176,85.7068,62.0601,62.0601,63.7374,26.4263,167.274,167.274,302.0337,92.9367
1009,cnn,nsson,jetson_emulator,30,offload,0.45741474232994184,85.8153,61.1638,61.1638,63.3764,26.5143,167.274,167.274,302.1762,92.8783
1010,cnn,nsson,jetson_emulator,30,local,0.4558825719314581,85.0253,60.8419,85.0253,87.0267,23.645,167.274,167.274,304.9915,92.9388
1011,cnn,nsson,jetson_emulator,30,local,0.4647250828618353,85.4602,61.6139,85.4602,87.4653,23.61,167.274,167.274,305.1353,92.951
1012,cnn,nsson,jetson_emulator,30,local,0.4625894511159538,85.4732,61.7854,85.4732,87.1555,23.6089,167.274,167.274,305.2791,92.8784
1013,cnn,nsson,jetson_emulator,30,offload,0.46079944510933507,85.2623,60.9679,60.9679,62.3496,26.5337,167.274,167.274,302.7463,92.8648
1014,cnn,nsson,jetson_emulator,30,offload,0.4635647102531223,85.2441,61.5212,61.5212,63.1409,26.4792,167.274,167.274,302.8889,92.8439
1015,cnn,nsson,jetson_emulator,30,offload,0.45502703665677263,84.9992,60.8559,60.8559,63.2692,26.5447,167.274,167.274,303.0314,92.8346
1016,cnn,nsson,jetson_emulator,30,local,0.45412402309917105,85.638,60.6453,85.638,87.0812,23.5957,167.274,167.274,305.8543,92.8337
1017,cnn,nsson,jetson_emulator,30,local,0.4760299639207693,85.0901,60.9244,85.0901,86.6822,23.6398,167.274,167.274,305.998,92.8959
1018,cnn,nsson,jetson_emulator,30,local,0.48071629004573746,85.2551,61.1178,85.2551,86.3374,23.6265,167.274,167.274,306.1418,92.9427
1019,cnn,nsson,jetson_emulator,30,offload,0.4880104166398817,85.2629,61.5981,61.5981,63.5758,26.4716,167.274,167.274,303.6015,92.8102
1020,cnn,nsson,jetson_emulator,30,offload,0.4879594724385854,84.8561,60.6312,60.6312,62.5778,26.5669,167.274,167.274,303.744,92.7336
1021,cnn,nsson,jetson_emulator,30,local,0.48330478671993116,84.8448,60.5525,84.8448,87.4454,23.6596,167.274,167.274,306.5732,92.8824
1022,cnn,nsson,jetson_emulator,30,local,0.48298112126426695,85.4292,61.581,85.4292,87.5059,23.6125,167.274,167.274,306.717,92.9257
1023,cnn,nsson,jetson_emulator,30,local,0.47297375022594323,85.3096,60.5907,85.3096,87.3899,23.6221,167.274,167.274,306.8608,92.9964
1024,cnn,nsson,jetson_emulator,30,local,0.4792203405473309,84.4614,60.8173,84.4614,86.4666,23.6906,167.274,167.274,307.0046,92.9201
1025,cnn,nsson,jetson_emulator,30,offload,0.4819849943258329,84.7648,60.7223,60.7223,62.5661,26.5579,167.274,167.274,304.4567,92.9519
1026,cnn,nsson,jetson_emulator,30,offload,0.48296337771307385,84.8127,61.2933,61.2933,62.3326,26.5016,167.274,167.274,304.5992,92.8743
1027,cnn,nsson,jetson_emulator,30,offload,0.47269554587783763,84.7644,60.6887,60.6887,62.6354,26.5613,167.274,167.274,304.7417,92.8917
1028,cnn,nsson,jetson_emulator,30,offload,0.48351559758541046,84.5616,61.5467,61.5467,62.9868,26.4767,167.274,167.274,304.8843,92.8747
1029,cnn,nsson,jetson_emulator,30,offload,0.492494800919993,85.2044,60.7827,60.7827,62.8684,26.552,167.274,167.274,305.0268,92.85
1030,cnn,nsson,jetson_emulator,30,offload,0.48230169271557816,84.6613,61.7082,61.7082,64.5794,26.4608,167.274,167.274,305.1693,92.9832
1031,cnn,nsson,jetson_emulator,30,local,0.4863621515982375,84.4058,61.4886,84.4058,86.3473,23.6951,167.274,167.274,308.0111,92.9142
1032,cnn,nsson,jetson_emulator,30,local,0.48056057813539654,84.6421,60.2468,84.6421,86.928,23.676,167.274,167.274,308.1549,92.9464
1033,cnn,nsson,jetson_emulator,30,local,0.4887408039951362,84.2772,61.621,84.2772,87.1182,23.7056,167.274,167.274,308.2987,92.837
1034,cnn,nsson,jetson_emulator,30,offload,0.49240879023013495,85.4035,60.7611,60.7611,62.6863,26.5541,167.274,167.274,305.7394,92.939
1035,cnn,nsson,jetson_emulator,30,offload,0.49244813890280437,84.7206,61.2112,61.2112,63.3823,26.5097,167.274,167.274,305.882,92.8223
1036,cnn,nsson,jetson_emulator,30,offload,0.49000766150864455,84.223,60.5434,60.5434,62.2254,26.5756,167.274,167.274,306.0245,92.9553
1037,cnn,nsson,jetson_emulator,30,local,0.49201347769152676,84.8619,60.4647,84.8619,87.1146,23.6582,167.274,167.274,308.8738,92.9138
1038,cnn,nsson,jetson_emulator,30,local,0.49375342517282134,84.1593,60.6452,84.1593,85.9733,23.7151,167.274,167.274,309.0176,92.92
1039,cnn,nsson,jetson_emulator,30,offload,0.49562769039419086,84.7689,61.047,61.047,61.6452,26.5259,167.274,167.274,306.4521,92.9228
1040,cnn,nsson,jetson_emulator,30,offload,0.49831489902939485,84.3179,60.6364,60.6364,61.895,26.5664,167.274,167.274,306.5946,92.8539
1041,cnn,nsson,jetson_emulator,30,offload,0.49110755559206887,84.4966,60.9323,60.9323,64.081,26.5372,167.274,167.274,306.7371,92.8461
1042,cnn,nsson,jetson_emulator,30,offload,0.5030204424083549,84.776,60.3363,60.3363,62.688,26.5961,167.274,167.274,306.8797,92.8664
1043,cnn,nsson,jetson_emulator,30,offload,0.503447004062842,85.2935,60.3412,60.3412,62.6293,26.5957,167.274,167.274,307.0222,92.9222
1044,cnn,nsson,jetson_emulator,30,local,0.5053741229979775,84.2757,60.8653,84.2757,85.9298,23.7057,167.274,167.274,309.8803,92.8446
1045,cnn,nsson,jetson_emulator,30,offload,0.5031591516664651,84.9412,60.2088,60.2088,62.0579,26.6088,167.274,167.274,307.3073,92.9052
1046,cnn,nsson,jetson_emulator,30,local,0.49242234649722627,84.4141,60.5398,84.4141,85.6654,23.6945,167.274,167.274,310.1679,92.7917
1047,cnn,nsson,jetson_emulator,30,offload,0.4934510840297447,84.223,60.5833,60.5833,62.4947,26.5717,167.274,167.274,307.5923,92.8579
1048,cnn,nsson,jetson_emulator,30,offload,0.48990715968262827,84.1256,61.2275,61.2275,62.5182,26.5081,167.274,167.274,307.7348,92.8284
1049,cnn,nsson,jetson_emulator,30,offload,0.48683149694830014,84.785,60.5169,60.5169,63.0551,26.5782,167.274,167.274,307.8774,92.8502
1050,cnn,nsson,jetson_emulator,30,local,0.4814010616112494,84.6935,60.2455,84.6935,86.6233,23.6718,167.274,167.274,310.7431,92.9312
1051,cnn,nsson,jetson_emulator,30,offload,0.4873353068650363,84.0998,60.9157,60.9157,63.4258,26.5388,167.274,167.274,308.1624,92.918
1052,cnn,nsson,jetson_emulator,30,local,0.48050887068127807,84.8779,60.4378,84.8779,87.6709,23.6569,167.274,167.274,311.0306,92.8469
1053,cnn,nsson,jetson_emulator,30,local,0.4740851143767296,84.5841,60.3837,84.5841,86.3055,23.6807,167.274,167.274,311.1744,92.9594
1054,cnn,nsson,jetson_emulator,30,offload,0.4864160641917168,84.3991,60.4049,60.4049,62.011,26.5894,167.274,167.274,308.59,92.8586
1055,cnn,nsson,jetson_emulator,30,offload,0.4814796337646132,84.6453,61.3907,61.3907,63.9765,26.492,167.274,167.274,308.7325,92.9215
1056,cnn,nsson,jetson_emulator,30,offload,0.4752525692175043,84.1993,60.6779,60.6779,62.7328,26.5623,167.274,167.274,308.8751,92.9767
1057,cnn,nsson,jetson_emulator,30,local,0.4695448455976307,84.2359,60.4832,84.2359,85.7868,23.7089,167.274,167.274,311.7496,92.8468
1058,cnn,nsson,jetson_emulator,30,local,0.4651111454797865,84.8382,60.8171,84.8382,86.847,23.6601,167.274,167.274,311.8934,92.8495
1059,cnn,nsson,jetson_emulator,30,offload,0.45265936839898124,85.0868,60.5908,60.5908,62.7713,26.5709,167.274,167.274,309.3027,92.9787
1060,cnn,nsson,jetson_emulator,30,offload,0.456673694735036,84.272,61.2824,61.2824,63.6907,26.5027,167.274,167.274,309.4452,92.9072
1061,cnn,nsson,jetson_emulator,30,offload,0.46001381972349736,84.4891,60.8306,60.8306,62.4374,26.5472,167.274,167.274,309.5877,92.9633
1062,cnn,nsson,jetson_emulator,30,offload,0.4509436900748944,85.493,60.4605,60.4605,62.8146,26.5838,167.274,167.274,309.7302,92.9417
1063,cnn,nsson,jetson_emulator,30,offload,0.4639344158747963,84.5892,60.3154,60.3154,61.4531,26.5982,167.274,167.274,309.8728,92.8907
1064,cnn,nsson,jetson_emulator,30,local,0.4587920611520691,84.74,60.689,84.74,86.3199,23.6681,167.274,167.274,312.7561,92.8617
1065,cnn,nsson,jetson_emulator,30,offload,0.4539495733289687,84.5118,60.4899,60.4899,63.0196,26.5809,167.274,167.274,310.1578,92.9066
1066,cnn,nsson,jetson_emulator,30,offload,0.4466837828693109,84.429,61.1735,61.1735,62.8445,26.5134,167.274,167.274,310.3004,92.8617
1067,cnn,nsson,jetson_emulator,30,offload,0.44265824695257916,84.7852,60.9233,60.9233,62.6393,26.5381,167.274,167.274,310.4429,92.8628
1068,cnn,nsson,jetson_emulator,30,offload,0.43652017782454494,84.7085,60.8088,60.8088,62.7213,26.5494,167.274,167.274,310.5854,92.9236
1069,cnn,nsson,jetson_emulator,30,offload,0.4399154123950575,84.794,60.8354,60.8354,61.6787,26.5467,167.274,167.274,310.7279,92.8917
1070,cnn,nsson,jetson_emulator,30,offload,0.43304986964471204,85.2149,60.6762,60.6762,62.6145,26.5625,167.274,167.274,310.8705,92.8374
1071,cnn,nsson,jetson_emulator,30,local,0.42555232039255386,85.2023,62.7504,85.2023,87.6502,23.6307,167.274,167.274,313.7626,92.9412
1072,cnn,nsson,jetson_emulator,30,local,0.4223281290279851,85.4319,61.0581,85.4319,87.1793,23.6122,167.274,167.274,313.9064,92.9801
1073,cnn,nsson,jetson_emulator,30,local,0.42621318787610846,85.4094,60.6199,85.4094,87.6222,23.6141,167.274,167.274,314.0502,92.9532
1074,cnn,nsson,jetson_emulator,30,local,0.42935091236151696,85.6742,61.5615,85.6742,88.2096,23.5928,167.274,167.274,314.194,92.8846
1075,cnn,nsson,jetson_emulator,30,offload,0.4313350814914135,84.8103,61.0457,61.0457,62.1806,26.526,167.274,167.274,311.5831,92.9595
1076,cnn,nsson,jetson_emulator,30,offload,0.4251393942556829,85.6251,62.1013,62.1013,64.8738,26.4223,167.274,167.274,311.7256,92.8962
1077,cnn,nsson,jetson_emulator,30,offload,0.4254132778539487,85.098,61.1267,61.1267,63.2884,26.518,167.274,167.274,311.8682,92.9285
1078,cnn,nsson,jetson_emulator,30,local,0.4292102829696502,85.934,61.0913,85.934,87.6199,23.5719,167.274,167.274,314.7691,92.8572
1079,cnn,nsson,jetson_emulator,30,local,0.41993201225906723,85.2705,62.2687,85.2705,87.468,23.6252,167.274,167.274,314.9129,92.8458
1080,cnn,nsson,jetson_emulator,30,offload,0.4290133103392138,85.2174,60.9254,60.9254,63.2642,26.5379,167.274,167.274,312.2958,92.9454
1081,cnn,nsson,jetson_emulator,30,local,0.43019822923404977,85.1503,61.3374,85.1503,86.809,23.6349,167.274,167.274,315.2005,92.889
1082,cnn,nsson,jetson_emulator,30,offload,0.42630033980704585,85.2878,62.2142,62.2142,63.9992,26.4112,167.274,167.274,312.5808,92.8943
1083,cnn,nsson,jetson_emulator,30,local,0.4252734711019854,85.3161,61.1715,85.3161,86.0706,23.6216,167.274,167.274,315.4881,92.9073
1084,cnn,nsson,jetson_emulator,30,local,0.41373860502006676,86.36,62.1527,86.36,88.2923,23.5378,167.274,167.274,315.6319,92.9344
1085,cnn,nsson,jetson_emulator,30,offload,0.4072550975617007,86.4276,62.2291,62.2291,64.0814,26.4098,167.274,167.274,313.0084,92.8817
1086,cnn,nsson,jetson_emulator,30,local,0.41145579859210535,85.4515,61.175,85.4515,87.2596,23.6107,167.274,167.274,315.9194,92.8516
1087,cnn,nsson,jetson_emulator,30,offload,0.4039479143373148,85.6869,62.4086,62.4086,65.2924,26.3922,167.274,167.274,313.2935,92.9122
1088,cnn,nsson,jetson_emulator,30,local,0.41230598411791286,85.881,62.2246,85.881,88.395,23.5761,167.274,167.274,316.207,92.9389
1089,cnn,nsson,jetson_emulator,30,offload,0.4114276247850838,86.4925,61.2259,61.2259,62.9748,26.5082,167.274,167.274,313.5785,92.8856
1090,cnn,nsson,jetson_emulator,30,offload,0.41325757940939656,85.6558,61.7638,61.7638,63.4479,26.4553,167.274,167.274,313.721,92.9478
1091,cnn,nsson,jetson_emulator,30,offload,0.41545526865238214,86.5253,62.3487,62.3487,63.6033,26.3981,167.274,167.274,313.8636,92.9098
1092,cnn,nsson,jetson_emulator,30,offload,0.40580116234438607,86.0942,61.7115,61.7115,63.799,26.4605,167.274,167.274,314.0061,92.8404
1093,cnn,nsson,jetson_emulator,30,local,0.4044910278927666,85.9109,62.6101,85.9109,88.8542,23.5737,167.274,167.274,316.926,92.8895
1094,cnn,nsson,jetson_emulator,30,offload,0.4039433912922717,86.6555,62.3668,62.3668,64.6121,26.3963,167.274,167.274,314.2912,92.9299
1095,cnn,nsson,jetson_emulator,30,local,0.3948502117908331,86.9037,62.7397,86.9037,88.6199,23.4943,167.274,167.274,317.2135,92.9379
1096,cnn,nsson,jetson_emulator,30,offload,0.4002332293223509,86.2771,62.9869,62.9869,64.8574,26.3359,167.274,167.274,314.5762,92.8468
1097,cnn,nsson,jetson_emulator,30,local,0.4084024360127426,86.6944,63.0114,86.6944,89.2936,23.511,167.274,167.274,317.5011,92.9967
1098,cnn,nsson,jetson_emulator,30,local,0.412958363651675,86.69,62.3653,86.69,88.39,23.5114,167.274,167.274,317.6449,92.9418
1099,cnn,nsson,jetson_emulator,30,local,0.4123645976141289,86.6053,62.3409,86.6053,88.341,23.5182,167.274,167.274,317.7887,92.8621
1100,cnn,nsson,jetson_emulator,30,local,0.41295912112194083,87.0215,62.763,87.0215,89.2233,23.485,167.274,167.274,317.9325,92.84
1101,cnn,nsson,jetson_emulator,30,offload,0.42549584644219035,86.802,62.0711,62.0711,63.7735,26.4252,167.274,167.274,315.2889,92.8841
1102,cnn,nsson,jetson_emulator,30,local,0.4191968388127213,86.7143,61.9477,86.7143,87.7777,23.5095,167.274,167.274,318.2201,92.9029
1103,cnn,nsson,jetson_emulator,30,offload,0.42376462604027426,87.4021,62.4771,62.4771,63.9306,26.3856,167.274,167.274,315.5739,92.971
1104,cnn,nsson,jetson_emulator,30,offload,0.41971367899148904,87.7647,63.8237,63.8237,65.8218,26.2548,167.274,167.274,315.7164,92.9374
1105,cnn,nsson,jetson_emulator,30,offload,0.42285168411289836,87.3397,62.7652,62.7652,64.1843,26.3575,167.274,167.274,315.859,92.8412
1106,cnn,nsson,jetson_emulator,30,offload,0.4308282099459952,87.501,62.8614,62.8614,65.017,26.3481,167.274,167.274,316.0015,92.9594
1107,cnn,nsson,jetson_emulator,30,offload,0.4277552222718415,87.1839,63.0209,63.0209,64.695,26.3326,167.274,167.274,316.144,92.9441
1108,cnn,nsson,jetson_emulator,30,offload,0.42813153653909897,88.1617,62.4571,62.4571,65.0601,26.3875,167.274,167.274,316.2866,92.8303
1109,cnn,nsson,jetson_emulator,30,offload,0.42977559331571036,87.6216,63.4699,63.4699,65.3092,26.289,167.274,167.274,316.4291,92.9861
1110,cnn,nsson,jetson_emulator,30,offload,0.42598549470864744,88.4193,62.6331,62.6331,64.5678,26.3703,167.274,167.274,316.5716,92.8969
1111,cnn,nsson,jetson_emulator,30,offload,0.4348289732595074,88.5315,62.542,62.542,64.0094,26.3792,167.274,167.274,316.7141,92.956
1112,cnn,nsson,jetson_emulator,30,local,0.433906773632302,87.8767,63.2208,87.8767,89.7662,23.4171,167.274,167.274,319.658,92.8726
1113,cnn,nsson,jetson_emulator,30,offload,0.4384756059928214,88.2834,64.5971,64.5971,66.0385,26.1803,167.274,167.274,316.9992,92.9502
1114,cnn,nsson,jetson_emulator,30,local,0.44428907719536687,87.8783,64.4348,87.8783,89.4263,23.4169,167.274,167.274,319.9455,92.9157
1115,cnn,nsson,jetson_emulator,30,local,0.4472451882324085,88.1608,63.5768,88.1608,89.8607,23.3946,167.274,167.274,320.0893,92.8205
1116,cnn,nsson,jetson_emulator,30,local,0.4522496765957311,88.2232,64.4078,88.2232,89.5162,23.3897,167.274,167.274,320.2331,92.9452
1117,cnn,nsson,jetson_emulator,30,offload,0.44860781778759395,88.8692,63.0623,63.0623,63.9799,26.3286,167.274,167.274,317.5693,92.9386
1118,cnn,nsson,jetson_emulator,30,local,0.44156035469091653,88.5935,63.7746,88.5935,91.131,23.3604,167.274,167.274,320.5207,92.919
1119,cnn,nsson,jetson_emulator,30,offload,0.4344387680978922,89.1486,63.3634,63.3634,64.8288,26.2993,167.274,167.274,317.8544,92.9032
1120,cnn,nsson,jetson_emulator,30,local,0.43339986713914974,88.6135,64.112,88.6135,90.4407,23.3589,167.274,167.274,320.8083,93.0028
1121,cnn,nsson,jetson_emulator,30,offload,0.4283072610542313,89.5874,64.3343,64.3343,66.2513,26.2055,167.274,167.274,318.1394,92.8772
1122,cnn,nsson,jetson_emulator,30,local,0.42327685902126955,89.9158,63.5191,89.9158,92.2731,23.2567,167.274,167.274,321.0958,92.9251
1123,cnn,nsson,jetson_emulator,30,local,0.4343291510922339,89.7536,63.4678,89.7536,91.7836,23.2694,167.274,167.274,321.2396,92.961
1124,cnn,nsson,jetson_emulator,30,local,0.4356675338702085,89.1145,64.2001,89.1145,90.9598,23.3195,167.274,167.274,321.3834,92.8915
1125,cnn,nsson,jetson_emulator,30,local,0.4344207950285077,89.1575,64.0706,89.1575,90.4795,23.3161,167.274,167.274,321.5272,92.9741
1126,cnn,nsson,jetson_emulator,30,local,0.4432141899491029,89.1954,63.8554,89.1954,90.6688,23.3131,167.274,167.274,321.671,92.9168
1127,cnn,nsson,jetson_emulator,30,local,0.43786009900749945,89.36,64.5559,89.36,91.9359,23.3002,167.274,167.274,321.8148,92.8576
1128,cnn,nsson,jetson_emulator,30,offload,0.43745446547132844,89.2491,64.4231,64.4231,65.9947,26.197,167.274,167.274,319.1371,92.9435
1129,cnn,nsson,jetson_emulator,30,offload,0.43717734589878693,90.6158,64.3773,64.3773,66.3517,26.2014,167.274,167.274,319.2796,92.8438
1130,cnn,nsson,jetson_emulator,30,offload,0.4308453035781084,89.8984,65.0262,65.0262,66.9837,26.1391,167.274,167.274,319.4222,92.9973
1131,cnn,nsson,jetson_emulator,30,local,0.43168403148195356,90.2121,64.4106,90.2121,92.0764,23.2336,167.274,167.274,322.3899,93.0196
1132,cnn,nsson,jetson_emulator,30,local,0.43146095353324293,90.8865,65.6575,90.8865,92.0745,23.1812,167.274,167.274,322.5337,92.8859
1133,cnn,nsson,jetson_emulator,30,local,0.42247926318023177,90.3013,64.2969,90.3013,92.192,23.2266,167.274,167.274,322.6775,92.8323
1134,cnn,nsson,jetson_emulator,30,local,0.41985348596202005,91.5361,65.0681,91.5361,94.2467,23.1309,167.274,167.274,322.8213,92.8386
1135,cnn,nsson,jetson_emulator,30,local,0.41650532701375403,91.4679,65.0153,91.4679,92.8404,23.1361,167.274,167.274,322.9651,92.9451
1136,cnn,nsson,jetson_emulator,30,local,0.4253451536776295,90.2336,65.1818,90.2336,92.0993,23.2319,167.274,167.274,323.1089,92.8761
1137,cnn,nsson,jetson_emulator,30,offload,0.4202961692865384,90.3113,64.9255,64.9255,66.5613,26.1487,167.274,167.274,320.4199,92.8944
1138,cnn,nsson,jetson_emulator,30,local,0.42371298018786496,90.4337,64.7362,90.4337,92.4546,23.2163,167.274,167.274,323.3965,92.895
1139,cnn,nsson,jetson_emulator,30,local,0.4307204128076228,90.8283,64.7857,90.8283,92.2333,23.1857,167.274,167.274,323.5402,92.8415
1140,cnn,nsson,jetson_emulator,30,local,0.4295665227994729,91.0357,65.0673,91.0357,92.6136,23.1696,167.274,167.274,323.684,92.8464
1141,cnn,nsson,jetson_emulator,30,local,0.43248508878768116,91.7461,66.0378,91.7461,93.6602,23.1147,167.274,167.274,323.8278,92.9606
1142,cnn,nsson,jetson_emulator,30,offload,0.4219651868826492,91.2986,65.4581,65.4581,67.3435,26.0978,167.274,167.274,321.1325,92.8802
1143,cnn,nsson,jetson_emulator,30,offload,0.4211153965111917,91.3595,65.159,65.159,67.1083,26.1264,167.274,167.274,321.275,92.9442
1144,cnn,nsson,jetson_emulator,30,local,0.4314081282552,92.1818,65.0963,92.1818,93.7293,23.0811,167.274,167.274,324.2592,92.8479
1145,cnn,nsson,jetson_emulator,30,offload,0.4353497032496808,91.5228,67.0685,67.0685,69.3341,25.9449,167.274,167.274,321.5601,92.8903
1146,cnn,nsson,jetson_emulator,30,offload,0.4292150969193963,91.1536,65.2333,65.2333,67.1806,26.1193,167.274,167.274,321.7026,93.0374
1147,cnn,nsson,jetson_emulator,30,offload,0.432623709727485,91.7662,66.1787,66.1787,67.6399,26.0292,167.274,167.274,321.8452,92.9195
1148,cnn,nsson,jetson_emulator,30,offload,0.4398594578353969,92.0826,66.3141,66.3141,67.6687,26.0163,167.274,167.274,321.9877,92.8586
1149,cnn,nsson,jetson_emulator,30,local,0.43349524043855014,91.7002,65.4174,91.7002,93.3534,23.1182,167.274,167.274,324.9781,92.8271
1150,cnn,nsson,jetson_emulator,30,local,0.431230155121652,91.54,65.6235,91.54,93.497,23.1306,167.274,167.274,325.1219,92.9319
1151,cnn,nsson,jetson_emulator,30,local,0.4400334193175964,92.0809,65.9737,92.0809,93.8684,23.0888,167.274,167.274,325.2657,92.878
1152,cnn,nsson,jetson_emulator,30,offload,0.4422626082449631,92.2085,66.4789,66.4789,68.3569,26.0007,167.274,167.274,322.5578,92.9093
1153,cnn,nsson,jetson_emulator,30,local,0.4392108241299316,92.318,65.9189,92.318,93.6596,23.0706,167.274,167.274,325.5533,92.9073
1154,cnn,nsson,jetson_emulator,30,offload,0.44299652088216435,92.2607,66.6354,66.6354,69.3105,25.9859,167.274,167.274,322.8429,92.9174
1155,cnn,nsson,jetson_emulator,30,offload,0.4405142816569328,92.6083,66.1154,66.1154,67.6859,26.0352,167.274,167.274,322.9854,92.8778
1156,cnn,nsson,jetson_emulator,30,local,0.45381536351687174,92.2819,65.9027,92.2819,94.3701,23.0734,167.274,167.274,325.9846,92.9168
1157,cnn,nsson,jetson_emulator,30,local,0.4453570162986147,92.6578,66.206,92.6578,94.5986,23.0445,167.274,167.274,326.1284,92.9629
1158,cnn,nsson,jetson_emulator,30,local,0.4445945754302843,93.2262,66.0034,93.2262,96.21,23.001,167.274,167.274,326.2722,92.9813
1159,cnn,nsson,jetson_emulator,30,offload,0.4319550101764153,93.0052,66.2175,66.2175,68.4833,26.0255,167.274,167.274,323.5555,92.8804
1160,cnn,nsson,jetson_emulator,30,offload,0.42769039852181784,93.3955,68.2219,68.2219,70.4756,25.8366,167.274,167.274,323.698,92.9647
1161,cnn,nsson,jetson_emulator,30,local,0.42503201966556875,93.0095,66.3516,93.0095,95.2853,23.0176,167.274,167.274,326.7036,92.8318
1162,cnn,nsson,jetson_emulator,30,offload,0.4270761220910498,93.6411,66.7746,66.7746,68.6543,25.9727,167.274,167.274,323.9831,92.873
1163,cnn,nsson,jetson_emulator,30,offload,0.43155054493582073,94.1661,67.3695,67.3695,68.4547,25.9166,167.274,167.274,324.1256,92.8369
1164,cnn,nsson,jetson_emulator,30,offload,0.4311420532756354,92.8322,66.7996,66.7996,68.3591,25.9703,167.274,167.274,324.2681,92.9233
1165,cnn,nsson,jetson_emulator,30,local,0.42520281292723844,93.1778,67.5104,93.1778,95.3081,23.0047,167.274,167.274,327.2787,92.9239
1166,cnn,nsson,jetson_emulator,30,offload,0.41799503703070506,93.3364,67.4612,67.4612,69.0796,25.9079,167.274,167.274,324.5532,92.8868
1167,cnn,nsson,jetson_emulator,30,offload,0.4191966242845834,93.4825,66.9058,66.9058,67.7601,25.9603,167.274,167.274,324.6957,92.9447
1168,cnn,nsson,jetson_emulator,30,local,0.41153646866748467,93.987,67.4443,93.987,95.8646,22.9431,167.274,167.274,327.7101,92.8524
1169,cnn,nsson,jetson_emulator,30,offload,0.40383848983894455,93.7119,67.9746,67.9746,70.0547,25.8597,167.274,167.274,324.9808,92.9224
1170,cnn,nsson,jetson_emulator,30,local,0.4031195142164435,93.8001,67.5617,93.8001,95.4432,22.9573,167.274,167.274,327.9977,92.8899
1171,cnn,nsson,jetson_emulator,30,local,0.3989069393686283,93.7513,67.1558,93.7513,95.878,22.961,167.274,167.274,328.1415,92.9352
1172,cnn,nsson,jetson_emulator,30,offload,0.39624808690938956,94.182,68.4312,68.4312,69.9474,25.817,167.274,167.274,325.4084,92.8745
1173,cnn,nsson,jetson_emulator,30,local,0.39310278847731506,94.0952,67.5177,94.0952,96.3125,22.9348,167.274,167.274,328.4291,92.8657
1174,cnn,nsson,jetson_emulator,30,offload,0.3903143359651822,93.5559,68.1693,68.1693,70.4035,25.8415,167.274,167.274,325.6934,92.9388
1175,cnn,nsson,jetson_emulator,30,local,0.38238584866053216,94.6571,67.2259,94.6571,96.9545,22.8922,167.274,167.274,328.7166,92.927
1176,cnn,nsson,jetson_emulator,30,local,0.38399528088486906,93.9173,67.9343,93.9173,95.5193,22.9484,167.274,167.274,328.8604,92.894
1177,cnn,nsson,jetson_emulator,30,offload,0.3876024422338163,94.5046,67.4868,67.4868,69.229,25.9055,167.274,167.274,326.121,92.8496
1178,cnn,nsson,jetson_emulator,30,offload,0.3895804722525985,94.049,67.3893,67.3893,69.4577,25.9147,167.274,167.274,326.2635,92.9713
1179,cnn,nsson,jetson_emulator,30,local,0.38929540999533485,94.6469,67.8502,94.6469,96.0754,22.893,167.274,167.274,329.2918,92.8618
1180,cnn,nsson,jetson_emulator,30,offload,0.38576369203220573,94.3947,67.3068,67.3068,69.5606,25.9225,167.274,167.274,326.5486,92.8506
1181,cnn,nsson,jetson_emulator,30,offload,0.38595961243504817,94.4253,67.5806,67.5806,69.843,25.8967,167.274,167.274,326.6911,92.9135
1182,cnn,nsson,jetson_emulator,30,offload,0.38,94.0967,67.8309,67.8309,69.7615,25.8732,167.274,167.274,326.8337,92.838
1183,cnn,nsson,jetson_emulator,30,local,0.3862761183417545,94.5791,67.7229,94.5791,96.4537,22.8981,167.274,167.274,329.8669,92.9188
1184,cnn,nsson,jetson_emulator,30,offload,0.39146768224108497,94.777,67.925,67.925,69.5233,25.8644,167.274,167.274,327.1187,92.794
1185,cnn,nsson,jetson_emulator,30,offload,0.3960835622240791,94.1918,69.5011,69.5011,71.3334,25.7174,167.274,167.274,327.2612,92.923
1186,cnn,nsson,jetson_emulator,30,offload,0.3939846249889919,94.405,67.5524,67.5524,70.3645,25.8994,167.274,167.274,327.4038,92.8766
1187,cnn,nsson,jetson_emulator,30,offload,0.3980299282522657,95.1997,67.5895,67.5895,69.9489,25.8959,167.274,167.274,327.5463,92.8954
1188,cnn,nsson,jetson_emulator,30,local,0.40715318139791357,94.5901,68.203,94.5901,96.4252,22.8973,167.274,167.274,330.5859,92.907
1189,cnn,nsson,jetson_emulator,30,local,0.4003935806527397,95.4007,69.0235,95.4007,97.2201,22.8361,167.274,167.274,330.7297,92.9631
1190,cnn,nsson,jetson_emulator,30,offload,0.403379298065139,94.7204,67.8963,67.8963,69.8275,25.8671,167.274,167.274,327.9739,92.9435
1191,cnn,nsson,jetson_emulator,30,local,0.3981959334389676,94.9285,67.7164,94.9285,96.8478,22.8717,167.274,167.274,331.0172,92.8916
1192,cnn,nsson,jetson_emulator,30,offload,0.40566992869074076,95.1099,68.0973,68.0973,69.8828,25.8482,167.274,167.274,328.2589,92.8977
1193,cnn,nsson,jetson_emulator,30,offload,0.39838186908221773,94.7217,67.8885,67.8885,70.2945,25.8678,167.274,167.274,328.4015,92.8852
1194,cnn,nsson,jetson_emulator,30,offload,0.3979995537834392,94.5722,68.4287,68.4287,69.9883,25.8172,167.274,167.274,328.544,92.9689
1195,cnn,nsson,jetson_emulator,30,offload,0.39654712252400326,94.8961,68.756,68.756,70.5088,25.7867,167.274,167.274,328.6865,92.8462
1196,cnn,nsson,jetson_emulator,30,offload,0.40616408970805573,94.642,68.8228,68.8228,70.8159,25.7804,167.274,167.274,328.8291,92.957
1197,cnn,nsson,jetson_emulator,30,offload,0.4101005495418099,95.0998,67.8878,67.8878,69.857,25.8679,167.274,167.274,328.9716,92.8996
1198,cnn,nsson,jetson_emulator,30,local,0.40989301082857266,94.8598,67.7841,94.8598,96.9908,22.8769,167.274,167.274,332.0238,92.8648
1199,cnn,nsson,jetson_emulator,30,offload,0.42044132695258624,95.1747,67.822,67.822,70.0057,25.874,167.274,167.274,329.2566,92.9313
1200,cnn,nsson,jetson_emulator,30,local,0.40876584435762015,95.6059,68.341,95.6059,97.3333,22.8207,167.274,167.274,332.3113,92.9446
