cycle_id,model,architecture,profile,nodes,decision,threshold,local_latency_ms,offload_latency_ms,total_latency_ms,rtt_ms,throughput_fps,local_power_mw,offload_power_mw,effective_power_mw,accuracy_step
1,snn,nsson,jetson_emulator,50,offload,0.4974163811016213,40.0451,28.4802,28.4802,30.6505,74.5612,112.06483125000001,112.06483125000001,107.4435,90.0693
2,snn,nsson,jetson_emulator,50,local,0.50093055685898,40.1125,28.9652,40.1125,42.1608,68.7443,112.06483125000001,112.06483125000001,109.1062,90.0486
3,snn,nsson,jetson_emulator,50,offload,0.49899252367491065,40.3324,28.8123,28.8123,30.1493,74.4649,112.06483125000001,112.06483125000001,107.6367,90.0066
4,snn,nsson,jetson_emulator,50,local,0.5023367197126926,39.5987,28.4369,39.5987,42.0714,68.8982,112.06483125000001,112.06483125000001,109.3023,90.0178
5,snn,nsson,jetson_emulator,50,local,0.5013723810771179,39.7979,28.643,39.7979,42.0509,68.8385,112.06483125000001,112.06483125000001,109.4003,90.0579
6,snn,nsson,jetson_emulator,50,local,0.4979603185511417,39.7404,29.3215,39.7404,42.0917,68.8557,112.06483125000001,112.06483125000001,109.4983,90.1302
7,snn,nsson,jetson_emulator,50,offload,0.5046548047022156,40.4436,28.4793,28.4793,30.7179,74.5612,112.06483125000001,112.06483125000001,108.0232,90.1705
8,snn,nsson,jetson_emulator,50,offload,0.4929179492455898,40.0755,29.7235,29.7235,32.1279,74.156,112.06483125000001,112.06483125000001,108.1198,90.1456
9,snn,nsson,jetson_emulator,50,offload,0.4938776812539088,40.6219,28.6148,28.6148,30.1969,74.5322,112.06483125000001,112.06483125000001,108.2164,90.1273
10,snn,nsson,jetson_emulator,50,offload,0.4851420417549338,40.3263,28.9433,28.9433,31.0986,74.4204,112.06483125000001,112.06483125000001,108.313,90.0894
11,snn,nsson,jetson_emulator,50,offload,0.48003441873596897,40.2694,28.796,28.796,31.1694,74.4705,112.06483125000001,112.06483125000001,108.4096,90.1116
12,snn,nsson,jetson_emulator,50,local,0.4854383527780211,40.8472,29.1478,40.8472,43.1406,68.5254,112.06483125000001,112.06483125000001,110.0864,90.0661
13,snn,nsson,jetson_emulator,50,offload,0.48569147594100004,40.3452,29.4813,29.4813,31.9046,74.2379,112.06483125000001,112.06483125000001,108.6029,90.0785
14,snn,nsson,jetson_emulator,50,local,0.4929975287202842,40.5727,29.3828,40.5727,42.7851,68.607,112.06483125000001,112.06483125000001,110.2825,90.1199
15,snn,nsson,jetson_emulator,50,local,0.4903450884272791,40.6232,29.1198,40.6232,42.7401,68.592,112.06483125000001,112.06483125000001,110.3805,90.1036
16,snn,nsson,jetson_emulator,50,offload,0.499672448715766,41.1138,29.5962,29.5962,32.4205,74.199,112.06483125000001,112.06483125000001,108.8927,90.1127
17,snn,nsson,jetson_emulator,50,offload,0.5012609977370076,40.8147,29.1372,29.1372,31.1058,74.3545,112.06483125000001,112.06483125000001,108.9893,90.1257
18,snn,nsson,jetson_emulator,50,offload,0.5082278505977806,40.7651,29.077,29.077,30.7616,74.3749,112.06483125000001,112.06483125000001,109.0859,90.047
19,snn,nsson,jetson_emulator,50,offload,0.5153187545456823,40.7444,29.4092,29.4092,31.2072,74.2623,112.06483125000001,112.06483125000001,109.1825,90.1327
20,snn,nsson,jetson_emulator,50,local,0.5190032793797342,41.4812,29.5959,41.4812,43.4444,68.3377,112.06483125000001,112.06483125000001,110.8706,90.0075
21,snn,nsson,jetson_emulator,50,offload,0.5269008978064113,41.0408,29.8716,29.8716,30.8156,74.106,112.06483125000001,112.06483125000001,109.3758,90.122
22,snn,nsson,jetson_emulator,50,offload,0.522754603230847,41.3124,29.2595,29.2595,30.3283,74.313,112.06483125000001,112.06483125000001,109.4724,90.0922
23,snn,nsson,jetson_emulator,50,local,0.5213255814778602,41.0638,30.2842,41.0638,43.2232,68.4612,112.06483125000001,112.06483125000001,111.1646,89.9912
24,snn,nsson,jetson_emulator,50,offload,0.5172542596665681,41.9522,29.8173,29.8173,31.6293,74.1244,112.06483125000001,112.06483125000001,109.6656,90.1686
25,snn,nsson,jetson_emulator,50,local,0.5192215427627869,41.7745,29.8257,41.7745,43.7142,68.2512,112.06483125000001,112.06483125000001,111.3607,90.0919
26,snn,nsson,jetson_emulator,50,local,0.5197829452637485,41.9953,29.627,41.9953,44.5193,68.1862,112.06483125000001,112.06483125000001,111.4587,90.015
27,snn,nsson,jetson_emulator,50,local,0.523519120804998,41.2506,29.5341,41.2506,43.0339,68.4059,112.06483125000001,112.06483125000001,111.5567,90.101
28,snn,nsson,jetson_emulator,50,offload,0.5300573423962632,41.8626,30.5084,30.5084,33.6163,73.8919,112.06483125000001,112.06483125000001,110.052,89.9714
29,snn,nsson,jetson_emulator,50,offload,0.5234973563540133,41.9433,30.2534,30.2534,32.6648,73.9775,112.06483125000001,112.06483125000001,110.1487,90.0887
30,snn,nsson,jetson_emulator,50,offload,0.5318686976952484,42.5142,31.0717,31.0717,32.742,73.7036,112.06483125000001,112.06483125000001,110.2453,90.1516
31,snn,nsson,jetson_emulator,50,local,0.54222836036322,41.6505,29.984,41.6505,42.5768,68.2877,112.06483125000001,112.06483125000001,111.9488,90.0854
32,snn,nsson,jetson_emulator,50,local,0.5494207276544002,42.1496,30.4689,42.1496,43.884,68.1408,112.06483125000001,112.06483125000001,112.0468,90.0688
33,snn,nsson,jetson_emulator,50,offload,0.5485396929702547,41.9682,29.9493,29.9493,31.6787,74.0798,112.06483125000001,112.06483125000001,110.5351,90.0524
34,snn,nsson,jetson_emulator,50,offload,0.542379107169587,41.9198,30.2184,30.2184,32.1744,73.9893,112.06483125000001,112.06483125000001,110.6317,90.0873
35,snn,nsson,jetson_emulator,50,offload,0.5334561950416293,42.4634,30.4839,30.4839,32.8931,73.9001,112.06483125000001,112.06483125000001,110.7283,90.0429
36,snn,nsson,jetson_emulator,50,offload,0.5315836678081145,41.8906,30.0149,30.0149,32.0025,74.0577,112.06483125000001,112.06483125000001,110.8249,90.1041
37,snn,nsson,jetson_emulator,50,offload,0.5258327639050914,42.3673,30.3973,30.3973,32.8129,73.9292,112.06483125000001,112.06483125000001,110.9216,90.1262
38,snn,nsson,jetson_emulator,50,offload,0.5367978194402632,42.6494,30.4604,30.4604,32.0451,73.908,112.06483125000001,112.06483125000001,111.0182,90.0446
39,snn,nsson,jetson_emulator,50,offload,0.5363820605199888,43.4184,30.1856,30.1856,31.8793,74.0003,112.06483125000001,112.06483125000001,111.1148,90.1694
40,snn,nsson,jetson_emulator,50,offload,0.5280197822286922,42.2947,30.5314,30.5314,32.6807,73.8842,112.06483125000001,112.06483125000001,111.2114,90.0976
41,snn,nsson,jetson_emulator,50,offload,0.5427078912716042,42.7176,31.2983,31.2983,33.2417,73.6281,112.06483125000001,112.06483125000001,111.308,90.1779
42,snn,nsson,jetson_emulator,50,local,0.5574277272262974,43.2397,30.5158,43.2397,45.4114,67.8222,112.06483125000001,112.06483125000001,113.027,90.1259
43,snn,nsson,jetson_emulator,50,local,0.5518285108303905,42.6326,31.1853,42.6326,43.9633,67.9993,112.06483125000001,112.06483125000001,113.125,90.0876
44,snn,nsson,jetson_emulator,50,offload,0.5470685294894907,43.4224,31.2835,31.2835,33.1629,73.633,112.06483125000001,112.06483125000001,111.5978,90.1431
45,snn,nsson,jetson_emulator,50,offload,0.5439854303343507,43.4803,30.3012,30.3012,32.0968,73.9614,112.06483125000001,112.06483125000001,111.6945,90.1019
46,snn,nsson,jetson_emulator,50,offload,0.5426565004962557,43.3266,30.7123,30.7123,31.8315,73.8236,112.06483125000001,112.06483125000001,111.7911,90.1066
47,snn,nsson,jetson_emulator,50,offload,0.5370567395437308,42.8353,30.9645,30.9645,32.5862,73.7394,112.06483125000001,112.06483125000001,111.8877,90.0398
48,snn,nsson,jetson_emulator,50,local,0.5306059270468462,42.82,31.2505,42.82,44.3671,67.9445,112.06483125000001,112.06483125000001,113.6151,90.1348
49,snn,nsson,jetson_emulator,50,offload,0.5295802721361055,43.4323,31.354,31.354,33.8607,73.6095,112.06483125000001,112.06483125000001,112.0809,90.2093
50,snn,nsson,jetson_emulator,50,offload,0.5380447252797674,42.9525,30.973,30.973,33.6014,73.7365,112.06483125000001,112.06483125000001,112.1775,90.0357
51,snn,nsson,jetson_emulator,50,offload,0.541602279550014,42.7299,31.2662,31.2662,33.6421,73.6387,112.06483125000001,112.06483125000001,112.2741,90.1195
52,snn,nsson,jetson_emulator,50,local,0.5342782214160715,42.9682,30.7949,42.9682,45.0917,67.9013,112.06483125000001,112.06483125000001,114.0072,90.1412
53,snn,nsson,jetson_emulator,50,local,0.5329648219108761,43.0113,30.687,43.0113,45.5535,67.8887,112.06483125000001,112.06483125000001,114.1052,90.0792
54,snn,nsson,jetson_emulator,50,local,0.5402386120330731,43.5674,30.8527,43.5674,45.9217,67.727,112.06483125000001,112.06483125000001,114.2032,90.1128
55,snn,nsson,jetson_emulator,50,local,0.5424788707739624,42.9649,31.1659,42.9649,44.4997,67.9023,112.06483125000001,112.06483125000001,114.3013,90.1056
56,snn,nsson,jetson_emulator,50,local,0.5439952286069567,44.4325,31.287,44.4325,46.2219,67.477,112.06483125000001,112.06483125000001,114.3993,90.0664
57,snn,nsson,jetson_emulator,50,offload,0.5401678148515944,43.2241,31.6588,31.6588,33.997,73.5083,112.06483125000001,112.06483125000001,112.8538,90.0723
58,snn,nsson,jetson_emulator,50,offload,0.542828675347558,43.3513,31.1785,31.1785,32.7528,73.668,112.06483125000001,112.06483125000001,112.9504,90.0371
59,snn,nsson,jetson_emulator,50,offload,0.5451572551747819,43.2854,32.6855,32.6855,34.6981,73.1692,112.06483125000001,112.06483125000001,113.047,90.1992
60,snn,nsson,jetson_emulator,50,local,0.5453320668732404,43.8286,31.4374,43.8286,46.171,67.6513,112.06483125000001,112.06483125000001,114.7914,90.0374
61,snn,nsson,jetson_emulator,50,offload,0.5517223077438735,43.0833,31.2948,31.2948,33.2642,73.6292,112.06483125000001,112.06483125000001,113.2402,90.0953
62,snn,nsson,jetson_emulator,50,offload,0.545399840793957,43.4471,32.0949,32.0949,34.2965,73.3639,112.06483125000001,112.06483125000001,113.3369,90.1198
63,snn,nsson,jetson_emulator,50,offload,0.5502360936428113,43.1325,30.9901,30.9901,33.1741,73.7308,112.06483125000001,112.06483125000001,113.4335,90.1572
64,snn,nsson,jetson_emulator,50,offload,0.550577491271346,43.3065,32.0203,32.0203,34.5,73.3885,112.06483125000001,112.06483125000001,113.5301,90.1473
65,snn,nsson,jetson_emulator,50,local,0.555666013162089,44.8689,31.6643,44.8689,47.2599,67.3516,112.06483125000001,112.06483125000001,115.2815,90.1668
66,snn,nsson,jetson_emulator,50,local,0.5568391033144192,43.5527,31.7795,43.5527,44.4477,67.7313,112.06483125000001,112.06483125000001,115.3795,90.0005
67,snn,nsson,jetson_emulator,50,offload,0.5574764703526592,43.9617,32.5448,32.5448,34.4386,73.2155,112.06483125000001,112.06483125000001,113.8199,90.0742
68,snn,nsson,jetson_emulator,50,offload,0.56140263958249,43.889,31.9465,31.9465,33.558,73.4129,112.06483125000001,112.06483125000001,113.9165,90.1538
69,snn,nsson,jetson_emulator,50,offload,0.5721024775725456,43.7633,31.8743,31.8743,33.5445,73.4368,112.06483125000001,112.06483125000001,114.0131,90.1034
70,snn,nsson,jetson_emulator,50,local,0.5782307644919168,43.7795,31.5093,43.7795,45.221,67.6656,112.06483125000001,112.06483125000001,115.7715,90.0414
71,snn,nsson,jetson_emulator,50,offload,0.582528055030818,43.4902,31.2151,31.2151,34.1594,73.6558,112.06483125000001,112.06483125000001,114.2064,90.0625
72,snn,nsson,jetson_emulator,50,local,0.5770670409576512,44.5509,31.4269,44.5509,46.4998,67.4429,112.06483125000001,112.06483125000001,115.9676,90.0313
73,snn,nsson,jetson_emulator,50,offload,0.5829625269961491,44.256,31.0772,31.0772,32.5613,73.7018,112.06483125000001,112.06483125000001,114.3996,90.0479
74,snn,nsson,jetson_emulator,50,offload,0.5927903572835523,44.7806,31.6501,31.6501,33.5207,73.5112,112.06483125000001,112.06483125000001,114.4962,90.0941
75,snn,nsson,jetson_emulator,50,local,0.5915556250121463,43.5006,31.2814,43.5006,45.6761,67.7464,112.06483125000001,112.06483125000001,116.2616,90.0554
76,snn,nsson,jetson_emulator,50,offload,0.5992426080433553,43.5355,31.2264,31.2264,33.3298,73.652,112.06483125000001,112.06483125000001,114.6894,90.142
77,snn,nsson,jetson_emulator,50,local,0.5984746248293542,43.7124,31.5066,43.7124,45.7174,67.685,112.06483125000001,112.06483125000001,116.4577,90.199
78,snn,nsson,jetson_emulator,50,offload,0.6040744718442616,44.0728,31.9555,31.9555,33.3563,73.41,112.06483125000001,112.06483125000001,114.8827,89.9931
79,snn,nsson,jetson_emulator,50,offload,0.6022065290530335,44.3514,32.3185,32.3185,33.5623,73.2901,112.06483125000001,112.06483125000001,114.9793,90.0575
80,snn,nsson,jetson_emulator,50,local,0.5983771605612374,44.3018,31.2609,44.3018,45.6816,67.5146,112.06483125000001,112.06483125000001,116.7517,90.1426
81,snn,nsson,jetson_emulator,50,offload,0.6124884708522672,43.798,31.6904,31.6904,34.2909,73.4978,112.06483125000001,112.06483125000001,115.1725,90.0445
82,snn,nsson,jetson_emulator,50,local,0.6042865352138488,44.551,32.7919,44.551,46.5985,67.4429,112.06483125000001,112.06483125000001,116.9478,90.0622
83,snn,nsson,jetson_emulator,50,offload,0.6062366349249121,43.6093,31.5316,31.5316,33.318,73.5505,112.06483125000001,112.06483125000001,115.3657,90.2042
84,snn,nsson,jetson_emulator,50,offload,0.6131097696599203,44.226,31.3824,31.3824,34.0605,73.6001,112.06483125000001,112.06483125000001,115.4623,90.0849
85,snn,nsson,jetson_emulator,50,local,0.6146428620938702,43.8985,31.4217,43.8985,46.7716,67.6311,112.06483125000001,112.06483125000001,117.2418,90.0919
86,snn,nsson,jetson_emulator,50,offload,0.6067513409834611,43.9248,32.5218,32.5218,34.2773,73.2231,112.06483125000001,112.06483125000001,115.6556,90.0329
87,snn,nsson,jetson_emulator,50,local,0.6044260161555759,43.6747,31.6846,43.6747,45.5413,67.6959,112.06483125000001,112.06483125000001,117.4379,90.0801
88,snn,nsson,jetson_emulator,50,offload,0.6039265876210838,44.6281,31.2131,31.2131,33.1017,73.6564,112.06483125000001,112.06483125000001,115.8488,90.1103
89,snn,nsson,jetson_emulator,50,offload,0.6058145316965847,43.9883,32.4319,32.4319,34.4194,73.2527,112.06483125000001,112.06483125000001,115.9454,90.1928
90,snn,nsson,jetson_emulator,50,offload,0.602785904470568,44.7448,32.1254,32.1254,34.07,73.3538,112.06483125000001,112.06483125000001,116.042,90.1437
91,snn,nsson,jetson_emulator,50,offload,0.5992235442425627,43.8141,31.7711,31.7711,34.1994,73.471,112.06483125000001,112.06483125000001,116.1386,90.1327
92,snn,nsson,jetson_emulator,50,offload,0.59711303991369,44.1452,31.9269,31.9269,33.8396,73.4194,112.06483125000001,112.06483125000001,116.2352,90.1381
93,snn,nsson,jetson_emulator,50,local,0.5950036488039167,43.7529,31.5358,43.7529,44.8703,67.6732,112.06483125000001,112.06483125000001,118.026,90.1436
94,snn,nsson,jetson_emulator,50,local,0.6041488047437731,44.3656,33.2449,44.3656,46.9525,67.4963,112.06483125000001,112.06483125000001,118.124,90.0478
95,snn,nsson,jetson_emulator,50,local,0.6024855651289179,43.9226,32.2989,43.9226,46.226,67.6241,112.06483125000001,112.06483125000001,118.222,90.0084
96,snn,nsson,jetson_emulator,50,local,0.6014926675739851,43.9033,31.2662,43.9033,45.4662,67.6297,112.06483125000001,112.06483125000001,118.32,90.1065
97,snn,nsson,jetson_emulator,50,local,0.5985689485214343,44.7624,31.5367,44.7624,46.6301,67.3821,112.06483125000001,112.06483125000001,118.4181,90.1604
98,snn,nsson,jetson_emulator,50,offload,0.5919694141471692,43.888,33.0598,33.0598,34.7983,73.0464,112.06483125000001,112.06483125000001,116.8149,90.0512
99,snn,nsson,jetson_emulator,50,offload,0.5955767643594003,43.6433,32.2563,32.2563,33.3956,73.3106,112.06483125000001,112.06483125000001,116.9115,90.0144
100,snn,nsson,jetson_emulator,50,offload,0.5931157027862569,44.0658,32.0894,32.0894,34.5393,73.3657,112.06483125000001,112.06483125000001,117.0081,90.0847
101,snn,nsson,jetson_emulator,50,offload,0.5901912759307514,43.8595,31.2647,31.2647,33.1861,73.6393,112.06483125000001,112.06483125000001,117.1047,90.1246
102,snn,nsson,jetson_emulator,50,local,0.6024300811411397,44.3093,31.3355,44.3093,46.3432,67.5125,112.06483125000001,112.06483125000001,118.9082,90.1102
103,snn,nsson,jetson_emulator,50,local,0.6102563275085444,43.8673,31.3583,43.8673,46.2839,67.6401,112.06483125000001,112.06483125000001,119.0062,90.1464
104,snn,nsson,jetson_emulator,50,offload,0.6078713350771525,43.6247,32.6594,32.6594,34.8541,73.1778,112.06483125000001,112.06483125000001,117.3946,90.0141
105,snn,nsson,jetson_emulator,50,local,0.6093386813701787,44.2742,32.117,44.2742,46.4293,67.5226,112.06483125000001,112.06483125000001,119.2022,90.1416
106,snn,nsson,jetson_emulator,50,local,0.6075252609377807,43.6799,31.3744,43.6799,45.7292,67.6944,112.06483125000001,112.06483125000001,119.3002,90.1454
107,snn,nsson,jetson_emulator,50,offload,0.6124580958642983,44.8139,31.6272,31.6272,33.2411,73.5187,112.06483125000001,112.06483125000001,117.6844,90.0684
108,snn,nsson,jetson_emulator,50,local,0.6104951224601181,43.5744,31.4943,43.5744,45.3737,67.725,112.06483125000001,112.06483125000001,119.4963,90.0594
109,snn,nsson,jetson_emulator,50,offload,0.6145938230852966,43.7839,32.0285,32.0285,34.452,73.3858,112.06483125000001,112.06483125000001,117.8776,90.078
110,snn,nsson,jetson_emulator,50,offload,0.6086023530461713,43.6611,31.9827,31.9827,34.1427,73.401,112.06483125000001,112.06483125000001,117.9742,90.0854
111,snn,nsson,jetson_emulator,50,offload,0.60827652707332,44.2119,31.6483,31.6483,34.0046,73.5118,112.06483125000001,112.06483125000001,118.0709,90.1293
112,snn,nsson,jetson_emulator,50,local,0.6212928324456993,44.7175,31.1917,44.7175,46.7606,67.395,112.06483125000001,112.06483125000001,119.8884,90.0417
113,snn,nsson,jetson_emulator,50,offload,0.6217353914216477,43.5592,32.9417,32.9417,34.9056,73.0851,112.06483125000001,112.06483125000001,118.2641,90.0499
114,snn,nsson,jetson_emulator,50,local,0.6231178470933715,43.7091,31.7675,43.7091,45.9598,67.686,112.06483125000001,112.06483125000001,120.0844,90.088
115,snn,nsson,jetson_emulator,50,offload,0.6236053513893448,43.5411,31.5378,31.5378,32.62,73.5484,112.06483125000001,112.06483125000001,118.4573,90.0819
116,snn,nsson,jetson_emulator,50,offload,0.6152462269782033,44.6074,31.6581,31.6581,34.0288,73.5085,112.06483125000001,112.06483125000001,118.5539,89.9896
117,snn,nsson,jetson_emulator,50,offload,0.6227386244962883,43.4085,31.5423,31.5423,33.5956,73.547,112.06483125000001,112.06483125000001,118.6505,90.1311
118,snn,nsson,jetson_emulator,50,local,0.6246060969700474,43.3757,31.9256,43.3757,44.8159,67.7827,112.06483125000001,112.06483125000001,120.4765,90.0844
119,snn,nsson,jetson_emulator,50,offload,0.6218869282150754,43.482,31.4572,31.4572,33.8351,73.5752,112.06483125000001,112.06483125000001,118.8438,90.0714
120,snn,nsson,jetson_emulator,50,offload,0.6294134557662516,43.6984,31.2074,31.2074,33.5998,73.6583,112.06483125000001,112.06483125000001,118.9404,90.1143
121,snn,nsson,jetson_emulator,50,local,0.632260118201608,43.3954,32.1282,43.3954,45.043,67.7769,112.06483125000001,112.06483125000001,120.7705,90.148
122,snn,nsson,jetson_emulator,50,local,0.627946287766604,43.3764,31.0657,43.3764,45.6858,67.7825,112.06483125000001,112.06483125000001,120.8685,90.0996
123,snn,nsson,jetson_emulator,50,local,0.6291155317641857,43.7058,31.455,43.7058,45.7973,67.6869,112.06483125000001,112.06483125000001,120.9666,90.1444
124,snn,nsson,jetson_emulator,50,local,0.6247664044616688,43.2173,31.1554,43.2173,45.5668,67.8287,112.06483125000001,112.06483125000001,121.0646,90.1083
125,snn,nsson,jetson_emulator,50,offload,0.6377902588225306,44.3186,31.0308,31.0308,34.1437,73.7172,112.06483125000001,112.06483125000001,119.4234,90.0673
126,snn,nsson,jetson_emulator,50,offload,0.6401231607000484,43.2148,31.3742,31.3742,32.9329,73.6028,112.06483125000001,112.06483125000001,119.52,90.0511
127,snn,nsson,jetson_emulator,50,offload,0.6367694420321587,44.1673,31.0092,31.0092,32.9052,73.7244,112.06483125000001,112.06483125000001,119.6167,90.1255
128,snn,nsson,jetson_emulator,50,offload,0.6335029340123118,43.432,31.5086,31.5086,32.9892,73.5581,112.06483125000001,112.06483125000001,119.7133,90.1064
129,snn,nsson,jetson_emulator,50,local,0.6239563293017467,43.1647,31.2286,43.1647,46.1291,67.844,112.06483125000001,112.06483125000001,121.5547,90.0125
130,snn,nsson,jetson_emulator,50,offload,0.6334413960231573,43.2534,31.4792,31.4792,33.1825,73.5679,112.06483125000001,112.06483125000001,119.9065,90.0934
131,snn,nsson,jetson_emulator,50,offload,0.6308704863325127,43.325,32.0426,32.0426,34.0795,73.3812,112.06483125000001,112.06483125000001,120.0031,90.1132
132,snn,nsson,jetson_emulator,50,local,0.6283235301551583,43.1846,30.76,43.1846,44.8463,67.8382,112.06483125000001,112.06483125000001,121.8487,90.0585
133,snn,nsson,jetson_emulator,50,offload,0.635305936359898,43.3633,31.336,31.336,33.3159,73.6155,112.06483125000001,112.06483125000001,120.1963,90.0639
134,snn,nsson,jetson_emulator,50,offload,0.6364496004868418,43.8452,31.284,31.284,33.2202,73.6328,112.06483125000001,112.06483125000001,120.2929,90.0789
135,snn,nsson,jetson_emulator,50,local,0.6498536743973404,43.3254,31.2426,43.3254,45.3098,67.7973,112.06483125000001,112.06483125000001,122.1428,90.0763
136,snn,nsson,jetson_emulator,50,offload,0.6486461262889144,43.3702,30.6625,30.6625,33.0276,73.8403,112.06483125000001,112.06483125000001,120.4862,90.1527
137,snn,nsson,jetson_emulator,50,offload,0.6511154709138578,42.9036,31.3206,31.3206,32.3988,73.6206,112.06483125000001,112.06483125000001,120.5828,89.971
138,snn,nsson,jetson_emulator,50,offload,0.6479207990105215,42.896,31.9948,31.9948,34.2866,73.397,112.06483125000001,112.06483125000001,120.6794,90.0524
139,snn,nsson,jetson_emulator,50,offload,0.6551419168642013,43.0771,30.8874,30.8874,32.2242,73.7651,112.06483125000001,112.06483125000001,120.776,90.063
140,snn,nsson,jetson_emulator,50,offload,0.6667792232919448,42.8936,30.7157,30.7157,32.5677,73.8225,112.06483125000001,112.06483125000001,120.8726,90.0935
141,snn,nsson,jetson_emulator,50,local,0.6667757558777377,43.3871,30.6779,43.3871,45.3951,67.7794,112.06483125000001,112.06483125000001,122.7309,90.1107
142,snn,nsson,jetson_emulator,50,offload,0.6691053711093222,43.0188,31.3927,31.3927,33.0768,73.5966,112.06483125000001,112.06483125000001,121.0658,90.1448
143,snn,nsson,jetson_emulator,50,local,0.6718016145029366,43.0403,31.5357,43.0403,45.2578,67.8803,112.06483125000001,112.06483125000001,122.9269,90.0615
144,snn,nsson,jetson_emulator,50,local,0.6792431621386582,43.1269,30.6593,43.1269,44.4565,67.855,112.06483125000001,112.06483125000001,123.025,90.0053
145,snn,nsson,jetson_emulator,50,local,0.68,42.7395,31.0966,42.7395,45.882,67.968,112.06483125000001,112.06483125000001,123.123,90.0738
146,snn,nsson,jetson_emulator,50,local,0.68,42.6014,31.2457,42.6014,44.7806,68.0084,112.06483125000001,112.06483125000001,123.221,90.0378
147,snn,nsson,jetson_emulator,50,offload,0.6770903702361127,42.6933,31.1707,31.1707,32.7876,73.6706,112.06483125000001,112.06483125000001,121.5489,90.1068
148,snn,nsson,jetson_emulator,50,offload,0.68,42.9301,31.7354,31.7354,32.9865,73.4829,112.06483125000001,112.06483125000001,121.6455,90.1035
149,snn,nsson,jetson_emulator,50,offload,0.68,42.9748,30.6121,30.6121,32.3523,73.8572,112.06483125000001,112.06483125000001,121.7421,90.0888
150,snn,nsson,jetson_emulator,50,local,0.68,42.7185,30.7072,42.7185,44.5636,67.9742,112.06483125000001,112.06483125000001,123.6131,90.1591
151,snn,nsson,jetson_emulator,50,offload,0.6731414789806006,42.872,30.8795,30.8795,32.5367,73.7677,112.06483125000001,112.06483125000001,121.9353,90.1418
152,snn,nsson,jetson_emulator,50,offload,0.6796828196011295,43.1352,31.1004,31.1004,32.9486,73.694,112.06483125000001,112.06483125000001,122.032,90.1207
153,snn,nsson,jetson_emulator,50,local,0.6765117148053568,42.4749,30.9927,42.4749,45.2566,68.0454,112.06483125000001,112.06483125000001,123.9071,90.1056
154,snn,nsson,jetson_emulator,50,local,0.6670856905638896,42.9485,30.5807,42.9485,45.1082,67.907,112.06483125000001,112.06483125000001,124.0052,90.0208
155,snn,nsson,jetson_emulator,50,local,0.6703579212766273,43.036,31.5269,43.036,45.2704,67.8815,112.06483125000001,112.06483125000001,124.1032,90.0428
156,snn,nsson,jetson_emulator,50,local,0.6650542461986924,42.4708,31.3138,42.4708,44.4584,68.0466,112.06483125000001,112.06483125000001,124.2012,90.0709
157,snn,nsson,jetson_emulator,50,offload,0.6664200328497021,42.8506,30.7693,30.7693,32.9622,73.8046,112.06483125000001,112.06483125000001,122.515,90.145
158,snn,nsson,jetson_emulator,50,local,0.6578067414878266,43.183,30.7007,43.183,45.0857,67.8387,112.06483125000001,112.06483125000001,124.3972,90.1216
159,snn,nsson,jetson_emulator,50,offload,0.6589657705788853,42.4444,30.2112,30.2112,32.6077,73.9917,112.06483125000001,112.06483125000001,122.7082,90.1349
160,snn,nsson,jetson_emulator,50,offload,0.6612071524643534,42.3652,30.1779,30.1779,31.3298,74.0029,112.06483125000001,112.06483125000001,122.8049,90.0944
161,snn,nsson,jetson_emulator,50,local,0.6615040064032126,42.4705,30.9342,42.4705,44.3571,68.0467,112.06483125000001,112.06483125000001,124.6913,90.0796
162,snn,nsson,jetson_emulator,50,offload,0.6639787265026952,42.325,30.2595,30.2595,32.1961,73.9755,112.06483125000001,112.06483125000001,122.9981,90.1012
163,snn,nsson,jetson_emulator,50,local,0.6675016646898357,42.9475,30.5088,42.9475,44.1491,67.9073,112.06483125000001,112.06483125000001,124.8873,90.0191
164,snn,nsson,jetson_emulator,50,local,0.6632954429342814,42.7607,31.051,42.7607,45.0005,67.9619,112.06483125000001,112.06483125000001,124.9854,90.0149
165,snn,nsson,jetson_emulator,50,local,0.6720501299924804,42.2978,30.3399,42.2978,44.4665,68.0973,112.06483125000001,112.06483125000001,125.0834,90.0281
166,snn,nsson,jetson_emulator,50,local,0.6729016436889936,43.2639,30.2754,43.2639,45.6775,67.8152,112.06483125000001,112.06483125000001,125.1814,90.1407
167,snn,nsson,jetson_emulator,50,offload,0.6706661867562416,42.877,30.0597,30.0597,31.6763,74.0427,112.06483125000001,112.06483125000001,123.4811,90.0761
168,snn,nsson,jetson_emulator,50,local,0.6787636718236942,42.7165,30.1353,42.7165,44.4481,67.9748,112.06483125000001,112.06483125000001,125.3774,90.0737
169,snn,nsson,jetson_emulator,50,offload,0.68,42.0056,30.0528,30.0528,31.769,74.045,112.06483125000001,112.06483125000001,123.6744,90.1003
170,snn,nsson,jetson_emulator,50,offload,0.6798019492668224,42.339,30.365,30.365,31.6508,73.94,112.06483125000001,112.06483125000001,123.771,90.0972
171,snn,nsson,jetson_emulator,50,local,0.68,42.0462,30.0164,42.0462,43.5121,68.1712,112.06483125000001,112.06483125000001,125.6715,90.0834
172,snn,nsson,jetson_emulator,50,local,0.6767892976204116,41.9368,30.9804,41.9368,43.2923,68.2034,112.06483125000001,112.06483125000001,125.7695,90.0876
173,snn,nsson,jetson_emulator,50,local,0.6711438507835861,42.1767,31.5892,42.1767,44.6194,68.1329,112.06483125000001,112.06483125000001,125.8675,90.0362
174,snn,nsson,jetson_emulator,50,local,0.6644872258529746,42.8829,30.3127,42.8829,45.0987,67.9262,112.06483125000001,112.06483125000001,125.9655,90.0367
175,snn,nsson,jetson_emulator,50,offload,0.6634879317925153,42.5224,30.1051,30.1051,32.7737,74.0274,112.06483125000001,112.06483125000001,124.254,90.1339
176,snn,nsson,jetson_emulator,50,local,0.6724137459890549,41.9837,30.0277,41.9837,43.5133,68.1896,112.06483125000001,112.06483125000001,126.1616,90.0766
177,snn,nsson,jetson_emulator,50,local,0.6711067396039,42.2708,30.8718,42.2708,44.2375,68.1053,112.06483125000001,112.06483125000001,126.2596,90.0426
178,snn,nsson,jetson_emulator,50,local,0.6597145437306244,43.2024,29.983,43.2024,45.0786,67.8331,112.06483125000001,112.06483125000001,126.3576,90.0527
179,snn,nsson,jetson_emulator,50,offload,0.6601768503980118,41.8306,30.6775,30.6775,32.4691,73.8353,112.06483125000001,112.06483125000001,124.6405,90.097
180,snn,nsson,jetson_emulator,50,offload,0.6567550970980267,41.8272,30.1825,30.1825,31.8308,74.0013,112.06483125000001,112.06483125000001,124.7371,90.0785
181,snn,nsson,jetson_emulator,50,offload,0.6535869764960441,41.8083,31.3909,31.3909,32.6519,73.5973,112.06483125000001,112.06483125000001,124.8337,90.1104
182,snn,nsson,jetson_emulator,50,offload,0.6538763045078392,41.9929,30.1925,30.1925,32.7149,73.998,112.06483125000001,112.06483125000001,124.9303,90.0555
183,snn,nsson,jetson_emulator,50,local,0.6494300881654975,41.8535,30.7445,41.8535,43.4974,68.2279,112.06483125000001,112.06483125000001,126.8477,90.0288
184,snn,nsson,jetson_emulator,50,offload,0.6476442935808161,42.4094,30.4842,30.4842,32.994,73.9001,112.06483125000001,112.06483125000001,125.1235,90.1165
185,snn,nsson,jetson_emulator,50,offload,0.6446760307249977,41.9748,30.298,30.298,32.5758,73.9625,112.06483125000001,112.06483125000001,125.2202,90.0568
186,snn,nsson,jetson_emulator,50,local,0.6549099683735051,42.7047,29.9325,42.7047,44.1261,67.9782,112.06483125000001,112.06483125000001,127.1418,90.1184
187,snn,nsson,jetson_emulator,50,local,0.6585553403285329,42.0723,30.5434,42.0723,44.0622,68.1635,112.06483125000001,112.06483125000001,127.2398,90.1072
188,snn,nsson,jetson_emulator,50,local,0.6635443889304972,42.3414,30.1487,42.3414,43.3877,68.0846,112.06483125000001,112.06483125000001,127.3378,89.9772
189,snn,nsson,jetson_emulator,50,local,0.6661557429717251,42.0888,30.0937,42.0888,43.7731,68.1587,112.06483125000001,112.06483125000001,127.4358,90.09
190,snn,nsson,jetson_emulator,50,offload,0.6604335667639006,41.8861,30.2916,30.2916,32.2525,73.9647,112.06483125000001,112.06483125000001,125.7032,90.0578
191,snn,nsson,jetson_emulator,50,offload,0.6549068287118459,42.1258,31.0695,31.0695,32.9885,73.7043,112.06483125000001,112.06483125000001,125.7998,90.0568
192,snn,nsson,jetson_emulator,50,local,0.6493779557882817,41.9145,30.4808,41.9145,43.352,68.2099,112.06483125000001,112.06483125000001,127.7299,90.047
193,snn,nsson,jetson_emulator,50,local,0.6609242225672801,42.2784,30.1848,42.2784,44.8159,68.103,112.06483125000001,112.06483125000001,127.8279,90.0313
194,snn,nsson,jetson_emulator,50,local,0.6516634200913535,42.7737,29.8595,42.7737,44.3114,67.9581,112.06483125000001,112.06483125000001,127.9259,90.0892
195,snn,nsson,jetson_emulator,50,local,0.6636049104076324,41.7432,30.3894,41.7432,43.387,68.2604,112.06483125000001,112.06483125000001,128.0239,90.1313
196,snn,nsson,jetson_emulator,50,local,0.6587052152583875,42.3316,30.1499,42.3316,43.6655,68.0874,112.06483125000001,112.06483125000001,128.122,90.1746
197,snn,nsson,jetson_emulator,50,local,0.6582862545880505,42.1172,30.5594,42.1172,44.0988,68.1503,112.06483125000001,112.06483125000001,128.22,90.1401
198,snn,nsson,jetson_emulator,50,offload,0.6572097550942961,41.7571,31.3052,31.3052,33.3048,73.6258,112.06483125000001,112.06483125000001,126.4761,90.0975
199,snn,nsson,jetson_emulator,50,local,0.6606622572699287,42.8849,29.9492,42.8849,44.9766,67.9256,112.06483125000001,112.06483125000001,128.416,90.106
200,snn,nsson,jetson_emulator,50,local,0.6611630365480663,42.886,30.6131,42.886,44.6623,67.9253,112.06483125000001,112.06483125000001,128.514,90.1105
201,snn,nsson,jetson_emulator,50,local,0.6598339451121774,41.782,30.2208,41.782,44.5372,68.2489,112.06483125000001,112.06483125000001,128.6121,90.0738
202,snn,nsson,jetson_emulator,50,local,0.669767857316542,42.6953,30.4963,42.6953,44.5003,67.981,112.06483125000001,112.06483125000001,128.7101,90.1392
203,snn,nsson,jetson_emulator,50,local,0.676725754328816,42.0973,30.5665,42.0973,44.0371,68.1562,112.06483125000001,112.06483125000001,128.8081,90.155
204,snn,nsson,jetson_emulator,50,offload,0.6780097450751146,42.362,30.4519,30.4519,33.2308,73.9109,112.06483125000001,112.06483125000001,127.0558,90.0919
205,snn,nsson,jetson_emulator,50,local,0.6768441530787623,42.1038,31.1698,42.1038,43.7391,68.1543,112.06483125000001,112.06483125000001,129.0041,90.0895
206,snn,nsson,jetson_emulator,50,offload,0.6722479626593655,42.0803,30.443,30.443,32.2973,73.9139,112.06483125000001,112.06483125000001,127.249,90.0275
207,snn,nsson,jetson_emulator,50,offload,0.6669327862020413,43.4015,30.2522,30.2522,32.1122,73.9779,112.06483125000001,112.06483125000001,127.3456,90.1048
208,snn,nsson,jetson_emulator,50,local,0.6615946396866775,42.5431,30.0259,42.5431,43.9634,68.0255,112.06483125000001,112.06483125000001,129.2982,90.0763
209,snn,nsson,jetson_emulator,50,offload,0.6535456825055579,41.9538,30.6218,30.6218,32.2435,73.8539,112.06483125000001,112.06483125000001,127.5389,90.1137
210,snn,nsson,jetson_emulator,50,local,0.641947630772353,43.0747,30.1842,43.0747,45.5842,67.8703,112.06483125000001,112.06483125000001,129.4942,90.0541
211,snn,nsson,jetson_emulator,50,local,0.6299658933119197,42.2285,31.3567,42.2285,43.3144,68.1177,112.06483125000001,112.06483125000001,129.5923,90.1291
212,snn,nsson,jetson_emulator,50,offload,0.6211846397739711,42.3899,30.4506,30.4506,32.7033,73.9113,112.06483125000001,112.06483125000001,127.8287,90.0741
213,snn,nsson,jetson_emulator,50,offload,0.62430128997808,42.4928,30.086,30.086,31.4885,74.0338,112.06483125000001,112.06483125000001,127.9253,90.114
214,snn,nsson,jetson_emulator,50,local,0.6178207815854709,42.2184,30.0824,42.2184,44.7443,68.1206,112.06483125000001,112.06483125000001,129.8863,90.1381
215,snn,nsson,jetson_emulator,50,offload,0.6118439876530956,42.9276,30.276,30.276,31.867,73.9699,112.06483125000001,112.06483125000001,128.1185,90.1018
216,snn,nsson,jetson_emulator,50,local,0.6102315906544752,42.3302,31.0704,42.3302,44.0789,68.0878,112.06483125000001,112.06483125000001,130.0824,90.1048
217,snn,nsson,jetson_emulator,50,local,0.6113974809466002,42.898,30.9205,42.898,44.4112,67.9218,112.06483125000001,112.06483125000001,130.1804,90.1957
218,snn,nsson,jetson_emulator,50,local,0.6134091051054168,42.6985,30.2374,42.6985,43.5875,67.98,112.06483125000001,112.06483125000001,130.2784,90.0916
219,snn,nsson,jetson_emulator,50,offload,0.6146061933248543,42.3447,30.1426,30.1426,31.835,74.0148,112.06483125000001,112.06483125000001,128.505,90.0715
220,snn,nsson,jetson_emulator,50,local,0.620758463434669,42.5251,31.8019,42.5251,44.5756,68.0307,112.06483125000001,112.06483125000001,130.4744,90.1012
221,snn,nsson,jetson_emulator,50,offload,0.6294849153436445,42.6668,31.6969,31.6969,33.3113,73.4956,112.06483125000001,112.06483125000001,128.6982,90.0831
222,snn,nsson,jetson_emulator,50,offload,0.6267239716528876,42.4346,30.4031,30.4031,33.0318,73.9272,112.06483125000001,112.06483125000001,128.7948,90.0895
223,snn,nsson,jetson_emulator,50,local,0.6273099476454151,42.8474,31.4337,42.8474,44.2226,67.9365,112.06483125000001,112.06483125000001,130.7685,90.1083
224,snn,nsson,jetson_emulator,50,offload,0.6289129775375362,42.6129,30.258,30.258,32.2207,73.976,112.06483125000001,112.06483125000001,128.988,90.1528
225,snn,nsson,jetson_emulator,50,local,0.6318551922469399,42.3816,31.6898,42.3816,44.6747,68.0728,112.06483125000001,112.06483125000001,130.9645,90.0983
226,snn,nsson,jetson_emulator,50,offload,0.6310981951570863,43.6651,31.0815,31.0815,33.1572,73.7003,112.06483125000001,112.06483125000001,129.1813,90.0484
227,snn,nsson,jetson_emulator,50,local,0.6402633141493411,42.6211,31.2903,42.6211,44.6433,68.0026,112.06483125000001,112.06483125000001,131.1606,90.1285
228,snn,nsson,jetson_emulator,50,offload,0.6376428407865669,43.5068,31.5042,31.5042,33.6391,73.5596,112.06483125000001,112.06483125000001,129.3745,90.0812
229,snn,nsson,jetson_emulator,50,local,0.6449366294212051,42.6953,30.9038,42.6953,44.9841,67.981,112.06483125000001,112.06483125000001,131.3566,90.1365
230,snn,nsson,jetson_emulator,50,local,0.633531605400817,43.4671,30.4241,43.4671,45.622,67.7561,112.06483125000001,112.06483125000001,131.4546,90.1056
231,snn,nsson,jetson_emulator,50,offload,0.6379341911812727,43.3483,31.1238,31.1238,32.824,73.6862,112.06483125000001,112.06483125000001,129.6643,90.1421
232,snn,nsson,jetson_emulator,50,local,0.6403735931189316,43.1319,30.7158,43.1319,45.0221,67.8536,112.06483125000001,112.06483125000001,131.6507,90.0315
233,snn,nsson,jetson_emulator,50,offload,0.630347280778074,43.0538,30.9052,30.9052,32.9772,73.7591,112.06483125000001,112.06483125000001,129.8575,90.1053
234,snn,nsson,jetson_emulator,50,local,0.6202522906869012,42.776,31.1087,42.776,43.9678,67.9574,112.06483125000001,112.06483125000001,131.8467,90.0824
235,snn,nsson,jetson_emulator,50,offload,0.6192967511663473,43.8699,30.7465,30.7465,32.4371,73.8122,112.06483125000001,112.06483125000001,130.0508,90.0623
236,snn,nsson,jetson_emulator,50,local,0.6260700204100944,43.2267,30.8117,43.2267,45.451,67.826,112.06483125000001,112.06483125000001,132.0427,90.0192
237,snn,nsson,jetson_emulator,50,local,0.6238394962121829,43.2052,31.6428,43.2052,45.2236,67.8323,112.06483125000001,112.06483125000001,132.1408,90.0372
238,snn,nsson,jetson_emulator,50,offload,0.6183456586597198,43.9727,31.9439,31.9439,33.438,73.4138,112.06483125000001,112.06483125000001,130.3406,90.2022
239,snn,nsson,jetson_emulator,50,offload,0.6165209908784615,43.5364,31.2558,31.2558,33.0422,73.6422,112.06483125000001,112.06483125000001,130.4372,89.9946
240,snn,nsson,jetson_emulator,50,local,0.6253250937163628,43.1783,31.5019,43.1783,45.3326,67.8401,112.06483125000001,112.06483125000001,132.4348,90.1371
241,snn,nsson,jetson_emulator,50,local,0.6332113529020901,43.8847,32.442,43.8847,45.3639,67.6351,112.06483125000001,112.06483125000001,132.5328,90.0745
242,snn,nsson,jetson_emulator,50,offload,0.6342390322826051,43.9093,31.14,31.14,33.7191,73.6808,112.06483125000001,112.06483125000001,130.7271,90.1392
243,snn,nsson,jetson_emulator,50,offload,0.631126821544754,43.5174,31.9996,31.9996,34.1372,73.3954,112.06483125000001,112.06483125000001,130.8237,90.0898
244,snn,nsson,jetson_emulator,50,local,0.639688175511416,44.2127,31.0764,44.2127,46.1147,67.5404,112.06483125000001,112.06483125000001,132.8269,90.0896
245,snn,nsson,jetson_emulator,50,local,0.6363541877479997,43.6883,31.8798,43.6883,45.5319,67.692,112.06483125000001,112.06483125000001,132.9249,90.2566
246,snn,nsson,jetson_emulator,50,local,0.6429190146017686,44.2035,33.4832,44.2035,45.6681,67.543,112.06483125000001,112.06483125000001,133.0229,90.1642
247,snn,nsson,jetson_emulator,50,offload,0.6350197496776842,43.5579,32.0481,32.0481,33.9251,73.3793,112.06483125000001,112.06483125000001,131.2101,90.0814
248,snn,nsson,jetson_emulator,50,local,0.6395399185308561,44.1424,31.7737,44.1424,46.2389,67.5606,112.06483125000001,112.06483125000001,133.219,90.0308
249,snn,nsson,jetson_emulator,50,offload,0.6400057030869971,44.6399,32.4186,32.4186,33.9409,73.2571,112.06483125000001,112.06483125000001,131.4033,90.0954
250,snn,nsson,jetson_emulator,50,offload,0.6375301600363307,43.7785,32.1209,32.1209,34.8653,73.3553,112.06483125000001,112.06483125000001,131.5,90.0669
251,snn,nsson,jetson_emulator,50,offload,0.635084305079625,44.4045,31.5909,31.5909,32.6243,73.5308,112.06483125000001,112.06483125000001,131.5966,90.001
252,snn,nsson,jetson_emulator,50,local,0.6314480296569912,44.7192,31.9274,44.7192,46.7433,67.3945,112.06483125000001,112.06483125000001,133.611,90.1043
253,snn,nsson,jetson_emulator,50,local,0.6297354283471261,44.4529,31.4205,44.4529,46.6023,67.4711,112.06483125000001,112.06483125000001,133.7091,90.176
254,snn,nsson,jetson_emulator,50,offload,0.6233734866770423,44.4588,31.8603,31.8603,34.0456,73.4415,112.06483125000001,112.06483125000001,131.8864,90.0713
255,snn,nsson,jetson_emulator,50,offload,0.6389404967445237,44.9101,32.0078,32.0078,33.98,73.3927,112.06483125000001,112.06483125000001,131.983,90.1693
256,snn,nsson,jetson_emulator,50,offload,0.6356073302584542,44.1748,32.66,32.66,34.5161,73.1776,112.06483125000001,112.06483125000001,132.0796,90.1182
257,snn,nsson,jetson_emulator,50,local,0.6331552745265292,45.2829,32.3963,45.2829,47.8731,67.233,112.06483125000001,112.06483125000001,134.1011,90.0749
258,snn,nsson,jetson_emulator,50,local,0.626515437333799,44.5509,32.0431,44.5509,46.7653,67.4429,112.06483125000001,112.06483125000001,134.1992,90.208
259,snn,nsson,jetson_emulator,50,local,0.6211481826547867,44.6762,33.1468,44.6762,47.161,67.4069,112.06483125000001,112.06483125000001,134.2972,90.0141
260,snn,nsson,jetson_emulator,50,offload,0.6185172764788067,45.1557,32.8511,32.8511,34.5105,73.1148,112.06483125000001,112.06483125000001,132.4661,90.1888
261,snn,nsson,jetson_emulator,50,local,0.615959340805483,45.1635,32.6663,45.1635,46.4239,67.2672,112.06483125000001,112.06483125000001,134.4932,90.0757
262,snn,nsson,jetson_emulator,50,local,0.6214207397537914,45.4508,32.1515,45.4508,48.0833,67.1851,112.06483125000001,112.06483125000001,134.5912,90.1285
263,snn,nsson,jetson_emulator,50,offload,0.6265015409659501,44.7355,32.1931,32.1931,33.4315,73.3314,112.06483125000001,112.06483125000001,132.7559,90.0347
264,snn,nsson,jetson_emulator,50,local,0.6211436980249408,44.8023,32.3506,44.8023,46.906,67.3707,112.06483125000001,112.06483125000001,134.7873,90.0568
265,snn,nsson,jetson_emulator,50,local,0.6303562291755782,45.2443,33.0714,45.2443,47.151,67.244,112.06483125000001,112.06483125000001,134.8853,89.9929
266,snn,nsson,jetson_emulator,50,offload,0.6327468163858738,45.6102,33.9001,33.9001,35.8545,72.7721,112.06483125000001,112.06483125000001,133.0458,90.0864
267,snn,nsson,jetson_emulator,50,offload,0.6392079080460789,45.1238,32.771,32.771,34.2483,73.1411,112.06483125000001,112.06483125000001,133.1424,90.0032
268,snn,nsson,jetson_emulator,50,offload,0.636059690619568,46.1962,33.3417,33.3417,35.8005,72.9541,112.06483125000001,112.06483125000001,133.239,90.1084
269,snn,nsson,jetson_emulator,50,local,0.6351884320042307,45.9024,33.2366,45.9024,47.1738,67.0564,112.06483125000001,112.06483125000001,135.2774,90.1144
270,snn,nsson,jetson_emulator,50,local,0.6384898532694948,45.5288,33.5138,45.5288,47.338,67.1628,112.06483125000001,112.06483125000001,135.3754,90.117
271,snn,nsson,jetson_emulator,50,local,0.6249839185878915,45.8855,33.8807,45.8855,47.8968,67.0612,112.06483125000001,112.06483125000001,135.4734,90.1299
272,snn,nsson,jetson_emulator,50,offload,0.625062444619835,45.608,32.5722,32.5722,34.7417,73.2065,112.06483125000001,112.06483125000001,133.6254,90.0479
273,snn,nsson,jetson_emulator,50,local,0.624643801874663,45.6784,32.6005,45.6784,48.1,67.1201,112.06483125000001,112.06483125000001,135.6694,90.0768
274,snn,nsson,jetson_emulator,50,offload,0.6149004891924231,46.5928,33.0354,33.0354,34.8868,73.0544,112.06483125000001,112.06483125000001,133.8186,90.1268
275,snn,nsson,jetson_emulator,50,offload,0.6213135578466775,45.7849,33.2912,33.2912,34.884,72.9706,112.06483125000001,112.06483125000001,133.9153,90.0437
276,snn,nsson,jetson_emulator,50,local,0.6181707910938365,47.1675,33.6258,47.1675,48.696,66.6985,112.06483125000001,112.06483125000001,135.9635,90.07
277,snn,nsson,jetson_emulator,50,local,0.612206491860961,46.0722,32.8545,46.0722,47.8332,67.0081,112.06483125000001,112.06483125000001,136.0615,90.1601
278,snn,nsson,jetson_emulator,50,local,0.6096201327163515,46.3942,35.2201,46.3942,48.2075,66.9168,112.06483125000001,112.06483125000001,136.1595,90.1175
279,snn,nsson,jetson_emulator,50,local,0.6172203605624378,46.1965,33.5643,46.1965,47.7452,66.9728,112.06483125000001,112.06483125000001,136.2576,90.0343
280,snn,nsson,jetson_emulator,50,local,0.615304379972397,46.3811,33.7766,46.3811,48.427,66.9205,112.06483125000001,112.06483125000001,136.3556,90.0364
281,snn,nsson,jetson_emulator,50,offload,0.6118063303096174,46.3298,33.4706,33.4706,36.093,72.912,112.06483125000001,112.06483125000001,134.4949,90.0795
282,snn,nsson,jetson_emulator,50,local,0.6003269192142595,46.8344,33.8997,46.8344,49.1135,66.7924,112.06483125000001,112.06483125000001,136.5516,90.1364
283,snn,nsson,jetson_emulator,50,local,0.5963589776447074,46.5528,33.8259,46.5528,48.5458,66.8719,112.06483125000001,112.06483125000001,136.6496,90.0615
284,snn,nsson,jetson_emulator,50,offload,0.5961312667175483,46.8423,34.448,34.448,36.7124,72.5944,112.06483125000001,112.06483125000001,134.7848,90.0909
285,snn,nsson,jetson_emulator,50,local,0.5843646480985337,46.7894,34.8913,46.7894,48.9175,66.8051,112.06483125000001,112.06483125000001,136.8457,90.1993
286,snn,nsson,jetson_emulator,50,local,0.5856733179944034,47.2128,34.8891,47.2128,48.7211,66.6858,112.06483125000001,112.06483125000001,136.9437,90.0541
287,snn,nsson,jetson_emulator,50,offload,0.5860080018303937,47.1659,33.9103,33.9103,35.6016,72.7688,112.06483125000001,112.06483125000001,135.0746,90.087
288,snn,nsson,jetson_emulator,50,offload,0.5695802143902728,47.0967,34.2777,34.2777,36.4608,72.6495,112.06483125000001,112.06483125000001,135.1712,90.109
289,snn,nsson,jetson_emulator,50,offload,0.5726509653776906,47.3158,33.9182,33.9182,35.913,72.7662,112.06483125000001,112.06483125000001,135.2678,90.1054
290,snn,nsson,jetson_emulator,50,offload,0.5747113656258791,47.2795,33.8255,33.8255,36.1072,72.7964,112.06483125000001,112.06483125000001,135.3644,90.1087
291,snn,nsson,jetson_emulator,50,local,0.582494350762016,47.3432,34.1432,47.3432,49.2525,66.6491,112.06483125000001,112.06483125000001,137.4338,90.0432
292,snn,nsson,jetson_emulator,50,local,0.572072826472915,47.61,34.4444,47.61,49.6956,66.5743,112.06483125000001,112.06483125000001,137.5318,90.0226
293,snn,nsson,jetson_emulator,50,offload,0.5740944062310118,47.5253,34.2247,34.2247,36.3903,72.6667,112.06483125000001,112.06483125000001,135.6543,90.0618
294,snn,nsson,jetson_emulator,50,offload,0.5725231413569299,47.8384,34.1132,34.1132,35.0976,72.7029,112.06483125000001,112.06483125000001,135.7509,90.1176
295,snn,nsson,jetson_emulator,50,offload,0.5736791873109303,48.5389,34.3964,34.3964,36.5286,72.6111,112.06483125000001,112.06483125000001,135.8475,90.1699
296,snn,nsson,jetson_emulator,50,offload,0.5706746004688349,48.8679,34.9061,34.9061,36.9172,72.4464,112.06483125000001,112.06483125000001,135.9441,90.1135
297,snn,nsson,jetson_emulator,50,offload,0.5603628175073836,48.2676,35.2139,35.2139,37.7317,72.3474,112.06483125000001,112.06483125000001,136.0407,90.1439
298,snn,nsson,jetson_emulator,50,local,0.5667102300133275,47.8925,35.093,47.8925,49.8228,66.4952,112.06483125000001,112.06483125000001,138.1199,90.1773
299,snn,nsson,jetson_emulator,50,offload,0.5736348884345736,48.0193,36.0973,36.0973,37.8012,72.0646,112.06483125000001,112.06483125000001,136.234,90.0759
300,snn,nsson,jetson_emulator,50,local,0.5742451444980728,48.1283,34.9279,48.1283,50.5063,66.4293,112.06483125000001,112.06483125000001,138.316,90.1369
301,snn,nsson,jetson_emulator,50,local,0.5641842053645171,48.1601,34.5648,48.1601,49.3887,66.4204,112.06483125000001,112.06483125000001,138.414,90.1599
302,snn,nsson,jetson_emulator,50,offload,0.5690483913903508,49.1318,34.8413,34.8413,37.2704,72.4674,112.06483125000001,112.06483125000001,136.5238,90.1763
303,snn,nsson,jetson_emulator,50,offload,0.5616712774943501,48.3956,34.7859,34.7859,36.6297,72.4852,112.06483125000001,112.06483125000001,136.6204,90.0921
304,snn,nsson,jetson_emulator,50,offload,0.5623629871173621,49.288,36.1837,36.1837,37.3853,72.0371,112.06483125000001,112.06483125000001,136.717,90.0763
305,snn,nsson,jetson_emulator,50,offload,0.562898741517103,50.281,35.0879,35.0879,37.408,72.3879,112.06483125000001,112.06483125000001,136.8136,90.1205
306,snn,nsson,jetson_emulator,50,local,0.5652526917162071,48.9026,35.3138,48.9026,49.9459,66.2139,112.06483125000001,112.06483125000001,138.9041,90.1649
307,snn,nsson,jetson_emulator,50,local,0.5630027063362314,48.8928,34.9674,48.8928,50.9032,66.2166,112.06483125000001,112.06483125000001,139.0021,90.197
308,snn,nsson,jetson_emulator,50,local,0.5671514499075317,48.9982,35.2971,48.9982,51.0113,66.1874,112.06483125000001,112.06483125000001,139.1001,90.0561
309,snn,nsson,jetson_emulator,50,offload,0.5593199662051268,49.4019,35.2378,35.2378,36.9511,72.3397,112.06483125000001,112.06483125000001,137.2001,90.1423
310,snn,nsson,jetson_emulator,50,offload,0.562818853685836,49.034,35.2057,35.2057,37.4943,72.35,112.06483125000001,112.06483125000001,137.2967,90.17
311,snn,nsson,jetson_emulator,50,local,0.5628559011846856,49.7738,35.8761,49.7738,52.0339,65.9732,112.06483125000001,112.06483125000001,139.3942,90.1253
312,snn,nsson,jetson_emulator,50,offload,0.5600366595271264,49.4187,36.3581,36.3581,38.5323,71.9815,112.06483125000001,112.06483125000001,137.4899,90.1464
313,snn,nsson,jetson_emulator,50,local,0.5516045611079405,49.6443,35.6821,49.6443,51.9922,66.0089,112.06483125000001,112.06483125000001,139.5902,90.1987
314,snn,nsson,jetson_emulator,50,local,0.5535864378177779,49.3934,37.5303,49.3934,51.7757,66.0781,112.06483125000001,112.06483125000001,139.6882,90.0536
315,snn,nsson,jetson_emulator,50,local,0.5427706560858828,49.4711,35.5592,49.4711,50.3004,66.0567,112.06483125000001,112.06483125000001,139.7862,90.0712
316,snn,nsson,jetson_emulator,50,local,0.5418823764604456,49.5295,36.175,49.5295,51.0069,66.0406,112.06483125000001,112.06483125000001,139.8843,90.0836
317,snn,nsson,jetson_emulator,50,offload,0.5385714323838698,50.0641,36.0303,36.0303,38.1382,72.086,112.06483125000001,112.06483125000001,137.973,90.0479
318,snn,nsson,jetson_emulator,50,local,0.5314373861420219,50.4026,35.8935,50.4026,51.7283,65.8006,112.06483125000001,112.06483125000001,140.0803,90.1281
319,snn,nsson,jetson_emulator,50,offload,0.53573571222468,50.0644,35.6504,35.6504,37.1274,72.2074,112.06483125000001,112.06483125000001,138.1662,90.1375
320,snn,nsson,jetson_emulator,50,offload,0.5381559946251019,50.1162,37.0077,37.0077,38.6214,71.7755,112.06483125000001,112.06483125000001,138.2628,90.0457
321,snn,nsson,jetson_emulator,50,offload,0.5330735826853558,51.2696,36.0456,36.0456,38.5139,72.0811,112.06483125000001,112.06483125000001,138.3594,90.0646
322,snn,nsson,jetson_emulator,50,offload,0.532315360676505,50.2961,37.1704,37.1704,39.1232,71.7241,112.06483125000001,112.06483125000001,138.456,90.1392
323,snn,nsson,jetson_emulator,50,offload,0.5332869656772227,51.4007,37.083,37.083,39.1743,71.7517,112.06483125000001,112.06483125000001,138.5526,90.0897
324,snn,nsson,jetson_emulator,50,offload,0.5385597191695143,50.346,36.4608,36.4608,38.3457,71.9489,112.06483125000001,112.06483125000001,138.6493,90.1081
325,snn,nsson,jetson_emulator,50,local,0.5469382083866244,51.5208,36.3667,51.5208,53.4261,65.4958,112.06483125000001,112.06483125000001,140.7664,90.0127
326,snn,nsson,jetson_emulator,50,local,0.539354647787036,51.4825,37.4715,51.4825,53.6881,65.5062,112.06483125000001,112.06483125000001,140.8645,90.1844
327,snn,nsson,jetson_emulator,50,offload,0.5366184330640874,51.8116,36.8127,36.8127,38.8631,71.8372,112.06483125000001,112.06483125000001,138.9391,89.9768
328,snn,nsson,jetson_emulator,50,offload,0.5383500977100152,51.5576,36.6204,36.6204,38.2273,71.8982,112.06483125000001,112.06483125000001,139.0357,90.0635
329,snn,nsson,jetson_emulator,50,offload,0.5347423964823725,50.8934,36.4008,36.4008,38.4297,71.968,112.06483125000001,112.06483125000001,139.1323,90.1214
330,snn,nsson,jetson_emulator,50,offload,0.5314732662601117,51.3898,37.8876,37.8876,40.0902,71.4982,112.06483125000001,112.06483125000001,139.2289,90.0311
331,snn,nsson,jetson_emulator,50,offload,0.5287332662082469,50.8774,36.6914,36.6914,39.0921,71.8757,112.06483125000001,112.06483125000001,139.3255,90.1729
332,snn,nsson,jetson_emulator,50,local,0.5299957425966623,50.9989,36.9924,50.9989,53.2065,65.6377,112.06483125000001,112.06483125000001,141.4526,90.0766
333,snn,nsson,jetson_emulator,50,local,0.5298491729993522,51.0787,36.8625,51.0787,52.4407,65.616,112.06483125000001,112.06483125000001,141.5506,90.1891
334,snn,nsson,jetson_emulator,50,local,0.5408063973891113,51.4795,38.0722,51.4795,53.1314,65.507,112.06483125000001,112.06483125000001,141.6486,90.0426
335,snn,nsson,jetson_emulator,50,offload,0.5427934138690554,51.3658,37.9669,37.9669,39.4837,71.4734,112.06483125000001,112.06483125000001,139.712,90.0879
336,snn,nsson,jetson_emulator,50,local,0.5367530156264545,51.3969,38.454,51.3969,52.551,65.5295,112.06483125000001,112.06483125000001,141.8447,90.1166
337,snn,nsson,jetson_emulator,50,local,0.5356646886989539,51.4196,37.4554,51.4196,53.6238,65.5233,112.06483125000001,112.06483125000001,141.9427,90.1
338,snn,nsson,jetson_emulator,50,local,0.5353077217638057,51.8907,37.8064,51.8907,53.1699,65.3956,112.06483125000001,112.06483125000001,142.0407,90.0382
339,snn,nsson,jetson_emulator,50,offload,0.5393197164849584,51.9201,37.376,37.376,38.9918,71.6592,112.06483125000001,112.06483125000001,140.0984,90.0422
340,snn,nsson,jetson_emulator,50,offload,0.5409390953933954,51.8411,37.2179,37.2179,40.2429,71.709,112.06483125000001,112.06483125000001,140.1951,90.0689
341,snn,nsson,jetson_emulator,50,local,0.5397108105654871,52.1317,37.9121,52.1317,53.9654,65.3305,112.06483125000001,112.06483125000001,142.3347,90.1865
342,snn,nsson,jetson_emulator,50,offload,0.537661730147933,52.7094,37.3686,37.3686,39.2072,71.6615,112.06483125000001,112.06483125000001,140.3883,90.0736
343,snn,nsson,jetson_emulator,50,local,0.5408789195312005,51.942,37.6762,51.942,54.6099,65.3818,112.06483125000001,112.06483125000001,142.5308,90.1646
344,snn,nsson,jetson_emulator,50,offload,0.5425420167954179,51.8901,37.7286,37.7286,38.8149,71.5482,112.06483125000001,112.06483125000001,140.5815,90.1266
345,snn,nsson,jetson_emulator,50,local,0.5417101120465069,51.8428,36.9948,51.8428,54.2708,65.4086,112.06483125000001,112.06483125000001,142.7268,90.1276
346,snn,nsson,jetson_emulator,50,offload,0.5486942905519713,53.404,37.3834,37.3834,39.001,71.6568,112.06483125000001,112.06483125000001,140.7747,90.1061
347,snn,nsson,jetson_emulator,50,offload,0.5510294880127953,51.9173,37.8056,37.8056,40.5571,71.524,112.06483125000001,112.06483125000001,140.8713,90.0576
348,snn,nsson,jetson_emulator,50,local,0.5531956961801776,53.0405,37.1704,53.0405,55.4869,65.0861,112.06483125000001,112.06483125000001,143.0209,90.065
349,snn,nsson,jetson_emulator,50,local,0.553080523093459,52.5409,37.8369,52.5409,54.634,65.2203,112.06483125000001,112.06483125000001,143.1189,90.0594
350,snn,nsson,jetson_emulator,50,local,0.5599407583267482,52.8797,37.7004,52.8797,55.0717,65.1293,112.06483125000001,112.06483125000001,143.2169,90.1233
351,snn,nsson,jetson_emulator,50,local,0.5488422630368899,52.2822,38.3678,52.2822,54.6133,65.2899,112.06483125000001,112.06483125000001,143.3149,90.0136
352,snn,nsson,jetson_emulator,50,offload,0.5423022397675089,52.6017,37.5827,37.5827,39.5899,71.594,112.06483125000001,112.06483125000001,141.3544,90.1121
353,snn,nsson,jetson_emulator,50,offload,0.5440789338652733,52.3142,37.6557,37.6557,39.4304,71.5711,112.06483125000001,112.06483125000001,141.451,90.0359
354,snn,nsson,jetson_emulator,50,local,0.5332117514120809,52.5078,37.553,52.5078,53.9466,65.2292,112.06483125000001,112.06483125000001,143.609,90.1507
355,snn,nsson,jetson_emulator,50,local,0.5389142281833202,52.5307,37.7854,52.5307,54.0211,65.223,112.06483125000001,112.06483125000001,143.707,90.0276
356,snn,nsson,jetson_emulator,50,offload,0.5370057811971994,52.6465,38.3135,38.3135,40.3251,71.3648,112.06483125000001,112.06483125000001,141.7408,90.1701
357,snn,nsson,jetson_emulator,50,local,0.5324619686728247,53.4463,37.5312,53.4463,55.5405,64.9776,112.06483125000001,112.06483125000001,143.9031,90.1021
358,snn,nsson,jetson_emulator,50,offload,0.5227396901822257,52.5457,37.5125,37.5125,39.3317,71.6162,112.06483125000001,112.06483125000001,141.9341,90.1059
359,snn,nsson,jetson_emulator,50,offload,0.5027098860214352,52.5874,37.9946,37.9946,40.0679,71.4646,112.06483125000001,112.06483125000001,142.0307,90.0169
360,snn,nsson,jetson_emulator,50,offload,0.49729298033772834,52.582,37.6606,37.6606,39.2572,71.5695,112.06483125000001,112.06483125000001,142.1273,90.0174
361,snn,nsson,jetson_emulator,50,offload,0.4997575572722844,53.7105,38.8901,38.8901,39.8039,71.1849,112.06483125000001,112.06483125000001,142.2239,90.0582
362,snn,nsson,jetson_emulator,50,local,0.4930622605858879,52.9644,38.558,52.9644,54.1924,65.1065,112.06483125000001,112.06483125000001,144.3932,90.1416
363,snn,nsson,jetson_emulator,50,local,0.49955758454015703,53.6317,37.6625,53.6317,55.7447,64.9281,112.06483125000001,112.06483125000001,144.4912,90.0556
364,snn,nsson,jetson_emulator,50,offload,0.5025752755259422,52.7773,38.1574,38.1574,40.7023,71.4136,112.06483125000001,112.06483125000001,142.5137,89.9982
365,snn,nsson,jetson_emulator,50,local,0.501010811169133,53.8441,37.834,53.8441,55.7602,64.8716,112.06483125000001,112.06483125000001,144.6872,90.084
366,snn,nsson,jetson_emulator,50,offload,0.4980967238114286,52.9056,37.809,37.809,40.0871,71.5229,112.06483125000001,112.06483125000001,142.707,90.0763
367,snn,nsson,jetson_emulator,50,local,0.5039497494426474,52.9556,38.2532,52.9556,55.4967,65.1089,112.06483125000001,112.06483125000001,144.8832,90.2059
368,snn,nsson,jetson_emulator,50,local,0.5016919676445927,52.8867,38.5991,52.8867,54.6621,65.1274,112.06483125000001,112.06483125000001,144.9813,90.0847
369,snn,nsson,jetson_emulator,50,offload,0.5012904482784468,53.5003,38.6143,38.6143,40.6325,71.2709,112.06483125000001,112.06483125000001,142.9968,90.1249
370,snn,nsson,jetson_emulator,50,offload,0.49918327728063594,53.125,38.1363,38.1363,40.0102,71.4202,112.06483125000001,112.06483125000001,143.0934,90.0541
371,snn,nsson,jetson_emulator,50,offload,0.5048463314865439,53.1301,39.3001,39.3001,41.2979,71.0576,112.06483125000001,112.06483125000001,143.19,90.1027
372,snn,nsson,jetson_emulator,50,local,0.4972032116206298,53.1744,39.494,53.1744,54.7296,65.0503,112.06483125000001,112.06483125000001,145.3733,90.1252
373,snn,nsson,jetson_emulator,50,local,0.5067137687048549,53.7508,39.2274,53.7508,55.1702,64.8964,112.06483125000001,112.06483125000001,145.4714,90.1458
374,snn,nsson,jetson_emulator,50,local,0.4945167099203021,54.1174,38.2952,54.1174,55.8672,64.7989,112.06483125000001,112.06483125000001,145.5694,90.1932
375,snn,nsson,jetson_emulator,50,local,0.5021211458287461,53.2745,38.2186,53.2745,55.3587,65.0235,112.06483125000001,112.06483125000001,145.6674,90.1639
376,snn,nsson,jetson_emulator,50,local,0.5040280065981523,54.4693,38.8582,54.4693,56.735,64.7056,112.06483125000001,112.06483125000001,145.7654,90.0224
377,snn,nsson,jetson_emulator,50,offload,0.5007677326833484,53.9578,38.8962,38.8962,40.3382,71.183,112.06483125000001,112.06483125000001,143.7697,90.1222
378,snn,nsson,jetson_emulator,50,local,0.5063426727656932,53.462,38.4388,53.462,55.5089,64.9734,112.06483125000001,112.06483125000001,145.9615,90.1264
379,snn,nsson,jetson_emulator,50,local,0.501831622112785,53.47,39.1651,53.47,55.3614,64.9713,112.06483125000001,112.06483125000001,146.0595,90.1643
380,snn,nsson,jetson_emulator,50,local,0.5034840829862924,53.3354,39.1108,53.3354,55.313,65.0072,112.06483125000001,112.06483125000001,146.1575,90.1393
381,snn,nsson,jetson_emulator,50,offload,0.5050700161775119,53.8933,38.6273,38.6273,40.1478,71.2668,112.06483125000001,112.06483125000001,144.1562,90.1002
382,snn,nsson,jetson_emulator,50,local,0.5109320378036187,53.3026,38.9359,53.3026,54.5369,65.016,112.06483125000001,112.06483125000001,146.3535,90.0489
383,snn,nsson,jetson_emulator,50,offload,0.5009307516306603,53.8732,38.3916,38.3916,40.5126,71.3404,112.06483125000001,112.06483125000001,144.3494,90.1312
384,snn,nsson,jetson_emulator,50,offload,0.5100885157329668,53.7697,38.1759,38.1759,40.5197,71.4078,112.06483125000001,112.06483125000001,144.446,90.0589
385,snn,nsson,jetson_emulator,50,local,0.5154978719858639,53.487,38.4929,53.487,55.6298,64.9667,112.06483125000001,112.06483125000001,146.6476,90.0829
386,snn,nsson,jetson_emulator,50,offload,0.5176877510399424,53.7274,38.1545,38.1545,40.2771,71.4145,112.06483125000001,112.06483125000001,144.6392,90.0655
387,snn,nsson,jetson_emulator,50,local,0.5192177693805883,53.9528,39.3655,53.9528,56.3133,64.8426,112.06483125000001,112.06483125000001,146.8436,90.0695
388,snn,nsson,jetson_emulator,50,offload,0.5157134621742423,54.1696,38.7232,38.7232,40.2167,71.2369,112.06483125000001,112.06483125000001,144.8324,90.1039
389,snn,nsson,jetson_emulator,50,local,0.5222732259162304,53.6567,38.9786,53.6567,55.4471,64.9215,112.06483125000001,112.06483125000001,147.0397,89.9951
390,snn,nsson,jetson_emulator,50,local,0.5235268022103107,55.0054,38.505,55.0054,57.7654,64.5639,112.06483125000001,112.06483125000001,147.1377,90.0743
391,snn,nsson,jetson_emulator,50,local,0.5277099560718829,54.223,38.7097,54.223,55.7716,64.7709,112.06483125000001,112.06483125000001,147.2357,90.2239
392,snn,nsson,jetson_emulator,50,local,0.5251577175454889,54.1713,38.3395,54.1713,56.1537,64.7846,112.06483125000001,112.06483125000001,147.3337,90.1337
393,snn,nsson,jetson_emulator,50,local,0.5235002550082433,53.561,38.3796,53.561,55.8702,64.947,112.06483125000001,112.06483125000001,147.4317,90.04
394,snn,nsson,jetson_emulator,50,offload,0.512075135555671,54.3935,38.7944,38.7944,40.6978,71.2147,112.06483125000001,112.06483125000001,145.4121,90.1487
395,snn,nsson,jetson_emulator,50,local,0.5005697498897144,54.7169,39.7558,54.7169,56.1534,64.6401,112.06483125000001,112.06483125000001,147.6278,90.1746
396,snn,nsson,jetson_emulator,50,offload,0.5024681395706194,54.6352,39.0775,39.0775,40.5259,71.1267,112.06483125000001,112.06483125000001,145.6053,90.1376
397,snn,nsson,jetson_emulator,50,local,0.5059898561121917,53.6294,38.7767,53.6294,54.7548,64.9288,112.06483125000001,112.06483125000001,147.8238,90.1072
398,snn,nsson,jetson_emulator,50,local,0.5141814216228079,54.1757,38.3953,54.1757,56.055,64.7834,112.06483125000001,112.06483125000001,147.9218,90.0434
399,snn,nsson,jetson_emulator,50,local,0.5178688797942055,53.8606,39.0854,53.8606,56.1463,64.8672,112.06483125000001,112.06483125000001,148.0199,90.0174
400,snn,nsson,jetson_emulator,50,local,0.5186488666065805,54.3455,38.6595,54.3455,56.7087,64.7384,112.06483125000001,112.06483125000001,148.1179,90.1136
401,snn,nsson,jetson_emulator,50,local,0.5101054689947966,53.9032,38.7393,53.9032,55.4523,64.8558,112.06483125000001,112.06483125000001,148.2159,90.0406
402,snn,nsson,jetson_emulator,50,local,0.5239075657505611,53.7419,39.9575,53.7419,55.8345,64.8988,112.06483125000001,112.06483125000001,148.3139,90.1104
403,snn,nsson,jetson_emulator,50,local,0.5236927481993953,53.8429,38.4611,53.8429,56.0945,64.8719,112.06483125000001,112.06483125000001,148.4119,90.093
404,snn,nsson,jetson_emulator,50,local,0.5229228220551698,54.5711,38.3151,54.5711,56.8152,64.6786,112.06483125000001,112.06483125000001,148.51,90.0834
405,snn,nsson,jetson_emulator,50,offload,0.5178436284299761,53.6017,38.3811,38.3811,39.9477,71.3437,112.06483125000001,112.06483125000001,146.4748,90.1004
406,snn,nsson,jetson_emulator,50,offload,0.5279640376490048,54.1048,39.5639,39.5639,41.7315,70.9759,112.06483125000001,112.06483125000001,146.5715,90.1353
407,snn,nsson,jetson_emulator,50,local,0.5323570505444867,53.9638,39.4103,53.9638,56.1861,64.8397,112.06483125000001,112.06483125000001,148.804,90.0424
408,snn,nsson,jetson_emulator,50,local,0.5275979511916102,53.9734,40.5161,53.9734,55.876,64.8372,112.06483125000001,112.06483125000001,148.902,90.0437
409,snn,nsson,jetson_emulator,50,offload,0.5238298065347906,53.9728,39.6183,39.6183,41.5383,70.9591,112.06483125000001,112.06483125000001,146.8613,90.1156
410,snn,nsson,jetson_emulator,50,offload,0.5276116573221944,53.6002,38.3385,38.3385,39.5948,71.357,112.06483125000001,112.06483125000001,146.9579,90.0997
411,snn,nsson,jetson_emulator,50,offload,0.5277616438144462,53.5258,39.1016,39.1016,40.9668,71.1192,112.06483125000001,112.06483125000001,147.0545,90.1553
412,snn,nsson,jetson_emulator,50,local,0.53265311151505,53.8575,39.1967,53.8575,56.1059,64.868,112.06483125000001,112.06483125000001,149.2941,90.091
413,snn,nsson,jetson_emulator,50,offload,0.5340373095735014,53.8955,38.8742,38.8742,40.5759,71.1899,112.06483125000001,112.06483125000001,147.2477,90.0912
414,snn,nsson,jetson_emulator,50,offload,0.5174698574594752,54.3572,39.2105,39.2105,40.8641,71.0854,112.06483125000001,112.06483125000001,147.3444,90.127
415,snn,nsson,jetson_emulator,50,offload,0.5242578067438168,54.4024,38.5341,38.5341,40.366,71.2959,112.06483125000001,112.06483125000001,147.441,90.1278
416,snn,nsson,jetson_emulator,50,offload,0.5219173962993942,54.2469,39.0122,39.0122,40.7672,71.147,112.06483125000001,112.06483125000001,147.5376,90.0518
417,snn,nsson,jetson_emulator,50,local,0.5201466653905416,53.5887,38.4356,53.5887,55.6807,64.9396,112.06483125000001,112.06483125000001,149.7842,90.0528
418,snn,nsson,jetson_emulator,50,offload,0.5252051165463567,53.9509,38.438,38.438,41.2807,71.3259,112.06483125000001,112.06483125000001,147.7308,90.1127
419,snn,nsson,jetson_emulator,50,offload,0.5364078925410765,53.6023,38.844,38.844,39.7453,71.1993,112.06483125000001,112.06483125000001,147.8274,90.1211
420,snn,nsson,jetson_emulator,50,offload,0.5283139047672178,54.0447,38.6927,38.6927,39.6812,71.2464,112.06483125000001,112.06483125000001,147.924,90.0727
421,snn,nsson,jetson_emulator,50,offload,0.5346997524596231,53.761,38.4564,38.4564,40.5583,71.3201,112.06483125000001,112.06483125000001,148.0206,90.141
422,snn,nsson,jetson_emulator,50,local,0.5263826856454576,53.9634,39.2077,53.9634,56.1451,64.8398,112.06483125000001,112.06483125000001,150.2743,90.1162
423,snn,nsson,jetson_emulator,50,local,0.5273814415199759,54.2062,39.093,54.2062,55.5532,64.7753,112.06483125000001,112.06483125000001,150.3723,90.1348
424,snn,nsson,jetson_emulator,50,local,0.5311236113765723,53.4594,38.2852,53.4594,55.4233,64.9741,112.06483125000001,112.06483125000001,150.4703,90.084
425,snn,nsson,jetson_emulator,50,offload,0.5275371363179993,53.9912,38.3751,38.3751,40.2726,71.3456,112.06483125000001,112.06483125000001,148.4071,90.0692
426,snn,nsson,jetson_emulator,50,offload,0.5239583571564146,53.7282,39.3144,39.3144,41.4261,71.0532,112.06483125000001,112.06483125000001,148.5037,90.1146
427,snn,nsson,jetson_emulator,50,local,0.5197303414123674,53.6076,38.7654,53.6076,55.2194,64.9346,112.06483125000001,112.06483125000001,150.7644,89.9778
428,snn,nsson,jetson_emulator,50,offload,0.5114909883528197,54.2049,38.7212,38.7212,40.6012,71.2375,112.06483125000001,112.06483125000001,148.6969,90.0997
429,snn,nsson,jetson_emulator,50,offload,0.5079547331739059,53.5949,38.6,38.6,39.8127,71.2753,112.06483125000001,112.06483125000001,148.7935,90.0818
430,snn,nsson,jetson_emulator,50,local,0.5064954434350649,53.6336,38.7797,53.6336,55.6577,64.9276,112.06483125000001,112.06483125000001,151.0585,90.0628
431,snn,nsson,jetson_emulator,50,local,0.5211181955980217,54.0636,38.4852,54.0636,55.7358,64.8132,112.06483125000001,112.06483125000001,151.1565,90.097
432,snn,nsson,jetson_emulator,50,offload,0.5115370217889931,53.6187,39.504,39.504,41.7346,70.9944,112.06483125000001,112.06483125000001,149.0834,89.9602
433,snn,nsson,jetson_emulator,50,local,0.5148352828374321,53.4621,38.2718,53.4621,56.2794,64.9734,112.06483125000001,112.06483125000001,151.3525,90.1734
434,snn,nsson,jetson_emulator,50,offload,0.5087782950929394,53.5043,39.3992,39.3992,41.9612,71.0269,112.06483125000001,112.06483125000001,149.2766,90.136
435,snn,nsson,jetson_emulator,50,offload,0.5079856858914787,54.0981,38.1806,38.1806,40.3104,71.4064,112.06483125000001,112.06483125000001,149.3732,90.0822
436,snn,nsson,jetson_emulator,50,offload,0.5135328793697379,54.7828,38.9036,38.9036,40.6791,71.1807,112.06483125000001,112.06483125000001,149.4698,90.1385
437,snn,nsson,jetson_emulator,50,local,0.5154312014893051,54.437,38.904,54.437,55.9417,64.7141,112.06483125000001,112.06483125000001,151.7446,90.1275
438,snn,nsson,jetson_emulator,50,local,0.5048432980722792,53.9685,38.7054,53.9685,55.9409,64.8385,112.06483125000001,112.06483125000001,151.8426,90.1686
439,snn,nsson,jetson_emulator,50,offload,0.5159469823957015,54.5639,38.7782,38.7782,41.4328,71.2198,112.06483125000001,112.06483125000001,149.7597,90.1581
440,snn,nsson,jetson_emulator,50,local,0.5133887949571395,53.5359,38.9567,53.5359,55.3866,64.9537,112.06483125000001,112.06483125000001,152.0386,90.1115
441,snn,nsson,jetson_emulator,50,local,0.5037517958529065,53.5126,38.8711,53.5126,55.4053,64.9599,112.06483125000001,112.06483125000001,152.1367,90.1351
442,snn,nsson,jetson_emulator,50,offload,0.5077169529081399,54.0618,38.9877,38.9877,40.5286,71.1546,112.06483125000001,112.06483125000001,150.0495,90.0687
443,snn,nsson,jetson_emulator,50,offload,0.5042562853490521,53.4621,38.5667,38.5667,41.0407,71.2857,112.06483125000001,112.06483125000001,150.1461,90.0971
444,snn,nsson,jetson_emulator,50,local,0.5000515761966725,53.9333,38.5267,53.9333,55.7594,64.8478,112.06483125000001,112.06483125000001,152.4307,90.1334
445,snn,nsson,jetson_emulator,50,local,0.5050142762304035,54.258,38.7433,54.258,56.9055,64.7616,112.06483125000001,112.06483125000001,152.5287,90.1462
446,snn,nsson,jetson_emulator,50,local,0.5033479255741247,53.7736,38.9543,53.7736,55.6868,64.8903,112.06483125000001,112.06483125000001,152.6268,90.0963
447,snn,nsson,jetson_emulator,50,local,0.4877278886320773,53.9278,38.9353,53.9278,55.9635,64.8493,112.06483125000001,112.06483125000001,152.7248,90.0893
448,snn,nsson,jetson_emulator,50,local,0.49237187638863433,53.3536,40.5346,53.3536,55.6461,65.0024,112.06483125000001,112.06483125000001,152.8228,90.0801
449,snn,nsson,jetson_emulator,50,offload,0.501320196515325,53.6097,38.1505,38.1505,39.5652,71.4158,112.06483125000001,112.06483125000001,150.7258,89.9828
450,snn,nsson,jetson_emulator,50,local,0.5069265527975481,53.6008,38.2046,53.6008,56.0484,64.9364,112.06483125000001,112.06483125000001,153.0188,90.1002
451,snn,nsson,jetson_emulator,50,offload,0.5070335464934846,53.5587,39.5262,39.5262,41.8962,70.9876,112.06483125000001,112.06483125000001,150.919,90.1135
452,snn,nsson,jetson_emulator,50,offload,0.5081119563828188,54.37,38.5573,38.5573,40.0159,71.2886,112.06483125000001,112.06483125000001,151.0156,90.0869
453,snn,nsson,jetson_emulator,50,offload,0.4987747151173883,54.0114,38.809,38.809,41.0565,71.2102,112.06483125000001,112.06483125000001,151.1122,90.0878
454,snn,nsson,jetson_emulator,50,local,0.4872696442411511,54.1284,38.6071,54.1284,55.4183,64.796,112.06483125000001,112.06483125000001,153.4109,90.0549
455,snn,nsson,jetson_emulator,50,offload,0.4706225933738532,53.9171,38.5639,38.5639,40.5286,71.2866,112.06483125000001,112.06483125000001,151.3055,90.1064
456,snn,nsson,jetson_emulator,50,offload,0.4642368684530005,53.829,38.6114,38.6114,40.3337,71.2718,112.06483125000001,112.06483125000001,151.4021,90.0705
457,snn,nsson,jetson_emulator,50,local,0.4554081979687248,53.5439,39.6203,53.5439,55.2139,64.9516,112.06483125000001,112.06483125000001,153.705,90.0108
458,snn,nsson,jetson_emulator,50,offload,0.4531309611460868,53.4732,38.9374,38.9374,41.5378,71.1702,112.06483125000001,112.06483125000001,151.5953,90.097
459,snn,nsson,jetson_emulator,50,offload,0.44617588550354176,53.7548,38.1486,38.1486,39.8244,71.4164,112.06483125000001,112.06483125000001,151.6919,90.0796
460,snn,nsson,jetson_emulator,50,local,0.4530398763346273,53.9896,39.22,53.9896,56.1035,64.8328,112.06483125000001,112.06483125000001,153.999,90.0101
461,snn,nsson,jetson_emulator,50,local,0.45817558032045375,54.5622,38.1951,54.5622,56.9896,64.681,112.06483125000001,112.06483125000001,154.0971,90.0158
462,snn,nsson,jetson_emulator,50,offload,0.4659447932123893,53.9535,38.5963,38.5963,40.5436,71.2765,112.06483125000001,112.06483125000001,151.9817,90.0315
463,snn,nsson,jetson_emulator,50,local,0.4696601660478048,53.4063,39.3751,53.4063,54.9266,64.9883,112.06483125000001,112.06483125000001,154.2931,90.0309
464,snn,nsson,jetson_emulator,50,local,0.46501445944913206,53.9489,38.8661,53.9489,55.7878,64.8437,112.06483125000001,112.06483125000001,154.3911,90.0645
465,snn,nsson,jetson_emulator,50,local,0.4641027552197221,53.7524,39.1399,53.7524,56.5881,64.896,112.06483125000001,112.06483125000001,154.4891,90.1666
466,snn,nsson,jetson_emulator,50,local,0.45657021520772934,53.5808,38.2778,53.5808,55.9349,64.9417,112.06483125000001,112.06483125000001,154.5871,90.0009
467,snn,nsson,jetson_emulator,50,offload,0.45690389167486056,53.3721,38.6275,38.6275,40.2562,71.2668,112.06483125000001,112.06483125000001,152.4648,90.0871
468,snn,nsson,jetson_emulator,50,offload,0.4501461389672755,53.3602,38.823,38.823,40.2394,71.2058,112.06483125000001,112.06483125000001,152.5614,90.1349
469,snn,nsson,jetson_emulator,50,local,0.434026348524806,54.0937,39.4895,54.0937,55.3543,64.8052,112.06483125000001,112.06483125000001,154.8812,90.0818
470,snn,nsson,jetson_emulator,50,offload,0.43041151644590375,53.649,38.3561,38.3561,40.7169,71.3515,112.06483125000001,112.06483125000001,152.7546,90.0724
471,snn,nsson,jetson_emulator,50,local,0.4336405307448523,53.5118,38.5564,53.5118,55.2808,64.9601,112.06483125000001,112.06483125000001,155.0772,90.0747
472,snn,nsson,jetson_emulator,50,local,0.4317721814619243,53.5066,39.4535,53.5066,55.1452,64.9615,112.06483125000001,112.06483125000001,155.1753,90.1879
473,snn,nsson,jetson_emulator,50,local,0.4288567096941321,53.3978,38.3008,53.3978,55.7585,64.9906,112.06483125000001,112.06483125000001,155.2733,90.1348
474,snn,nsson,jetson_emulator,50,offload,0.4408924194007705,53.7363,38.8224,38.8224,41.4571,71.206,112.06483125000001,112.06483125000001,153.1411,90.0685
475,snn,nsson,jetson_emulator,50,offload,0.43772311025198507,53.6317,39.2234,39.2234,41.0603,71.0814,112.06483125000001,112.06483125000001,153.2377,90.0678
476,snn,nsson,jetson_emulator,50,offload,0.4294454234666262,54.2362,38.7871,38.7871,40.3306,71.217,112.06483125000001,112.06483125000001,153.3343,90.197
477,snn,nsson,jetson_emulator,50,local,0.44089445274906436,54.6616,39.3807,54.6616,56.0591,64.6547,112.06483125000001,112.06483125000001,155.6654,90.1755
478,snn,nsson,jetson_emulator,50,local,0.4484847320776704,53.9979,39.229,53.9979,55.9276,64.8307,112.06483125000001,112.06483125000001,155.7634,90.0257
479,snn,nsson,jetson_emulator,50,local,0.4549637294424176,53.7116,38.6608,53.7116,55.033,64.9068,112.06483125000001,112.06483125000001,155.8614,90.0705
480,snn,nsson,jetson_emulator,50,offload,0.4562074923228835,53.6517,39.1721,39.1721,42.1982,71.0973,112.06483125000001,112.06483125000001,153.7208,90.0336
481,snn,nsson,jetson_emulator,50,local,0.4565254815642345,53.6769,39.6674,53.6769,55.7882,64.9161,112.06483125000001,112.06483125000001,156.0574,90.1052
482,snn,nsson,jetson_emulator,50,offload,0.4498212845917981,54.0056,39.1577,39.1577,41.4052,71.1018,112.06483125000001,112.06483125000001,153.914,89.9752
483,snn,nsson,jetson_emulator,50,offload,0.45330734446489745,54.2675,40.0073,40.0073,41.4461,70.839,112.06483125000001,112.06483125000001,154.0106,90.061
484,snn,nsson,jetson_emulator,50,local,0.4552509495082257,54.2406,39.8923,54.2406,56.1546,64.7662,112.06483125000001,112.06483125000001,156.3515,90.1207
485,snn,nsson,jetson_emulator,50,offload,0.4592096245196025,54.2187,38.5539,38.5539,40.1735,71.2897,112.06483125000001,112.06483125000001,154.2038,90.1025
486,snn,nsson,jetson_emulator,50,offload,0.4591047340864229,53.867,39.6785,39.6785,41.0025,70.9405,112.06483125000001,112.06483125000001,154.3004,90.1107
487,snn,nsson,jetson_emulator,50,local,0.466898251208219,53.8607,40.3081,53.8607,56.961,64.8671,112.06483125000001,112.06483125000001,156.6455,90.0953
488,snn,nsson,jetson_emulator,50,local,0.4612520692440925,54.3476,38.8161,54.3476,56.5774,64.7378,112.06483125000001,112.06483125000001,156.7436,90.078
489,snn,nsson,jetson_emulator,50,local,0.4598472768006143,53.8711,38.7408,53.8711,56.2604,64.8644,112.06483125000001,112.06483125000001,156.8416,90.1142
490,snn,nsson,jetson_emulator,50,offload,0.4685956762004639,54.6834,38.6047,38.6047,40.2503,71.2738,112.06483125000001,112.06483125000001,154.6869,90.0238
491,snn,nsson,jetson_emulator,50,offload,0.48372461696192476,53.8587,38.5406,38.5406,40.3675,71.2939,112.06483125000001,112.06483125000001,154.7835,90.1101
492,snn,nsson,jetson_emulator,50,local,0.4729068971441537,54.8102,38.607,54.8102,57.3787,64.6155,112.06483125000001,112.06483125000001,157.1356,90.1324
493,snn,nsson,jetson_emulator,50,offload,0.46945234161458727,53.9089,38.7346,38.7346,40.3634,71.2333,112.06483125000001,112.06483125000001,154.9767,90.0359
494,snn,nsson,jetson_emulator,50,offload,0.47518068531363783,55.2771,39.3375,39.3375,41.3859,71.046,112.06483125000001,112.06483125000001,155.0733,90.027
495,snn,nsson,jetson_emulator,50,local,0.47818076213053906,54.146,39.7841,54.146,55.9844,64.7913,112.06483125000001,112.06483125000001,157.4297,90.0284
496,snn,nsson,jetson_emulator,50,local,0.47793177768144623,54.0208,38.7546,54.0208,55.7539,64.8246,112.06483125000001,112.06483125000001,157.5277,90.0682
497,snn,nsson,jetson_emulator,50,offload,0.48483817565314885,54.804,39.7009,39.7009,41.7371,70.9336,112.06483125000001,112.06483125000001,155.3632,90.0096
498,snn,nsson,jetson_emulator,50,offload,0.49641476381862487,55.2229,39.4471,39.4471,40.5853,71.0121,112.06483125000001,112.06483125000001,155.4598,90.1231
499,snn,nsson,jetson_emulator,50,offload,0.5099704965160279,54.2856,40.4656,40.4656,42.5922,70.6981,112.06483125000001,112.06483125000001,155.5564,90.1082
500,snn,nsson,jetson_emulator,50,offload,0.5074785582515385,55.0883,40.5086,40.5086,42.1306,70.6849,112.06483125000001,112.06483125000001,155.653,90.1269
501,snn,nsson,jetson_emulator,50,offload,0.5080844524000352,54.992,38.9575,38.9575,41.0663,71.164,112.06483125000001,112.06483125000001,155.7496,90.1236
502,snn,nsson,jetson_emulator,50,offload,0.5057065947938975,54.6792,39.1137,39.1137,40.7528,71.1155,112.06483125000001,112.06483125000001,155.8462,89.9948
503,snn,nsson,jetson_emulator,50,local,0.5084870037598593,54.5748,39.454,54.5748,57.1505,64.6777,112.06483125000001,112.06483125000001,158.2139,90.0543
504,snn,nsson,jetson_emulator,50,local,0.52380272921871,54.4657,39.3015,54.4657,56.8845,64.7066,112.06483125000001,112.06483125000001,158.3119,90.108
505,snn,nsson,jetson_emulator,50,offload,0.5259452712572408,54.4994,39.6009,39.6009,41.9958,70.9645,112.06483125000001,112.06483125000001,156.1361,90.0533
506,snn,nsson,jetson_emulator,50,offload,0.5236679430763111,55.5977,39.5007,39.5007,41.3094,70.9955,112.06483125000001,112.06483125000001,156.2327,90.0794
507,snn,nsson,jetson_emulator,50,local,0.5188497431608048,55.0237,39.1705,55.0237,55.6988,64.5591,112.06483125000001,112.06483125000001,158.6059,90.0481
508,snn,nsson,jetson_emulator,50,local,0.5127473468007525,54.9295,39.6573,54.9295,56.2022,64.584,112.06483125000001,112.06483125000001,158.704,90.1113
509,snn,nsson,jetson_emulator,50,local,0.5076038355875111,55.8829,39.91,55.8829,58.1025,64.3335,112.06483125000001,112.06483125000001,158.802,90.1432
510,snn,nsson,jetson_emulator,50,local,0.5067718483822725,55.2257,39.7536,55.2257,57.5369,64.5059,112.06483125000001,112.06483125000001,158.9,90.1217
511,snn,nsson,jetson_emulator,50,offload,0.499467168015166,55.5673,40.4805,40.4805,42.3243,70.6935,112.06483125000001,112.06483125000001,156.7157,90.0167
512,snn,nsson,jetson_emulator,50,local,0.4949316225736173,55.1911,39.489,55.1911,57.3644,64.515,112.06483125000001,112.06483125000001,159.096,90.1234
513,snn,nsson,jetson_emulator,50,local,0.5026292684180511,54.8216,39.3619,54.8216,56.9991,64.6124,112.06483125000001,112.06483125000001,159.194,90.0511
514,snn,nsson,jetson_emulator,50,local,0.49865897199277476,55.3851,39.4938,55.3851,57.7502,64.464,112.06483125000001,112.06483125000001,159.2921,90.1162
515,snn,nsson,jetson_emulator,50,local,0.49407316238955556,55.4389,41.9804,55.4389,57.5181,64.4499,112.06483125000001,112.06483125000001,159.3901,90.0757
516,snn,nsson,jetson_emulator,50,local,0.49539177984101157,55.6721,40.5347,55.6721,57.2509,64.3887,112.06483125000001,112.06483125000001,159.4881,90.0652
517,snn,nsson,jetson_emulator,50,local,0.4871649601954413,55.6723,40.2092,55.6723,58.107,64.3886,112.06483125000001,112.06483125000001,159.5861,90.1222
518,snn,nsson,jetson_emulator,50,offload,0.47981584811002614,55.6646,40.2536,40.2536,41.9938,70.7632,112.06483125000001,112.06483125000001,157.392,90.1118
519,snn,nsson,jetson_emulator,50,offload,0.479463751060561,55.8497,39.792,39.792,41.716,70.9054,112.06483125000001,112.06483125000001,157.4886,90.098
520,snn,nsson,jetson_emulator,50,local,0.485685104738863,55.3048,39.6924,55.3048,57.4067,64.4851,112.06483125000001,112.06483125000001,159.8802,90.0953
521,snn,nsson,jetson_emulator,50,offload,0.4889106823693829,55.5758,40.8414,40.8414,42.8918,70.583,112.06483125000001,112.06483125000001,157.6819,90.0344
522,snn,nsson,jetson_emulator,50,offload,0.48654896788491125,55.4115,40.8096,40.8096,43.5019,70.5927,112.06483125000001,112.06483125000001,157.7785,90.1479
523,snn,nsson,jetson_emulator,50,offload,0.4861535703537513,55.6457,40.0567,40.0567,41.1191,70.8238,112.06483125000001,112.06483125000001,157.8751,90.1958
524,snn,nsson,jetson_emulator,50,offload,0.48016275500568684,55.8865,40.8883,40.8883,43.6131,70.5686,112.06483125000001,112.06483125000001,157.9717,90.1726
525,snn,nsson,jetson_emulator,50,offload,0.4853893994166298,55.8902,39.7786,39.7786,41.849,70.9096,112.06483125000001,112.06483125000001,158.0683,90.0286
526,snn,nsson,jetson_emulator,50,offload,0.483632604517152,56.9709,41.2169,41.2169,42.9521,70.4683,112.06483125000001,112.06483125000001,158.1649,90.0728
527,snn,nsson,jetson_emulator,50,offload,0.4803881955538778,55.8112,40.1782,40.1782,42.8742,70.7864,112.06483125000001,112.06483125000001,158.2615,90.1417
528,snn,nsson,jetson_emulator,50,offload,0.4864369605767391,56.0346,40.3247,40.3247,41.8557,70.7414,112.06483125000001,112.06483125000001,158.3581,90.0827
529,snn,nsson,jetson_emulator,50,local,0.49439432585601156,56.6373,40.5068,56.6373,58.4896,64.1366,112.06483125000001,112.06483125000001,160.7624,90.1239
530,snn,nsson,jetson_emulator,50,offload,0.49423419014414594,55.9204,41.5002,41.5002,44.2179,70.382,112.06483125000001,112.06483125000001,158.5514,90.1746
531,snn,nsson,jetson_emulator,50,local,0.4940299881883239,56.2224,40.307,56.2224,58.7632,64.2447,112.06483125000001,112.06483125000001,160.9584,90.0637
532,snn,nsson,jetson_emulator,50,offload,0.4881296050300075,56.345,41.7834,41.7834,43.8789,70.296,112.06483125000001,112.06483125000001,158.7446,90.1558
533,snn,nsson,jetson_emulator,50,local,0.4932483634827419,56.1706,41.2611,56.1706,57.3475,64.2582,112.06483125000001,112.06483125000001,161.1544,90.0541
534,snn,nsson,jetson_emulator,50,local,0.4867920648812955,56.6179,40.3559,56.6179,58.418,64.1416,112.06483125000001,112.06483125000001,161.2525,90.0761
535,snn,nsson,jetson_emulator,50,offload,0.49315540933557156,56.2874,40.7694,40.7694,42.6666,70.605,112.06483125000001,112.06483125000001,159.0344,90.1056
536,snn,nsson,jetson_emulator,50,offload,0.49938065990984126,56.4313,40.9196,40.9196,42.997,70.559,112.06483125000001,112.06483125000001,159.131,90.0884
537,snn,nsson,jetson_emulator,50,local,0.5078922680413228,57.1754,42.0114,57.1754,59.336,63.9969,112.06483125000001,112.06483125000001,161.5465,90.0761
538,snn,nsson,jetson_emulator,50,offload,0.505797747989544,57.0151,41.0948,41.0948,42.9826,70.5055,112.06483125000001,112.06483125000001,159.3243,90.1102
539,snn,nsson,jetson_emulator,50,local,0.5143360049345939,56.7,41.0428,56.7,58.8445,64.1203,112.06483125000001,112.06483125000001,161.7425,90.1497
540,snn,nsson,jetson_emulator,50,local,0.5150105874833915,57.2691,41.0729,57.2691,59.1079,63.9726,112.06483125000001,112.06483125000001,161.8406,90.0572
541,snn,nsson,jetson_emulator,50,local,0.5109981796181863,56.8358,42.9665,56.8358,59.1011,64.085,112.06483125000001,112.06483125000001,161.9386,90.1295
542,snn,nsson,jetson_emulator,50,offload,0.5064339857699417,57.4764,40.7391,40.7391,42.7735,70.6143,112.06483125000001,112.06483125000001,159.7107,90.04
543,snn,nsson,jetson_emulator,50,local,0.5038552711322515,57.2588,42.0359,57.2588,59.1437,63.9753,112.06483125000001,112.06483125000001,162.1346,90.0349
544,snn,nsson,jetson_emulator,50,offload,0.5047142179816383,57.258,40.8234,40.8234,41.5369,70.5885,112.06483125000001,112.06483125000001,159.9039,90.0749
545,snn,nsson,jetson_emulator,50,local,0.504559312305339,58.0008,41.6104,58.0008,60.2059,63.7838,112.06483125000001,112.06483125000001,162.3307,90.0559
546,snn,nsson,jetson_emulator,50,offload,0.5029630216303289,58.1386,41.0957,41.0957,43.4158,70.5053,112.06483125000001,112.06483125000001,160.0972,89.9729
547,snn,nsson,jetson_emulator,50,offload,0.5159508637664407,57.2649,41.9679,41.9679,44.4593,70.2401,112.06483125000001,112.06483125000001,160.1938,90.1182
548,snn,nsson,jetson_emulator,50,offload,0.519468909876138,58.1136,41.3665,41.3665,44.0404,70.4227,112.06483125000001,112.06483125000001,160.2904,90.1348
549,snn,nsson,jetson_emulator,50,local,0.5281183476981334,58.473,42.1442,58.473,60.2755,63.6626,112.06483125000001,112.06483125000001,162.7227,90.0448
550,snn,nsson,jetson_emulator,50,local,0.5210061420267602,58.0126,42.4203,58.0126,60.7261,63.7808,112.06483125000001,112.06483125000001,162.8208,90.1004
551,snn,nsson,jetson_emulator,50,offload,0.5261868066282995,57.7269,42.1335,42.1335,44.3427,70.1899,112.06483125000001,112.06483125000001,160.5802,90.146
552,snn,nsson,jetson_emulator,50,local,0.5297359621443872,58.8767,41.5504,58.8767,60.8115,63.5593,112.06483125000001,112.06483125000001,163.0168,90.0619
553,snn,nsson,jetson_emulator,50,offload,0.525813975192207,58.1455,42.2821,42.2821,43.9314,70.145,112.06483125000001,112.06483125000001,160.7735,90.0928
554,snn,nsson,jetson_emulator,50,offload,0.5250502608445125,58.116,42.4355,42.4355,44.7242,70.0987,112.06483125000001,112.06483125000001,160.8701,90.1093
555,snn,nsson,jetson_emulator,50,local,0.5213528868603021,58.2858,41.8633,58.2858,60.7687,63.7106,112.06483125000001,112.06483125000001,163.3109,90.0195
556,snn,nsson,jetson_emulator,50,local,0.525892220682906,58.2801,42.5787,58.2801,59.9599,63.7121,112.06483125000001,112.06483125000001,163.4089,89.9431
557,snn,nsson,jetson_emulator,50,offload,0.5343832989831063,58.3145,41.6582,41.6582,43.3464,70.334,112.06483125000001,112.06483125000001,161.1599,90.1103
558,snn,nsson,jetson_emulator,50,offload,0.5233137242054955,59.3423,42.0696,42.0696,43.4668,70.2093,112.06483125000001,112.06483125000001,161.2565,90.147
559,snn,nsson,jetson_emulator,50,offload,0.5205306715926522,58.5259,41.8995,41.8995,44.0371,70.2608,112.06483125000001,112.06483125000001,161.3531,90.0979
560,snn,nsson,jetson_emulator,50,offload,0.5096282796448244,59.0109,42.0878,42.0878,44.6091,70.2037,112.06483125000001,112.06483125000001,161.4497,90.09
561,snn,nsson,jetson_emulator,50,local,0.5056089375441303,58.5834,41.9979,58.5834,60.4475,63.6343,112.06483125000001,112.06483125000001,163.899,90.0325
562,snn,nsson,jetson_emulator,50,offload,0.5170338251434969,58.6723,43.5099,43.5099,46.0827,69.776,112.06483125000001,112.06483125000001,161.643,89.9866
563,snn,nsson,jetson_emulator,50,offload,0.5206757950217235,58.939,42.3169,42.3169,44.5446,70.1345,112.06483125000001,112.06483125000001,161.7396,90.0435
564,snn,nsson,jetson_emulator,50,local,0.519022437290019,59.0479,42.6662,59.0479,60.1623,63.5155,112.06483125000001,112.06483125000001,164.193,90.0692
565,snn,nsson,jetson_emulator,50,offload,0.5130795245712713,59.9168,42.2882,42.2882,45.3511,70.1432,112.06483125000001,112.06483125000001,161.9328,90.0502
566,snn,nsson,jetson_emulator,50,offload,0.511044494828495,59.2837,43.0337,43.0337,44.7628,69.9187,112.06483125000001,112.06483125000001,162.0294,90.046
567,snn,nsson,jetson_emulator,50,offload,0.5155818034293597,59.1093,42.3229,42.3229,44.3914,70.1327,112.06483125000001,112.06483125000001,162.126,90.0599
568,snn,nsson,jetson_emulator,50,offload,0.5194756291474922,59.4441,43.6668,43.6668,45.3216,69.7292,112.06483125000001,112.06483125000001,162.2226,90.1499
569,snn,nsson,jetson_emulator,50,local,0.5136096488564321,60.0803,43.0985,60.0803,62.1496,63.2532,112.06483125000001,112.06483125000001,164.6831,90.2181
570,snn,nsson,jetson_emulator,50,local,0.5122198665219951,59.8427,42.6595,59.8427,61.2593,63.3134,112.06483125000001,112.06483125000001,164.7811,90.13
571,snn,nsson,jetson_emulator,50,local,0.5011018521708372,59.4592,42.9243,59.4592,61.156,63.4108,112.06483125000001,112.06483125000001,164.8792,90.1156
572,snn,nsson,jetson_emulator,50,local,0.5025069438278621,59.6808,43.5503,59.6808,61.9835,63.3545,112.06483125000001,112.06483125000001,164.9772,90.045
573,snn,nsson,jetson_emulator,50,offload,0.5052377358152551,61.22,42.736,42.736,44.4168,70.0082,112.06483125000001,112.06483125000001,162.7057,90.1412
574,snn,nsson,jetson_emulator,50,local,0.5005954808111948,59.7792,43.3683,59.7792,61.4231,63.3295,112.06483125000001,112.06483125000001,165.1732,90.0193
575,snn,nsson,jetson_emulator,50,offload,0.5136832480018878,59.775,43.3998,43.3998,46.1009,69.8089,112.06483125000001,112.06483125000001,162.8989,90.1079
576,snn,nsson,jetson_emulator,50,local,0.5179337741470617,61.466,42.723,61.466,64.6065,62.9046,112.06483125000001,112.06483125000001,165.3693,90.0705
577,snn,nsson,jetson_emulator,50,offload,0.5153365525451842,61.1201,42.8796,42.8796,44.873,69.965,112.06483125000001,112.06483125000001,163.0921,90.1533
578,snn,nsson,jetson_emulator,50,local,0.5103372234994973,60.6724,43.076,60.6724,62.4845,63.1038,112.06483125000001,112.06483125000001,165.5653,90.1345
579,snn,nsson,jetson_emulator,50,local,0.49941899559551717,60.6015,43.4836,60.6015,62.1329,63.1216,112.06483125000001,112.06483125000001,165.6633,90.0441
580,snn,nsson,jetson_emulator,50,offload,0.5075248461409925,60.4712,43.5827,43.5827,45.7675,69.7543,112.06483125000001,112.06483125000001,163.382,90.0847
581,snn,nsson,jetson_emulator,50,local,0.5126913472616911,60.8598,43.7437,60.8598,62.7492,63.0566,112.06483125000001,112.06483125000001,165.8594,90.0742
582,snn,nsson,jetson_emulator,50,local,0.5128286346684726,60.3582,44.1287,60.3582,62.3439,63.183,112.06483125000001,112.06483125000001,165.9574,90.1657
583,snn,nsson,jetson_emulator,50,local,0.5146774221016072,60.421,43.7067,60.421,62.8897,63.1671,112.06483125000001,112.06483125000001,166.0554,90.1296
584,snn,nsson,jetson_emulator,50,offload,0.5245341093929877,60.8266,43.9306,43.9306,45.4251,69.6505,112.06483125000001,112.06483125000001,163.7684,90.0697
585,snn,nsson,jetson_emulator,50,local,0.5211542689468486,61.3413,43.6524,61.3413,63.7294,62.9358,112.06483125000001,112.06483125000001,166.2514,90.1831
586,snn,nsson,jetson_emulator,50,offload,0.5225956834472932,60.7151,43.6081,43.6081,45.0277,69.7467,112.06483125000001,112.06483125000001,163.9617,90.176
587,snn,nsson,jetson_emulator,50,local,0.5214430272444488,61.0512,43.7214,61.0512,63.0535,63.0085,112.06483125000001,112.06483125000001,166.4475,90.0477
588,snn,nsson,jetson_emulator,50,offload,0.5193711040078407,60.709,43.6799,43.6799,44.7989,69.7252,112.06483125000001,112.06483125000001,164.1549,90.0248
589,snn,nsson,jetson_emulator,50,offload,0.5216048706293743,61.2838,44.3902,44.3902,45.9385,69.5139,112.06483125000001,112.06483125000001,164.2515,90.1253
590,snn,nsson,jetson_emulator,50,offload,0.5250461666301097,61.5683,43.5539,43.5539,45.6069,69.7629,112.06483125000001,112.06483125000001,164.3481,90.0994
591,snn,nsson,jetson_emulator,50,offload,0.5350635015294067,61.0936,43.6677,43.6677,46.1456,69.7289,112.06483125000001,112.06483125000001,164.4447,90.1308
592,snn,nsson,jetson_emulator,50,local,0.5403110009259944,61.0387,43.9095,61.0387,63.0018,63.0117,112.06483125000001,112.06483125000001,166.9376,90.1096
593,snn,nsson,jetson_emulator,50,offload,0.537651978605992,61.6235,44.3063,44.3063,46.2667,69.5388,112.06483125000001,112.06483125000001,164.6379,90.1119
594,snn,nsson,jetson_emulator,50,offload,0.5322667446378749,61.6288,44.2581,44.2581,46.2103,69.5531,112.06483125000001,112.06483125000001,164.7346,90.0954
595,snn,nsson,jetson_emulator,50,offload,0.5452965747625874,61.3794,44.5294,44.5294,47.0549,69.4726,112.06483125000001,112.06483125000001,164.8312,90.1341
596,snn,nsson,jetson_emulator,50,offload,0.5429733158259376,61.4991,44.8041,44.8041,46.5314,69.3913,112.06483125000001,112.06483125000001,164.9278,90.1392
597,snn,nsson,jetson_emulator,50,offload,0.5410175294852405,61.6698,44.3902,44.3902,46.3774,69.5139,112.06483125000001,112.06483125000001,165.0244,90.1103
598,snn,nsson,jetson_emulator,50,offload,0.5412637218747562,61.4369,44.1042,44.1042,45.7746,69.5988,112.06483125000001,112.06483125000001,165.121,90.0141
599,snn,nsson,jetson_emulator,50,offload,0.5393583126753245,61.9919,44.0217,44.0217,45.5186,69.6234,112.06483125000001,112.06483125000001,165.2176,90.0376
600,snn,nsson,jetson_emulator,50,local,0.528924300626184,62.632,44.5607,62.632,65.1627,62.6141,112.06483125000001,112.06483125000001,167.7217,90.0581
601,snn,nsson,jetson_emulator,50,offload,0.5253024157678893,61.5414,45.0719,45.0719,46.8599,69.3122,112.06483125000001,112.06483125000001,165.4108,90.0265
602,snn,nsson,jetson_emulator,50,local,0.5244440954072495,62.227,44.157,62.227,64.3091,62.7147,112.06483125000001,112.06483125000001,167.9178,90.1047
603,snn,nsson,jetson_emulator,50,local,0.51449725752366,61.6771,44.9986,61.6771,63.8087,62.8518,112.06483125000001,112.06483125000001,168.0158,90.1121
604,snn,nsson,jetson_emulator,50,local,0.5208051431254589,62.9485,44.4108,62.9485,63.9586,62.5357,112.06483125000001,112.06483125000001,168.1138,90.1233
605,snn,nsson,jetson_emulator,50,offload,0.5189305554523508,62.6125,44.5226,44.5226,46.7573,69.4746,112.06483125000001,112.06483125000001,165.7973,90.0557
606,snn,nsson,jetson_emulator,50,local,0.5202335500712737,62.0938,44.3522,62.0938,63.7394,62.7478,112.06483125000001,112.06483125000001,168.3098,90.1363
607,snn,nsson,jetson_emulator,50,offload,0.5127193237463223,62.5339,44.6175,44.6175,46.8701,69.4465,112.06483125000001,112.06483125000001,165.9905,90.0862
608,snn,nsson,jetson_emulator,50,offload,0.5062827103342619,62.3689,44.4168,44.4168,46.1545,69.5059,112.06483125000001,112.06483125000001,166.0871,90.1036
609,snn,nsson,jetson_emulator,50,local,0.5013680969567806,62.8529,44.654,62.8529,64.4132,62.5594,112.06483125000001,112.06483125000001,168.6039,89.9922
610,snn,nsson,jetson_emulator,50,offload,0.5099747244666192,62.4556,44.6885,44.6885,46.8661,69.4255,112.06483125000001,112.06483125000001,166.2804,90.0835
611,snn,nsson,jetson_emulator,50,local,0.5107231248204496,62.5587,45.0055,62.5587,64.9029,62.6323,112.06483125000001,112.06483125000001,168.7999,90.061
612,snn,nsson,jetson_emulator,50,local,0.5113968938025555,62.2768,45.3525,62.2768,65.3898,62.7023,112.06483125000001,112.06483125000001,168.8979,90.1344
613,snn,nsson,jetson_emulator,50,offload,0.512149152893637,62.2159,44.8094,44.8094,47.626,69.3897,112.06483125000001,112.06483125000001,166.5702,90.0348
614,snn,nsson,jetson_emulator,50,local,0.5060415214384333,63.0228,44.6793,63.0228,63.8426,62.5174,112.06483125000001,112.06483125000001,169.094,90.0285
615,snn,nsson,jetson_emulator,50,offload,0.4990975971852353,63.2844,45.9111,45.9111,47.2546,69.0655,112.06483125000001,112.06483125000001,166.7634,90.0838
616,snn,nsson,jetson_emulator,50,offload,0.5059347371224392,63.0475,45.314,45.314,47.4636,69.2408,112.06483125000001,112.06483125000001,166.86,90.091
617,snn,nsson,jetson_emulator,50,local,0.49709238385413257,62.8544,45.039,62.8544,65.1716,62.559,112.06483125000001,112.06483125000001,169.388,90.075
618,snn,nsson,jetson_emulator,50,local,0.4999578356505961,62.6685,45.9071,62.6685,64.1018,62.6051,112.06483125000001,112.06483125000001,169.4861,90.1516
619,snn,nsson,jetson_emulator,50,offload,0.500263557733058,62.6167,45.5363,45.5363,47.6187,69.1755,112.06483125000001,112.06483125000001,167.1499,90.1416
620,snn,nsson,jetson_emulator,50,local,0.49818291253648556,62.983,45.0764,62.983,65.4917,62.5272,112.06483125000001,112.06483125000001,169.6821,90.0193
621,snn,nsson,jetson_emulator,50,local,0.49671605880959985,62.9907,44.9096,62.9907,65.1987,62.5253,112.06483125000001,112.06483125000001,169.7801,90.0786
622,snn,nsson,jetson_emulator,50,local,0.5011456282365346,63.7051,46.1432,63.7051,66.2551,62.3492,112.06483125000001,112.06483125000001,169.8781,90.1504
623,snn,nsson,jetson_emulator,50,local,0.4967824200892753,62.9311,45.7628,62.9311,65.5099,62.54,112.06483125000001,112.06483125000001,169.9762,90.0325
624,snn,nsson,jetson_emulator,50,local,0.4996724587687391,62.9011,45.5968,62.9011,64.5966,62.5475,112.06483125000001,112.06483125000001,170.0742,90.0667
625,snn,nsson,jetson_emulator,50,local,0.5028503671729913,62.7037,44.9392,62.7037,64.7941,62.5963,112.06483125000001,112.06483125000001,170.1722,90.1558
626,snn,nsson,jetson_emulator,50,local,0.5025686616916073,63.4151,45.275,63.4151,65.2842,62.4205,112.06483125000001,112.06483125000001,170.2702,90.0483
627,snn,nsson,jetson_emulator,50,offload,0.5010070256808001,63.4804,45.1651,45.1651,46.7002,69.2847,112.06483125000001,112.06483125000001,167.9228,90.1638
628,snn,nsson,jetson_emulator,50,local,0.4909771845997363,63.1278,46.2027,63.1278,65.252,62.4914,112.06483125000001,112.06483125000001,170.4663,90.1297
629,snn,nsson,jetson_emulator,50,offload,0.4909178366939586,63.6654,44.9457,44.9457,46.4085,69.3494,112.06483125000001,112.06483125000001,168.116,90.0963
630,snn,nsson,jetson_emulator,50,local,0.48217303528943206,63.3238,45.2114,63.3238,65.7943,62.4431,112.06483125000001,112.06483125000001,170.6623,89.9821
631,snn,nsson,jetson_emulator,50,local,0.47976347707572203,63.1916,45.2504,63.1916,64.7709,62.4757,112.06483125000001,112.06483125000001,170.7603,90.1094
632,snn,nsson,jetson_emulator,50,local,0.482188023713935,63.2911,46.7961,63.2911,65.5042,62.4511,112.06483125000001,112.06483125000001,170.8583,90.0449
633,snn,nsson,jetson_emulator,50,local,0.48730798073200776,64.4022,45.8601,64.4022,66.2185,62.1783,112.06483125000001,112.06483125000001,170.9564,90.0393
634,snn,nsson,jetson_emulator,50,offload,0.4858191453234214,63.5454,45.5508,45.5508,47.0586,69.1712,112.06483125000001,112.06483125000001,168.599,90.1686
635,snn,nsson,jetson_emulator,50,local,0.48418672718816125,63.2869,45.7174,63.2869,65.5873,62.4521,112.06483125000001,112.06483125000001,171.1524,90.1257
636,snn,nsson,jetson_emulator,50,local,0.4770662089396274,63.0736,45.6135,63.0736,65.2855,62.5048,112.06483125000001,112.06483125000001,171.2504,90.0037
637,snn,nsson,jetson_emulator,50,local,0.484786307419405,62.9255,45.8839,62.9255,65.0051,62.5414,112.06483125000001,112.06483125000001,171.3484,90.1629
638,snn,nsson,jetson_emulator,50,local,0.47180979997528993,63.2002,45.2727,63.2002,64.6664,62.4736,112.06483125000001,112.06483125000001,171.4464,90.034
639,snn,nsson,jetson_emulator,50,local,0.4770133804364988,63.6049,45.2229,63.6049,65.6588,62.3738,112.06483125000001,112.06483125000001,171.5445,90.1613
640,snn,nsson,jetson_emulator,50,local,0.47486352410600824,63.6958,45.5995,63.6958,65.5411,62.3515,112.06483125000001,112.06483125000001,171.6425,90.0966
641,snn,nsson,jetson_emulator,50,local,0.48034267084589244,63.6687,45.4091,63.6687,65.2404,62.3581,112.06483125000001,112.06483125000001,171.7405,90.1827
642,snn,nsson,jetson_emulator,50,offload,0.4772686766462016,63.1812,46.1949,46.1949,48.1456,68.9825,112.06483125000001,112.06483125000001,169.3719,90.0397
643,snn,nsson,jetson_emulator,50,local,0.4661244756770207,63.5592,46.2712,63.5592,65.3593,62.3851,112.06483125000001,112.06483125000001,171.9365,90.1167
644,snn,nsson,jetson_emulator,50,local,0.4658933514835397,63.7546,45.3376,63.7546,65.0736,62.337,112.06483125000001,112.06483125000001,172.0346,90.0619
645,snn,nsson,jetson_emulator,50,local,0.4706731980849427,63.2694,45.686,63.2694,66.5153,62.4565,112.06483125000001,112.06483125000001,172.1326,90.1274
646,snn,nsson,jetson_emulator,50,local,0.4622021209800504,63.2292,46.3428,63.2292,65.8364,62.4664,112.06483125000001,112.06483125000001,172.2306,90.1558
647,snn,nsson,jetson_emulator,50,offload,0.46212993921762796,63.9912,45.328,45.328,47.1762,69.2367,112.06483125000001,112.06483125000001,169.855,90.0674
648,snn,nsson,jetson_emulator,50,local,0.45253602462887116,63.2551,45.2268,63.2551,64.7338,62.46,112.06483125000001,112.06483125000001,172.4266,90.0697
649,snn,nsson,jetson_emulator,50,offload,0.4442564082707855,63.0451,46.465,46.465,48.6021,68.9037,112.06483125000001,112.06483125000001,170.0482,90.1051
650,snn,nsson,jetson_emulator,50,local,0.4545247625730538,63.4219,45.1831,63.4219,65.9394,62.4189,112.06483125000001,112.06483125000001,172.6227,90.092
651,snn,nsson,jetson_emulator,50,local,0.4660191373196373,63.0876,46.2157,63.0876,64.5058,62.5013,112.06483125000001,112.06483125000001,172.7207,90.0818
652,snn,nsson,jetson_emulator,50,local,0.459906307726032,63.6706,45.1728,63.6706,65.3543,62.3577,112.06483125000001,112.06483125000001,172.8187,90.0205
653,snn,nsson,jetson_emulator,50,offload,0.45697878283260424,63.99,46.4488,46.4488,47.4147,68.9084,112.06483125000001,112.06483125000001,170.4347,89.9799
654,snn,nsson,jetson_emulator,50,local,0.44406852915272343,63.5214,45.3978,63.5214,65.2906,62.3944,112.06483125000001,112.06483125000001,173.0148,90.0698
655,snn,nsson,jetson_emulator,50,local,0.43488207450291105,62.9257,46.4784,62.9257,64.5979,62.5414,112.06483125000001,112.06483125000001,173.1128,90.1309
656,snn,nsson,jetson_emulator,50,offload,0.4327036385711902,63.1445,46.4508,46.4508,47.6671,68.9078,112.06483125000001,112.06483125000001,170.7245,90.1534
657,snn,nsson,jetson_emulator,50,local,0.4373710974487719,63.3466,45.9919,63.3466,64.9276,62.4374,112.06483125000001,112.06483125000001,173.3088,90.0698
658,snn,nsson,jetson_emulator,50,offload,0.44356970824548186,63.7145,46.5984,46.5984,49.4931,68.8648,112.06483125000001,112.06483125000001,170.9177,90.084
659,snn,nsson,jetson_emulator,50,local,0.4491016045407079,63.1268,45.0283,63.1268,65.3781,62.4917,112.06483125000001,112.06483125000001,173.5048,90.0902
660,snn,nsson,jetson_emulator,50,local,0.43912328144916674,64.6851,45.4754,64.6851,66.5661,62.1092,112.06483125000001,112.06483125000001,173.6029,90.0882
661,snn,nsson,jetson_emulator,50,local,0.45047187289463,63.7252,45.1945,63.7252,66.1586,62.3442,112.06483125000001,112.06483125000001,173.7009,90.1135
662,snn,nsson,jetson_emulator,50,local,0.452115731266177,63.4192,45.1176,63.4192,64.7169,62.4195,112.06483125000001,112.06483125000001,173.7989,90.0753
663,snn,nsson,jetson_emulator,50,offload,0.4506683661129505,62.9892,45.5869,45.5869,46.8242,69.1606,112.06483125000001,112.06483125000001,171.4008,90.101
664,snn,nsson,jetson_emulator,50,offload,0.4528962433559977,62.9768,45.14,45.14,46.7155,69.2921,112.06483125000001,112.06483125000001,171.4974,90.0724
665,snn,nsson,jetson_emulator,50,offload,0.4499753146343605,62.9235,44.9049,44.9049,47.3364,69.3615,112.06483125000001,112.06483125000001,171.594,90.0743
666,snn,nsson,jetson_emulator,50,offload,0.44804397872346613,63.5839,45.806,45.806,47.4755,69.0963,112.06483125000001,112.06483125000001,171.6906,89.9867
667,snn,nsson,jetson_emulator,50,offload,0.44329343078235695,62.8679,45.3962,45.3962,46.764,69.2166,112.06483125000001,112.06483125000001,171.7872,90.0628
668,snn,nsson,jetson_emulator,50,local,0.440377223672726,62.6773,46.0251,62.6773,64.9584,62.6029,112.06483125000001,112.06483125000001,174.387,90.0789
669,snn,nsson,jetson_emulator,50,local,0.4478250292079556,62.9743,45.442,62.9743,64.625,62.5294,112.06483125000001,112.06483125000001,174.485,90.0706
670,snn,nsson,jetson_emulator,50,local,0.44910321612735593,63.1344,46.043,63.1344,64.5871,62.4898,112.06483125000001,112.06483125000001,174.5831,90.1681
671,snn,nsson,jetson_emulator,50,local,0.4515757476423027,62.6746,44.9712,62.6746,64.9925,62.6036,112.06483125000001,112.06483125000001,174.6811,90.0457
672,snn,nsson,jetson_emulator,50,offload,0.4567552005678828,62.8629,45.2376,45.2376,47.0299,69.2634,112.06483125000001,112.06483125000001,172.2703,90.0287
673,snn,nsson,jetson_emulator,50,local,0.45487076996193515,62.6177,44.7937,62.6177,64.66,62.6177,112.06483125000001,112.06483125000001,174.8771,90.0511
674,snn,nsson,jetson_emulator,50,offload,0.45000561431389907,62.5956,45.8979,45.8979,48.1743,69.0694,112.06483125000001,112.06483125000001,172.4635,90.0424
675,snn,nsson,jetson_emulator,50,offload,0.44738137739513645,62.9519,45.299,45.299,47.3327,69.2452,112.06483125000001,112.06483125000001,172.5601,90.0832
676,snn,nsson,jetson_emulator,50,offload,0.46041557086611223,62.7568,45.7818,45.7818,47.533,69.1034,112.06483125000001,112.06483125000001,172.6568,90.0993
677,snn,nsson,jetson_emulator,50,offload,0.459314393626322,63.8625,46.0362,46.0362,48.2767,69.0289,112.06483125000001,112.06483125000001,172.7534,90.0462
678,snn,nsson,jetson_emulator,50,local,0.46068908228327565,63.1507,45.0946,63.1507,64.1684,62.4858,112.06483125000001,112.06483125000001,175.3672,90.101
679,snn,nsson,jetson_emulator,50,local,0.46293465421164476,62.4261,45.1862,62.4261,65.2223,62.6652,112.06483125000001,112.06483125000001,175.4652,90.156
680,snn,nsson,jetson_emulator,50,offload,0.46131466994183234,62.83,45.5437,45.5437,47.6179,69.1733,112.06483125000001,112.06483125000001,173.0432,90.1641
681,snn,nsson,jetson_emulator,50,offload,0.4629936146643541,62.2439,44.8609,44.8609,46.2975,69.3745,112.06483125000001,112.06483125000001,173.1398,90.1602
682,snn,nsson,jetson_emulator,50,local,0.4655542109881579,62.8247,44.9178,62.8247,64.3066,62.5664,112.06483125000001,112.06483125000001,175.7593,90.1127
683,snn,nsson,jetson_emulator,50,offload,0.4689678472200129,62.6553,45.1935,45.1935,47.2094,69.2763,112.06483125000001,112.06483125000001,173.333,90.1788
684,snn,nsson,jetson_emulator,50,local,0.4763240046456367,62.6001,44.6555,62.6001,63.936,62.622,112.06483125000001,112.06483125000001,175.9553,90.1724
685,snn,nsson,jetson_emulator,50,offload,0.485241391174866,62.0191,44.8381,44.8381,46.7763,69.3812,112.06483125000001,112.06483125000001,173.5263,90.0711
686,snn,nsson,jetson_emulator,50,offload,0.48608818559409184,62.1478,45.4377,45.4377,48.5598,69.2044,112.06483125000001,112.06483125000001,173.6229,90.1761
687,snn,nsson,jetson_emulator,50,local,0.478773018081963,62.4236,44.362,62.4236,64.6309,62.6658,112.06483125000001,112.06483125000001,176.2494,90.1144
688,snn,nsson,jetson_emulator,50,offload,0.49060238836567827,61.8747,44.667,44.667,46.0943,69.4318,112.06483125000001,112.06483125000001,173.8161,90.1319
689,snn,nsson,jetson_emulator,50,local,0.4886353400169376,62.4678,44.2183,62.4678,64.9923,62.6549,112.06483125000001,112.06483125000001,176.4454,90.0437
690,snn,nsson,jetson_emulator,50,local,0.4838709709263868,61.8401,45.7412,61.8401,63.7778,62.8111,112.06483125000001,112.06483125000001,176.5434,90.0768
691,snn,nsson,jetson_emulator,50,offload,0.484498530447318,61.9181,44.1201,44.1201,46.1701,69.5941,112.06483125000001,112.06483125000001,174.1059,90.1526
692,snn,nsson,jetson_emulator,50,local,0.48433663906278107,62.7645,44.3406,62.7645,64.4652,62.5813,112.06483125000001,112.06483125000001,176.7395,90.1022
693,snn,nsson,jetson_emulator,50,local,0.4857972678725134,62.0431,44.1263,62.0431,63.5333,62.7605,112.06483125000001,112.06483125000001,176.8375,90.1809
694,snn,nsson,jetson_emulator,50,local,0.48754239491437035,61.6931,44.8043,61.6931,63.4017,62.8478,112.06483125000001,112.06483125000001,176.9355,90.089
695,snn,nsson,jetson_emulator,50,local,0.5005777326986474,61.5537,44.2105,61.5537,63.4531,62.8826,112.06483125000001,112.06483125000001,177.0335,90.0858
696,snn,nsson,jetson_emulator,50,offload,0.4988298395574049,61.4668,43.9458,43.9458,45.774,69.6459,112.06483125000001,112.06483125000001,174.589,90.105
697,snn,nsson,jetson_emulator,50,offload,0.5045046345966633,61.6805,44.0435,44.0435,45.3334,69.6169,112.06483125000001,112.06483125000001,174.6856,90.1487
698,snn,nsson,jetson_emulator,50,offload,0.5092969369414744,61.6148,44.231,44.231,46.2377,69.5611,112.06483125000001,112.06483125000001,174.7822,90.0716
699,snn,nsson,jetson_emulator,50,local,0.5111559781044372,61.4499,44.4195,61.4499,62.9785,62.9086,112.06483125000001,112.06483125000001,177.4256,90.1351
700,snn,nsson,jetson_emulator,50,offload,0.5097121443394933,61.5076,43.8813,43.8813,45.1437,69.6652,112.06483125000001,112.06483125000001,174.9755,90.0325
701,snn,nsson,jetson_emulator,50,offload,0.5194443148175579,61.9286,44.9823,44.9823,46.3416,69.3386,112.06483125000001,112.06483125000001,175.0721,90.0715
702,snn,nsson,jetson_emulator,50,offload,0.5254331135612175,61.1926,44.9451,44.9451,47.3818,69.3496,112.06483125000001,112.06483125000001,175.1687,90.0636
703,snn,nsson,jetson_emulator,50,offload,0.5229975040956735,61.6737,43.8345,43.8345,45.3702,69.6791,112.06483125000001,112.06483125000001,175.2653,90.1637
704,snn,nsson,jetson_emulator,50,offload,0.5174754293937534,61.1178,43.81,43.81,46.1721,69.6864,112.06483125000001,112.06483125000001,175.3619,90.1644
705,snn,nsson,jetson_emulator,50,offload,0.5097502602685966,61.371,44.7724,44.7724,46.6933,69.4006,112.06483125000001,112.06483125000001,175.4585,90.0401
706,snn,nsson,jetson_emulator,50,local,0.5103555505292421,61.1637,45.4417,61.1637,63.0141,62.9803,112.06483125000001,112.06483125000001,178.1118,90.101
707,snn,nsson,jetson_emulator,50,local,0.5067914101822322,61.1099,44.5591,61.1099,62.84,62.9938,112.06483125000001,112.06483125000001,178.2098,90.1462
708,snn,nsson,jetson_emulator,50,local,0.5083134912316765,61.7345,43.6456,61.7345,63.5233,62.8374,112.06483125000001,112.06483125000001,178.3078,90.0767
709,snn,nsson,jetson_emulator,50,local,0.5085251209312817,61.1867,43.5948,61.1867,63.1412,62.9745,112.06483125000001,112.06483125000001,178.4058,90.1151
710,snn,nsson,jetson_emulator,50,offload,0.5022236045833559,61.1083,44.5705,44.5705,46.1528,69.4604,112.06483125000001,112.06483125000001,175.9416,90.0656
711,snn,nsson,jetson_emulator,50,local,0.5052143644477547,60.8534,44.3383,60.8534,62.6588,63.0582,112.06483125000001,112.06483125000001,178.6018,90.0389
712,snn,nsson,jetson_emulator,50,offload,0.5056889128399054,60.6811,43.4764,43.4764,45.4166,69.786,112.06483125000001,112.06483125000001,176.1348,90.1531
713,snn,nsson,jetson_emulator,50,local,0.5030826040742106,61.1758,43.504,61.1758,63.3007,62.9773,112.06483125000001,112.06483125000001,178.7979,89.9839
714,snn,nsson,jetson_emulator,50,local,0.5086179841717217,60.6295,44.1381,60.6295,62.8503,63.1146,112.06483125000001,112.06483125000001,178.8959,90.0178
715,snn,nsson,jetson_emulator,50,offload,0.5146497296196283,60.6805,43.4132,43.4132,45.6885,69.8049,112.06483125000001,112.06483125000001,176.4246,90.1546
716,snn,nsson,jetson_emulator,50,offload,0.5143845300422841,60.7141,45.1541,45.1541,47.4714,69.2879,112.06483125000001,112.06483125000001,176.5212,90.1234
717,snn,nsson,jetson_emulator,50,local,0.5035404896291475,61.2155,45.0702,61.2155,63.7589,62.9673,112.06483125000001,112.06483125000001,179.19,90.1089
718,snn,nsson,jetson_emulator,50,offload,0.4960257036713977,61.1559,43.7656,43.7656,45.5283,69.6997,112.06483125000001,112.06483125000001,176.7145,90.0733
719,snn,nsson,jetson_emulator,50,offload,0.48928618165935994,60.439,43.1908,43.1908,44.9191,69.8716,112.06483125000001,112.06483125000001,176.8111,90.0201
720,snn,nsson,jetson_emulator,50,local,0.5008267355168818,61.6245,43.7271,61.6245,63.062,62.8649,112.06483125000001,112.06483125000001,179.484,90.1493
721,snn,nsson,jetson_emulator,50,local,0.5134517196163727,60.851,44.0904,60.851,62.8568,63.0588,112.06483125000001,112.06483125000001,179.582,90.0424
722,snn,nsson,jetson_emulator,50,offload,0.5225965392864472,60.5684,44.2892,44.2892,46.0957,69.5438,112.06483125000001,112.06483125000001,177.1009,90.1185
723,snn,nsson,jetson_emulator,50,offload,0.5187758097015995,60.1545,43.0199,43.0199,45.0851,69.9228,112.06483125000001,112.06483125000001,177.1975,90.0428
724,snn,nsson,jetson_emulator,50,offload,0.5192334852649251,60.5609,43.873,43.873,46.1032,69.6677,112.06483125000001,112.06483125000001,177.2941,90.1325
725,snn,nsson,jetson_emulator,50,offload,0.5306887116101575,60.3014,43.4665,43.4665,45.7439,69.789,112.06483125000001,112.06483125000001,177.3908,90.0694
726,snn,nsson,jetson_emulator,50,local,0.5337344509576077,60.6746,44.014,60.6746,63.1024,63.1032,112.06483125000001,112.06483125000001,180.0721,90.1031
727,snn,nsson,jetson_emulator,50,local,0.5228604558248721,60.4131,43.0715,60.4131,62.7048,63.1691,112.06483125000001,112.06483125000001,180.1702,90.068
728,snn,nsson,jetson_emulator,50,offload,0.5331414344930303,60.0688,43.8962,43.8962,47.5407,69.6607,112.06483125000001,112.06483125000001,177.6806,90.1583
729,snn,nsson,jetson_emulator,50,local,0.5231269310032316,60.663,42.8171,60.663,61.9359,63.1061,112.06483125000001,112.06483125000001,180.3662,90.0908
730,snn,nsson,jetson_emulator,50,local,0.520577561240789,60.9371,42.8127,60.9371,63.3281,63.0372,112.06483125000001,112.06483125000001,180.4642,90.1894
731,snn,nsson,jetson_emulator,50,local,0.5185406003683062,60.3674,43.759,60.3674,61.8647,63.1807,112.06483125000001,112.06483125000001,180.5622,90.0515
732,snn,nsson,jetson_emulator,50,local,0.5242764787616182,60.0494,44.0528,60.0494,61.6541,63.2611,112.06483125000001,112.06483125000001,180.6603,90.093
733,snn,nsson,jetson_emulator,50,offload,0.5147168506544189,60.4301,42.8548,42.8548,44.8521,69.9724,112.06483125000001,112.06483125000001,178.1637,90.1281
734,snn,nsson,jetson_emulator,50,local,0.5110802709096787,60.4876,42.9204,60.4876,62.4127,63.1504,112.06483125000001,112.06483125000001,180.8563,90.1088
735,snn,nsson,jetson_emulator,50,local,0.5148916832530213,59.733,42.9709,59.733,62.3079,63.3412,112.06483125000001,112.06483125000001,180.9543,90.0812
736,snn,nsson,jetson_emulator,50,offload,0.5184648966383931,60.7353,42.867,42.867,44.7226,69.9687,112.06483125000001,112.06483125000001,178.4535,90.0109
737,snn,nsson,jetson_emulator,50,local,0.5356185070929087,59.7708,42.6964,59.7708,61.6043,63.3317,112.06483125000001,112.06483125000001,181.1503,90.1568
738,snn,nsson,jetson_emulator,50,offload,0.5332790221557488,59.8072,42.6041,42.6041,44.5693,70.0478,112.06483125000001,112.06483125000001,178.6467,90.0134
739,snn,nsson,jetson_emulator,50,offload,0.5412599194142751,59.9125,43.0427,43.0427,44.192,69.916,112.06483125000001,112.06483125000001,178.7433,90.1085
740,snn,nsson,jetson_emulator,50,local,0.5440844514352956,59.5316,44.0523,59.5316,62.0517,63.3924,112.06483125000001,112.06483125000001,181.4444,90.1411
741,snn,nsson,jetson_emulator,50,local,0.5554445577514275,59.5514,42.7333,59.5514,61.3983,63.3874,112.06483125000001,112.06483125000001,181.5424,90.0875
742,snn,nsson,jetson_emulator,50,local,0.556112235125634,59.9073,43.0453,59.9073,61.9157,63.297,112.06483125000001,112.06483125000001,181.6404,90.1015
743,snn,nsson,jetson_emulator,50,offload,0.5540715384253193,59.8455,43.532,43.532,45.401,69.7694,112.06483125000001,112.06483125000001,179.1298,90.0443
744,snn,nsson,jetson_emulator,50,local,0.5526971111934713,59.9353,42.8343,59.9353,61.971,63.2899,112.06483125000001,112.06483125000001,181.8365,90.0838
745,snn,nsson,jetson_emulator,50,local,0.552036955766415,59.6205,42.5539,59.6205,61.8274,63.3698,112.06483125000001,112.06483125000001,181.9345,90.1596
746,snn,nsson,jetson_emulator,50,offload,0.5573840506880509,60.0795,43.2284,43.2284,44.9986,69.8603,112.06483125000001,112.06483125000001,179.4196,90.1981
747,snn,nsson,jetson_emulator,50,offload,0.5631854380520963,59.5974,43.1804,43.1804,44.6842,69.8747,112.06483125000001,112.06483125000001,179.5162,90.0621
748,snn,nsson,jetson_emulator,50,offload,0.5601088190899954,60.01,42.8042,42.8042,44.554,69.9876,112.06483125000001,112.06483125000001,179.6128,90.1668
749,snn,nsson,jetson_emulator,50,offload,0.5567854703712575,60.2635,42.5517,42.5517,44.4727,70.0636,112.06483125000001,112.06483125000001,179.7094,90.1213
750,snn,nsson,jetson_emulator,50,local,0.5527407606212075,59.4736,43.6672,59.4736,61.0928,63.4071,112.06483125000001,112.06483125000001,182.4246,90.1086
751,snn,nsson,jetson_emulator,50,local,0.5549956839188713,59.5856,43.5164,59.5856,61.8996,63.3787,112.06483125000001,112.06483125000001,182.5226,90.1497
752,snn,nsson,jetson_emulator,50,offload,0.5532375530047741,59.5663,43.2316,43.2316,44.4994,69.8593,112.06483125000001,112.06483125000001,179.9993,90.073
753,snn,nsson,jetson_emulator,50,offload,0.5653725492389824,59.9354,43.006,43.006,44.5699,69.927,112.06483125000001,112.06483125000001,180.0959,90.0971
754,snn,nsson,jetson_emulator,50,local,0.5689944390140491,59.7103,42.6911,59.7103,60.7035,63.347,112.06483125000001,112.06483125000001,182.8167,90.0418
755,snn,nsson,jetson_emulator,50,local,0.573003201096804,59.8372,43.2422,59.8372,61.2783,63.3148,112.06483125000001,112.06483125000001,182.9147,90.065
756,snn,nsson,jetson_emulator,50,local,0.5712868163522417,59.6899,42.9754,59.6899,61.0855,63.3522,112.06483125000001,112.06483125000001,183.0127,90.1359
757,snn,nsson,jetson_emulator,50,offload,0.5740481270331119,59.6818,44.3949,44.3949,46.7657,69.5125,112.06483125000001,112.06483125000001,180.4823,90.0919
758,snn,nsson,jetson_emulator,50,local,0.5710042698650777,59.6092,43.1024,59.6092,62.2212,63.3727,112.06483125000001,112.06483125000001,183.2087,90.0398
759,snn,nsson,jetson_emulator,50,local,0.5749770318299567,60.0505,42.6081,60.0505,62.3791,63.2608,112.06483125000001,112.06483125000001,183.3068,90.1701
760,snn,nsson,jetson_emulator,50,local,0.5794609642237939,60.3877,42.7209,60.3877,62.7842,63.1756,112.06483125000001,112.06483125000001,183.4048,90.1407
761,snn,nsson,jetson_emulator,50,local,0.5777299159316608,59.745,43.3899,59.745,61.3307,63.3382,112.06483125000001,112.06483125000001,183.5028,90.0678
762,snn,nsson,jetson_emulator,50,local,0.5682648229031878,59.3096,42.5544,59.3096,61.4575,63.4488,112.06483125000001,112.06483125000001,183.6008,90.0353
763,snn,nsson,jetson_emulator,50,offload,0.5599063473069559,59.5104,42.5919,42.5919,44.5824,70.0515,112.06483125000001,112.06483125000001,181.062,90.079
764,snn,nsson,jetson_emulator,50,offload,0.5520802743129585,60.0085,42.4869,42.4869,43.8181,70.0832,112.06483125000001,112.06483125000001,181.1586,90.0917
765,snn,nsson,jetson_emulator,50,local,0.550365231162123,60.0878,43.2008,60.0878,61.9608,63.2513,112.06483125000001,112.06483125000001,183.8949,90.0762
766,snn,nsson,jetson_emulator,50,offload,0.5477975683207039,59.5306,43.0311,43.0311,45.2274,69.9194,112.06483125000001,112.06483125000001,181.3519,90.0888
767,snn,nsson,jetson_emulator,50,local,0.537391557322594,59.7143,43.3184,59.7143,62.0072,63.346,112.06483125000001,112.06483125000001,184.0909,90.1384
768,snn,nsson,jetson_emulator,50,local,0.5397542154139059,60.0906,42.562,60.0906,61.6165,63.2506,112.06483125000001,112.06483125000001,184.1889,90.1345
769,snn,nsson,jetson_emulator,50,offload,0.536333387496737,60.0491,43.0647,43.0647,44.6443,69.9094,112.06483125000001,112.06483125000001,181.6417,90.1715
770,snn,nsson,jetson_emulator,50,offload,0.535920391417126,59.405,43.1042,43.1042,45.0907,69.8975,112.06483125000001,112.06483125000001,181.7383,90.0407
771,snn,nsson,jetson_emulator,50,offload,0.5356429257105856,59.8285,42.5323,42.5323,44.2902,70.0695,112.06483125000001,112.06483125000001,181.8349,90.0755
772,snn,nsson,jetson_emulator,50,offload,0.5379709611200504,60.1137,42.7971,42.7971,44.4809,69.9898,112.06483125000001,112.06483125000001,181.9315,90.0908
773,snn,nsson,jetson_emulator,50,local,0.530969296152962,59.9894,43.973,59.9894,62.2994,63.2763,112.06483125000001,112.06483125000001,184.679,90.0713
774,snn,nsson,jetson_emulator,50,local,0.5327274394698777,60.0148,42.6255,60.0148,61.7288,63.2698,112.06483125000001,112.06483125000001,184.7771,90.149
775,snn,nsson,jetson_emulator,50,local,0.5361586562462609,60.2074,44.6852,60.2074,62.0732,63.2211,112.06483125000001,112.06483125000001,184.8751,90.1172
776,snn,nsson,jetson_emulator,50,local,0.5350539672885851,59.864,42.851,59.864,61.4764,63.308,112.06483125000001,112.06483125000001,184.9731,90.0281
777,snn,nsson,jetson_emulator,50,offload,0.5348317413331701,59.7602,42.6835,42.6835,44.6921,70.0239,112.06483125000001,112.06483125000001,182.4146,90.1106
778,snn,nsson,jetson_emulator,50,local,0.531788119295641,59.8946,43.846,59.8946,61.6039,63.3003,112.06483125000001,112.06483125000001,185.1691,90.1357
779,snn,nsson,jetson_emulator,50,local,0.5332737199520383,59.8446,43.3702,59.8446,61.7158,63.3129,112.06483125000001,112.06483125000001,185.2672,90.0226
780,snn,nsson,jetson_emulator,50,offload,0.535061770977332,60.3539,43.3954,43.3954,45.8977,69.8103,112.06483125000001,112.06483125000001,182.7044,90.0966
781,snn,nsson,jetson_emulator,50,offload,0.5325122386071507,60.5762,43.0665,43.0665,45.1353,69.9088,112.06483125000001,112.06483125000001,182.801,90.0347
782,snn,nsson,jetson_emulator,50,local,0.5343397947564056,59.8873,44.0828,59.8873,61.5668,63.3021,112.06483125000001,112.06483125000001,185.5612,90.0739
783,snn,nsson,jetson_emulator,50,local,0.5287527134484606,60.1626,44.4675,60.1626,62.0171,63.2324,112.06483125000001,112.06483125000001,185.6592,90.051
784,snn,nsson,jetson_emulator,50,offload,0.5223185458027815,60.6336,43.1935,43.1935,45.2755,69.8707,112.06483125000001,112.06483125000001,183.0909,90.0864
785,snn,nsson,jetson_emulator,50,local,0.5182842861209436,60.9647,43.2649,60.9647,62.7595,63.0302,112.06483125000001,112.06483125000001,185.8553,90.0438
786,snn,nsson,jetson_emulator,50,offload,0.5148260615716311,59.9993,42.9344,42.9344,44.5896,69.9485,112.06483125000001,112.06483125000001,183.2841,90.0009
787,snn,nsson,jetson_emulator,50,local,0.5141657494472853,60.3554,44.4102,60.3554,62.896,63.1837,112.06483125000001,112.06483125000001,186.0513,90.1199
788,snn,nsson,jetson_emulator,50,local,0.507724089172182,61.3132,43.315,61.3132,63.3202,62.9428,112.06483125000001,112.06483125000001,186.1493,90.1259
789,snn,nsson,jetson_emulator,50,local,0.5179277564319629,60.9933,43.6136,60.9933,62.9693,63.0231,112.06483125000001,112.06483125000001,186.2473,90.1381
790,snn,nsson,jetson_emulator,50,offload,0.508180675220928,61.2976,43.3252,43.3252,45.1566,69.8313,112.06483125000001,112.06483125000001,183.6705,90.0366
791,snn,nsson,jetson_emulator,50,local,0.5078057165617054,60.4162,45.4689,60.4162,62.5129,63.1684,112.06483125000001,112.06483125000001,186.4434,90.0863
792,snn,nsson,jetson_emulator,50,offload,0.5182602980839234,60.4767,43.6536,43.6536,46.1421,69.7331,112.06483125000001,112.06483125000001,183.8638,90.1555
793,snn,nsson,jetson_emulator,50,offload,0.5153890441437249,61.2037,43.8062,43.8062,46.5066,69.6875,112.06483125000001,112.06483125000001,183.9604,90.1335
794,snn,nsson,jetson_emulator,50,offload,0.5125459337798944,60.9666,43.3867,43.3867,45.3347,69.8129,112.06483125000001,112.06483125000001,184.057,90.0794
795,snn,nsson,jetson_emulator,50,offload,0.5061567206344452,60.5548,43.6738,43.6738,46.9689,69.7271,112.06483125000001,112.06483125000001,184.1536,90.1441
796,snn,nsson,jetson_emulator,50,offload,0.5068089120914309,61.0754,44.5433,44.5433,46.3754,69.4685,112.06483125000001,112.06483125000001,184.2502,90.0419
797,snn,nsson,jetson_emulator,50,local,0.5130985889356722,61.1051,43.824,61.1051,63.136,62.995,112.06483125000001,112.06483125000001,187.0315,90.1218
798,snn,nsson,jetson_emulator,50,local,0.5083142283028587,60.7477,43.7604,60.7477,61.8523,63.0848,112.06483125000001,112.06483125000001,187.1295,90.1189
799,snn,nsson,jetson_emulator,50,offload,0.5053684171356239,61.6014,44.2011,44.2011,45.623,69.57,112.06483125000001,112.06483125000001,184.5401,90.0653
800,snn,nsson,jetson_emulator,50,local,0.5041805071448995,60.9581,44.4148,60.9581,62.7016,63.0319,112.06483125000001,112.06483125000001,187.3256,90.0797
801,snn,nsson,jetson_emulator,50,local,0.4978704266593204,61.356,44.1351,61.356,62.8663,62.9321,112.06483125000001,112.06483125000001,187.4236,90.0454
802,snn,nsson,jetson_emulator,50,local,0.498272654876931,63.0568,44.5726,63.0568,64.7662,62.509,112.06483125000001,112.06483125000001,187.5216,90.0968
803,snn,nsson,jetson_emulator,50,offload,0.4961897846994924,61.2476,43.7377,43.7377,45.4886,69.708,112.06483125000001,112.06483125000001,184.9265,90.0688
804,snn,nsson,jetson_emulator,50,offload,0.4885499106885707,61.6493,44.2525,44.2525,46.4048,69.5547,112.06483125000001,112.06483125000001,185.0231,90.0294
805,snn,nsson,jetson_emulator,50,offload,0.4835366628510657,61.7248,45.4027,45.4027,47.6664,69.2147,112.06483125000001,112.06483125000001,185.1197,90.1183
806,snn,nsson,jetson_emulator,50,local,0.4907090453072169,61.7746,44.4499,61.7746,64.3749,62.8274,112.06483125000001,112.06483125000001,187.9137,90.194
807,snn,nsson,jetson_emulator,50,local,0.491101121618143,61.6317,44.082,61.6317,63.8327,62.8631,112.06483125000001,112.06483125000001,188.0117,90.1162
808,snn,nsson,jetson_emulator,50,local,0.49388248150899855,62.199,44.3366,62.199,64.2022,62.7217,112.06483125000001,112.06483125000001,188.1097,90.0909
809,snn,nsson,jetson_emulator,50,offload,0.49857447237273506,63.1482,45.1031,45.1031,47.7026,69.303,112.06483125000001,112.06483125000001,185.5062,90.0152
810,snn,nsson,jetson_emulator,50,offload,0.49588767087062513,61.8638,44.7723,44.7723,46.7129,69.4007,112.06483125000001,112.06483125000001,185.6028,90.1446
811,snn,nsson,jetson_emulator,50,offload,0.4985954852593111,62.2222,44.4447,44.4447,45.7777,69.4977,112.06483125000001,112.06483125000001,185.6994,90.0581
812,snn,nsson,jetson_emulator,50,local,0.500906157918333,62.0724,44.5255,62.0724,63.9941,62.7532,112.06483125000001,112.06483125000001,188.5018,90.1432
813,snn,nsson,jetson_emulator,50,offload,0.5010313195641533,62.0381,45.6059,45.6059,46.8368,69.155,112.06483125000001,112.06483125000001,185.8926,90.1181
814,snn,nsson,jetson_emulator,50,offload,0.5136360772773062,62.6496,45.06,45.06,47.2223,69.3157,112.06483125000001,112.06483125000001,185.9892,90.1291
815,snn,nsson,jetson_emulator,50,offload,0.5082202764527514,62.569,44.6058,44.6058,45.9088,69.4499,112.06483125000001,112.06483125000001,186.0859,90.1126
816,snn,nsson,jetson_emulator,50,local,0.5003895817846378,62.631,45.1495,62.631,65.047,62.6144,112.06483125000001,112.06483125000001,188.8939,90.1417
817,snn,nsson,jetson_emulator,50,local,0.5038760695185925,62.8881,44.6482,62.8881,65.4385,62.5507,112.06483125000001,112.06483125000001,188.9919,90.0679
818,snn,nsson,jetson_emulator,50,local,0.49843358051482906,63.1977,45.2248,63.1977,64.9155,62.4742,112.06483125000001,112.06483125000001,189.0899,90.022
819,snn,nsson,jetson_emulator,50,local,0.5008295459657509,63.751,44.9622,63.751,65.6159,62.3379,112.06483125000001,112.06483125000001,189.1879,90.0529
820,snn,nsson,jetson_emulator,50,local,0.5017075714131326,63.3114,45.0133,63.3114,64.8591,62.4461,112.06483125000001,112.06483125000001,189.2859,90.1175
821,snn,nsson,jetson_emulator,50,local,0.4942772310029752,63.6343,45.4998,63.6343,65.524,62.3666,112.06483125000001,112.06483125000001,189.384,90.108
822,snn,nsson,jetson_emulator,50,offload,0.5020721776251742,63.1923,45.5609,45.5609,47.621,69.1682,112.06483125000001,112.06483125000001,186.7621,90.1175
823,snn,nsson,jetson_emulator,50,local,0.5028651922963776,63.6678,45.5619,63.6678,65.7661,62.3583,112.06483125000001,112.06483125000001,189.58,90.1348
824,snn,nsson,jetson_emulator,50,local,0.4984691265267443,63.5664,47.1902,63.5664,65.5965,62.3833,112.06483125000001,112.06483125000001,189.678,90.0074
825,snn,nsson,jetson_emulator,50,local,0.504981482158472,64.0043,45.3002,64.0043,66.1549,62.2757,112.06483125000001,112.06483125000001,189.776,90.1531
826,snn,nsson,jetson_emulator,50,local,0.5008837173439692,63.9742,46.1513,63.9742,66.3812,62.2831,112.06483125000001,112.06483125000001,189.8741,90.081
827,snn,nsson,jetson_emulator,50,local,0.4992089092829237,63.887,46.2863,63.887,65.9745,62.3045,112.06483125000001,112.06483125000001,189.9721,90.1538
828,snn,nsson,jetson_emulator,50,offload,0.5005811116852791,64.3906,46.5066,46.5066,48.8985,68.8915,112.06483125000001,112.06483125000001,187.3418,90.125
829,snn,nsson,jetson_emulator,50,local,0.5118406525676616,64.3879,45.7038,64.3879,65.7692,62.1818,112.06483125000001,112.06483125000001,190.1681,90.1085
830,snn,nsson,jetson_emulator,50,local,0.5190745524519558,64.7184,45.7652,64.7184,66.8275,62.101,112.06483125000001,112.06483125000001,190.2661,90.1101
831,snn,nsson,jetson_emulator,50,local,0.5243734349156572,64.8706,45.9115,64.8706,66.9832,62.0639,112.06483125000001,112.06483125000001,190.3641,90.1291
832,snn,nsson,jetson_emulator,50,offload,0.5275332015355026,65.4542,46.3774,46.3774,48.3873,68.9292,112.06483125000001,112.06483125000001,187.7283,90.1472
833,snn,nsson,jetson_emulator,50,local,0.5194433862566331,64.7753,46.2491,64.7753,67.0969,62.0872,112.06483125000001,112.06483125000001,190.5602,90.0296
834,snn,nsson,jetson_emulator,50,local,0.5199211502052752,64.3807,46.8157,64.3807,66.2647,62.1835,112.06483125000001,112.06483125000001,190.6582,90.1685
835,snn,nsson,jetson_emulator,50,offload,0.518438925376514,64.9587,47.4646,47.4646,49.5602,68.6135,112.06483125000001,112.06483125000001,188.0181,90.1026
836,snn,nsson,jetson_emulator,50,local,0.516504526456663,64.6522,47.4801,64.6522,66.2764,62.1172,112.06483125000001,112.06483125000001,190.8542,90.1116
837,snn,nsson,jetson_emulator,50,local,0.5208270251078988,64.8359,46.3685,64.8359,66.786,62.0724,112.06483125000001,112.06483125000001,190.9523,90.0286
838,snn,nsson,jetson_emulator,50,offload,0.5194746616679882,66.8333,47.1397,47.1397,48.3476,68.7076,112.06483125000001,112.06483125000001,188.3079,90.1171
839,snn,nsson,jetson_emulator,50,offload,0.5203132534468318,65.5438,46.6203,46.6203,48.6075,68.8584,112.06483125000001,112.06483125000001,188.4045,90.0404
840,snn,nsson,jetson_emulator,50,local,0.5210590189132396,66.1677,46.9413,66.1677,68.0873,61.7496,112.06483125000001,112.06483125000001,191.2463,90.0804
841,snn,nsson,jetson_emulator,50,offload,0.5169275701838798,65.6343,47.3147,47.3147,48.9275,68.6569,112.06483125000001,112.06483125000001,188.5978,90.035
842,snn,nsson,jetson_emulator,50,offload,0.5303602430102168,65.6675,48.3362,48.3362,50.3866,68.3625,112.06483125000001,112.06483125000001,188.6944,90.1671
843,snn,nsson,jetson_emulator,50,offload,0.5261115809868029,65.7171,47.7671,47.7671,49.8762,68.5262,112.06483125000001,112.06483125000001,188.791,90.0766
844,snn,nsson,jetson_emulator,50,offload,0.5351862959471769,66.7406,47.3383,47.3383,49.8722,68.65,112.06483125000001,112.06483125000001,188.8876,90.1063
845,snn,nsson,jetson_emulator,50,offload,0.5335261208205091,65.7795,47.5187,47.5187,49.5612,68.5979,112.06483125000001,112.06483125000001,188.9842,90.107
846,snn,nsson,jetson_emulator,50,local,0.5315870785458827,66.0827,48.9778,66.0827,68.2946,61.7701,112.06483125000001,112.06483125000001,191.8344,90.1488
847,snn,nsson,jetson_emulator,50,offload,0.5271283449447669,66.7247,47.6832,47.6832,50.8869,68.5504,112.06483125000001,112.06483125000001,189.1774,90.0746
848,snn,nsson,jetson_emulator,50,local,0.5250182799254672,66.5311,47.4452,66.5311,68.1388,61.662,112.06483125000001,112.06483125000001,192.0305,90.0849
849,snn,nsson,jetson_emulator,50,offload,0.5290908545981503,67.0427,47.8311,47.8311,50.3793,68.5077,112.06483125000001,112.06483125000001,189.3707,90.0889
850,snn,nsson,jetson_emulator,50,offload,0.5254092001383674,67.0908,47.9009,47.9009,49.4923,68.4876,112.06483125000001,112.06483125000001,189.4673,90.0635
851,snn,nsson,jetson_emulator,50,local,0.5169153624550619,66.932,47.5936,66.932,69.0325,61.5658,112.06483125000001,112.06483125000001,192.3245,90.0675
852,snn,nsson,jetson_emulator,50,offload,0.507106697656079,67.6056,48.9849,48.9849,51.1943,68.1768,112.06483125000001,112.06483125000001,189.6605,90.0194
853,snn,nsson,jetson_emulator,50,local,0.5019952617471656,67.4278,48.1252,67.4278,68.6108,61.4472,112.06483125000001,112.06483125000001,192.5206,90.0659
854,snn,nsson,jetson_emulator,50,offload,0.49996777261432324,67.846,49.5429,49.5429,51.8601,68.018,112.06483125000001,112.06483125000001,189.8537,90.191
855,snn,nsson,jetson_emulator,50,local,0.5049099235593382,68.1147,48.0902,68.1147,69.7826,61.2836,112.06483125000001,112.06483125000001,192.7166,89.9881
856,snn,nsson,jetson_emulator,50,local,0.5013163554283664,67.8025,48.1996,67.8025,69.1937,61.3579,112.06483125000001,112.06483125000001,192.8146,90.0014
857,snn,nsson,jetson_emulator,50,local,0.49767219578581096,68.4214,48.2014,68.4214,70.5476,61.2108,112.06483125000001,112.06483125000001,192.9126,90.0276
858,snn,nsson,jetson_emulator,50,local,0.5037134530571494,68.0246,49.3321,68.0246,70.7641,61.305,112.06483125000001,112.06483125000001,193.0107,90.0792
859,snn,nsson,jetson_emulator,50,local,0.49671057852151257,68.5496,48.6047,68.5496,70.4795,61.1805,112.06483125000001,112.06483125000001,193.1087,90.1108
860,snn,nsson,jetson_emulator,50,offload,0.49124772336596884,67.7565,48.9373,48.9373,50.6503,68.1904,112.06483125000001,112.06483125000001,190.4334,90.0952
861,snn,nsson,jetson_emulator,50,offload,0.4859800020913178,68.5426,50.7073,50.7073,53.3919,67.6888,112.06483125000001,112.06483125000001,190.53,90.1771
862,snn,nsson,jetson_emulator,50,local,0.48770267898718134,68.4871,49.154,68.4871,70.7749,61.1953,112.06483125000001,112.06483125000001,193.4027,90.2059
863,snn,nsson,jetson_emulator,50,local,0.4713659900568296,68.5088,48.9312,68.5088,70.428,61.1901,112.06483125000001,112.06483125000001,193.5008,90.1182
864,snn,nsson,jetson_emulator,50,offload,0.4744149481858682,68.7656,49.1027,49.1027,50.6301,68.1432,112.06483125000001,112.06483125000001,190.8199,90.1145
865,snn,nsson,jetson_emulator,50,local,0.47433078132601564,68.7833,49.0232,68.7833,70.56,61.1252,112.06483125000001,112.06483125000001,193.6968,90.1096
866,snn,nsson,jetson_emulator,50,offload,0.4706138789790474,68.8766,49.2525,49.2525,50.8189,68.1006,112.06483125000001,112.06483125000001,191.0131,90.0542
867,snn,nsson,jetson_emulator,50,offload,0.4756786376683759,69.1504,49.526,49.526,50.6566,68.0228,112.06483125000001,112.06483125000001,191.1097,90.1243
868,snn,nsson,jetson_emulator,50,offload,0.4840007179022961,69.972,49.7687,49.7687,51.4842,67.9539,112.06483125000001,112.06483125000001,191.2063,90.0617
869,snn,nsson,jetson_emulator,50,local,0.4941482601642197,69.3041,49.9043,69.3041,71.6842,61.0024,112.06483125000001,112.06483125000001,194.0889,90.1472
870,snn,nsson,jetson_emulator,50,offload,0.4862152711829287,69.5921,50.0967,50.0967,52.1656,67.861,112.06483125000001,112.06483125000001,191.3995,90.0727
871,snn,nsson,jetson_emulator,50,offload,0.48052881081694554,69.9602,51.1422,51.1422,53.1352,67.5667,112.06483125000001,112.06483125000001,191.4961,90.1022
872,snn,nsson,jetson_emulator,50,local,0.48420527365286276,70.3278,49.7247,70.3278,72.4207,60.7624,112.06483125000001,112.06483125000001,194.3829,90.0984
873,snn,nsson,jetson_emulator,50,local,0.48130967797256385,69.3822,50.721,69.3822,71.4002,60.984,112.06483125000001,112.06483125000001,194.481,90.1163
874,snn,nsson,jetson_emulator,50,local,0.47962621262602195,69.8506,49.8817,69.8506,72.2246,60.8741,112.06483125000001,112.06483125000001,194.579,90.0765
875,snn,nsson,jetson_emulator,50,local,0.4819519122048791,69.8168,50.3259,69.8168,72.2015,60.882,112.06483125000001,112.06483125000001,194.677,90.18
876,snn,nsson,jetson_emulator,50,offload,0.47256054956714605,70.0076,50.7056,50.7056,53.0932,67.6893,112.06483125000001,112.06483125000001,191.9792,90.0481
877,snn,nsson,jetson_emulator,50,offload,0.47527820259530595,70.2536,51.1486,51.1486,52.6874,67.5649,112.06483125000001,112.06483125000001,192.0758,90.1078
878,snn,nsson,jetson_emulator,50,local,0.4801923660050382,70.341,50.7838,70.341,71.5719,60.7593,112.06483125000001,112.06483125000001,194.9711,90.0743
879,snn,nsson,jetson_emulator,50,local,0.48222606662901557,70.5957,50.3046,70.5957,72.5192,60.6999,112.06483125000001,112.06483125000001,195.0691,90.1138
880,snn,nsson,jetson_emulator,50,local,0.48325314928451235,70.7391,50.4598,70.7391,72.4669,60.6665,112.06483125000001,112.06483125000001,195.1671,90.08
881,snn,nsson,jetson_emulator,50,local,0.47941937769225473,70.4323,50.6183,70.4323,72.1061,60.738,112.06483125000001,112.06483125000001,195.2651,90.1421
882,snn,nsson,jetson_emulator,50,offload,0.47872547282680417,70.5821,50.3831,50.3831,52.4868,67.7801,112.06483125000001,112.06483125000001,192.5589,90.1278
883,snn,nsson,jetson_emulator,50,local,0.4745926078142535,71.0859,51.4871,71.0859,73.3184,60.5859,112.06483125000001,112.06483125000001,195.4611,90.2161
884,snn,nsson,jetson_emulator,50,offload,0.47627020454272395,71.3833,50.7307,50.7307,53.3444,67.6822,112.06483125000001,112.06483125000001,192.7521,90.1622
885,snn,nsson,jetson_emulator,50,offload,0.4756246627039338,71.4167,52.385,52.385,54.2957,67.2201,112.06483125000001,112.06483125000001,192.8487,90.0391
886,snn,nsson,jetson_emulator,50,offload,0.4716261563938053,71.2453,51.6371,51.6371,53.757,67.4282,112.06483125000001,112.06483125000001,192.9453,90.1487
887,snn,nsson,jetson_emulator,50,offload,0.4698636658873646,71.1246,51.4838,51.4838,53.0886,67.4711,112.06483125000001,112.06483125000001,193.0419,90.0603
888,snn,nsson,jetson_emulator,50,offload,0.4661542742859843,71.7158,50.8962,50.8962,52.14,67.6357,112.06483125000001,112.06483125000001,193.1385,90.065
889,snn,nsson,jetson_emulator,50,local,0.4671817309122438,71.5326,51.4837,71.5326,72.9509,60.4824,112.06483125000001,112.06483125000001,196.0493,90.1711
890,snn,nsson,jetson_emulator,50,offload,0.47212849175043614,71.9902,51.6535,51.6535,53.6662,67.4237,112.06483125000001,112.06483125000001,193.3318,90.1117
891,snn,nsson,jetson_emulator,50,local,0.48125831062911195,71.4893,52.1139,71.4893,73.3949,60.4924,112.06483125000001,112.06483125000001,196.2453,90.1427
892,snn,nsson,jetson_emulator,50,offload,0.4707290416013327,72.0051,52.4099,52.4099,54.592,67.2132,112.06483125000001,112.06483125000001,193.525,90.1132
893,snn,nsson,jetson_emulator,50,local,0.4786413723733442,71.9845,51.7891,71.9845,73.8599,60.378,112.06483125000001,112.06483125000001,196.4413,90.1768
894,snn,nsson,jetson_emulator,50,offload,0.48271575181508486,72.76,53.1432,53.1432,55.4106,67.0104,112.06483125000001,112.06483125000001,193.7182,90.0901
895,snn,nsson,jetson_emulator,50,local,0.4797558235410412,71.9173,52.1416,71.9173,74.0697,60.3935,112.06483125000001,112.06483125000001,196.6374,90.1025
896,snn,nsson,jetson_emulator,50,offload,0.47793030560675404,72.5319,51.7969,51.7969,54.2519,67.3837,112.06483125000001,112.06483125000001,193.9114,90.0822
897,snn,nsson,jetson_emulator,50,local,0.4842192888548877,72.3205,51.7677,72.3205,73.5012,60.3007,112.06483125000001,112.06483125000001,196.8334,90.0989
898,snn,nsson,jetson_emulator,50,offload,0.4814068260064059,72.8808,51.9636,51.9636,53.0637,67.3372,112.06483125000001,112.06483125000001,194.1047,90.1156
899,snn,nsson,jetson_emulator,50,local,0.47274108633035083,72.6888,52.4779,72.6888,73.9857,60.2161,112.06483125000001,112.06483125000001,197.0295,90.0044
900,snn,nsson,jetson_emulator,50,local,0.47287876530702616,72.406,52.5009,72.406,74.1821,60.281,112.06483125000001,112.06483125000001,197.1275,90.0902
901,snn,nsson,jetson_emulator,50,local,0.46997146668812406,73.2995,53.2521,73.2995,75.0559,60.0764,112.06483125000001,112.06483125000001,197.2255,90.1032
902,snn,nsson,jetson_emulator,50,offload,0.4711867432112219,73.0915,53.2881,53.2881,55.6712,66.9705,112.06483125000001,112.06483125000001,194.4911,90.1371
903,snn,nsson,jetson_emulator,50,local,0.48006042673766286,72.9879,52.7529,72.9879,75.048,60.1476,112.06483125000001,112.06483125000001,197.4215,90.0548
904,snn,nsson,jetson_emulator,50,local,0.4827877810601324,73.212,52.1178,73.212,75.1111,60.0964,112.06483125000001,112.06483125000001,197.5196,90.131
905,snn,nsson,jetson_emulator,50,local,0.48483273227567536,73.3798,52.6451,73.3798,75.5444,60.0581,112.06483125000001,112.06483125000001,197.6176,90.0789
906,snn,nsson,jetson_emulator,50,local,0.48477005542653023,72.9128,52.7043,72.9128,74.3919,60.1648,112.06483125000001,112.06483125000001,197.7156,90.1533
907,snn,nsson,jetson_emulator,50,offload,0.4890773633106003,73.7157,52.801,52.801,54.6358,67.1049,112.06483125000001,112.06483125000001,194.9742,90.1439
908,snn,nsson,jetson_emulator,50,local,0.49082786198951306,73.3178,53.2036,73.3178,75.1106,60.0722,112.06483125000001,112.06483125000001,197.9116,90.0718
909,snn,nsson,jetson_emulator,50,local,0.48387010662288943,73.9116,52.4981,73.9116,76.2895,59.937,112.06483125000001,112.06483125000001,198.0096,90.0799
910,snn,nsson,jetson_emulator,50,local,0.48609189824479443,73.68,52.3634,73.68,75.5328,59.9897,112.06483125000001,112.06483125000001,198.1077,90.1112
911,snn,nsson,jetson_emulator,50,offload,0.4858408298435202,73.495,53.4232,53.4232,55.3077,66.9333,112.06483125000001,112.06483125000001,195.3606,90.0522
912,snn,nsson,jetson_emulator,50,offload,0.49845890741866167,73.6475,53.6332,53.6332,55.4407,66.8756,112.06483125000001,112.06483125000001,195.4572,90.0956
913,snn,nsson,jetson_emulator,50,local,0.500215428848417,74.284,52.5548,74.284,75.7595,59.8525,112.06483125000001,112.06483125000001,198.4017,90.0572
914,snn,nsson,jetson_emulator,50,local,0.5061445410770833,74.0321,52.7003,74.0321,76.7862,59.9096,112.06483125000001,112.06483125000001,198.4997,90.0715
915,snn,nsson,jetson_emulator,50,local,0.5079029450317443,74.666,52.7441,74.666,76.7509,59.7661,112.06483125000001,112.06483125000001,198.5978,90.0736
916,snn,nsson,jetson_emulator,50,local,0.5124455408482013,73.9517,53.1034,73.9517,76.1242,59.9279,112.06483125000001,112.06483125000001,198.6958,90.1515
917,snn,nsson,jetson_emulator,50,offload,0.5097283020673318,74.2685,52.9578,52.9578,54.7609,67.0616,112.06483125000001,112.06483125000001,195.9403,90.0912
918,snn,nsson,jetson_emulator,50,local,0.5102319469414067,74.1453,53.1376,74.1453,76.1059,59.8839,112.06483125000001,112.06483125000001,198.8918,90.0882
919,snn,nsson,jetson_emulator,50,offload,0.5150100946793507,74.4386,53.0791,53.0791,54.4441,67.0281,112.06483125000001,112.06483125000001,196.1335,90.1129
920,snn,nsson,jetson_emulator,50,offload,0.5129734194751925,74.8036,52.8157,52.8157,55.236,67.1008,112.06483125000001,112.06483125000001,196.2301,90.1395
921,snn,nsson,jetson_emulator,50,local,0.5115032858049646,74.0848,53.0831,74.0848,76.1031,59.8977,112.06483125000001,112.06483125000001,199.1859,90.1401
922,snn,nsson,jetson_emulator,50,local,0.5220264125373518,74.127,53.0469,74.127,76.1156,59.8881,112.06483125000001,112.06483125000001,199.2839,90.1074
923,snn,nsson,jetson_emulator,50,offload,0.5315941833038677,74.1983,53.3172,53.3172,54.8511,66.9625,112.06483125000001,112.06483125000001,196.52,90.1453
924,snn,nsson,jetson_emulator,50,offload,0.5297575106825305,74.2454,53.8113,53.8113,55.572,66.8267,112.06483125000001,112.06483125000001,196.6166,90.2179
925,snn,nsson,jetson_emulator,50,local,0.5271732000880346,74.2722,53.4913,74.2722,75.8614,59.8552,112.06483125000001,112.06483125000001,199.578,89.9878
926,snn,nsson,jetson_emulator,50,local,0.526824980911583,74.376,54.3593,74.376,76.3284,59.8317,112.06483125000001,112.06483125000001,199.676,90.0832
927,snn,nsson,jetson_emulator,50,offload,0.5326953113538521,75.4767,55.0941,55.0941,56.6456,66.4768,112.06483125000001,112.06483125000001,196.9064,90.1423
928,snn,nsson,jetson_emulator,50,local,0.53110243650433,74.4777,54.2067,74.4777,76.041,59.8087,112.06483125000001,112.06483125000001,199.872,90.0353
929,snn,nsson,jetson_emulator,50,offload,0.5348402563985816,74.534,55.0812,55.0812,56.6601,66.4803,112.06483125000001,112.06483125000001,197.0996,90.1893
930,snn,nsson,jetson_emulator,50,local,0.5371305537198845,74.527,53.6852,74.527,76.0993,59.7975,112.06483125000001,112.06483125000001,200.068,90.0516
931,snn,nsson,jetson_emulator,50,offload,0.524614240882586,74.9173,53.3868,53.3868,54.5283,66.9433,112.06483125000001,112.06483125000001,197.2929,90.1106
932,snn,nsson,jetson_emulator,50,offload,0.5243828958422895,75.2276,53.9317,53.9317,55.9793,66.7937,112.06483125000001,112.06483125000001,197.3895,90.0713
933,snn,nsson,jetson_emulator,50,local,0.5240725338942388,74.6377,53.9561,74.6377,76.1367,59.7725,112.06483125000001,112.06483125000001,200.3621,90.0644
934,snn,nsson,jetson_emulator,50,offload,0.5174840915341211,75.2986,53.5148,53.5148,55.6753,66.9081,112.06483125000001,112.06483125000001,197.5827,90.0213
935,snn,nsson,jetson_emulator,50,offload,0.52311322931594,74.8187,53.4279,53.4279,55.05,66.932,112.06483125000001,112.06483125000001,197.6793,90.0018
936,snn,nsson,jetson_emulator,50,offload,0.5182372772233061,74.855,54.1942,54.1942,56.2745,66.7219,112.06483125000001,112.06483125000001,197.7759,90.11
937,snn,nsson,jetson_emulator,50,local,0.5204679640856805,75.6117,53.8508,75.6117,77.4578,59.5532,112.06483125000001,112.06483125000001,200.7542,90.2276
938,snn,nsson,jetson_emulator,50,local,0.5112832413193998,74.6835,54.1471,74.6835,76.7025,59.7621,112.06483125000001,112.06483125000001,200.8522,90.1535
939,snn,nsson,jetson_emulator,50,local,0.5204874857403561,75.0809,53.8643,75.0809,76.5284,59.6725,112.06483125000001,112.06483125000001,200.9502,90.0222
940,snn,nsson,jetson_emulator,50,local,0.5123968782587058,75.075,53.5339,75.075,77.2554,59.6738,112.06483125000001,112.06483125000001,201.0482,90.0174
941,snn,nsson,jetson_emulator,50,local,0.5000779544138825,74.9615,53.4373,74.9615,76.9306,59.6994,112.06483125000001,112.06483125000001,201.1463,90.0606
942,snn,nsson,jetson_emulator,50,local,0.4965448864655797,75.1598,53.738,75.1598,76.6246,59.6547,112.06483125000001,112.06483125000001,201.2443,90.1436
943,snn,nsson,jetson_emulator,50,local,0.49832845904171547,76.4003,54.2027,76.4003,78.3768,59.3769,112.06483125000001,112.06483125000001,201.3423,89.9713
944,snn,nsson,jetson_emulator,50,local,0.49986770064722896,75.0553,54.5883,75.0553,77.5982,59.6783,112.06483125000001,112.06483125000001,201.4403,90.039
945,snn,nsson,jetson_emulator,50,offload,0.5086760692748893,75.8526,54.3369,54.3369,56.3057,66.6829,112.06483125000001,112.06483125000001,198.6454,90.1225
946,snn,nsson,jetson_emulator,50,local,0.5181788898800095,76.3863,54.2334,76.3863,79.2142,59.38,112.06483125000001,112.06483125000001,201.6364,90.1308
947,snn,nsson,jetson_emulator,50,local,0.5266453064443041,74.9173,54.5586,74.9173,76.7505,59.7094,112.06483125000001,112.06483125000001,201.7344,90.0954
948,snn,nsson,jetson_emulator,50,offload,0.5250555634561838,74.8732,54.7025,54.7025,56.3877,66.5832,112.06483125000001,112.06483125000001,198.9353,90.0634
949,snn,nsson,jetson_emulator,50,local,0.5232886995843411,75.1517,55.6148,75.1517,77.1198,59.6566,112.06483125000001,112.06483125000001,201.9304,90.1371
950,snn,nsson,jetson_emulator,50,offload,0.5264920768369487,74.8592,54.3597,54.3597,56.3348,66.6767,112.06483125000001,112.06483125000001,199.1285,90.0754
951,snn,nsson,jetson_emulator,50,local,0.5291883121932626,74.8441,54.1678,74.8441,76.3618,59.7259,112.06483125000001,112.06483125000001,202.1265,90.0556
952,snn,nsson,jetson_emulator,50,offload,0.5382570466945934,75.3272,54.1282,54.1282,56.1777,66.7399,112.06483125000001,112.06483125000001,199.3217,90.1556
953,snn,nsson,jetson_emulator,50,offload,0.5354231419154106,75.8064,53.6276,53.6276,56.7344,66.8771,112.06483125000001,112.06483125000001,199.4183,90.0639
954,snn,nsson,jetson_emulator,50,local,0.538787205443269,75.0158,54.2395,75.0158,77.3733,59.6872,112.06483125000001,112.06483125000001,202.4205,90.0991
955,snn,nsson,jetson_emulator,50,local,0.5386886794466994,75.0916,53.7137,75.0916,77.4057,59.6701,112.06483125000001,112.06483125000001,202.5185,90.1666
956,snn,nsson,jetson_emulator,50,offload,0.5414562272822536,75.2878,54.3223,54.3223,56.0289,66.6869,112.06483125000001,112.06483125000001,199.7082,90.101
957,snn,nsson,jetson_emulator,50,offload,0.5441260748034235,75.7518,53.7917,53.7917,55.6585,66.8321,112.06483125000001,112.06483125000001,199.8048,90.0906
958,snn,nsson,jetson_emulator,50,offload,0.5431964281835487,75.1636,55.1894,55.1894,56.6321,66.4509,112.06483125000001,112.06483125000001,199.9014,90.0631
959,snn,nsson,jetson_emulator,50,local,0.5499943167323503,75.0394,54.2106,75.0394,76.3563,59.6819,112.06483125000001,112.06483125000001,202.9106,90.0067
960,snn,nsson,jetson_emulator,50,local,0.5576894193811914,75.1837,53.5272,75.1837,77.0309,59.6494,112.06483125000001,112.06483125000001,203.0086,90.022
961,snn,nsson,jetson_emulator,50,local,0.5625331889528616,75.7087,53.7968,75.7087,77.5769,59.5315,112.06483125000001,112.06483125000001,203.1066,90.0564
962,snn,nsson,jetson_emulator,50,local,0.5623816075415365,75.0963,53.6478,75.0963,76.6799,59.669,112.06483125000001,112.06483125000001,203.2047,89.9745
963,snn,nsson,jetson_emulator,50,offload,0.5695809560953781,75.6007,54.6684,54.6684,56.294,66.5925,112.06483125000001,112.06483125000001,200.3845,90.0363
964,snn,nsson,jetson_emulator,50,local,0.5747190525797484,74.947,54.4218,74.947,76.5162,59.7027,112.06483125000001,112.06483125000001,203.4007,90.1457
965,snn,nsson,jetson_emulator,50,offload,0.5712667807382805,75.6504,53.9928,53.9928,55.8947,66.777,112.06483125000001,112.06483125000001,200.5777,90.0688
966,snn,nsson,jetson_emulator,50,offload,0.5779488017585817,74.8563,55.3939,55.3939,57.5053,66.3955,112.06483125000001,112.06483125000001,200.6743,90.1209
967,snn,nsson,jetson_emulator,50,offload,0.5823627655884306,74.8803,54.5648,54.5648,56.1427,66.6207,112.06483125000001,112.06483125000001,200.7709,90.0828
968,snn,nsson,jetson_emulator,50,offload,0.5815998558002636,74.7824,54.3837,54.3837,56.3186,66.6701,112.06483125000001,112.06483125000001,200.8675,90.1217
969,snn,nsson,jetson_emulator,50,offload,0.5825421561008048,75.7233,53.9669,53.9669,55.7241,66.7841,112.06483125000001,112.06483125000001,200.9641,90.0142
970,snn,nsson,jetson_emulator,50,local,0.5789697224316938,75.4636,54.4719,75.4636,77.5883,59.5865,112.06483125000001,112.06483125000001,203.9888,90.0749
971,snn,nsson,jetson_emulator,50,offload,0.572317814263694,74.673,53.732,53.732,55.6534,66.8485,112.06483125000001,112.06483125000001,201.1574,90.0607
972,snn,nsson,jetson_emulator,50,offload,0.5680480162089717,75.5413,54.7634,54.7634,56.6447,66.5667,112.06483125000001,112.06483125000001,201.254,90.001
973,snn,nsson,jetson_emulator,50,local,0.5752410485166765,74.5952,53.6247,74.5952,76.9398,59.7821,112.06483125000001,112.06483125000001,204.2829,90.0028
974,snn,nsson,jetson_emulator,50,local,0.5762784891081953,74.7386,54.9518,74.7386,75.6759,59.7497,112.06483125000001,112.06483125000001,204.3809,90.095
975,snn,nsson,jetson_emulator,50,local,0.5803551240570172,74.5826,55.1927,74.5826,76.4395,59.7849,112.06483125000001,112.06483125000001,204.4789,89.9975
976,snn,nsson,jetson_emulator,50,offload,0.5683720679890873,75.1871,54.2973,54.2973,56.3747,66.6937,112.06483125000001,112.06483125000001,201.6404,90.0733
977,snn,nsson,jetson_emulator,50,local,0.5641135595883292,74.8201,54.5212,74.8201,76.722,59.7313,112.06483125000001,112.06483125000001,204.675,90.0884
978,snn,nsson,jetson_emulator,50,offload,0.5623335696334109,74.6979,54.4669,54.4669,57.0354,66.6474,112.06483125000001,112.06483125000001,201.8336,90.1871
979,snn,nsson,jetson_emulator,50,offload,0.5629361761868128,74.4564,53.5087,53.5087,55.503,66.9098,112.06483125000001,112.06483125000001,201.9303,90.0583
980,snn,nsson,jetson_emulator,50,offload,0.5636719262814646,75.9606,53.551,53.551,55.7092,66.8982,112.06483125000001,112.06483125000001,202.0269,90.0738
981,snn,nsson,jetson_emulator,50,local,0.5594434721555018,74.4338,54.835,74.4338,75.7008,59.8186,112.06483125000001,112.06483125000001,205.067,90.0833
982,snn,nsson,jetson_emulator,50,offload,0.5561065938949957,74.6358,53.4328,53.4328,55.0501,66.9307,112.06483125000001,112.06483125000001,202.2201,90.0429
983,snn,nsson,jetson_emulator,50,offload,0.5585857572449804,75.7554,53.2464,53.2464,54.8022,66.982,112.06483125000001,112.06483125000001,202.3167,90.0902
984,snn,nsson,jetson_emulator,50,offload,0.5631260823791717,74.7393,53.5617,53.5617,54.6333,66.8952,112.06483125000001,112.06483125000001,202.4133,90.0839
985,snn,nsson,jetson_emulator,50,local,0.5711041605118963,74.4283,54.5857,74.4283,76.2733,59.8198,112.06483125000001,112.06483125000001,205.4591,90.1153
986,snn,nsson,jetson_emulator,50,offload,0.5733766922686976,74.283,53.0896,53.0896,54.9141,67.0252,112.06483125000001,112.06483125000001,202.6065,90.0082
987,snn,nsson,jetson_emulator,50,local,0.5633811382053395,74.5425,53.3088,74.5425,76.2095,59.794,112.06483125000001,112.06483125000001,205.6551,90.0455
988,snn,nsson,jetson_emulator,50,offload,0.5649531984945874,74.5134,53.24,53.24,54.9822,66.9837,112.06483125000001,112.06483125000001,202.7998,90.101
989,snn,nsson,jetson_emulator,50,local,0.5609242817990638,74.804,53.008,74.804,76.7497,59.7349,112.06483125000001,112.06483125000001,205.8512,90.1283
990,snn,nsson,jetson_emulator,50,offload,0.5638871899331068,74.3918,53.1444,53.1444,54.947,67.0101,112.06483125000001,112.06483125000001,202.993,90.1187
991,snn,nsson,jetson_emulator,50,local,0.55943559042306,74.9837,54.7656,74.9837,76.5068,59.6944,112.06483125000001,112.06483125000001,206.0472,90.0673
992,snn,nsson,jetson_emulator,50,local,0.567894287236239,75.3353,52.9627,75.3353,78.2744,59.6153,112.06483125000001,112.06483125000001,206.1452,90.0994
993,snn,nsson,jetson_emulator,50,offload,0.5588404238443625,74.6247,53.4169,53.4169,55.2688,66.935,112.06483125000001,112.06483125000001,203.2828,90.0524
994,snn,nsson,jetson_emulator,50,local,0.5584861661097805,74.562,53.3344,74.562,76.5201,59.7896,112.06483125000001,112.06483125000001,206.3413,90.0507
995,snn,nsson,jetson_emulator,50,offload,0.5527270317360778,73.9623,53.2933,53.2933,55.4976,66.969,112.06483125000001,112.06483125000001,203.4761,90.0702
996,snn,nsson,jetson_emulator,50,local,0.5455127194350359,74.6355,53.1501,74.6355,76.7286,59.773,112.06483125000001,112.06483125000001,206.5373,90.1064
997,snn,nsson,jetson_emulator,50,local,0.5481545080653717,74.059,53.2845,74.059,76.0786,59.9035,112.06483125000001,112.06483125000001,206.6353,90.1339
998,snn,nsson,jetson_emulator,50,offload,0.5489853495115745,74.8063,52.7783,52.7783,54.3699,67.1112,112.06483125000001,112.06483125000001,203.7659,90.0329
999,snn,nsson,jetson_emulator,50,local,0.5450667495167644,73.7961,52.7318,73.7961,77.045,59.9632,112.06483125000001,112.06483125000001,206.8314,90.0685
1000,snn,nsson,jetson_emulator,50,offload,0.5458430911594383,73.8747,52.898,52.898,53.557,67.0781,112.06483125000001,112.06483125000001,203.9591,90.056
1001,snn,nsson,jetson_emulator,50,offload,0.5465327504256129,74.2169,53.3485,53.3485,54.729,66.9538,112.06483125000001,112.06483125000001,204.0557,90.0521
1002,snn,nsson,jetson_emulator,50,local,0.5458786216642134,74.0406,52.667,74.0406,77.0518,59.9077,112.06483125000001,112.06483125000001,207.1254,90.0324
1003,snn,nsson,jetson_emulator,50,offload,0.5486912140652379,73.8939,53.4609,53.4609,55.772,66.9229,112.06483125000001,112.06483125000001,204.249,90.0851
1004,snn,nsson,jetson_emulator,50,offload,0.5485146624777452,73.5664,54.083,54.083,56.3059,66.7523,112.06483125000001,112.06483125000001,204.3456,90.1525
1005,snn,nsson,jetson_emulator,50,offload,0.5436541024666129,73.5669,53.0371,53.0371,55.1239,67.0397,112.06483125000001,112.06483125000001,204.4422,90.0441
1006,snn,nsson,jetson_emulator,50,offload,0.5427151956106198,73.5979,53.6894,53.6894,55.7158,66.8601,112.06483125000001,112.06483125000001,204.5388,90.0884
1007,snn,nsson,jetson_emulator,50,offload,0.5452408910467469,74.2601,53.2601,53.2601,54.65,66.9782,112.06483125000001,112.06483125000001,204.6354,90.1316
1008,snn,nsson,jetson_emulator,50,offload,0.5426328920888988,74.3033,52.8235,52.8235,54.7072,67.0987,112.06483125000001,112.06483125000001,204.732,90.0842
1009,snn,nsson,jetson_emulator,50,local,0.5449106092568331,73.7521,52.5619,73.7521,76.5091,59.9733,112.06483125000001,112.06483125000001,207.8116,90.101
1010,snn,nsson,jetson_emulator,50,local,0.5446241908013967,73.5459,52.9155,73.5459,75.1395,60.0202,112.06483125000001,112.06483125000001,207.9096,90.1775
1011,snn,nsson,jetson_emulator,50,offload,0.5570650557438828,73.6524,53.0743,53.0743,54.6081,67.0294,112.06483125000001,112.06483125000001,205.0218,90.1957
1012,snn,nsson,jetson_emulator,50,local,0.5586938569737833,73.3408,52.447,73.3408,75.0648,60.067,112.06483125000001,112.06483125000001,208.1056,90.1252
1013,snn,nsson,jetson_emulator,50,offload,0.5537394527821596,73.8715,52.9263,52.9263,55.0182,67.0703,112.06483125000001,112.06483125000001,205.2151,90.0299
1014,snn,nsson,jetson_emulator,50,local,0.5482308921386438,73.579,52.7384,73.579,75.5499,60.0127,112.06483125000001,112.06483125000001,208.3017,90.1382
1015,snn,nsson,jetson_emulator,50,local,0.5417383853436187,73.9765,52.8872,73.9765,75.5917,59.9222,112.06483125000001,112.06483125000001,208.3997,90.1426
1016,snn,nsson,jetson_emulator,50,offload,0.5350635290664945,73.2221,53.4903,53.4903,55.0836,66.9148,112.06483125000001,112.06483125000001,205.5049,90.0905
1017,snn,nsson,jetson_emulator,50,local,0.5323098497127023,73.9861,52.5597,73.9861,76.3238,59.9201,112.06483125000001,112.06483125000001,208.5957,90.1564
1018,snn,nsson,jetson_emulator,50,offload,0.5269972215801102,73.1374,52.7872,52.7872,54.9713,67.1087,112.06483125000001,112.06483125000001,205.6981,90.0846
1019,snn,nsson,jetson_emulator,50,local,0.5316767958580377,73.3257,52.5975,73.3257,74.9852,60.0704,112.06483125000001,112.06483125000001,208.7918,90.1127
1020,snn,nsson,jetson_emulator,50,offload,0.5303929866306581,73.0769,52.8974,52.8974,54.849,67.0782,112.06483125000001,112.06483125000001,205.8914,90.1027
1021,snn,nsson,jetson_emulator,50,local,0.5249715764984075,73.2182,52.6306,73.2182,75.4019,60.0949,112.06483125000001,112.06483125000001,208.9878,90.0939
1022,snn,nsson,jetson_emulator,50,offload,0.5272038310487971,73.5861,52.3627,52.3627,54.5571,67.2263,112.06483125000001,112.06483125000001,206.0846,90.1358
1023,snn,nsson,jetson_emulator,50,offload,0.5186917819423527,73.071,53.8259,53.8259,54.7753,66.8227,112.06483125000001,112.06483125000001,206.1812,89.948
1024,snn,nsson,jetson_emulator,50,local,0.5165158269614333,73.0035,52.3728,73.0035,74.728,60.144,112.06483125000001,112.06483125000001,209.2819,90.1579
1025,snn,nsson,jetson_emulator,50,offload,0.5200160923839799,73.0637,52.3741,52.3741,53.2703,67.2231,112.06483125000001,112.06483125000001,206.3744,90.0863
1026,snn,nsson,jetson_emulator,50,offload,0.5029578497796546,73.6537,52.2348,52.2348,55.1786,67.2618,112.06483125000001,112.06483125000001,206.471,90.099
1027,snn,nsson,jetson_emulator,50,offload,0.5051431907562394,72.8951,52.415,52.415,53.8126,67.2118,112.06483125000001,112.06483125000001,206.5676,90.0451
1028,snn,nsson,jetson_emulator,50,offload,0.49726754684006225,72.8019,53.1707,53.1707,54.5881,67.0028,112.06483125000001,112.06483125000001,206.6643,90.1577
1029,snn,nsson,jetson_emulator,50,offload,0.4855163451774537,72.9003,52.0228,52.0228,54.1019,67.3207,112.06483125000001,112.06483125000001,206.7609,90.129
1030,snn,nsson,jetson_emulator,50,offload,0.4815848507185664,73.268,52.5067,52.5067,54.1439,67.1863,112.06483125000001,112.06483125000001,206.8575,89.9885
1031,snn,nsson,jetson_emulator,50,offload,0.4842657699637173,74.1109,52.0377,52.0377,54.0027,67.3166,112.06483125000001,112.06483125000001,206.9541,90.1038
1032,snn,nsson,jetson_emulator,50,offload,0.4840019845091057,73.0159,52.8561,52.8561,55.7721,67.0897,112.06483125000001,112.06483125000001,207.0507,90.1066
1033,snn,nsson,jetson_emulator,50,local,0.4849359835036348,73.4852,52.6423,73.4852,75.0484,60.034,112.06483125000001,112.06483125000001,210.164,90.0394
1034,snn,nsson,jetson_emulator,50,offload,0.49059330045871935,73.329,52.0532,52.0532,53.5486,67.3123,112.06483125000001,112.06483125000001,207.2439,90.1025
1035,snn,nsson,jetson_emulator,50,local,0.4913242738949222,72.8583,53.2981,72.8583,74.4436,60.1773,112.06483125000001,112.06483125000001,210.3601,90.0798
1036,snn,nsson,jetson_emulator,50,offload,0.494760149557245,74.3992,53.1992,53.1992,55.0837,66.995,112.06483125000001,112.06483125000001,207.4372,90.126
1037,snn,nsson,jetson_emulator,50,local,0.4892924879915892,72.8627,52.2207,72.8627,74.9547,60.1763,112.06483125000001,112.06483125000001,210.5561,90.108
1038,snn,nsson,jetson_emulator,50,local,0.4849453415522262,73.3052,52.4634,73.3052,75.7174,60.0751,112.06483125000001,112.06483125000001,210.6541,90.1636
1039,snn,nsson,jetson_emulator,50,local,0.4839776096434524,73.0986,53.019,73.0986,74.9927,60.1223,112.06483125000001,112.06483125000001,210.7521,90.0863
1040,snn,nsson,jetson_emulator,50,local,0.48124201591530735,72.6443,52.1355,72.6443,74.0313,60.2263,112.06483125000001,112.06483125000001,210.8502,90.109
1041,snn,nsson,jetson_emulator,50,offload,0.5026163833834453,72.9961,52.1048,52.1048,54.743,67.2979,112.06483125000001,112.06483125000001,207.9202,90.0402
1042,snn,nsson,jetson_emulator,50,offload,0.5061997864107621,72.5617,52.027,52.027,53.6516,67.3196,112.06483125000001,112.06483125000001,208.0168,90.0986
1043,snn,nsson,jetson_emulator,50,offload,0.5042308541945418,72.6718,52.0904,52.0904,53.9875,67.3019,112.06483125000001,112.06483125000001,208.1134,90.0797
1044,snn,nsson,jetson_emulator,50,local,0.49625225328865297,72.7428,52.1902,72.7428,74.7475,60.2037,112.06483125000001,112.06483125000001,211.2422,90.0936
1045,snn,nsson,jetson_emulator,50,local,0.5043798075541812,72.8134,52.098,72.8134,74.9065,60.1875,112.06483125000001,112.06483125000001,211.3403,90.1405
1046,snn,nsson,jetson_emulator,50,offload,0.5110331911577902,72.8531,52.4692,52.4692,54.6449,67.1967,112.06483125000001,112.06483125000001,208.4033,90.1306
1047,snn,nsson,jetson_emulator,50,local,0.510306099580724,73.0071,52.4222,73.0071,74.525,60.1432,112.06483125000001,112.06483125000001,211.5363,90.2135
1048,snn,nsson,jetson_emulator,50,offload,0.5127951871737936,73.2333,52.2153,52.2153,54.728,67.2672,112.06483125000001,112.06483125000001,208.5965,90.1299
1049,snn,nsson,jetson_emulator,50,offload,0.5157897487017378,72.5894,52.5794,52.5794,54.647,67.1662,112.06483125000001,112.06483125000001,208.6931,90.05
1050,snn,nsson,jetson_emulator,50,local,0.5093348140893048,73.7039,52.6441,73.7039,75.4653,59.9842,112.06483125000001,112.06483125000001,211.8304,90.0617
1051,snn,nsson,jetson_emulator,50,local,0.5142115789118786,72.9338,52.1649,72.9338,75.3597,60.16,112.06483125000001,112.06483125000001,211.9284,90.1013
1052,snn,nsson,jetson_emulator,50,offload,0.5025779173462501,72.5869,52.5176,52.5176,54.5812,67.1833,112.06483125000001,112.06483125000001,208.9829,90.1492
1053,snn,nsson,jetson_emulator,50,offload,0.5010331716554055,73.2085,52.1257,52.1257,54.4866,67.2921,112.06483125000001,112.06483125000001,209.0796,90.1295
1054,snn,nsson,jetson_emulator,50,offload,0.5054715591920814,73.8849,52.1764,52.1764,53.466,67.278,112.06483125000001,112.06483125000001,209.1762,90.0769
1055,snn,nsson,jetson_emulator,50,offload,0.5044852456886451,72.7987,53.3796,53.3796,55.1759,66.9453,112.06483125000001,112.06483125000001,209.2728,90.1173
1056,snn,nsson,jetson_emulator,50,offload,0.5002708707024294,72.8871,52.4754,52.4754,54.6612,67.195,112.06483125000001,112.06483125000001,209.3694,90.0997
1057,snn,nsson,jetson_emulator,50,local,0.49830546520446195,72.7173,53.1187,72.7173,74.4142,60.2096,112.06483125000001,112.06483125000001,212.5165,90.1248
1058,snn,nsson,jetson_emulator,50,offload,0.501551062506707,72.8579,51.9354,51.9354,54.006,67.3451,112.06483125000001,112.06483125000001,209.5626,90.0923
1059,snn,nsson,jetson_emulator,50,local,0.5073751329050985,73.1955,52.0983,73.1955,76.3352,60.1001,112.06483125000001,112.06483125000001,212.7125,90.0341
1060,snn,nsson,jetson_emulator,50,offload,0.505483407897388,73.0,52.5459,52.5459,54.1591,67.1755,112.06483125000001,112.06483125000001,209.7558,90.0829
1061,snn,nsson,jetson_emulator,50,local,0.4985654128889645,73.2465,52.838,73.2465,75.2725,60.0885,112.06483125000001,112.06483125000001,212.9086,90.0926
1062,snn,nsson,jetson_emulator,50,offload,0.49309374474312273,73.6473,52.7149,52.7149,55.0114,67.1287,112.06483125000001,112.06483125000001,209.9491,90.0789
1063,snn,nsson,jetson_emulator,50,offload,0.49351298045793934,73.725,52.2051,52.2051,54.559,67.2701,112.06483125000001,112.06483125000001,210.0457,90.2203
1064,snn,nsson,jetson_emulator,50,offload,0.47958797604536363,72.9124,52.4335,52.4335,54.6906,67.2066,112.06483125000001,112.06483125000001,210.1423,90.0948
1065,snn,nsson,jetson_emulator,50,local,0.4813200668386883,73.0193,53.1194,73.0193,74.2152,60.1404,112.06483125000001,112.06483125000001,213.3006,90.0435
1066,snn,nsson,jetson_emulator,50,offload,0.48368813798016136,73.907,52.2629,52.2629,54.8788,67.254,112.06483125000001,112.06483125000001,210.3355,90.0973
1067,snn,nsson,jetson_emulator,50,local,0.48286234504017894,73.2181,52.1814,73.2181,75.1806,60.095,112.06483125000001,112.06483125000001,213.4967,90.0325
1068,snn,nsson,jetson_emulator,50,local,0.4757468441900215,73.4019,53.3053,73.4019,75.3983,60.053,112.06483125000001,112.06483125000001,213.5947,90.1341
1069,snn,nsson,jetson_emulator,50,local,0.48177600994152164,73.3008,52.8793,73.3008,76.6239,60.0761,112.06483125000001,112.06483125000001,213.6927,90.0769
1070,snn,nsson,jetson_emulator,50,offload,0.4835854473439207,73.1465,52.5644,52.5644,53.9849,67.1704,112.06483125000001,112.06483125000001,210.722,90.0524
1071,snn,nsson,jetson_emulator,50,local,0.487843955619404,73.7195,53.0365,73.7195,76.1092,59.9807,112.06483125000001,112.06483125000001,213.8888,89.9273
1072,snn,nsson,jetson_emulator,50,local,0.48694545374001974,73.2913,52.6731,73.2913,75.2275,60.0782,112.06483125000001,112.06483125000001,213.9868,90.1366
1073,snn,nsson,jetson_emulator,50,local,0.4821561160143686,73.7101,53.1985,73.7101,75.8832,59.9828,112.06483125000001,112.06483125000001,214.0848,90.0993
1074,snn,nsson,jetson_emulator,50,local,0.49200427411660286,73.1522,52.8369,73.1522,74.2832,60.11,112.06483125000001,112.06483125000001,214.1828,90.106
1075,snn,nsson,jetson_emulator,50,offload,0.5004143422425751,73.6195,53.6714,53.6714,55.1832,66.8651,112.06483125000001,112.06483125000001,211.205,90.0822
1076,snn,nsson,jetson_emulator,50,local,0.5117688517868394,74.0386,52.638,74.0386,76.0426,59.9082,112.06483125000001,112.06483125000001,214.3788,90.1392
1077,snn,nsson,jetson_emulator,50,offload,0.5149119226965138,73.2751,52.9109,52.9109,54.9081,67.0745,112.06483125000001,112.06483125000001,211.3983,90.0577
1078,snn,nsson,jetson_emulator,50,local,0.5190867372068569,73.8935,52.8175,73.8935,76.4673,59.9411,112.06483125000001,112.06483125000001,214.5749,90.0951
1079,snn,nsson,jetson_emulator,50,local,0.5231649242025311,74.2794,53.1142,74.2794,76.2891,59.8535,112.06483125000001,112.06483125000001,214.6729,90.1413
1080,snn,nsson,jetson_emulator,50,offload,0.5284770224651423,73.4938,52.6925,52.6925,53.9129,67.1349,112.06483125000001,112.06483125000001,211.6881,90.1088
1081,snn,nsson,jetson_emulator,50,local,0.5227364263655737,74.421,52.8094,74.421,76.7931,59.8215,112.06483125000001,112.06483125000001,214.8689,90.1674
1082,snn,nsson,jetson_emulator,50,local,0.522366256505882,73.7844,52.5693,73.7844,75.2675,59.9659,112.06483125000001,112.06483125000001,214.967,90.0071
1083,snn,nsson,jetson_emulator,50,local,0.5232808200468121,74.8767,53.9327,74.8767,76.8739,59.7185,112.06483125000001,112.06483125000001,215.065,90.0892
1084,snn,nsson,jetson_emulator,50,local,0.5217339444354815,74.0346,53.2318,74.0346,76.0436,59.909,112.06483125000001,112.06483125000001,215.163,90.0759
1085,snn,nsson,jetson_emulator,50,offload,0.5282279880884443,74.5028,52.906,52.906,54.9201,67.0759,112.06483125000001,112.06483125000001,212.1712,90.0079
1086,snn,nsson,jetson_emulator,50,offload,0.5238638064318962,74.8316,53.0285,53.0285,55.7281,67.042,112.06483125000001,112.06483125000001,212.2678,90.1325
1087,snn,nsson,jetson_emulator,50,offload,0.5288909098688415,74.1953,52.8807,52.8807,54.7298,67.0828,112.06483125000001,112.06483125000001,212.3644,90.0964
1088,snn,nsson,jetson_emulator,50,offload,0.5227988771710478,74.8812,53.4836,53.4836,55.2762,66.9167,112.06483125000001,112.06483125000001,212.461,90.0848
1089,snn,nsson,jetson_emulator,50,local,0.5202107537824096,74.485,52.8276,74.485,76.1389,59.807,112.06483125000001,112.06483125000001,215.6531,90.0957
1090,snn,nsson,jetson_emulator,50,offload,0.5173089309852843,74.682,53.4202,53.4202,56.1404,66.9341,112.06483125000001,112.06483125000001,212.6542,90.1349
1091,snn,nsson,jetson_emulator,50,local,0.5188023654809307,74.6161,53.5484,74.6161,77.416,59.7774,112.06483125000001,112.06483125000001,215.8491,90.1629
1092,snn,nsson,jetson_emulator,50,offload,0.5127001175793288,74.0916,53.9214,53.9214,55.7935,66.7965,112.06483125000001,112.06483125000001,212.8474,90.1438
1093,snn,nsson,jetson_emulator,50,local,0.5162622497867789,74.157,53.3072,74.157,75.5352,59.8813,112.06483125000001,112.06483125000001,216.0452,90.1145
1094,snn,nsson,jetson_emulator,50,offload,0.5157991430619253,74.417,53.6449,53.6449,56.3884,66.8723,112.06483125000001,112.06483125000001,213.0407,90.1066
1095,snn,nsson,jetson_emulator,50,local,0.5252324015623018,75.2454,54.8024,75.2454,77.4298,59.6355,112.06483125000001,112.06483125000001,216.2412,90.0815
1096,snn,nsson,jetson_emulator,50,local,0.5240299448761632,75.6288,53.808,75.6288,77.0775,59.5494,112.06483125000001,112.06483125000001,216.3392,90.0702
1097,snn,nsson,jetson_emulator,50,offload,0.5228859156854762,74.992,54.6883,54.6883,56.1064,66.5871,112.06483125000001,112.06483125000001,213.3305,90.0625
1098,snn,nsson,jetson_emulator,50,offload,0.5247422964257262,74.9003,54.2045,54.2045,56.3851,66.7191,112.06483125000001,112.06483125000001,213.4271,90.0506
1099,snn,nsson,jetson_emulator,50,local,0.5212232178109837,74.9688,54.0675,74.9688,76.8002,59.6978,112.06483125000001,112.06483125000001,216.6333,90.149
1100,snn,nsson,jetson_emulator,50,local,0.5235199932430276,74.6913,53.4409,74.6913,76.4961,59.7604,112.06483125000001,112.06483125000001,216.7313,90.1282
1101,snn,nsson,jetson_emulator,50,offload,0.5257126070562079,74.7752,53.5386,53.5386,54.8971,66.9016,112.06483125000001,112.06483125000001,213.7169,90.075
1102,snn,nsson,jetson_emulator,50,offload,0.5238829650958146,75.0588,53.5938,53.5938,55.1579,66.8864,112.06483125000001,112.06483125000001,213.8136,90.0306
1103,snn,nsson,jetson_emulator,50,local,0.5274116791972586,75.5066,53.9952,75.5066,77.2209,59.5768,112.06483125000001,112.06483125000001,217.0254,90.0858
1104,snn,nsson,jetson_emulator,50,local,0.5332192841798302,75.4614,53.7379,75.4614,78.051,59.587,112.06483125000001,112.06483125000001,217.1234,90.112
1105,snn,nsson,jetson_emulator,50,local,0.5375034710179845,75.2514,54.0366,75.2514,76.8796,59.6341,112.06483125000001,112.06483125000001,217.2214,90.004
1106,snn,nsson,jetson_emulator,50,offload,0.5538362499512595,76.0278,54.1294,54.1294,56.6937,66.7396,112.06483125000001,112.06483125000001,214.2,90.0752
1107,snn,nsson,jetson_emulator,50,offload,0.5546672860294575,75.399,54.8272,54.8272,56.6501,66.5493,112.06483125000001,112.06483125000001,214.2966,90.0571
1108,snn,nsson,jetson_emulator,50,offload,0.5590925080993908,75.6181,54.7031,54.7031,56.7776,66.5831,112.06483125000001,112.06483125000001,214.3932,90.0082
1109,snn,nsson,jetson_emulator,50,offload,0.5665249079731819,75.5224,54.2951,54.2951,56.2778,66.6943,112.06483125000001,112.06483125000001,214.4898,90.0211
1110,snn,nsson,jetson_emulator,50,offload,0.5655066396335344,76.2324,55.6673,55.6673,58.1398,66.3216,112.06483125000001,112.06483125000001,214.5865,90.1079
1111,snn,nsson,jetson_emulator,50,offload,0.5695132060723405,76.0886,54.2268,54.2268,55.8072,66.713,112.06483125000001,112.06483125000001,214.6831,90.1164
1112,snn,nsson,jetson_emulator,50,local,0.5654960728135694,76.6144,55.4177,76.6144,79.462,59.3292,112.06483125000001,112.06483125000001,217.9075,90.2174
1113,snn,nsson,jetson_emulator,50,offload,0.5700989113069682,77.1928,54.5983,54.5983,57.011,66.6116,112.06483125000001,112.06483125000001,214.8763,90.1309
1114,snn,nsson,jetson_emulator,50,local,0.5607307451612228,76.3063,54.2411,76.3063,78.8953,59.3978,112.06483125000001,112.06483125000001,218.1036,90.0362
1115,snn,nsson,jetson_emulator,50,local,0.5540867555043739,76.0857,54.2432,76.0857,78.034,59.4471,112.06483125000001,112.06483125000001,218.2016,90.1624
1116,snn,nsson,jetson_emulator,50,local,0.5537325853784446,76.2026,54.9264,76.2026,78.5169,59.421,112.06483125000001,112.06483125000001,218.2996,90.1001
1117,snn,nsson,jetson_emulator,50,offload,0.5557904856005343,76.6456,55.1267,55.1267,57.1533,66.468,112.06483125000001,112.06483125000001,215.2627,90.1646
1118,snn,nsson,jetson_emulator,50,offload,0.55535455111777,76.3593,55.3597,55.3597,57.4458,66.4048,112.06483125000001,112.06483125000001,215.3594,90.0693
1119,snn,nsson,jetson_emulator,50,offload,0.5661030251531511,76.6678,56.5178,56.5178,58.4788,66.0927,112.06483125000001,112.06483125000001,215.456,90.0621
1120,snn,nsson,jetson_emulator,50,offload,0.561138609166739,76.9006,55.0318,55.0318,56.9613,66.4937,112.06483125000001,112.06483125000001,215.5526,90.1192
1121,snn,nsson,jetson_emulator,50,local,0.5564543436977257,76.4723,54.8146,76.4723,77.35,59.3608,112.06483125000001,112.06483125000001,218.7897,90.0442
1122,snn,nsson,jetson_emulator,50,local,0.5559844702039632,76.7483,54.9432,76.7483,78.4127,59.2994,112.06483125000001,112.06483125000001,218.8877,90.051
1123,snn,nsson,jetson_emulator,50,local,0.5475048891988159,76.621,55.997,76.621,79.3177,59.3277,112.06483125000001,112.06483125000001,218.9858,90.0858
1124,snn,nsson,jetson_emulator,50,local,0.5447431364789478,77.3764,55.7395,77.3764,79.3667,59.16,112.06483125000001,112.06483125000001,219.0838,90.1275
1125,snn,nsson,jetson_emulator,50,local,0.5491044314206731,77.06,55.8464,77.06,79.2348,59.2301,112.06483125000001,112.06483125000001,219.1818,90.0564
1126,snn,nsson,jetson_emulator,50,local,0.5601392831051496,77.1984,55.0472,77.1984,78.9761,59.1994,112.06483125000001,112.06483125000001,219.2798,90.0182
1127,snn,nsson,jetson_emulator,50,local,0.5529253276962351,77.3009,56.1184,77.3009,79.2883,59.1767,112.06483125000001,112.06483125000001,219.3778,90.0478
1128,snn,nsson,jetson_emulator,50,offload,0.5517304279305931,77.1183,57.2699,57.2699,59.2869,65.8916,112.06483125000001,112.06483125000001,216.3255,90.0406
1129,snn,nsson,jetson_emulator,50,local,0.5549383666236835,77.7915,55.2425,77.7915,79.7359,59.0683,112.06483125000001,112.06483125000001,219.5739,90.0732
1130,snn,nsson,jetson_emulator,50,offload,0.5634040820251146,77.8598,56.305,56.305,58.4174,66.1498,112.06483125000001,112.06483125000001,216.5187,90.0961
1131,snn,nsson,jetson_emulator,50,local,0.5577317270614228,77.7461,56.5941,77.7461,78.8145,59.0783,112.06483125000001,112.06483125000001,219.7699,90.0364
1132,snn,nsson,jetson_emulator,50,local,0.555254742909797,78.5102,55.4066,78.5102,80.7868,58.9101,112.06483125000001,112.06483125000001,219.8679,90.0628
1133,snn,nsson,jetson_emulator,50,local,0.5567389229792942,78.0856,55.8251,78.0856,80.4235,59.0035,112.06483125000001,112.06483125000001,219.9659,90.1161
1134,snn,nsson,jetson_emulator,50,offload,0.5602405046577752,78.1259,55.9923,55.9923,58.1635,66.234,112.06483125000001,112.06483125000001,216.9051,89.9912
1135,snn,nsson,jetson_emulator,50,local,0.5575773967304258,78.6884,56.6379,78.6884,80.5984,58.871,112.06483125000001,112.06483125000001,220.162,90.0192
1136,snn,nsson,jetson_emulator,50,offload,0.5606177986006134,77.8331,56.704,56.704,58.7038,66.0428,112.06483125000001,112.06483125000001,217.0984,90.0689
1137,snn,nsson,jetson_emulator,50,offload,0.5497728447342703,78.2853,56.2052,56.2052,58.39,66.1767,112.06483125000001,112.06483125000001,217.195,90.1159
1138,snn,nsson,jetson_emulator,50,local,0.5499294408225821,78.9137,55.7293,78.9137,80.8144,58.8217,112.06483125000001,112.06483125000001,220.456,90.0126
1139,snn,nsson,jetson_emulator,50,local,0.5467499477198513,78.7464,56.123,78.7464,81.2145,58.8583,112.06483125000001,112.06483125000001,220.5541,90.0876
1140,snn,nsson,jetson_emulator,50,local,0.5420553949677788,79.0438,55.9143,79.0438,81.1644,58.7932,112.06483125000001,112.06483125000001,220.6521,90.1121
1141,snn,nsson,jetson_emulator,50,local,0.5409280725138974,78.6894,56.3444,78.6894,80.8812,58.8708,112.06483125000001,112.06483125000001,220.7501,90.1605
1142,snn,nsson,jetson_emulator,50,offload,0.5322133708829585,79.457,56.4117,56.4117,58.212,66.1212,112.06483125000001,112.06483125000001,217.678,90.1552
1143,snn,nsson,jetson_emulator,50,offload,0.5323528163475185,78.7414,56.9242,56.9242,58.6561,65.9839,112.06483125000001,112.06483125000001,217.7747,90.0278
1144,snn,nsson,jetson_emulator,50,local,0.5382738158094993,78.6724,56.3599,78.6724,80.2639,58.8745,112.06483125000001,112.06483125000001,221.0442,90.0421
1145,snn,nsson,jetson_emulator,50,offload,0.5344574365945379,79.8325,56.4501,56.4501,58.8389,66.1109,112.06483125000001,112.06483125000001,217.9679,90.1012
1146,snn,nsson,jetson_emulator,50,local,0.5258922399124482,79.2579,57.959,79.2579,81.3125,58.7465,112.06483125000001,112.06483125000001,221.2402,90.0786
1147,snn,nsson,jetson_emulator,50,local,0.5231382463867467,78.856,56.7834,78.856,80.661,58.8343,112.06483125000001,112.06483125000001,221.3382,90.1044
1148,snn,nsson,jetson_emulator,50,offload,0.5306130612695231,80.0084,57.4471,57.4471,59.7011,65.8444,112.06483125000001,112.06483125000001,218.2577,90.0629
1149,snn,nsson,jetson_emulator,50,offload,0.5301351249607786,79.1183,57.0072,57.0072,58.348,65.9617,112.06483125000001,112.06483125000001,218.3543,90.0476
1150,snn,nsson,jetson_emulator,50,local,0.526286273474313,79.8323,56.613,79.8323,82.3216,58.6214,112.06483125000001,112.06483125000001,221.6323,90.1689
1151,snn,nsson,jetson_emulator,50,offload,0.5303803030276729,79.3035,57.2246,57.2246,58.6699,65.9037,112.06483125000001,112.06483125000001,218.5476,90.2592
1152,snn,nsson,jetson_emulator,50,local,0.5351143087164826,79.2993,57.1347,79.2993,81.4292,58.7374,112.06483125000001,112.06483125000001,221.8283,90.081
1153,snn,nsson,jetson_emulator,50,local,0.5283306531736048,80.6249,56.9528,80.6249,82.2844,58.4496,112.06483125000001,112.06483125000001,221.9263,90.1297
1154,snn,nsson,jetson_emulator,50,local,0.532395590364349,79.4549,56.9389,79.4549,80.3181,58.7035,112.06483125000001,112.06483125000001,222.0243,90.0624
1155,snn,nsson,jetson_emulator,50,offload,0.5334071243691717,79.4049,57.0518,57.0518,59.1615,65.9498,112.06483125000001,112.06483125000001,218.934,90.1024
1156,snn,nsson,jetson_emulator,50,local,0.5366864160017826,79.9029,57.288,79.9029,82.1695,58.606,112.06483125000001,112.06483125000001,222.2204,90.107
1157,snn,nsson,jetson_emulator,50,offload,0.5401019361749523,80.5103,57.0632,57.0632,58.489,65.9468,112.06483125000001,112.06483125000001,219.1272,90.0489
1158,snn,nsson,jetson_emulator,50,local,0.534761303829519,79.9785,56.9984,79.9785,81.5525,58.5896,112.06483125000001,112.06483125000001,222.4164,90.0675
1159,snn,nsson,jetson_emulator,50,local,0.5347711199836288,80.4644,58.7362,80.4644,82.7343,58.4843,112.06483125000001,112.06483125000001,222.5144,90.0729
1160,snn,nsson,jetson_emulator,50,offload,0.5275640287276468,80.676,57.8058,57.8058,59.9533,65.7491,112.06483125000001,112.06483125000001,219.4171,90.1866
1161,snn,nsson,jetson_emulator,50,offload,0.5281545328066992,80.108,57.1327,57.1327,58.5829,65.9282,112.06483125000001,112.06483125000001,219.5137,90.0412
1162,snn,nsson,jetson_emulator,50,local,0.5325981995611879,80.4216,58.6392,80.4216,82.8322,58.4936,112.06483125000001,112.06483125000001,222.8085,89.945
1163,snn,nsson,jetson_emulator,50,offload,0.5313926003793079,81.044,57.3157,57.3157,59.2633,65.8794,112.06483125000001,112.06483125000001,219.7069,90.0812
1164,snn,nsson,jetson_emulator,50,local,0.5388837659850839,80.3053,57.8249,80.3053,82.3414,58.5188,112.06483125000001,112.06483125000001,223.0045,90.0934
1165,snn,nsson,jetson_emulator,50,offload,0.5417312949570304,80.2968,58.22,58.22,60.4386,65.6393,112.06483125000001,112.06483125000001,219.9001,90.0769
1166,snn,nsson,jetson_emulator,50,offload,0.5422721735340523,80.5773,57.6772,57.6772,60.4285,65.7832,112.06483125000001,112.06483125000001,219.9967,90.1203
1167,snn,nsson,jetson_emulator,50,offload,0.54547090085851,80.818,58.1575,58.1575,59.286,65.6558,112.06483125000001,112.06483125000001,220.0934,90.213
1168,snn,nsson,jetson_emulator,50,offload,0.5428527694654705,80.6555,57.8644,57.8644,60.3273,65.7335,112.06483125000001,112.06483125000001,220.19,90.1329
1169,snn,nsson,jetson_emulator,50,offload,0.5518416884324779,81.091,58.3733,58.3733,60.7863,65.5988,112.06483125000001,112.06483125000001,220.2866,90.1241
1170,snn,nsson,jetson_emulator,50,offload,0.5510796044429974,80.7964,57.7473,57.7473,59.4929,65.7646,112.06483125000001,112.06483125000001,220.3832,90.1012
1171,snn,nsson,jetson_emulator,50,offload,0.5552508263477302,80.6305,57.7152,57.7152,59.7497,65.7731,112.06483125000001,112.06483125000001,220.4798,90.0761
1172,snn,nsson,jetson_emulator,50,local,0.5481303176924769,80.8967,57.857,80.8967,83.1693,58.391,112.06483125000001,112.06483125000001,223.7887,90.0319
1173,snn,nsson,jetson_emulator,50,local,0.5472555484959686,80.8793,58.6659,80.8793,82.5675,58.3947,112.06483125000001,112.06483125000001,223.8867,90.1126
1174,snn,nsson,jetson_emulator,50,offload,0.5439072247412062,81.3012,58.3874,58.3874,60.6282,65.5951,112.06483125000001,112.06483125000001,220.7696,90.1198
1175,snn,nsson,jetson_emulator,50,local,0.5450519759568295,81.0839,57.8962,81.0839,83.0872,58.3506,112.06483125000001,112.06483125000001,224.0827,90.1132
1176,snn,nsson,jetson_emulator,50,local,0.5518087875724599,81.6703,57.8143,81.6703,83.4126,58.2246,112.06483125000001,112.06483125000001,224.1808,90.0511
1177,snn,nsson,jetson_emulator,50,local,0.5504752208418815,81.0531,58.1759,81.0531,83.0057,58.3572,112.06483125000001,112.06483125000001,224.2788,90.0785
1178,snn,nsson,jetson_emulator,50,offload,0.5597523083530087,81.416,58.1801,58.1801,59.9762,65.6499,112.06483125000001,112.06483125000001,221.1561,90.2518
1179,snn,nsson,jetson_emulator,50,offload,0.5699857495456468,81.1221,58.8215,58.8215,60.4214,65.4806,112.06483125000001,112.06483125000001,221.2527,90.0981
1180,snn,nsson,jetson_emulator,50,local,0.5755468442925965,82.0581,58.0792,82.0581,84.063,58.1416,112.06483125000001,112.06483125000001,224.5728,90.0282
1181,snn,nsson,jetson_emulator,50,offload,0.5800140896549841,81.2746,58.3027,58.3027,60.487,65.6174,112.06483125000001,112.06483125000001,221.4459,90.0564
1182,snn,nsson,jetson_emulator,50,offload,0.5742109734897104,81.2208,58.0323,58.0323,60.3524,65.689,112.06483125000001,112.06483125000001,221.5425,90.1739
1183,snn,nsson,jetson_emulator,50,local,0.5734237482521956,81.6243,58.9354,81.6243,83.4865,58.2345,112.06483125000001,112.06483125000001,224.8669,90.0484
1184,snn,nsson,jetson_emulator,50,offload,0.5781187312291612,81.9944,59.1245,59.1245,61.4222,65.4009,112.06483125000001,112.06483125000001,221.7358,90.1043
1185,snn,nsson,jetson_emulator,50,local,0.5705851862673085,81.5934,58.7065,81.5934,85.0338,58.2411,112.06483125000001,112.06483125000001,225.0629,90.1247
1186,snn,nsson,jetson_emulator,50,offload,0.5766876315350208,81.4696,59.5058,59.5058,61.4714,65.3009,112.06483125000001,112.06483125000001,221.929,90.1204
1187,snn,nsson,jetson_emulator,50,offload,0.58895625532573,81.6299,59.6266,59.6266,61.0815,65.2693,112.06483125000001,112.06483125000001,222.0256,90.1296
1188,snn,nsson,jetson_emulator,50,local,0.588438622088798,81.4716,58.6694,81.4716,82.9684,58.2672,112.06483125000001,112.06483125000001,225.357,90.0852
1189,snn,nsson,jetson_emulator,50,offload,0.5860298120196958,82.1414,59.2059,59.2059,61.4578,65.3795,112.06483125000001,112.06483125000001,222.2188,90.1705
1190,snn,nsson,jetson_emulator,50,offload,0.5788142810419075,81.8607,58.5171,58.5171,59.9292,65.5608,112.06483125000001,112.06483125000001,222.3154,90.0216
1191,snn,nsson,jetson_emulator,50,offload,0.5811928005280085,81.7461,58.7952,58.7952,60.4107,65.4875,112.06483125000001,112.06483125000001,222.412,90.0807
1192,snn,nsson,jetson_emulator,50,offload,0.5753738779367001,81.7124,59.4712,59.4712,61.4313,65.31,112.06483125000001,112.06483125000001,222.5087,90.0709
1193,snn,nsson,jetson_emulator,50,local,0.5804375987893481,81.7822,58.8743,81.7822,83.45,58.2006,112.06483125000001,112.06483125000001,225.8471,90.1376
1194,snn,nsson,jetson_emulator,50,local,0.583338700062723,81.9895,59.0629,81.9895,84.06,58.1563,112.06483125000001,112.06483125000001,225.9451,90.1091
1195,snn,nsson,jetson_emulator,50,offload,0.5806170425633361,82.0146,58.4728,58.4728,60.6495,65.5725,112.06483125000001,112.06483125000001,222.7985,90.1431
1196,snn,nsson,jetson_emulator,50,local,0.5741576640563661,81.7702,58.9889,81.7702,83.4951,58.2032,112.06483125000001,112.06483125000001,226.1412,90.1069
1197,snn,nsson,jetson_emulator,50,offload,0.5824850994467874,81.8546,59.7566,59.7566,62.489,65.2353,112.06483125000001,112.06483125000001,222.9917,90.0298
1198,snn,nsson,jetson_emulator,50,local,0.5806746236449453,82.0185,59.1621,82.0185,82.8777,58.1501,112.06483125000001,112.06483125000001,226.3372,90.0174
1199,snn,nsson,jetson_emulator,50,offload,0.5826188543166492,82.0392,58.5925,58.5925,59.6534,65.5409,112.06483125000001,112.06483125000001,223.1849,90.0608
1200,snn,nsson,jetson_emulator,50,local,0.5838108664695838,82.4087,59.7672,82.4087,84.0983,58.0667,112.06483125000001,112.06483125000001,226.5332,90.0902
