cycle_id,model,architecture,profile,nodes,decision,threshold,local_latency_ms,offload_latency_ms,total_latency_ms,rtt_ms,throughput_fps,local_power_mw,offload_power_mw,effective_power_mw,accuracy_step
1,snn,nsson,jetson_emulator,2,offload,0.5084936861843856,36.6621,26.2505,26.2505,27.6199,84.5717,112.06483125000001,112.06483125000001,104.4393,90.1332
2,snn,nsson,jetson_emulator,2,offload,0.5178326328055419,37.865,26.914,26.914,28.9158,84.5717,112.06483125000001,112.06483125000001,104.5332,90.1302
3,snn,nsson,jetson_emulator,2,offload,0.5355741273831657,36.8084,26.8093,26.8093,29.1652,84.5717,112.06483125000001,112.06483125000001,104.6271,90.1068
4,snn,nsson,jetson_emulator,2,offload,0.5352378705781459,36.3299,26.3979,26.3979,28.086,84.5717,112.06483125000001,112.06483125000001,104.721,90.0843
5,snn,nsson,jetson_emulator,2,offload,0.5335034733233802,36.3402,26.717,26.717,28.1621,84.5717,112.06483125000001,112.06483125000001,104.8149,90.1044
6,snn,nsson,jetson_emulator,2,local,0.527481189577047,37.3314,26.2792,37.3314,39.129,83.7874,112.06483125000001,112.06483125000001,104.9717,90.1025
7,snn,nsson,jetson_emulator,2,local,0.5201559263244415,37.2784,27.0474,37.2784,39.2926,83.8109,112.06483125000001,112.06483125000001,105.0657,90.0667
8,snn,nsson,jetson_emulator,2,local,0.5256266642804698,37.2055,26.4712,37.2055,38.9593,83.8433,112.06483125000001,112.06483125000001,105.1596,90.0913
9,snn,nsson,jetson_emulator,2,local,0.526402499146498,37.7923,27.7718,37.7923,39.5183,83.5832,112.06483125000001,112.06483125000001,105.2536,90.1031
10,snn,nsson,jetson_emulator,2,local,0.5291749058325909,36.7684,27.27,36.7684,39.084,84.0381,112.06483125000001,112.06483125000001,105.3476,90.1647
11,snn,nsson,jetson_emulator,2,offload,0.5344583512333184,36.8248,26.3983,26.3983,27.8844,84.5717,112.06483125000001,112.06483125000001,105.3784,90.1736
12,snn,nsson,jetson_emulator,2,offload,0.5282359540919953,37.0409,27.4856,27.4856,29.1247,84.5717,112.06483125000001,112.06483125000001,105.4723,90.1037
13,snn,nsson,jetson_emulator,2,local,0.5270961708578529,37.8119,26.8715,37.8119,39.084,83.5746,112.06483125000001,112.06483125000001,105.6295,90.0921
14,snn,nsson,jetson_emulator,2,offload,0.5349814611372566,37.0776,27.4611,27.4611,29.8933,84.5717,112.06483125000001,112.06483125000001,105.6601,90.0753
15,snn,nsson,jetson_emulator,2,offload,0.5424525630713717,38.3244,27.9307,27.9307,29.8594,84.5717,112.06483125000001,112.06483125000001,105.754,90.096
16,snn,nsson,jetson_emulator,2,offload,0.5406451070846349,37.3207,28.257,28.257,29.8206,84.5717,112.06483125000001,112.06483125000001,105.8479,90.1628
17,snn,nsson,jetson_emulator,2,local,0.5439932303867184,37.3462,26.56,37.3462,38.3278,83.7808,112.06483125000001,112.06483125000001,106.0053,90.1379
18,snn,nsson,jetson_emulator,2,offload,0.5465978913942959,38.0332,26.9258,26.9258,27.8606,84.5717,112.06483125000001,112.06483125000001,106.0358,90.1029
19,snn,nsson,jetson_emulator,2,local,0.552855911571308,38.2473,27.3858,38.2473,39.4105,83.3827,112.06483125000001,112.06483125000001,106.1933,90.054
20,snn,nsson,jetson_emulator,2,local,0.5636516145168189,37.5659,27.7512,37.5659,39.6525,83.6834,112.06483125000001,112.06483125000001,106.2872,90.1186
21,snn,nsson,jetson_emulator,2,local,0.5630841424794828,37.5816,28.1524,37.5816,39.1954,83.6764,112.06483125000001,112.06483125000001,106.3812,90.1209
22,snn,nsson,jetson_emulator,2,local,0.5692531776308798,37.5943,26.866,37.5943,39.6721,83.6708,112.06483125000001,112.06483125000001,106.4752,90.1104
23,snn,nsson,jetson_emulator,2,offload,0.5686020255899534,37.7632,27.4746,27.4746,28.9085,84.5717,112.06483125000001,112.06483125000001,106.5053,90.1526
24,snn,nsson,jetson_emulator,2,local,0.5735918957244562,38.3805,27.3907,38.3805,40.0405,83.3242,112.06483125000001,112.06483125000001,106.6631,90.0864
25,snn,nsson,jetson_emulator,2,local,0.5784757652167006,37.7896,28.38,37.7896,39.7697,83.5844,112.06483125000001,112.06483125000001,106.7571,90.126
26,snn,nsson,jetson_emulator,2,local,0.5829094867238621,37.9828,26.9832,37.9828,39.5507,83.4991,112.06483125000001,112.06483125000001,106.851,90.2199
27,snn,nsson,jetson_emulator,2,local,0.5900668805664173,38.2836,28.4741,38.2836,40.2243,83.3667,112.06483125000001,112.06483125000001,106.945,90.1131
28,snn,nsson,jetson_emulator,2,offload,0.5878460508178361,38.0698,27.2379,27.2379,29.3443,84.5717,112.06483125000001,112.06483125000001,106.9749,90.2127
29,snn,nsson,jetson_emulator,2,offload,0.5848395088358449,39.0841,28.3505,28.3505,29.8866,84.5717,112.06483125000001,112.06483125000001,107.0688,90.1552
30,snn,nsson,jetson_emulator,2,local,0.5831449703907751,38.7457,28.0525,38.7457,39.6325,83.1641,112.06483125000001,112.06483125000001,107.2269,90.1097
31,snn,nsson,jetson_emulator,2,offload,0.5884797625026981,38.2581,27.7539,27.7539,29.86,84.5717,112.06483125000001,112.06483125000001,107.2566,90.1656
32,snn,nsson,jetson_emulator,2,offload,0.5874924745502901,38.2401,28.5446,28.5446,30.2417,84.5717,112.06483125000001,112.06483125000001,107.3505,90.2031
33,snn,nsson,jetson_emulator,2,offload,0.5862850314732194,38.2457,27.6379,27.6379,29.1013,84.5717,112.06483125000001,112.06483125000001,107.4444,90.0999
34,snn,nsson,jetson_emulator,2,local,0.5802444190275371,38.3828,29.5759,38.3828,40.3328,83.3232,112.06483125000001,112.06483125000001,107.6028,90.1335
35,snn,nsson,jetson_emulator,2,local,0.5843104741835834,38.3294,27.4276,38.3294,40.1441,83.3466,112.06483125000001,112.06483125000001,107.6967,90.0402
36,snn,nsson,jetson_emulator,2,local,0.5780722157909055,38.5943,28.6351,38.5943,39.9079,83.2304,112.06483125000001,112.06483125000001,107.7907,90.1232
37,snn,nsson,jetson_emulator,2,local,0.5749403612519377,38.69,27.4405,38.69,40.0196,83.1885,112.06483125000001,112.06483125000001,107.8847,90.203
38,snn,nsson,jetson_emulator,2,offload,0.5761112821817569,38.9702,27.9553,27.9553,30.0516,84.5717,112.06483125000001,112.06483125000001,107.914,90.2048
39,snn,nsson,jetson_emulator,2,offload,0.5855341685371497,38.7852,27.9566,27.9566,29.8644,84.5717,112.06483125000001,112.06483125000001,108.0079,90.1268
40,snn,nsson,jetson_emulator,2,offload,0.5809504286133259,38.8719,27.8324,27.8324,29.6701,84.5717,112.06483125000001,112.06483125000001,108.1018,90.12
41,snn,nsson,jetson_emulator,2,offload,0.5843724812907988,39.2784,27.73,27.73,29.5103,84.5717,112.06483125000001,112.06483125000001,108.1957,90.0358
42,snn,nsson,jetson_emulator,2,offload,0.5832169749382057,39.7611,27.6361,27.6361,29.4332,84.5717,112.06483125000001,112.06483125000001,108.2896,90.1045
43,snn,nsson,jetson_emulator,2,offload,0.5780573508807159,39.8578,28.9605,28.9605,31.0236,84.5717,112.06483125000001,112.06483125000001,108.3835,90.128
44,snn,nsson,jetson_emulator,2,offload,0.5779712484031233,39.1877,28.2352,28.2352,30.3876,84.5717,112.06483125000001,112.06483125000001,108.4774,90.1213
45,snn,nsson,jetson_emulator,2,local,0.5778019198406632,39.1879,28.5281,39.1879,40.1394,82.9712,112.06483125000001,112.06483125000001,108.6364,90.1781
46,snn,nsson,jetson_emulator,2,local,0.5781859358287493,39.6643,28.5822,39.6643,40.9209,82.7643,112.06483125000001,112.06483125000001,108.7304,90.1623
47,snn,nsson,jetson_emulator,2,offload,0.5740225124586122,39.3369,29.8945,29.8945,31.524,84.5717,112.06483125000001,112.06483125000001,108.7592,90.1342
48,snn,nsson,jetson_emulator,2,local,0.5703391228489295,39.2502,28.9368,39.2502,40.5631,82.944,112.06483125000001,112.06483125000001,108.9183,90.15
49,snn,nsson,jetson_emulator,2,offload,0.579195601525944,39.8134,27.8635,27.8635,29.7081,84.5717,112.06483125000001,112.06483125000001,108.947,90.0937
50,snn,nsson,jetson_emulator,2,offload,0.573250386639009,39.0698,28.6954,28.6954,30.8409,84.5717,112.06483125000001,112.06483125000001,109.0409,90.1438
51,snn,nsson,jetson_emulator,2,offload,0.5772573184067608,40.3751,28.7291,28.7291,30.2436,84.5717,112.06483125000001,112.06483125000001,109.1348,90.1795
52,snn,nsson,jetson_emulator,2,offload,0.5756691789459877,39.2758,27.965,27.965,29.7914,84.5717,112.06483125000001,112.06483125000001,109.2287,90.1575
53,snn,nsson,jetson_emulator,2,local,0.5704002769392882,40.0557,28.1528,40.0557,41.3884,82.595,112.06483125000001,112.06483125000001,109.3881,90.1057
54,snn,nsson,jetson_emulator,2,local,0.566745764718066,40.443,29.2817,40.443,42.188,82.4283,112.06483125000001,112.06483125000001,109.4821,90.1239
55,snn,nsson,jetson_emulator,2,offload,0.5749064574750857,39.9097,28.7387,28.7387,30.1126,84.5717,112.06483125000001,112.06483125000001,109.5105,90.0748
56,snn,nsson,jetson_emulator,2,local,0.5765975100271314,39.3249,28.663,39.3249,41.2213,82.9115,112.06483125000001,112.06483125000001,109.67,90.1322
57,snn,nsson,jetson_emulator,2,local,0.5757676644217375,39.3521,28.3937,39.3521,41.5608,82.8997,112.06483125000001,112.06483125000001,109.764,90.1703
58,snn,nsson,jetson_emulator,2,local,0.5790725082451897,39.3921,30.2857,39.3921,40.7311,82.8824,112.06483125000001,112.06483125000001,109.858,90.1536
59,snn,nsson,jetson_emulator,2,offload,0.5835258653475701,39.6378,29.1261,29.1261,31.5411,84.5717,112.06483125000001,112.06483125000001,109.8861,90.1036
60,snn,nsson,jetson_emulator,2,local,0.5777281664270256,39.4679,28.9596,39.4679,40.6402,82.8494,112.06483125000001,112.06483125000001,110.0459,90.1273
61,snn,nsson,jetson_emulator,2,local,0.5758996503779749,39.4536,28.3166,39.4536,41.5466,82.8556,112.06483125000001,112.06483125000001,110.1399,90.0645
62,snn,nsson,jetson_emulator,2,offload,0.5759611639485217,39.8389,28.9374,28.9374,30.6922,84.5717,112.06483125000001,112.06483125000001,110.1678,90.1453
63,snn,nsson,jetson_emulator,2,offload,0.5900985474611825,39.8354,29.468,29.468,31.5204,84.5717,112.06483125000001,112.06483125000001,110.2617,90.0232
64,snn,nsson,jetson_emulator,2,local,0.5890291108477423,39.652,28.8575,39.652,40.7585,82.7696,112.06483125000001,112.06483125000001,110.4218,90.1994
65,snn,nsson,jetson_emulator,2,offload,0.5925268836396752,39.775,28.8757,28.8757,30.1491,84.5717,112.06483125000001,112.06483125000001,110.4496,90.0812
66,snn,nsson,jetson_emulator,2,offload,0.5972416045148329,39.5973,29.3068,29.3068,30.3643,84.5717,112.06483125000001,112.06483125000001,110.5435,90.0663
67,snn,nsson,jetson_emulator,2,local,0.5869951921119095,40.0126,29.6593,40.0126,41.5785,82.6136,112.06483125000001,112.06483125000001,110.7037,90.0108
68,snn,nsson,jetson_emulator,2,offload,0.5767417357689243,39.6343,28.9132,28.9132,30.7427,84.5717,112.06483125000001,112.06483125000001,110.7313,90.1721
69,snn,nsson,jetson_emulator,2,local,0.5832753775827452,39.8393,28.8822,39.8393,41.5126,82.6885,112.06483125000001,112.06483125000001,110.8916,90.1574
70,snn,nsson,jetson_emulator,2,offload,0.578859198832038,40.0724,29.7294,29.7294,31.2071,84.5717,112.06483125000001,112.06483125000001,110.9191,90.2049
71,snn,nsson,jetson_emulator,2,offload,0.5823196066347706,39.8175,28.8249,28.8249,30.7252,84.5717,112.06483125000001,112.06483125000001,111.013,90.1556
72,snn,nsson,jetson_emulator,2,offload,0.5943813920186126,40.364,29.2479,29.2479,31.5272,84.5717,112.06483125000001,112.06483125000001,111.1069,90.0112
73,snn,nsson,jetson_emulator,2,offload,0.5931403736550249,40.3149,29.0443,29.0443,30.4055,84.5717,112.06483125000001,112.06483125000001,111.2008,90.0672
74,snn,nsson,jetson_emulator,2,offload,0.5960957029870646,40.1771,29.523,29.523,30.9919,84.5717,112.06483125000001,112.06483125000001,111.2948,90.1327
75,snn,nsson,jetson_emulator,2,local,0.5943485598664644,40.1585,28.5483,40.1585,41.4856,82.5507,112.06483125000001,112.06483125000001,111.4554,90.0135
76,snn,nsson,jetson_emulator,2,local,0.5901839933975439,40.6083,28.5456,40.6083,41.7852,82.3573,112.06483125000001,112.06483125000001,111.5494,90.1001
77,snn,nsson,jetson_emulator,2,offload,0.6030227643842759,40.3504,28.7302,28.7302,30.1703,84.5717,112.06483125000001,112.06483125000001,111.5765,90.1709
78,snn,nsson,jetson_emulator,2,local,0.5956571330012996,40.1908,29.6954,40.1908,42.3382,82.5368,112.06483125000001,112.06483125000001,111.7373,90.1197
79,snn,nsson,jetson_emulator,2,local,0.582133121011445,40.6836,28.9026,40.6836,42.1323,82.325,112.06483125000001,112.06483125000001,111.8313,90.1837
80,snn,nsson,jetson_emulator,2,offload,0.5778879881020368,39.8499,29.3169,29.3169,31.203,84.5717,112.06483125000001,112.06483125000001,111.8582,90.0194
81,snn,nsson,jetson_emulator,2,offload,0.579101606509172,40.4868,29.0287,29.0287,30.4942,84.5717,112.06483125000001,112.06483125000001,111.9521,90.2353
82,snn,nsson,jetson_emulator,2,local,0.5826466637586192,40.1073,29.8108,40.1073,42.1799,82.5728,112.06483125000001,112.06483125000001,112.1132,90.1049
83,snn,nsson,jetson_emulator,2,local,0.5785404416005886,40.26,28.7354,40.26,41.9888,82.507,112.06483125000001,112.06483125000001,112.2072,90.1076
84,snn,nsson,jetson_emulator,2,local,0.5834578348534697,41.6927,28.701,41.6927,43.1315,81.8948,112.06483125000001,112.06483125000001,112.3011,90.0675
85,snn,nsson,jetson_emulator,2,local,0.5776213349999322,40.228,29.1939,40.228,41.9791,82.5208,112.06483125000001,112.06483125000001,112.3951,90.0358
86,snn,nsson,jetson_emulator,2,offload,0.5846615652971754,40.2784,28.8968,28.8968,30.073,84.5717,112.06483125000001,112.06483125000001,112.4217,90.1193
87,snn,nsson,jetson_emulator,2,local,0.5806125049944807,40.1858,30.1184,40.1858,41.6178,82.539,112.06483125000001,112.06483125000001,112.583,90.0779
88,snn,nsson,jetson_emulator,2,offload,0.5750006414305948,39.9512,29.0215,29.0215,31.1847,84.5717,112.06483125000001,112.06483125000001,112.6095,90.0864
89,snn,nsson,jetson_emulator,2,local,0.575517638009644,39.9574,28.8958,39.9574,42.1603,82.6375,112.06483125000001,112.06483125000001,112.771,90.1029
90,snn,nsson,jetson_emulator,2,offload,0.5786952270997837,40.063,29.408,29.408,30.7779,84.5717,112.06483125000001,112.06483125000001,112.7973,90.0718
91,snn,nsson,jetson_emulator,2,local,0.5812351417906749,40.5239,28.7384,40.5239,41.9761,82.3935,112.06483125000001,112.06483125000001,112.9589,90.1677
92,snn,nsson,jetson_emulator,2,local,0.5798709093763333,40.943,28.7022,40.943,43.2602,82.214,112.06483125000001,112.06483125000001,113.0529,90.1239
93,snn,nsson,jetson_emulator,2,offload,0.5763661062090534,40.6689,29.5576,29.5576,32.0902,84.5717,112.06483125000001,112.06483125000001,113.0791,90.0448
94,snn,nsson,jetson_emulator,2,offload,0.58461372532241,40.7675,29.0565,29.0565,30.6058,84.5717,112.06483125000001,112.06483125000001,113.173,90.148
95,snn,nsson,jetson_emulator,2,offload,0.589672236502064,40.1782,29.635,29.635,30.9041,84.5717,112.06483125000001,112.06483125000001,113.2669,90.0538
96,snn,nsson,jetson_emulator,2,local,0.5982263269968602,40.4949,28.8026,40.4949,42.2179,82.406,112.06483125000001,112.06483125000001,113.4287,90.0855
97,snn,nsson,jetson_emulator,2,offload,0.5848697373711588,40.5962,29.4106,29.4106,30.5803,84.5717,112.06483125000001,112.06483125000001,113.4547,90.2216
98,snn,nsson,jetson_emulator,2,offload,0.5909951611835971,40.1445,28.816,28.816,30.5441,84.5717,112.06483125000001,112.06483125000001,113.5486,90.188
99,snn,nsson,jetson_emulator,2,local,0.5986740076372162,40.3419,29.7004,40.3419,42.9422,82.4717,112.06483125000001,112.06483125000001,113.7106,90.1869
100,snn,nsson,jetson_emulator,2,offload,0.5990551900085288,40.199,29.3922,29.3922,30.8143,84.5717,112.06483125000001,112.06483125000001,113.7364,90.1923
101,snn,nsson,jetson_emulator,2,offload,0.599332094339106,40.2222,29.0335,29.0335,30.1255,84.5717,112.06483125000001,112.06483125000001,113.8304,90.0706
102,snn,nsson,jetson_emulator,2,offload,0.5883036775439606,40.8609,28.7754,28.7754,30.6483,84.5717,112.06483125000001,112.06483125000001,113.9243,90.0932
103,snn,nsson,jetson_emulator,2,offload,0.5851586968068074,40.8429,30.0641,30.0641,31.6554,84.5717,112.06483125000001,112.06483125000001,114.0182,90.1141
104,snn,nsson,jetson_emulator,2,offload,0.5869452246907805,40.9153,30.0188,30.0188,31.7652,84.5717,112.06483125000001,112.06483125000001,114.1121,90.0892
105,snn,nsson,jetson_emulator,2,offload,0.5872992743402797,40.0615,30.3781,30.3781,31.7391,84.5717,112.06483125000001,112.06483125000001,114.206,90.1717
106,snn,nsson,jetson_emulator,2,offload,0.5811228133398877,40.7576,28.882,28.882,30.867,84.5717,112.06483125000001,112.06483125000001,114.2999,90.1609
107,snn,nsson,jetson_emulator,2,offload,0.5799572216609519,40.6135,28.9275,28.9275,30.1842,84.5717,112.06483125000001,112.06483125000001,114.3938,90.0885
108,snn,nsson,jetson_emulator,2,offload,0.5855855264892278,39.9558,28.5201,28.5201,30.1217,84.5717,112.06483125000001,112.06483125000001,114.4877,90.0877
109,snn,nsson,jetson_emulator,2,local,0.5879288094533748,39.864,29.3563,39.864,41.3037,82.6778,112.06483125000001,112.06483125000001,114.6503,90.0937
110,snn,nsson,jetson_emulator,2,local,0.5866552969721273,40.2446,29.6706,40.2446,42.2585,82.5136,112.06483125000001,112.06483125000001,114.7443,90.1479
111,snn,nsson,jetson_emulator,2,local,0.5948483905098703,40.2101,28.7146,40.2101,42.2012,82.5285,112.06483125000001,112.06483125000001,114.8382,90.1816
112,snn,nsson,jetson_emulator,2,offload,0.5925785509029211,39.8424,29.0371,29.0371,29.9865,84.5717,112.06483125000001,112.06483125000001,114.8634,90.1059
113,snn,nsson,jetson_emulator,2,local,0.5963632953693325,39.883,29.5749,39.883,42.3967,82.6696,112.06483125000001,112.06483125000001,115.0262,90.1236
114,snn,nsson,jetson_emulator,2,offload,0.5873911596123772,39.85,28.8239,28.8239,30.6161,84.5717,112.06483125000001,112.06483125000001,115.0512,90.1863
115,snn,nsson,jetson_emulator,2,local,0.5912498121552254,40.7205,28.4265,40.7205,42.6109,82.3092,112.06483125000001,112.06483125000001,115.2141,90.0952
116,snn,nsson,jetson_emulator,2,local,0.5878088276959891,40.0597,28.5204,40.0597,42.023,82.5933,112.06483125000001,112.06483125000001,115.3081,90.0323
117,snn,nsson,jetson_emulator,2,offload,0.5877447921506285,39.8289,29.0808,29.0808,31.1234,84.5717,112.06483125000001,112.06483125000001,115.3329,90.1641
118,snn,nsson,jetson_emulator,2,offload,0.594873736088952,40.2625,28.7697,28.7697,30.9243,84.5717,112.06483125000001,112.06483125000001,115.4268,90.0494
119,snn,nsson,jetson_emulator,2,local,0.5817009849990926,40.287,29.3982,40.287,41.7446,82.4954,112.06483125000001,112.06483125000001,115.59,90.1556
120,snn,nsson,jetson_emulator,2,offload,0.5902418082705914,39.9308,28.5354,28.5354,30.4426,84.5717,112.06483125000001,112.06483125000001,115.6147,90.1461
121,snn,nsson,jetson_emulator,2,offload,0.592883892517603,41.0579,29.104,29.104,31.318,84.5717,112.06483125000001,112.06483125000001,115.7086,90.1299
122,snn,nsson,jetson_emulator,2,local,0.5926025707113558,39.6035,29.131,39.6035,41.3017,82.7906,112.06483125000001,112.06483125000001,115.8719,90.0864
123,snn,nsson,jetson_emulator,2,offload,0.5895654898784125,39.6313,28.697,28.697,30.7899,84.5717,112.06483125000001,112.06483125000001,115.8964,90.0602
124,snn,nsson,jetson_emulator,2,offload,0.5882434229205201,39.815,29.4218,29.4218,31.9705,84.5717,112.06483125000001,112.06483125000001,115.9903,90.2075
125,snn,nsson,jetson_emulator,2,offload,0.5964909720063828,39.5364,30.5113,30.5113,32.3072,84.5717,112.06483125000001,112.06483125000001,116.0842,89.9947
126,snn,nsson,jetson_emulator,2,local,0.5960504674473205,40.4333,28.2701,40.4333,42.0768,82.4325,112.06483125000001,112.06483125000001,116.2477,90.0728
127,snn,nsson,jetson_emulator,2,local,0.5876758226731175,39.841,30.0662,39.841,41.9588,82.6878,112.06483125000001,112.06483125000001,116.3417,90.0936
128,snn,nsson,jetson_emulator,2,offload,0.5854532106162572,40.2128,28.531,28.531,30.6117,84.5717,112.06483125000001,112.06483125000001,116.3659,90.044
129,snn,nsson,jetson_emulator,2,local,0.5932091398585971,40.1344,29.7602,40.1344,41.901,82.5611,112.06483125000001,112.06483125000001,116.5296,90.0397
130,snn,nsson,jetson_emulator,2,local,0.5897495863471327,39.4395,29.4692,39.4395,41.7375,82.8618,112.06483125000001,112.06483125000001,116.6236,90.1081
131,snn,nsson,jetson_emulator,2,offload,0.5860054739830026,39.5321,28.5827,28.5827,30.9801,84.5717,112.06483125000001,112.06483125000001,116.6477,90.0738
132,snn,nsson,jetson_emulator,2,offload,0.5942770823984486,39.548,28.6597,28.6597,30.3803,84.5717,112.06483125000001,112.06483125000001,116.7416,90.0606
133,snn,nsson,jetson_emulator,2,local,0.5944640473012177,39.5417,29.0257,39.5417,40.5898,82.8174,112.06483125000001,112.06483125000001,116.9055,90.1169
134,snn,nsson,jetson_emulator,2,offload,0.6004912225308547,39.7014,29.2263,29.2263,30.5268,84.5717,112.06483125000001,112.06483125000001,116.9294,90.074
135,snn,nsson,jetson_emulator,2,local,0.6049003040071966,40.1204,28.8856,40.1204,41.2522,82.5671,112.06483125000001,112.06483125000001,117.0934,90.1629
136,snn,nsson,jetson_emulator,2,offload,0.6000257309606717,39.574,28.3245,28.3245,30.3075,84.5717,112.06483125000001,112.06483125000001,117.1172,90.0546
137,snn,nsson,jetson_emulator,2,local,0.5857020348301437,39.5697,28.0576,39.5697,41.1232,82.8052,112.06483125000001,112.06483125000001,117.2814,90.1353
138,snn,nsson,jetson_emulator,2,local,0.5836689518590106,39.7188,29.0674,39.7188,41.6274,82.7407,112.06483125000001,112.06483125000001,117.3753,90.0758
139,snn,nsson,jetson_emulator,2,local,0.5833266247363191,39.25,28.088,39.25,40.8026,82.9441,112.06483125000001,112.06483125000001,117.4693,90.0486
140,snn,nsson,jetson_emulator,2,offload,0.5823422747799897,39.6293,28.77,28.77,30.4291,84.5717,112.06483125000001,112.06483125000001,117.4929,90.1026
141,snn,nsson,jetson_emulator,2,local,0.5935420754116384,39.167,29.1468,39.167,41.1793,82.9803,112.06483125000001,112.06483125000001,117.6573,90.149
142,snn,nsson,jetson_emulator,2,offload,0.5899302286133128,39.9492,28.6204,28.6204,30.543,84.5717,112.06483125000001,112.06483125000001,117.6807,90.0745
143,snn,nsson,jetson_emulator,2,offload,0.599641973381079,39.8162,28.3107,28.3107,30.2271,84.5717,112.06483125000001,112.06483125000001,117.7746,90.1118
144,snn,nsson,jetson_emulator,2,offload,0.5994369019316157,39.5271,28.1869,28.1869,29.8213,84.5717,112.06483125000001,112.06483125000001,117.8685,90.0571
145,snn,nsson,jetson_emulator,2,offload,0.5998690551485243,39.7475,28.4207,28.4207,29.9314,84.5717,112.06483125000001,112.06483125000001,117.9624,90.1489
146,snn,nsson,jetson_emulator,2,local,0.5982227166540368,39.1526,28.0403,39.1526,40.6082,82.9865,112.06483125000001,112.06483125000001,118.1271,90.1104
147,snn,nsson,jetson_emulator,2,offload,0.5937710072451307,39.2566,28.1693,28.1693,30.0084,84.5717,112.06483125000001,112.06483125000001,118.1502,90.0368
148,snn,nsson,jetson_emulator,2,local,0.602008299600517,39.4789,28.5221,39.4789,41.0058,82.8447,112.06483125000001,112.06483125000001,118.315,90.1095
149,snn,nsson,jetson_emulator,2,local,0.6019965137948619,39.0335,28.3021,39.0335,40.4562,83.0384,112.06483125000001,112.06483125000001,118.409,90.0298
150,snn,nsson,jetson_emulator,2,local,0.6041756759467245,39.1054,28.6076,39.1054,41.6498,83.0071,112.06483125000001,112.06483125000001,118.503,90.1633
151,snn,nsson,jetson_emulator,2,local,0.5935449856475278,38.9794,28.1422,38.9794,40.8633,83.062,112.06483125000001,112.06483125000001,118.5969,90.1107
152,snn,nsson,jetson_emulator,2,local,0.6000842774157111,39.762,27.9483,39.762,41.417,82.722,112.06483125000001,112.06483125000001,118.6909,90.108
153,snn,nsson,jetson_emulator,2,local,0.6027907169987657,39.4938,28.1862,39.4938,41.3207,82.8382,112.06483125000001,112.06483125000001,118.7849,90.1147
154,snn,nsson,jetson_emulator,2,offload,0.6088215263972975,39.0931,28.6949,28.6949,30.6438,84.5717,112.06483125000001,112.06483125000001,118.8076,90.1123
155,snn,nsson,jetson_emulator,2,offload,0.6132452119265167,38.9762,27.8653,27.8653,30.1127,84.5717,112.06483125000001,112.06483125000001,118.9015,90.14
156,snn,nsson,jetson_emulator,2,local,0.6135049023051165,39.1949,28.2255,39.1949,41.1043,82.9681,112.06483125000001,112.06483125000001,119.0668,90.0624
157,snn,nsson,jetson_emulator,2,offload,0.6140956086785846,39.2613,28.1357,28.1357,29.8457,84.5717,112.06483125000001,112.06483125000001,119.0894,90.0312
158,snn,nsson,jetson_emulator,2,local,0.6177205942733673,38.8128,27.6688,38.8128,39.3871,83.1348,112.06483125000001,112.06483125000001,119.2547,90.23
159,snn,nsson,jetson_emulator,2,local,0.622234696003748,38.7767,27.8484,38.7767,41.0426,83.1506,112.06483125000001,112.06483125000001,119.3487,90.0606
160,snn,nsson,jetson_emulator,2,local,0.6195770086230701,39.1922,28.8837,39.1922,40.0374,82.9693,112.06483125000001,112.06483125000001,119.4426,90.0846
161,snn,nsson,jetson_emulator,2,local,0.6294147525540015,39.1588,28.262,39.1588,40.3541,82.9838,112.06483125000001,112.06483125000001,119.5366,90.1154
162,snn,nsson,jetson_emulator,2,local,0.6301217364086402,39.8441,27.7747,39.8441,41.8897,82.6864,112.06483125000001,112.06483125000001,119.6306,90.0148
163,snn,nsson,jetson_emulator,2,local,0.6238509986516988,38.7147,27.9897,38.7147,40.2922,83.1777,112.06483125000001,112.06483125000001,119.7245,90.1252
164,snn,nsson,jetson_emulator,2,local,0.6166186847341387,39.0092,27.8253,39.0092,40.6554,83.049,112.06483125000001,112.06483125000001,119.8185,90.1727
165,snn,nsson,jetson_emulator,2,local,0.6081987427783505,38.5802,29.3546,38.5802,40.0732,83.2366,112.06483125000001,112.06483125000001,119.9125,90.1753
166,snn,nsson,jetson_emulator,2,local,0.612978361461523,38.8677,28.4859,38.8677,40.147,83.1108,112.06483125000001,112.06483125000001,120.0064,90.1727
167,snn,nsson,jetson_emulator,2,offload,0.6050853916722738,38.5038,28.432,28.432,29.6228,84.5717,112.06483125000001,112.06483125000001,120.0285,90.2059
168,snn,nsson,jetson_emulator,2,local,0.6083876412273352,39.5244,28.1398,39.5244,40.8427,82.8249,112.06483125000001,112.06483125000001,120.1944,90.0809
169,snn,nsson,jetson_emulator,2,local,0.612033221574018,38.6517,27.7997,38.6517,40.1075,83.2052,112.06483125000001,112.06483125000001,120.2883,90.0477
170,snn,nsson,jetson_emulator,2,local,0.6066594624232294,39.1319,28.7283,39.1319,41.3419,82.9955,112.06483125000001,112.06483125000001,120.3823,90.1485
171,snn,nsson,jetson_emulator,2,local,0.6135842510642089,39.2581,27.4658,39.2581,41.0074,82.9406,112.06483125000001,112.06483125000001,120.4763,90.1695
172,snn,nsson,jetson_emulator,2,local,0.6099057311004352,38.5074,28.3625,38.5074,40.5596,83.2685,112.06483125000001,112.06483125000001,120.5702,90.0883
173,snn,nsson,jetson_emulator,2,local,0.6020516505453098,38.6231,27.8106,38.6231,39.6049,83.2178,112.06483125000001,112.06483125000001,120.6642,90.1606
174,snn,nsson,jetson_emulator,2,local,0.6031761439782461,39.8156,29.027,39.8156,42.0924,82.6988,112.06483125000001,112.06483125000001,120.7582,90.1867
175,snn,nsson,jetson_emulator,2,local,0.6109513689611676,39.5837,28.0496,39.5837,40.663,82.7992,112.06483125000001,112.06483125000001,120.8521,90.1216
176,snn,nsson,jetson_emulator,2,offload,0.6092154797407898,38.5325,28.2727,28.2727,29.409,84.5717,112.06483125000001,112.06483125000001,120.8737,90.0659
177,snn,nsson,jetson_emulator,2,local,0.6073820764037745,38.5168,28.342,38.5168,40.7155,83.2644,112.06483125000001,112.06483125000001,121.0401,90.1584
178,snn,nsson,jetson_emulator,2,offload,0.6176740704007893,38.403,28.3136,28.3136,29.7559,84.5717,112.06483125000001,112.06483125000001,121.0615,90.1745
179,snn,nsson,jetson_emulator,2,local,0.6222262776091597,38.6753,27.6821,38.6753,40.2017,83.1949,112.06483125000001,112.06483125000001,121.228,90.1414
180,snn,nsson,jetson_emulator,2,offload,0.6273537606320797,38.4436,27.5585,27.5585,29.3735,84.5717,112.06483125000001,112.06483125000001,121.2493,90.065
181,snn,nsson,jetson_emulator,2,offload,0.6321107111070582,39.0524,27.7395,27.7395,29.4716,84.5717,112.06483125000001,112.06483125000001,121.3432,90.1952
182,snn,nsson,jetson_emulator,2,offload,0.6410803617645542,39.0823,28.2978,28.2978,30.4696,84.5717,112.06483125000001,112.06483125000001,121.4371,90.2168
183,snn,nsson,jetson_emulator,2,local,0.6450022276770496,38.6439,27.8538,38.6439,39.7633,83.2087,112.06483125000001,112.06483125000001,121.6039,90.0636
184,snn,nsson,jetson_emulator,2,local,0.6386464618914005,38.6343,28.5119,38.6343,40.607,83.2129,112.06483125000001,112.06483125000001,121.6978,90.0324
185,snn,nsson,jetson_emulator,2,offload,0.6371932324324069,38.6176,28.2979,28.2979,30.2066,84.5717,112.06483125000001,112.06483125000001,121.7189,90.1317
186,snn,nsson,jetson_emulator,2,offload,0.6285161119153835,39.3473,27.9031,27.9031,30.125,84.5717,112.06483125000001,112.06483125000001,121.8128,90.205
187,snn,nsson,jetson_emulator,2,offload,0.6290478235922158,38.4104,27.795,27.795,29.1498,84.5717,112.06483125000001,112.06483125000001,121.9067,90.2019
188,snn,nsson,jetson_emulator,2,local,0.6269717524535986,38.5955,27.3515,38.5955,40.0412,83.2299,112.06483125000001,112.06483125000001,122.0737,90.1917
189,snn,nsson,jetson_emulator,2,local,0.6234479207178202,38.8814,27.5522,38.8814,40.9428,83.1048,112.06483125000001,112.06483125000001,122.1677,90.112
190,snn,nsson,jetson_emulator,2,offload,0.6231861749959177,38.4118,27.3622,27.3622,29.1123,84.5717,112.06483125000001,112.06483125000001,122.1884,90.1069
191,snn,nsson,jetson_emulator,2,local,0.6255877668469921,38.414,27.9791,38.414,39.8541,83.3094,112.06483125000001,112.06483125000001,122.3556,90.0877
192,snn,nsson,jetson_emulator,2,offload,0.6290323675741681,38.2117,27.8534,27.8534,29.5389,84.5717,112.06483125000001,112.06483125000001,122.3762,90.0685
193,snn,nsson,jetson_emulator,2,local,0.6333378384962347,38.5617,29.53,38.5617,39.5581,83.2447,112.06483125000001,112.06483125000001,122.5435,90.1935
194,snn,nsson,jetson_emulator,2,offload,0.6392764686219392,38.6467,27.4379,27.4379,28.4172,84.5717,112.06483125000001,112.06483125000001,122.5641,90.087
195,snn,nsson,jetson_emulator,2,offload,0.6363769967155343,38.7928,28.3762,28.3762,29.9394,84.5717,112.06483125000001,112.06483125000001,122.658,90.2449
196,snn,nsson,jetson_emulator,2,local,0.6397202699291146,38.9565,27.8455,38.9565,40.5306,83.072,112.06483125000001,112.06483125000001,122.8254,90.1069
197,snn,nsson,jetson_emulator,2,offload,0.6436402139950312,38.327,28.2202,28.2202,29.6209,84.5717,112.06483125000001,112.06483125000001,122.8458,90.0876
198,snn,nsson,jetson_emulator,2,local,0.643561533549098,38.5454,27.5097,38.5454,40.4775,83.2518,112.06483125000001,112.06483125000001,123.0134,90.1166
199,snn,nsson,jetson_emulator,2,local,0.6382367416452612,38.5352,27.4909,38.5352,39.6167,83.2563,112.06483125000001,112.06483125000001,123.1073,90.1215
200,snn,nsson,jetson_emulator,2,offload,0.638754013510157,39.0305,28.0772,28.0772,29.9048,84.5717,112.06483125000001,112.06483125000001,123.1275,90.1447
201,snn,nsson,jetson_emulator,2,local,0.6403016940045863,38.4901,27.3974,38.4901,40.2088,83.2761,112.06483125000001,112.06483125000001,123.2953,90.104
202,snn,nsson,jetson_emulator,2,offload,0.6411901401084841,39.6481,27.4814,27.4814,29.382,84.5717,112.06483125000001,112.06483125000001,123.3153,90.1535
203,snn,nsson,jetson_emulator,2,offload,0.6267174137248979,38.5455,28.1566,28.1566,29.1208,84.5717,112.06483125000001,112.06483125000001,123.4093,90.1455
204,snn,nsson,jetson_emulator,2,local,0.638880464042274,38.2678,28.0625,38.2678,39.8773,83.3737,112.06483125000001,112.06483125000001,123.5772,90.1452
205,snn,nsson,jetson_emulator,2,local,0.6275718733527632,38.2926,27.6657,38.2926,40.1953,83.3628,112.06483125000001,112.06483125000001,123.6711,90.1558
206,snn,nsson,jetson_emulator,2,offload,0.6205580991932453,39.3461,27.4149,27.4149,29.4937,84.5717,112.06483125000001,112.06483125000001,123.691,90.1002
207,snn,nsson,jetson_emulator,2,offload,0.6172030449056066,38.3875,28.7622,28.7622,29.8924,84.5717,112.06483125000001,112.06483125000001,123.7849,90.0713
208,snn,nsson,jetson_emulator,2,offload,0.61673545250469,38.7487,27.823,27.823,29.4856,84.5717,112.06483125000001,112.06483125000001,123.8788,90.1594
209,snn,nsson,jetson_emulator,2,local,0.6139999772498023,38.4735,28.9516,38.4735,39.9858,83.2833,112.06483125000001,112.06483125000001,124.047,90.1343
210,snn,nsson,jetson_emulator,2,offload,0.609232558534769,38.359,28.451,28.451,29.9968,84.5717,112.06483125000001,112.06483125000001,124.0666,90.0891
211,snn,nsson,jetson_emulator,2,offload,0.6068880874462761,38.9888,28.3025,28.3025,29.7812,84.5717,112.06483125000001,112.06483125000001,124.1605,90.157
212,snn,nsson,jetson_emulator,2,local,0.6046436036080388,39.4657,27.6461,39.4657,41.477,82.8504,112.06483125000001,112.06483125000001,124.3289,90.1212
213,snn,nsson,jetson_emulator,2,local,0.6037590343526247,39.1507,28.9895,39.1507,41.0296,82.9874,112.06483125000001,112.06483125000001,124.4229,90.056
214,snn,nsson,jetson_emulator,2,local,0.5948120641755178,39.1724,28.1302,39.1724,40.624,82.9779,112.06483125000001,112.06483125000001,124.5168,90.063
215,snn,nsson,jetson_emulator,2,local,0.5910902438883254,39.1974,27.9172,39.1974,40.696,82.967,112.06483125000001,112.06483125000001,124.6108,90.1141
216,snn,nsson,jetson_emulator,2,local,0.5874073686083614,38.842,27.5926,38.842,41.1085,83.122,112.06483125000001,112.06483125000001,124.7048,90.0755
217,snn,nsson,jetson_emulator,2,offload,0.583704578478614,38.6681,29.0434,29.0434,30.4299,84.5717,112.06483125000001,112.06483125000001,124.724,90.0719
218,snn,nsson,jetson_emulator,2,local,0.5701605072247105,38.6816,27.8385,38.6816,39.9191,83.1922,112.06483125000001,112.06483125000001,124.8927,90.1617
219,snn,nsson,jetson_emulator,2,local,0.5624822083846999,38.7343,27.7458,38.7343,40.246,83.1691,112.06483125000001,112.06483125000001,124.9867,90.1987
220,snn,nsson,jetson_emulator,2,local,0.5713854398101891,38.8241,28.3432,38.8241,40.4555,83.1298,112.06483125000001,112.06483125000001,125.0807,90.1113
221,snn,nsson,jetson_emulator,2,local,0.5826564043951616,39.763,28.3867,39.763,42.1853,82.7215,112.06483125000001,112.06483125000001,125.1746,90.0444
222,snn,nsson,jetson_emulator,2,local,0.586313218122656,39.3085,28.0887,39.3085,40.9542,82.9187,112.06483125000001,112.06483125000001,125.2686,90.1101
223,snn,nsson,jetson_emulator,2,local,0.5968490780555782,39.2513,29.5984,39.2513,40.8062,82.9436,112.06483125000001,112.06483125000001,125.3626,90.1878
224,snn,nsson,jetson_emulator,2,offload,0.5934734556836441,40.1225,28.5674,28.5674,29.9374,84.5717,112.06483125000001,112.06483125000001,125.3814,90.0841
225,snn,nsson,jetson_emulator,2,local,0.5963514772295508,39.581,28.1532,39.581,41.5082,82.8004,112.06483125000001,112.06483125000001,125.5505,90.1202
226,snn,nsson,jetson_emulator,2,local,0.60402567592015,39.0163,28.4939,39.0163,41.1626,83.0459,112.06483125000001,112.06483125000001,125.6445,90.1668
227,snn,nsson,jetson_emulator,2,local,0.6047412609338446,38.9259,27.9595,38.9259,40.9792,83.0854,112.06483125000001,112.06483125000001,125.7384,90.1313
228,snn,nsson,jetson_emulator,2,local,0.6004625658229824,39.38,28.039,39.38,41.5341,82.8876,112.06483125000001,112.06483125000001,125.8324,90.0926
229,snn,nsson,jetson_emulator,2,offload,0.5971412624554902,39.0571,30.159,30.159,30.9319,84.5717,112.06483125000001,112.06483125000001,125.8509,90.0215
230,snn,nsson,jetson_emulator,2,offload,0.6169857619358058,40.2727,27.9874,27.9874,29.0525,84.5717,112.06483125000001,112.06483125000001,125.9448,90.071
231,snn,nsson,jetson_emulator,2,offload,0.6108305898755967,39.4016,28.0515,28.0515,29.8726,84.5717,112.06483125000001,112.06483125000001,126.0388,90.2092
232,snn,nsson,jetson_emulator,2,local,0.6089389148770723,39.4976,28.4995,39.4976,41.3792,82.8365,112.06483125000001,112.06483125000001,126.2083,90.1198
233,snn,nsson,jetson_emulator,2,local,0.6146769526649296,39.533,27.9798,39.533,41.433,82.8212,112.06483125000001,112.06483125000001,126.3022,90.159
234,snn,nsson,jetson_emulator,2,offload,0.6186611712077046,39.152,29.9896,29.9896,31.087,84.5717,112.06483125000001,112.06483125000001,126.3205,90.0029
235,snn,nsson,jetson_emulator,2,offload,0.6036288472198618,39.9439,28.3406,28.3406,30.0095,84.5717,112.06483125000001,112.06483125000001,126.4144,90.1662
236,snn,nsson,jetson_emulator,2,offload,0.6112832544718808,39.5785,29.2709,29.2709,30.947,84.5717,112.06483125000001,112.06483125000001,126.5083,90.0627
237,snn,nsson,jetson_emulator,2,offload,0.6159917010443532,39.588,29.0215,29.0215,31.1333,84.5717,112.06483125000001,112.06483125000001,126.6022,90.0247
238,snn,nsson,jetson_emulator,2,offload,0.6086111736889385,39.7754,28.2057,28.2057,29.8725,84.5717,112.06483125000001,112.06483125000001,126.6961,90.0495
239,snn,nsson,jetson_emulator,2,local,0.6016372775483052,39.5383,29.2629,39.5383,40.4352,82.8188,112.06483125000001,112.06483125000001,126.866,90.0758
240,snn,nsson,jetson_emulator,2,local,0.5909058414771825,39.9523,29.8364,39.9523,41.2533,82.6397,112.06483125000001,112.06483125000001,126.96,90.1184
241,snn,nsson,jetson_emulator,2,local,0.5988604967659312,39.7466,28.4303,39.7466,41.4499,82.7286,112.06483125000001,112.06483125000001,127.054,90.0719
242,snn,nsson,jetson_emulator,2,offload,0.5938740930239489,39.6293,28.449,28.449,30.3265,84.5717,112.06483125000001,112.06483125000001,127.0718,90.1339
243,snn,nsson,jetson_emulator,2,offload,0.59393899086615,40.0037,28.7581,28.7581,30.2469,84.5717,112.06483125000001,112.06483125000001,127.1657,90.1021
244,snn,nsson,jetson_emulator,2,offload,0.5882157861324142,40.1475,29.0508,29.0508,31.1623,84.5717,112.06483125000001,112.06483125000001,127.2596,90.1911
245,snn,nsson,jetson_emulator,2,local,0.5972838066579598,40.7022,30.9531,40.7022,42.2809,82.3171,112.06483125000001,112.06483125000001,127.4298,90.093
246,snn,nsson,jetson_emulator,2,offload,0.5966188020718569,39.8802,29.4144,29.4144,31.2025,84.5717,112.06483125000001,112.06483125000001,127.4474,90.0708
247,snn,nsson,jetson_emulator,2,local,0.6039853315432383,40.727,28.6053,40.727,42.8608,82.3064,112.06483125000001,112.06483125000001,127.6178,90.0967
248,snn,nsson,jetson_emulator,2,offload,0.6050167706971166,40.3472,29.014,29.014,31.2209,84.5717,112.06483125000001,112.06483125000001,127.6352,90.0668
249,snn,nsson,jetson_emulator,2,offload,0.60728779693777,40.0105,28.7167,28.7167,30.3009,84.5717,112.06483125000001,112.06483125000001,127.7292,90.1389
250,snn,nsson,jetson_emulator,2,local,0.6027664062151424,40.0526,29.2515,40.0526,41.3453,82.5964,112.06483125000001,112.06483125000001,127.8997,90.1473
251,snn,nsson,jetson_emulator,2,local,0.6084876568425169,40.5328,29.239,40.5328,42.6814,82.3897,112.06483125000001,112.06483125000001,127.9936,90.1351
252,snn,nsson,jetson_emulator,2,local,0.607422106807568,40.2821,29.4078,40.2821,42.0561,82.4975,112.06483125000001,112.06483125000001,128.0876,90.1612
253,snn,nsson,jetson_emulator,2,offload,0.6032923293956023,40.9352,28.8966,28.8966,30.5463,84.5717,112.06483125000001,112.06483125000001,128.1048,90.1883
254,snn,nsson,jetson_emulator,2,local,0.6090449083381165,40.7463,29.1841,40.7463,41.5179,82.2981,112.06483125000001,112.06483125000001,128.2755,90.0755
255,snn,nsson,jetson_emulator,2,offload,0.6063076517302232,41.4416,29.2204,29.2204,30.9943,84.5717,112.06483125000001,112.06483125000001,128.2926,90.1293
256,snn,nsson,jetson_emulator,2,local,0.5920479916766057,41.484,29.8833,41.484,43.348,81.9834,112.06483125000001,112.06483125000001,128.4635,90.0992
257,snn,nsson,jetson_emulator,2,local,0.5861892117365236,40.61,29.1264,40.61,42.9294,82.3566,112.06483125000001,112.06483125000001,128.5574,90.2619
258,snn,nsson,jetson_emulator,2,offload,0.597095975078074,40.5811,29.2627,29.2627,31.3256,84.5717,112.06483125000001,112.06483125000001,128.5743,90.1615
259,snn,nsson,jetson_emulator,2,offload,0.592545643855789,41.1806,30.7158,30.7158,32.3981,84.5717,112.06483125000001,112.06483125000001,128.6683,90.1411
260,snn,nsson,jetson_emulator,2,offload,0.5922892264457228,40.8226,30.0641,30.0641,32.0605,84.5717,112.06483125000001,112.06483125000001,128.7622,90.108
261,snn,nsson,jetson_emulator,2,local,0.5861176134834877,40.8389,29.4029,40.8389,42.5592,82.2585,112.06483125000001,112.06483125000001,128.9333,90.1017
262,snn,nsson,jetson_emulator,2,offload,0.5807305476609809,41.0024,29.8787,29.8787,31.5003,84.5717,112.06483125000001,112.06483125000001,128.95,90.1146
263,snn,nsson,jetson_emulator,2,offload,0.5883660889244586,41.035,30.423,30.423,32.6433,84.5717,112.06483125000001,112.06483125000001,129.0439,90.0564
264,snn,nsson,jetson_emulator,2,offload,0.587162024856464,41.5602,30.048,30.048,32.0445,84.5717,112.06483125000001,112.06483125000001,129.1378,90.0726
265,snn,nsson,jetson_emulator,2,offload,0.5861249833007139,41.2957,29.7774,29.7774,30.9406,84.5717,112.06483125000001,112.06483125000001,129.2317,90.0981
266,snn,nsson,jetson_emulator,2,local,0.5834800640017861,41.4399,31.3162,41.4399,42.8624,82.0021,112.06483125000001,112.06483125000001,129.4031,89.993
267,snn,nsson,jetson_emulator,2,offload,0.5850897659782519,41.8795,29.6887,29.6887,31.3084,84.5717,112.06483125000001,112.06483125000001,129.4195,90.0994
268,snn,nsson,jetson_emulator,2,local,0.5685379751653438,41.9863,30.4944,41.9863,42.9671,81.7704,112.06483125000001,112.06483125000001,129.5911,90.089
269,snn,nsson,jetson_emulator,2,offload,0.5748148415587054,42.6488,29.6211,29.6211,32.1293,84.5717,112.06483125000001,112.06483125000001,129.6074,90.1382
270,snn,nsson,jetson_emulator,2,local,0.5729531047634842,43.0897,29.8767,43.0897,44.8546,81.3065,112.06483125000001,112.06483125000001,129.779,90.1217
271,snn,nsson,jetson_emulator,2,local,0.5592214745285808,41.7687,30.5144,41.7687,43.8628,81.8625,112.06483125000001,112.06483125000001,129.873,90.0604
272,snn,nsson,jetson_emulator,2,offload,0.5551195954192498,41.859,30.779,30.779,32.892,84.5717,112.06483125000001,112.06483125000001,129.8891,90.0596
273,snn,nsson,jetson_emulator,2,offload,0.5559228571088345,42.117,30.3883,30.3883,31.6429,84.5717,112.06483125000001,112.06483125000001,129.983,90.0306
274,snn,nsson,jetson_emulator,2,local,0.551801967050561,42.1527,30.582,42.1527,43.7156,81.7001,112.06483125000001,112.06483125000001,130.1549,90.1102
275,snn,nsson,jetson_emulator,2,offload,0.5529431506669694,42.0443,30.4499,30.4499,31.7184,84.5717,112.06483125000001,112.06483125000001,130.1708,90.1641
276,snn,nsson,jetson_emulator,2,offload,0.5533337092749157,42.3693,30.439,30.439,31.5418,84.5717,112.06483125000001,112.06483125000001,130.2647,90.0542
277,snn,nsson,jetson_emulator,2,local,0.551329481847696,42.1822,30.7802,42.1822,43.4341,81.6877,112.06483125000001,112.06483125000001,130.4368,90.1281
278,snn,nsson,jetson_emulator,2,offload,0.5536033083204982,42.6708,30.4659,30.4659,31.563,84.5717,112.06483125000001,112.06483125000001,130.4526,90.0652
279,snn,nsson,jetson_emulator,2,local,0.5494345179869362,42.8108,31.1417,42.8108,44.617,81.4233,112.06483125000001,112.06483125000001,130.6247,90.0592
280,snn,nsson,jetson_emulator,2,offload,0.5497639996120365,42.6629,30.3661,30.3661,31.9611,84.5717,112.06483125000001,112.06483125000001,130.6404,90.1611
281,snn,nsson,jetson_emulator,2,offload,0.5558060325266677,42.9946,31.1016,31.1016,33.3357,84.5717,112.06483125000001,112.06483125000001,130.7343,90.1499
282,snn,nsson,jetson_emulator,2,local,0.5536347739831269,42.4855,30.5296,42.4855,44.6021,81.5599,112.06483125000001,112.06483125000001,130.9066,90.0654
283,snn,nsson,jetson_emulator,2,offload,0.556415182025269,42.8925,30.5045,30.5045,32.3264,84.5717,112.06483125000001,112.06483125000001,130.9221,90.0698
284,snn,nsson,jetson_emulator,2,local,0.5704349731005567,43.5522,30.8962,43.5522,45.5393,81.1136,112.06483125000001,112.06483125000001,131.0945,90.1288
285,snn,nsson,jetson_emulator,2,offload,0.5619845772623135,43.2763,30.9516,30.9516,31.5909,84.5717,112.06483125000001,112.06483125000001,131.1099,90.1122
286,snn,nsson,jetson_emulator,2,local,0.5674463416096985,43.0399,30.9215,43.0399,44.9784,81.3273,112.06483125000001,112.06483125000001,131.2825,90.1086
287,snn,nsson,jetson_emulator,2,local,0.5681789470117516,43.0674,31.4831,43.0674,44.7467,81.3158,112.06483125000001,112.06483125000001,131.3764,90.0802
288,snn,nsson,jetson_emulator,2,offload,0.5790982058818249,43.2441,31.1609,31.1609,32.6679,84.5717,112.06483125000001,112.06483125000001,131.3917,90.1177
289,snn,nsson,jetson_emulator,2,local,0.5749662546902056,43.7569,31.3546,43.7569,45.9521,81.0285,112.06483125000001,112.06483125000001,131.5644,90.1842
290,snn,nsson,jetson_emulator,2,local,0.5823917061407899,43.5873,31.1281,43.5873,45.0407,81.099,112.06483125000001,112.06483125000001,131.6583,90.2013
291,snn,nsson,jetson_emulator,2,local,0.5757405975706634,43.3152,31.2408,43.3152,44.7658,81.2123,112.06483125000001,112.06483125000001,131.7523,90.1046
292,snn,nsson,jetson_emulator,2,local,0.5835591459821609,43.5079,31.4595,43.5079,45.7869,81.132,112.06483125000001,112.06483125000001,131.8463,90.0859
293,snn,nsson,jetson_emulator,2,local,0.5842542314535352,43.6993,31.5216,43.6993,45.3102,81.0524,112.06483125000001,112.06483125000001,131.9403,90.1119
294,snn,nsson,jetson_emulator,2,local,0.5823848836567902,43.9777,31.7759,43.9777,44.9902,80.9369,112.06483125000001,112.06483125000001,132.0342,90.0934
295,snn,nsson,jetson_emulator,2,local,0.5799311118297198,43.7723,31.7615,43.7723,45.9324,81.0221,112.06483125000001,112.06483125000001,132.1282,90.0969
296,snn,nsson,jetson_emulator,2,local,0.5899097605606107,45.4272,31.3864,45.4272,46.7347,80.3408,112.06483125000001,112.06483125000001,132.2222,89.9988
297,snn,nsson,jetson_emulator,2,local,0.5956159217823851,44.1289,32.9193,44.1289,44.765,80.8743,112.06483125000001,112.06483125000001,132.3161,90.1063
298,snn,nsson,jetson_emulator,2,local,0.5966456053856798,44.063,33.382,44.063,45.6558,80.9016,112.06483125000001,112.06483125000001,132.4101,90.1609
299,snn,nsson,jetson_emulator,2,local,0.5905155048314921,44.6571,32.1803,44.6571,45.6046,80.6564,112.06483125000001,112.06483125000001,132.5041,90.1305
300,snn,nsson,jetson_emulator,2,offload,0.59289600387481,44.3944,31.4828,31.4828,32.8505,84.5717,112.06483125000001,112.06483125000001,132.5186,90.1267
301,snn,nsson,jetson_emulator,2,local,0.5903202969434469,44.8687,32.3786,44.8687,46.1444,80.5695,112.06483125000001,112.06483125000001,132.692,90.1155
302,snn,nsson,jetson_emulator,2,offload,0.5946324604951754,44.3238,33.4631,33.4631,35.3441,84.5717,112.06483125000001,112.06483125000001,132.7064,90.0733
303,snn,nsson,jetson_emulator,2,offload,0.5950225434452273,44.3682,31.9796,31.9796,33.6953,84.5717,112.06483125000001,112.06483125000001,132.8003,90.1648
304,snn,nsson,jetson_emulator,2,offload,0.5946365768915677,44.5828,32.3422,32.3422,34.3641,84.5717,112.06483125000001,112.06483125000001,132.8942,90.1581
305,snn,nsson,jetson_emulator,2,offload,0.5847414363173046,44.9262,33.9431,33.9431,35.9004,84.5717,112.06483125000001,112.06483125000001,132.9882,90.111
306,snn,nsson,jetson_emulator,2,offload,0.58075898761883,44.6057,32.7338,32.7338,34.6569,84.5717,112.06483125000001,112.06483125000001,133.0821,90.0877
307,snn,nsson,jetson_emulator,2,local,0.5732483599548054,45.0365,32.7766,45.0365,46.4138,80.5006,112.06483125000001,112.06483125000001,133.2558,90.1341
308,snn,nsson,jetson_emulator,2,offload,0.5725521766821475,45.1485,32.0445,32.0445,33.5679,84.5717,112.06483125000001,112.06483125000001,133.2699,90.0947
309,snn,nsson,jetson_emulator,2,offload,0.5651702168334809,45.1724,32.0405,32.0405,33.8673,84.5717,112.06483125000001,112.06483125000001,133.3638,90.1427
310,snn,nsson,jetson_emulator,2,offload,0.56173596033393,45.5756,33.0115,33.0115,33.7487,84.5717,112.06483125000001,112.06483125000001,133.4577,90.0451
311,snn,nsson,jetson_emulator,2,local,0.5583606108146556,45.0426,32.2094,45.0426,46.9771,80.4981,112.06483125000001,112.06483125000001,133.6317,90.1061
312,snn,nsson,jetson_emulator,2,offload,0.5598562627230397,45.1429,32.7134,32.7134,34.7072,84.5717,112.06483125000001,112.06483125000001,133.6455,90.1464
313,snn,nsson,jetson_emulator,2,offload,0.5646371684609522,45.5783,33.4447,33.4447,35.0367,84.5717,112.06483125000001,112.06483125000001,133.7394,90.0757
314,snn,nsson,jetson_emulator,2,local,0.5646759841302149,45.567,33.5604,45.567,48.3236,80.2838,112.06483125000001,112.06483125000001,133.9136,90.0852
315,snn,nsson,jetson_emulator,2,local,0.5583103220909508,46.1335,32.8119,46.1335,47.5459,80.0535,112.06483125000001,112.06483125000001,134.0075,90.0485
316,snn,nsson,jetson_emulator,2,offload,0.5507487566378897,45.8516,32.9692,32.9692,34.4402,84.5717,112.06483125000001,112.06483125000001,134.0212,90.1894
317,snn,nsson,jetson_emulator,2,offload,0.5608462741282131,46.2411,33.119,33.119,34.9992,84.5717,112.06483125000001,112.06483125000001,134.1151,90.0502
318,snn,nsson,jetson_emulator,2,offload,0.57362040972755,45.8465,33.7416,33.7416,35.9296,84.5717,112.06483125000001,112.06483125000001,134.209,90.1487
319,snn,nsson,jetson_emulator,2,local,0.5640512468705449,45.6709,32.6519,45.6709,48.1941,80.2415,112.06483125000001,112.06483125000001,134.3834,90.1777
320,snn,nsson,jetson_emulator,2,local,0.5613077175929193,45.6691,33.3879,45.6691,47.3831,80.2422,112.06483125000001,112.06483125000001,134.4774,90.1411
321,snn,nsson,jetson_emulator,2,local,0.57575277888233,46.366,33.8479,46.366,48.7873,79.9594,112.06483125000001,112.06483125000001,134.5713,90.1591
322,snn,nsson,jetson_emulator,2,offload,0.5865817625016553,46.2277,33.2018,33.2018,34.1122,84.5717,112.06483125000001,112.06483125000001,134.5846,90.0508
323,snn,nsson,jetson_emulator,2,offload,0.5835761631990631,47.0725,32.8293,32.8293,34.8237,84.5717,112.06483125000001,112.06483125000001,134.6786,90.0665
324,snn,nsson,jetson_emulator,2,offload,0.5714142772521504,46.7731,33.3093,33.3093,34.9885,84.5717,112.06483125000001,112.06483125000001,134.7725,90.1003
325,snn,nsson,jetson_emulator,2,offload,0.5772975027509822,46.8649,35.0486,35.0486,36.3034,84.5717,112.06483125000001,112.06483125000001,134.8664,90.1448
326,snn,nsson,jetson_emulator,2,local,0.581313199546945,46.5077,33.5807,46.5077,48.0866,79.9022,112.06483125000001,112.06483125000001,135.0412,90.104
327,snn,nsson,jetson_emulator,2,local,0.5734198748214003,46.2766,34.6992,46.2766,48.542,79.9956,112.06483125000001,112.06483125000001,135.1351,90.1655
328,snn,nsson,jetson_emulator,2,offload,0.5836817677126114,47.8834,33.1746,33.1746,34.7713,84.5717,112.06483125000001,112.06483125000001,135.1481,90.1279
329,snn,nsson,jetson_emulator,2,local,0.5850469505588181,46.7024,33.1993,46.7024,48.8301,79.8236,112.06483125000001,112.06483125000001,135.3231,90.1823
330,snn,nsson,jetson_emulator,2,local,0.5914604485164293,46.8479,33.808,46.8479,48.8135,79.765,112.06483125000001,112.06483125000001,135.417,90.1199
331,snn,nsson,jetson_emulator,2,local,0.5996584983939941,46.7474,33.6717,46.7474,48.3517,79.8055,112.06483125000001,112.06483125000001,135.511,90.0309
332,snn,nsson,jetson_emulator,2,offload,0.5953360826375049,46.922,33.3703,33.3703,34.357,84.5717,112.06483125000001,112.06483125000001,135.5238,90.0276
333,snn,nsson,jetson_emulator,2,offload,0.5923653322024861,46.8994,33.6346,33.6346,35.5914,84.5717,112.06483125000001,112.06483125000001,135.6177,90.128
334,snn,nsson,jetson_emulator,2,offload,0.5937790700587279,47.0908,33.6612,33.6612,34.8838,84.5717,112.06483125000001,112.06483125000001,135.7116,90.0925
335,snn,nsson,jetson_emulator,2,local,0.5844019696561449,47.0218,34.056,47.0218,49.4547,79.6951,112.06483125000001,112.06483125000001,135.8869,90.1045
336,snn,nsson,jetson_emulator,2,local,0.5916460605037084,47.5559,33.8066,47.5559,49.8052,79.4812,112.06483125000001,112.06483125000001,135.9808,90.1668
337,snn,nsson,jetson_emulator,2,local,0.5824739619949777,48.4481,33.8573,48.4481,50.3189,79.1263,112.06483125000001,112.06483125000001,136.0748,89.9958
338,snn,nsson,jetson_emulator,2,offload,0.5941451822625453,47.1913,33.8949,33.8949,34.9378,84.5717,112.06483125000001,112.06483125000001,136.0872,90.1806
339,snn,nsson,jetson_emulator,2,local,0.5960423899828616,47.4466,33.8525,47.4466,49.4612,79.5249,112.06483125000001,112.06483125000001,136.2627,90.0903
340,snn,nsson,jetson_emulator,2,offload,0.5909907615170434,47.3541,33.7586,33.7586,35.5359,84.5717,112.06483125000001,112.06483125000001,136.275,90.0531
341,snn,nsson,jetson_emulator,2,offload,0.5965598030629929,47.7816,34.2929,34.2929,35.4395,84.5717,112.06483125000001,112.06483125000001,136.3689,90.1027
342,snn,nsson,jetson_emulator,2,offload,0.5883801383819102,48.7403,35.3437,35.3437,37.6811,84.5717,112.06483125000001,112.06483125000001,136.4629,90.1466
343,snn,nsson,jetson_emulator,2,offload,0.5800993418333898,48.4239,34.0429,34.0429,35.5956,84.5717,112.06483125000001,112.06483125000001,136.5568,90.1068
344,snn,nsson,jetson_emulator,2,offload,0.5722791935646739,47.3092,34.1855,34.1855,35.1288,84.5717,112.06483125000001,112.06483125000001,136.6507,90.0709
345,snn,nsson,jetson_emulator,2,offload,0.5700367099520693,48.0359,34.4055,34.4055,35.8927,84.5717,112.06483125000001,112.06483125000001,136.7446,90.149
346,snn,nsson,jetson_emulator,2,local,0.5668852536836653,47.7268,34.3858,47.7268,49.7954,79.413,112.06483125000001,112.06483125000001,136.9205,90.106
347,snn,nsson,jetson_emulator,2,local,0.5645504914701963,47.884,34.5019,47.884,49.4495,79.3503,112.06483125000001,112.06483125000001,137.0145,90.0802
348,snn,nsson,jetson_emulator,2,local,0.5653094470324173,47.8612,34.3584,47.8612,49.3031,79.3594,112.06483125000001,112.06483125000001,137.1084,90.0739
349,snn,nsson,jetson_emulator,2,offload,0.5678107025208954,47.8302,35.9012,35.9012,37.8637,84.5717,112.06483125000001,112.06483125000001,137.1202,90.1264
350,snn,nsson,jetson_emulator,2,local,0.5687762149255688,48.3419,34.6782,48.3419,49.8033,79.1684,112.06483125000001,112.06483125000001,137.2964,90.2411
351,snn,nsson,jetson_emulator,2,offload,0.5633890333983302,48.1677,34.4785,34.4785,36.3167,84.5717,112.06483125000001,112.06483125000001,137.3081,90.1236
352,snn,nsson,jetson_emulator,2,offload,0.5554484917522563,48.268,34.1388,34.1388,36.1749,84.5717,112.06483125000001,112.06483125000001,137.402,90.1342
353,snn,nsson,jetson_emulator,2,offload,0.5611562166815334,48.3112,34.2807,34.2807,35.9649,84.5717,112.06483125000001,112.06483125000001,137.4959,90.0094
354,snn,nsson,jetson_emulator,2,offload,0.552458517207489,47.8699,34.9846,34.9846,36.2697,84.5717,112.06483125000001,112.06483125000001,137.5898,90.0995
355,snn,nsson,jetson_emulator,2,local,0.5502919971405513,49.1089,36.2424,49.1089,51.2,78.8655,112.06483125000001,112.06483125000001,137.7662,90.1356
356,snn,nsson,jetson_emulator,2,offload,0.5545012793590552,49.3734,34.8378,34.8378,36.8418,84.5717,112.06483125000001,112.06483125000001,137.7776,90.2172
357,snn,nsson,jetson_emulator,2,local,0.5481498719933853,48.1279,34.8198,48.1279,50.339,79.2533,112.06483125000001,112.06483125000001,137.9541,90.0545
358,snn,nsson,jetson_emulator,2,local,0.5424275628664159,48.6099,35.3428,48.6099,50.4896,79.0623,112.06483125000001,112.06483125000001,138.0481,90.2358
359,snn,nsson,jetson_emulator,2,local,0.5358514364396484,48.8213,34.5121,48.8213,51.7504,78.9788,112.06483125000001,112.06483125000001,138.1421,90.1182
360,snn,nsson,jetson_emulator,2,offload,0.5349056568553201,48.4848,35.8098,35.8098,36.7985,84.5717,112.06483125000001,112.06483125000001,138.1533,90.1363
361,snn,nsson,jetson_emulator,2,local,0.5311490870594631,48.2635,35.1491,48.2635,50.3398,79.1995,112.06483125000001,112.06483125000001,138.33,90.1653
362,snn,nsson,jetson_emulator,2,local,0.5444844246776054,48.5182,34.8299,48.5182,50.1113,79.0986,112.06483125000001,112.06483125000001,138.424,90.1092
363,snn,nsson,jetson_emulator,2,offload,0.5498518260831283,49.3664,35.5989,35.5989,37.8257,84.5717,112.06483125000001,112.06483125000001,138.435,90.1695
364,snn,nsson,jetson_emulator,2,local,0.5593701670762725,49.0967,34.6003,49.0967,50.6522,78.8703,112.06483125000001,112.06483125000001,138.6119,90.0591
365,snn,nsson,jetson_emulator,2,local,0.5617932967363426,49.0892,35.7082,49.0892,51.0262,78.8733,112.06483125000001,112.06483125000001,138.7059,90.182
366,snn,nsson,jetson_emulator,2,offload,0.5652256239129119,49.2965,34.9989,34.9989,36.2065,84.5717,112.06483125000001,112.06483125000001,138.7167,90.1247
367,snn,nsson,jetson_emulator,2,local,0.5690141417697051,48.7576,35.3159,48.7576,50.4057,79.004,112.06483125000001,112.06483125000001,138.8938,90.0929
368,snn,nsson,jetson_emulator,2,offload,0.571321388491192,48.7761,36.5387,36.5387,37.6803,84.5717,112.06483125000001,112.06483125000001,138.9045,90.1775
369,snn,nsson,jetson_emulator,2,offload,0.5714345167326322,49.1911,35.1561,35.1561,37.2266,84.5717,112.06483125000001,112.06483125000001,138.9985,90.1568
370,snn,nsson,jetson_emulator,2,local,0.5711391014416769,48.5378,35.3917,48.5378,50.9591,79.0908,112.06483125000001,112.06483125000001,139.1757,89.9909
371,snn,nsson,jetson_emulator,2,local,0.567336584608082,48.673,35.9505,48.673,50.8907,79.0374,112.06483125000001,112.06483125000001,139.2697,90.0539
372,snn,nsson,jetson_emulator,2,local,0.5574157377268881,48.6013,34.9054,48.6013,50.23,79.0657,112.06483125000001,112.06483125000001,139.3637,90.1606
373,snn,nsson,jetson_emulator,2,offload,0.555425506203509,48.6801,35.2211,35.2211,37.2192,84.5717,112.06483125000001,112.06483125000001,139.3741,90.1647
374,snn,nsson,jetson_emulator,2,offload,0.5537526302934865,49.1666,35.152,35.152,37.1179,84.5717,112.06483125000001,112.06483125000001,139.468,90.0642
375,snn,nsson,jetson_emulator,2,local,0.5628277134044337,48.965,34.99,48.965,50.8431,78.9222,112.06483125000001,112.06483125000001,139.6456,90.0904
376,snn,nsson,jetson_emulator,2,offload,0.557252011297036,49.1445,36.4247,36.4247,38.9731,84.5717,112.06483125000001,112.06483125000001,139.6558,90.113
377,snn,nsson,jetson_emulator,2,offload,0.5526422804759802,48.9217,34.9293,34.9293,36.3243,84.5717,112.06483125000001,112.06483125000001,139.7497,90.0901
378,snn,nsson,jetson_emulator,2,offload,0.558655465980528,49.1824,36.0047,36.0047,36.8252,84.5717,112.06483125000001,112.06483125000001,139.8436,90.1313
379,snn,nsson,jetson_emulator,2,local,0.5522885422512378,49.6334,35.0318,49.6334,51.4096,78.6598,112.06483125000001,112.06483125000001,140.0214,90.1014
380,snn,nsson,jetson_emulator,2,offload,0.5499582895532391,49.1623,34.9039,34.9039,35.8637,84.5717,112.06483125000001,112.06483125000001,140.0315,90.1894
381,snn,nsson,jetson_emulator,2,offload,0.5532135753375079,49.1709,35.1718,35.1718,37.3273,84.5717,112.06483125000001,112.06483125000001,140.1254,90.0575
382,snn,nsson,jetson_emulator,2,local,0.5581155337460019,49.5662,34.9812,49.5662,51.7277,78.6861,112.06483125000001,112.06483125000001,140.3033,90.0915
383,snn,nsson,jetson_emulator,2,local,0.5555516334337267,49.7168,35.1455,49.7168,51.1689,78.6271,112.06483125000001,112.06483125000001,140.3973,90.02
384,snn,nsson,jetson_emulator,2,offload,0.5582291558474185,49.25,37.2098,37.2098,38.9518,84.5717,112.06483125000001,112.06483125000001,140.4071,90.0691
385,snn,nsson,jetson_emulator,2,offload,0.5530941378362536,48.9412,35.6857,35.6857,37.7047,84.5717,112.06483125000001,112.06483125000001,140.501,90.1663
386,snn,nsson,jetson_emulator,2,local,0.5474244320857687,49.023,35.2947,49.023,51.1048,78.8993,112.06483125000001,112.06483125000001,140.6792,90.0709
387,snn,nsson,jetson_emulator,2,offload,0.547990217595096,49.2462,35.3304,35.3304,36.8233,84.5717,112.06483125000001,112.06483125000001,140.6888,90.1643
388,snn,nsson,jetson_emulator,2,local,0.544435535162502,49.3013,36.024,49.3013,51.0189,78.7899,112.06483125000001,112.06483125000001,140.8671,90.1058
389,snn,nsson,jetson_emulator,2,local,0.5455355892441102,48.9215,34.9872,48.9215,51.0917,78.9393,112.06483125000001,112.06483125000001,140.9611,90.1383
390,snn,nsson,jetson_emulator,2,local,0.5578329588162783,49.4031,35.3487,49.4031,51.2019,78.75,112.06483125000001,112.06483125000001,141.0551,90.1135
391,snn,nsson,jetson_emulator,2,local,0.5599493187965044,50.2286,35.4215,50.2286,52.172,78.4276,112.06483125000001,112.06483125000001,141.149,90.0942
392,snn,nsson,jetson_emulator,2,local,0.5534121246671039,48.935,35.3909,48.935,50.748,78.934,112.06483125000001,112.06483125000001,141.243,90.1715
393,snn,nsson,jetson_emulator,2,local,0.5543268949366825,49.1003,35.9533,49.1003,51.4764,78.8689,112.06483125000001,112.06483125000001,141.337,90.0782
394,snn,nsson,jetson_emulator,2,local,0.5524915366266271,49.1002,35.1678,49.1002,51.279,78.8689,112.06483125000001,112.06483125000001,141.4309,89.991
395,snn,nsson,jetson_emulator,2,local,0.5489700788106795,49.3521,35.0063,49.3521,51.1604,78.77,112.06483125000001,112.06483125000001,141.5249,90.064
396,snn,nsson,jetson_emulator,2,offload,0.5520768023127819,49.5683,35.2872,35.2872,37.6482,84.5717,112.06483125000001,112.06483125000001,141.534,90.0555
397,snn,nsson,jetson_emulator,2,offload,0.5577006201799591,49.2552,35.8807,35.8807,37.4353,84.5717,112.06483125000001,112.06483125000001,141.628,90.1539
398,snn,nsson,jetson_emulator,2,local,0.5403842753344165,49.5852,35.4253,49.5852,50.7973,78.6786,112.06483125000001,112.06483125000001,141.8068,90.1683
399,snn,nsson,jetson_emulator,2,local,0.5322174644117705,49.6918,35.5109,49.6918,51.2157,78.6369,112.06483125000001,112.06483125000001,141.9008,90.1719
400,snn,nsson,jetson_emulator,2,offload,0.525788867192564,50.2624,35.3078,35.3078,36.5565,84.5717,112.06483125000001,112.06483125000001,141.9097,90.1269
401,snn,nsson,jetson_emulator,2,local,0.5241205279087761,49.0398,35.8671,49.0398,51.3228,78.8927,112.06483125000001,112.06483125000001,142.0887,90.1765
402,snn,nsson,jetson_emulator,2,local,0.5331672744377741,49.7566,35.7873,49.7566,50.7055,78.6116,112.06483125000001,112.06483125000001,142.1827,90.077
403,snn,nsson,jetson_emulator,2,offload,0.5339810386146978,50.5642,35.5299,35.5299,37.5428,84.5717,112.06483125000001,112.06483125000001,142.1914,90.0463
404,snn,nsson,jetson_emulator,2,offload,0.5252914183490044,49.4778,35.0861,35.0861,37.3525,84.5717,112.06483125000001,112.06483125000001,142.2853,90.0753
405,snn,nsson,jetson_emulator,2,local,0.5363660255930466,50.2167,35.0469,50.2167,52.4643,78.4322,112.06483125000001,112.06483125000001,142.4646,90.1344
406,snn,nsson,jetson_emulator,2,local,0.5342234756388138,49.0687,35.0442,49.0687,51.3417,78.8813,112.06483125000001,112.06483125000001,142.5585,90.1467
407,snn,nsson,jetson_emulator,2,offload,0.5445117793653178,49.5167,35.4857,35.4857,36.834,84.5717,112.06483125000001,112.06483125000001,142.5671,90.0906
408,snn,nsson,jetson_emulator,2,offload,0.5367149811153472,49.1485,35.7152,35.7152,37.5471,84.5717,112.06483125000001,112.06483125000001,142.661,90.1342
409,snn,nsson,jetson_emulator,2,local,0.5359663797745092,49.1424,36.6287,49.1424,50.918,78.8524,112.06483125000001,112.06483125000001,142.8404,90.0811
410,snn,nsson,jetson_emulator,2,local,0.5427347547301425,49.2134,36.4302,49.2134,50.4101,78.8244,112.06483125000001,112.06483125000001,142.9344,90.127
411,snn,nsson,jetson_emulator,2,offload,0.536310994774582,49.6069,35.4012,35.4012,37.3527,84.5717,112.06483125000001,112.06483125000001,142.9427,90.1213
412,snn,nsson,jetson_emulator,2,local,0.5391975298741621,49.0234,37.2394,49.0234,51.0521,78.8992,112.06483125000001,112.06483125000001,143.1223,90.0826
413,snn,nsson,jetson_emulator,2,local,0.5433026945198918,50.2173,35.183,50.2173,52.2878,78.432,112.06483125000001,112.06483125000001,143.2163,90.0452
414,snn,nsson,jetson_emulator,2,offload,0.5424991777065354,49.6445,35.1437,35.1437,37.5201,84.5717,112.06483125000001,112.06483125000001,143.2244,90.0785
415,snn,nsson,jetson_emulator,2,offload,0.5428806676993091,49.9364,36.4423,36.4423,38.2836,84.5717,112.06483125000001,112.06483125000001,143.3183,90.0818
416,snn,nsson,jetson_emulator,2,offload,0.5439014672714705,49.1886,35.4095,35.4095,36.3961,84.5717,112.06483125000001,112.06483125000001,143.4123,90.1753
417,snn,nsson,jetson_emulator,2,local,0.5439485174233468,49.2378,35.1129,49.2378,50.3062,78.8149,112.06483125000001,112.06483125000001,143.5922,90.1866
418,snn,nsson,jetson_emulator,2,offload,0.5432300139677304,49.0006,35.3847,35.3847,37.7313,84.5717,112.06483125000001,112.06483125000001,143.6001,90.0977
419,snn,nsson,jetson_emulator,2,local,0.5313647325345786,49.2957,35.4322,49.2957,51.5606,78.7921,112.06483125000001,112.06483125000001,143.7801,90.0775
420,snn,nsson,jetson_emulator,2,offload,0.5359159665653197,49.4393,37.2623,37.2623,38.9986,84.5717,112.06483125000001,112.06483125000001,143.7879,90.1222
421,snn,nsson,jetson_emulator,2,local,0.5334556411522047,49.804,36.7542,49.804,52.2694,78.5931,112.06483125000001,112.06483125000001,143.968,90.1321
422,snn,nsson,jetson_emulator,2,local,0.5454942311072519,49.2624,37.0934,49.2624,51.0025,78.8052,112.06483125000001,112.06483125000001,144.062,90.153
423,snn,nsson,jetson_emulator,2,local,0.5527240424737344,49.0795,35.9494,49.0795,50.8549,78.8771,112.06483125000001,112.06483125000001,144.156,90.1845
424,snn,nsson,jetson_emulator,2,offload,0.5570751435684427,49.6817,35.5822,35.5822,37.563,84.5717,112.06483125000001,112.06483125000001,144.1635,90.1212
425,snn,nsson,jetson_emulator,2,offload,0.5562297329296331,49.8963,35.6757,35.6757,38.2278,84.5717,112.06483125000001,112.06483125000001,144.2575,90.0652
426,snn,nsson,jetson_emulator,2,offload,0.5518505539143569,48.9362,35.5707,35.5707,38.0124,84.5717,112.06483125000001,112.06483125000001,144.3514,90.1129
427,snn,nsson,jetson_emulator,2,local,0.5434566771970021,49.0494,35.0024,49.0494,50.2262,78.889,112.06483125000001,112.06483125000001,144.5318,90.1325
428,snn,nsson,jetson_emulator,2,offload,0.5329383987504782,49.2149,36.657,36.657,38.0985,84.5717,112.06483125000001,112.06483125000001,144.5392,90.0497
429,snn,nsson,jetson_emulator,2,local,0.5372548044496671,49.5305,35.3221,49.5305,51.0153,78.7,112.06483125000001,112.06483125000001,144.7198,90.1381
430,snn,nsson,jetson_emulator,2,offload,0.5322124272287443,49.2909,35.4787,35.4787,36.9962,84.5717,112.06483125000001,112.06483125000001,144.727,90.0655
431,snn,nsson,jetson_emulator,2,offload,0.5505478015982992,49.1918,35.8709,35.8709,38.0169,84.5717,112.06483125000001,112.06483125000001,144.8209,90.1051
432,snn,nsson,jetson_emulator,2,local,0.5454352864227006,49.4271,35.5998,49.4271,51.9686,78.7406,112.06483125000001,112.06483125000001,145.0017,90.0658
433,snn,nsson,jetson_emulator,2,local,0.5473900152963137,48.912,36.4066,48.912,50.4957,78.9431,112.06483125000001,112.06483125000001,145.0956,90.1031
434,snn,nsson,jetson_emulator,2,local,0.5435683224728104,49.0232,35.1809,49.0232,49.7362,78.8993,112.06483125000001,112.06483125000001,145.1896,90.01
435,snn,nsson,jetson_emulator,2,offload,0.5355225656955939,49.1872,35.7425,35.7425,38.3425,84.5717,112.06483125000001,112.06483125000001,145.1966,90.0546
436,snn,nsson,jetson_emulator,2,offload,0.5356425672808001,49.6915,36.583,36.583,38.5729,84.5717,112.06483125000001,112.06483125000001,145.2905,90.0993
437,snn,nsson,jetson_emulator,2,offload,0.5330348578007991,49.1156,36.3858,36.3858,38.5437,84.5717,112.06483125000001,112.06483125000001,145.3844,90.1726
438,snn,nsson,jetson_emulator,2,offload,0.5330455227441004,49.3585,35.9457,35.9457,37.984,84.5717,112.06483125000001,112.06483125000001,145.4783,90.1328
439,snn,nsson,jetson_emulator,2,local,0.5292794590056803,50.1008,35.4815,50.1008,51.4991,78.4773,112.06483125000001,112.06483125000001,145.6594,90.0191
440,snn,nsson,jetson_emulator,2,offload,0.5409424613656362,48.8929,35.6262,35.6262,36.9341,84.5717,112.06483125000001,112.06483125000001,145.6661,90.1588
441,snn,nsson,jetson_emulator,2,offload,0.5467393677784653,49.4851,35.193,35.193,36.6168,84.5717,112.06483125000001,112.06483125000001,145.76,90.1094
442,snn,nsson,jetson_emulator,2,local,0.5547333251259497,48.8468,35.1834,48.8468,50.7564,78.9688,112.06483125000001,112.06483125000001,145.9413,90.1056
443,snn,nsson,jetson_emulator,2,local,0.5663186157451892,49.641,34.9197,49.641,51.1259,78.6568,112.06483125000001,112.06483125000001,146.0353,90.1487
444,snn,nsson,jetson_emulator,2,local,0.5635353448689848,49.2443,35.5449,49.2443,50.9847,78.8123,112.06483125000001,112.06483125000001,146.1293,90.1062
445,snn,nsson,jetson_emulator,2,offload,0.570804848459422,48.889,36.7628,36.7628,38.5053,84.5717,112.06483125000001,112.06483125000001,146.1357,90.1013
446,snn,nsson,jetson_emulator,2,offload,0.5809178241280473,50.0428,35.7274,35.7274,36.9361,84.5717,112.06483125000001,112.06483125000001,146.2296,90.0968
447,snn,nsson,jetson_emulator,2,local,0.5716134463788627,48.9346,35.0147,48.9346,50.8476,78.9342,112.06483125000001,112.06483125000001,146.4112,90.0554
448,snn,nsson,jetson_emulator,2,local,0.5746193547395325,49.5215,35.4936,49.5215,52.0691,78.7036,112.06483125000001,112.06483125000001,146.5052,90.1487
449,snn,nsson,jetson_emulator,2,offload,0.5773595869780072,49.1411,34.9971,34.9971,36.5406,84.5717,112.06483125000001,112.06483125000001,146.5113,90.1303
450,snn,nsson,jetson_emulator,2,local,0.5883247981045846,49.2706,35.8525,49.2706,51.0106,78.802,112.06483125000001,112.06483125000001,146.6931,90.1663
451,snn,nsson,jetson_emulator,2,offload,0.581040238240078,48.8293,36.6405,36.6405,38.458,84.5717,112.06483125000001,112.06483125000001,146.6991,90.1896
452,snn,nsson,jetson_emulator,2,local,0.5857554187266052,49.4823,36.0686,49.4823,52.0986,78.7189,112.06483125000001,112.06483125000001,146.881,90.1814
453,snn,nsson,jetson_emulator,2,local,0.5853295127559373,49.098,35.6231,49.098,50.2207,78.8698,112.06483125000001,112.06483125000001,146.975,90.1616
454,snn,nsson,jetson_emulator,2,local,0.5906003271095114,49.1424,36.4742,49.1424,50.6883,78.8524,112.06483125000001,112.06483125000001,147.069,90.1781
455,snn,nsson,jetson_emulator,2,local,0.5883262874777834,49.2578,35.3662,49.2578,50.9794,78.807,112.06483125000001,112.06483125000001,147.1629,90.059
456,snn,nsson,jetson_emulator,2,offload,0.5848513845804792,48.7915,35.3048,35.3048,36.6531,84.5717,112.06483125000001,112.06483125000001,147.1687,90.1142
457,snn,nsson,jetson_emulator,2,local,0.5851251931646946,49.6938,35.1947,49.6938,50.9602,78.6361,112.06483125000001,112.06483125000001,147.3509,90.0354
458,snn,nsson,jetson_emulator,2,local,0.5777195509031636,50.53,35.1986,50.53,52.5318,78.3105,112.06483125000001,112.06483125000001,147.4448,90.0859
459,snn,nsson,jetson_emulator,2,local,0.5874856042124926,48.789,35.0866,48.789,50.4612,78.9916,112.06483125000001,112.06483125000001,147.5388,90.1541
460,snn,nsson,jetson_emulator,2,local,0.5834872878468519,48.9305,36.095,48.9305,51.1474,78.9358,112.06483125000001,112.06483125000001,147.6328,90.1566
461,snn,nsson,jetson_emulator,2,local,0.5813018268814112,49.2059,34.8967,49.2059,50.7501,78.8274,112.06483125000001,112.06483125000001,147.7267,90.1234
462,snn,nsson,jetson_emulator,2,local,0.5841787258137103,48.9008,35.3605,48.9008,50.0809,78.9475,112.06483125000001,112.06483125000001,147.8207,90.1523
463,snn,nsson,jetson_emulator,2,local,0.5855438925072127,49.555,35.8076,49.555,51.6239,78.6904,112.06483125000001,112.06483125000001,147.9147,90.2004
464,snn,nsson,jetson_emulator,2,offload,0.5859101048827883,49.1118,36.053,36.053,37.301,84.5717,112.06483125000001,112.06483125000001,147.92,90.1211
465,snn,nsson,jetson_emulator,2,offload,0.5949455025771876,49.0275,35.5857,35.5857,36.9906,84.5717,112.06483125000001,112.06483125000001,148.0139,90.046
466,snn,nsson,jetson_emulator,2,offload,0.5910021163196236,48.9713,35.998,35.998,37.6409,84.5717,112.06483125000001,112.06483125000001,148.1078,90.041
467,snn,nsson,jetson_emulator,2,offload,0.5884413363811243,49.1764,35.1745,35.1745,36.7772,84.5717,112.06483125000001,112.06483125000001,148.2017,90.0944
468,snn,nsson,jetson_emulator,2,offload,0.5877475963891425,49.175,35.7061,35.7061,36.923,84.5717,112.06483125000001,112.06483125000001,148.2956,90.1123
469,snn,nsson,jetson_emulator,2,offload,0.5856899300102568,48.9217,35.4736,35.4736,36.6202,84.5717,112.06483125000001,112.06483125000001,148.3895,90.1877
470,snn,nsson,jetson_emulator,2,offload,0.5738266293022134,49.6289,36.6222,36.6222,38.1262,84.5717,112.06483125000001,112.06483125000001,148.4834,90.0561
471,snn,nsson,jetson_emulator,2,offload,0.5735686110009897,49.1112,35.1205,35.1205,36.6736,84.5717,112.06483125000001,112.06483125000001,148.5774,90.1019
472,snn,nsson,jetson_emulator,2,local,0.5792644573334327,49.4562,35.0297,49.4562,51.1627,78.7292,112.06483125000001,112.06483125000001,148.7604,90.1341
473,snn,nsson,jetson_emulator,2,offload,0.5760722414262576,49.0777,35.4084,35.4084,37.5106,84.5717,112.06483125000001,112.06483125000001,148.7652,90.1148
474,snn,nsson,jetson_emulator,2,offload,0.58171081623411,49.5156,35.9639,35.9639,37.6427,84.5717,112.06483125000001,112.06483125000001,148.8591,90.0331
475,snn,nsson,jetson_emulator,2,local,0.5779974537241872,49.7987,35.3827,49.7987,51.4386,78.5951,112.06483125000001,112.06483125000001,149.0423,90.017
476,snn,nsson,jetson_emulator,2,offload,0.5861101944211544,49.4197,35.2293,35.2293,37.2242,84.5717,112.06483125000001,112.06483125000001,149.0469,90.1197
477,snn,nsson,jetson_emulator,2,local,0.5958916457825393,49.6075,35.3088,49.6075,51.7443,78.6699,112.06483125000001,112.06483125000001,149.2302,90.1179
478,snn,nsson,jetson_emulator,2,offload,0.5958683138687285,49.3501,35.402,35.402,36.2488,84.5717,112.06483125000001,112.06483125000001,149.2347,90.1769
479,snn,nsson,jetson_emulator,2,local,0.5985254081023288,49.2603,35.0776,49.2603,51.5293,78.806,112.06483125000001,112.06483125000001,149.4181,90.1817
480,snn,nsson,jetson_emulator,2,local,0.6035726338619604,49.5158,36.1942,49.5158,50.7969,78.7058,112.06483125000001,112.06483125000001,149.5121,90.1358
481,snn,nsson,jetson_emulator,2,offload,0.6154491036774882,49.0809,36.0663,36.0663,37.7423,84.5717,112.06483125000001,112.06483125000001,149.5165,90.1786
482,snn,nsson,jetson_emulator,2,offload,0.6009502757342078,50.0706,35.6023,35.6023,37.5235,84.5717,112.06483125000001,112.06483125000001,149.6104,90.109
483,snn,nsson,jetson_emulator,2,local,0.6023807058346262,49.4593,36.5324,49.4593,50.2324,78.728,112.06483125000001,112.06483125000001,149.794,90.095
484,snn,nsson,jetson_emulator,2,local,0.6094754433244877,49.2549,35.8288,49.2549,50.3996,78.8082,112.06483125000001,112.06483125000001,149.888,90.1279
485,snn,nsson,jetson_emulator,2,offload,0.6090790226637253,49.6771,35.5235,35.5235,37.3397,84.5717,112.06483125000001,112.06483125000001,149.8921,90.1111
486,snn,nsson,jetson_emulator,2,offload,0.606462989020221,49.6285,35.9085,35.9085,38.2824,84.5717,112.06483125000001,112.06483125000001,149.986,90.0837
487,snn,nsson,jetson_emulator,2,local,0.6116229934798284,49.6602,35.628,49.6602,51.1656,78.6493,112.06483125000001,112.06483125000001,150.1699,90.0656
488,snn,nsson,jetson_emulator,2,offload,0.6064709116055568,49.5387,35.5327,35.5327,36.9188,84.5717,112.06483125000001,112.06483125000001,150.1738,90.0931
489,snn,nsson,jetson_emulator,2,local,0.6083717055107646,50.1873,35.3177,50.1873,51.8727,78.4436,112.06483125000001,112.06483125000001,150.3578,90.0832
490,snn,nsson,jetson_emulator,2,local,0.6120629605318522,49.6111,36.0466,49.6111,50.9836,78.6685,112.06483125000001,112.06483125000001,150.4518,90.0564
491,snn,nsson,jetson_emulator,2,offload,0.602348403465836,50.0742,36.2601,36.2601,38.526,84.5717,112.06483125000001,112.06483125000001,150.4556,90.1812
492,snn,nsson,jetson_emulator,2,local,0.600039310875586,49.5899,35.9712,49.5899,50.9733,78.6768,112.06483125000001,112.06483125000001,150.6397,90.1283
493,snn,nsson,jetson_emulator,2,local,0.5933269799191287,50.3013,36.0086,50.3013,51.8368,78.3993,112.06483125000001,112.06483125000001,150.7337,90.0957
494,snn,nsson,jetson_emulator,2,local,0.5953310670130733,49.9783,36.1094,49.9783,51.9273,78.5251,112.06483125000001,112.06483125000001,150.8276,90.1201
495,snn,nsson,jetson_emulator,2,local,0.6000959159018492,49.9614,36.4051,49.9614,51.2548,78.5316,112.06483125000001,112.06483125000001,150.9216,90.1246
496,snn,nsson,jetson_emulator,2,local,0.5875890014093971,49.5571,36.1762,49.5571,51.8055,78.6896,112.06483125000001,112.06483125000001,151.0156,90.129
497,snn,nsson,jetson_emulator,2,local,0.5844908402808,49.5866,36.0858,49.5866,51.4071,78.6781,112.06483125000001,112.06483125000001,151.1095,90.1364
498,snn,nsson,jetson_emulator,2,local,0.5884490920644121,50.507,36.1228,50.507,51.9737,78.3194,112.06483125000001,112.06483125000001,151.2035,90.0946
499,snn,nsson,jetson_emulator,2,local,0.5897281040612896,49.6649,35.4335,49.6649,51.2181,78.6474,112.06483125000001,112.06483125000001,151.2975,90.2119
500,snn,nsson,jetson_emulator,2,local,0.5947761221246156,50.3601,35.5392,50.3601,51.0107,78.3764,112.06483125000001,112.06483125000001,151.3914,90.1571
501,snn,nsson,jetson_emulator,2,offload,0.6020050121786417,50.7924,36.0296,36.0296,38.0463,84.5717,112.06483125000001,112.06483125000001,151.3947,90.1098
502,snn,nsson,jetson_emulator,2,local,0.605650648022779,50.3112,36.5062,50.3112,51.8971,78.3954,112.06483125000001,112.06483125000001,151.5794,90.195
503,snn,nsson,jetson_emulator,2,offload,0.6134204824362599,50.0499,36.0145,36.0145,37.0472,84.5717,112.06483125000001,112.06483125000001,151.5825,90.1446
504,snn,nsson,jetson_emulator,2,offload,0.6096992083864807,50.7292,35.6587,35.6587,37.4907,84.5717,112.06483125000001,112.06483125000001,151.6764,90.1891
505,snn,nsson,jetson_emulator,2,local,0.6172100494810535,50.486,35.6242,50.486,52.2153,78.3276,112.06483125000001,112.06483125000001,151.8613,90.1677
506,snn,nsson,jetson_emulator,2,offload,0.6231694894089771,49.84,35.9108,35.9108,37.7933,84.5717,112.06483125000001,112.06483125000001,151.8642,90.1134
507,snn,nsson,jetson_emulator,2,offload,0.6395083172305654,50.2076,36.475,36.475,37.2276,84.5717,112.06483125000001,112.06483125000001,151.9581,90.1662
508,snn,nsson,jetson_emulator,2,local,0.6345108545158265,50.2716,35.8015,50.2716,51.5723,78.4108,112.06483125000001,112.06483125000001,152.1432,90.0875
509,snn,nsson,jetson_emulator,2,local,0.6445681745505142,50.7706,35.9847,50.7706,52.2686,78.2173,112.06483125000001,112.06483125000001,152.2371,90.1122
510,snn,nsson,jetson_emulator,2,offload,0.6433692778987465,50.5928,36.5783,36.5783,39.0,84.5717,112.06483125000001,112.06483125000001,152.2399,90.1181
511,snn,nsson,jetson_emulator,2,local,0.6478993317057151,50.2844,37.1597,50.2844,52.141,78.4059,112.06483125000001,112.06483125000001,152.4251,90.0018
512,snn,nsson,jetson_emulator,2,local,0.655090625585552,51.0611,36.1814,51.0611,52.5241,78.105,112.06483125000001,112.06483125000001,152.519,90.1402
513,snn,nsson,jetson_emulator,2,offload,0.6499014059563086,50.4849,37.3369,37.3369,39.166,84.5717,112.06483125000001,112.06483125000001,152.5216,90.099
514,snn,nsson,jetson_emulator,2,offload,0.6434023808150171,50.947,36.5715,36.5715,38.6422,84.5717,112.06483125000001,112.06483125000001,152.6155,90.1361
515,snn,nsson,jetson_emulator,2,local,0.6526638921084863,50.3386,36.4532,50.3386,51.752,78.3848,112.06483125000001,112.06483125000001,152.8009,90.1061
516,snn,nsson,jetson_emulator,2,offload,0.6532881565485669,50.884,36.2042,36.2042,37.1453,84.5717,112.06483125000001,112.06483125000001,152.8033,90.1353
517,snn,nsson,jetson_emulator,2,local,0.6500629457144192,50.4908,36.4511,50.4908,51.8248,78.3257,112.06483125000001,112.06483125000001,152.9889,90.2129
518,snn,nsson,jetson_emulator,2,local,0.653139923213665,51.1378,36.4161,51.1378,52.0439,78.0755,112.06483125000001,112.06483125000001,153.0828,90.1145
519,snn,nsson,jetson_emulator,2,local,0.6536773906903749,50.851,37.1407,50.851,53.181,78.1862,112.06483125000001,112.06483125000001,153.1768,90.0989
520,snn,nsson,jetson_emulator,2,local,0.6476125554907223,50.6555,36.3929,50.6555,52.3733,78.2618,112.06483125000001,112.06483125000001,153.2708,90.111
521,snn,nsson,jetson_emulator,2,offload,0.6531732206943588,51.0021,36.5741,36.5741,38.1967,84.5717,112.06483125000001,112.06483125000001,153.2729,90.1147
522,snn,nsson,jetson_emulator,2,local,0.6590746110468133,51.305,37.0672,51.305,52.4052,78.0111,112.06483125000001,112.06483125000001,153.4587,90.1112
523,snn,nsson,jetson_emulator,2,offload,0.6596956920864266,51.7244,36.4775,36.4775,38.7651,84.5717,112.06483125000001,112.06483125000001,153.4607,90.0535
524,snn,nsson,jetson_emulator,2,local,0.655952491225156,50.9281,36.7672,50.9281,52.1971,78.1564,112.06483125000001,112.06483125000001,153.6467,90.0898
525,snn,nsson,jetson_emulator,2,offload,0.6591228307933389,51.5231,36.4763,36.4763,38.2237,84.5717,112.06483125000001,112.06483125000001,153.6485,90.0638
526,snn,nsson,jetson_emulator,2,local,0.6647790633188153,51.5894,37.1722,51.5894,53.2973,77.9018,112.06483125000001,112.06483125000001,153.8346,90.1079
527,snn,nsson,jetson_emulator,2,offload,0.6570533544925988,51.4663,36.7292,36.7292,38.7724,84.5717,112.06483125000001,112.06483125000001,153.8364,90.1624
528,snn,nsson,jetson_emulator,2,offload,0.6471568891291061,51.087,37.3737,37.3737,39.1899,84.5717,112.06483125000001,112.06483125000001,153.9303,90.1227
529,snn,nsson,jetson_emulator,2,offload,0.6574906774270888,51.3519,37.0145,37.0145,39.2223,84.5717,112.06483125000001,112.06483125000001,154.0242,90.0919
530,snn,nsson,jetson_emulator,2,offload,0.6578204695065238,51.2974,36.7009,36.7009,38.8433,84.5717,112.06483125000001,112.06483125000001,154.1181,90.1791
531,snn,nsson,jetson_emulator,2,offload,0.661475430349939,51.9635,37.4516,37.4516,38.7096,84.5717,112.06483125000001,112.06483125000001,154.212,90.1452
532,snn,nsson,jetson_emulator,2,local,0.6682602713795942,51.727,36.8804,51.727,53.4299,77.849,112.06483125000001,112.06483125000001,154.3984,90.0716
533,snn,nsson,jetson_emulator,2,offload,0.6558636099950865,51.9366,38.3084,38.3084,39.9149,84.5717,112.06483125000001,112.06483125000001,154.3998,90.1263
534,snn,nsson,jetson_emulator,2,offload,0.6599801598520257,52.51,37.1737,37.1737,38.2892,84.5717,112.06483125000001,112.06483125000001,154.4937,90.0914
535,snn,nsson,jetson_emulator,2,local,0.6450083965428957,52.5586,36.9329,52.5586,54.7393,77.5315,112.06483125000001,112.06483125000001,154.6803,90.0581
536,snn,nsson,jetson_emulator,2,offload,0.6419041671948509,51.8159,37.5877,37.5877,40.499,84.5717,112.06483125000001,112.06483125000001,154.6816,90.0733
537,snn,nsson,jetson_emulator,2,offload,0.6363804166431473,52.7948,38.1031,38.1031,39.1535,84.5717,112.06483125000001,112.06483125000001,154.7755,90.097
538,snn,nsson,jetson_emulator,2,local,0.6283224788375249,51.9758,37.2564,51.9758,54.7621,77.7537,112.06483125000001,112.06483125000001,154.9622,90.1462
539,snn,nsson,jetson_emulator,2,local,0.6304292000931524,51.9406,37.4699,51.9406,53.8091,77.7672,112.06483125000001,112.06483125000001,155.0562,90.0476
540,snn,nsson,jetson_emulator,2,local,0.6288783857580692,52.0964,37.1627,52.0964,53.3897,77.7076,112.06483125000001,112.06483125000001,155.1501,90.1192
541,snn,nsson,jetson_emulator,2,local,0.632626583351175,52.2529,37.8492,52.2529,54.7031,77.6479,112.06483125000001,112.06483125000001,155.2441,90.096
542,snn,nsson,jetson_emulator,2,local,0.6226026912245777,52.0861,38.5332,52.0861,53.4371,77.7116,112.06483125000001,112.06483125000001,155.3381,90.1578
543,snn,nsson,jetson_emulator,2,offload,0.6274692303072443,52.2887,37.3563,37.3563,39.2658,84.5717,112.06483125000001,112.06483125000001,155.3389,90.0656
544,snn,nsson,jetson_emulator,2,local,0.613648208394455,52.4333,37.4171,52.4333,55.0391,77.5792,112.06483125000001,112.06483125000001,155.526,90.0273
545,snn,nsson,jetson_emulator,2,local,0.6134153017756083,52.7139,38.668,52.7139,54.53,77.4726,112.06483125000001,112.06483125000001,155.62,90.0953
546,snn,nsson,jetson_emulator,2,local,0.6157299775850125,52.8688,37.6781,52.8688,55.0483,77.4138,112.06483125000001,112.06483125000001,155.7139,90.0239
547,snn,nsson,jetson_emulator,2,local,0.6099722156463351,52.6374,37.9116,52.6374,54.9095,77.5016,112.06483125000001,112.06483125000001,155.8079,90.1541
548,snn,nsson,jetson_emulator,2,offload,0.6170174638712468,53.3884,39.3973,39.3973,40.6113,84.5717,112.06483125000001,112.06483125000001,155.8085,90.1271
549,snn,nsson,jetson_emulator,2,offload,0.6156738629204999,52.9567,37.6064,37.6064,39.792,84.5717,112.06483125000001,112.06483125000001,155.9024,90.1339
550,snn,nsson,jetson_emulator,2,local,0.6082147500905212,52.7498,38.332,52.7498,54.364,77.4589,112.06483125000001,112.06483125000001,156.0898,90.1129
551,snn,nsson,jetson_emulator,2,local,0.5851734568716435,53.5448,38.2327,53.5448,55.8889,77.1584,112.06483125000001,112.06483125000001,156.1838,90.1215
552,snn,nsson,jetson_emulator,2,local,0.5819454971390867,52.8747,39.1166,52.8747,54.417,77.4116,112.06483125000001,112.06483125000001,156.2777,90.0707
553,snn,nsson,jetson_emulator,2,offload,0.5762902458288315,54.084,38.991,38.991,40.6646,84.5717,112.06483125000001,112.06483125000001,156.278,90.1337
554,snn,nsson,jetson_emulator,2,offload,0.578259419234622,53.9118,38.198,38.198,40.3601,84.5717,112.06483125000001,112.06483125000001,156.372,90.1968
555,snn,nsson,jetson_emulator,2,offload,0.5786903776461391,53.2002,38.5322,38.5322,40.0314,84.5717,112.06483125000001,112.06483125000001,156.4659,90.1075
556,snn,nsson,jetson_emulator,2,local,0.5664995463281539,53.7624,38.0021,53.7624,55.4655,77.0766,112.06483125000001,112.06483125000001,156.6536,90.1144
557,snn,nsson,jetson_emulator,2,offload,0.5636997308740573,53.4975,38.8447,38.8447,40.9026,84.5717,112.06483125000001,112.06483125000001,156.6537,90.0752
558,snn,nsson,jetson_emulator,2,local,0.5555263804196473,53.7847,38.826,53.7847,55.2742,77.0682,112.06483125000001,112.06483125000001,156.8415,90.115
559,snn,nsson,jetson_emulator,2,offload,0.5571777807529019,53.9418,39.1645,39.1645,40.5977,84.5717,112.06483125000001,112.06483125000001,156.8415,90.0841
560,snn,nsson,jetson_emulator,2,local,0.5493910265141814,53.63,38.6752,53.63,55.2104,77.1264,112.06483125000001,112.06483125000001,157.0295,90.1175
561,snn,nsson,jetson_emulator,2,local,0.554289441326172,53.9619,38.6824,53.9619,55.518,77.0017,112.06483125000001,112.06483125000001,157.1234,90.1089
562,snn,nsson,jetson_emulator,2,local,0.546459249155029,53.8985,39.0786,53.8985,55.5944,77.0255,112.06483125000001,112.06483125000001,157.2174,90.0186
563,snn,nsson,jetson_emulator,2,local,0.5473066828706401,54.2646,38.9288,54.2646,56.1362,76.8884,112.06483125000001,112.06483125000001,157.3114,90.1827
564,snn,nsson,jetson_emulator,2,local,0.5611747158177497,54.4173,38.9208,54.4173,56.5035,76.8313,112.06483125000001,112.06483125000001,157.4053,90.1811
565,snn,nsson,jetson_emulator,2,offload,0.5647752827809859,54.7521,39.363,39.363,41.813,84.5717,112.06483125000001,112.06483125000001,157.405,90.1638
566,snn,nsson,jetson_emulator,2,local,0.5724654245036136,55.0288,38.9425,55.0288,56.6151,76.6037,112.06483125000001,112.06483125000001,157.5933,90.0291
567,snn,nsson,jetson_emulator,2,offload,0.579370670259234,54.1884,39.1817,39.1817,40.6114,84.5717,112.06483125000001,112.06483125000001,157.5928,90.1483
568,snn,nsson,jetson_emulator,2,local,0.585205493220972,54.4733,39.0463,54.4733,56.0569,76.8104,112.06483125000001,112.06483125000001,157.7812,90.1421
569,snn,nsson,jetson_emulator,2,local,0.5911209878939949,54.3861,40.0659,54.3861,56.5197,76.843,112.06483125000001,112.06483125000001,157.8752,90.1393
570,snn,nsson,jetson_emulator,2,local,0.5921128534186384,54.417,40.047,54.417,56.595,76.8314,112.06483125000001,112.06483125000001,157.9691,90.0859
571,snn,nsson,jetson_emulator,2,offload,0.5806573322595401,54.2884,39.4425,39.4425,41.4477,84.5717,112.06483125000001,112.06483125000001,157.9684,90.1037
572,snn,nsson,jetson_emulator,2,local,0.5767633623462941,54.4621,38.9667,54.4621,56.2346,76.8146,112.06483125000001,112.06483125000001,158.1571,90.1535
573,snn,nsson,jetson_emulator,2,offload,0.5801281105849,54.8612,39.6966,39.6966,41.6409,84.5717,112.06483125000001,112.06483125000001,158.1563,90.1269
574,snn,nsson,jetson_emulator,2,offload,0.5800585184367351,54.5636,39.4798,39.4798,41.9477,84.5717,112.06483125000001,112.06483125000001,158.2502,90.0829
575,snn,nsson,jetson_emulator,2,local,0.5786711472096163,55.467,39.0279,55.467,56.4981,76.4415,112.06483125000001,112.06483125000001,158.439,90.1816
576,snn,nsson,jetson_emulator,2,local,0.5815172091722746,54.7425,39.1284,54.7425,56.8906,76.7101,112.06483125000001,112.06483125000001,158.5329,90.1683
577,snn,nsson,jetson_emulator,2,local,0.5736999683880772,54.8758,39.1556,54.8758,56.5542,76.6605,112.06483125000001,112.06483125000001,158.6269,90.1
578,snn,nsson,jetson_emulator,2,offload,0.5771335763832851,55.4941,39.2513,39.2513,40.7311,84.5717,112.06483125000001,112.06483125000001,158.6258,90.0344
579,snn,nsson,jetson_emulator,2,local,0.5847305320914382,55.546,39.902,55.546,57.0252,76.4123,112.06483125000001,112.06483125000001,158.8148,90.1345
580,snn,nsson,jetson_emulator,2,offload,0.5785159038670817,55.309,39.8874,39.8874,42.7613,84.5717,112.06483125000001,112.06483125000001,158.8136,90.0755
581,snn,nsson,jetson_emulator,2,local,0.577976200184525,55.5003,39.492,55.5003,57.6548,76.4291,112.06483125000001,112.06483125000001,159.0028,90.0555
582,snn,nsson,jetson_emulator,2,offload,0.5840664190741917,55.3678,41.2623,41.2623,43.4437,84.5401,112.06483125000001,112.06483125000001,159.0015,90.157
583,snn,nsson,jetson_emulator,2,offload,0.5879474594917642,55.8372,40.4387,40.4387,43.0327,84.5717,112.06483125000001,112.06483125000001,159.0954,90.0658
584,snn,nsson,jetson_emulator,2,local,0.5872681521958771,56.0609,40.2507,56.0609,57.665,76.2226,112.06483125000001,112.06483125000001,159.2847,90.1035
585,snn,nsson,jetson_emulator,2,offload,0.5724304920579375,55.5635,39.731,39.731,41.304,84.5717,112.06483125000001,112.06483125000001,159.2832,90.0527
586,snn,nsson,jetson_emulator,2,local,0.5672129086827181,56.1061,40.0818,56.1061,57.6765,76.206,112.06483125000001,112.06483125000001,159.4726,90.2261
587,snn,nsson,jetson_emulator,2,offload,0.5672964101911254,56.1292,40.7191,40.7191,41.6894,84.5717,112.06483125000001,112.06483125000001,159.471,90.0822
588,snn,nsson,jetson_emulator,2,offload,0.5725308950730488,55.6959,39.9607,39.9607,41.9922,84.5717,112.06483125000001,112.06483125000001,159.5649,90.0839
589,snn,nsson,jetson_emulator,2,offload,0.5684958750869931,55.6904,40.2852,40.2852,41.8659,84.5717,112.06483125000001,112.06483125000001,159.6588,90.1107
590,snn,nsson,jetson_emulator,2,local,0.5680119254947232,55.9793,40.4564,55.9793,57.5678,76.2526,112.06483125000001,112.06483125000001,159.8485,90.071
591,snn,nsson,jetson_emulator,2,offload,0.5669361363062716,56.6945,40.0956,40.0956,42.7337,84.5717,112.06483125000001,112.06483125000001,159.8467,90.2022
592,snn,nsson,jetson_emulator,2,offload,0.5654844309651321,55.8166,40.7001,40.7001,42.2767,84.5717,112.06483125000001,112.06483125000001,159.9406,90.0826
593,snn,nsson,jetson_emulator,2,offload,0.5644137386637712,55.9411,40.6143,40.6143,43.0934,84.5717,112.06483125000001,112.06483125000001,160.0345,90.1669
594,snn,nsson,jetson_emulator,2,local,0.5643686714478979,56.0568,41.1459,56.0568,56.9542,76.2241,112.06483125000001,112.06483125000001,160.2243,90.158
595,snn,nsson,jetson_emulator,2,offload,0.5777471422082754,56.5107,40.675,40.675,41.9316,84.5717,112.06483125000001,112.06483125000001,160.2223,90.0284
596,snn,nsson,jetson_emulator,2,offload,0.5859013507002123,56.3992,40.5756,40.5756,42.8624,84.5717,112.06483125000001,112.06483125000001,160.3162,90.1103
597,snn,nsson,jetson_emulator,2,offload,0.5894304651389347,57.6386,41.2138,41.2138,43.5415,84.5614,112.06483125000001,112.06483125000001,160.4101,90.1158
598,snn,nsson,jetson_emulator,2,offload,0.5887130938471961,56.6693,40.7241,40.7241,42.087,84.5717,112.06483125000001,112.06483125000001,160.504,90.1133
599,snn,nsson,jetson_emulator,2,offload,0.5951902400731331,56.4899,40.6259,40.6259,42.9565,84.5717,112.06483125000001,112.06483125000001,160.5979,90.078
600,snn,nsson,jetson_emulator,2,local,0.5964779278665188,56.3226,41.7402,56.3226,58.0627,76.1266,112.06483125000001,112.06483125000001,160.7881,90.2731
601,snn,nsson,jetson_emulator,2,local,0.6000005683792492,57.3069,41.3696,57.3069,58.827,75.7675,112.06483125000001,112.06483125000001,160.8821,90.1358
602,snn,nsson,jetson_emulator,2,offload,0.5928324695933667,56.9731,41.2553,41.2553,42.8417,84.5432,112.06483125000001,112.06483125000001,160.8797,90.0167
603,snn,nsson,jetson_emulator,2,local,0.5862143591935485,56.9087,40.9761,56.9087,57.5733,75.9124,112.06483125000001,112.06483125000001,161.0701,90.1188
604,snn,nsson,jetson_emulator,2,local,0.5930740538780925,57.0287,40.8895,57.0287,59.2717,75.8686,112.06483125000001,112.06483125000001,161.164,90.0344
605,snn,nsson,jetson_emulator,2,offload,0.5847583204479184,56.7673,40.4671,40.4671,41.3478,84.5717,112.06483125000001,112.06483125000001,161.1614,90.056
606,snn,nsson,jetson_emulator,2,local,0.5895821950981515,57.3516,41.0575,57.3516,59.1173,75.7513,112.06483125000001,112.06483125000001,161.352,90.0724
607,snn,nsson,jetson_emulator,2,offload,0.584508362351022,56.7107,41.7426,41.7426,43.1153,84.3298,112.06483125000001,112.06483125000001,161.3492,90.0589
608,snn,nsson,jetson_emulator,2,offload,0.5918070812459811,57.4418,40.7444,40.7444,41.7459,84.5717,112.06483125000001,112.06483125000001,161.4431,90.072
609,snn,nsson,jetson_emulator,2,offload,0.5974244643313747,56.9325,42.2261,42.2261,43.8049,84.1192,112.06483125000001,112.06483125000001,161.537,90.1124
610,snn,nsson,jetson_emulator,2,local,0.5981576515449037,56.9718,41.1433,56.9718,59.0516,75.8894,112.06483125000001,112.06483125000001,161.7278,90.1037
611,snn,nsson,jetson_emulator,2,offload,0.5940963239873769,57.3876,41.897,41.897,43.1395,84.2625,112.06483125000001,112.06483125000001,161.7249,90.1518
612,snn,nsson,jetson_emulator,2,local,0.589887568619671,57.0155,41.7148,57.0155,58.8764,75.8735,112.06483125000001,112.06483125000001,161.9158,90.2138
613,snn,nsson,jetson_emulator,2,local,0.5875867226616065,57.2168,42.0041,57.2168,59.0082,75.8002,112.06483125000001,112.06483125000001,162.0097,90.0644
614,snn,nsson,jetson_emulator,2,local,0.5842820896180448,57.8168,40.8961,57.8168,59.4243,75.5829,112.06483125000001,112.06483125000001,162.1037,90.0651
615,snn,nsson,jetson_emulator,2,local,0.5847274236268309,57.1004,41.551,57.1004,59.3691,75.8426,112.06483125000001,112.06483125000001,162.1977,90.117
616,snn,nsson,jetson_emulator,2,offload,0.5793062884150276,57.0869,41.2374,41.2374,43.8008,84.551,112.06483125000001,112.06483125000001,162.1944,90.1147
617,snn,nsson,jetson_emulator,2,local,0.5818316116791017,57.8549,40.8754,57.8549,59.4737,75.5691,112.06483125000001,112.06483125000001,162.3856,90.1623
618,snn,nsson,jetson_emulator,2,local,0.5765988504982772,58.0029,42.4133,58.0029,59.1396,75.5157,112.06483125000001,112.06483125000001,162.4796,90.1169
619,snn,nsson,jetson_emulator,2,offload,0.5730717480773934,57.9312,40.9235,40.9235,43.0579,84.5717,112.06483125000001,112.06483125000001,162.4762,90.0827
620,snn,nsson,jetson_emulator,2,local,0.5769670195089727,57.9703,41.4593,57.9703,60.084,75.5274,112.06483125000001,112.06483125000001,162.6675,90.215
621,snn,nsson,jetson_emulator,2,local,0.5837108165502249,57.5324,41.0461,57.5324,59.5301,75.6857,112.06483125000001,112.06483125000001,162.7615,90.021
622,snn,nsson,jetson_emulator,2,local,0.5847714107693117,57.4724,42.4651,57.4724,59.3347,75.7075,112.06483125000001,112.06483125000001,162.8554,90.055
623,snn,nsson,jetson_emulator,2,offload,0.588833959873838,58.5032,41.8045,41.8045,44.1177,84.3028,112.06483125000001,112.06483125000001,162.8518,90.1293
624,snn,nsson,jetson_emulator,2,local,0.5816296920722182,58.0405,41.136,58.0405,59.5932,75.5021,112.06483125000001,112.06483125000001,163.0434,90.1149
625,snn,nsson,jetson_emulator,2,local,0.5871781792937458,58.8784,41.5632,58.8784,60.7997,75.2012,112.06483125000001,112.06483125000001,163.1373,90.1153
626,snn,nsson,jetson_emulator,2,offload,0.5857006320506977,57.7677,41.5781,41.5781,43.3031,84.4017,112.06483125000001,112.06483125000001,163.1335,90.0998
627,snn,nsson,jetson_emulator,2,local,0.5950669935079064,57.8858,41.4357,57.8858,59.5748,75.5579,112.06483125000001,112.06483125000001,163.3253,90.1654
628,snn,nsson,jetson_emulator,2,local,0.5977100116287047,58.3363,42.1112,58.3363,59.8788,75.3956,112.06483125000001,112.06483125000001,163.4192,90.0645
629,snn,nsson,jetson_emulator,2,local,0.6007496758308949,57.7203,41.1184,57.7203,59.5966,75.6177,112.06483125000001,112.06483125000001,163.5132,90.1007
630,snn,nsson,jetson_emulator,2,offload,0.6029979014724235,57.505,41.7674,41.7674,42.7036,84.319,112.06483125000001,112.06483125000001,163.5092,90.2094
631,snn,nsson,jetson_emulator,2,local,0.5962669893012278,58.188,41.1398,58.188,59.9522,75.449,112.06483125000001,112.06483125000001,163.7011,90.1252
632,snn,nsson,jetson_emulator,2,offload,0.5931938607609736,57.7883,41.3833,41.3833,43.0395,84.487,112.06483125000001,112.06483125000001,163.697,90.068
633,snn,nsson,jetson_emulator,2,offload,0.5875164757042471,58.7018,42.1228,42.1228,43.4752,84.1641,112.06483125000001,112.06483125000001,163.7909,90.1574
634,snn,nsson,jetson_emulator,2,local,0.585990232150997,58.4728,41.4548,58.4728,59.3365,75.3466,112.06483125000001,112.06483125000001,163.983,90.0576
635,snn,nsson,jetson_emulator,2,local,0.5854975128119145,58.2895,42.1033,58.2895,60.0603,75.4125,112.06483125000001,112.06483125000001,164.077,90.12
636,snn,nsson,jetson_emulator,2,offload,0.5962137430235536,58.7544,41.5848,41.5848,42.5321,84.3988,112.06483125000001,112.06483125000001,164.0726,90.1389
637,snn,nsson,jetson_emulator,2,offload,0.6134308880463143,57.668,42.5855,42.5855,43.7978,83.9634,112.06483125000001,112.06483125000001,164.1666,90.0929
638,snn,nsson,jetson_emulator,2,local,0.607454044811598,58.078,41.5249,58.078,60.1296,75.4886,112.06483125000001,112.06483125000001,164.3589,90.1403
639,snn,nsson,jetson_emulator,2,offload,0.6100206255333468,57.6442,43.1,43.1,45.4784,83.7412,112.06483125000001,112.06483125000001,164.3544,90.1204
640,snn,nsson,jetson_emulator,2,local,0.6131343708336796,58.4566,41.3657,58.4566,59.9118,75.3524,112.06483125000001,112.06483125000001,164.5468,90.1226
641,snn,nsson,jetson_emulator,2,offload,0.6185875669247392,58.2022,41.6887,41.6887,43.7435,84.3534,112.06483125000001,112.06483125000001,164.5422,90.1313
642,snn,nsson,jetson_emulator,2,offload,0.6098553848480083,57.996,41.4182,41.4182,42.6922,84.4717,112.06483125000001,112.06483125000001,164.6361,90.0603
643,snn,nsson,jetson_emulator,2,offload,0.6108368546567184,57.889,41.2799,41.2799,42.3297,84.5323,112.06483125000001,112.06483125000001,164.73,90.1058
644,snn,nsson,jetson_emulator,2,offload,0.6060042770325843,58.6496,42.3001,42.3001,44.4437,84.0871,112.06483125000001,112.06483125000001,164.8239,90.0977
645,snn,nsson,jetson_emulator,2,offload,0.6071348072865631,58.2106,42.3203,42.3203,43.5788,84.0783,112.06483125000001,112.06483125000001,164.9178,90.0867
646,snn,nsson,jetson_emulator,2,offload,0.6083613805883813,58.0576,41.3514,41.3514,43.952,84.501,112.06483125000001,112.06483125000001,165.0117,90.109
647,snn,nsson,jetson_emulator,2,offload,0.6012807709581033,58.0383,41.29,41.29,43.4965,84.5279,112.06483125000001,112.06483125000001,165.1057,90.0723
648,snn,nsson,jetson_emulator,2,local,0.6093649870971886,57.7457,41.9627,57.7457,59.4824,75.6085,112.06483125000001,112.06483125000001,165.2986,90.2057
649,snn,nsson,jetson_emulator,2,local,0.6090607142564797,57.9833,41.3194,57.9833,59.7651,75.5227,112.06483125000001,112.06483125000001,165.3925,90.1312
650,snn,nsson,jetson_emulator,2,offload,0.615488862308756,58.4017,41.9439,41.9439,43.1699,84.242,112.06483125000001,112.06483125000001,165.3874,90.072
651,snn,nsson,jetson_emulator,2,local,0.6135089462059589,57.8201,41.5962,57.8201,59.006,75.5816,112.06483125000001,112.06483125000001,165.5805,90.0904
652,snn,nsson,jetson_emulator,2,local,0.6160104664188311,57.8981,41.6262,57.8981,60.025,75.5535,112.06483125000001,112.06483125000001,165.6744,90.1017
653,snn,nsson,jetson_emulator,2,local,0.6103478184381419,58.3877,42.2802,58.3877,60.1564,75.3771,112.06483125000001,112.06483125000001,165.7684,90.0554
654,snn,nsson,jetson_emulator,2,offload,0.6063595143480912,57.8277,41.7921,41.7921,43.104,84.3082,112.06483125000001,112.06483125000001,165.763,90.054
655,snn,nsson,jetson_emulator,2,offload,0.6070988180398368,57.7547,42.0182,42.0182,43.6817,84.2097,112.06483125000001,112.06483125000001,165.8569,90.1362
656,snn,nsson,jetson_emulator,2,local,0.6114359359334972,57.8974,41.2457,57.8974,59.2819,75.5537,112.06483125000001,112.06483125000001,166.0503,90.1917
657,snn,nsson,jetson_emulator,2,offload,0.6081292635816457,58.2588,41.3318,41.3318,43.6628,84.5096,112.06483125000001,112.06483125000001,166.0448,90.0615
658,snn,nsson,jetson_emulator,2,local,0.6041163813825416,57.7411,41.6631,57.7411,60.1911,75.6102,112.06483125000001,112.06483125000001,166.2382,90.1202
659,snn,nsson,jetson_emulator,2,local,0.6149739097600749,58.2247,41.7192,58.2247,59.6798,75.4358,112.06483125000001,112.06483125000001,166.3322,90.099
660,snn,nsson,jetson_emulator,2,offload,0.6157394917041241,57.6638,42.2792,42.2792,44.0201,84.0962,112.06483125000001,112.06483125000001,166.3265,90.155
661,snn,nsson,jetson_emulator,2,local,0.6049537672885837,58.1568,41.1514,58.1568,60.2383,75.4602,112.06483125000001,112.06483125000001,166.5201,90.0317
662,snn,nsson,jetson_emulator,2,offload,0.6076209828046022,57.9415,41.7674,41.7674,43.3456,84.319,112.06483125000001,112.06483125000001,166.5143,90.0414
663,snn,nsson,jetson_emulator,2,offload,0.6064768072843926,57.8624,41.1301,41.1301,43.1346,84.5717,112.06483125000001,112.06483125000001,166.6082,90.1177
664,snn,nsson,jetson_emulator,2,local,0.6089642914637229,57.8885,41.1429,57.8885,59.3934,75.557,112.06483125000001,112.06483125000001,166.802,90.1209
665,snn,nsson,jetson_emulator,2,local,0.6106214665037341,57.6709,41.0599,57.6709,58.565,75.6356,112.06483125000001,112.06483125000001,166.896,90.1514
666,snn,nsson,jetson_emulator,2,local,0.5986541902538397,57.5327,41.5599,57.5327,58.922,75.6856,112.06483125000001,112.06483125000001,166.99,90.1433
667,snn,nsson,jetson_emulator,2,local,0.5928737577537888,58.2237,42.1297,58.2237,60.2036,75.4361,112.06483125000001,112.06483125000001,167.0839,90.1229
668,snn,nsson,jetson_emulator,2,offload,0.5917587465677452,57.5937,41.1995,41.1995,43.2755,84.5676,112.06483125000001,112.06483125000001,167.0778,90.0971
669,snn,nsson,jetson_emulator,2,offload,0.5966778288640316,57.3554,41.1405,41.1405,42.6443,84.5717,112.06483125000001,112.06483125000001,167.1717,90.1051
670,snn,nsson,jetson_emulator,2,offload,0.6083954286560638,57.6493,40.9924,40.9924,42.9772,84.5717,112.06483125000001,112.06483125000001,167.2656,90.0738
671,snn,nsson,jetson_emulator,2,offload,0.6085750539745841,58.2386,41.0648,41.0648,43.0268,84.5717,112.06483125000001,112.06483125000001,167.3595,90.0992
672,snn,nsson,jetson_emulator,2,local,0.6195428105240178,58.04,42.6035,58.04,59.7968,75.5023,112.06483125000001,112.06483125000001,167.5538,90.1001
673,snn,nsson,jetson_emulator,2,offload,0.6183865298054245,57.5567,41.954,41.954,44.4126,84.2376,112.06483125000001,112.06483125000001,167.5473,90.1363
674,snn,nsson,jetson_emulator,2,local,0.6295931480498028,57.6409,41.967,57.6409,59.668,75.6464,112.06483125000001,112.06483125000001,167.7417,90.1315
675,snn,nsson,jetson_emulator,2,local,0.6236213029717256,57.7908,41.6556,57.7908,58.7451,75.5922,112.06483125000001,112.06483125000001,167.8357,90.1065
676,snn,nsson,jetson_emulator,2,local,0.6141943418139827,57.3271,41.6384,57.3271,58.9655,75.7602,112.06483125000001,112.06483125000001,167.9296,90.133
677,snn,nsson,jetson_emulator,2,local,0.6098036803969973,57.5749,41.662,57.5749,59.2551,75.6704,112.06483125000001,112.06483125000001,168.0236,90.0829
678,snn,nsson,jetson_emulator,2,offload,0.6163320330487106,57.0707,41.5733,41.5733,43.9854,84.4038,112.06483125000001,112.06483125000001,168.0169,90.0707
679,snn,nsson,jetson_emulator,2,offload,0.606136587233612,57.4499,41.9743,41.9743,43.4001,84.2288,112.06483125000001,112.06483125000001,168.1108,90.0329
680,snn,nsson,jetson_emulator,2,local,0.6044509908493403,57.6228,41.2455,57.6228,59.5896,75.653,112.06483125000001,112.06483125000001,168.3055,90.1211
681,snn,nsson,jetson_emulator,2,offload,0.6049448799115884,57.0665,41.3343,41.3343,42.5498,84.5085,112.06483125000001,112.06483125000001,168.2986,90.1214
682,snn,nsson,jetson_emulator,2,offload,0.6024132703837836,57.2892,42.3026,42.3026,43.6874,84.086,112.06483125000001,112.06483125000001,168.3925,90.1337
683,snn,nsson,jetson_emulator,2,local,0.6008658298075856,56.8975,40.961,56.8975,58.9382,75.9164,112.06483125000001,112.06483125000001,168.5874,90.2113
684,snn,nsson,jetson_emulator,2,offload,0.6086483014438453,57.1777,41.5696,41.5696,44.3397,84.4054,112.06483125000001,112.06483125000001,168.5804,89.9898
685,snn,nsson,jetson_emulator,2,offload,0.6109860289284568,56.9067,42.0595,42.0595,43.6679,84.1917,112.06483125000001,112.06483125000001,168.6743,90.0997
686,snn,nsson,jetson_emulator,2,local,0.6073078679761659,57.1833,40.8249,57.1833,58.999,75.8124,112.06483125000001,112.06483125000001,168.8693,90.106
687,snn,nsson,jetson_emulator,2,local,0.6080135106531205,56.8142,42.6063,56.8142,57.6046,75.9468,112.06483125000001,112.06483125000001,168.9633,90.0879
688,snn,nsson,jetson_emulator,2,local,0.6134167299010698,57.3085,40.6786,57.3085,58.7702,75.7669,112.06483125000001,112.06483125000001,169.0573,90.0436
689,snn,nsson,jetson_emulator,2,local,0.6084962544674856,56.918,41.1944,56.918,58.5338,75.909,112.06483125000001,112.06483125000001,169.1512,90.0663
690,snn,nsson,jetson_emulator,2,offload,0.6041260947113068,56.5764,41.0242,41.0242,43.1065,84.5717,112.06483125000001,112.06483125000001,169.1438,90.1219
691,snn,nsson,jetson_emulator,2,local,0.603861979731674,57.2308,41.1825,57.2308,59.0071,75.7952,112.06483125000001,112.06483125000001,169.3392,90.1383
692,snn,nsson,jetson_emulator,2,local,0.5987912955928417,57.1708,41.3467,57.1708,59.2939,75.817,112.06483125000001,112.06483125000001,169.4331,90.1191
693,snn,nsson,jetson_emulator,2,local,0.5996318633322808,56.711,41.0305,56.711,58.6653,75.9845,112.06483125000001,112.06483125000001,169.5271,90.1094
694,snn,nsson,jetson_emulator,2,offload,0.5979175056839398,56.7069,41.6327,41.6327,43.7496,84.3778,112.06483125000001,112.06483125000001,169.5195,90.1075
695,snn,nsson,jetson_emulator,2,offload,0.6006145089110791,57.2173,40.3937,40.3937,41.917,84.5717,112.06483125000001,112.06483125000001,169.6134,90.0789
696,snn,nsson,jetson_emulator,2,offload,0.6111681432084433,57.0153,40.9203,40.9203,42.4678,84.5717,112.06483125000001,112.06483125000001,169.7073,90.0676
697,snn,nsson,jetson_emulator,2,offload,0.6014501301344103,56.5118,40.6272,40.6272,42.7176,84.5717,112.06483125000001,112.06483125000001,169.8012,90.2001
698,snn,nsson,jetson_emulator,2,offload,0.6137769167502323,56.2808,40.6988,40.6988,42.1942,84.5717,112.06483125000001,112.06483125000001,169.8951,90.1959
699,snn,nsson,jetson_emulator,2,local,0.6108894674090097,57.233,41.6633,57.233,59.0111,75.7944,112.06483125000001,112.06483125000001,170.0909,90.2256
700,snn,nsson,jetson_emulator,2,offload,0.6095897886946386,56.1916,40.569,40.569,42.0735,84.5717,112.06483125000001,112.06483125000001,170.0829,90.0762
701,snn,nsson,jetson_emulator,2,offload,0.6202813908935478,56.0975,40.1511,40.1511,41.7056,84.5717,112.06483125000001,112.06483125000001,170.1768,90.1811
702,snn,nsson,jetson_emulator,2,offload,0.6330720034698585,57.1572,40.8351,40.8351,42.5539,84.5717,112.06483125000001,112.06483125000001,170.2708,90.1185
703,snn,nsson,jetson_emulator,2,offload,0.6274455663899003,56.2726,40.8284,40.8284,42.4821,84.5717,112.06483125000001,112.06483125000001,170.3647,90.085
704,snn,nsson,jetson_emulator,2,offload,0.6244362956836427,56.0468,41.0547,41.0547,43.5163,84.5717,112.06483125000001,112.06483125000001,170.4586,90.1616
705,snn,nsson,jetson_emulator,2,local,0.6233739163066847,56.1905,39.9867,56.1905,58.0698,76.175,112.06483125000001,112.06483125000001,170.6547,90.0982
706,snn,nsson,jetson_emulator,2,local,0.6196889828674806,55.9918,40.0772,55.9918,58.1238,76.248,112.06483125000001,112.06483125000001,170.7487,90.1003
707,snn,nsson,jetson_emulator,2,local,0.6207839337166922,56.1073,40.1201,56.1073,57.8555,76.2056,112.06483125000001,112.06483125000001,170.8426,90.0594
708,snn,nsson,jetson_emulator,2,offload,0.6154262976111339,56.3281,40.0427,40.0427,41.6981,84.5717,112.06483125000001,112.06483125000001,170.8342,90.0823
709,snn,nsson,jetson_emulator,2,offload,0.6109877628055715,55.7247,40.62,40.62,42.7876,84.5717,112.06483125000001,112.06483125000001,170.9281,90.0739
710,snn,nsson,jetson_emulator,2,local,0.6122015312725677,55.9346,40.4385,55.9346,57.2913,76.269,112.06483125000001,112.06483125000001,171.1245,90.143
711,snn,nsson,jetson_emulator,2,offload,0.6155764972197194,55.7028,39.8258,39.8258,41.5403,84.5717,112.06483125000001,112.06483125000001,171.116,90.1323
712,snn,nsson,jetson_emulator,2,offload,0.6107463898876845,55.9794,39.9611,39.9611,41.9607,84.5717,112.06483125000001,112.06483125000001,171.2099,90.1968
713,snn,nsson,jetson_emulator,2,offload,0.6129924019695745,55.8736,41.3103,41.3103,42.8482,84.519,112.06483125000001,112.06483125000001,171.3038,90.062
714,snn,nsson,jetson_emulator,2,local,0.614882287434994,55.4766,40.6372,55.4766,57.8536,76.4379,112.06483125000001,112.06483125000001,171.5004,90.1112
715,snn,nsson,jetson_emulator,2,local,0.6127553396771047,55.4637,39.831,55.4637,56.7453,76.4427,112.06483125000001,112.06483125000001,171.5944,90.1333
716,snn,nsson,jetson_emulator,2,offload,0.6100245377604914,55.8949,40.6283,40.6283,41.9101,84.5717,112.06483125000001,112.06483125000001,171.5855,90.061
717,snn,nsson,jetson_emulator,2,offload,0.6098174718172553,55.5883,39.9632,39.9632,41.7415,84.5717,112.06483125000001,112.06483125000001,171.6794,90.1387
718,snn,nsson,jetson_emulator,2,offload,0.603967956561108,55.4587,39.7594,39.7594,41.3278,84.5717,112.06483125000001,112.06483125000001,171.7733,90.1322
719,snn,nsson,jetson_emulator,2,offload,0.6031477334242793,55.4605,40.3254,40.3254,41.9138,84.5717,112.06483125000001,112.06483125000001,171.8672,90.0581
720,snn,nsson,jetson_emulator,2,local,0.6085154722001419,55.2169,40.4295,55.2169,56.8288,76.534,112.06483125000001,112.06483125000001,172.0642,90.0603
721,snn,nsson,jetson_emulator,2,local,0.6040515357095761,55.9089,39.4433,55.9089,57.2919,76.2785,112.06483125000001,112.06483125000001,172.1582,90.0743
722,snn,nsson,jetson_emulator,2,offload,0.6068188104146195,55.3851,40.3969,40.3969,41.8335,84.5717,112.06483125000001,112.06483125000001,172.149,90.1245
723,snn,nsson,jetson_emulator,2,offload,0.6015647560254833,56.0879,40.4851,40.4851,42.3178,84.5717,112.06483125000001,112.06483125000001,172.2429,90.1058
724,snn,nsson,jetson_emulator,2,local,0.6021251066838099,55.212,40.7242,55.212,57.2517,76.5358,112.06483125000001,112.06483125000001,172.4401,90.0573
725,snn,nsson,jetson_emulator,2,local,0.6022808377788569,55.3262,40.6906,55.3262,56.7031,76.4935,112.06483125000001,112.06483125000001,172.534,90.0903
726,snn,nsson,jetson_emulator,2,local,0.6093414858335909,55.0828,39.7972,55.0828,56.9626,76.5837,112.06483125000001,112.06483125000001,172.628,90.0895
727,snn,nsson,jetson_emulator,2,offload,0.6088755953048838,55.0241,41.0547,41.0547,42.7542,84.5717,112.06483125000001,112.06483125000001,172.6185,90.0524
728,snn,nsson,jetson_emulator,2,local,0.6038091116457818,54.9155,40.2288,54.9155,56.5124,76.6458,112.06483125000001,112.06483125000001,172.8159,90.1744
729,snn,nsson,jetson_emulator,2,offload,0.6091095082368393,55.0919,39.6144,39.6144,40.9889,84.5717,112.06483125000001,112.06483125000001,172.8063,90.1798
730,snn,nsson,jetson_emulator,2,local,0.6106289962023852,55.2303,39.5362,55.2303,57.6806,76.529,112.06483125000001,112.06483125000001,173.0039,90.1793
731,snn,nsson,jetson_emulator,2,offload,0.6061360515726888,55.0122,40.1308,40.1308,42.4454,84.5717,112.06483125000001,112.06483125000001,172.9942,90.0782
732,snn,nsson,jetson_emulator,2,offload,0.6096123836331461,54.7812,40.1878,40.1878,41.4151,84.5717,112.06483125000001,112.06483125000001,173.0881,90.1589
733,snn,nsson,jetson_emulator,2,local,0.6085306554354029,54.8866,39.4444,54.8866,56.5468,76.6565,112.06483125000001,112.06483125000001,173.2858,90.0837
734,snn,nsson,jetson_emulator,2,offload,0.6120504114475854,54.6824,39.605,39.605,41.0827,84.5717,112.06483125000001,112.06483125000001,173.2759,90.0311
735,snn,nsson,jetson_emulator,2,local,0.6084988241247737,55.4525,39.7656,55.4525,57.4434,76.4468,112.06483125000001,112.06483125000001,173.4737,90.1457
736,snn,nsson,jetson_emulator,2,offload,0.612140103323136,54.8484,39.6819,39.6819,40.7362,84.5717,112.06483125000001,112.06483125000001,173.4637,90.2083
737,snn,nsson,jetson_emulator,2,local,0.6081592749854513,54.8306,39.1993,54.8306,56.2709,76.6773,112.06483125000001,112.06483125000001,173.6616,90.1474
738,snn,nsson,jetson_emulator,2,offload,0.6078318426000613,55.1376,40.3466,40.3466,41.2053,84.5717,112.06483125000001,112.06483125000001,173.6515,90.1065
739,snn,nsson,jetson_emulator,2,local,0.6126364973118191,54.8183,40.2415,54.8183,55.7202,76.6819,112.06483125000001,112.06483125000001,173.8496,90.1454
740,snn,nsson,jetson_emulator,2,local,0.61276361156547,55.2927,39.2644,55.2927,56.3423,76.5059,112.06483125000001,112.06483125000001,173.9435,90.1939
741,snn,nsson,jetson_emulator,2,local,0.611651699968656,54.6987,39.5901,54.6987,56.8406,76.7264,112.06483125000001,112.06483125000001,174.0375,90.1881
742,snn,nsson,jetson_emulator,2,local,0.6025515650861567,54.9124,39.3992,54.9124,56.0787,76.6469,112.06483125000001,112.06483125000001,174.1315,90.242
743,snn,nsson,jetson_emulator,2,local,0.6046776018696665,54.4864,39.3546,54.4864,56.4594,76.8055,112.06483125000001,112.06483125000001,174.2254,90.1774
744,snn,nsson,jetson_emulator,2,offload,0.60388959943022,55.183,39.1105,39.1105,39.9537,84.5717,112.06483125000001,112.06483125000001,174.215,90.137
745,snn,nsson,jetson_emulator,2,offload,0.604727212795456,54.4998,39.9182,39.9182,42.1556,84.5717,112.06483125000001,112.06483125000001,174.3089,90.0632
746,snn,nsson,jetson_emulator,2,offload,0.6066251119773016,55.0073,39.2303,39.2303,40.9408,84.5717,112.06483125000001,112.06483125000001,174.4028,90.0378
747,snn,nsson,jetson_emulator,2,offload,0.6109738811995462,54.8592,39.2669,39.2669,40.6994,84.5717,112.06483125000001,112.06483125000001,174.4967,90.1005
748,snn,nsson,jetson_emulator,2,offload,0.6128832939892215,54.8995,40.517,40.517,42.7877,84.5717,112.06483125000001,112.06483125000001,174.5907,90.1652
749,snn,nsson,jetson_emulator,2,local,0.610016453159896,54.6543,39.7814,54.6543,55.8287,76.743,112.06483125000001,112.06483125000001,174.7892,90.2003
750,snn,nsson,jetson_emulator,2,local,0.617651978448272,54.7175,39.6389,54.7175,56.6439,76.7194,112.06483125000001,112.06483125000001,174.8832,90.0655
751,snn,nsson,jetson_emulator,2,local,0.6116430369297802,55.6128,39.9377,55.6128,58.0989,76.3876,112.06483125000001,112.06483125000001,174.9772,90.1546
752,snn,nsson,jetson_emulator,2,offload,0.6214819333384416,55.0106,39.0855,39.0855,40.8921,84.5717,112.06483125000001,112.06483125000001,174.9663,90.2336
753,snn,nsson,jetson_emulator,2,offload,0.6184640375480598,54.8119,39.0295,39.0295,40.236,84.5717,112.06483125000001,112.06483125000001,175.0602,90.1277
754,snn,nsson,jetson_emulator,2,offload,0.6203040607964406,54.5031,39.697,39.697,41.8309,84.5717,112.06483125000001,112.06483125000001,175.1541,90.1283
755,snn,nsson,jetson_emulator,2,offload,0.6220755636321578,54.6246,39.3195,39.3195,41.1752,84.5717,112.06483125000001,112.06483125000001,175.248,90.1681
756,snn,nsson,jetson_emulator,2,local,0.6307748419217616,54.3828,40.8837,54.3828,56.0971,76.8442,112.06483125000001,112.06483125000001,175.447,90.1047
757,snn,nsson,jetson_emulator,2,offload,0.6381254648551904,54.5515,39.7896,39.7896,41.3777,84.5717,112.06483125000001,112.06483125000001,175.4358,90.0869
758,snn,nsson,jetson_emulator,2,local,0.6408333590011001,54.3665,38.8986,54.3665,56.7653,76.8503,112.06483125000001,112.06483125000001,175.635,90.1615
759,snn,nsson,jetson_emulator,2,offload,0.6362976551555275,55.316,39.7454,39.7454,41.2656,84.5717,112.06483125000001,112.06483125000001,175.6237,90.1498
760,snn,nsson,jetson_emulator,2,offload,0.6270687000150071,54.596,39.2422,39.2422,41.3648,84.5717,112.06483125000001,112.06483125000001,175.7176,90.133
761,snn,nsson,jetson_emulator,2,local,0.6381684732805795,54.7197,38.8931,54.7197,56.7624,76.7186,112.06483125000001,112.06483125000001,175.9169,90.1043
762,snn,nsson,jetson_emulator,2,local,0.6368398008844788,54.5536,40.4142,54.5536,56.7682,76.7805,112.06483125000001,112.06483125000001,176.0108,90.0724
763,snn,nsson,jetson_emulator,2,local,0.6414441806903713,54.5325,39.3667,54.5325,56.6137,76.7884,112.06483125000001,112.06483125000001,176.1048,90.1007
764,snn,nsson,jetson_emulator,2,local,0.6424818954687564,55.0828,38.8797,55.0828,56.4362,76.5837,112.06483125000001,112.06483125000001,176.1988,90.1282
765,snn,nsson,jetson_emulator,2,offload,0.6440752128056638,54.7598,39.8725,39.8725,40.9546,84.5717,112.06483125000001,112.06483125000001,176.1871,90.1877
766,snn,nsson,jetson_emulator,2,local,0.6546611461115354,54.8154,39.9771,54.8154,56.3676,76.683,112.06483125000001,112.06483125000001,176.3867,90.0958
767,snn,nsson,jetson_emulator,2,local,0.6371628689508244,55.0405,39.8573,55.0405,57.433,76.5994,112.06483125000001,112.06483125000001,176.4807,90.1365
768,snn,nsson,jetson_emulator,2,local,0.63603210419024,54.3525,39.0506,54.3525,55.4048,76.8555,112.06483125000001,112.06483125000001,176.5746,90.1501
769,snn,nsson,jetson_emulator,2,offload,0.6406945136832367,55.1518,39.2294,39.2294,41.1675,84.5717,112.06483125000001,112.06483125000001,176.5628,90.1195
770,snn,nsson,jetson_emulator,2,local,0.6349632344060214,55.0387,40.1163,55.0387,56.4175,76.6,112.06483125000001,112.06483125000001,176.7626,90.1033
771,snn,nsson,jetson_emulator,2,local,0.6334083023225757,54.8485,39.4567,54.8485,55.8964,76.6707,112.06483125000001,112.06483125000001,176.8565,90.097
772,snn,nsson,jetson_emulator,2,local,0.633774375411522,54.6999,39.2325,54.6999,56.7726,76.726,112.06483125000001,112.06483125000001,176.9505,90.1607
773,snn,nsson,jetson_emulator,2,local,0.6329558390635234,55.0821,39.7613,55.0821,57.2256,76.5839,112.06483125000001,112.06483125000001,177.0445,90.1117
774,snn,nsson,jetson_emulator,2,offload,0.6290083748368853,54.901,39.0058,39.0058,40.5536,84.5717,112.06483125000001,112.06483125000001,177.0323,90.043
775,snn,nsson,jetson_emulator,2,local,0.6217019324953038,54.777,40.6259,54.777,56.2052,76.6973,112.06483125000001,112.06483125000001,177.2324,90.1869
776,snn,nsson,jetson_emulator,2,local,0.6162077434594893,54.7974,39.04,54.7974,56.6662,76.6897,112.06483125000001,112.06483125000001,177.3264,90.0843
777,snn,nsson,jetson_emulator,2,offload,0.6132392151239776,55.5156,39.2924,39.2924,39.8176,84.5717,112.06483125000001,112.06483125000001,177.3141,90.048
778,snn,nsson,jetson_emulator,2,offload,0.6139597573182511,55.1875,39.3508,39.3508,41.6638,84.5717,112.06483125000001,112.06483125000001,177.408,90.1725
779,snn,nsson,jetson_emulator,2,local,0.6158005516972083,55.2911,40.1077,55.2911,57.1998,76.5065,112.06483125000001,112.06483125000001,177.6083,90.013
780,snn,nsson,jetson_emulator,2,offload,0.612978968590108,54.9477,39.4661,39.4661,40.6712,84.5717,112.06483125000001,112.06483125000001,177.5958,90.1292
781,snn,nsson,jetson_emulator,2,local,0.6083222240694101,54.97,39.1728,54.97,57.0117,76.6255,112.06483125000001,112.06483125000001,177.7962,90.1063
782,snn,nsson,jetson_emulator,2,offload,0.6190496376415142,54.8606,39.2717,39.2717,41.6105,84.5717,112.06483125000001,112.06483125000001,177.7836,90.0755
783,snn,nsson,jetson_emulator,2,offload,0.610489123052278,55.3491,39.315,39.315,41.3737,84.5717,112.06483125000001,112.06483125000001,177.8775,90.1269
784,snn,nsson,jetson_emulator,2,local,0.6160149394351583,54.884,41.0763,54.884,56.5402,76.6575,112.06483125000001,112.06483125000001,178.0781,90.0987
785,snn,nsson,jetson_emulator,2,offload,0.6113990385126912,55.9665,39.6925,39.6925,41.4849,84.5717,112.06483125000001,112.06483125000001,178.0654,90.1515
786,snn,nsson,jetson_emulator,2,offload,0.6039923820488506,55.3844,39.3528,39.3528,40.8423,84.5717,112.06483125000001,112.06483125000001,178.1593,90.1442
787,snn,nsson,jetson_emulator,2,local,0.6071861790688405,55.4819,40.6685,55.4819,56.7555,76.4359,112.06483125000001,112.06483125000001,178.36,90.0439
788,snn,nsson,jetson_emulator,2,local,0.6206711890633653,55.0993,39.5249,55.0993,56.6171,76.5776,112.06483125000001,112.06483125000001,178.454,90.1316
789,snn,nsson,jetson_emulator,2,offload,0.6169585731087214,56.177,39.4301,39.4301,40.1977,84.5717,112.06483125000001,112.06483125000001,178.441,90.0343
790,snn,nsson,jetson_emulator,2,local,0.6130004908337227,55.3966,39.855,55.3966,56.9493,76.4675,112.06483125000001,112.06483125000001,178.6419,90.2002
791,snn,nsson,jetson_emulator,2,offload,0.6217143129391873,55.2604,39.9232,39.9232,41.3473,84.5717,112.06483125000001,112.06483125000001,178.6288,90.1376
792,snn,nsson,jetson_emulator,2,offload,0.6205422851500899,55.4804,39.5236,39.5236,40.7077,84.5717,112.06483125000001,112.06483125000001,178.7227,90.1578
793,snn,nsson,jetson_emulator,2,local,0.6157194917125703,56.0591,39.87,56.0591,57.6418,76.2232,112.06483125000001,112.06483125000001,178.9238,90.0961
794,snn,nsson,jetson_emulator,2,offload,0.6143941142012515,56.5232,40.8271,40.8271,43.2595,84.5717,112.06483125000001,112.06483125000001,178.9105,90.1216
795,snn,nsson,jetson_emulator,2,local,0.6106045890003617,55.5325,40.2151,55.5325,57.2151,76.4172,112.06483125000001,112.06483125000001,179.1117,90.0712
796,snn,nsson,jetson_emulator,2,local,0.6073669462203329,55.7088,39.8055,55.7088,57.3362,76.3522,112.06483125000001,112.06483125000001,179.2057,90.1085
797,snn,nsson,jetson_emulator,2,local,0.614680747245499,55.6652,41.1225,55.6652,57.3368,76.3683,112.06483125000001,112.06483125000001,179.2997,90.1289
798,snn,nsson,jetson_emulator,2,offload,0.6212351090112305,55.7794,41.1076,41.1076,43.1014,84.5717,112.06483125000001,112.06483125000001,179.2862,90.1852
799,snn,nsson,jetson_emulator,2,local,0.6166330232090782,55.8829,40.6561,55.8829,56.9574,76.288,112.06483125000001,112.06483125000001,179.4876,90.0986
800,snn,nsson,jetson_emulator,2,local,0.6052933713783458,56.0862,41.4787,56.0862,57.7926,76.2133,112.06483125000001,112.06483125000001,179.5816,90.1285
801,snn,nsson,jetson_emulator,2,offload,0.6108041588784408,56.3815,40.3867,40.3867,41.777,84.5717,112.06483125000001,112.06483125000001,179.5679,90.1741
802,snn,nsson,jetson_emulator,2,offload,0.6171406583217228,56.0193,40.3437,40.3437,41.9045,84.5717,112.06483125000001,112.06483125000001,179.6618,90.1456
803,snn,nsson,jetson_emulator,2,local,0.6179718204252884,56.2206,40.9875,56.2206,57.6708,76.164,112.06483125000001,112.06483125000001,179.8635,90.0608
804,snn,nsson,jetson_emulator,2,offload,0.6098663763044556,56.3094,40.7954,40.7954,41.9943,84.5717,112.06483125000001,112.06483125000001,179.8497,90.0774
805,snn,nsson,jetson_emulator,2,offload,0.6117385502560045,56.8863,41.0706,41.0706,42.644,84.5717,112.06483125000001,112.06483125000001,179.9436,90.137
806,snn,nsson,jetson_emulator,2,offload,0.618973536948604,57.0201,42.961,42.961,44.8129,83.8011,112.06483125000001,112.06483125000001,180.0375,90.1303
807,snn,nsson,jetson_emulator,2,offload,0.6166526135729682,56.7247,41.1159,41.1159,42.6123,84.5717,112.06483125000001,112.06483125000001,180.1314,90.1305
808,snn,nsson,jetson_emulator,2,local,0.6117793693459409,56.6146,41.4599,56.6146,58.4143,76.0197,112.06483125000001,112.06483125000001,180.3333,90.1734
809,snn,nsson,jetson_emulator,2,local,0.6125502244582182,57.323,41.9819,57.323,59.2254,75.7617,112.06483125000001,112.06483125000001,180.4273,90.1279
810,snn,nsson,jetson_emulator,2,offload,0.6118541858740164,57.7766,41.0384,41.0384,42.3818,84.5717,112.06483125000001,112.06483125000001,180.4131,90.0988
811,snn,nsson,jetson_emulator,2,local,0.6199767705273498,56.8134,41.6599,56.8134,58.5783,75.9471,112.06483125000001,112.06483125000001,180.6152,89.9951
812,snn,nsson,jetson_emulator,2,offload,0.6138124126817874,58.5625,41.0772,41.0772,43.5996,84.5717,112.06483125000001,112.06483125000001,180.6009,90.1366
813,snn,nsson,jetson_emulator,2,local,0.6117176357085645,58.0409,41.363,58.0409,59.2265,75.502,112.06483125000001,112.06483125000001,180.8031,90.0533
814,snn,nsson,jetson_emulator,2,local,0.6010942926989462,57.0308,41.5451,57.0308,59.0716,75.8679,112.06483125000001,112.06483125000001,180.8971,90.1647
815,snn,nsson,jetson_emulator,2,local,0.6056448300258176,57.2079,40.8849,57.2079,59.2971,75.8035,112.06483125000001,112.06483125000001,180.9911,90.1035
816,snn,nsson,jetson_emulator,2,local,0.6149020182094291,57.9576,41.2601,57.9576,60.3034,75.532,112.06483125000001,112.06483125000001,181.085,90.1508
817,snn,nsson,jetson_emulator,2,local,0.6168172447712228,57.3191,41.0608,57.3191,58.4257,75.7631,112.06483125000001,112.06483125000001,181.179,90.1671
818,snn,nsson,jetson_emulator,2,offload,0.6109504793768035,57.4457,41.2905,41.2905,43.6949,84.5277,112.06483125000001,112.06483125000001,181.1644,90.0563
819,snn,nsson,jetson_emulator,2,local,0.607779730655238,57.7545,41.2182,57.7545,59.2002,75.6054,112.06483125000001,112.06483125000001,181.3669,90.0803
820,snn,nsson,jetson_emulator,2,offload,0.5973801104304048,57.9811,41.5999,41.5999,43.4465,84.3922,112.06483125000001,112.06483125000001,181.3522,90.1042
821,snn,nsson,jetson_emulator,2,offload,0.6046977042029397,57.9279,41.596,41.596,43.3342,84.3939,112.06483125000001,112.06483125000001,181.4461,90.0957
822,snn,nsson,jetson_emulator,2,local,0.6129074883366119,57.6787,41.3976,57.6787,59.6382,75.6328,112.06483125000001,112.06483125000001,181.6488,90.0457
823,snn,nsson,jetson_emulator,2,local,0.6058297456870592,57.8912,42.7566,57.8912,59.9971,75.556,112.06483125000001,112.06483125000001,181.7428,90.1635
824,snn,nsson,jetson_emulator,2,local,0.6127082799849771,58.5541,41.5857,58.5541,60.3511,75.3174,112.06483125000001,112.06483125000001,181.8368,90.1511
825,snn,nsson,jetson_emulator,2,offload,0.6081887785843243,58.7801,41.5233,41.5233,42.7615,84.4257,112.06483125000001,112.06483125000001,181.8218,90.1025
826,snn,nsson,jetson_emulator,2,offload,0.6079600606687676,58.1627,41.7492,41.7492,44.2969,84.3269,112.06483125000001,112.06483125000001,181.9157,90.1611
827,snn,nsson,jetson_emulator,2,local,0.6093000231274397,58.4248,42.0146,58.4248,60.3127,75.3638,112.06483125000001,112.06483125000001,182.1187,90.0372
828,snn,nsson,jetson_emulator,2,local,0.6100107682368112,58.5458,42.7905,58.5458,59.33,75.3204,112.06483125000001,112.06483125000001,182.2126,90.151
829,snn,nsson,jetson_emulator,2,offload,0.621816451191687,59.177,42.641,42.641,44.6352,83.9394,112.06483125000001,112.06483125000001,182.1974,90.2102
830,snn,nsson,jetson_emulator,2,offload,0.6248680356045524,59.1667,42.0221,42.0221,42.6693,84.208,112.06483125000001,112.06483125000001,182.2913,90.1591
831,snn,nsson,jetson_emulator,2,local,0.6225611468874546,59.0105,42.8648,59.0105,60.2989,75.154,112.06483125000001,112.06483125000001,182.4946,90.088
832,snn,nsson,jetson_emulator,2,local,0.6276946860156195,59.1489,43.3196,59.1489,60.3784,75.1046,112.06483125000001,112.06483125000001,182.5885,90.1074
833,snn,nsson,jetson_emulator,2,offload,0.622281752887687,59.8933,43.7876,43.7876,45.4429,83.4462,112.06483125000001,112.06483125000001,182.5731,90.0451
834,snn,nsson,jetson_emulator,2,local,0.6187969004580026,59.0579,42.6758,59.0579,60.5344,75.1371,112.06483125000001,112.06483125000001,182.7765,90.1612
835,snn,nsson,jetson_emulator,2,local,0.6123628644735961,59.2081,43.6343,59.2081,60.9979,75.0835,112.06483125000001,112.06483125000001,182.8704,90.1527
836,snn,nsson,jetson_emulator,2,local,0.6077228251446326,59.4061,42.5941,59.4061,60.9454,75.013,112.06483125000001,112.06483125000001,182.9644,90.0435
837,snn,nsson,jetson_emulator,2,local,0.6096109287499709,59.6073,42.4622,59.6073,61.0249,74.9414,112.06483125000001,112.06483125000001,183.0584,90.0085
838,snn,nsson,jetson_emulator,2,local,0.6057376999497983,59.953,42.6146,59.953,61.7191,74.8189,112.06483125000001,112.06483125000001,183.1523,90.1704
839,snn,nsson,jetson_emulator,2,offload,0.6104314158413531,59.7322,44.4558,44.4558,46.5205,83.1615,112.06483125000001,112.06483125000001,183.1365,90.1375
840,snn,nsson,jetson_emulator,2,local,0.6095338966224643,60.6494,44.1416,60.6494,62.7584,74.5731,112.06483125000001,112.06483125000001,183.3403,90.0781
841,snn,nsson,jetson_emulator,2,offload,0.606926956059952,60.6971,43.1,43.1,44.6193,83.7413,112.06483125000001,112.06483125000001,183.3244,90.1395
842,snn,nsson,jetson_emulator,2,local,0.6118842871309835,60.2339,43.4769,60.2339,61.7953,74.7196,112.06483125000001,112.06483125000001,183.5282,90.1003
843,snn,nsson,jetson_emulator,2,local,0.6162245405853607,60.4566,43.1022,60.4566,62.2946,74.641,112.06483125000001,112.06483125000001,183.6222,90.1961
844,snn,nsson,jetson_emulator,2,offload,0.6213245093517819,60.3959,43.918,43.918,45.2991,83.3905,112.06483125000001,112.06483125000001,183.6061,90.1079
845,snn,nsson,jetson_emulator,2,offload,0.6222846217315952,61.0243,43.74,43.74,44.6206,83.4666,112.06483125000001,112.06483125000001,183.7,90.1142
846,snn,nsson,jetson_emulator,2,offload,0.632615094644897,61.4097,43.4038,43.4038,44.7601,83.6107,112.06483125000001,112.06483125000001,183.7939,90.1024
847,snn,nsson,jetson_emulator,2,offload,0.6376584600967563,61.5435,44.4775,44.4775,46.1399,83.1523,112.06483125000001,112.06483125000001,183.8878,90.1375
848,snn,nsson,jetson_emulator,2,local,0.6439616106795671,60.718,43.671,60.718,62.1802,74.549,112.06483125000001,112.06483125000001,184.092,90.1161
849,snn,nsson,jetson_emulator,2,local,0.6329601930515297,60.8136,46.4259,60.8136,62.4432,74.5154,112.06483125000001,112.06483125000001,184.186,90.0956
850,snn,nsson,jetson_emulator,2,local,0.6489543039729574,61.2918,43.9547,61.2918,62.9675,74.3479,112.06483125000001,112.06483125000001,184.2799,90.1494
851,snn,nsson,jetson_emulator,2,offload,0.652268947402684,61.0759,43.8567,43.8567,45.3801,83.4167,112.06483125000001,112.06483125000001,184.2635,90.1619
852,snn,nsson,jetson_emulator,2,local,0.6517916539485625,62.1997,44.1088,62.1997,63.6958,74.0319,112.06483125000001,112.06483125000001,184.4679,90.0885
853,snn,nsson,jetson_emulator,2,offload,0.6564595338107306,61.8944,43.8561,43.8561,45.3369,83.4169,112.06483125000001,112.06483125000001,184.4513,90.1054
854,snn,nsson,jetson_emulator,2,offload,0.6637037287168334,61.6381,44.3956,44.3956,46.0608,83.1871,112.06483125000001,112.06483125000001,184.5452,90.0636
855,snn,nsson,jetson_emulator,2,local,0.6626207091130216,62.341,43.9363,62.341,64.6554,73.9829,112.06483125000001,112.06483125000001,184.7498,90.1889
856,snn,nsson,jetson_emulator,2,local,0.6655824704359179,61.799,44.5594,61.799,64.7262,74.171,112.06483125000001,112.06483125000001,184.8437,90.2034
857,snn,nsson,jetson_emulator,2,local,0.6609239560539745,62.6735,44.8191,62.6735,64.3159,73.868,112.06483125000001,112.06483125000001,184.9377,90.0685
858,snn,nsson,jetson_emulator,2,offload,0.6698208650478881,61.8602,44.698,44.698,46.5274,83.0588,112.06483125000001,112.06483125000001,184.9208,90.0318
859,snn,nsson,jetson_emulator,2,local,0.6762362012761396,62.6447,44.4659,62.6447,64.4427,73.8779,112.06483125000001,112.06483125000001,185.1256,90.1235
860,snn,nsson,jetson_emulator,2,offload,0.6683646321223946,62.5703,44.6691,44.6691,46.5905,83.071,112.06483125000001,112.06483125000001,185.1087,90.1195
861,snn,nsson,jetson_emulator,2,local,0.6688580577340546,62.1264,44.6644,62.1264,64.1175,74.0573,112.06483125000001,112.06483125000001,185.3136,90.1527
862,snn,nsson,jetson_emulator,2,offload,0.6668634360913095,62.2559,44.5196,44.5196,46.3356,83.1344,112.06483125000001,112.06483125000001,185.2965,90.1235
863,snn,nsson,jetson_emulator,2,offload,0.6779395849418588,62.5491,45.3029,45.3029,47.2661,82.8033,112.06483125000001,112.06483125000001,185.3904,90.1545
864,snn,nsson,jetson_emulator,2,local,0.68,62.8393,45.0284,62.8393,64.0145,73.8108,112.06483125000001,112.06483125000001,185.5955,90.1887
865,snn,nsson,jetson_emulator,2,offload,0.68,62.7902,46.651,46.651,48.7051,82.2397,112.06483125000001,112.06483125000001,185.5782,90.1113
866,snn,nsson,jetson_emulator,2,local,0.68,63.8285,45.2962,63.8285,65.6952,73.4716,112.06483125000001,112.06483125000001,185.7834,90.1197
867,snn,nsson,jetson_emulator,2,offload,0.68,62.9012,46.2691,46.2691,47.6718,82.3986,112.06483125000001,112.06483125000001,185.766,90.1677
868,snn,nsson,jetson_emulator,2,offload,0.68,63.7977,46.2216,46.2216,47.5119,82.4184,112.06483125000001,112.06483125000001,185.86,90.2357
869,snn,nsson,jetson_emulator,2,local,0.68,63.0847,45.2338,63.0847,65.1451,73.7264,112.06483125000001,112.06483125000001,186.0653,90.0744
870,snn,nsson,jetson_emulator,2,local,0.68,64.0048,45.8753,64.0048,65.66,73.4114,112.06483125000001,112.06483125000001,186.1593,90.1089
871,snn,nsson,jetson_emulator,2,offload,0.68,63.3433,45.5596,45.5596,47.3899,82.6954,112.06483125000001,112.06483125000001,186.1417,90.2001
872,snn,nsson,jetson_emulator,2,local,0.6667679846572445,63.8225,46.6481,63.8225,65.9705,73.4736,112.06483125000001,112.06483125000001,186.3472,90.074
873,snn,nsson,jetson_emulator,2,local,0.6684296196644621,63.5462,47.7074,63.5462,64.6784,73.568,112.06483125000001,112.06483125000001,186.4412,90.0536
874,snn,nsson,jetson_emulator,2,local,0.6730875781534571,64.5779,46.2964,64.5779,65.8272,73.2166,112.06483125000001,112.06483125000001,186.5351,90.0787
875,snn,nsson,jetson_emulator,2,offload,0.68,64.3283,46.1331,46.1331,48.289,82.4553,112.06483125000001,112.06483125000001,186.5173,90.18
876,snn,nsson,jetson_emulator,2,local,0.6783189283777167,63.9021,46.2962,63.9021,65.8366,73.4464,112.06483125000001,112.06483125000001,186.7231,90.1246
877,snn,nsson,jetson_emulator,2,offload,0.68,64.7368,46.2362,46.2362,48.5655,82.4123,112.06483125000001,112.06483125000001,186.7051,90.2082
878,snn,nsson,jetson_emulator,2,offload,0.6782685131625814,64.1442,45.879,45.879,47.6267,82.5615,112.06483125000001,112.06483125000001,186.7991,90.0796
879,snn,nsson,jetson_emulator,2,local,0.6782695101926011,64.2955,46.7877,64.2955,66.2102,73.3125,112.06483125000001,112.06483125000001,187.005,90.0752
880,snn,nsson,jetson_emulator,2,offload,0.6705334625024383,64.5494,46.9618,46.9618,48.677,82.1108,112.06483125000001,112.06483125000001,186.9869,90.0039
881,snn,nsson,jetson_emulator,2,local,0.6715492469279273,64.9379,46.3299,64.9379,67.4494,73.0948,112.06483125000001,112.06483125000001,187.1929,90.1281
882,snn,nsson,jetson_emulator,2,local,0.669151202959521,64.6018,46.1868,64.6018,66.3993,73.2085,112.06483125000001,112.06483125000001,187.2869,90.0834
883,snn,nsson,jetson_emulator,2,local,0.6721172877131509,65.9199,46.4883,65.9199,66.8232,72.7645,112.06483125000001,112.06483125000001,187.3808,90.1166
884,snn,nsson,jetson_emulator,2,offload,0.6799317262543608,64.921,46.2956,46.2956,48.4612,82.3876,112.06483125000001,112.06483125000001,187.3625,90.1618
885,snn,nsson,jetson_emulator,2,offload,0.6793759148560697,65.0853,47.5493,47.5493,48.9424,81.8683,112.06483125000001,112.06483125000001,187.4564,90.131
886,snn,nsson,jetson_emulator,2,offload,0.6747339755463153,66.5095,46.9059,46.9059,48.3326,82.134,112.06483125000001,112.06483125000001,187.5503,90.1082
887,snn,nsson,jetson_emulator,2,offload,0.68,66.2127,46.729,46.729,47.8496,82.2073,112.06483125000001,112.06483125000001,187.6443,90.0368
888,snn,nsson,jetson_emulator,2,offload,0.68,65.8823,46.9241,46.9241,48.7181,82.1264,112.06483125000001,112.06483125000001,187.7382,90.0986
889,snn,nsson,jetson_emulator,2,local,0.68,65.3281,47.0764,65.3281,67.4824,72.9631,112.06483125000001,112.06483125000001,187.9446,90.1241
890,snn,nsson,jetson_emulator,2,local,0.6733515463689853,65.4437,47.4298,65.4437,67.73,72.9243,112.06483125000001,112.06483125000001,188.0386,90.1543
891,snn,nsson,jetson_emulator,2,local,0.6677685758722751,65.5707,47.5375,65.5707,67.7797,72.8816,112.06483125000001,112.06483125000001,188.1326,90.0938
892,snn,nsson,jetson_emulator,2,local,0.6688442712562662,66.4759,47.5789,66.4759,67.939,72.5788,112.06483125000001,112.06483125000001,188.2265,90.1597
893,snn,nsson,jetson_emulator,2,local,0.6596415839806407,65.7569,47.5384,65.7569,67.244,72.8191,112.06483125000001,112.06483125000001,188.3205,90.1333
894,snn,nsson,jetson_emulator,2,local,0.6674086745407519,66.377,47.7997,66.377,68.6519,72.6117,112.06483125000001,112.06483125000001,188.4145,90.1135
895,snn,nsson,jetson_emulator,2,offload,0.6608052098627436,66.0776,48.6763,48.6763,49.9987,81.4071,112.06483125000001,112.06483125000001,188.3955,90.0973
896,snn,nsson,jetson_emulator,2,local,0.65958505927816,67.6723,48.2526,67.6723,68.3307,72.1824,112.06483125000001,112.06483125000001,188.6024,90.1244
897,snn,nsson,jetson_emulator,2,offload,0.6613110419539282,66.0587,48.1457,48.1457,49.4827,81.6236,112.06483125000001,112.06483125000001,188.5834,90.1523
898,snn,nsson,jetson_emulator,2,local,0.6653842365184717,66.8345,47.2865,66.8345,69.1288,72.4595,112.06483125000001,112.06483125000001,188.7903,90.0915
899,snn,nsson,jetson_emulator,2,local,0.6580326211588392,66.2891,48.3361,66.2891,67.9388,72.641,112.06483125000001,112.06483125000001,188.8843,90.193
900,snn,nsson,jetson_emulator,2,local,0.6557214096661649,66.7488,47.6708,66.7488,68.4359,72.488,112.06483125000001,112.06483125000001,188.9783,90.157
901,snn,nsson,jetson_emulator,2,local,0.6538715891382303,66.439,48.4319,66.439,68.351,72.591,112.06483125000001,112.06483125000001,189.0722,90.1337
902,snn,nsson,jetson_emulator,2,offload,0.6487095183612549,66.5893,48.496,48.496,49.8621,81.4806,112.06483125000001,112.06483125000001,189.0529,90.0577
903,snn,nsson,jetson_emulator,2,local,0.6475426608176226,66.5738,47.7022,66.5738,68.357,72.5462,112.06483125000001,112.06483125000001,189.2602,90.1716
904,snn,nsson,jetson_emulator,2,local,0.6574045032239878,67.2552,47.9775,67.2552,68.6173,72.3201,112.06483125000001,112.06483125000001,189.3541,90.1652
905,snn,nsson,jetson_emulator,2,offload,0.6517772925703541,66.7587,47.6798,47.6798,49.1243,81.8147,112.06483125000001,112.06483125000001,189.3347,90.124
906,snn,nsson,jetson_emulator,2,local,0.657299619341218,67.789,47.8266,67.789,69.6247,72.1439,112.06483125000001,112.06483125000001,189.5421,90.1963
907,snn,nsson,jetson_emulator,2,local,0.6520260462360508,67.2953,48.2075,67.2953,69.0221,72.3068,112.06483125000001,112.06483125000001,189.636,90.1412
908,snn,nsson,jetson_emulator,2,local,0.6517585748790806,67.7912,48.3332,67.7912,69.1659,72.1432,112.06483125000001,112.06483125000001,189.73,90.0777
909,snn,nsson,jetson_emulator,2,local,0.6517585710490645,67.2449,48.0002,67.2449,68.9743,72.3235,112.06483125000001,112.06483125000001,189.824,90.1832
910,snn,nsson,jetson_emulator,2,offload,0.6572175031894534,67.5304,47.9547,47.9547,48.5789,81.7019,112.06483125000001,112.06483125000001,189.8042,90.0861
911,snn,nsson,jetson_emulator,2,local,0.6558779812613564,67.1043,48.0667,67.1043,68.7825,72.37,112.06483125000001,112.06483125000001,190.0119,90.0842
912,snn,nsson,jetson_emulator,2,local,0.6374837872097573,68.2813,48.3833,68.2813,69.5684,71.9822,112.06483125000001,112.06483125000001,190.1059,90.1669
913,snn,nsson,jetson_emulator,2,offload,0.6313109425376289,67.407,48.4261,48.4261,50.5137,81.5091,112.06483125000001,112.06483125000001,190.0859,90.0385
914,snn,nsson,jetson_emulator,2,local,0.6240003862786971,68.0645,49.3308,68.0645,70.2321,72.0534,112.06483125000001,112.06483125000001,190.2938,90.1176
915,snn,nsson,jetson_emulator,2,local,0.6298278388192029,67.897,49.9366,67.897,68.7873,72.1084,112.06483125000001,112.06483125000001,190.3878,90.1024
916,snn,nsson,jetson_emulator,2,offload,0.6284861105107256,68.2353,48.799,48.799,50.0549,81.3573,112.06483125000001,112.06483125000001,190.3677,90.0976
917,snn,nsson,jetson_emulator,2,local,0.6360396774024679,67.4798,48.6826,67.4798,68.4777,72.2458,112.06483125000001,112.06483125000001,190.5757,90.2259
918,snn,nsson,jetson_emulator,2,offload,0.6423376282944497,67.706,49.2956,49.2956,51.2251,81.1559,112.06483125000001,112.06483125000001,190.5555,90.1966
919,snn,nsson,jetson_emulator,2,local,0.6447184491268022,67.6106,50.1459,67.6106,70.1191,72.2027,112.06483125000001,112.06483125000001,190.7637,90.0829
920,snn,nsson,jetson_emulator,2,local,0.6596799574683898,67.7288,49.4651,67.7288,69.5988,72.1638,112.06483125000001,112.06483125000001,190.8576,90.1107
921,snn,nsson,jetson_emulator,2,offload,0.6645687954433295,68.1514,48.7119,48.7119,50.7923,81.3927,112.06483125000001,112.06483125000001,190.8372,90.1754
922,snn,nsson,jetson_emulator,2,local,0.6511983679614742,68.2961,48.9929,68.2961,70.5304,71.9774,112.06483125000001,112.06483125000001,191.0456,90.128
923,snn,nsson,jetson_emulator,2,local,0.6463670445719427,67.9933,50.2392,67.9933,70.1304,72.0768,112.06483125000001,112.06483125000001,191.1395,90.1558
924,snn,nsson,jetson_emulator,2,local,0.6460655280200336,68.0476,49.2609,68.0476,70.9938,72.0589,112.06483125000001,112.06483125000001,191.2335,90.1227
925,snn,nsson,jetson_emulator,2,offload,0.6455904691454318,67.9754,48.9739,48.9739,50.9301,81.2862,112.06483125000001,112.06483125000001,191.2129,90.172
926,snn,nsson,jetson_emulator,2,offload,0.6409106815603843,68.4932,49.6344,49.6344,51.9989,81.0191,112.06483125000001,112.06483125000001,191.3068,90.0399
927,snn,nsson,jetson_emulator,2,offload,0.6419379765655993,68.0622,49.4379,49.4379,51.1541,81.0984,112.06483125000001,112.06483125000001,191.4007,90.1157
928,snn,nsson,jetson_emulator,2,local,0.6323291043536761,68.3689,48.8956,68.3689,70.1439,71.9536,112.06483125000001,112.06483125000001,191.6094,90.0981
929,snn,nsson,jetson_emulator,2,local,0.6303417108461893,68.2525,49.7986,68.2525,69.425,71.9917,112.06483125000001,112.06483125000001,191.7033,90.175
930,snn,nsson,jetson_emulator,2,offload,0.638261637994567,68.451,49.0835,49.0835,51.13,81.2418,112.06483125000001,112.06483125000001,191.6824,90.1193
931,snn,nsson,jetson_emulator,2,offload,0.6528718501584329,68.4543,49.5083,49.5083,51.518,81.07,112.06483125000001,112.06483125000001,191.7763,90.1441
932,snn,nsson,jetson_emulator,2,offload,0.6639309726127222,68.2509,50.1292,50.1292,52.0678,80.8202,112.06483125000001,112.06483125000001,191.8702,90.1246
933,snn,nsson,jetson_emulator,2,local,0.6551102390425612,68.6735,49.2097,68.6735,70.6921,71.854,112.06483125000001,112.06483125000001,192.0792,90.086
934,snn,nsson,jetson_emulator,2,local,0.654299764965125,68.8641,49.5402,68.8641,71.056,71.7918,112.06483125000001,112.06483125000001,192.1732,90.1613
935,snn,nsson,jetson_emulator,2,local,0.6474095334535674,68.3267,49.1191,68.3267,69.5251,71.9674,112.06483125000001,112.06483125000001,192.2671,90.0618
936,snn,nsson,jetson_emulator,2,local,0.6511007744701123,68.9605,49.1432,68.9605,70.7574,71.7604,112.06483125000001,112.06483125000001,192.3611,90.1742
937,snn,nsson,jetson_emulator,2,offload,0.6544178041599322,68.6907,49.9819,49.9819,51.8351,80.8794,112.06483125000001,112.06483125000001,192.3398,90.0794
938,snn,nsson,jetson_emulator,2,offload,0.6576733321915624,69.0036,49.7109,49.7109,50.994,80.9883,112.06483125000001,112.06483125000001,192.4337,90.0529
939,snn,nsson,jetson_emulator,2,local,0.6521327555646883,68.827,49.7062,68.827,70.6875,71.8039,112.06483125000001,112.06483125000001,192.643,90.0682
940,snn,nsson,jetson_emulator,2,offload,0.6549209627328139,68.9813,48.9869,48.9869,50.5923,81.281,112.06483125000001,112.06483125000001,192.6215,90.1075
941,snn,nsson,jetson_emulator,2,offload,0.6509029711026101,68.4815,50.0888,50.0888,51.418,80.8364,112.06483125000001,112.06483125000001,192.7154,90.1563
942,snn,nsson,jetson_emulator,2,offload,0.6623166432722031,69.0816,49.9095,49.9095,51.4213,80.9084,112.06483125000001,112.06483125000001,192.8094,90.1425
943,snn,nsson,jetson_emulator,2,local,0.667283029037518,68.9368,49.4213,68.9368,70.4254,71.7681,112.06483125000001,112.06483125000001,193.0189,90.1487
944,snn,nsson,jetson_emulator,2,offload,0.672615954673268,68.4571,50.0114,50.0114,51.3966,80.8675,112.06483125000001,112.06483125000001,192.9972,90.1032
945,snn,nsson,jetson_emulator,2,offload,0.6707969811577902,68.9243,49.607,49.607,50.1392,81.0302,112.06483125000001,112.06483125000001,193.0911,90.0352
946,snn,nsson,jetson_emulator,2,local,0.6660131578577674,69.6242,49.356,69.6242,70.3903,71.5449,112.06483125000001,112.06483125000001,193.3008,90.1144
947,snn,nsson,jetson_emulator,2,local,0.6683399794580768,69.5765,49.9059,69.5765,71.5379,71.5603,112.06483125000001,112.06483125000001,193.3947,90.0634
948,snn,nsson,jetson_emulator,2,offload,0.6650765092599199,68.7782,49.0826,49.0826,50.8974,81.2421,112.06483125000001,112.06483125000001,193.3728,90.2152
949,snn,nsson,jetson_emulator,2,local,0.6548186328226433,68.9369,49.1033,68.9369,70.6252,71.7681,112.06483125000001,112.06483125000001,193.5827,90.1231
950,snn,nsson,jetson_emulator,2,local,0.6566367295532867,69.3145,50.0216,69.3145,70.7888,71.6453,112.06483125000001,112.06483125000001,193.6766,90.147
951,snn,nsson,jetson_emulator,2,offload,0.6548611888879219,68.6006,49.2302,49.2302,50.5528,81.1824,112.06483125000001,112.06483125000001,193.6545,90.0397
952,snn,nsson,jetson_emulator,2,local,0.6478684654533714,69.204,50.3524,69.204,70.7618,71.6812,112.06483125000001,112.06483125000001,193.8646,90.1677
953,snn,nsson,jetson_emulator,2,local,0.6446206527904443,69.294,49.219,69.294,71.4382,71.6519,112.06483125000001,112.06483125000001,193.9585,90.0774
954,snn,nsson,jetson_emulator,2,local,0.6447418175081134,69.2127,49.486,69.2127,71.4418,71.6783,112.06483125000001,112.06483125000001,194.0525,90.0368
955,snn,nsson,jetson_emulator,2,offload,0.6542579065468661,69.3715,50.6158,50.6158,52.2836,80.6255,112.06483125000001,112.06483125000001,194.0302,90.1904
956,snn,nsson,jetson_emulator,2,local,0.651126493861288,68.5185,50.316,68.5185,69.9776,71.9046,112.06483125000001,112.06483125000001,194.2404,90.116
957,snn,nsson,jetson_emulator,2,offload,0.6526258020904276,68.7687,49.1173,49.1173,51.6284,81.2281,112.06483125000001,112.06483125000001,194.218,90.167
958,snn,nsson,jetson_emulator,2,offload,0.6555023507319794,68.5139,49.4688,49.4688,50.8711,81.0859,112.06483125000001,112.06483125000001,194.3119,90.1362
959,snn,nsson,jetson_emulator,2,offload,0.6584716813995983,69.1335,49.8198,49.8198,51.4735,80.9445,112.06483125000001,112.06483125000001,194.4058,90.1813
960,snn,nsson,jetson_emulator,2,local,0.6526865161309924,69.695,49.555,69.695,71.2553,71.522,112.06483125000001,112.06483125000001,194.6163,90.1037
961,snn,nsson,jetson_emulator,2,local,0.6414824771993335,68.9117,49.6009,68.9117,70.0869,71.7763,112.06483125000001,112.06483125000001,194.7103,90.1219
962,snn,nsson,jetson_emulator,2,local,0.635616981870395,68.9371,48.9928,68.9371,69.7686,71.768,112.06483125000001,112.06483125000001,194.8042,90.1718
963,snn,nsson,jetson_emulator,2,local,0.6309087970885945,69.8293,49.3403,69.8293,71.4795,71.4785,112.06483125000001,112.06483125000001,194.8982,90.136
964,snn,nsson,jetson_emulator,2,local,0.6254655269418428,68.9125,49.7045,68.9125,70.3115,71.776,112.06483125000001,112.06483125000001,194.9922,90.2365
965,snn,nsson,jetson_emulator,2,local,0.6253612156496099,68.4377,49.8933,68.4377,70.0405,71.931,112.06483125000001,112.06483125000001,195.0861,90.1534
966,snn,nsson,jetson_emulator,2,local,0.6297253690221993,68.591,48.9891,68.591,70.4918,71.8809,112.06483125000001,112.06483125000001,195.1801,90.1435
967,snn,nsson,jetson_emulator,2,local,0.6246243152373309,68.532,49.0679,68.532,71.0672,71.9002,112.06483125000001,112.06483125000001,195.2741,90.1332
968,snn,nsson,jetson_emulator,2,local,0.62071732664878,69.0615,50.1868,69.0615,70.7714,71.7275,112.06483125000001,112.06483125000001,195.368,90.1285
969,snn,nsson,jetson_emulator,2,local,0.6163351422930891,68.498,49.1769,68.498,70.5633,71.9113,112.06483125000001,112.06483125000001,195.462,90.0931
970,snn,nsson,jetson_emulator,2,offload,0.6206109015048743,68.4895,49.9555,49.9555,52.1432,80.8899,112.06483125000001,112.06483125000001,195.4389,90.2036
971,snn,nsson,jetson_emulator,2,local,0.6193855032228808,68.4638,48.9166,68.4638,70.2107,71.9225,112.06483125000001,112.06483125000001,195.6499,90.1746
972,snn,nsson,jetson_emulator,2,local,0.6237045582381373,68.4878,50.6918,68.4878,70.8821,71.9146,112.06483125000001,112.06483125000001,195.7439,90.135
973,snn,nsson,jetson_emulator,2,offload,0.621346944802096,68.7429,49.8633,49.8633,51.9165,80.927,112.06483125000001,112.06483125000001,195.7206,90.0719
974,snn,nsson,jetson_emulator,2,local,0.6179784756575862,69.5966,48.832,69.5966,70.6406,71.5538,112.06483125000001,112.06483125000001,195.9318,90.0777
975,snn,nsson,jetson_emulator,2,offload,0.6064944545091964,68.8915,49.3428,49.3428,51.5622,81.1368,112.06483125000001,112.06483125000001,195.9084,90.132
976,snn,nsson,jetson_emulator,2,offload,0.6092369970177524,68.5035,49.9721,49.9721,51.5927,80.8833,112.06483125000001,112.06483125000001,196.0023,90.0855
977,snn,nsson,jetson_emulator,2,offload,0.6026848264688345,68.3716,49.0808,49.0808,51.0474,81.2429,112.06483125000001,112.06483125000001,196.0962,90.1434
978,snn,nsson,jetson_emulator,2,offload,0.5909157673825532,69.5659,49.7492,49.7492,51.323,80.9729,112.06483125000001,112.06483125000001,196.1901,90.1598
979,snn,nsson,jetson_emulator,2,offload,0.5849871809910098,68.2386,48.8923,48.8923,51.1442,81.3194,112.06483125000001,112.06483125000001,196.2841,90.0314
980,snn,nsson,jetson_emulator,2,offload,0.5845727320864809,68.3241,49.511,49.511,50.4374,81.0689,112.06483125000001,112.06483125000001,196.378,90.1981
981,snn,nsson,jetson_emulator,2,offload,0.5957608940992427,68.1598,49.7086,49.7086,51.4583,80.9893,112.06483125000001,112.06483125000001,196.4719,90.1851
982,snn,nsson,jetson_emulator,2,local,0.5928608879895108,68.1188,49.6147,68.1188,70.1526,72.0355,112.06483125000001,112.06483125000001,196.6836,90.081
983,snn,nsson,jetson_emulator,2,offload,0.5956084458080605,68.2825,49.0918,49.0918,50.8152,81.2384,112.06483125000001,112.06483125000001,196.6597,90.1446
984,snn,nsson,jetson_emulator,2,local,0.5965676821453956,68.7871,49.0496,68.7871,71.0747,71.8169,112.06483125000001,112.06483125000001,196.8715,90.1492
985,snn,nsson,jetson_emulator,2,offload,0.6024951002041283,68.5614,49.0827,49.0827,51.164,81.2421,112.06483125000001,112.06483125000001,196.8475,90.1001
986,snn,nsson,jetson_emulator,2,offload,0.608186780789712,68.3248,49.4696,49.4696,50.7345,81.0856,112.06483125000001,112.06483125000001,196.9414,90.1637
987,snn,nsson,jetson_emulator,2,offload,0.6160083840514938,68.2839,49.7339,49.7339,51.9161,80.9791,112.06483125000001,112.06483125000001,197.0353,90.1472
988,snn,nsson,jetson_emulator,2,local,0.6150024250346392,69.0248,48.7486,69.0248,70.7089,71.7395,112.06483125000001,112.06483125000001,197.2474,90.1941
989,snn,nsson,jetson_emulator,2,offload,0.6094274484820056,67.9948,48.9404,48.9404,50.2752,81.2998,112.06483125000001,112.06483125000001,197.2232,90.1175
990,snn,nsson,jetson_emulator,2,local,0.6075119794630085,68.3264,49.3503,68.3264,70.133,71.9675,112.06483125000001,112.06483125000001,197.4353,90.1544
991,snn,nsson,jetson_emulator,2,offload,0.605692433851062,67.9497,49.5843,49.5843,50.8516,81.0394,112.06483125000001,112.06483125000001,197.411,90.1513
992,snn,nsson,jetson_emulator,2,offload,0.6092722069309187,68.1158,48.9562,48.9562,50.5958,81.2934,112.06483125000001,112.06483125000001,197.5049,90.1314
993,snn,nsson,jetson_emulator,2,local,0.6094429079753224,68.7179,48.5167,68.7179,70.4813,71.8395,112.06483125000001,112.06483125000001,197.7172,90.1294
994,snn,nsson,jetson_emulator,2,local,0.6116520105261886,67.8381,48.6833,67.8381,69.5717,72.1278,112.06483125000001,112.06483125000001,197.8112,90.1091
995,snn,nsson,jetson_emulator,2,local,0.6097987114100235,68.1838,48.8682,68.1838,69.5448,72.0142,112.06483125000001,112.06483125000001,197.9052,90.0528
996,snn,nsson,jetson_emulator,2,local,0.6054920833363233,68.7817,48.5756,68.7817,71.0322,71.8187,112.06483125000001,112.06483125000001,197.9991,90.1405
997,snn,nsson,jetson_emulator,2,offload,0.6038474949812898,68.0874,48.6503,48.6503,49.8324,81.4177,112.06483125000001,112.06483125000001,197.9744,90.1318
998,snn,nsson,jetson_emulator,2,offload,0.6034688514071015,68.5529,48.6839,48.6839,49.623,81.4041,112.06483125000001,112.06483125000001,198.0684,90.0776
999,snn,nsson,jetson_emulator,2,offload,0.6007618998539748,67.7707,48.5772,48.5772,50.0954,81.4475,112.06483125000001,112.06483125000001,198.1623,90.132
1000,snn,nsson,jetson_emulator,2,local,0.5996349819770258,68.3399,48.482,68.3399,70.7861,71.9631,112.06483125000001,112.06483125000001,198.375,90.1029
1001,snn,nsson,jetson_emulator,2,offload,0.5970277055332497,67.6189,48.7857,48.7857,51.2431,81.3627,112.06483125000001,112.06483125000001,198.3501,90.073
1002,snn,nsson,jetson_emulator,2,offload,0.5894761503494322,67.5916,48.5851,48.5851,50.1297,81.4443,112.06483125000001,112.06483125000001,198.444,90.0222
1003,snn,nsson,jetson_emulator,2,offload,0.5955569948155134,68.1508,48.7259,48.7259,50.6649,81.387,112.06483125000001,112.06483125000001,198.5379,90.1826
1004,snn,nsson,jetson_emulator,2,local,0.59266894451992,68.5213,48.3159,68.5213,70.858,71.9037,112.06483125000001,112.06483125000001,198.7509,90.1034
1005,snn,nsson,jetson_emulator,2,offload,0.5831856992683231,67.7419,48.243,48.243,49.7829,81.5839,112.06483125000001,112.06483125000001,198.7257,90.1002
1006,snn,nsson,jetson_emulator,2,offload,0.5878564737597102,67.4874,49.1185,49.1185,50.7686,81.2276,112.06483125000001,112.06483125000001,198.8196,90.1794
1007,snn,nsson,jetson_emulator,2,offload,0.5834964816585669,68.3023,48.8476,48.8476,50.3992,81.3375,112.06483125000001,112.06483125000001,198.9136,90.0787
1008,snn,nsson,jetson_emulator,2,offload,0.5838423309628618,67.4782,48.073,48.073,50.0943,81.6534,112.06483125000001,112.06483125000001,199.0075,90.1383
1009,snn,nsson,jetson_emulator,2,local,0.5767388874109736,67.8173,48.0858,67.8173,71.2462,72.1346,112.06483125000001,112.06483125000001,199.2207,90.1192
1010,snn,nsson,jetson_emulator,2,offload,0.5811368967524368,67.1835,48.1842,48.1842,49.842,81.6079,112.06483125000001,112.06483125000001,199.1953,90.131
1011,snn,nsson,jetson_emulator,2,local,0.5882947733791207,68.1841,48.7402,68.1841,70.2357,72.0141,112.06483125000001,112.06483125000001,199.4086,90.0925
1012,snn,nsson,jetson_emulator,2,local,0.5833188806051771,67.1737,48.4258,67.1737,68.8445,72.347,112.06483125000001,112.06483125000001,199.5026,90.0756
1013,snn,nsson,jetson_emulator,2,offload,0.5930730250090004,68.5355,48.1988,48.1988,49.5896,81.6019,112.06483125000001,112.06483125000001,199.477,90.1149
1014,snn,nsson,jetson_emulator,2,local,0.5968881871416872,67.4793,48.3946,67.4793,69.8025,72.246,112.06483125000001,112.06483125000001,199.6905,90.0726
1015,snn,nsson,jetson_emulator,2,local,0.601048317966942,67.044,48.3154,67.044,68.4932,72.39,112.06483125000001,112.06483125000001,199.7845,90.1154
1016,snn,nsson,jetson_emulator,2,offload,0.597935033455809,67.772,47.8861,47.8861,50.0726,81.73,112.06483125000001,112.06483125000001,199.7588,90.1348
1017,snn,nsson,jetson_emulator,2,local,0.5981942953147963,68.2005,48.433,68.2005,69.7781,72.0087,112.06483125000001,112.06483125000001,199.9724,90.1201
1018,snn,nsson,jetson_emulator,2,offload,0.6038917975509961,67.1851,47.8732,47.8732,49.0948,81.7352,112.06483125000001,112.06483125000001,199.9466,90.0707
1019,snn,nsson,jetson_emulator,2,local,0.6046893495582853,67.4825,48.0532,67.4825,69.2977,72.245,112.06483125000001,112.06483125000001,200.1604,90.1594
1020,snn,nsson,jetson_emulator,2,offload,0.6090664845652025,67.7737,48.0884,48.0884,49.3693,81.6471,112.06483125000001,112.06483125000001,200.1344,90.1851
1021,snn,nsson,jetson_emulator,2,local,0.6309429476469401,67.3235,48.4481,67.3235,68.7744,72.2975,112.06483125000001,112.06483125000001,200.3483,90.0985
1022,snn,nsson,jetson_emulator,2,local,0.6344899252430082,67.3165,49.3385,67.3165,69.5011,72.2998,112.06483125000001,112.06483125000001,200.4423,90.0152
1023,snn,nsson,jetson_emulator,2,local,0.6231759189057593,67.6046,47.9791,67.6046,69.1805,72.2047,112.06483125000001,112.06483125000001,200.5362,90.1403
1024,snn,nsson,jetson_emulator,2,local,0.6270754202713948,66.9206,48.6577,66.9206,69.0492,72.4309,112.06483125000001,112.06483125000001,200.6302,90.058
1025,snn,nsson,jetson_emulator,2,local,0.620421631987453,68.3194,48.0051,68.3194,69.4132,71.9698,112.06483125000001,112.06483125000001,200.7242,90.1178
1026,snn,nsson,jetson_emulator,2,offload,0.6196724002767382,67.4503,47.9108,47.9108,49.9051,81.7198,112.06483125000001,112.06483125000001,200.6979,90.0967
1027,snn,nsson,jetson_emulator,2,offload,0.6184920727386133,67.0017,48.2735,48.2735,49.733,81.5714,112.06483125000001,112.06483125000001,200.7918,90.1206
1028,snn,nsson,jetson_emulator,2,offload,0.6134608552689065,67.6115,48.2081,48.2081,49.8119,81.5981,112.06483125000001,112.06483125000001,200.8857,90.1913
1029,snn,nsson,jetson_emulator,2,local,0.6149316434744033,66.8107,48.8101,66.8107,68.8263,72.4674,112.06483125000001,112.06483125000001,201.1,90.1547
1030,snn,nsson,jetson_emulator,2,local,0.6160800319868367,66.696,48.2737,66.696,68.0776,72.5055,112.06483125000001,112.06483125000001,201.194,90.1682
1031,snn,nsson,jetson_emulator,2,offload,0.6065011189493342,66.643,48.3514,48.3514,50.2779,81.5396,112.06483125000001,112.06483125000001,201.1674,90.0172
1032,snn,nsson,jetson_emulator,2,offload,0.602772611302876,67.1603,48.2899,48.2899,50.2596,81.5647,112.06483125000001,112.06483125000001,201.2613,90.072
1033,snn,nsson,jetson_emulator,2,offload,0.6032842372977868,67.9911,48.919,48.919,50.2553,81.3085,112.06483125000001,112.06483125000001,201.3552,90.0921
1034,snn,nsson,jetson_emulator,2,offload,0.6019104138042783,67.2927,48.1276,48.1276,49.3045,81.6311,112.06483125000001,112.06483125000001,201.4491,90.1749
1035,snn,nsson,jetson_emulator,2,offload,0.5976011647759545,66.5406,49.5904,49.5904,50.9631,81.0369,112.06483125000001,112.06483125000001,201.5431,90.0987
1036,snn,nsson,jetson_emulator,2,offload,0.6012106045315334,66.8791,49.0059,49.0059,50.8822,81.2733,112.06483125000001,112.06483125000001,201.637,90.0924
1037,snn,nsson,jetson_emulator,2,offload,0.61122545360261,66.7155,47.7904,47.7904,49.2755,81.7692,112.06483125000001,112.06483125000001,201.7309,90.1105
1038,snn,nsson,jetson_emulator,2,offload,0.6040299883119301,66.614,47.8736,47.8736,49.5575,81.7351,112.06483125000001,112.06483125000001,201.8248,90.0688
1039,snn,nsson,jetson_emulator,2,offload,0.6046015203280763,67.0986,47.7416,47.7416,49.5378,81.7893,112.06483125000001,112.06483125000001,201.9187,90.2014
1040,snn,nsson,jetson_emulator,2,local,0.6101803923179934,66.5012,47.9162,66.5012,68.6759,72.5703,112.06483125000001,112.06483125000001,202.1337,90.0753
1041,snn,nsson,jetson_emulator,2,offload,0.6191763498293653,66.607,48.0289,48.0289,49.9512,81.6714,112.06483125000001,112.06483125000001,202.1065,90.1672
1042,snn,nsson,jetson_emulator,2,local,0.6189960585556481,67.7931,48.1172,67.7931,69.4376,72.1426,112.06483125000001,112.06483125000001,202.3216,90.1259
1043,snn,nsson,jetson_emulator,2,local,0.6263084340283924,66.5024,47.7908,66.5024,68.2079,72.5699,112.06483125000001,112.06483125000001,202.4156,90.1259
1044,snn,nsson,jetson_emulator,2,local,0.6244533592015746,66.5963,48.1546,66.5963,67.7413,72.5387,112.06483125000001,112.06483125000001,202.5095,90.1397
1045,snn,nsson,jetson_emulator,2,offload,0.6290627039982032,66.9628,47.6825,47.6825,49.212,81.8136,112.06483125000001,112.06483125000001,202.4822,90.136
1046,snn,nsson,jetson_emulator,2,local,0.6258809353737711,66.7583,47.9556,66.7583,68.428,72.4848,112.06483125000001,112.06483125000001,202.6975,90.1126
1047,snn,nsson,jetson_emulator,2,offload,0.6302397084652115,67.2143,47.9391,47.9391,49.5331,81.7082,112.06483125000001,112.06483125000001,202.67,90.0927
1048,snn,nsson,jetson_emulator,2,local,0.6217121435910224,66.8796,47.9247,66.8796,69.0794,72.4445,112.06483125000001,112.06483125000001,202.8854,90.1228
1049,snn,nsson,jetson_emulator,2,local,0.611167687324757,66.6373,48.5034,66.6373,68.4449,72.525,112.06483125000001,112.06483125000001,202.9794,90.1502
1050,snn,nsson,jetson_emulator,2,offload,0.6091002511972808,66.6564,49.3841,49.3841,51.6528,81.1202,112.06483125000001,112.06483125000001,202.9517,90.12
1051,snn,nsson,jetson_emulator,2,offload,0.6053244425647978,66.4817,48.1734,48.1734,49.7257,81.6123,112.06483125000001,112.06483125000001,203.0456,90.1107
1052,snn,nsson,jetson_emulator,2,offload,0.6004895594592994,66.8978,47.9974,47.9974,49.1308,81.6843,112.06483125000001,112.06483125000001,203.1395,90.1607
1053,snn,nsson,jetson_emulator,2,offload,0.6009404119121872,66.8197,48.4499,48.4499,49.7742,81.4994,112.06483125000001,112.06483125000001,203.2335,90.1162
1054,snn,nsson,jetson_emulator,2,local,0.6033801754234901,66.9137,47.9939,66.9137,68.4274,72.4332,112.06483125000001,112.06483125000001,203.4492,90.0658
1055,snn,nsson,jetson_emulator,2,local,0.6006052658700142,66.8422,47.8791,66.8422,68.7914,72.4569,112.06483125000001,112.06483125000001,203.5432,90.169
1056,snn,nsson,jetson_emulator,2,local,0.6053448521934555,66.5319,47.7337,66.5319,68.23,72.5601,112.06483125000001,112.06483125000001,203.6371,90.0901
1057,snn,nsson,jetson_emulator,2,offload,0.6038029950344954,67.502,48.3566,48.3566,50.3818,81.5374,112.06483125000001,112.06483125000001,203.6091,90.0823
1058,snn,nsson,jetson_emulator,2,local,0.6040900485194977,66.8047,47.7289,66.8047,69.1108,72.4694,112.06483125000001,112.06483125000001,203.8251,90.1086
1059,snn,nsson,jetson_emulator,2,local,0.5979064637974296,66.8783,48.6958,66.8783,68.7709,72.445,112.06483125000001,112.06483125000001,203.919,90.1759
1060,snn,nsson,jetson_emulator,2,offload,0.5804517986948343,67.4756,48.8397,48.8397,50.765,81.3407,112.06483125000001,112.06483125000001,203.8908,90.1397
1061,snn,nsson,jetson_emulator,2,offload,0.5696469176892697,66.7085,47.7894,47.7894,49.3101,81.7696,112.06483125000001,112.06483125000001,203.9847,90.1046
1062,snn,nsson,jetson_emulator,2,offload,0.581248919317798,67.1619,47.7404,47.7404,49.5455,81.7898,112.06483125000001,112.06483125000001,204.0787,90.1835
1063,snn,nsson,jetson_emulator,2,local,0.5771769827513392,66.7567,47.8414,66.7567,68.5756,72.4853,112.06483125000001,112.06483125000001,204.2949,90.0287
1064,snn,nsson,jetson_emulator,2,local,0.5745814801265048,67.2051,48.6553,67.2051,68.6932,72.3367,112.06483125000001,112.06483125000001,204.3889,90.1527
1065,snn,nsson,jetson_emulator,2,offload,0.5754387802430326,67.242,48.332,48.332,49.8041,81.5475,112.06483125000001,112.06483125000001,204.3604,90.1398
1066,snn,nsson,jetson_emulator,2,local,0.5849143477283127,66.747,49.8336,66.747,68.7334,72.4886,112.06483125000001,112.06483125000001,204.5768,90.1693
1067,snn,nsson,jetson_emulator,2,local,0.5856792582872143,67.393,48.3023,67.393,69.3115,72.2745,112.06483125000001,112.06483125000001,204.6708,90.171
1068,snn,nsson,jetson_emulator,2,offload,0.5905590163402847,66.8361,48.1008,48.1008,49.5229,81.642,112.06483125000001,112.06483125000001,204.6421,90.1312
1069,snn,nsson,jetson_emulator,2,offload,0.6049583179761088,67.0473,47.8683,47.8683,49.1682,81.7373,112.06483125000001,112.06483125000001,204.736,90.0174
1070,snn,nsson,jetson_emulator,2,offload,0.612933121770272,67.1242,47.9798,47.9798,49.6402,81.6916,112.06483125000001,112.06483125000001,204.8299,90.134
1071,snn,nsson,jetson_emulator,2,offload,0.6091347672519495,66.981,48.919,48.919,51.1567,81.3085,112.06483125000001,112.06483125000001,204.9238,90.1502
1072,snn,nsson,jetson_emulator,2,local,0.6171143152793402,66.9988,48.2761,66.9988,69.0675,72.405,112.06483125000001,112.06483125000001,205.1406,90.0682
1073,snn,nsson,jetson_emulator,2,local,0.6159102528762035,66.8855,48.2483,66.8855,68.7372,72.4425,112.06483125000001,112.06483125000001,205.2346,90.1063
1074,snn,nsson,jetson_emulator,2,local,0.6140916278376937,67.4282,48.3062,67.4282,69.4982,72.2629,112.06483125000001,112.06483125000001,205.3286,90.124
1075,snn,nsson,jetson_emulator,2,offload,0.603756125598906,67.7714,48.4082,48.4082,49.6961,81.5164,112.06483125000001,112.06483125000001,205.2995,90.2224
1076,snn,nsson,jetson_emulator,2,local,0.5960739967950708,67.1458,47.9444,67.1458,69.0203,72.3563,112.06483125000001,112.06483125000001,205.5165,90.0896
1077,snn,nsson,jetson_emulator,2,offload,0.6000684255101618,67.688,48.2658,48.2658,49.6393,81.5745,112.06483125000001,112.06483125000001,205.4873,90.1286
1078,snn,nsson,jetson_emulator,2,local,0.6097034486073976,67.2107,48.691,67.2107,68.9371,72.3348,112.06483125000001,112.06483125000001,205.7044,90.1551
1079,snn,nsson,jetson_emulator,2,local,0.6015138162490018,68.2433,49.0279,68.2433,70.2412,71.9947,112.06483125000001,112.06483125000001,205.7984,90.1221
1080,snn,nsson,jetson_emulator,2,local,0.6098284899536184,67.4434,48.3508,67.4434,69.6972,72.2579,112.06483125000001,112.06483125000001,205.8924,90.1094
1081,snn,nsson,jetson_emulator,2,local,0.6199999057296066,67.3144,48.1757,67.3144,68.671,72.3005,112.06483125000001,112.06483125000001,205.9863,90.1105
1082,snn,nsson,jetson_emulator,2,offload,0.6273439468388631,67.7655,48.9608,48.9608,51.1202,81.2916,112.06483125000001,112.06483125000001,205.9569,90.128
1083,snn,nsson,jetson_emulator,2,local,0.6312303120715053,67.8086,48.4765,67.8086,69.5795,72.1375,112.06483125000001,112.06483125000001,206.1743,90.1159
1084,snn,nsson,jetson_emulator,2,offload,0.632487918005192,67.5653,48.188,48.188,49.4585,81.6064,112.06483125000001,112.06483125000001,206.1447,90.1621
1085,snn,nsson,jetson_emulator,2,local,0.6435037842596819,67.4204,48.8426,67.4204,68.7437,72.2655,112.06483125000001,112.06483125000001,206.3622,90.0927
1086,snn,nsson,jetson_emulator,2,local,0.6520277225916044,67.9927,49.9428,67.9927,69.8861,72.0769,112.06483125000001,112.06483125000001,206.4562,90.0657
1087,snn,nsson,jetson_emulator,2,offload,0.648252011143418,67.7652,48.9044,48.9044,51.0163,81.3144,112.06483125000001,112.06483125000001,206.4264,90.1355
1088,snn,nsson,jetson_emulator,2,local,0.6599269274381823,69.4352,49.4563,69.4352,70.5344,71.6061,112.06483125000001,112.06483125000001,206.6441,90.1162
1089,snn,nsson,jetson_emulator,2,offload,0.651440296072785,67.8124,48.4276,48.4276,50.3012,81.5085,112.06483125000001,112.06483125000001,206.6142,90.1196
1090,snn,nsson,jetson_emulator,2,offload,0.6484035640547766,67.9393,48.8991,48.8991,50.3843,81.3166,112.06483125000001,112.06483125000001,206.7082,90.1617
1091,snn,nsson,jetson_emulator,2,local,0.6585359065378568,67.8276,48.7351,67.8276,69.1303,72.1312,112.06483125000001,112.06483125000001,206.926,90.1002
1092,snn,nsson,jetson_emulator,2,local,0.657912445220875,68.2052,49.4282,68.2052,70.1,72.0072,112.06483125000001,112.06483125000001,207.02,90.0494
1093,snn,nsson,jetson_emulator,2,local,0.6606493528733807,68.2858,49.6745,68.2858,69.8876,71.9808,112.06483125000001,112.06483125000001,207.1139,90.0872
1094,snn,nsson,jetson_emulator,2,local,0.6675733889364632,68.1863,49.2334,68.1863,70.1184,72.0134,112.06483125000001,112.06483125000001,207.2079,90.1652
1095,snn,nsson,jetson_emulator,2,local,0.6745535364287372,68.0897,49.1428,68.0897,69.6393,72.0451,112.06483125000001,112.06483125000001,207.3019,90.1078
1096,snn,nsson,jetson_emulator,2,local,0.6693576491667145,69.028,48.7057,69.028,70.6293,71.7384,112.06483125000001,112.06483125000001,207.3958,90.1371
1097,snn,nsson,jetson_emulator,2,local,0.6644135329524636,68.863,49.2363,68.863,70.843,71.7921,112.06483125000001,112.06483125000001,207.4898,90.1061
1098,snn,nsson,jetson_emulator,2,offload,0.6612821064261969,68.217,49.7961,49.7961,51.8299,80.954,112.06483125000001,112.06483125000001,207.4594,90.0274
1099,snn,nsson,jetson_emulator,2,offload,0.6618616584914044,69.0118,49.0802,49.0802,50.7175,81.2431,112.06483125000001,112.06483125000001,207.5534,90.0591
1100,snn,nsson,jetson_emulator,2,local,0.6604700814025138,69.8975,49.4394,69.8975,71.8368,71.4565,112.06483125000001,112.06483125000001,207.7717,90.1002
1101,snn,nsson,jetson_emulator,2,offload,0.6622830569193785,68.9562,49.7708,49.7708,50.9597,80.9642,112.06483125000001,112.06483125000001,207.7412,90.2154
1102,snn,nsson,jetson_emulator,2,offload,0.6695958476184916,69.6045,49.3277,49.3277,51.0497,81.143,112.06483125000001,112.06483125000001,207.8351,90.0891
1103,snn,nsson,jetson_emulator,2,offload,0.6719761453446526,69.0728,50.3511,50.3511,51.9292,80.7313,112.06483125000001,112.06483125000001,207.929,90.1731
1104,snn,nsson,jetson_emulator,2,offload,0.6669307155218386,68.6069,49.5317,49.5317,51.8815,81.0606,112.06483125000001,112.06483125000001,208.0229,90.0882
1105,snn,nsson,jetson_emulator,2,offload,0.6699458390056624,69.2519,49.8588,49.8588,51.1553,80.9288,112.06483125000001,112.06483125000001,208.1168,90.1271
1106,snn,nsson,jetson_emulator,2,local,0.6770077679857848,69.2236,49.7923,69.2236,70.8819,71.6748,112.06483125000001,112.06483125000001,208.3355,90.2102
1107,snn,nsson,jetson_emulator,2,offload,0.6771925008940366,69.3466,49.2273,49.2273,50.5343,81.1836,112.06483125000001,112.06483125000001,208.3046,90.1181
1108,snn,nsson,jetson_emulator,2,offload,0.68,69.5877,49.8384,49.8384,51.5759,80.937,112.06483125000001,112.06483125000001,208.3985,90.0591
1109,snn,nsson,jetson_emulator,2,local,0.6769319423473321,69.3508,49.5687,69.3508,70.9653,71.6335,112.06483125000001,112.06483125000001,208.6174,90.0856
1110,snn,nsson,jetson_emulator,2,local,0.68,69.5678,50.5115,69.5678,71.5609,71.5631,112.06483125000001,112.06483125000001,208.7114,90.1441
1111,snn,nsson,jetson_emulator,2,offload,0.6732508070176654,69.8392,49.9817,49.9817,52.2604,80.8794,112.06483125000001,112.06483125000001,208.6803,90.1586
1112,snn,nsson,jetson_emulator,2,local,0.674779036729857,70.1968,50.7691,70.1968,71.2231,71.36,112.06483125000001,112.06483125000001,208.8993,90.1844
1113,snn,nsson,jetson_emulator,2,offload,0.6783112873855596,69.9631,49.8808,49.8808,51.6476,80.92,112.06483125000001,112.06483125000001,208.8681,90.0723
1114,snn,nsson,jetson_emulator,2,local,0.6725531357865744,69.3721,50.7792,69.3721,70.824,71.6266,112.06483125000001,112.06483125000001,209.0872,89.9829
1115,snn,nsson,jetson_emulator,2,local,0.6685097210018304,69.9272,50.1725,69.9272,70.7174,71.4469,112.06483125000001,112.06483125000001,209.1812,90.0515
1116,snn,nsson,jetson_emulator,2,offload,0.6640092736873304,69.9565,51.2101,51.2101,52.6487,80.389,112.06483125000001,112.06483125000001,209.1498,90.059
1117,snn,nsson,jetson_emulator,2,local,0.6589994565596923,70.1615,49.8204,70.1615,71.1621,71.3714,112.06483125000001,112.06483125000001,209.3691,90.1316
1118,snn,nsson,jetson_emulator,2,offload,0.6510892568628024,70.0124,51.6838,51.6838,53.9413,80.2015,112.06483125000001,112.06483125000001,209.3377,90.1351
1119,snn,nsson,jetson_emulator,2,offload,0.6578991980089951,70.0641,50.1798,50.1798,51.1595,80.7999,112.06483125000001,112.06483125000001,209.4316,90.1265
1120,snn,nsson,jetson_emulator,2,local,0.6595851074054513,70.2138,50.0945,70.2138,72.8185,71.3545,112.06483125000001,112.06483125000001,209.651,90.1251
1121,snn,nsson,jetson_emulator,2,offload,0.6578729017459711,70.7378,51.0786,51.0786,52.9135,80.4412,112.06483125000001,112.06483125000001,209.6194,90.1072
1122,snn,nsson,jetson_emulator,2,offload,0.6688654305607198,70.5218,50.7464,50.7464,51.9853,80.5735,112.06483125000001,112.06483125000001,209.7133,90.1264
1123,snn,nsson,jetson_emulator,2,local,0.6641391087458841,70.5989,50.8793,70.5989,72.1239,71.2307,112.06483125000001,112.06483125000001,209.9329,90.084
1124,snn,nsson,jetson_emulator,2,local,0.6670770280376337,71.2119,50.3081,71.2119,72.8752,71.0346,112.06483125000001,112.06483125000001,210.0269,90.0659
1125,snn,nsson,jetson_emulator,2,offload,0.6786363986977215,70.5662,50.7355,50.7355,52.075,80.5778,112.06483125000001,112.06483125000001,209.995,90.0514
1126,snn,nsson,jetson_emulator,2,local,0.6697620497516141,71.1731,51.3132,71.1731,73.5506,71.047,112.06483125000001,112.06483125000001,210.2148,90.1489
1127,snn,nsson,jetson_emulator,2,local,0.6698817721689986,70.6932,50.7397,70.6932,72.5477,71.2005,112.06483125000001,112.06483125000001,210.3088,90.1183
1128,snn,nsson,jetson_emulator,2,offload,0.68,71.5902,50.6212,50.6212,52.2476,80.6234,112.06483125000001,112.06483125000001,210.2768,90.1491
1129,snn,nsson,jetson_emulator,2,offload,0.6788715530371454,70.7521,51.7583,51.7583,53.573,80.1721,112.06483125000001,112.06483125000001,210.3707,90.0857
1130,snn,nsson,jetson_emulator,2,offload,0.6763693492582917,71.0347,50.5974,50.5974,52.3346,80.6329,112.06483125000001,112.06483125000001,210.4646,90.1197
1131,snn,nsson,jetson_emulator,2,offload,0.6792577635449909,71.6326,51.1737,51.1737,53.1017,80.4035,112.06483125000001,112.06483125000001,210.5585,90.1339
1132,snn,nsson,jetson_emulator,2,local,0.6784817192235083,71.338,50.6568,71.338,72.456,70.9944,112.06483125000001,112.06483125000001,210.7786,90.0847
1133,snn,nsson,jetson_emulator,2,local,0.6691099414321077,70.9738,51.8272,70.9738,72.6058,71.1106,112.06483125000001,112.06483125000001,210.8726,90.0898
1134,snn,nsson,jetson_emulator,2,local,0.6706527215909629,71.5827,51.1624,71.5827,72.8437,70.9164,112.06483125000001,112.06483125000001,210.9666,90.1717
1135,snn,nsson,jetson_emulator,2,local,0.6724845810824692,71.6835,51.454,71.6835,72.7308,70.8844,112.06483125000001,112.06483125000001,211.0605,90.207
1136,snn,nsson,jetson_emulator,2,offload,0.6711649729927568,71.4417,51.3029,51.3029,52.8809,80.3522,112.06483125000001,112.06483125000001,211.0281,90.1997
1137,snn,nsson,jetson_emulator,2,local,0.6559061969984251,72.068,51.9016,72.068,73.4119,70.7624,112.06483125000001,112.06483125000001,211.2485,90.1038
1138,snn,nsson,jetson_emulator,2,local,0.65271350770829,71.4959,51.7185,71.4959,73.3936,70.9441,112.06483125000001,112.06483125000001,211.3425,90.1643
1139,snn,nsson,jetson_emulator,2,local,0.6575621474589202,71.5595,51.3666,71.5595,72.9882,70.9238,112.06483125000001,112.06483125000001,211.4364,90.0789
1140,snn,nsson,jetson_emulator,2,offload,0.665818173695048,72.1489,51.2162,51.2162,52.7925,80.3866,112.06483125000001,112.06483125000001,211.4037,90.1955
1141,snn,nsson,jetson_emulator,2,local,0.6612003538729424,71.8514,51.478,71.8514,73.4311,70.8311,112.06483125000001,112.06483125000001,211.6244,90.1309
1142,snn,nsson,jetson_emulator,2,local,0.670116751026755,72.0588,51.4679,72.0588,74.1764,70.7654,112.06483125000001,112.06483125000001,211.7183,90.1597
1143,snn,nsson,jetson_emulator,2,offload,0.671880872310623,72.2589,51.3606,51.3606,52.0771,80.3293,112.06483125000001,112.06483125000001,211.6854,90.0916
1144,snn,nsson,jetson_emulator,2,local,0.68,72.3774,52.2392,72.3774,74.3219,70.6646,112.06483125000001,112.06483125000001,211.9063,90.0684
1145,snn,nsson,jetson_emulator,2,offload,0.6750235369969018,72.058,52.0363,52.0363,53.4214,80.0625,112.06483125000001,112.06483125000001,211.8732,90.0843
1146,snn,nsson,jetson_emulator,2,offload,0.68,72.3765,51.7248,51.7248,53.0322,80.1853,112.06483125000001,112.06483125000001,211.9672,90.0945
1147,snn,nsson,jetson_emulator,2,offload,0.6732134725603015,73.1188,51.602,51.602,54.1496,80.2338,112.06483125000001,112.06483125000001,212.0611,90.0797
1148,snn,nsson,jetson_emulator,2,offload,0.6716458102134099,72.4386,52.5246,52.5246,54.252,79.8708,112.06483125000001,112.06483125000001,212.155,90.1502
1149,snn,nsson,jetson_emulator,2,offload,0.6636649988835964,72.2945,53.1218,53.1218,55.1189,79.6376,112.06483125000001,112.06483125000001,212.2489,90.0309
1150,snn,nsson,jetson_emulator,2,local,0.6664642200124479,72.6827,53.4386,72.6827,73.8626,70.5683,112.06483125000001,112.06483125000001,212.4701,90.1638
1151,snn,nsson,jetson_emulator,2,local,0.6633265818757883,72.7311,51.9232,72.7311,75.1525,70.5531,112.06483125000001,112.06483125000001,212.564,90.1514
1152,snn,nsson,jetson_emulator,2,offload,0.6676838976661021,72.8238,52.4732,52.4732,54.6881,79.8909,112.06483125000001,112.06483125000001,212.5306,90.1525
1153,snn,nsson,jetson_emulator,2,local,0.6642699588433751,72.5881,52.4412,72.5881,73.9404,70.5981,112.06483125000001,112.06483125000001,212.752,90.1162
1154,snn,nsson,jetson_emulator,2,local,0.6676053963321842,73.9352,53.2989,73.9352,75.5366,70.176,112.06483125000001,112.06483125000001,212.8459,90.0421
1155,snn,nsson,jetson_emulator,2,local,0.6745867622927673,74.3621,52.7384,74.3621,76.483,70.0433,112.06483125000001,112.06483125000001,212.9399,90.1532
1156,snn,nsson,jetson_emulator,2,local,0.6795662334507819,74.0644,52.1834,74.0644,75.7962,70.1358,112.06483125000001,112.06483125000001,213.0339,90.1019
1157,snn,nsson,jetson_emulator,2,local,0.6674822514358477,73.8204,52.619,73.8204,76.3033,70.2118,112.06483125000001,112.06483125000001,213.1278,90.2147
1158,snn,nsson,jetson_emulator,2,local,0.6742672381945597,73.3401,52.7869,73.3401,75.0285,70.3619,112.06483125000001,112.06483125000001,213.2218,90.1238
1159,snn,nsson,jetson_emulator,2,local,0.6779065364931359,73.0673,52.2307,73.0673,74.8175,70.4474,112.06483125000001,112.06483125000001,213.3158,90.0631
1160,snn,nsson,jetson_emulator,2,local,0.6774101703456741,73.3615,52.5637,73.3615,74.7502,70.3552,112.06483125000001,112.06483125000001,213.4097,90.1433
1161,snn,nsson,jetson_emulator,2,offload,0.6782221136741031,73.3576,52.8303,52.8303,55.3226,79.7513,112.06483125000001,112.06483125000001,213.3758,90.1961
1162,snn,nsson,jetson_emulator,2,offload,0.6755617236396378,73.2363,52.681,52.681,54.9288,79.8096,112.06483125000001,112.06483125000001,213.4697,90.1075
1163,snn,nsson,jetson_emulator,2,offload,0.6756007288496416,73.6874,52.4925,52.4925,55.0773,79.8834,112.06483125000001,112.06483125000001,213.5636,90.0807
1164,snn,nsson,jetson_emulator,2,local,0.6751731809132548,73.5604,53.4817,73.5604,75.1071,70.293,112.06483125000001,112.06483125000001,213.7856,90.1024
1165,snn,nsson,jetson_emulator,2,offload,0.6703836040760338,74.4355,52.5384,52.5384,54.2434,79.8654,112.06483125000001,112.06483125000001,213.7515,90.0289
1166,snn,nsson,jetson_emulator,2,offload,0.6752619427846641,74.0897,52.6336,52.6336,54.7201,79.8281,112.06483125000001,112.06483125000001,213.8454,90.1575
1167,snn,nsson,jetson_emulator,2,local,0.6702919277538377,73.7229,52.754,73.7229,75.2445,70.2422,112.06483125000001,112.06483125000001,214.0675,90.1073
1168,snn,nsson,jetson_emulator,2,local,0.6706712957485161,74.322,52.6546,74.322,76.8758,70.0558,112.06483125000001,112.06483125000001,214.1615,90.1312
1169,snn,nsson,jetson_emulator,2,offload,0.6694858088907069,73.6512,52.8846,52.8846,54.6534,79.7301,112.06483125000001,112.06483125000001,214.1271,90.0096
1170,snn,nsson,jetson_emulator,2,local,0.68,74.074,54.0779,74.074,75.7298,70.1328,112.06483125000001,112.06483125000001,214.3494,90.0621
1171,snn,nsson,jetson_emulator,2,offload,0.68,73.9245,53.0834,53.0834,54.6954,79.6525,112.06483125000001,112.06483125000001,214.3149,90.0861
1172,snn,nsson,jetson_emulator,2,offload,0.6786287410214761,74.6763,53.3485,53.3485,54.4707,79.5494,112.06483125000001,112.06483125000001,214.4088,90.1368
1173,snn,nsson,jetson_emulator,2,local,0.6663667642626038,74.3969,53.6452,74.3969,76.4329,70.0326,112.06483125000001,112.06483125000001,214.6313,90.1845
1174,snn,nsson,jetson_emulator,2,local,0.6720040427505352,74.5381,54.4785,74.5381,76.0815,69.9888,112.06483125000001,112.06483125000001,214.7253,90.1748
1175,snn,nsson,jetson_emulator,2,offload,0.6733468831998635,74.2565,53.4581,53.4581,54.9344,79.5068,112.06483125000001,112.06483125000001,214.6906,90.1184
1176,snn,nsson,jetson_emulator,2,local,0.6730570110729697,74.6911,54.081,74.6911,76.3264,69.9414,112.06483125000001,112.06483125000001,214.9132,90.071
1177,snn,nsson,jetson_emulator,2,local,0.6744662756767192,74.3048,53.4443,74.3048,76.2849,70.0611,112.06483125000001,112.06483125000001,215.0072,90.0838
1178,snn,nsson,jetson_emulator,2,local,0.6647807111346181,74.407,54.6276,74.407,76.0517,70.0294,112.06483125000001,112.06483125000001,215.1011,90.2472
1179,snn,nsson,jetson_emulator,2,local,0.6654858172592055,74.1841,53.0779,74.1841,75.9478,70.0986,112.06483125000001,112.06483125000001,215.1951,90.1222
1180,snn,nsson,jetson_emulator,2,local,0.6662942145945695,74.7351,53.9316,74.7351,76.5926,69.9278,112.06483125000001,112.06483125000001,215.2891,90.1933
1181,snn,nsson,jetson_emulator,2,offload,0.6654834622537991,75.2482,53.4324,53.4324,55.1492,79.5168,112.06483125000001,112.06483125000001,215.254,90.1093
1182,snn,nsson,jetson_emulator,2,offload,0.6595977802353785,74.9046,53.7497,53.7497,54.9921,79.3938,112.06483125000001,112.06483125000001,215.3479,90.1343
1183,snn,nsson,jetson_emulator,2,local,0.6649513454017205,74.9576,53.5902,74.9576,76.1731,69.8591,112.06483125000001,112.06483125000001,215.571,90.0962
1184,snn,nsson,jetson_emulator,2,local,0.6536893971233996,75.309,54.0266,75.309,77.2262,69.7508,112.06483125000001,112.06483125000001,215.6649,90.0355
1185,snn,nsson,jetson_emulator,2,local,0.6607176098864956,74.7399,53.3545,74.7399,76.5719,69.9263,112.06483125000001,112.06483125000001,215.7589,90.1884
1186,snn,nsson,jetson_emulator,2,local,0.659355158434824,75.0804,53.6738,75.0804,76.5052,69.8212,112.06483125000001,112.06483125000001,215.8529,90.0584
1187,snn,nsson,jetson_emulator,2,offload,0.6644288365365008,74.5091,54.3565,54.3565,55.9028,79.1596,112.06483125000001,112.06483125000001,215.8175,90.0439
1188,snn,nsson,jetson_emulator,2,offload,0.6671945008329205,74.6006,54.0175,54.0175,55.9975,79.2903,112.06483125000001,112.06483125000001,215.9114,90.1468
1189,snn,nsson,jetson_emulator,2,local,0.6738592342501021,74.7343,53.3387,74.7343,76.8717,69.928,112.06483125000001,112.06483125000001,216.1348,90.1639
1190,snn,nsson,jetson_emulator,2,local,0.6711094370079786,75.0652,53.367,75.0652,76.5919,69.8258,112.06483125000001,112.06483125000001,216.2287,90.2232
1191,snn,nsson,jetson_emulator,2,local,0.6734087020843348,74.9067,54.7384,74.9067,76.9525,69.8748,112.06483125000001,112.06483125000001,216.3227,90.1225
1192,snn,nsson,jetson_emulator,2,local,0.6718382857092716,75.4082,53.9421,75.4082,77.0551,69.7202,112.06483125000001,112.06483125000001,216.4167,90.0996
1193,snn,nsson,jetson_emulator,2,offload,0.6663762334217782,75.7034,54.2723,54.2723,56.0979,79.1921,112.06483125000001,112.06483125000001,216.381,90.0856
1194,snn,nsson,jetson_emulator,2,local,0.670467071630472,75.0472,53.6284,75.0472,76.0239,69.8314,112.06483125000001,112.06483125000001,216.6046,90.1345
1195,snn,nsson,jetson_emulator,2,local,0.6698436631657974,74.8011,53.8625,74.8011,76.5255,69.9074,112.06483125000001,112.06483125000001,216.6986,90.2262
1196,snn,nsson,jetson_emulator,2,local,0.67217845037951,74.7784,54.335,74.7784,76.5321,69.9144,112.06483125000001,112.06483125000001,216.7925,90.0911
1197,snn,nsson,jetson_emulator,2,local,0.6767695638842846,74.7973,53.8365,74.7973,76.3559,69.9086,112.06483125000001,112.06483125000001,216.8865,90.1001
1198,snn,nsson,jetson_emulator,2,offload,0.6713256116209634,75.0338,53.8683,53.8683,56.1344,79.3479,112.06483125000001,112.06483125000001,216.8505,90.1829
1199,snn,nsson,jetson_emulator,2,offload,0.68,75.0161,54.1474,54.1474,55.2204,79.2402,112.06483125000001,112.06483125000001,216.9444,90.1807
1200,snn,nsson,jetson_emulator,2,local,0.68,74.8328,53.5858,74.8328,76.3124,69.8976,112.06483125000001,112.06483125000001,217.1684,90.1425
