cycle_id,model,architecture,profile,nodes,decision,threshold,local_latency_ms,offload_latency_ms,total_latency_ms,rtt_ms,throughput_fps,local_power_mw,offload_power_mw,effective_power_mw,accuracy_step
1,snn,nsson,jetson_emulator,20,local,0.49433314181377,37.5706,28.0453,37.5706,39.7477,77.7392,112.06483125000001,112.06483125000001,106.1917,90.1266
2,snn,nsson,jetson_emulator,20,local,0.49542804896271775,37.7682,27.208,37.7682,39.5839,77.6637,112.06483125000001,112.06483125000001,106.2872,90.1298
3,snn,nsson,jetson_emulator,20,local,0.49911757891872627,37.603,27.2597,37.603,40.0337,77.7268,112.06483125000001,112.06483125000001,106.3827,90.0864
4,snn,nsson,jetson_emulator,20,local,0.4965526741654789,38.8331,27.1796,38.8331,40.4036,77.2596,112.06483125000001,112.06483125000001,106.4782,90.0938
5,snn,nsson,jetson_emulator,20,offload,0.48932193209743763,37.848,27.1191,27.1191,29.6612,83.7958,112.06483125000001,112.06483125000001,105.9456,90.1379
6,snn,nsson,jetson_emulator,20,local,0.494581276152631,37.8229,27.3319,37.8229,40.1648,77.6429,112.06483125000001,112.06483125000001,106.6692,90.1633
7,snn,nsson,jetson_emulator,20,offload,0.4953199506390159,37.892,28.1946,28.1946,29.3596,83.7958,112.06483125000001,112.06483125000001,106.1354,90.0871
8,snn,nsson,jetson_emulator,20,offload,0.49023278448546576,38.1639,27.4071,27.4071,28.7815,83.7958,112.06483125000001,112.06483125000001,106.2303,90.2187
9,snn,nsson,jetson_emulator,20,local,0.49248535229191387,38.5984,28.7288,38.5984,40.7361,77.3483,112.06483125000001,112.06483125000001,106.9556,90.0837
10,snn,nsson,jetson_emulator,20,offload,0.4964340952536082,38.1533,27.3294,27.3294,29.0418,83.7958,112.06483125000001,112.06483125000001,106.4202,90.0879
11,snn,nsson,jetson_emulator,20,local,0.5018245795798314,38.6039,27.3844,38.6039,40.3597,77.3462,112.06483125000001,112.06483125000001,107.1466,90.0878
12,snn,nsson,jetson_emulator,20,offload,0.49590769061500806,39.3989,27.768,27.768,29.0228,83.7958,112.06483125000001,112.06483125000001,106.61,90.1989
13,snn,nsson,jetson_emulator,20,local,0.4928819037560249,38.4207,27.6358,38.4207,40.6823,77.4156,112.06483125000001,112.06483125000001,107.3376,90.093
14,snn,nsson,jetson_emulator,20,local,0.49323149636243174,39.2761,27.78,39.2761,42.3259,77.0927,112.06483125000001,112.06483125000001,107.4331,90.1317
15,snn,nsson,jetson_emulator,20,local,0.5054374415056039,40.4298,29.2626,40.4298,41.3374,76.6615,112.06483125000001,112.06483125000001,107.5286,90.0827
16,snn,nsson,jetson_emulator,20,offload,0.5059146869664344,38.918,28.2168,28.2168,30.4578,83.7958,112.06483125000001,112.06483125000001,106.9897,90.1626
17,snn,nsson,jetson_emulator,20,local,0.5192685197829864,38.8215,27.719,38.8215,40.5366,77.264,112.06483125000001,112.06483125000001,107.7195,90.1368
18,snn,nsson,jetson_emulator,20,offload,0.516689856944736,38.8812,29.1461,29.1461,31.0541,83.531,112.06483125000001,112.06483125000001,107.1796,90.0907
19,snn,nsson,jetson_emulator,20,offload,0.5150765605768991,39.5797,27.849,27.849,30.2286,83.7958,112.06483125000001,112.06483125000001,107.2745,90.0322
20,snn,nsson,jetson_emulator,20,offload,0.5191291743928174,39.7788,28.0625,28.0625,29.1632,83.7958,112.06483125000001,112.06483125000001,107.3694,90.1129
21,snn,nsson,jetson_emulator,20,local,0.5053382395085736,39.716,28.2968,39.716,42.4394,76.9278,112.06483125000001,112.06483125000001,108.1015,90.1091
22,snn,nsson,jetson_emulator,20,offload,0.5109150459353281,38.9584,28.4472,28.4472,30.0486,83.7958,112.06483125000001,112.06483125000001,107.5593,90.0854
23,snn,nsson,jetson_emulator,20,offload,0.5046090053344419,39.4829,29.2021,29.2021,30.2757,83.5071,112.06483125000001,112.06483125000001,107.6542,90.1246
24,snn,nsson,jetson_emulator,20,local,0.4958922685868848,39.719,28.1994,39.719,42.3214,76.9266,112.06483125000001,112.06483125000001,108.3879,90.0605
25,snn,nsson,jetson_emulator,20,offload,0.4892559815718526,39.2297,28.1035,28.1035,30.0099,83.7958,112.06483125000001,112.06483125000001,107.844,90.0786
26,snn,nsson,jetson_emulator,20,local,0.48162768161317826,40.0007,28.2597,40.0007,42.3222,76.8214,112.06483125000001,112.06483125000001,108.5789,90.0699
27,snn,nsson,jetson_emulator,20,local,0.47820624385383925,39.5855,28.0815,39.5855,41.6584,76.9766,112.06483125000001,112.06483125000001,108.6744,90.1035
28,snn,nsson,jetson_emulator,20,local,0.47732375731673726,40.3213,30.3598,40.3213,41.7715,76.7019,112.06483125000001,112.06483125000001,108.7699,90.1025
29,snn,nsson,jetson_emulator,20,local,0.47941752584117314,40.2858,29.6281,40.2858,41.977,76.7151,112.06483125000001,112.06483125000001,108.8654,90.111
30,snn,nsson,jetson_emulator,20,local,0.47703702602496306,40.0439,29.1723,40.0439,41.5366,76.8052,112.06483125000001,112.06483125000001,108.9609,90.1363
31,snn,nsson,jetson_emulator,20,local,0.48558835940945266,39.9032,29.5751,39.9032,41.3432,76.8578,112.06483125000001,112.06483125000001,109.0563,90.0421
32,snn,nsson,jetson_emulator,20,local,0.4931166581798535,39.5925,28.72,39.5925,41.6969,76.974,112.06483125000001,112.06483125000001,109.1518,90.1079
33,snn,nsson,jetson_emulator,20,local,0.49473196266774144,40.5093,28.8537,40.5093,42.6089,76.632,112.06483125000001,112.06483125000001,109.2473,90.1009
34,snn,nsson,jetson_emulator,20,offload,0.5023416964416871,40.6265,28.6565,28.6565,30.5151,83.7413,112.06483125000001,112.06483125000001,108.6983,90.1778
35,snn,nsson,jetson_emulator,20,local,0.4959187868829997,39.9643,28.6327,39.9643,42.11,76.835,112.06483125000001,112.06483125000001,109.4383,90.0251
36,snn,nsson,jetson_emulator,20,offload,0.5013397586910088,40.5447,29.1728,29.1728,30.7334,83.5196,112.06483125000001,112.06483125000001,108.8882,90.1743
37,snn,nsson,jetson_emulator,20,local,0.5025511513176768,40.2324,29.0094,40.2324,41.9363,76.735,112.06483125000001,112.06483125000001,109.6293,90.1377
38,snn,nsson,jetson_emulator,20,offload,0.5080741827847537,40.7965,31.5095,31.5095,33.7217,82.5307,112.06483125000001,112.06483125000001,109.078,90.0988
39,snn,nsson,jetson_emulator,20,local,0.5069799530959667,40.2077,29.2119,40.2077,41.8569,76.7442,112.06483125000001,112.06483125000001,109.8202,90.1235
40,snn,nsson,jetson_emulator,20,local,0.5112085843978673,40.6121,30.8354,40.6121,42.6699,76.5938,112.06483125000001,112.06483125000001,109.9157,90.1278
41,snn,nsson,jetson_emulator,20,offload,0.5181836876627468,40.9616,28.7732,28.7732,29.7198,83.6911,112.06483125000001,112.06483125000001,109.3628,90.0843
42,snn,nsson,jetson_emulator,20,offload,0.5166018106103404,41.6,29.6237,29.6237,30.9712,83.3269,112.06483125000001,112.06483125000001,109.4577,90.1088
43,snn,nsson,jetson_emulator,20,offload,0.5069039053340921,40.8395,29.3245,29.3245,30.5067,83.4547,112.06483125000001,112.06483125000001,109.5527,90.1553
44,snn,nsson,jetson_emulator,20,offload,0.5181285079965678,40.51,29.3337,29.3337,31.4845,83.4508,112.06483125000001,112.06483125000001,109.6476,90.052
45,snn,nsson,jetson_emulator,20,local,0.5201635978652669,40.6406,29.5038,40.6406,42.5613,76.5833,112.06483125000001,112.06483125000001,110.3932,90.1224
46,snn,nsson,jetson_emulator,20,offload,0.5231758594537746,41.2128,28.8621,28.8621,31.0277,83.6529,112.06483125000001,112.06483125000001,109.8374,90.0926
47,snn,nsson,jetson_emulator,20,local,0.5199765219097087,40.4601,29.77,40.4601,42.375,76.6503,112.06483125000001,112.06483125000001,110.5841,90.128
48,snn,nsson,jetson_emulator,20,offload,0.5191549537678407,41.4544,29.3857,29.3857,30.9009,83.4285,112.06483125000001,112.06483125000001,110.0273,90.0679
49,snn,nsson,jetson_emulator,20,local,0.5200522454774367,41.1749,30.0607,41.1749,42.5827,76.3856,112.06483125000001,112.06483125000001,110.7751,90.1329
50,snn,nsson,jetson_emulator,20,offload,0.5295244993594123,41.673,29.5111,29.5111,31.0231,83.375,112.06483125000001,112.06483125000001,110.2171,90.1573
51,snn,nsson,jetson_emulator,20,local,0.534934557997702,40.6196,29.4816,40.6196,41.4778,76.5911,112.06483125000001,112.06483125000001,110.9661,90.1599
52,snn,nsson,jetson_emulator,20,local,0.5381656696894755,41.2251,29.5801,41.2251,43.4301,76.3671,112.06483125000001,112.06483125000001,111.0616,90.1652
53,snn,nsson,jetson_emulator,20,offload,0.537206146090691,41.2959,29.5277,29.5277,31.5102,83.3679,112.06483125000001,112.06483125000001,110.5019,90.1098
54,snn,nsson,jetson_emulator,20,local,0.5437863738494001,41.0596,29.1907,41.0596,43.044,76.4282,112.06483125000001,112.06483125000001,111.2525,90.1705
55,snn,nsson,jetson_emulator,20,local,0.5558580486532246,41.1665,30.0944,41.1665,43.7431,76.3887,112.06483125000001,112.06483125000001,111.348,90.1655
56,snn,nsson,jetson_emulator,20,local,0.5511399590209118,42.3134,29.4711,42.3134,43.9319,75.9678,112.06483125000001,112.06483125000001,111.4435,90.0815
57,snn,nsson,jetson_emulator,20,local,0.5522763485555585,41.777,29.8667,41.777,44.2679,76.1641,112.06483125000001,112.06483125000001,111.539,90.1304
58,snn,nsson,jetson_emulator,20,offload,0.5482252983112751,41.5487,30.5898,30.5898,32.3839,82.9171,112.06483125000001,112.06483125000001,110.9765,90.067
59,snn,nsson,jetson_emulator,20,local,0.5415432701169192,41.2435,30.8336,41.2435,43.4705,76.3603,112.06483125000001,112.06483125000001,111.73,90.1372
60,snn,nsson,jetson_emulator,20,local,0.5278552586398616,41.6114,29.4768,41.6114,43.6145,76.2249,112.06483125000001,112.06483125000001,111.8255,90.0516
61,snn,nsson,jetson_emulator,20,offload,0.5383557744215658,41.4238,29.655,29.655,31.2977,83.3136,112.06483125000001,112.06483125000001,111.2613,90.1772
62,snn,nsson,jetson_emulator,20,offload,0.5397356130679704,41.1041,29.4227,29.4227,31.7737,83.4127,112.06483125000001,112.06483125000001,111.3562,90.1465
63,snn,nsson,jetson_emulator,20,offload,0.5401286592769906,41.988,29.4688,29.4688,30.674,83.393,112.06483125000001,112.06483125000001,111.4511,90.0709
64,snn,nsson,jetson_emulator,20,local,0.5501507206483067,42.1921,29.5883,42.1921,44.9366,76.0121,112.06483125000001,112.06483125000001,112.2074,90.0988
65,snn,nsson,jetson_emulator,20,local,0.5467435281609694,41.2381,29.6586,41.2381,43.3026,76.3623,112.06483125000001,112.06483125000001,112.3029,90.0369
66,snn,nsson,jetson_emulator,20,offload,0.555942720736714,41.313,30.4006,30.4006,32.6281,82.997,112.06483125000001,112.06483125000001,111.7359,90.1058
67,snn,nsson,jetson_emulator,20,local,0.5569154756714683,41.637,30.1453,41.637,43.6951,76.2155,112.06483125000001,112.06483125000001,112.4939,90.0991
68,snn,nsson,jetson_emulator,20,local,0.55978680086574,41.3628,29.965,41.3628,42.8513,76.3163,112.06483125000001,112.06483125000001,112.5893,90.1405
69,snn,nsson,jetson_emulator,20,offload,0.5570190479302325,41.6568,30.2253,30.2253,31.9906,83.0712,112.06483125000001,112.06483125000001,112.0207,90.172
70,snn,nsson,jetson_emulator,20,local,0.5531832896682474,41.422,30.5493,41.422,43.3549,76.2945,112.06483125000001,112.06483125000001,112.7803,90.1954
71,snn,nsson,jetson_emulator,20,offload,0.5467298314664438,41.8542,29.7545,29.7545,31.4784,83.2712,112.06483125000001,112.06483125000001,112.2105,90.0773
72,snn,nsson,jetson_emulator,20,local,0.5471838819560302,41.6241,31.4651,41.6241,42.5565,76.2202,112.06483125000001,112.06483125000001,112.9713,90.0959
73,snn,nsson,jetson_emulator,20,local,0.5535937731180559,41.3722,30.6933,41.3722,43.1177,76.3129,112.06483125000001,112.06483125000001,113.0668,90.1175
74,snn,nsson,jetson_emulator,20,offload,0.546437696929387,41.9834,29.5786,29.5786,31.5955,83.3462,112.06483125000001,112.06483125000001,112.4953,90.1281
75,snn,nsson,jetson_emulator,20,local,0.5467752800087707,42.1267,29.9289,42.1267,44.0246,76.036,112.06483125000001,112.06483125000001,113.2578,90.1616
76,snn,nsson,jetson_emulator,20,offload,0.5353503338928194,41.5616,30.1041,30.1041,32.6833,83.1226,112.06483125000001,112.06483125000001,112.6851,90.1312
77,snn,nsson,jetson_emulator,20,offload,0.5348651981656358,42.389,29.8216,29.8216,31.6055,83.2426,112.06483125000001,112.06483125000001,112.7801,90.1625
78,snn,nsson,jetson_emulator,20,local,0.5346770923683218,41.7861,29.9089,41.7861,43.6916,76.1607,112.06483125000001,112.06483125000001,113.5442,90.0551
79,snn,nsson,jetson_emulator,20,local,0.5311786886287857,42.0536,29.8538,42.0536,43.857,76.0627,112.06483125000001,112.06483125000001,113.6397,90.2022
80,snn,nsson,jetson_emulator,20,local,0.5200168421880258,42.099,30.3116,42.099,43.3392,76.0461,112.06483125000001,112.06483125000001,113.7352,90.1952
81,snn,nsson,jetson_emulator,20,offload,0.5265139307363846,41.9151,29.995,29.995,30.9579,83.1689,112.06483125000001,112.06483125000001,113.1598,90.0765
82,snn,nsson,jetson_emulator,20,offload,0.5220094520527058,42.348,30.8821,30.8821,32.5941,82.7939,112.06483125000001,112.06483125000001,113.2547,90.1256
83,snn,nsson,jetson_emulator,20,local,0.5201715904038476,41.9699,30.1935,41.9699,43.6179,76.0934,112.06483125000001,112.06483125000001,114.0216,90.2333
84,snn,nsson,jetson_emulator,20,local,0.5080257971951228,42.928,30.6508,42.928,45.0191,75.7441,112.06483125000001,112.06483125000001,114.1171,90.0817
85,snn,nsson,jetson_emulator,20,offload,0.4934155369335182,41.801,30.3795,30.3795,32.4344,83.0059,112.06483125000001,112.06483125000001,113.5395,90.1089
86,snn,nsson,jetson_emulator,20,offload,0.4883920521392711,41.7182,29.8439,29.8439,32.1334,83.2332,112.06483125000001,112.06483125000001,113.6344,90.1337
87,snn,nsson,jetson_emulator,20,local,0.492547375028321,41.9696,30.1547,41.9696,42.9914,76.0935,112.06483125000001,112.06483125000001,114.4036,90.0755
88,snn,nsson,jetson_emulator,20,offload,0.4940294917032587,41.6811,30.3545,30.3545,32.5186,83.0165,112.06483125000001,112.06483125000001,113.8242,90.1607
89,snn,nsson,jetson_emulator,20,local,0.49864617021605434,41.6952,29.9923,41.6952,44.2847,76.1941,112.06483125000001,112.06483125000001,114.5946,89.9994
90,snn,nsson,jetson_emulator,20,local,0.4853767329676348,41.6811,30.2293,41.6811,43.9453,76.1993,112.06483125000001,112.06483125000001,114.6901,90.0629
91,snn,nsson,jetson_emulator,20,local,0.4817513854453653,42.3308,29.7953,42.3308,43.865,75.9614,112.06483125000001,112.06483125000001,114.7855,90.1395
92,snn,nsson,jetson_emulator,20,offload,0.4765865198986174,42.0485,31.3397,31.3397,33.1788,82.6017,112.06483125000001,112.06483125000001,114.2039,90.0482
93,snn,nsson,jetson_emulator,20,offload,0.4723335221693376,41.8971,29.9603,29.9603,31.8448,83.1837,112.06483125000001,112.06483125000001,114.2989,90.0952
94,snn,nsson,jetson_emulator,20,offload,0.47109328688879015,41.966,30.471,30.471,32.0212,82.9673,112.06483125000001,112.06483125000001,114.3938,90.0838
95,snn,nsson,jetson_emulator,20,offload,0.47182332228831697,42.3686,30.307,30.307,31.9922,83.0367,112.06483125000001,112.06483125000001,114.4887,90.0786
96,snn,nsson,jetson_emulator,20,local,0.4625590140284069,41.9235,30.311,41.9235,43.1366,76.1104,112.06483125000001,112.06483125000001,115.263,90.0706
97,snn,nsson,jetson_emulator,20,offload,0.45416014949415323,41.6595,30.2267,30.2267,32.2461,83.0707,112.06483125000001,112.06483125000001,114.6785,90.1541
98,snn,nsson,jetson_emulator,20,local,0.44800649670521375,41.949,30.2342,41.949,44.122,76.101,112.06483125000001,112.06483125000001,115.4539,90.1347
99,snn,nsson,jetson_emulator,20,offload,0.4480809682997588,42.1144,30.6852,30.6852,32.802,82.8768,112.06483125000001,112.06483125000001,114.8684,90.0493
100,snn,nsson,jetson_emulator,20,local,0.44168144280118704,41.7916,30.4813,41.7916,43.4439,76.1587,112.06483125000001,112.06483125000001,115.6449,90.058
101,snn,nsson,jetson_emulator,20,local,0.4454731098081445,41.9807,29.7381,41.9807,44.0267,76.0894,112.06483125000001,112.06483125000001,115.7404,90.0734
102,snn,nsson,jetson_emulator,20,offload,0.4402458278515163,41.6617,29.8988,29.8988,31.0377,83.2098,112.06483125000001,112.06483125000001,115.1532,90.1203
103,snn,nsson,jetson_emulator,20,local,0.43947985976074405,42.2409,32.2167,42.2409,43.9272,75.9943,112.06483125000001,112.06483125000001,115.9314,90.0613
104,snn,nsson,jetson_emulator,20,local,0.4429192645738311,41.6629,30.0525,41.6629,42.9773,76.206,112.06483125000001,112.06483125000001,116.0269,90.0168
105,snn,nsson,jetson_emulator,20,local,0.4449047364071665,41.8912,30.8858,41.8912,43.6506,76.1222,112.06483125000001,112.06483125000001,116.1224,90.1355
106,snn,nsson,jetson_emulator,20,offload,0.434808156495276,41.7098,31.0267,31.0267,33.4741,82.7331,112.06483125000001,112.06483125000001,115.5329,90.0703
107,snn,nsson,jetson_emulator,20,local,0.43000522315843753,41.6586,30.0158,41.6586,43.1812,76.2076,112.06483125000001,112.06483125000001,116.3133,90.1346
108,snn,nsson,jetson_emulator,20,local,0.43107906840241955,42.0358,29.9077,42.0358,44.0646,76.0693,112.06483125000001,112.06483125000001,116.4088,90.0406
109,snn,nsson,jetson_emulator,20,offload,0.4343333162851666,42.3809,30.543,30.543,32.1232,82.9368,112.06483125000001,112.06483125000001,115.8176,90.049
110,snn,nsson,jetson_emulator,20,local,0.4348584744162793,41.4231,29.999,41.4231,43.1293,76.2941,112.06483125000001,112.06483125000001,116.5998,90.0795
111,snn,nsson,jetson_emulator,20,offload,0.4406188058213247,42.2699,29.9168,29.9168,31.8661,83.2022,112.06483125000001,112.06483125000001,116.0075,90.0063
112,snn,nsson,jetson_emulator,20,offload,0.440489795525331,41.7806,31.5962,31.5962,33.2083,82.4944,112.06483125000001,112.06483125000001,116.1024,90.0687
113,snn,nsson,jetson_emulator,20,offload,0.43259419150156275,41.3938,30.4721,30.4721,32.3691,82.9668,112.06483125000001,112.06483125000001,116.1973,90.1255
114,snn,nsson,jetson_emulator,20,offload,0.4416311841795548,42.0282,30.1537,30.1537,31.9207,83.1016,112.06483125000001,112.06483125000001,116.2923,90.1712
115,snn,nsson,jetson_emulator,20,local,0.44619849929185784,41.4906,29.6034,41.4906,43.7858,76.2693,112.06483125000001,112.06483125000001,117.0772,90.131
116,snn,nsson,jetson_emulator,20,offload,0.44551653503582195,41.5535,29.5622,29.5622,32.2545,83.3532,112.06483125000001,112.06483125000001,116.4821,90.1309
117,snn,nsson,jetson_emulator,20,offload,0.4466064388919984,41.4513,29.8631,29.8631,31.6572,83.225,112.06483125000001,112.06483125000001,116.577,90.0699
118,snn,nsson,jetson_emulator,20,local,0.43628620325432105,42.3698,30.0896,42.3698,44.1726,75.9472,112.06483125000001,112.06483125000001,117.3637,90.0996
119,snn,nsson,jetson_emulator,20,local,0.43201316035540155,42.3516,30.8462,42.3516,44.1186,75.9539,112.06483125000001,112.06483125000001,117.4592,90.1072
120,snn,nsson,jetson_emulator,20,local,0.4280694158790225,41.8196,30.0545,41.8196,43.6628,76.1484,112.06483125000001,112.06483125000001,117.5547,90.0852
121,snn,nsson,jetson_emulator,20,local,0.43219387896954337,41.5266,29.8751,41.5266,43.3039,76.256,112.06483125000001,112.06483125000001,117.6501,90.0592
122,snn,nsson,jetson_emulator,20,offload,0.4290499611875328,41.5393,29.7728,29.7728,31.1124,83.2634,112.06483125000001,112.06483125000001,117.0516,90.0454
123,snn,nsson,jetson_emulator,20,local,0.4342531811486017,41.2203,29.6241,41.2203,42.4261,76.3689,112.06483125000001,112.06483125000001,117.8411,90.145
124,snn,nsson,jetson_emulator,20,local,0.4387813890163272,41.8334,29.6647,41.8334,42.7627,76.1434,112.06483125000001,112.06483125000001,117.9366,90.0263
125,snn,nsson,jetson_emulator,20,local,0.43194677562341394,42.1102,30.6976,42.1102,43.9505,76.042,112.06483125000001,112.06483125000001,118.0321,90.1367
126,snn,nsson,jetson_emulator,20,offload,0.4218816916372186,41.3985,30.2527,30.2527,32.4252,83.0596,112.06483125000001,112.06483125000001,117.4313,90.1479
127,snn,nsson,jetson_emulator,20,local,0.41623097082729765,41.1607,30.4373,41.1607,43.4666,76.3908,112.06483125000001,112.06483125000001,118.2231,90.1053
128,snn,nsson,jetson_emulator,20,local,0.39947266426582506,41.5241,29.6823,41.5241,43.4446,76.257,112.06483125000001,112.06483125000001,118.3185,90.0723
129,snn,nsson,jetson_emulator,20,offload,0.40426422866406164,41.5758,30.0097,30.0097,32.0761,83.1627,112.06483125000001,112.06483125000001,117.7161,90.1175
130,snn,nsson,jetson_emulator,20,local,0.3995524278396399,41.3124,31.2687,41.3124,42.4667,76.3349,112.06483125000001,112.06483125000001,118.5095,90.0768
131,snn,nsson,jetson_emulator,20,local,0.3975364329691416,41.8787,30.9152,41.8787,43.3759,76.1268,112.06483125000001,112.06483125000001,118.605,90.0744
132,snn,nsson,jetson_emulator,20,offload,0.38985108415921527,41.8199,29.3261,29.3261,31.5421,83.454,112.06483125000001,112.06483125000001,118.0009,90.2043
133,snn,nsson,jetson_emulator,20,offload,0.3932766430268584,41.3556,29.6081,29.6081,30.7479,83.3336,112.06483125000001,112.06483125000001,118.0958,90.0724
134,snn,nsson,jetson_emulator,20,local,0.3968050325799257,41.5866,29.2669,41.5866,42.8933,76.234,112.06483125000001,112.06483125000001,118.8915,90.1325
135,snn,nsson,jetson_emulator,20,offload,0.41205440828911527,42.2425,32.3567,32.3567,34.8632,82.1779,112.06483125000001,112.06483125000001,118.2857,90.1249
136,snn,nsson,jetson_emulator,20,local,0.4129225629196709,41.8388,29.9643,41.8388,43.0838,76.1414,112.06483125000001,112.06483125000001,119.0824,90.0833
137,snn,nsson,jetson_emulator,20,offload,0.4107619903338311,41.2437,29.7339,29.7339,31.5464,83.28,112.06483125000001,112.06483125000001,118.4755,90.056
138,snn,nsson,jetson_emulator,20,local,0.41494364738344075,41.6134,29.3808,41.6134,43.6774,76.2242,112.06483125000001,112.06483125000001,119.2734,90.0878
139,snn,nsson,jetson_emulator,20,offload,0.416294673131148,41.031,30.121,30.121,31.6421,83.1155,112.06483125000001,112.06483125000001,118.6654,90.1443
140,snn,nsson,jetson_emulator,20,offload,0.4160669460510637,41.062,29.5784,29.5784,31.4036,83.3462,112.06483125000001,112.06483125000001,118.7603,90.0992
141,snn,nsson,jetson_emulator,20,offload,0.4109685442473429,41.6882,29.2043,29.2043,31.1899,83.5061,112.06483125000001,112.06483125000001,118.8552,90.1261
142,snn,nsson,jetson_emulator,20,offload,0.41312478890712717,40.6799,29.3258,29.3258,31.5785,83.4541,112.06483125000001,112.06483125000001,118.9501,90.064
143,snn,nsson,jetson_emulator,20,offload,0.41108820678775587,40.661,29.117,29.117,31.126,83.5435,112.06483125000001,112.06483125000001,119.045,90.114
144,snn,nsson,jetson_emulator,20,local,0.4217863436703841,41.1028,29.9266,41.1028,43.1054,76.4122,112.06483125000001,112.06483125000001,119.8463,90.1209
145,snn,nsson,jetson_emulator,20,offload,0.4230330523444679,41.1625,29.1905,29.1905,31.5986,83.512,112.06483125000001,112.06483125000001,119.2349,90.2023
146,snn,nsson,jetson_emulator,20,offload,0.4295384412417309,40.6566,29.9721,29.9721,31.6302,83.1787,112.06483125000001,112.06483125000001,119.3298,90.1537
147,snn,nsson,jetson_emulator,20,local,0.4246548756672435,41.2779,31.8914,41.2779,43.2215,76.3476,112.06483125000001,112.06483125000001,120.1328,90.0027
148,snn,nsson,jetson_emulator,20,local,0.422037073807901,40.6511,30.3129,40.6511,42.4195,76.5794,112.06483125000001,112.06483125000001,120.2283,90.0453
149,snn,nsson,jetson_emulator,20,local,0.42477902767048925,41.2204,29.1359,41.2204,43.2343,76.3688,112.06483125000001,112.06483125000001,120.3238,90.0275
150,snn,nsson,jetson_emulator,20,offload,0.4379782395099643,40.6156,29.7219,29.7219,31.034,83.2851,112.06483125000001,112.06483125000001,119.7095,90.1401
151,snn,nsson,jetson_emulator,20,offload,0.430667364304752,40.9139,29.4863,29.4863,30.9923,83.3855,112.06483125000001,112.06483125000001,119.8044,90.0594
152,snn,nsson,jetson_emulator,20,local,0.4266867866359382,41.5532,29.2342,41.5532,43.7231,76.2463,112.06483125000001,112.06483125000001,120.6102,90.0799
153,snn,nsson,jetson_emulator,20,local,0.42280296177310894,40.4698,29.6525,40.4698,41.5073,76.6467,112.06483125000001,112.06483125000001,120.7057,89.9499
154,snn,nsson,jetson_emulator,20,local,0.43112403372394115,40.5827,29.3579,40.5827,42.1233,76.6048,112.06483125000001,112.06483125000001,120.8012,90.1552
155,snn,nsson,jetson_emulator,20,offload,0.4336402141448667,40.656,29.5977,29.5977,30.9706,83.338,112.06483125000001,112.06483125000001,120.1841,90.0269
156,snn,nsson,jetson_emulator,20,local,0.43652950690526615,40.5493,30.033,40.5493,42.5382,76.6172,112.06483125000001,112.06483125000001,120.9922,90.113
157,snn,nsson,jetson_emulator,20,local,0.4386806038013828,41.6135,29.6034,41.6135,43.1504,76.2241,112.06483125000001,112.06483125000001,121.0877,90.129
158,snn,nsson,jetson_emulator,20,offload,0.4317143002335087,40.4589,29.7101,29.7101,31.8004,83.2901,112.06483125000001,112.06483125000001,120.4689,90.1683
159,snn,nsson,jetson_emulator,20,offload,0.4289486431390435,40.4528,29.1827,29.1827,30.7265,83.5154,112.06483125000001,112.06483125000001,120.5638,90.0816
160,snn,nsson,jetson_emulator,20,local,0.43865996594271583,40.4731,30.3946,40.4731,42.6812,76.6454,112.06483125000001,112.06483125000001,121.3741,90.1847
161,snn,nsson,jetson_emulator,20,offload,0.451256909170828,40.8983,29.6188,29.6188,31.1824,83.329,112.06483125000001,112.06483125000001,120.7537,90.1909
162,snn,nsson,jetson_emulator,20,offload,0.4476768409936164,40.392,28.857,28.857,30.9333,83.6551,112.06483125000001,112.06483125000001,120.8486,90.1078
163,snn,nsson,jetson_emulator,20,local,0.4486766250212093,41.2696,29.7772,41.2696,42.9444,76.3507,112.06483125000001,112.06483125000001,121.6606,90.0867
164,snn,nsson,jetson_emulator,20,offload,0.45900578645778994,40.4695,29.4451,29.4451,30.7719,83.4032,112.06483125000001,112.06483125000001,121.0384,90.0549
165,snn,nsson,jetson_emulator,20,offload,0.46097413580229724,40.5292,29.6286,29.6286,31.2233,83.3248,112.06483125000001,112.06483125000001,121.1334,90.1106
166,snn,nsson,jetson_emulator,20,local,0.4621985985626585,40.7411,29.2321,40.7411,42.4811,76.546,112.06483125000001,112.06483125000001,121.947,90.0618
167,snn,nsson,jetson_emulator,20,local,0.4658347151271754,40.6776,28.6535,40.6776,42.1889,76.5695,112.06483125000001,112.06483125000001,122.0425,90.1181
168,snn,nsson,jetson_emulator,20,offload,0.45774611909576834,40.2541,29.0815,29.0815,30.4102,83.5587,112.06483125000001,112.06483125000001,121.4181,90.1364
169,snn,nsson,jetson_emulator,20,offload,0.4590631312836824,40.2596,29.2418,29.2418,32.0124,83.4901,112.06483125000001,112.06483125000001,121.5131,90.0938
170,snn,nsson,jetson_emulator,20,local,0.4606778012280426,40.3413,29.0491,40.3413,41.6862,76.6944,112.06483125000001,112.06483125000001,122.329,90.1586
171,snn,nsson,jetson_emulator,20,local,0.45996416198821016,40.8313,30.1323,40.8313,42.7134,76.5126,112.06483125000001,112.06483125000001,122.4245,90.0563
172,snn,nsson,jetson_emulator,20,offload,0.45699268421883144,40.2673,29.3837,29.3837,31.9204,83.4294,112.06483125000001,112.06483125000001,121.7978,90.102
173,snn,nsson,jetson_emulator,20,local,0.4503974890110384,40.3415,30.0974,40.3415,42.2344,76.6944,112.06483125000001,112.06483125000001,122.6154,90.1469
174,snn,nsson,jetson_emulator,20,offload,0.445930647001767,40.6779,28.7406,28.7406,31.3469,83.7052,112.06483125000001,112.06483125000001,121.9877,90.0729
175,snn,nsson,jetson_emulator,20,local,0.4445886693129264,40.8419,30.0701,40.8419,42.3196,76.5087,112.06483125000001,112.06483125000001,122.8064,90.1362
176,snn,nsson,jetson_emulator,20,offload,0.4457635949027049,40.2705,29.5437,29.5437,31.404,83.3611,112.06483125000001,112.06483125000001,122.1775,90.1786
177,snn,nsson,jetson_emulator,20,local,0.44276148087995876,41.0046,28.5836,41.0046,42.4279,76.4485,112.06483125000001,112.06483125000001,122.9974,90.0814
178,snn,nsson,jetson_emulator,20,local,0.44109826542166974,40.2815,29.2083,40.2815,42.2124,76.7167,112.06483125000001,112.06483125000001,123.0929,90.0997
179,snn,nsson,jetson_emulator,20,offload,0.4401538147114288,39.9619,28.6864,28.6864,30.2603,83.7284,112.06483125000001,112.06483125000001,122.4623,90.1112
180,snn,nsson,jetson_emulator,20,local,0.42649661566947805,40.5868,29.6033,40.5868,41.5914,76.6032,112.06483125000001,112.06483125000001,123.2839,90.1032
181,snn,nsson,jetson_emulator,20,local,0.42993896708190465,39.9082,28.856,39.9082,42.2832,76.8559,112.06483125000001,112.06483125000001,123.3793,90.1134
182,snn,nsson,jetson_emulator,20,local,0.4282686401089985,39.821,29.3493,39.821,41.9808,76.8885,112.06483125000001,112.06483125000001,123.4748,90.1244
183,snn,nsson,jetson_emulator,20,local,0.4282255217660311,39.9443,29.0072,39.9443,42.2161,76.8424,112.06483125000001,112.06483125000001,123.5703,90.1178
184,snn,nsson,jetson_emulator,20,local,0.4157686201965292,39.8555,28.4308,39.8555,42.1417,76.8756,112.06483125000001,112.06483125000001,123.6658,90.128
185,snn,nsson,jetson_emulator,20,local,0.4129036225576483,40.1139,28.9167,40.1139,41.8677,76.7792,112.06483125000001,112.06483125000001,123.7613,90.1804
186,snn,nsson,jetson_emulator,20,local,0.4117805243771866,40.0563,29.1861,40.0563,41.0247,76.8006,112.06483125000001,112.06483125000001,123.8568,90.1488
187,snn,nsson,jetson_emulator,20,offload,0.41732632883131787,40.1532,28.6783,28.6783,30.4861,83.7319,112.06483125000001,112.06483125000001,123.2217,90.1379
188,snn,nsson,jetson_emulator,20,local,0.4118650092946002,39.8846,28.9539,39.8846,41.7477,76.8647,112.06483125000001,112.06483125000001,124.0477,90.0951
189,snn,nsson,jetson_emulator,20,local,0.40069272778328097,39.7807,28.4819,39.7807,41.6055,76.9036,112.06483125000001,112.06483125000001,124.1432,90.1267
190,snn,nsson,jetson_emulator,20,offload,0.395907820888872,40.3227,28.5936,28.5936,30.8297,83.7684,112.06483125000001,112.06483125000001,123.5065,90.1198
191,snn,nsson,jetson_emulator,20,local,0.39844472770424877,40.0149,28.6412,40.0149,42.0971,76.8161,112.06483125000001,112.06483125000001,124.3342,90.0948
192,snn,nsson,jetson_emulator,20,local,0.39899306088433883,40.0683,28.9735,40.0683,41.9873,76.7961,112.06483125000001,112.06483125000001,124.4297,90.1175
193,snn,nsson,jetson_emulator,20,offload,0.3893262358306061,40.2953,29.533,29.533,30.7267,83.3656,112.06483125000001,112.06483125000001,123.7912,89.9927
194,snn,nsson,jetson_emulator,20,local,0.3948634639548528,39.8904,28.853,39.8904,42.7076,76.8626,112.06483125000001,112.06483125000001,124.6207,90.1116
195,snn,nsson,jetson_emulator,20,local,0.38258023181880557,40.5163,28.5104,40.5163,41.9005,76.6294,112.06483125000001,112.06483125000001,124.7162,90.1074
196,snn,nsson,jetson_emulator,20,offload,0.39478292349098715,40.2289,29.0622,29.0622,30.0621,83.567,112.06483125000001,112.06483125000001,124.076,90.1331
197,snn,nsson,jetson_emulator,20,offload,0.39309817218083126,40.2884,28.7296,28.7296,30.7049,83.7099,112.06483125000001,112.06483125000001,124.1709,90.0154
198,snn,nsson,jetson_emulator,20,offload,0.385751969733152,40.2813,28.9435,28.9435,30.2904,83.6179,112.06483125000001,112.06483125000001,124.2659,90.0745
199,snn,nsson,jetson_emulator,20,offload,0.38,40.3852,28.8797,28.8797,30.7816,83.6453,112.06483125000001,112.06483125000001,124.3608,90.0968
200,snn,nsson,jetson_emulator,20,local,0.38,40.095,28.5635,40.095,42.6592,76.7862,112.06483125000001,112.06483125000001,125.1936,90.1367
201,snn,nsson,jetson_emulator,20,offload,0.383553982931823,40.2775,28.8023,28.8023,30.4616,83.6786,112.06483125000001,112.06483125000001,124.5506,90.0903
202,snn,nsson,jetson_emulator,20,local,0.3841625979434932,39.9875,29.5411,39.9875,41.6828,76.8263,112.06483125000001,112.06483125000001,125.3846,90.0753
203,snn,nsson,jetson_emulator,20,local,0.38,40.4641,28.4745,40.4641,42.8818,76.6488,112.06483125000001,112.06483125000001,125.48,90.1358
204,snn,nsson,jetson_emulator,20,offload,0.38,39.9658,28.5104,28.5104,30.7568,83.7958,112.06483125000001,112.06483125000001,124.8354,90.0898
205,snn,nsson,jetson_emulator,20,local,0.38,39.9911,28.7096,39.9911,42.1191,76.825,112.06483125000001,112.06483125000001,125.671,90.0294
206,snn,nsson,jetson_emulator,20,local,0.38,40.4129,28.647,40.4129,41.7035,76.6678,112.06483125000001,112.06483125000001,125.7665,90.0818
207,snn,nsson,jetson_emulator,20,local,0.38,40.0486,28.5983,40.0486,41.9187,76.8035,112.06483125000001,112.06483125000001,125.862,90.1146
208,snn,nsson,jetson_emulator,20,offload,0.38,40.6764,29.1277,29.1277,31.5141,83.5389,112.06483125000001,112.06483125000001,125.2151,90.1174
209,snn,nsson,jetson_emulator,20,offload,0.38,39.8675,29.013,29.013,31.3699,83.5881,112.06483125000001,112.06483125000001,125.31,90.0951
210,snn,nsson,jetson_emulator,20,local,0.38,40.0763,29.2533,40.0763,42.5057,76.7932,112.06483125000001,112.06483125000001,126.1485,90.1604
211,snn,nsson,jetson_emulator,20,local,0.38,40.04,29.1061,40.04,42.4411,76.8067,112.06483125000001,112.06483125000001,126.2439,90.1051
212,snn,nsson,jetson_emulator,20,offload,0.3881116145136,41.2212,29.8013,29.8013,31.9317,83.2513,112.06483125000001,112.06483125000001,125.5948,90.1667
213,snn,nsson,jetson_emulator,20,offload,0.38,40.0644,29.9051,29.9051,30.6757,83.2072,112.06483125000001,112.06483125000001,125.6897,90.1551
214,snn,nsson,jetson_emulator,20,offload,0.38,41.1381,30.2308,30.2308,32.6165,83.0689,112.06483125000001,112.06483125000001,125.7846,90.136
215,snn,nsson,jetson_emulator,20,offload,0.38,40.3884,28.8532,28.8532,30.6439,83.6567,112.06483125000001,112.06483125000001,125.8796,90.1755
216,snn,nsson,jetson_emulator,20,local,0.38,40.7195,29.8945,40.7195,42.5429,76.554,112.06483125000001,112.06483125000001,126.7214,90.0661
217,snn,nsson,jetson_emulator,20,offload,0.3808326941393274,40.0698,28.8951,28.8951,30.3976,83.6387,112.06483125000001,112.06483125000001,126.0694,90.145
218,snn,nsson,jetson_emulator,20,offload,0.38,40.7127,28.9056,28.9056,30.5965,83.6342,112.06483125000001,112.06483125000001,126.1643,90.1064
219,snn,nsson,jetson_emulator,20,local,0.3804715429342463,40.3091,29.0335,40.3091,41.5419,76.7064,112.06483125000001,112.06483125000001,127.0078,90.1866
220,snn,nsson,jetson_emulator,20,offload,0.38139175453056307,40.8129,29.9363,29.9363,31.5566,83.1939,112.06483125000001,112.06483125000001,126.3542,90.0833
221,snn,nsson,jetson_emulator,20,local,0.38,40.4895,28.8365,40.4895,41.744,76.6393,112.06483125000001,112.06483125000001,127.1988,90.0282
222,snn,nsson,jetson_emulator,20,offload,0.3923482123705173,40.8174,29.4727,29.4727,30.7101,83.3914,112.06483125000001,112.06483125000001,126.544,90.0907
223,snn,nsson,jetson_emulator,20,local,0.3908236862327347,40.252,28.8279,40.252,42.3268,76.7277,112.06483125000001,112.06483125000001,127.3898,90.0869
224,snn,nsson,jetson_emulator,20,local,0.395023242834721,41.4353,29.3663,41.4353,43.2883,76.2897,112.06483125000001,112.06483125000001,127.4853,90.0897
225,snn,nsson,jetson_emulator,20,offload,0.401999353002196,40.6816,28.8304,28.8304,30.7258,83.6665,112.06483125000001,112.06483125000001,126.8288,90.091
226,snn,nsson,jetson_emulator,20,local,0.4017537083110033,40.9408,30.215,40.9408,43.0336,76.4721,112.06483125000001,112.06483125000001,127.6762,90.0196
227,snn,nsson,jetson_emulator,20,local,0.40511329022429415,41.1801,29.7243,41.1801,43.0035,76.3837,112.06483125000001,112.06483125000001,127.7717,90.0679
228,snn,nsson,jetson_emulator,20,offload,0.40473233518951257,40.4521,29.3569,29.3569,31.0176,83.4408,112.06483125000001,112.06483125000001,127.1136,90.1665
229,snn,nsson,jetson_emulator,20,local,0.3939959370109573,41.8824,29.9481,41.8824,43.6148,76.1254,112.06483125000001,112.06483125000001,127.9627,90.1137
230,snn,nsson,jetson_emulator,20,local,0.400357046197292,40.6676,30.9686,40.6676,43.3594,76.5733,112.06483125000001,112.06483125000001,128.0582,90.1392
231,snn,nsson,jetson_emulator,20,local,0.3978716614190587,40.7047,29.3843,40.7047,42.7549,76.5595,112.06483125000001,112.06483125000001,128.1537,90.1122
232,snn,nsson,jetson_emulator,20,local,0.4019953636974576,41.4831,30.0422,41.4831,43.4143,76.272,112.06483125000001,112.06483125000001,128.2492,90.1129
233,snn,nsson,jetson_emulator,20,offload,0.40152843805260274,40.9582,30.0807,30.0807,32.1203,83.1326,112.06483125000001,112.06483125000001,127.5882,90.0868
234,snn,nsson,jetson_emulator,20,local,0.4093689901887605,41.1764,29.8396,41.1764,43.3827,76.3851,112.06483125000001,112.06483125000001,128.4401,90.1193
235,snn,nsson,jetson_emulator,20,offload,0.4073454507728754,41.0388,30.0429,30.0429,32.3697,83.1486,112.06483125000001,112.06483125000001,127.778,90.1273
236,snn,nsson,jetson_emulator,20,local,0.41782583842298915,41.3474,29.5468,41.3474,43.3685,76.322,112.06483125000001,112.06483125000001,128.6311,90.0447
237,snn,nsson,jetson_emulator,20,offload,0.40750378965669365,40.9506,29.2485,29.2485,30.2633,83.4872,112.06483125000001,112.06483125000001,127.9679,90.1426
238,snn,nsson,jetson_emulator,20,local,0.41309231342719477,40.9856,30.3472,40.9856,43.5733,76.4555,112.06483125000001,112.06483125000001,128.8221,90.0788
239,snn,nsson,jetson_emulator,20,offload,0.418851697296514,41.3139,30.3186,30.3186,32.2263,83.0317,112.06483125000001,112.06483125000001,128.1577,90.0395
240,snn,nsson,jetson_emulator,20,offload,0.4175165672421208,41.4921,30.8191,30.8191,32.0565,82.8204,112.06483125000001,112.06483125000001,128.2527,90.181
241,snn,nsson,jetson_emulator,20,offload,0.41047357538938617,41.311,30.1983,30.1983,31.9845,83.0827,112.06483125000001,112.06483125000001,128.3476,90.1043
242,snn,nsson,jetson_emulator,20,offload,0.4122514984649165,41.5176,30.2094,30.2094,31.3382,83.078,112.06483125000001,112.06483125000001,128.4425,90.1339
243,snn,nsson,jetson_emulator,20,local,0.4194143486493009,41.5829,30.153,41.5829,42.7482,76.2353,112.06483125000001,112.06483125000001,129.2995,90.1765
244,snn,nsson,jetson_emulator,20,local,0.4232502541605174,41.8986,30.6885,41.8986,43.9807,76.1195,112.06483125000001,112.06483125000001,129.395,90.1384
245,snn,nsson,jetson_emulator,20,offload,0.4302467374759069,41.4094,30.0741,30.0741,31.7892,83.1354,112.06483125000001,112.06483125000001,128.7273,90.0986
246,snn,nsson,jetson_emulator,20,local,0.42765128021161286,41.955,29.8674,41.955,44.0873,76.0988,112.06483125000001,112.06483125000001,129.586,90.1227
247,snn,nsson,jetson_emulator,20,offload,0.43331966014537915,42.2166,31.0304,31.0304,32.612,82.7315,112.06483125000001,112.06483125000001,128.9171,90.1064
248,snn,nsson,jetson_emulator,20,local,0.4389407602959749,41.7774,30.8513,41.7774,43.0334,76.1639,112.06483125000001,112.06483125000001,129.7769,90.1892
249,snn,nsson,jetson_emulator,20,local,0.4333083510444106,41.6626,31.0368,41.6626,43.4393,76.2061,112.06483125000001,112.06483125000001,129.8724,90.1599
250,snn,nsson,jetson_emulator,20,local,0.42675682567472306,42.1254,31.6804,42.1254,43.9413,76.0365,112.06483125000001,112.06483125000001,129.9679,90.081
251,snn,nsson,jetson_emulator,20,offload,0.428049977030849,41.9499,30.1906,30.1906,32.3899,83.086,112.06483125000001,112.06483125000001,129.2968,90.1178
252,snn,nsson,jetson_emulator,20,offload,0.4229419226570522,41.8791,29.9072,29.9072,31.5077,83.2062,112.06483125000001,112.06483125000001,129.3917,90.1966
253,snn,nsson,jetson_emulator,20,offload,0.42924615816765455,42.6231,29.9625,29.9625,31.8062,83.1828,112.06483125000001,112.06483125000001,129.4867,90.0797
254,snn,nsson,jetson_emulator,20,local,0.43018213880960327,42.1815,31.4504,42.1815,43.2626,76.016,112.06483125000001,112.06483125000001,130.3499,90.1139
255,snn,nsson,jetson_emulator,20,offload,0.4233248408601792,42.2147,31.2014,31.2014,33.5569,82.6597,112.06483125000001,112.06483125000001,129.6765,90.1551
256,snn,nsson,jetson_emulator,20,offload,0.4147295658073773,42.5749,30.7888,30.7888,32.4943,82.8332,112.06483125000001,112.06483125000001,129.7714,90.0659
257,snn,nsson,jetson_emulator,20,local,0.4106380684093014,43.0778,31.3624,43.0778,44.5709,75.6898,112.06483125000001,112.06483125000001,130.6363,90.1276
258,snn,nsson,jetson_emulator,20,offload,0.41269092816636516,42.6588,30.5679,30.5679,32.4224,82.9263,112.06483125000001,112.06483125000001,129.9613,90.1245
259,snn,nsson,jetson_emulator,20,offload,0.4155361823854372,42.7909,30.3731,30.3731,31.8242,83.0087,112.06483125000001,112.06483125000001,130.0562,90.1047
260,snn,nsson,jetson_emulator,20,local,0.42206838836625904,43.6575,30.917,43.6575,44.9457,75.4804,112.06483125000001,112.06483125000001,130.9228,90.0677
261,snn,nsson,jetson_emulator,20,local,0.4151073911978723,43.2481,30.355,43.2481,45.5739,75.6282,112.06483125000001,112.06483125000001,131.0183,90.0814
262,snn,nsson,jetson_emulator,20,local,0.42665683155746176,42.8908,31.3403,42.8908,43.776,75.7577,112.06483125000001,112.06483125000001,131.1138,90.0422
263,snn,nsson,jetson_emulator,20,local,0.4307907894602769,43.3671,31.5956,43.3671,44.8958,75.5852,112.06483125000001,112.06483125000001,131.2092,90.0627
264,snn,nsson,jetson_emulator,20,offload,0.44218244187905675,43.8818,31.5372,31.5372,33.1513,82.5191,112.06483125000001,112.06483125000001,130.5308,90.1109
265,snn,nsson,jetson_emulator,20,offload,0.4524337595346154,42.9857,31.13,31.13,33.4805,82.6897,112.06483125000001,112.06483125000001,130.6258,89.9698
266,snn,nsson,jetson_emulator,20,local,0.45435709759378834,43.5632,31.4823,43.5632,45.3706,75.5144,112.06483125000001,112.06483125000001,131.4957,90.148
267,snn,nsson,jetson_emulator,20,local,0.4610702292899231,43.4005,30.686,43.4005,45.7478,75.5731,112.06483125000001,112.06483125000001,131.5912,90.0227
268,snn,nsson,jetson_emulator,20,offload,0.44969333854774896,43.3084,32.1615,32.1615,33.7667,82.2589,112.06483125000001,112.06483125000001,130.9105,90.069
269,snn,nsson,jetson_emulator,20,local,0.4532542446779518,43.2854,30.8961,43.2854,45.6702,75.6147,112.06483125000001,112.06483125000001,131.7822,90.1195
270,snn,nsson,jetson_emulator,20,local,0.4580040132392403,43.7155,30.9002,43.7155,45.3549,75.4595,112.06483125000001,112.06483125000001,131.8776,90.1268
271,snn,nsson,jetson_emulator,20,offload,0.45758102758201835,43.4684,30.9426,30.9426,32.4911,82.7684,112.06483125000001,112.06483125000001,131.1953,90.0377
272,snn,nsson,jetson_emulator,20,offload,0.4664819663881047,43.9651,31.5405,31.5405,32.4694,82.5177,112.06483125000001,112.06483125000001,131.2902,90.1129
273,snn,nsson,jetson_emulator,20,local,0.4573502561022412,43.5714,31.6372,43.5714,45.3049,75.5114,112.06483125000001,112.06483125000001,132.1641,90.1668
274,snn,nsson,jetson_emulator,20,local,0.4589250530527471,43.7262,31.9383,43.7262,45.6677,75.4556,112.06483125000001,112.06483125000001,132.2596,90.0818
275,snn,nsson,jetson_emulator,20,local,0.4650192441118786,43.7223,31.2221,43.7223,46.1059,75.457,112.06483125000001,112.06483125000001,132.3551,90.109
276,snn,nsson,jetson_emulator,20,offload,0.4684839754070701,43.7448,31.7735,31.7735,33.0489,82.4204,112.06483125000001,112.06483125000001,131.6699,90.1569
277,snn,nsson,jetson_emulator,20,offload,0.4569960141802631,44.2209,31.6965,31.6965,32.4637,82.4525,112.06483125000001,112.06483125000001,131.7648,90.1228
278,snn,nsson,jetson_emulator,20,offload,0.468373689242514,43.8533,31.442,31.442,33.1241,82.5589,112.06483125000001,112.06483125000001,131.8598,90.1806
279,snn,nsson,jetson_emulator,20,offload,0.4717554126804216,44.113,32.1045,32.1045,34.1248,82.2826,112.06483125000001,112.06483125000001,131.9547,90.0701
280,snn,nsson,jetson_emulator,20,local,0.47144829111671427,44.4213,31.9351,44.4213,46.5484,75.2062,112.06483125000001,112.06483125000001,132.8325,90.1075
281,snn,nsson,jetson_emulator,20,local,0.4684194838224594,44.1085,31.5531,44.1085,45.8307,75.3182,112.06483125000001,112.06483125000001,132.928,90.0715
282,snn,nsson,jetson_emulator,20,offload,0.4716995779372984,45.548,32.0853,32.0853,33.4193,82.2905,112.06483125000001,112.06483125000001,132.2395,90.0826
283,snn,nsson,jetson_emulator,20,offload,0.4830045265885069,44.2689,32.4872,32.4872,33.9112,82.1238,112.06483125000001,112.06483125000001,132.3344,90.0379
284,snn,nsson,jetson_emulator,20,offload,0.4724764486992433,45.187,32.9995,32.9995,34.5849,81.9122,112.06483125000001,112.06483125000001,132.4293,90.0806
285,snn,nsson,jetson_emulator,20,local,0.4745354146839146,44.9043,32.3006,44.9043,47.8526,75.0338,112.06483125000001,112.06483125000001,133.3099,90.0369
286,snn,nsson,jetson_emulator,20,offload,0.47674250654357386,44.7432,32.1192,32.1192,33.483,82.2765,112.06483125000001,112.06483125000001,132.6192,90.1189
287,snn,nsson,jetson_emulator,20,local,0.4790784749189916,45.4299,32.4464,45.4299,47.8336,74.8471,112.06483125000001,112.06483125000001,133.5009,90.0996
288,snn,nsson,jetson_emulator,20,local,0.4691022671175746,45.1442,33.1017,45.1442,46.9098,74.9485,112.06483125000001,112.06483125000001,133.5964,90.0433
289,snn,nsson,jetson_emulator,20,offload,0.4720512104452887,44.9923,32.3927,32.3927,33.2788,82.1629,112.06483125000001,112.06483125000001,132.9039,90.1244
290,snn,nsson,jetson_emulator,20,offload,0.47194093534029036,45.7306,33.0537,33.0537,35.4282,81.8899,112.06483125000001,112.06483125000001,132.9989,90.1451
291,snn,nsson,jetson_emulator,20,offload,0.47190431624121076,45.8759,32.8181,32.8181,33.4422,81.987,112.06483125000001,112.06483125000001,133.0938,90.0452
292,snn,nsson,jetson_emulator,20,offload,0.46531144637439836,46.1015,32.8709,32.8709,35.3519,81.9652,112.06483125000001,112.06483125000001,133.1887,90.0278
293,snn,nsson,jetson_emulator,20,offload,0.4675661243640635,45.6484,33.4989,33.4989,35.4268,81.707,112.06483125000001,112.06483125000001,133.2836,90.0587
294,snn,nsson,jetson_emulator,20,offload,0.46485019369215363,45.6361,32.9581,32.9581,33.966,81.9292,112.06483125000001,112.06483125000001,133.3785,90.0818
295,snn,nsson,jetson_emulator,20,local,0.47633690822262886,45.9241,33.3555,45.9241,46.9555,74.6724,112.06483125000001,112.06483125000001,134.2648,90.1218
296,snn,nsson,jetson_emulator,20,local,0.47646566093240933,45.8009,32.6465,45.8009,47.4012,74.7159,112.06483125000001,112.06483125000001,134.3603,90.0757
297,snn,nsson,jetson_emulator,20,offload,0.47814408670411634,46.2161,32.6959,32.6959,34.4257,82.0374,112.06483125000001,112.06483125000001,133.6633,90.1058
298,snn,nsson,jetson_emulator,20,offload,0.4806051340886019,45.9875,33.2807,33.2807,34.0193,81.7965,112.06483125000001,112.06483125000001,133.7582,90.093
299,snn,nsson,jetson_emulator,20,local,0.492198628630077,45.9604,33.4205,45.9604,47.9357,74.6596,112.06483125000001,112.06483125000001,134.6468,90.0874
300,snn,nsson,jetson_emulator,20,local,0.49550664726329907,46.3812,32.8902,46.3812,47.5949,74.5116,112.06483125000001,112.06483125000001,134.7422,90.0251
301,snn,nsson,jetson_emulator,20,offload,0.5012717075699904,46.3387,33.0438,33.0438,34.5283,81.8939,112.06483125000001,112.06483125000001,134.043,90.2366
302,snn,nsson,jetson_emulator,20,offload,0.5077136766283961,46.3404,34.2756,34.2756,36.039,81.3898,112.06483125000001,112.06483125000001,134.1379,90.0926
303,snn,nsson,jetson_emulator,20,offload,0.5034386128401592,46.6897,33.0034,33.0034,34.5113,81.9106,112.06483125000001,112.06483125000001,134.2329,90.2217
304,snn,nsson,jetson_emulator,20,offload,0.5069150526078424,46.8453,35.4841,35.4841,37.6635,80.9012,112.06483125000001,112.06483125000001,134.3278,90.1539
305,snn,nsson,jetson_emulator,20,offload,0.5031449233470583,46.4332,33.7469,33.7469,35.3995,81.6054,112.06483125000001,112.06483125000001,134.4227,90.0794
306,snn,nsson,jetson_emulator,20,local,0.5009925867628412,46.4948,33.2349,46.4948,48.7998,74.4717,112.06483125000001,112.06483125000001,135.3152,90.0882
307,snn,nsson,jetson_emulator,20,local,0.5110014075329699,47.4075,35.0305,47.4075,48.8232,74.153,112.06483125000001,112.06483125000001,135.4107,90.0412
308,snn,nsson,jetson_emulator,20,offload,0.494183513647843,47.2543,34.5673,34.5673,35.5868,81.2713,112.06483125000001,112.06483125000001,134.7075,90.0981
309,snn,nsson,jetson_emulator,20,offload,0.4911245228834145,46.9035,33.7957,33.7957,35.563,81.5855,112.06483125000001,112.06483125000001,134.8024,90.0858
310,snn,nsson,jetson_emulator,20,local,0.5046107350811712,47.4276,33.4964,47.4276,48.6826,74.146,112.06483125000001,112.06483125000001,135.6971,90.1409
311,snn,nsson,jetson_emulator,20,offload,0.4932674120507746,47.5609,33.8067,33.8067,36.878,81.581,112.06483125000001,112.06483125000001,134.9923,89.9791
312,snn,nsson,jetson_emulator,20,local,0.49004772976965066,47.8468,33.6806,47.8468,50.3447,74.0005,112.06483125000001,112.06483125000001,135.8881,90.0481
313,snn,nsson,jetson_emulator,20,local,0.492930677262753,47.0123,33.7034,47.0123,48.6578,74.2907,112.06483125000001,112.06483125000001,135.9836,90.1355
314,snn,nsson,jetson_emulator,20,offload,0.49382416639281923,47.797,33.7878,33.7878,35.3582,81.5887,112.06483125000001,112.06483125000001,135.277,89.9844
315,snn,nsson,jetson_emulator,20,local,0.48274289427291694,47.3235,34.4916,47.3235,49.7907,74.1822,112.06483125000001,112.06483125000001,136.1745,90.1497
316,snn,nsson,jetson_emulator,20,local,0.47893802449868306,47.3411,33.8738,47.3411,48.966,74.1761,112.06483125000001,112.06483125000001,136.27,90.2508
317,snn,nsson,jetson_emulator,20,local,0.4737127373951477,47.2596,34.6958,47.2596,49.6227,74.2044,112.06483125000001,112.06483125000001,136.3655,90.094
318,snn,nsson,jetson_emulator,20,offload,0.4793362318560903,48.0817,34.1014,34.1014,35.9254,81.4607,112.06483125000001,112.06483125000001,135.6567,90.0283
319,snn,nsson,jetson_emulator,20,offload,0.4852873671630133,47.43,33.9194,33.9194,36.1347,81.535,112.06483125000001,112.06483125000001,135.7516,90.0639
320,snn,nsson,jetson_emulator,20,local,0.48924662566675814,47.5739,34.6564,47.5739,49.8006,74.0951,112.06483125000001,112.06483125000001,136.652,90.1722
321,snn,nsson,jetson_emulator,20,local,0.4828387234211341,48.6616,34.4503,48.6616,50.4735,73.7194,112.06483125000001,112.06483125000001,136.7475,90.0459
322,snn,nsson,jetson_emulator,20,local,0.48238898451495393,48.0034,34.6387,48.0034,49.1917,73.9463,112.06483125000001,112.06483125000001,136.843,90.0692
323,snn,nsson,jetson_emulator,20,local,0.4860004141070105,48.0818,34.5142,48.0818,50.4026,73.9192,112.06483125000001,112.06483125000001,136.9384,89.9798
324,snn,nsson,jetson_emulator,20,local,0.4857309344621529,48.3767,34.9364,48.3767,49.945,73.8175,112.06483125000001,112.06483125000001,137.0339,90.0964
325,snn,nsson,jetson_emulator,20,offload,0.482898869034176,48.7112,34.6034,34.6034,36.1216,81.2567,112.06483125000001,112.06483125000001,136.3212,90.1091
326,snn,nsson,jetson_emulator,20,offload,0.49188836689028775,48.4274,35.1272,35.1272,36.2947,81.0449,112.06483125000001,112.06483125000001,136.4161,90.0848
327,snn,nsson,jetson_emulator,20,offload,0.493624287291233,48.5608,35.4837,35.4837,37.6895,80.9014,112.06483125000001,112.06483125000001,136.511,90.1381
328,snn,nsson,jetson_emulator,20,offload,0.48828544849761196,48.5352,34.9754,34.9754,36.5715,81.1062,112.06483125000001,112.06483125000001,136.606,90.1314
329,snn,nsson,jetson_emulator,20,offload,0.4875274719224408,48.4352,35.0665,35.0665,36.6873,81.0694,112.06483125000001,112.06483125000001,136.7009,90.1608
330,snn,nsson,jetson_emulator,20,local,0.49631764515287197,48.6068,34.6891,48.6068,50.536,73.7383,112.06483125000001,112.06483125000001,137.6068,90.0062
331,snn,nsson,jetson_emulator,20,local,0.4892428398349995,48.5038,35.5248,48.5038,50.7805,73.7737,112.06483125000001,112.06483125000001,137.7023,90.0398
332,snn,nsson,jetson_emulator,20,offload,0.4965573623016267,48.4154,35.0264,35.0264,36.2874,81.0856,112.06483125000001,112.06483125000001,136.9857,90.1046
333,snn,nsson,jetson_emulator,20,offload,0.5038583438174637,48.9625,35.5967,35.5967,37.8477,80.856,112.06483125000001,112.06483125000001,137.0806,90.0452
334,snn,nsson,jetson_emulator,20,local,0.5089257867980422,48.6253,35.1009,48.6253,50.3867,73.7319,112.06483125000001,112.06483125000001,137.9888,90.0948
335,snn,nsson,jetson_emulator,20,offload,0.5078385260191958,49.263,36.0025,36.0025,36.8597,80.6934,112.06483125000001,112.06483125000001,137.2704,90.0009
336,snn,nsson,jetson_emulator,20,offload,0.5118576957887734,48.8904,35.3714,35.3714,37.0416,80.9466,112.06483125000001,112.06483125000001,137.3653,90.1706
337,snn,nsson,jetson_emulator,20,offload,0.5147990764288742,49.2465,36.9239,36.9239,38.6629,80.3267,112.06483125000001,112.06483125000001,137.4603,90.0817
338,snn,nsson,jetson_emulator,20,local,0.5151937151970416,49.5022,36.2859,49.5022,50.8044,73.4316,112.06483125000001,112.06483125000001,138.3707,90.1725
339,snn,nsson,jetson_emulator,20,offload,0.516889917385018,49.0217,35.3864,35.3864,37.3962,80.9405,112.06483125000001,112.06483125000001,137.6501,90.0744
340,snn,nsson,jetson_emulator,20,offload,0.5200543365532831,49.148,36.2793,36.2793,38.5776,80.5829,112.06483125000001,112.06483125000001,137.745,90.0826
341,snn,nsson,jetson_emulator,20,local,0.5234461198804431,49.4405,35.6133,49.4405,50.871,73.4527,112.06483125000001,112.06483125000001,138.6572,90.1128
342,snn,nsson,jetson_emulator,20,offload,0.5244610774521141,49.777,35.4152,35.4152,37.4801,80.9289,112.06483125000001,112.06483125000001,137.9349,90.0928
343,snn,nsson,jetson_emulator,20,local,0.5297534114436186,50.5847,35.5538,50.5847,52.4192,73.0643,112.06483125000001,112.06483125000001,138.8482,90.01
344,snn,nsson,jetson_emulator,20,offload,0.5327851233352889,49.2139,36.0565,36.0565,37.9807,80.6719,112.06483125000001,112.06483125000001,138.1247,89.9809
345,snn,nsson,jetson_emulator,20,offload,0.5336119831263303,49.6331,35.5302,35.5302,36.1577,80.8827,112.06483125000001,112.06483125000001,138.2197,90.1409
346,snn,nsson,jetson_emulator,20,offload,0.5399904832211214,49.5062,35.266,35.266,37.817,80.989,112.06483125000001,112.06483125000001,138.3146,90.1031
347,snn,nsson,jetson_emulator,20,local,0.5482922660757659,49.4497,35.3716,49.4497,50.7866,73.4495,112.06483125000001,112.06483125000001,139.2301,90.1473
348,snn,nsson,jetson_emulator,20,local,0.5549157256737025,50.7292,35.9778,50.7292,52.368,73.0156,112.06483125000001,112.06483125000001,139.3256,90.1498
349,snn,nsson,jetson_emulator,20,local,0.5550344604788515,49.7634,35.7603,49.7634,51.0626,73.3427,112.06483125000001,112.06483125000001,139.4211,90.1818
350,snn,nsson,jetson_emulator,20,local,0.5654298014739936,50.2415,35.9534,50.2415,52.3976,73.1804,112.06483125000001,112.06483125000001,139.5166,90.0915
351,snn,nsson,jetson_emulator,20,offload,0.5658106772626169,50.8915,35.6412,35.6412,37.3069,80.8382,112.06483125000001,112.06483125000001,138.7892,90.0933
352,snn,nsson,jetson_emulator,20,offload,0.5646725057361813,49.7614,36.3237,36.3237,38.1565,80.5652,112.06483125000001,112.06483125000001,138.8841,90.1131
353,snn,nsson,jetson_emulator,20,offload,0.5735248785714732,50.576,35.6593,35.6593,37.6111,80.8309,112.06483125000001,112.06483125000001,138.9791,90.1287
354,snn,nsson,jetson_emulator,20,offload,0.5775770745029774,50.7161,37.273,37.273,38.9883,80.1887,112.06483125000001,112.06483125000001,139.074,90.1619
355,snn,nsson,jetson_emulator,20,offload,0.5874494386812306,50.5407,35.8303,35.8303,37.6798,80.7624,112.06483125000001,112.06483125000001,139.1689,90.0994
356,snn,nsson,jetson_emulator,20,local,0.5890566181809008,50.7425,35.8664,50.7425,52.5516,73.0111,112.06483125000001,112.06483125000001,140.0895,90.074
357,snn,nsson,jetson_emulator,20,local,0.5857065900100695,50.535,36.1991,50.535,52.1646,73.0811,112.06483125000001,112.06483125000001,140.185,90.0962
358,snn,nsson,jetson_emulator,20,local,0.5838227551552536,50.1597,36.2664,50.1597,51.7094,73.2081,112.06483125000001,112.06483125000001,140.2805,90.1977
359,snn,nsson,jetson_emulator,20,offload,0.5718720635789535,50.3524,37.1165,37.1165,40.0025,80.2505,112.06483125000001,112.06483125000001,139.5486,90.0864
360,snn,nsson,jetson_emulator,20,offload,0.5726404589243762,50.8308,35.9588,35.9588,37.8921,80.7109,112.06483125000001,112.06483125000001,139.6435,90.0966
361,snn,nsson,jetson_emulator,20,local,0.5769447461704562,50.2114,35.9637,50.2114,52.4549,73.1906,112.06483125000001,112.06483125000001,140.5669,90.0768
362,snn,nsson,jetson_emulator,20,local,0.5823161177632262,50.8826,36.5102,50.8826,52.8897,72.9639,112.06483125000001,112.06483125000001,140.6624,90.0768
363,snn,nsson,jetson_emulator,20,local,0.5854123721706206,50.4892,36.2971,50.4892,51.9552,73.0966,112.06483125000001,112.06483125000001,140.7579,90.0671
364,snn,nsson,jetson_emulator,20,offload,0.5857585755380534,50.2901,37.4314,37.4314,39.1289,80.1262,112.06483125000001,112.06483125000001,140.0232,90.1818
365,snn,nsson,jetson_emulator,20,offload,0.580710505284956,50.27,36.2522,36.2522,37.4266,80.5937,112.06483125000001,112.06483125000001,140.1181,90.1554
366,snn,nsson,jetson_emulator,20,offload,0.5816986777954044,51.4473,37.9007,37.9007,40.2105,79.9416,112.06483125000001,112.06483125000001,140.2131,90.1398
367,snn,nsson,jetson_emulator,20,offload,0.5761945507386161,50.3907,36.7562,36.7562,39.277,80.3932,112.06483125000001,112.06483125000001,140.308,90.2251
368,snn,nsson,jetson_emulator,20,local,0.5729387480338867,50.5783,36.6597,50.5783,52.6509,73.0665,112.06483125000001,112.06483125000001,141.2353,90.1426
369,snn,nsson,jetson_emulator,20,offload,0.5696404743373482,50.6103,36.4355,36.4355,38.1998,80.5207,112.06483125000001,112.06483125000001,140.4978,90.0017
370,snn,nsson,jetson_emulator,20,local,0.5661088773835122,51.682,36.334,51.682,53.1405,72.6958,112.06483125000001,112.06483125000001,141.4263,90.1343
371,snn,nsson,jetson_emulator,20,offload,0.5755299127542507,50.4905,36.8291,36.8291,37.8943,80.3643,112.06483125000001,112.06483125000001,140.6877,90.1084
372,snn,nsson,jetson_emulator,20,offload,0.5747711350935548,51.1831,36.1715,36.1715,37.1723,80.6259,112.06483125000001,112.06483125000001,140.7826,90.0567
373,snn,nsson,jetson_emulator,20,local,0.5768618661271605,51.0007,36.3792,51.0007,53.2028,72.9242,112.06483125000001,112.06483125000001,141.7128,90.0789
374,snn,nsson,jetson_emulator,20,local,0.5755469864382001,51.7976,37.2753,51.7976,53.41,72.6571,112.06483125000001,112.06483125000001,141.8083,90.0773
375,snn,nsson,jetson_emulator,20,local,0.5709971949580933,51.5633,36.9264,51.5633,53.6105,72.7354,112.06483125000001,112.06483125000001,141.9037,90.1219
376,snn,nsson,jetson_emulator,20,offload,0.5717662164663365,50.7409,36.8404,36.8404,38.5132,80.3598,112.06483125000001,112.06483125000001,141.1623,90.1039
377,snn,nsson,jetson_emulator,20,offload,0.5791662764844797,51.0033,36.2666,36.2666,37.6312,80.588,112.06483125000001,112.06483125000001,141.2572,90.1158
378,snn,nsson,jetson_emulator,20,local,0.5814631318811941,50.7656,36.7471,50.7656,52.8816,73.0033,112.06483125000001,112.06483125000001,142.1902,90.1889
379,snn,nsson,jetson_emulator,20,offload,0.5820035137340891,51.0731,36.7912,36.7912,38.8495,80.3794,112.06483125000001,112.06483125000001,141.4471,90.1053
380,snn,nsson,jetson_emulator,20,offload,0.5825517882981596,51.3771,36.3302,36.3302,37.7928,80.5627,112.06483125000001,112.06483125000001,141.542,90.0631
381,snn,nsson,jetson_emulator,20,offload,0.5791115132552108,50.8703,36.6881,36.6881,38.7455,80.4203,112.06483125000001,112.06483125000001,141.6369,90.0634
382,snn,nsson,jetson_emulator,20,local,0.5709264824414514,51.2778,36.3264,51.2778,52.3824,72.8311,112.06483125000001,112.06483125000001,142.5722,90.0662
383,snn,nsson,jetson_emulator,20,offload,0.5705791309793304,51.4903,36.3975,36.3975,37.747,80.5358,112.06483125000001,112.06483125000001,141.8268,90.0912
384,snn,nsson,jetson_emulator,20,local,0.5629470761786902,51.1748,36.4589,51.1748,52.4981,72.8657,112.06483125000001,112.06483125000001,142.7631,90.1099
385,snn,nsson,jetson_emulator,20,offload,0.5647872024857659,51.1828,36.6426,36.6426,38.8571,80.4383,112.06483125000001,112.06483125000001,142.0166,90.1213
386,snn,nsson,jetson_emulator,20,offload,0.5533508402038658,51.1083,36.4523,36.4523,38.8044,80.514,112.06483125000001,112.06483125000001,142.1115,90.1191
387,snn,nsson,jetson_emulator,20,local,0.5502222143756419,50.9609,37.7584,50.9609,52.6551,72.9376,112.06483125000001,112.06483125000001,143.0496,90.1496
388,snn,nsson,jetson_emulator,20,local,0.5456743996839266,51.7721,36.4253,51.7721,53.0177,72.6657,112.06483125000001,112.06483125000001,143.1451,90.0734
389,snn,nsson,jetson_emulator,20,local,0.5501571980699664,50.9062,36.991,50.9062,52.3597,72.9559,112.06483125000001,112.06483125000001,143.2406,90.1326
390,snn,nsson,jetson_emulator,20,offload,0.5535059070758395,50.9123,36.5557,36.5557,38.4533,80.4729,112.06483125000001,112.06483125000001,142.4912,90.1706
391,snn,nsson,jetson_emulator,20,local,0.5538358674896849,51.1635,36.8068,51.1635,52.8555,72.8695,112.06483125000001,112.06483125000001,143.4315,90.0899
392,snn,nsson,jetson_emulator,20,offload,0.5518112545399763,51.3823,37.0022,37.0022,39.1018,80.2957,112.06483125000001,112.06483125000001,142.6811,90.003
393,snn,nsson,jetson_emulator,20,offload,0.544626300283032,51.1395,36.4555,36.4555,38.6253,80.5127,112.06483125000001,112.06483125000001,142.776,90.0709
394,snn,nsson,jetson_emulator,20,offload,0.5416132789703845,51.0614,37.1781,37.1781,39.1271,80.2262,112.06483125000001,112.06483125000001,142.8709,90.0834
395,snn,nsson,jetson_emulator,20,offload,0.5454223536844519,51.0778,37.7149,37.7149,39.8904,80.0146,112.06483125000001,112.06483125000001,142.9659,90.0979
396,snn,nsson,jetson_emulator,20,local,0.546177714174437,51.0842,37.4772,51.0842,52.7421,72.8961,112.06483125000001,112.06483125000001,143.909,90.0216
397,snn,nsson,jetson_emulator,20,offload,0.5423972703907655,51.1196,38.1247,38.1247,39.9751,79.8538,112.06483125000001,112.06483125000001,143.1557,89.9919
398,snn,nsson,jetson_emulator,20,local,0.5389433013323286,50.9338,37.0352,50.9338,52.9445,72.9467,112.06483125000001,112.06483125000001,144.0999,90.1026
399,snn,nsson,jetson_emulator,20,local,0.5442064172034818,50.9706,37.244,50.9706,53.477,72.9343,112.06483125000001,112.06483125000001,144.1954,90.1119
400,snn,nsson,jetson_emulator,20,local,0.5397746635898788,51.6545,36.9287,51.6545,54.3873,72.7049,112.06483125000001,112.06483125000001,144.2909,90.0982
401,snn,nsson,jetson_emulator,20,local,0.5348763823512827,51.394,36.6834,51.394,53.1679,72.7921,112.06483125000001,112.06483125000001,144.3864,90.1633
402,snn,nsson,jetson_emulator,20,local,0.5364497261816532,51.8523,36.5032,51.8523,53.3454,72.6389,112.06483125000001,112.06483125000001,144.4819,90.0583
403,snn,nsson,jetson_emulator,20,offload,0.5330007084228927,52.4332,36.8702,36.8702,38.8177,80.348,112.06483125000001,112.06483125000001,143.7252,90.1164
404,snn,nsson,jetson_emulator,20,local,0.5315341085564727,51.387,37.3679,51.387,53.0536,72.7945,112.06483125000001,112.06483125000001,144.6729,90.1347
405,snn,nsson,jetson_emulator,20,offload,0.5268567149420534,51.9461,36.6706,36.6706,38.1506,80.4272,112.06483125000001,112.06483125000001,143.9151,90.2137
406,snn,nsson,jetson_emulator,20,local,0.5310766291162845,51.1243,36.7521,51.1243,53.29,72.8826,112.06483125000001,112.06483125000001,144.8638,90.0871
407,snn,nsson,jetson_emulator,20,offload,0.5339142803779898,51.354,37.6334,37.6334,39.0406,80.0467,112.06483125000001,112.06483125000001,144.1049,90.0262
408,snn,nsson,jetson_emulator,20,offload,0.5309560326399803,51.7401,37.1068,37.1068,38.8728,80.2543,112.06483125000001,112.06483125000001,144.1999,90.0959
409,snn,nsson,jetson_emulator,20,local,0.5344499544558456,50.9906,36.6177,50.9906,52.1038,72.9276,112.06483125000001,112.06483125000001,145.1503,90.0177
410,snn,nsson,jetson_emulator,20,offload,0.5283539227129412,51.1666,36.5018,36.5018,38.6414,80.4943,112.06483125000001,112.06483125000001,144.3897,90.0486
411,snn,nsson,jetson_emulator,20,local,0.5237781988294632,51.3599,36.4371,51.3599,52.4196,72.8036,112.06483125000001,112.06483125000001,145.3413,90.1365
412,snn,nsson,jetson_emulator,20,offload,0.5297590724631057,51.5063,36.7787,36.7787,39.712,80.3843,112.06483125000001,112.06483125000001,144.5796,90.105
413,snn,nsson,jetson_emulator,20,local,0.5241727092276969,51.6462,37.1253,51.6462,53.2922,72.7077,112.06483125000001,112.06483125000001,145.5322,90.0799
414,snn,nsson,jetson_emulator,20,local,0.5201473066556981,51.9041,37.268,51.9041,53.1007,72.6216,112.06483125000001,112.06483125000001,145.6277,90.1024
415,snn,nsson,jetson_emulator,20,local,0.5253773437987692,51.7168,36.5838,51.7168,53.562,72.6841,112.06483125000001,112.06483125000001,145.7232,90.1297
416,snn,nsson,jetson_emulator,20,local,0.5281541696151174,51.5733,36.699,51.5733,53.0021,72.7321,112.06483125000001,112.06483125000001,145.8187,90.082
417,snn,nsson,jetson_emulator,20,offload,0.5200599069669367,51.5363,37.1133,37.1133,38.7457,80.2518,112.06483125000001,112.06483125000001,145.0542,90.1267
418,snn,nsson,jetson_emulator,20,offload,0.5127489795076955,51.3307,37.2051,37.2051,39.1823,80.2155,112.06483125000001,112.06483125000001,145.1491,90.1615
419,snn,nsson,jetson_emulator,20,offload,0.5151986837474825,52.3627,36.7446,36.7446,38.0261,80.3978,112.06483125000001,112.06483125000001,145.244,90.1461
420,snn,nsson,jetson_emulator,20,local,0.5171615958184258,50.9208,37.4917,50.9208,53.5615,72.951,112.06483125000001,112.06483125000001,146.2006,90.1077
421,snn,nsson,jetson_emulator,20,local,0.5098942794399808,51.619,36.6507,51.619,54.0715,72.7168,112.06483125000001,112.06483125000001,146.2961,90.1187
422,snn,nsson,jetson_emulator,20,offload,0.5124716767477872,51.6093,36.9151,36.9151,39.4842,80.3302,112.06483125000001,112.06483125000001,145.5288,90.0798
423,snn,nsson,jetson_emulator,20,offload,0.5152268261689718,51.5987,36.8859,36.8859,38.3649,80.3418,112.06483125000001,112.06483125000001,145.6237,90.1409
424,snn,nsson,jetson_emulator,20,local,0.5227140687727109,50.941,36.8962,50.941,51.7857,72.9442,112.06483125000001,112.06483125000001,146.5826,90.0217
425,snn,nsson,jetson_emulator,20,local,0.5238842489029327,51.0382,37.8162,51.0382,52.1789,72.9116,112.06483125000001,112.06483125000001,146.6781,90.0321
426,snn,nsson,jetson_emulator,20,offload,0.5198849575331498,51.0094,36.6545,36.6545,38.9928,80.4336,112.06483125000001,112.06483125000001,145.9085,90.1883
427,snn,nsson,jetson_emulator,20,offload,0.5216869204542318,51.1715,36.9614,36.9614,38.845,80.3119,112.06483125000001,112.06483125000001,146.0034,90.2017
428,snn,nsson,jetson_emulator,20,local,0.5203538803135075,51.0039,37.3255,51.0039,52.8022,72.9231,112.06483125000001,112.06483125000001,146.9645,90.0246
429,snn,nsson,jetson_emulator,20,local,0.5258578058046313,51.9165,36.545,51.9165,53.4333,72.6175,112.06483125000001,112.06483125000001,147.06,90.1094
430,snn,nsson,jetson_emulator,20,offload,0.513217323340104,50.8958,36.6734,36.6734,38.6325,80.4261,112.06483125000001,112.06483125000001,146.2882,90.1176
431,snn,nsson,jetson_emulator,20,offload,0.5151424925193644,51.2795,37.5615,37.5615,40.2039,80.0749,112.06483125000001,112.06483125000001,146.3831,90.1507
432,snn,nsson,jetson_emulator,20,offload,0.5129347957930646,50.8697,36.6616,36.6616,38.3123,80.4308,112.06483125000001,112.06483125000001,146.478,89.9579
433,snn,nsson,jetson_emulator,20,local,0.5124022111123718,50.9476,38.1047,50.9476,52.8391,72.942,112.06483125000001,112.06483125000001,147.442,90.1031
434,snn,nsson,jetson_emulator,20,offload,0.5153479322541248,51.5628,37.0949,37.0949,38.7544,80.259,112.06483125000001,112.06483125000001,146.6679,90.078
435,snn,nsson,jetson_emulator,20,local,0.5112151977992914,51.3514,36.6015,51.3514,53.3183,72.8064,112.06483125000001,112.06483125000001,147.6329,90.0527
436,snn,nsson,jetson_emulator,20,offload,0.5126757354526407,51.8554,36.3683,36.3683,37.2326,80.5474,112.06483125000001,112.06483125000001,146.8577,90.1333
437,snn,nsson,jetson_emulator,20,offload,0.5178248017686289,51.3955,36.9991,36.9991,38.0448,80.297,112.06483125000001,112.06483125000001,146.9527,90.088
438,snn,nsson,jetson_emulator,20,offload,0.5071597852314917,51.3414,37.3361,37.3361,38.6259,80.1638,112.06483125000001,112.06483125000001,147.0476,90.0989
439,snn,nsson,jetson_emulator,20,local,0.49948726372817104,51.225,38.1115,51.225,53.2353,72.8488,112.06483125000001,112.06483125000001,148.0149,90.1097
440,snn,nsson,jetson_emulator,20,offload,0.492626833882063,50.8314,37.0304,37.0304,39.1718,80.2846,112.06483125000001,112.06483125000001,147.2374,90.0113
441,snn,nsson,jetson_emulator,20,offload,0.49941793361034587,50.9246,37.5068,37.5068,38.792,80.0965,112.06483125000001,112.06483125000001,147.3324,90.1132
442,snn,nsson,jetson_emulator,20,offload,0.49837662797733495,51.9497,36.4799,36.4799,38.2796,80.503,112.06483125000001,112.06483125000001,147.4273,90.1261
443,snn,nsson,jetson_emulator,20,offload,0.5029058943650221,50.9274,37.2408,37.2408,38.5097,80.2014,112.06483125000001,112.06483125000001,147.5222,90.0656
444,snn,nsson,jetson_emulator,20,local,0.5042005020018033,50.8703,36.6635,50.8703,52.7328,72.968,112.06483125000001,112.06483125000001,148.4923,90.0782
445,snn,nsson,jetson_emulator,20,local,0.5075334915747808,51.3871,36.5202,51.3871,53.2459,72.7944,112.06483125000001,112.06483125000001,148.5878,90.0993
446,snn,nsson,jetson_emulator,20,local,0.5100332187110975,51.5161,36.3464,51.5161,53.4485,72.7512,112.06483125000001,112.06483125000001,148.6833,90.0803
447,snn,nsson,jetson_emulator,20,offload,0.5048659390944131,51.7267,36.6159,36.6159,38.8588,80.449,112.06483125000001,112.06483125000001,147.9019,90.1014
448,snn,nsson,jetson_emulator,20,offload,0.49814354918124953,51.0697,36.3574,36.3574,38.6099,80.5518,112.06483125000001,112.06483125000001,147.9968,90.1116
449,snn,nsson,jetson_emulator,20,offload,0.5105760945055275,51.3897,36.7406,36.7406,39.1417,80.3994,112.06483125000001,112.06483125000001,148.0917,90.0621
450,snn,nsson,jetson_emulator,20,local,0.5214292472291783,51.0811,36.6376,51.0811,52.673,72.8971,112.06483125000001,112.06483125000001,149.0652,90.0589
451,snn,nsson,jetson_emulator,20,offload,0.5174284728594979,51.7937,37.5424,37.5424,38.8669,80.0824,112.06483125000001,112.06483125000001,148.2816,90.1066
452,snn,nsson,jetson_emulator,20,offload,0.5226640530087828,50.8043,36.6243,36.6243,38.4809,80.4456,112.06483125000001,112.06483125000001,148.3765,90.1573
453,snn,nsson,jetson_emulator,20,local,0.5277665705036007,50.8126,36.6641,50.8126,52.6127,72.9875,112.06483125000001,112.06483125000001,149.3517,90.1491
454,snn,nsson,jetson_emulator,20,local,0.5268726546778929,52.096,36.4406,52.096,53.7471,72.5576,112.06483125000001,112.06483125000001,149.4472,90.1453
455,snn,nsson,jetson_emulator,20,local,0.5385279094361081,50.9854,37.2494,50.9854,53.4923,72.9293,112.06483125000001,112.06483125000001,149.5427,90.1469
456,snn,nsson,jetson_emulator,20,offload,0.544616697842279,51.0195,36.5912,36.5912,38.3895,80.4587,112.06483125000001,112.06483125000001,148.7562,90.1608
457,snn,nsson,jetson_emulator,20,local,0.5517693177413656,51.1446,36.4368,51.1446,53.6609,72.8758,112.06483125000001,112.06483125000001,149.7336,90.1129
458,snn,nsson,jetson_emulator,20,local,0.5577734056341433,50.8036,36.6516,50.8036,52.6384,72.9905,112.06483125000001,112.06483125000001,149.8291,90.0747
459,snn,nsson,jetson_emulator,20,offload,0.5589724127346553,51.6034,36.9847,36.9847,38.865,80.3027,112.06483125000001,112.06483125000001,149.041,90.0646
460,snn,nsson,jetson_emulator,20,local,0.562526058406005,51.22,37.568,51.22,53.0359,72.8505,112.06483125000001,112.06483125000001,150.0201,90.1214
461,snn,nsson,jetson_emulator,20,local,0.5574162931432698,50.8725,36.7616,50.8725,52.9683,72.9673,112.06483125000001,112.06483125000001,150.1156,90.1596
462,snn,nsson,jetson_emulator,20,offload,0.5633578168900099,51.1133,37.0953,37.0953,38.8071,80.2589,112.06483125000001,112.06483125000001,149.3258,90.0473
463,snn,nsson,jetson_emulator,20,local,0.5574965243169344,51.2404,36.9239,51.2404,53.3096,72.8436,112.06483125000001,112.06483125000001,150.3066,90.0584
464,snn,nsson,jetson_emulator,20,offload,0.549473127322509,50.8897,36.3604,36.3604,38.603,80.5506,112.06483125000001,112.06483125000001,149.5156,90.0982
465,snn,nsson,jetson_emulator,20,offload,0.554181323368351,51.2946,37.349,37.349,38.9938,80.1587,112.06483125000001,112.06483125000001,149.6105,90.1197
466,snn,nsson,jetson_emulator,20,local,0.563095536906296,50.9389,36.4851,50.9389,53.378,72.9449,112.06483125000001,112.06483125000001,150.593,89.9511
467,snn,nsson,jetson_emulator,20,offload,0.5547674087426553,51.0686,36.7334,36.7334,38.0202,80.4023,112.06483125000001,112.06483125000001,149.8004,90.0262
468,snn,nsson,jetson_emulator,20,offload,0.5516229725311008,51.0717,36.7013,36.7013,38.0995,80.415,112.06483125000001,112.06483125000001,149.8953,90.1309
469,snn,nsson,jetson_emulator,20,local,0.5537929049269299,50.8094,37.0849,50.8094,52.431,72.9886,112.06483125000001,112.06483125000001,150.8795,90.1327
470,snn,nsson,jetson_emulator,20,offload,0.5448520040663194,51.8338,37.0,37.0,38.5258,80.2966,112.06483125000001,112.06483125000001,150.0851,90.167
471,snn,nsson,jetson_emulator,20,offload,0.5470134036824247,50.8514,36.5594,36.5594,38.1088,80.4714,112.06483125000001,112.06483125000001,150.1801,90.0897
472,snn,nsson,jetson_emulator,20,local,0.5388824557674664,51.3656,37.5484,51.3656,53.409,72.8016,112.06483125000001,112.06483125000001,151.1659,90.095
473,snn,nsson,jetson_emulator,20,offload,0.5503148363681639,51.3463,37.2126,37.2126,38.4587,80.2125,112.06483125000001,112.06483125000001,150.3699,90.0833
474,snn,nsson,jetson_emulator,20,local,0.5543808697848419,51.536,37.3315,51.536,53.6476,72.7446,112.06483125000001,112.06483125000001,151.3569,89.9933
475,snn,nsson,jetson_emulator,20,offload,0.5586748691363533,51.1958,36.906,36.906,38.5231,80.3338,112.06483125000001,112.06483125000001,150.5598,90.1038
476,snn,nsson,jetson_emulator,20,local,0.5671463346762414,51.2291,36.5083,51.2291,53.0515,72.8474,112.06483125000001,112.06483125000001,151.5479,90.1417
477,snn,nsson,jetson_emulator,20,local,0.5651314713608244,50.9437,36.8095,50.9437,52.2722,72.9433,112.06483125000001,112.06483125000001,151.6434,90.0572
478,snn,nsson,jetson_emulator,20,offload,0.5679887902586592,51.8525,36.5951,36.5951,38.1771,80.4572,112.06483125000001,112.06483125000001,150.8445,89.9951
479,snn,nsson,jetson_emulator,20,local,0.5620906972897296,51.3609,36.5738,51.3609,53.2711,72.8032,112.06483125000001,112.06483125000001,151.8344,90.0594
480,snn,nsson,jetson_emulator,20,local,0.5631470438331281,51.204,36.7626,51.204,53.0762,72.8559,112.06483125000001,112.06483125000001,151.9298,90.1155
481,snn,nsson,jetson_emulator,20,offload,0.5559993588137443,51.18,36.6216,36.6216,38.0634,80.4467,112.06483125000001,112.06483125000001,151.1293,90.1241
482,snn,nsson,jetson_emulator,20,offload,0.5450674112325044,51.3107,37.4228,37.4228,38.9777,80.1296,112.06483125000001,112.06483125000001,151.2242,90.0601
483,snn,nsson,jetson_emulator,20,local,0.5610242571024893,51.0764,36.8604,51.0764,53.0813,72.8987,112.06483125000001,112.06483125000001,152.2163,89.9688
484,snn,nsson,jetson_emulator,20,offload,0.557685211651406,52.0744,36.928,36.928,38.3898,80.3251,112.06483125000001,112.06483125000001,151.4141,90.0852
485,snn,nsson,jetson_emulator,20,offload,0.546943769327135,51.8701,36.5953,36.5953,38.3224,80.4571,112.06483125000001,112.06483125000001,151.509,90.1404
486,snn,nsson,jetson_emulator,20,local,0.5440556964355502,52.4111,37.2676,52.4111,54.1746,72.4529,112.06483125000001,112.06483125000001,152.5028,90.0684
487,snn,nsson,jetson_emulator,20,offload,0.5425126345068574,51.8722,37.7725,37.7725,39.6617,79.992,112.06483125000001,112.06483125000001,151.6988,90.0753
488,snn,nsson,jetson_emulator,20,local,0.5528809483268038,51.6702,37.369,51.6702,53.1744,72.6997,112.06483125000001,112.06483125000001,152.6937,90.1209
489,snn,nsson,jetson_emulator,20,local,0.5618234113269163,52.5361,36.6065,52.5361,53.9983,72.4114,112.06483125000001,112.06483125000001,152.7892,90.0716
490,snn,nsson,jetson_emulator,20,offload,0.5507203995027498,52.0839,37.717,37.717,39.7271,80.0138,112.06483125000001,112.06483125000001,151.9836,90.1154
491,snn,nsson,jetson_emulator,20,local,0.5426061861074346,52.0377,37.0448,52.0377,53.225,72.5771,112.06483125000001,112.06483125000001,152.9802,90.2048
492,snn,nsson,jetson_emulator,20,offload,0.547318319106658,51.5001,37.6266,37.6266,39.5497,80.0493,112.06483125000001,112.06483125000001,152.1735,90.0858
493,snn,nsson,jetson_emulator,20,offload,0.5446509355487884,52.175,38.0641,38.0641,39.8222,79.8775,112.06483125000001,112.06483125000001,152.2684,90.0792
494,snn,nsson,jetson_emulator,20,local,0.5445490229058038,51.4892,37.2237,51.4892,52.6522,72.7602,112.06483125000001,112.06483125000001,153.2667,90.0701
495,snn,nsson,jetson_emulator,20,offload,0.547300173748785,51.4878,36.7487,36.7487,38.5641,80.3962,112.06483125000001,112.06483125000001,152.4582,90.1374
496,snn,nsson,jetson_emulator,20,local,0.5426810040996656,51.6161,36.9804,51.6161,53.5868,72.7178,112.06483125000001,112.06483125000001,153.4576,90.1065
497,snn,nsson,jetson_emulator,20,local,0.5494534611528242,51.8264,37.9833,51.8264,53.5192,72.6475,112.06483125000001,112.06483125000001,153.5531,90.1342
498,snn,nsson,jetson_emulator,20,offload,0.5536173634844893,52.1961,36.8927,36.8927,38.1502,80.3391,112.06483125000001,112.06483125000001,152.743,90.1516
499,snn,nsson,jetson_emulator,20,local,0.5530171683656305,52.1887,37.4965,52.1887,54.0031,72.5268,112.06483125000001,112.06483125000001,153.7441,90.0822
500,snn,nsson,jetson_emulator,20,offload,0.5604512787653103,52.5144,37.0859,37.0859,38.7878,80.2626,112.06483125000001,112.06483125000001,152.9329,90.2267
501,snn,nsson,jetson_emulator,20,local,0.5586416568752233,52.3237,37.927,52.3237,55.2825,72.4819,112.06483125000001,112.06483125000001,153.9351,90.1065
502,snn,nsson,jetson_emulator,20,local,0.556926139951161,51.9709,37.7238,51.9709,53.5741,72.5993,112.06483125000001,112.06483125000001,154.0305,90.0667
503,snn,nsson,jetson_emulator,20,local,0.5577547782604915,51.7933,37.8421,51.7933,53.4653,72.6586,112.06483125000001,112.06483125000001,154.126,90.0452
504,snn,nsson,jetson_emulator,20,offload,0.5447007605392715,52.0411,38.8715,38.8715,40.4261,79.5625,112.06483125000001,112.06483125000001,153.3126,90.1158
505,snn,nsson,jetson_emulator,20,offload,0.5462080664858906,52.5276,37.2838,37.2838,39.042,80.1844,112.06483125000001,112.06483125000001,153.4075,90.1126
506,snn,nsson,jetson_emulator,20,offload,0.5434357787637826,52.5826,37.0689,37.0689,38.8011,80.2693,112.06483125000001,112.06483125000001,153.5024,90.0689
507,snn,nsson,jetson_emulator,20,offload,0.5346942880674831,52.4533,38.1448,38.1448,40.5012,79.8459,112.06483125000001,112.06483125000001,153.5973,90.1059
508,snn,nsson,jetson_emulator,20,offload,0.5271802922592058,52.5818,37.4125,37.4125,39.7129,80.1336,112.06483125000001,112.06483125000001,153.6922,90.1653
509,snn,nsson,jetson_emulator,20,local,0.5231085693007718,52.3144,38.379,52.3144,53.6941,72.485,112.06483125000001,112.06483125000001,154.699,90.1041
510,snn,nsson,jetson_emulator,20,local,0.5163262789923585,52.702,37.5207,52.702,54.4021,72.3564,112.06483125000001,112.06483125000001,154.7944,90.0895
511,snn,nsson,jetson_emulator,20,offload,0.5147893140881546,52.1744,37.7588,37.7588,39.9793,79.9973,112.06483125000001,112.06483125000001,153.977,89.975
512,snn,nsson,jetson_emulator,20,local,0.5108343379044787,52.5985,37.3365,52.5985,54.724,72.3907,112.06483125000001,112.06483125000001,154.9854,90.0879
513,snn,nsson,jetson_emulator,20,local,0.507130441655662,52.7707,37.4547,52.7707,54.2963,72.3337,112.06483125000001,112.06483125000001,155.0809,90.2172
514,snn,nsson,jetson_emulator,20,offload,0.49944069724627527,52.6016,37.5846,37.5846,39.6067,80.0658,112.06483125000001,112.06483125000001,154.2618,90.1032
515,snn,nsson,jetson_emulator,20,local,0.5050926485438344,52.4076,38.1108,52.4076,53.6615,72.4541,112.06483125000001,112.06483125000001,155.2719,90.1166
516,snn,nsson,jetson_emulator,20,offload,0.5043471305951284,52.7046,37.8531,37.8531,39.7357,79.9603,112.06483125000001,112.06483125000001,154.4516,90.1096
517,snn,nsson,jetson_emulator,20,offload,0.49543444351213406,52.8873,37.9977,37.9977,39.0261,79.9036,112.06483125000001,112.06483125000001,154.5466,90.0726
518,snn,nsson,jetson_emulator,20,offload,0.4978798368645919,53.241,39.649,39.649,41.0908,79.2614,112.06483125000001,112.06483125000001,154.6415,90.1193
519,snn,nsson,jetson_emulator,20,local,0.49379243177472026,52.5673,37.7632,52.5673,54.3295,72.4011,112.06483125000001,112.06483125000001,155.6538,90.0994
520,snn,nsson,jetson_emulator,20,offload,0.4954891484431684,52.6897,37.8251,37.8251,39.4146,79.9713,112.06483125000001,112.06483125000001,154.8313,90.1752
521,snn,nsson,jetson_emulator,20,local,0.4974264470816623,53.3669,38.0419,53.3669,55.6005,72.137,112.06483125000001,112.06483125000001,155.8448,90.1302
522,snn,nsson,jetson_emulator,20,local,0.49679497025042835,53.7112,38.0308,53.7112,55.1067,72.0238,112.06483125000001,112.06483125000001,155.9403,90.0857
523,snn,nsson,jetson_emulator,20,local,0.500538765183228,52.8831,38.0866,52.8831,53.8179,72.2965,112.06483125000001,112.06483125000001,156.0358,90.1477
524,snn,nsson,jetson_emulator,20,offload,0.5002449160823825,52.9191,38.3102,38.3102,40.5168,79.7813,112.06483125000001,112.06483125000001,155.211,90.0581
525,snn,nsson,jetson_emulator,20,offload,0.5123965971574439,53.168,38.3957,38.3957,40.0155,79.7479,112.06483125000001,112.06483125000001,155.306,90.1376
526,snn,nsson,jetson_emulator,20,offload,0.5212141685808451,53.1839,38.3397,38.3397,40.4829,79.7697,112.06483125000001,112.06483125000001,155.4009,90.085
527,snn,nsson,jetson_emulator,20,offload,0.5285190619192112,53.4821,38.5935,38.5935,40.4077,79.6707,112.06483125000001,112.06483125000001,155.4958,90.1866
528,snn,nsson,jetson_emulator,20,local,0.5295020109785102,53.2832,38.7302,53.2832,55.5688,72.1645,112.06483125000001,112.06483125000001,156.5132,90.1897
529,snn,nsson,jetson_emulator,20,local,0.5252607341834513,53.6894,39.1115,53.6894,55.5124,72.031,112.06483125000001,112.06483125000001,156.6087,90.0901
530,snn,nsson,jetson_emulator,20,offload,0.5319751494638234,53.8163,38.1846,38.1846,39.5847,79.8304,112.06483125000001,112.06483125000001,155.7806,90.0759
531,snn,nsson,jetson_emulator,20,local,0.5243207073764357,53.941,39.7383,53.941,55.4154,71.9485,112.06483125000001,112.06483125000001,156.7997,90.0476
532,snn,nsson,jetson_emulator,20,local,0.5232551207093529,53.5256,38.4839,53.5256,55.4732,72.0848,112.06483125000001,112.06483125000001,156.8951,90.0434
533,snn,nsson,jetson_emulator,20,offload,0.515561447104342,53.6128,39.3118,39.3118,41.8597,79.3917,112.06483125000001,112.06483125000001,156.0653,90.104
534,snn,nsson,jetson_emulator,20,local,0.5165555419337808,53.7747,38.5834,53.7747,55.563,72.003,112.06483125000001,112.06483125000001,157.0861,90.1262
535,snn,nsson,jetson_emulator,20,offload,0.5237866694420441,53.7245,38.4392,38.4392,40.3861,79.7308,112.06483125000001,112.06483125000001,156.2552,90.1188
536,snn,nsson,jetson_emulator,20,local,0.5284144374691998,54.7021,38.8838,54.7021,57.2677,71.7002,112.06483125000001,112.06483125000001,157.2771,90.0684
537,snn,nsson,jetson_emulator,20,offload,0.5250615135961946,53.9063,38.4707,38.4707,40.6037,79.7186,112.06483125000001,112.06483125000001,156.445,90.1538
538,snn,nsson,jetson_emulator,20,local,0.5297225440641306,54.0814,40.4604,54.0814,56.5053,71.9026,112.06483125000001,112.06483125000001,157.4681,90.0021
539,snn,nsson,jetson_emulator,20,local,0.5350390324131137,54.1162,39.0355,54.1162,56.0871,71.8912,112.06483125000001,112.06483125000001,157.5636,90.003
540,snn,nsson,jetson_emulator,20,offload,0.5299460243113847,54.4973,38.9341,38.9341,41.065,79.5382,112.06483125000001,112.06483125000001,156.7298,90.2357
541,snn,nsson,jetson_emulator,20,local,0.5381825769350301,54.3294,40.2999,54.3294,56.3683,71.8216,112.06483125000001,112.06483125000001,157.7545,90.0549
542,snn,nsson,jetson_emulator,20,local,0.528899167789202,54.2325,38.7996,54.2325,55.646,71.8532,112.06483125000001,112.06483125000001,157.85,90.1616
543,snn,nsson,jetson_emulator,20,offload,0.5109885650791403,54.8823,38.9573,38.9573,41.8199,79.5292,112.06483125000001,112.06483125000001,157.0146,90.0568
544,snn,nsson,jetson_emulator,20,local,0.5098137647625159,54.6895,38.8133,54.6895,56.3971,71.7043,112.06483125000001,112.06483125000001,158.041,90.1215
545,snn,nsson,jetson_emulator,20,local,0.5104340689623327,54.5144,39.0088,54.5144,56.5921,71.7613,112.06483125000001,112.06483125000001,158.1365,90.1795
546,snn,nsson,jetson_emulator,20,offload,0.4999244714277801,54.4875,38.9218,38.9218,40.6856,79.543,112.06483125000001,112.06483125000001,157.2994,90.1058
547,snn,nsson,jetson_emulator,20,local,0.5029366889554129,55.2332,39.1581,55.2332,56.7623,71.5279,112.06483125000001,112.06483125000001,158.3274,90.0277
548,snn,nsson,jetson_emulator,20,offload,0.49191694760516086,55.5483,39.8044,39.8044,40.8675,79.2015,112.06483125000001,112.06483125000001,157.4892,90.0554
549,snn,nsson,jetson_emulator,20,offload,0.48917716054865523,55.1968,39.6247,39.6247,41.6961,79.2708,112.06483125000001,112.06483125000001,157.5841,90.0675
550,snn,nsson,jetson_emulator,20,offload,0.4831159871352539,55.0656,39.4749,39.4749,41.164,79.3286,112.06483125000001,112.06483125000001,157.6791,90.1049
551,snn,nsson,jetson_emulator,20,offload,0.48884592758648326,55.1656,39.4738,39.4738,41.3246,79.3291,112.06483125000001,112.06483125000001,157.774,90.0322
552,snn,nsson,jetson_emulator,20,local,0.49988593586688485,55.1878,40.3955,55.1878,57.5721,71.5427,112.06483125000001,112.06483125000001,158.8049,90.1746
553,snn,nsson,jetson_emulator,20,local,0.4948920472477932,55.5373,39.6048,55.5373,57.905,71.4297,112.06483125000001,112.06483125000001,158.9004,90.1761
554,snn,nsson,jetson_emulator,20,offload,0.48790912042543827,55.8774,39.7456,39.7456,40.4703,79.2242,112.06483125000001,112.06483125000001,158.0587,90.1719
555,snn,nsson,jetson_emulator,20,offload,0.4777616639996509,56.7243,40.7979,40.7979,42.2903,78.8207,112.06483125000001,112.06483125000001,158.1537,90.0237
556,snn,nsson,jetson_emulator,20,offload,0.4712589658090626,55.3055,39.5554,39.5554,41.2129,79.2975,112.06483125000001,112.06483125000001,158.2486,90.1218
557,snn,nsson,jetson_emulator,20,offload,0.4550036888422263,55.3787,41.0155,41.0155,43.0727,78.7378,112.06483125000001,112.06483125000001,158.3435,90.1157
558,snn,nsson,jetson_emulator,20,offload,0.4493492344951634,55.7707,40.2812,40.2812,42.0356,79.0183,112.06483125000001,112.06483125000001,158.4384,90.0832
559,snn,nsson,jetson_emulator,20,local,0.44549375721803414,55.9226,39.8117,55.9226,58.1238,71.3056,112.06483125000001,112.06483125000001,159.4733,90.0319
560,snn,nsson,jetson_emulator,20,local,0.4381690606785302,55.7993,40.3053,55.7993,58.4254,71.3453,112.06483125000001,112.06483125000001,159.5688,90.1425
561,snn,nsson,jetson_emulator,20,offload,0.44575286036162026,55.8275,39.8417,39.8417,41.2704,79.1872,112.06483125000001,112.06483125000001,158.7232,90.0721
562,snn,nsson,jetson_emulator,20,local,0.4444241789271728,56.1262,40.6315,56.1262,58.1159,71.2402,112.06483125000001,112.06483125000001,159.7597,90.0791
563,snn,nsson,jetson_emulator,20,local,0.4415258499753662,56.5598,40.2362,56.5598,58.3531,71.1013,112.06483125000001,112.06483125000001,159.8552,90.1044
564,snn,nsson,jetson_emulator,20,local,0.44533091054561075,56.5656,40.1434,56.5656,58.2533,71.0994,112.06483125000001,112.06483125000001,159.9507,90.1138
565,snn,nsson,jetson_emulator,20,local,0.4408011031349171,56.3705,40.208,56.3705,57.5896,71.1619,112.06483125000001,112.06483125000001,160.0462,90.1572
566,snn,nsson,jetson_emulator,20,local,0.4415787886695971,56.7309,40.4914,56.7309,59.0324,71.0466,112.06483125000001,112.06483125000001,160.1417,90.0519
567,snn,nsson,jetson_emulator,20,offload,0.44201709865263605,56.3485,40.69,40.69,42.027,78.8619,112.06483125000001,112.06483125000001,159.2928,90.1422
568,snn,nsson,jetson_emulator,20,local,0.43453181980448624,56.588,40.6383,56.588,59.1116,71.0923,112.06483125000001,112.06483125000001,160.3327,90.1346
569,snn,nsson,jetson_emulator,20,local,0.43758046093255876,57.7178,41.297,57.7178,59.9576,70.733,112.06483125000001,112.06483125000001,160.4282,90.1783
570,snn,nsson,jetson_emulator,20,local,0.44413944537321126,56.8561,40.7212,56.8561,58.464,71.0067,112.06483125000001,112.06483125000001,160.5236,90.2145
571,snn,nsson,jetson_emulator,20,offload,0.4351987328344085,57.2228,41.1468,41.1468,42.529,78.6879,112.06483125000001,112.06483125000001,159.6725,90.2163
572,snn,nsson,jetson_emulator,20,local,0.43059837793717015,57.2968,41.6568,57.2968,59.6716,70.8664,112.06483125000001,112.06483125000001,160.7146,90.104
573,snn,nsson,jetson_emulator,20,local,0.4299476166323113,57.5331,41.6621,57.5331,58.8696,70.7914,112.06483125000001,112.06483125000001,160.8101,90.1208
574,snn,nsson,jetson_emulator,20,local,0.42111245640889633,57.0794,41.514,57.0794,58.8608,70.9355,112.06483125000001,112.06483125000001,160.9056,90.1028
575,snn,nsson,jetson_emulator,20,offload,0.43089342767400096,57.264,40.774,40.774,43.4905,78.8298,112.06483125000001,112.06483125000001,160.0521,90.1161
576,snn,nsson,jetson_emulator,20,offload,0.42183196691663827,57.4876,41.8507,41.8507,43.6076,78.4211,112.06483125000001,112.06483125000001,160.1471,90.123
577,snn,nsson,jetson_emulator,20,local,0.4203200890050111,57.1235,41.0979,57.1235,59.3087,70.9215,112.06483125000001,112.06483125000001,161.192,90.1091
578,snn,nsson,jetson_emulator,20,offload,0.42406143146943964,57.9612,41.5898,41.5898,43.2261,78.5198,112.06483125000001,112.06483125000001,160.3369,90.1943
579,snn,nsson,jetson_emulator,20,offload,0.4303082405976768,57.4184,41.9371,41.9371,44.105,78.3885,112.06483125000001,112.06483125000001,160.4318,90.1281
580,snn,nsson,jetson_emulator,20,local,0.4290834041066935,58.1969,40.9505,58.1969,60.2994,70.5817,112.06483125000001,112.06483125000001,161.4785,90.1079
581,snn,nsson,jetson_emulator,20,offload,0.4324713499525564,57.426,40.9517,40.9517,41.9241,78.7621,112.06483125000001,112.06483125000001,160.6217,90.0848
582,snn,nsson,jetson_emulator,20,local,0.43016221262106363,57.8746,42.2015,57.8746,59.7072,70.6834,112.06483125000001,112.06483125000001,161.6695,90.1878
583,snn,nsson,jetson_emulator,20,local,0.42386533992447023,58.891,41.6939,58.891,60.5367,70.3637,112.06483125000001,112.06483125000001,161.765,90.1429
584,snn,nsson,jetson_emulator,20,offload,0.4281171361904493,58.2153,41.7457,41.7457,43.4925,78.4608,112.06483125000001,112.06483125000001,160.9065,90.1195
585,snn,nsson,jetson_emulator,20,offload,0.4312629295373385,57.6647,41.3739,41.3739,42.6407,78.6016,112.06483125000001,112.06483125000001,161.0014,90.1379
586,snn,nsson,jetson_emulator,20,offload,0.43475176764220436,58.0414,42.0953,42.0953,43.2222,78.3289,112.06483125000001,112.06483125000001,161.0963,90.1273
587,snn,nsson,jetson_emulator,20,local,0.4381981139674495,58.3948,42.4507,58.3948,60.526,70.5194,112.06483125000001,112.06483125000001,162.1469,90.1109
588,snn,nsson,jetson_emulator,20,offload,0.42931520221974295,58.2305,42.9825,42.9825,45.5918,77.9961,112.06483125000001,112.06483125000001,161.2862,90.1018
589,snn,nsson,jetson_emulator,20,offload,0.420030570399138,58.5435,42.5806,42.5806,44.5818,78.1465,112.06483125000001,112.06483125000001,161.3811,90.0206
590,snn,nsson,jetson_emulator,20,offload,0.42450248352792164,58.1168,42.2678,42.2678,44.4795,78.264,112.06483125000001,112.06483125000001,161.476,90.0715
591,snn,nsson,jetson_emulator,20,local,0.43162771831691127,58.5162,41.8701,58.5162,59.6992,70.4812,112.06483125000001,112.06483125000001,162.5289,90.0762
592,snn,nsson,jetson_emulator,20,offload,0.4288927560514596,58.6976,41.8453,41.8453,42.8098,78.4232,112.06483125000001,112.06483125000001,161.6659,90.1101
593,snn,nsson,jetson_emulator,20,local,0.4323607092342287,58.5604,41.8335,58.5604,60.3785,70.4674,112.06483125000001,112.06483125000001,162.7198,90.0854
594,snn,nsson,jetson_emulator,20,local,0.4235038347836887,58.181,42.1312,58.181,59.946,70.5867,112.06483125000001,112.06483125000001,162.8153,90.1233
595,snn,nsson,jetson_emulator,20,offload,0.4288564776958254,58.8093,42.6043,42.6043,43.8952,78.1376,112.06483125000001,112.06483125000001,161.9506,90.1301
596,snn,nsson,jetson_emulator,20,offload,0.42758852572323164,59.3424,42.7859,42.7859,44.8927,78.0696,112.06483125000001,112.06483125000001,162.0455,90.0808
597,snn,nsson,jetson_emulator,20,local,0.43508144621609773,58.6363,42.5422,58.6363,61.3666,70.4435,112.06483125000001,112.06483125000001,163.1018,90.0858
598,snn,nsson,jetson_emulator,20,local,0.4293177742372164,59.2891,42.697,59.2891,61.5809,70.2392,112.06483125000001,112.06483125000001,163.1973,90.0921
599,snn,nsson,jetson_emulator,20,local,0.4234069610159725,58.8612,42.3619,58.8612,60.9884,70.373,112.06483125000001,112.06483125000001,163.2928,90.0671
600,snn,nsson,jetson_emulator,20,local,0.41796067954631433,59.4179,42.0627,59.4179,60.7986,70.1991,112.06483125000001,112.06483125000001,163.3882,90.1137
601,snn,nsson,jetson_emulator,20,offload,0.4108327247934042,59.4563,41.963,41.963,43.5021,78.3788,112.06483125000001,112.06483125000001,162.5202,90.1011
602,snn,nsson,jetson_emulator,20,local,0.4051367205406185,58.9735,42.7531,58.9735,61.8603,70.3379,112.06483125000001,112.06483125000001,163.5792,90.102
603,snn,nsson,jetson_emulator,20,offload,0.3974158143520284,58.8579,42.8871,42.8871,44.7226,78.0317,112.06483125000001,112.06483125000001,162.71,90.2042
604,snn,nsson,jetson_emulator,20,local,0.40099418736595066,58.9162,42.605,58.9162,60.7594,70.3558,112.06483125000001,112.06483125000001,163.7702,90.0674
605,snn,nsson,jetson_emulator,20,local,0.4001797312687621,58.9473,42.1441,58.9473,60.6914,70.3461,112.06483125000001,112.06483125000001,163.8657,90.0555
606,snn,nsson,jetson_emulator,20,offload,0.40138384450641945,59.5949,42.9595,42.9595,44.6266,78.0047,112.06483125000001,112.06483125000001,162.9948,90.1732
607,snn,nsson,jetson_emulator,20,local,0.4013253391674617,59.2447,43.6118,59.2447,61.4016,70.2531,112.06483125000001,112.06483125000001,164.0566,90.0917
608,snn,nsson,jetson_emulator,20,local,0.41096870600279867,59.7682,42.5384,59.7682,61.4821,70.0901,112.06483125000001,112.06483125000001,164.1521,90.091
609,snn,nsson,jetson_emulator,20,offload,0.4097514077456552,59.5643,42.811,42.811,44.6476,78.0602,112.06483125000001,112.06483125000001,163.2796,90.159
610,snn,nsson,jetson_emulator,20,local,0.4092057041184113,60.7921,42.5036,60.7921,62.1484,69.7734,112.06483125000001,112.06483125000001,164.3431,90.1497
611,snn,nsson,jetson_emulator,20,local,0.40658887834791146,59.3109,43.0594,59.3109,60.8625,70.2324,112.06483125000001,112.06483125000001,164.4386,90.0829
612,snn,nsson,jetson_emulator,20,offload,0.4014553906083759,59.9528,42.917,42.917,45.1146,78.0206,112.06483125000001,112.06483125000001,163.5643,90.0184
613,snn,nsson,jetson_emulator,20,local,0.3975027700474898,59.3143,42.5996,59.3143,60.9087,70.2314,112.06483125000001,112.06483125000001,164.6296,90.0986
614,snn,nsson,jetson_emulator,20,local,0.40007429480461404,59.5559,42.932,59.5559,61.4614,70.1561,112.06483125000001,112.06483125000001,164.7251,90.1399
615,snn,nsson,jetson_emulator,20,offload,0.41085605023124827,59.5062,42.4329,42.4329,44.2694,78.2019,112.06483125000001,112.06483125000001,163.8491,90.0881
616,snn,nsson,jetson_emulator,20,offload,0.4154374109055602,60.1188,42.561,42.561,44.3678,78.1539,112.06483125000001,112.06483125000001,163.944,90.0221
617,snn,nsson,jetson_emulator,20,local,0.4101708868508383,59.6417,44.3554,59.6417,62.0659,70.1294,112.06483125000001,112.06483125000001,165.0115,90.131
618,snn,nsson,jetson_emulator,20,offload,0.4023831936843624,59.5183,44.5762,44.5762,45.7075,77.4053,112.06483125000001,112.06483125000001,164.1339,90.146
619,snn,nsson,jetson_emulator,20,local,0.40083099783075726,59.6952,43.0981,59.6952,61.688,70.1128,112.06483125000001,112.06483125000001,165.2025,90.1319
620,snn,nsson,jetson_emulator,20,offload,0.4051027499178722,59.6464,43.4025,43.4025,45.175,77.8395,112.06483125000001,112.06483125000001,164.3237,90.1362
621,snn,nsson,jetson_emulator,20,offload,0.41242039692911486,59.6237,43.2151,43.2151,44.821,77.9093,112.06483125000001,112.06483125000001,164.4186,90.1438
622,snn,nsson,jetson_emulator,20,offload,0.40975131531470677,59.7571,42.6459,42.6459,43.6637,78.122,112.06483125000001,112.06483125000001,164.5136,90.1687
623,snn,nsson,jetson_emulator,20,local,0.40586418038621686,59.7536,43.8802,59.7536,62.0141,70.0946,112.06483125000001,112.06483125000001,165.5844,90.0478
624,snn,nsson,jetson_emulator,20,local,0.4042053326974446,60.1702,44.0696,60.1702,60.7297,69.9654,112.06483125000001,112.06483125000001,165.6799,90.0718
625,snn,nsson,jetson_emulator,20,offload,0.39942628674867275,59.9139,43.4746,43.4746,44.3663,77.8127,112.06483125000001,112.06483125000001,164.7983,90.1098
626,snn,nsson,jetson_emulator,20,offload,0.38985536539979426,61.0843,43.8776,43.8776,45.7057,77.6632,112.06483125000001,112.06483125000001,164.8933,90.0751
627,snn,nsson,jetson_emulator,20,offload,0.39198493366257303,60.0682,43.1374,43.1374,44.8809,77.9383,112.06483125000001,112.06483125000001,164.9882,90.1005
628,snn,nsson,jetson_emulator,20,local,0.3972810207618834,59.9621,43.3455,59.9621,61.7571,70.0299,112.06483125000001,112.06483125000001,166.0619,90.0376
629,snn,nsson,jetson_emulator,20,offload,0.3922133020869142,61.0422,43.4584,43.4584,44.8636,77.8187,112.06483125000001,112.06483125000001,165.178,90.1016
630,snn,nsson,jetson_emulator,20,local,0.38755666176069736,59.8939,42.8792,59.8939,61.8756,70.0511,112.06483125000001,112.06483125000001,166.2528,90.0651
631,snn,nsson,jetson_emulator,20,offload,0.3846699488671554,60.0936,42.855,42.855,44.6954,78.0438,112.06483125000001,112.06483125000001,165.3679,90.0935
632,snn,nsson,jetson_emulator,20,offload,0.3800103703636646,60.1631,44.1438,44.1438,45.3907,77.5647,112.06483125000001,112.06483125000001,165.4628,90.1018
633,snn,nsson,jetson_emulator,20,offload,0.38450624937668776,59.9101,43.2512,43.2512,44.6778,77.8959,112.06483125000001,112.06483125000001,165.5577,90.1396
634,snn,nsson,jetson_emulator,20,local,0.38,59.9499,42.8356,59.9499,61.0189,70.0337,112.06483125000001,112.06483125000001,166.6348,90.1393
635,snn,nsson,jetson_emulator,20,offload,0.38500334662675695,60.2413,43.728,43.728,45.1597,77.7186,112.06483125000001,112.06483125000001,165.7476,90.1841
636,snn,nsson,jetson_emulator,20,offload,0.38,60.1093,43.4734,43.4734,45.1037,77.8132,112.06483125000001,112.06483125000001,165.8425,90.1136
637,snn,nsson,jetson_emulator,20,offload,0.38,60.2006,43.034,43.034,44.6861,77.9769,112.06483125000001,112.06483125000001,165.9374,90.1468
638,snn,nsson,jetson_emulator,20,local,0.38,60.1766,43.3357,60.1766,61.633,69.9634,112.06483125000001,112.06483125000001,167.0167,90.1175
639,snn,nsson,jetson_emulator,20,offload,0.38,60.9727,43.6173,43.6173,45.0881,77.7597,112.06483125000001,112.06483125000001,166.1273,90.1285
640,snn,nsson,jetson_emulator,20,offload,0.38213939988152623,60.7909,43.1659,43.1659,44.5941,77.9276,112.06483125000001,112.06483125000001,166.2222,90.0137
641,snn,nsson,jetson_emulator,20,local,0.3866707842866727,60.2715,43.513,60.2715,61.7876,69.9341,112.06483125000001,112.06483125000001,167.3032,90.08
642,snn,nsson,jetson_emulator,20,local,0.3906260098548728,60.6412,43.1355,60.6412,61.5309,69.8199,112.06483125000001,112.06483125000001,167.3987,90.0779
643,snn,nsson,jetson_emulator,20,offload,0.3946830931468969,60.2146,42.8898,42.8898,44.1702,78.0307,112.06483125000001,112.06483125000001,166.507,90.1758
644,snn,nsson,jetson_emulator,20,offload,0.39648833272573547,61.0803,43.7332,43.7332,45.0948,77.7167,112.06483125000001,112.06483125000001,166.6019,90.146
645,snn,nsson,jetson_emulator,20,local,0.39173771686956904,60.2943,43.1183,60.2943,61.8019,69.927,112.06483125000001,112.06483125000001,167.6851,90.1961
646,snn,nsson,jetson_emulator,20,offload,0.3919183180998636,60.5824,43.4647,43.4647,45.015,77.8164,112.06483125000001,112.06483125000001,166.7917,90.0772
647,snn,nsson,jetson_emulator,20,local,0.38830432164084777,60.247,43.2185,60.247,61.95,69.9417,112.06483125000001,112.06483125000001,167.8761,90.2102
648,snn,nsson,jetson_emulator,20,local,0.382714345276715,60.9949,42.8789,60.9949,63.2312,69.711,112.06483125000001,112.06483125000001,167.9716,90.1029
649,snn,nsson,jetson_emulator,20,local,0.3861589696841383,60.007,42.9835,60.007,61.8348,70.016,112.06483125000001,112.06483125000001,168.0671,90.0454
650,snn,nsson,jetson_emulator,20,offload,0.38,60.6819,43.6744,43.6744,45.7355,77.7385,112.06483125000001,112.06483125000001,167.1714,90.1213
651,snn,nsson,jetson_emulator,20,local,0.38,60.2363,44.4299,60.2363,62.9589,69.9449,112.06483125000001,112.06483125000001,168.2581,90.1087
652,snn,nsson,jetson_emulator,20,offload,0.38,60.3842,43.2364,43.2364,45.5023,77.9014,112.06483125000001,112.06483125000001,167.3613,89.9978
653,snn,nsson,jetson_emulator,20,offload,0.38,60.2047,43.0456,43.0456,44.609,77.9725,112.06483125000001,112.06483125000001,167.4562,90.1673
654,snn,nsson,jetson_emulator,20,offload,0.38,60.1562,43.2393,43.2393,45.1403,77.9003,112.06483125000001,112.06483125000001,167.5511,90.1187
655,snn,nsson,jetson_emulator,20,local,0.38,60.2554,43.8871,60.2554,62.558,69.9391,112.06483125000001,112.06483125000001,168.64,90.0668
656,snn,nsson,jetson_emulator,20,offload,0.38,60.8794,43.5902,43.5902,44.7511,77.7698,112.06483125000001,112.06483125000001,167.741,90.1456
657,snn,nsson,jetson_emulator,20,offload,0.383434246784473,60.1637,43.2338,43.2338,44.6572,77.9023,112.06483125000001,112.06483125000001,167.8359,90.0511
658,snn,nsson,jetson_emulator,20,local,0.3905331517553151,60.5831,43.0827,60.5831,63.2564,69.8378,112.06483125000001,112.06483125000001,168.9265,90.1116
659,snn,nsson,jetson_emulator,20,offload,0.38,60.0969,43.3958,43.3958,44.9943,77.842,112.06483125000001,112.06483125000001,168.0257,90.0794
660,snn,nsson,jetson_emulator,20,offload,0.38,61.3547,43.4668,43.4668,44.6937,77.8156,112.06483125000001,112.06483125000001,168.1207,90.1365
661,snn,nsson,jetson_emulator,20,local,0.38,59.889,43.5465,59.889,61.2725,70.0526,112.06483125000001,112.06483125000001,169.2129,90.1613
662,snn,nsson,jetson_emulator,20,local,0.39074125824616845,59.8327,43.6873,59.8327,61.6129,70.0701,112.06483125000001,112.06483125000001,169.3084,90.1332
663,snn,nsson,jetson_emulator,20,offload,0.3879553305264354,61.1515,43.5342,43.5342,45.8265,77.7906,112.06483125000001,112.06483125000001,168.4054,90.1214
664,snn,nsson,jetson_emulator,20,local,0.38,60.3359,43.4945,60.3359,61.5898,69.9141,112.06483125000001,112.06483125000001,169.4994,90.1056
665,snn,nsson,jetson_emulator,20,offload,0.38,61.8821,43.0259,43.0259,44.475,77.9799,112.06483125000001,112.06483125000001,168.5953,90.1425
666,snn,nsson,jetson_emulator,20,offload,0.38,60.2645,43.0567,43.0567,44.8025,77.9684,112.06483125000001,112.06483125000001,168.6902,90.0143
667,snn,nsson,jetson_emulator,20,local,0.38,59.6971,43.0875,59.6971,61.231,70.1122,112.06483125000001,112.06483125000001,169.7858,90.2312
668,snn,nsson,jetson_emulator,20,local,0.3863628731254136,59.9075,43.2252,59.9075,61.3946,70.0468,112.06483125000001,112.06483125000001,169.8813,90.1542
669,snn,nsson,jetson_emulator,20,local,0.38251235276366186,59.829,43.4081,59.829,61.2537,70.0712,112.06483125000001,112.06483125000001,169.9768,90.0824
670,snn,nsson,jetson_emulator,20,offload,0.38,60.5515,42.7448,42.7448,44.7943,78.085,112.06483125000001,112.06483125000001,169.0699,90.0428
671,snn,nsson,jetson_emulator,20,local,0.38,59.7761,42.681,59.7761,61.6924,70.0876,112.06483125000001,112.06483125000001,170.1678,90.2097
672,snn,nsson,jetson_emulator,20,offload,0.38379032197446644,60.5135,42.7342,42.7342,45.2523,78.089,112.06483125000001,112.06483125000001,169.2598,90.1253
673,snn,nsson,jetson_emulator,20,offload,0.38340518927798295,59.7303,43.8208,43.8208,46.3164,77.6842,112.06483125000001,112.06483125000001,169.3547,90.129
674,snn,nsson,jetson_emulator,20,offload,0.3819260118687243,59.5003,43.2818,43.2818,45.03,77.8845,112.06483125000001,112.06483125000001,169.4496,90.0488
675,snn,nsson,jetson_emulator,20,local,0.38,60.0901,43.028,60.0901,61.7757,69.9902,112.06483125000001,112.06483125000001,170.5497,90.1134
676,snn,nsson,jetson_emulator,20,offload,0.3850503712025498,60.6672,43.8165,43.8165,45.5838,77.6858,112.06483125000001,112.06483125000001,169.6395,90.1502
677,snn,nsson,jetson_emulator,20,offload,0.3819253985857813,59.4255,42.6886,42.6886,44.3125,78.106,112.06483125000001,112.06483125000001,169.7344,90.1358
678,snn,nsson,jetson_emulator,20,local,0.38011976035070993,59.6989,43.1631,59.6989,61.8492,70.1116,112.06483125000001,112.06483125000001,170.8362,90.1445
679,snn,nsson,jetson_emulator,20,local,0.38,59.7227,42.5918,59.7227,61.0724,70.1042,112.06483125000001,112.06483125000001,170.9317,90.1219
680,snn,nsson,jetson_emulator,20,local,0.39265696322753463,59.6429,43.2428,59.6429,61.403,70.129,112.06483125000001,112.06483125000001,171.0272,90.0704
681,snn,nsson,jetson_emulator,20,offload,0.38747244152477844,60.1773,43.745,43.745,45.0586,77.7123,112.06483125000001,112.06483125000001,170.1141,90.0979
682,snn,nsson,jetson_emulator,20,local,0.39499522696921335,59.3364,42.6431,59.3364,60.5869,70.2245,112.06483125000001,112.06483125000001,171.2181,90.1367
683,snn,nsson,jetson_emulator,20,offload,0.3930162525733317,60.0041,43.3306,43.3306,45.439,77.8663,112.06483125000001,112.06483125000001,170.3039,90.047
684,snn,nsson,jetson_emulator,20,offload,0.3922773834364172,59.506,43.7958,43.7958,45.6819,77.6935,112.06483125000001,112.06483125000001,170.3988,90.1953
685,snn,nsson,jetson_emulator,20,offload,0.38721433417068446,59.0971,43.2058,43.2058,44.7047,77.9128,112.06483125000001,112.06483125000001,170.4938,90.1692
686,snn,nsson,jetson_emulator,20,local,0.3851058772255734,59.2031,43.4435,59.2031,61.4723,70.2661,112.06483125000001,112.06483125000001,171.6001,90.1286
687,snn,nsson,jetson_emulator,20,offload,0.38559134127649497,59.0614,42.3161,42.3161,44.3579,78.2458,112.06483125000001,112.06483125000001,170.6836,90.1068
688,snn,nsson,jetson_emulator,20,local,0.3853151885246627,59.4179,43.0238,59.4179,61.8818,70.1991,112.06483125000001,112.06483125000001,171.7911,90.1557
689,snn,nsson,jetson_emulator,20,local,0.3877645094798622,59.056,42.1612,59.056,60.2883,70.3121,112.06483125000001,112.06483125000001,171.8865,90.0457
690,snn,nsson,jetson_emulator,20,offload,0.38995333662510906,58.9002,42.2328,42.2328,43.6316,78.2771,112.06483125000001,112.06483125000001,170.9684,90.2033
691,snn,nsson,jetson_emulator,20,local,0.3891627179755283,59.1169,42.8882,59.1169,61.0901,70.293,112.06483125000001,112.06483125000001,172.0775,90.0985
692,snn,nsson,jetson_emulator,20,local,0.3900238745035752,59.0659,43.047,59.0659,61.5632,70.309,112.06483125000001,112.06483125000001,172.173,90.1644
693,snn,nsson,jetson_emulator,20,offload,0.3885303216095055,58.9408,42.1694,42.1694,44.3432,78.301,112.06483125000001,112.06483125000001,171.2532,90.0993
694,snn,nsson,jetson_emulator,20,offload,0.39131486037290136,59.2087,41.9808,41.9808,43.9457,78.3721,112.06483125000001,112.06483125000001,171.3481,90.1626
695,snn,nsson,jetson_emulator,20,offload,0.38696393731843043,58.7597,42.7041,42.7041,44.514,78.1002,112.06483125000001,112.06483125000001,171.443,90.1731
696,snn,nsson,jetson_emulator,20,offload,0.38,58.6416,42.6204,42.6204,44.7317,78.1316,112.06483125000001,112.06483125000001,171.5379,90.0625
697,snn,nsson,jetson_emulator,20,local,0.38,58.7639,43.8644,58.7639,60.5562,70.4035,112.06483125000001,112.06483125000001,172.6504,90.0545
698,snn,nsson,jetson_emulator,20,local,0.38,58.7141,42.1214,58.7141,61.0832,70.4191,112.06483125000001,112.06483125000001,172.7459,90.1355
699,snn,nsson,jetson_emulator,20,local,0.38,58.8963,42.2853,58.8963,60.4083,70.362,112.06483125000001,112.06483125000001,172.8414,90.06
700,snn,nsson,jetson_emulator,20,offload,0.38170265924855756,59.0659,41.8707,41.8707,43.9976,78.4136,112.06483125000001,112.06483125000001,171.9176,90.1322
701,snn,nsson,jetson_emulator,20,local,0.38495680663819004,58.8741,42.346,58.8741,60.8729,70.369,112.06483125000001,112.06483125000001,173.0324,90.0247
702,snn,nsson,jetson_emulator,20,local,0.38452674940829235,58.501,41.9005,58.501,59.6826,70.486,112.06483125000001,112.06483125000001,173.1279,90.1801
703,snn,nsson,jetson_emulator,20,local,0.3907259927416772,58.7269,42.2651,58.7269,60.6229,70.4151,112.06483125000001,112.06483125000001,173.2234,90.0685
704,snn,nsson,jetson_emulator,20,local,0.3925829225979599,58.2657,42.0513,58.2657,59.8859,70.56,112.06483125000001,112.06483125000001,173.3188,90.132
705,snn,nsson,jetson_emulator,20,offload,0.381935320276083,59.1858,41.6309,41.6309,43.8,78.5042,112.06483125000001,112.06483125000001,172.3922,90.0965
706,snn,nsson,jetson_emulator,20,local,0.38,58.4532,41.6121,58.4532,60.2333,70.501,112.06483125000001,112.06483125000001,173.5098,90.0382
707,snn,nsson,jetson_emulator,20,local,0.38234779572143673,58.291,41.6798,58.291,60.0158,70.552,112.06483125000001,112.06483125000001,173.6053,90.2098
708,snn,nsson,jetson_emulator,20,local,0.38344361954215367,58.3833,42.325,58.3833,59.9689,70.523,112.06483125000001,112.06483125000001,173.7008,90.1924
709,snn,nsson,jetson_emulator,20,local,0.38353736510793335,57.9141,42.8105,57.9141,59.9981,70.6709,112.06483125000001,112.06483125000001,173.7963,90.0168
710,snn,nsson,jetson_emulator,20,local,0.38290925563199923,58.1679,42.2448,58.1679,59.5704,70.5908,112.06483125000001,112.06483125000001,173.8918,90.1223
711,snn,nsson,jetson_emulator,20,local,0.38226552243489054,58.3443,42.0191,58.3443,59.99,70.5353,112.06483125000001,112.06483125000001,173.9873,90.1871
712,snn,nsson,jetson_emulator,20,local,0.387390757572988,59.0841,42.1158,59.0841,60.0953,70.3033,112.06483125000001,112.06483125000001,174.0827,90.1265
713,snn,nsson,jetson_emulator,20,offload,0.38418257333677214,58.2977,41.6082,41.6082,42.9176,78.5128,112.06483125000001,112.06483125000001,173.1516,90.1779
714,snn,nsson,jetson_emulator,20,offload,0.3855801472168731,58.2928,41.5072,41.5072,43.5459,78.5511,112.06483125000001,112.06483125000001,173.2466,90.1196
715,snn,nsson,jetson_emulator,20,offload,0.38096385010645883,57.8788,41.4606,41.4606,43.6252,78.5687,112.06483125000001,112.06483125000001,173.3415,90.045
716,snn,nsson,jetson_emulator,20,local,0.38,57.6076,41.2204,57.6076,59.9312,70.7678,112.06483125000001,112.06483125000001,174.4647,90.143
717,snn,nsson,jetson_emulator,20,offload,0.389820068319216,58.3491,41.2356,41.2356,42.388,78.6541,112.06483125000001,112.06483125000001,173.5313,90.1017
718,snn,nsson,jetson_emulator,20,local,0.390979474017765,57.8135,41.7673,57.8135,59.5035,70.7027,112.06483125000001,112.06483125000001,174.6557,90.0436
719,snn,nsson,jetson_emulator,20,local,0.3888229491525148,57.5029,41.2634,57.5029,59.309,70.801,112.06483125000001,112.06483125000001,174.7511,90.0671
720,snn,nsson,jetson_emulator,20,offload,0.3824737009121192,58.8736,41.5268,41.5268,43.3659,78.5436,112.06483125000001,112.06483125000001,173.8161,90.0867
721,snn,nsson,jetson_emulator,20,local,0.38,57.7946,44.0774,57.7946,59.7633,70.7087,112.06483125000001,112.06483125000001,174.9421,90.0855
722,snn,nsson,jetson_emulator,20,offload,0.38397781874424425,57.334,41.4547,41.4547,43.8557,78.571,112.06483125000001,112.06483125000001,174.006,90.0977
723,snn,nsson,jetson_emulator,20,local,0.389381991609222,57.3371,41.9414,57.3371,59.1642,70.8536,112.06483125000001,112.06483125000001,175.1331,90.1142
724,snn,nsson,jetson_emulator,20,offload,0.38808041479941036,57.9297,41.5556,41.5556,43.3719,78.5327,112.06483125000001,112.06483125000001,174.1958,90.1117
725,snn,nsson,jetson_emulator,20,offload,0.38,57.8999,41.1573,41.1573,42.5162,78.6839,112.06483125000001,112.06483125000001,174.2907,90.1651
726,snn,nsson,jetson_emulator,20,local,0.38,57.539,42.0628,57.539,59.625,70.7896,112.06483125000001,112.06483125000001,175.4196,90.1422
727,snn,nsson,jetson_emulator,20,local,0.38313663494127087,57.9102,42.1529,57.9102,60.1592,70.6721,112.06483125000001,112.06483125000001,175.515,90.1433
728,snn,nsson,jetson_emulator,20,local,0.38863271690902046,57.5646,41.8974,57.5646,59.7279,70.7815,112.06483125000001,112.06483125000001,175.6105,90.0486
729,snn,nsson,jetson_emulator,20,local,0.38665058106661365,57.6516,41.4547,57.6516,59.0597,70.7539,112.06483125000001,112.06483125000001,175.706,90.1183
730,snn,nsson,jetson_emulator,20,offload,0.3803498092011704,57.4163,41.0696,41.0696,42.0772,78.7172,112.06483125000001,112.06483125000001,174.7653,90.1074
731,snn,nsson,jetson_emulator,20,offload,0.38,57.8303,41.9864,41.9864,43.3731,78.37,112.06483125000001,112.06483125000001,174.8603,90.0635
732,snn,nsson,jetson_emulator,20,offload,0.38,57.2477,42.3249,42.3249,44.8255,78.2425,112.06483125000001,112.06483125000001,174.9552,90.1057
733,snn,nsson,jetson_emulator,20,local,0.38,57.396,41.3051,57.396,58.456,70.8349,112.06483125000001,112.06483125000001,176.088,90.0287
734,snn,nsson,jetson_emulator,20,offload,0.38031902915775684,57.8166,41.6466,41.6466,43.5503,78.4983,112.06483125000001,112.06483125000001,175.145,90.0623
735,snn,nsson,jetson_emulator,20,local,0.38,57.0057,40.9887,57.0057,58.7002,70.959,112.06483125000001,112.06483125000001,176.2789,90.0776
736,snn,nsson,jetson_emulator,20,offload,0.38,56.9324,42.0221,42.0221,43.2014,78.3565,112.06483125000001,112.06483125000001,175.3349,90.0457
737,snn,nsson,jetson_emulator,20,local,0.38759234234649076,57.5192,41.9712,57.5192,59.345,70.7959,112.06483125000001,112.06483125000001,176.4699,90.1209
738,snn,nsson,jetson_emulator,20,offload,0.394801952132782,57.2379,41.2634,41.2634,42.9231,78.6435,112.06483125000001,112.06483125000001,175.5247,90.0867
739,snn,nsson,jetson_emulator,20,local,0.38844618028855765,57.3434,40.826,57.3434,58.8815,70.8516,112.06483125000001,112.06483125000001,176.6609,90.1532
740,snn,nsson,jetson_emulator,20,local,0.385484368910162,57.7361,40.7134,57.7361,58.7763,70.7272,112.06483125000001,112.06483125000001,176.7564,90.1236
741,snn,nsson,jetson_emulator,20,local,0.38,56.9019,41.5741,56.9019,58.6558,70.9921,112.06483125000001,112.06483125000001,176.8519,90.0807
742,snn,nsson,jetson_emulator,20,local,0.38,57.3977,42.2739,57.3977,59.7762,70.8344,112.06483125000001,112.06483125000001,176.9473,90.1267
743,snn,nsson,jetson_emulator,20,offload,0.38,57.9895,40.701,40.701,42.994,78.8577,112.06483125000001,112.06483125000001,175.9994,90.0652
744,snn,nsson,jetson_emulator,20,local,0.38,57.0702,41.583,57.0702,59.2206,70.9385,112.06483125000001,112.06483125000001,177.1383,90.1576
745,snn,nsson,jetson_emulator,20,local,0.38,56.8955,41.3817,56.8955,59.2788,70.9941,112.06483125000001,112.06483125000001,177.2338,90.171
746,snn,nsson,jetson_emulator,20,local,0.3806254956713256,56.928,42.7716,56.928,58.8298,70.9837,112.06483125000001,112.06483125000001,177.3293,90.1076
747,snn,nsson,jetson_emulator,20,local,0.38,56.608,42.099,56.608,58.0046,71.0859,112.06483125000001,112.06483125000001,177.4248,90.1458
748,snn,nsson,jetson_emulator,20,offload,0.38,57.1455,41.6551,41.6551,44.0134,78.4951,112.06483125000001,112.06483125000001,176.474,90.2279
749,snn,nsson,jetson_emulator,20,local,0.38,56.5471,40.6047,56.5471,58.2404,71.1053,112.06483125000001,112.06483125000001,177.6157,90.1394
750,snn,nsson,jetson_emulator,20,offload,0.38,56.6296,41.1018,41.1018,42.5325,78.705,112.06483125000001,112.06483125000001,176.6638,90.1494
751,snn,nsson,jetson_emulator,20,offload,0.38,56.6873,40.8745,40.8745,42.6528,78.7915,112.06483125000001,112.06483125000001,176.7587,90.059
752,snn,nsson,jetson_emulator,20,local,0.3832755908434636,56.671,41.1755,56.671,59.0591,71.0657,112.06483125000001,112.06483125000001,177.9022,90.1026
753,snn,nsson,jetson_emulator,20,offload,0.3826080992430185,56.9066,40.9813,40.9813,42.6851,78.7508,112.06483125000001,112.06483125000001,176.9486,90.1429
754,snn,nsson,jetson_emulator,20,local,0.38,56.4585,40.9279,56.4585,57.5887,71.1337,112.06483125000001,112.06483125000001,178.0932,89.9958
755,snn,nsson,jetson_emulator,20,local,0.3875096878657384,56.824,41.6432,56.824,58.4445,71.0169,112.06483125000001,112.06483125000001,178.1887,90.0592
756,snn,nsson,jetson_emulator,20,local,0.3935692920952208,56.9366,40.8088,56.9366,58.8054,70.981,112.06483125000001,112.06483125000001,178.2842,90.1194
757,snn,nsson,jetson_emulator,20,local,0.39592888057796155,57.0183,40.6044,57.0183,58.7312,70.955,112.06483125000001,112.06483125000001,178.3796,90.0993
758,snn,nsson,jetson_emulator,20,offload,0.40471234883095214,56.7372,40.4631,40.4631,42.4472,78.9487,112.06483125000001,112.06483125000001,177.4232,90.0585
759,snn,nsson,jetson_emulator,20,local,0.3967960461129274,57.2032,40.9797,57.2032,58.3174,70.8962,112.06483125000001,112.06483125000001,178.5706,90.0881
760,snn,nsson,jetson_emulator,20,offload,0.3978624722197831,56.5213,41.2659,41.2659,42.6891,78.6426,112.06483125000001,112.06483125000001,177.6131,90.0187
761,snn,nsson,jetson_emulator,20,offload,0.4019861024898964,56.5698,41.2955,41.2955,42.5177,78.6314,112.06483125000001,112.06483125000001,177.708,90.0806
762,snn,nsson,jetson_emulator,20,local,0.39726909079862216,57.2306,41.2003,57.2306,58.8116,70.8874,112.06483125000001,112.06483125000001,178.8571,90.0791
763,snn,nsson,jetson_emulator,20,local,0.4001715856509554,56.4941,41.0162,56.4941,57.5938,71.1223,112.06483125000001,112.06483125000001,178.9526,90.0668
764,snn,nsson,jetson_emulator,20,local,0.3956051268821543,57.0,41.0587,57.0,57.9369,70.9608,112.06483125000001,112.06483125000001,179.048,90.0824
765,snn,nsson,jetson_emulator,20,local,0.395743223570768,56.8726,40.6119,56.8726,59.3391,71.0014,112.06483125000001,112.06483125000001,179.1435,90.1402
766,snn,nsson,jetson_emulator,20,offload,0.3984693884322329,57.0376,40.5191,40.5191,42.7467,78.9272,112.06483125000001,112.06483125000001,178.1826,90.0976
767,snn,nsson,jetson_emulator,20,local,0.3935067841019787,56.7891,40.9086,56.7891,58.5596,71.028,112.06483125000001,112.06483125000001,179.3345,90.1041
768,snn,nsson,jetson_emulator,20,local,0.39674974457791246,57.2908,41.0953,57.2908,59.486,70.8683,112.06483125000001,112.06483125000001,179.43,90.079
769,snn,nsson,jetson_emulator,20,local,0.39956653466957687,57.0969,40.448,57.0969,58.8974,70.93,112.06483125000001,112.06483125000001,179.5255,90.0161
770,snn,nsson,jetson_emulator,20,local,0.39591039006203943,57.7313,40.9505,57.7313,58.7281,70.7287,112.06483125000001,112.06483125000001,179.621,90.0878
771,snn,nsson,jetson_emulator,20,local,0.39788004955710116,57.1349,41.5047,57.1349,58.7824,70.9179,112.06483125000001,112.06483125000001,179.7165,90.14
772,snn,nsson,jetson_emulator,20,offload,0.41141507466046623,56.7999,40.6106,40.6106,42.2891,78.8922,112.06483125000001,112.06483125000001,178.7521,90.1618
773,snn,nsson,jetson_emulator,20,local,0.39578406350616074,56.7694,40.5072,56.7694,58.5954,71.0343,112.06483125000001,112.06483125000001,179.9074,90.0252
774,snn,nsson,jetson_emulator,20,local,0.3898453627401315,56.914,40.5158,56.914,58.2752,70.9882,112.06483125000001,112.06483125000001,180.0029,90.1583
775,snn,nsson,jetson_emulator,20,local,0.3908186220350566,57.6588,41.4319,57.6588,58.518,70.7516,112.06483125000001,112.06483125000001,180.0984,90.0709
776,snn,nsson,jetson_emulator,20,local,0.3886518760422891,57.3091,40.8853,57.3091,58.3891,70.8625,112.06483125000001,112.06483125000001,180.1939,90.1626
777,snn,nsson,jetson_emulator,20,offload,0.3861761431405869,56.8424,40.8111,40.8111,43.0852,78.8157,112.06483125000001,112.06483125000001,179.2268,90.1604
778,snn,nsson,jetson_emulator,20,local,0.38,57.9543,40.9245,57.9543,59.8473,70.6582,112.06483125000001,112.06483125000001,180.3849,90.1376
779,snn,nsson,jetson_emulator,20,local,0.3897689910235951,57.7535,41.5565,57.7535,58.8823,70.7217,112.06483125000001,112.06483125000001,180.4803,90.1987
780,snn,nsson,jetson_emulator,20,local,0.3873197731095276,56.8701,40.6787,56.8701,59.1039,71.0022,112.06483125000001,112.06483125000001,180.5758,90.0591
781,snn,nsson,jetson_emulator,20,local,0.3911831487297015,57.3586,41.9341,57.3586,59.9754,70.8468,112.06483125000001,112.06483125000001,180.6713,90.161
782,snn,nsson,jetson_emulator,20,offload,0.3868471422523897,57.0717,41.4776,41.4776,43.3406,78.5623,112.06483125000001,112.06483125000001,179.7014,90.1048
783,snn,nsson,jetson_emulator,20,local,0.3848399435208581,57.9626,41.2593,57.9626,60.1178,70.6556,112.06483125000001,112.06483125000001,180.8623,90.0692
784,snn,nsson,jetson_emulator,20,local,0.38275405996133804,57.4176,42.6478,57.4176,58.9988,70.8281,112.06483125000001,112.06483125000001,180.9578,90.1055
785,snn,nsson,jetson_emulator,20,offload,0.3805071325699823,57.5238,41.9284,41.9284,44.036,78.3918,112.06483125000001,112.06483125000001,179.9862,90.016
786,snn,nsson,jetson_emulator,20,local,0.3821789328895029,57.3209,41.3871,57.3209,58.6821,70.8588,112.06483125000001,112.06483125000001,181.1488,90.0421
787,snn,nsson,jetson_emulator,20,local,0.38,57.2691,42.0663,57.2691,59.2009,70.8752,112.06483125000001,112.06483125000001,181.2442,90.104
788,snn,nsson,jetson_emulator,20,local,0.38,58.5499,41.8795,58.5499,60.0192,70.4707,112.06483125000001,112.06483125000001,181.3397,90.0785
789,snn,nsson,jetson_emulator,20,offload,0.38,57.4381,41.0334,41.0334,42.9338,78.731,112.06483125000001,112.06483125000001,180.3658,90.0732
790,snn,nsson,jetson_emulator,20,local,0.380042478442942,57.6472,42.2252,57.6472,59.0298,70.7553,112.06483125000001,112.06483125000001,181.5307,90.0279
791,snn,nsson,jetson_emulator,20,local,0.38,57.8397,42.0954,57.8397,59.6509,70.6944,112.06483125000001,112.06483125000001,181.6262,90.1414
792,snn,nsson,jetson_emulator,20,offload,0.38,57.5696,42.0642,42.0642,43.5927,78.3406,112.06483125000001,112.06483125000001,180.6506,90.0697
793,snn,nsson,jetson_emulator,20,local,0.38795545978551566,57.9565,41.5253,57.9565,59.5859,70.6575,112.06483125000001,112.06483125000001,181.8172,90.0594
794,snn,nsson,jetson_emulator,20,local,0.39667067946209095,57.6195,43.2828,57.6195,59.741,70.7641,112.06483125000001,112.06483125000001,181.9126,90.0279
795,snn,nsson,jetson_emulator,20,offload,0.39108316937981147,57.744,41.7964,41.7964,43.4204,78.4417,112.06483125000001,112.06483125000001,180.9354,90.2289
796,snn,nsson,jetson_emulator,20,offload,0.3934609563194569,57.894,41.3223,41.3223,43.6386,78.6212,112.06483125000001,112.06483125000001,181.0303,90.0199
797,snn,nsson,jetson_emulator,20,offload,0.38541915681021544,57.8386,41.9248,41.9248,43.8294,78.3932,112.06483125000001,112.06483125000001,181.1252,90.1207
798,snn,nsson,jetson_emulator,20,local,0.3822102533901664,58.6377,41.3959,58.6377,60.6657,70.4431,112.06483125000001,112.06483125000001,182.2946,90.1403
799,snn,nsson,jetson_emulator,20,local,0.38,58.4127,42.2058,58.4127,59.5595,70.5138,112.06483125000001,112.06483125000001,182.3901,90.0979
800,snn,nsson,jetson_emulator,20,offload,0.3819989703917229,58.5966,41.8844,41.8844,43.877,78.4084,112.06483125000001,112.06483125000001,181.41,90.214
801,snn,nsson,jetson_emulator,20,offload,0.38,58.4581,43.3865,43.3865,45.5747,77.8455,112.06483125000001,112.06483125000001,181.5049,90.1844
802,snn,nsson,jetson_emulator,20,local,0.38024467970024584,58.6227,41.5898,58.6227,60.2487,70.4478,112.06483125000001,112.06483125000001,182.6765,90.0498
803,snn,nsson,jetson_emulator,20,local,0.38,58.3053,42.1959,58.3053,59.4854,70.5476,112.06483125000001,112.06483125000001,182.772,90.0689
804,snn,nsson,jetson_emulator,20,offload,0.3839987500862235,58.3961,42.7946,42.7946,44.8375,78.0663,112.06483125000001,112.06483125000001,181.7897,90.0033
805,snn,nsson,jetson_emulator,20,local,0.3831408611901106,59.31,43.1812,59.31,61.3711,70.2327,112.06483125000001,112.06483125000001,182.963,90.1017
806,snn,nsson,jetson_emulator,20,offload,0.3900583517641038,59.0034,42.4569,42.4569,44.0031,78.1929,112.06483125000001,112.06483125000001,181.9796,90.1099
807,snn,nsson,jetson_emulator,20,local,0.39682407358664307,58.9112,42.9434,58.9112,60.6532,70.3574,112.06483125000001,112.06483125000001,183.154,90.1047
808,snn,nsson,jetson_emulator,20,offload,0.3976753597824233,58.7558,42.7967,42.7967,44.2706,78.0656,112.06483125000001,112.06483125000001,182.1694,90.113
809,snn,nsson,jetson_emulator,20,offload,0.3916976156025352,58.8813,42.2049,42.2049,44.2732,78.2877,112.06483125000001,112.06483125000001,182.2643,90.1371
810,snn,nsson,jetson_emulator,20,offload,0.3880757456324732,59.3635,44.0741,44.0741,45.5149,77.5905,112.06483125000001,112.06483125000001,182.3592,90.095
811,snn,nsson,jetson_emulator,20,offload,0.3839055909422633,58.9133,42.4077,42.4077,44.4512,78.2114,112.06483125000001,112.06483125000001,182.4542,90.1991
812,snn,nsson,jetson_emulator,20,local,0.38,59.9039,43.1371,59.9039,61.6753,70.048,112.06483125000001,112.06483125000001,183.6314,90.1223
813,snn,nsson,jetson_emulator,20,local,0.38,59.4278,42.4535,59.4278,60.6202,70.196,112.06483125000001,112.06483125000001,183.7269,90.0873
814,snn,nsson,jetson_emulator,20,local,0.3828852849958642,59.7323,42.9181,59.7323,61.4931,70.1013,112.06483125000001,112.06483125000001,183.8224,90.1381
815,snn,nsson,jetson_emulator,20,local,0.3839728720671756,59.5001,42.8842,59.5001,61.4208,70.1735,112.06483125000001,112.06483125000001,183.9179,90.1242
816,snn,nsson,jetson_emulator,20,local,0.38126925901203035,60.1302,44.1561,60.1302,62.0303,69.9778,112.06483125000001,112.06483125000001,184.0134,90.0603
817,snn,nsson,jetson_emulator,20,local,0.3812716878748653,59.6698,42.6035,59.6698,61.7093,70.1207,112.06483125000001,112.06483125000001,184.1088,90.1083
818,snn,nsson,jetson_emulator,20,local,0.38,59.7394,42.6939,59.7394,61.3864,70.099,112.06483125000001,112.06483125000001,184.2043,90.1188
819,snn,nsson,jetson_emulator,20,local,0.38,59.9893,43.2452,59.9893,62.1377,70.0215,112.06483125000001,112.06483125000001,184.2998,90.0379
820,snn,nsson,jetson_emulator,20,local,0.38741158442053153,60.9758,45.1513,60.9758,62.5738,69.7169,112.06483125000001,112.06483125000001,184.3953,90.0757
821,snn,nsson,jetson_emulator,20,offload,0.38228507228409475,60.3695,44.4378,44.4378,46.0493,77.4563,112.06483125000001,112.06483125000001,183.4034,90.0842
822,snn,nsson,jetson_emulator,20,local,0.38378008992290985,60.041,43.9361,60.041,61.5152,70.0054,112.06483125000001,112.06483125000001,184.5863,90.1458
823,snn,nsson,jetson_emulator,20,offload,0.3837936449222081,60.2266,42.9657,42.9657,44.5418,78.0024,112.06483125000001,112.06483125000001,183.5933,90.1464
824,snn,nsson,jetson_emulator,20,offload,0.3865362193635375,60.9949,43.4864,43.4864,44.5002,77.8084,112.06483125000001,112.06483125000001,183.6882,90.1241
825,snn,nsson,jetson_emulator,20,offload,0.39644284123317125,60.4151,43.5593,43.5593,44.2418,77.7812,112.06483125000001,112.06483125000001,183.7831,90.1136
826,snn,nsson,jetson_emulator,20,local,0.4035327510721355,61.0022,44.3618,61.0022,62.2606,69.7088,112.06483125000001,112.06483125000001,184.9682,90.0122
827,snn,nsson,jetson_emulator,20,local,0.39623854075373754,60.6252,44.1233,60.6252,62.4393,69.8248,112.06483125000001,112.06483125000001,185.0637,90.1583
828,snn,nsson,jetson_emulator,20,local,0.3968245299323671,61.8311,44.106,61.8311,63.9422,69.455,112.06483125000001,112.06483125000001,185.1592,89.9898
829,snn,nsson,jetson_emulator,20,local,0.39406434835987614,60.9536,44.4062,60.9536,62.4983,69.7237,112.06483125000001,112.06483125000001,185.2547,90.169
830,snn,nsson,jetson_emulator,20,offload,0.3907069984306438,60.9006,45.4151,45.4151,47.2813,77.098,112.06483125000001,112.06483125000001,184.2577,90.0394
831,snn,nsson,jetson_emulator,20,local,0.38,62.023,43.7521,62.023,64.7026,69.3965,112.06483125000001,112.06483125000001,185.4456,90.0732
832,snn,nsson,jetson_emulator,20,local,0.38,61.3334,45.0085,61.3334,63.0131,69.6072,112.06483125000001,112.06483125000001,185.5411,90.0487
833,snn,nsson,jetson_emulator,20,offload,0.38640306332731755,61.6806,44.0858,44.0858,46.1689,77.5862,112.06483125000001,112.06483125000001,184.5425,90.1183
834,snn,nsson,jetson_emulator,20,local,0.38358133836227776,61.5761,44.0218,61.5761,63.6554,69.5329,112.06483125000001,112.06483125000001,185.7321,90.207
835,snn,nsson,jetson_emulator,20,local,0.39786276897923156,62.1594,44.7455,62.1594,64.3367,69.355,112.06483125000001,112.06483125000001,185.8276,90.0739
836,snn,nsson,jetson_emulator,20,local,0.40699207326856096,61.9681,45.2696,61.9681,64.329,69.4132,112.06483125000001,112.06483125000001,185.9231,90.0686
837,snn,nsson,jetson_emulator,20,local,0.40924384918230383,62.9167,44.2949,62.9167,65.6426,69.1254,112.06483125000001,112.06483125000001,186.0186,90.0171
838,snn,nsson,jetson_emulator,20,local,0.4030361062310022,61.996,44.3052,61.996,64.6416,69.4047,112.06483125000001,112.06483125000001,186.1141,90.0843
839,snn,nsson,jetson_emulator,20,local,0.4039122346166032,62.4231,45.6185,62.4231,64.0056,69.2748,112.06483125000001,112.06483125000001,186.2095,90.118
840,snn,nsson,jetson_emulator,20,local,0.40862410624788603,62.6105,46.0459,62.6105,64.2969,69.218,112.06483125000001,112.06483125000001,186.305,90.0437
841,snn,nsson,jetson_emulator,20,offload,0.41012548389796855,62.7641,44.5459,44.5459,45.8745,77.4165,112.06483125000001,112.06483125000001,185.3019,90.0767
842,snn,nsson,jetson_emulator,20,local,0.40573806568027837,62.7816,45.214,62.7816,64.0671,69.1662,112.06483125000001,112.06483125000001,186.496,90.0959
843,snn,nsson,jetson_emulator,20,local,0.4124070217040089,62.4537,45.3421,62.4537,64.3236,69.2656,112.06483125000001,112.06483125000001,186.5915,90.167
844,snn,nsson,jetson_emulator,20,offload,0.39874011833247064,62.597,45.4427,45.4427,47.0009,77.0879,112.06483125000001,112.06483125000001,185.5867,90.0853
845,snn,nsson,jetson_emulator,20,offload,0.3931106225330228,63.6546,45.8452,45.8452,47.3774,76.9413,112.06483125000001,112.06483125000001,185.6816,90.038
846,snn,nsson,jetson_emulator,20,local,0.3939635551773584,63.1808,45.5898,63.1808,64.4399,69.0456,112.06483125000001,112.06483125000001,186.8779,90.1188
847,snn,nsson,jetson_emulator,20,local,0.3944164493673446,64.201,45.5096,64.201,66.6429,68.7394,112.06483125000001,112.06483125000001,186.9734,90.0475
848,snn,nsson,jetson_emulator,20,local,0.38972945830138056,64.0391,46.2817,64.0391,65.8543,68.7878,112.06483125000001,112.06483125000001,187.0689,90.084
849,snn,nsson,jetson_emulator,20,offload,0.39179433582523465,63.1844,46.612,46.612,48.8484,76.6636,112.06483125000001,112.06483125000001,186.0613,90.1296
850,snn,nsson,jetson_emulator,20,local,0.3842189358714197,63.8361,47.245,63.8361,65.9517,68.8486,112.06483125000001,112.06483125000001,187.2599,90.172
851,snn,nsson,jetson_emulator,20,offload,0.38009515376792524,64.1488,45.3862,45.3862,46.7687,77.1085,112.06483125000001,112.06483125000001,186.2511,90.0479
852,snn,nsson,jetson_emulator,20,local,0.38,64.0893,46.2544,64.0893,65.9239,68.7728,112.06483125000001,112.06483125000001,187.4509,90.0839
853,snn,nsson,jetson_emulator,20,offload,0.38382456545443333,63.6913,46.2072,46.2072,49.0428,76.8099,112.06483125000001,112.06483125000001,186.441,90.0499
854,snn,nsson,jetson_emulator,20,offload,0.38016069449107426,64.0882,45.7342,45.7342,47.1716,76.9817,112.06483125000001,112.06483125000001,186.5359,90.1252
855,snn,nsson,jetson_emulator,20,local,0.3846140740610808,63.9871,45.687,63.9871,65.5741,68.8034,112.06483125000001,112.06483125000001,187.7373,90.185
856,snn,nsson,jetson_emulator,20,offload,0.38,64.4303,46.3632,46.3632,47.5485,76.7535,112.06483125000001,112.06483125000001,186.7257,90.114
857,snn,nsson,jetson_emulator,20,offload,0.38,64.2699,46.1512,46.1512,47.3123,76.8302,112.06483125000001,112.06483125000001,186.8207,90.0819
858,snn,nsson,jetson_emulator,20,offload,0.3860435173656962,64.3861,45.9553,45.9553,47.6252,76.9013,112.06483125000001,112.06483125000001,186.9156,90.1471
859,snn,nsson,jetson_emulator,20,offload,0.38,64.8109,46.2214,46.2214,47.8883,76.8048,112.06483125000001,112.06483125000001,187.0105,90.1803
860,snn,nsson,jetson_emulator,20,offload,0.38,64.8757,46.8287,46.8287,48.3644,76.5854,112.06483125000001,112.06483125000001,187.1054,90.0462
861,snn,nsson,jetson_emulator,20,offload,0.38,65.434,46.7657,46.7657,48.813,76.6082,112.06483125000001,112.06483125000001,187.2004,90.0209
862,snn,nsson,jetson_emulator,20,offload,0.38,65.595,46.4303,46.4303,48.3715,76.7292,112.06483125000001,112.06483125000001,187.2953,90.0686
863,snn,nsson,jetson_emulator,20,local,0.38203424239386113,65.1887,46.8001,65.1887,67.048,68.4455,112.06483125000001,112.06483125000001,188.5012,90.1272
864,snn,nsson,jetson_emulator,20,offload,0.3845738246312667,65.6614,47.9669,47.9669,49.6754,76.1777,112.06483125000001,112.06483125000001,187.4851,90.1269
865,snn,nsson,jetson_emulator,20,offload,0.3877570637645507,66.1068,46.5684,46.5684,49.0916,76.6793,112.06483125000001,112.06483125000001,187.5801,90.1165
866,snn,nsson,jetson_emulator,20,local,0.38038553364709965,65.6093,47.5594,65.6093,66.9778,68.3212,112.06483125000001,112.06483125000001,188.7877,90.1207
867,snn,nsson,jetson_emulator,20,local,0.38,65.4077,48.7386,65.4077,67.4051,68.3807,112.06483125000001,112.06483125000001,188.8832,90.1034
868,snn,nsson,jetson_emulator,20,offload,0.38312860458701775,66.8201,47.3184,47.3184,49.1886,76.4095,112.06483125000001,112.06483125000001,187.8648,90.1503
869,snn,nsson,jetson_emulator,20,offload,0.3876356918671375,65.8853,47.3625,47.3625,48.8462,76.3937,112.06483125000001,112.06483125000001,187.9598,90.1483
870,snn,nsson,jetson_emulator,20,offload,0.3893113724328032,66.4222,47.6456,47.6456,49.7476,76.2924,112.06483125000001,112.06483125000001,188.0547,90.1057
871,snn,nsson,jetson_emulator,20,local,0.3875209999271764,66.2431,47.5777,66.2431,68.2411,68.1345,112.06483125000001,112.06483125000001,189.2651,90.0207
872,snn,nsson,jetson_emulator,20,offload,0.39771939720731236,66.2352,47.4665,47.4665,49.7333,76.3564,112.06483125000001,112.06483125000001,188.2445,90.0653
873,snn,nsson,jetson_emulator,20,local,0.3988967579724634,66.4041,47.557,66.4041,68.1314,68.0873,112.06483125000001,112.06483125000001,189.4561,90.1249
874,snn,nsson,jetson_emulator,20,local,0.3973364792157304,66.6203,47.4354,66.6203,68.8215,68.024,112.06483125000001,112.06483125000001,189.5516,90.0942
875,snn,nsson,jetson_emulator,20,offload,0.3981345828244007,66.473,47.6577,47.6577,48.7953,76.2881,112.06483125000001,112.06483125000001,188.5293,90.0775
876,snn,nsson,jetson_emulator,20,local,0.4055589503453379,67.3585,49.7551,67.3585,68.7432,67.8087,112.06483125000001,112.06483125000001,189.7425,90.097
877,snn,nsson,jetson_emulator,20,local,0.4092301476024942,67.0143,48.8546,67.0143,69.791,67.9089,112.06483125000001,112.06483125000001,189.838,90.0112
878,snn,nsson,jetson_emulator,20,offload,0.3990365783435131,66.9117,48.3497,48.3497,50.5993,76.0416,112.06483125000001,112.06483125000001,188.8141,90.0027
879,snn,nsson,jetson_emulator,20,offload,0.3948183488099596,66.8671,47.7749,47.7749,49.9167,76.2462,112.06483125000001,112.06483125000001,188.909,90.0879
880,snn,nsson,jetson_emulator,20,local,0.39445774805270367,67.5046,48.2944,67.5046,68.7864,67.7662,112.06483125000001,112.06483125000001,190.1245,90.1698
881,snn,nsson,jetson_emulator,20,offload,0.3954491922114901,67.4528,48.1917,48.1917,50.0725,76.0977,112.06483125000001,112.06483125000001,189.0988,90.1441
882,snn,nsson,jetson_emulator,20,offload,0.4015879730362501,68.0736,48.9021,48.9021,50.3432,75.846,112.06483125000001,112.06483125000001,189.1938,90.0364
883,snn,nsson,jetson_emulator,20,offload,0.3964077537635236,67.8823,49.3366,49.3366,51.1509,75.6928,112.06483125000001,112.06483125000001,189.2887,90.1526
884,snn,nsson,jetson_emulator,20,offload,0.39506285241574923,67.8321,49.7246,49.7246,51.5603,75.5566,112.06483125000001,112.06483125000001,189.3836,90.0951
885,snn,nsson,jetson_emulator,20,local,0.40443182892470386,68.1841,50.0083,68.1841,71.0224,67.5694,112.06483125000001,112.06483125000001,190.6019,90.118
886,snn,nsson,jetson_emulator,20,offload,0.40720411073986507,67.6288,48.6977,48.6977,50.2661,75.9182,112.06483125000001,112.06483125000001,189.5735,90.0948
887,snn,nsson,jetson_emulator,20,offload,0.40262437874324397,67.7165,48.3769,48.3769,50.3859,76.0319,112.06483125000001,112.06483125000001,189.6684,90.0969
888,snn,nsson,jetson_emulator,20,local,0.4017198090330998,67.9291,49.3305,67.9291,69.8303,67.6431,112.06483125000001,112.06483125000001,190.8884,90.1527
889,snn,nsson,jetson_emulator,20,offload,0.39428050883491705,68.4745,49.65,49.65,51.8622,75.5827,112.06483125000001,112.06483125000001,189.8582,90.1124
890,snn,nsson,jetson_emulator,20,local,0.39981769588645744,68.7148,48.9507,68.7148,70.697,67.4165,112.06483125000001,112.06483125000001,191.0794,90.1255
891,snn,nsson,jetson_emulator,20,offload,0.4036569065248595,68.3638,49.2893,49.2893,50.2585,75.7094,112.06483125000001,112.06483125000001,190.0481,90.0965
892,snn,nsson,jetson_emulator,20,local,0.4041286698793198,68.4132,49.2391,68.4132,69.2442,67.5033,112.06483125000001,112.06483125000001,191.2703,90.0906
893,snn,nsson,jetson_emulator,20,local,0.41377905176488117,69.4356,49.9583,69.4356,71.728,67.21,112.06483125000001,112.06483125000001,191.3658,90.0839
894,snn,nsson,jetson_emulator,20,local,0.415065392042322,68.5048,49.414,68.5048,69.6963,67.477,112.06483125000001,112.06483125000001,191.4613,90.0633
895,snn,nsson,jetson_emulator,20,local,0.4212844111960878,69.0462,49.2379,69.0462,70.6408,67.3214,112.06483125000001,112.06483125000001,191.5568,90.0851
896,snn,nsson,jetson_emulator,20,local,0.42669549431512327,68.8995,49.601,68.8995,71.5866,67.3635,112.06483125000001,112.06483125000001,191.6523,90.0674
897,snn,nsson,jetson_emulator,20,local,0.4292390100996367,68.9058,49.6057,68.9058,70.9806,67.3617,112.06483125000001,112.06483125000001,191.7478,90.1589
898,snn,nsson,jetson_emulator,20,offload,0.4167502147526054,69.2538,49.9878,49.9878,51.7537,75.4644,112.06483125000001,112.06483125000001,190.7125,90.1565
899,snn,nsson,jetson_emulator,20,local,0.4358629649003636,69.1955,50.1739,69.1955,70.5758,67.2787,112.06483125000001,112.06483125000001,191.9387,90.1244
900,snn,nsson,jetson_emulator,20,offload,0.4364813299844392,69.4629,49.2938,49.2938,51.7813,75.7079,112.06483125000001,112.06483125000001,190.9024,90.1621
901,snn,nsson,jetson_emulator,20,local,0.4415105768279121,70.4004,50.0983,70.4004,71.2719,66.9355,112.06483125000001,112.06483125000001,192.1297,90.125
902,snn,nsson,jetson_emulator,20,local,0.43699154176384675,69.8697,50.4785,69.8697,71.2818,67.0862,112.06483125000001,112.06483125000001,192.2252,90.2117
903,snn,nsson,jetson_emulator,20,local,0.4290078958925423,69.3872,49.6907,69.3872,71.4811,67.2238,112.06483125000001,112.06483125000001,192.3207,90.0851
904,snn,nsson,jetson_emulator,20,local,0.4205167079454053,69.3651,50.6154,69.3651,71.1936,67.2301,112.06483125000001,112.06483125000001,192.4162,90.1359
905,snn,nsson,jetson_emulator,20,local,0.4307658048907858,69.6036,50.0828,69.6036,71.8345,67.162,112.06483125000001,112.06483125000001,192.5117,90.124
906,snn,nsson,jetson_emulator,20,local,0.43508600381132156,70.2022,50.1258,70.2022,71.996,66.9917,112.06483125000001,112.06483125000001,192.6071,90.2039
907,snn,nsson,jetson_emulator,20,local,0.4506021892479127,69.7326,49.9151,69.7326,71.0623,67.1252,112.06483125000001,112.06483125000001,192.7026,90.0567
908,snn,nsson,jetson_emulator,20,local,0.4427068593908108,69.6101,49.8018,69.6101,71.7737,67.1602,112.06483125000001,112.06483125000001,192.7981,90.1361
909,snn,nsson,jetson_emulator,20,local,0.451201443651554,69.9047,51.1006,69.9047,71.8581,67.0763,112.06483125000001,112.06483125000001,192.8936,90.1278
910,snn,nsson,jetson_emulator,20,local,0.43693632243281955,70.4968,50.3558,70.4968,71.5439,66.9082,112.06483125000001,112.06483125000001,192.9891,90.1513
911,snn,nsson,jetson_emulator,20,offload,0.44580013795060014,70.3283,50.0867,50.0867,52.1858,75.4298,112.06483125000001,112.06483125000001,191.9466,90.1548
912,snn,nsson,jetson_emulator,20,local,0.4477972771814678,69.9301,50.2111,69.9301,72.2271,67.069,112.06483125000001,112.06483125000001,193.1801,90.0509
913,snn,nsson,jetson_emulator,20,offload,0.44486250075972494,70.399,50.3769,50.3769,52.3823,75.3286,112.06483125000001,112.06483125000001,192.1364,90.0614
914,snn,nsson,jetson_emulator,20,local,0.44736267293226495,70.2367,50.8337,70.2367,71.922,66.9819,112.06483125000001,112.06483125000001,193.371,90.0811
915,snn,nsson,jetson_emulator,20,offload,0.44624556114766895,70.4627,50.1441,50.1441,52.655,75.4098,112.06483125000001,112.06483125000001,192.3263,89.9605
916,snn,nsson,jetson_emulator,20,offload,0.44328341265686344,70.3221,50.997,50.997,52.2956,75.1132,112.06483125000001,112.06483125000001,192.4212,90.1154
917,snn,nsson,jetson_emulator,20,local,0.4388403979170231,70.59,51.1644,70.59,72.9473,66.8818,112.06483125000001,112.06483125000001,193.6575,90.0557
918,snn,nsson,jetson_emulator,20,offload,0.4454234161219204,70.6633,50.2598,50.2598,51.6934,75.3694,112.06483125000001,112.06483125000001,192.611,90.0979
919,snn,nsson,jetson_emulator,20,offload,0.43951992915725413,71.3831,51.2138,51.2138,53.065,75.0382,112.06483125000001,112.06483125000001,192.7059,90.1179
920,snn,nsson,jetson_emulator,20,offload,0.4455804204463389,70.4628,51.0872,51.0872,52.956,75.0819,112.06483125000001,112.06483125000001,192.8009,90.1968
921,snn,nsson,jetson_emulator,20,local,0.4426875707412468,70.5491,50.8691,70.5491,72.5876,66.8934,112.06483125000001,112.06483125000001,194.0394,90.0735
922,snn,nsson,jetson_emulator,20,local,0.444375231587951,70.9621,50.9437,70.9621,72.8686,66.7767,112.06483125000001,112.06483125000001,194.1349,90.0975
923,snn,nsson,jetson_emulator,20,local,0.45225533508978333,71.5374,50.7273,71.5374,73.6437,66.6149,112.06483125000001,112.06483125000001,194.2304,90.0981
924,snn,nsson,jetson_emulator,20,local,0.44380180675500003,71.2244,51.527,71.2244,73.5078,66.7028,112.06483125000001,112.06483125000001,194.3259,90.0927
925,snn,nsson,jetson_emulator,20,local,0.4453364674312123,70.9067,51.7784,70.9067,72.7506,66.7924,112.06483125000001,112.06483125000001,194.4214,89.9686
926,snn,nsson,jetson_emulator,20,local,0.4458533314648173,70.9893,51.0117,70.9893,72.5825,66.7691,112.06483125000001,112.06483125000001,194.5169,90.1551
927,snn,nsson,jetson_emulator,20,offload,0.44676555430000037,71.243,53.1016,53.1016,55.7471,74.3911,112.06483125000001,112.06483125000001,193.4653,90.1033
928,snn,nsson,jetson_emulator,20,offload,0.4555060110602885,71.4583,51.8426,51.8426,53.4779,74.8214,112.06483125000001,112.06483125000001,193.5603,90.0323
929,snn,nsson,jetson_emulator,20,local,0.4478526167163487,70.9533,50.9567,70.9533,72.3555,66.7792,112.06483125000001,112.06483125000001,194.8033,90.1077
930,snn,nsson,jetson_emulator,20,offload,0.44112087476346507,70.9914,52.5435,52.5435,54.6711,74.5812,112.06483125000001,112.06483125000001,193.7501,90.0784
931,snn,nsson,jetson_emulator,20,local,0.4419211614450838,72.4522,51.7331,72.4522,74.0027,66.3591,112.06483125000001,112.06483125000001,194.9943,90.0242
932,snn,nsson,jetson_emulator,20,local,0.4338548452422404,71.4454,51.7259,71.4454,72.6382,66.6407,112.06483125000001,112.06483125000001,195.0898,90.0674
933,snn,nsson,jetson_emulator,20,offload,0.43725941598019075,71.2563,50.7224,50.7224,52.4774,75.2084,112.06483125000001,112.06483125000001,194.0349,90.1306
934,snn,nsson,jetson_emulator,20,offload,0.4373037446414989,71.5447,51.215,51.215,52.7876,75.0377,112.06483125000001,112.06483125000001,194.1298,90.0281
935,snn,nsson,jetson_emulator,20,offload,0.43489090482286746,71.9396,51.3607,51.3607,54.0051,74.9874,112.06483125000001,112.06483125000001,194.2247,90.2371
936,snn,nsson,jetson_emulator,20,local,0.42757307614040463,71.8033,52.5289,71.8033,73.7103,66.5403,112.06483125000001,112.06483125000001,195.4717,90.1178
937,snn,nsson,jetson_emulator,20,offload,0.43634183234797996,71.098,51.1006,51.1006,52.1069,75.0773,112.06483125000001,112.06483125000001,194.4146,90.2182
938,snn,nsson,jetson_emulator,20,offload,0.4369538885770447,71.3632,51.5437,51.5437,52.9293,74.9242,112.06483125000001,112.06483125000001,194.5095,90.1157
939,snn,nsson,jetson_emulator,20,local,0.4385480452473808,71.1589,51.5543,71.1589,73.1364,66.7213,112.06483125000001,112.06483125000001,195.7582,90.0715
940,snn,nsson,jetson_emulator,20,offload,0.4502497420963602,71.7197,52.1712,52.1712,54.9157,74.7086,112.06483125000001,112.06483125000001,194.6993,90.0677
941,snn,nsson,jetson_emulator,20,offload,0.4553917498411412,71.2151,52.0959,52.0959,53.7157,74.7344,112.06483125000001,112.06483125000001,194.7943,90.1248
942,snn,nsson,jetson_emulator,20,local,0.46034131616575125,71.6049,51.0134,71.6049,73.2014,66.5959,112.06483125000001,112.06483125000001,196.0447,90.1698
943,snn,nsson,jetson_emulator,20,local,0.4494174947965923,71.2689,51.6934,71.2689,72.8063,66.6903,112.06483125000001,112.06483125000001,196.1402,90.1551
944,snn,nsson,jetson_emulator,20,local,0.45272263818500813,71.4411,52.0385,71.4411,73.3714,66.6419,112.06483125000001,112.06483125000001,196.2356,90.1116
945,snn,nsson,jetson_emulator,20,offload,0.4467024104229818,71.319,51.7982,51.7982,52.9691,74.8366,112.06483125000001,112.06483125000001,195.174,90.0898
946,snn,nsson,jetson_emulator,20,offload,0.45250560273027707,71.8632,50.9616,50.9616,53.1773,75.1254,112.06483125000001,112.06483125000001,195.2689,90.1003
947,snn,nsson,jetson_emulator,20,local,0.4467679982030079,72.1256,50.9867,72.1256,73.6845,66.4502,112.06483125000001,112.06483125000001,196.5221,90.0287
948,snn,nsson,jetson_emulator,20,local,0.44221640169075044,71.9387,51.3325,71.9387,73.5994,66.5024,112.06483125000001,112.06483125000001,196.6176,90.1626
949,snn,nsson,jetson_emulator,20,offload,0.4435953406307449,71.5386,51.4465,51.4465,53.2234,74.9578,112.06483125000001,112.06483125000001,195.5537,90.0761
950,snn,nsson,jetson_emulator,20,local,0.4438882128319924,71.769,51.0618,71.769,73.1617,66.5499,112.06483125000001,112.06483125000001,196.8086,90.0817
951,snn,nsson,jetson_emulator,20,local,0.4443844797567324,72.0372,51.8415,72.0372,74.2633,66.4749,112.06483125000001,112.06483125000001,196.904,90.0948
952,snn,nsson,jetson_emulator,20,offload,0.4536317064639668,71.663,50.975,50.975,52.9549,75.1208,112.06483125000001,112.06483125000001,195.8384,90.1135
953,snn,nsson,jetson_emulator,20,offload,0.4548293865058832,71.3507,51.41,51.41,53.0757,74.9704,112.06483125000001,112.06483125000001,195.9334,90.0988
954,snn,nsson,jetson_emulator,20,local,0.4538944126237407,71.5475,51.7412,71.5475,73.6077,66.612,112.06483125000001,112.06483125000001,197.1905,90.1434
955,snn,nsson,jetson_emulator,20,offload,0.4615920089452619,71.8562,53.2727,53.2727,55.4351,74.333,112.06483125000001,112.06483125000001,196.1232,90.0964
956,snn,nsson,jetson_emulator,20,offload,0.46310010748866137,71.6232,51.0823,51.0823,52.5137,75.0836,112.06483125000001,112.06483125000001,196.2181,90.1823
957,snn,nsson,jetson_emulator,20,local,0.45316329583181525,71.2668,51.9753,71.2668,72.7006,66.6909,112.06483125000001,112.06483125000001,197.477,90.2242
958,snn,nsson,jetson_emulator,20,local,0.4529068296253797,71.8348,51.966,71.8348,72.5775,66.5315,112.06483125000001,112.06483125000001,197.5725,90.1648
959,snn,nsson,jetson_emulator,20,local,0.44772342443652907,71.361,51.3078,71.361,73.0903,66.6644,112.06483125000001,112.06483125000001,197.6679,90.0549
960,snn,nsson,jetson_emulator,20,local,0.4528146242682035,72.076,51.845,72.076,73.925,66.4641,112.06483125000001,112.06483125000001,197.7634,90.1002
961,snn,nsson,jetson_emulator,20,local,0.4529092706740805,71.6423,51.0057,71.6423,73.7883,66.5855,112.06483125000001,112.06483125000001,197.8589,90.107
962,snn,nsson,jetson_emulator,20,offload,0.448070680799305,71.6037,51.4253,51.4253,52.9303,74.9651,112.06483125000001,112.06483125000001,196.7877,90.1796
963,snn,nsson,jetson_emulator,20,local,0.4443724901442193,71.533,51.4833,71.533,73.0531,66.6161,112.06483125000001,112.06483125000001,198.0499,90.0979
964,snn,nsson,jetson_emulator,20,offload,0.4409717459000104,71.6451,51.85,51.85,54.3275,74.8188,112.06483125000001,112.06483125000001,196.9775,90.1086
965,snn,nsson,jetson_emulator,20,local,0.4498799439842865,71.4147,51.2112,71.4147,73.1023,66.6493,112.06483125000001,112.06483125000001,198.2409,90.1478
966,snn,nsson,jetson_emulator,20,offload,0.45185431530253917,71.3573,51.0989,51.0989,52.654,75.0779,112.06483125000001,112.06483125000001,197.1674,90.1013
967,snn,nsson,jetson_emulator,20,local,0.45463477012741155,71.6127,50.8933,71.6127,74.3807,66.5937,112.06483125000001,112.06483125000001,198.4318,90.0705
968,snn,nsson,jetson_emulator,20,local,0.45360504173136723,71.6365,51.3799,71.6365,72.8758,66.5871,112.06483125000001,112.06483125000001,198.5273,90.0798
969,snn,nsson,jetson_emulator,20,local,0.4571983288431284,71.7182,51.2202,71.7182,74.0442,66.5642,112.06483125000001,112.06483125000001,198.6228,90.0339
970,snn,nsson,jetson_emulator,20,offload,0.46076580420082075,71.2509,50.9255,50.9255,52.888,75.138,112.06483125000001,112.06483125000001,197.5471,90.1264
971,snn,nsson,jetson_emulator,20,local,0.45382408204778657,71.1607,51.8794,71.1607,72.5541,66.7207,112.06483125000001,112.06483125000001,198.8138,90.0065
972,snn,nsson,jetson_emulator,20,local,0.4504536801854861,71.1827,51.2779,71.1827,73.0155,66.7146,112.06483125000001,112.06483125000001,198.9093,90.1156
973,snn,nsson,jetson_emulator,20,local,0.4571844925263972,71.4305,52.4935,71.4305,73.4711,66.6449,112.06483125000001,112.06483125000001,199.0048,90.0781
974,snn,nsson,jetson_emulator,20,local,0.46256229266110277,71.2002,50.8086,71.2002,73.375,66.7097,112.06483125000001,112.06483125000001,199.1002,90.143
975,snn,nsson,jetson_emulator,20,offload,0.4669546489664401,71.9979,51.3224,51.3224,54.2305,75.0006,112.06483125000001,112.06483125000001,198.0217,90.1122
976,snn,nsson,jetson_emulator,20,local,0.46523968252645315,71.0747,51.0804,71.0747,72.8611,66.745,112.06483125000001,112.06483125000001,199.2912,90.0797
977,snn,nsson,jetson_emulator,20,offload,0.4647671652708998,71.1524,50.7209,50.7209,52.5077,75.2089,112.06483125000001,112.06483125000001,198.2115,90.1517
978,snn,nsson,jetson_emulator,20,offload,0.4694133351709054,71.5353,50.8263,50.8263,53.0699,75.1724,112.06483125000001,112.06483125000001,198.3065,90.1633
979,snn,nsson,jetson_emulator,20,offload,0.4677617711498878,71.4219,51.3216,51.3216,52.9483,75.0009,112.06483125000001,112.06483125000001,198.4014,90.1117
980,snn,nsson,jetson_emulator,20,local,0.473748504102026,71.0262,51.6791,71.0262,72.7726,66.7586,112.06483125000001,112.06483125000001,199.6732,90.0855
981,snn,nsson,jetson_emulator,20,offload,0.47471974768152375,71.3038,51.3712,51.3712,52.9674,74.9838,112.06483125000001,112.06483125000001,198.5912,90.087
982,snn,nsson,jetson_emulator,20,local,0.46526481884271237,70.8163,51.6337,70.8163,72.6596,66.8179,112.06483125000001,112.06483125000001,199.8641,90.0503
983,snn,nsson,jetson_emulator,20,local,0.4590421749746661,70.8292,50.7203,70.8292,72.4619,66.8142,112.06483125000001,112.06483125000001,199.9596,89.9963
984,snn,nsson,jetson_emulator,20,local,0.4648925474813041,71.5445,50.6251,71.5445,73.1749,66.6129,112.06483125000001,112.06483125000001,200.0551,90.0445
985,snn,nsson,jetson_emulator,20,offload,0.4543941999558466,70.7162,50.5653,50.5653,52.0731,75.263,112.06483125000001,112.06483125000001,198.9709,90.1438
986,snn,nsson,jetson_emulator,20,offload,0.4555910139481931,70.7986,51.095,51.095,52.9307,75.0792,112.06483125000001,112.06483125000001,199.0658,90.0717
987,snn,nsson,jetson_emulator,20,local,0.4685648174104586,70.732,51.1858,70.732,71.3382,66.8417,112.06483125000001,112.06483125000001,200.3416,90.1274
988,snn,nsson,jetson_emulator,20,local,0.4758293602524496,71.1563,50.7531,71.1563,72.3788,66.722,112.06483125000001,112.06483125000001,200.4371,90.0487
989,snn,nsson,jetson_emulator,20,offload,0.48324501581925117,70.5729,50.5843,50.5843,53.09,75.2564,112.06483125000001,112.06483125000001,199.3506,90.1076
990,snn,nsson,jetson_emulator,20,local,0.48263137184947574,70.9502,50.7004,70.9502,72.8264,66.7801,112.06483125000001,112.06483125000001,200.628,90.0402
991,snn,nsson,jetson_emulator,20,local,0.48632113911118274,70.9172,51.4422,70.9172,72.5477,66.7894,112.06483125000001,112.06483125000001,200.7235,90.1152
992,snn,nsson,jetson_emulator,20,local,0.49211925341840895,70.4984,51.1122,70.4984,71.9817,66.9077,112.06483125000001,112.06483125000001,200.819,90.1072
993,snn,nsson,jetson_emulator,20,local,0.4898176999753774,71.2985,50.7968,71.2985,73.1324,66.682,112.06483125000001,112.06483125000001,200.9145,90.0999
994,snn,nsson,jetson_emulator,20,offload,0.4872636534017347,71.0398,52.2446,52.2446,53.22,74.6835,112.06483125000001,112.06483125000001,199.8252,90.1379
995,snn,nsson,jetson_emulator,20,offload,0.4981327388694525,70.4582,50.5224,50.5224,51.7875,75.278,112.06483125000001,112.06483125000001,199.9202,90.1204
996,snn,nsson,jetson_emulator,20,local,0.4896069445598071,70.3477,50.9337,70.3477,71.8685,66.9504,112.06483125000001,112.06483125000001,201.2009,90.1788
997,snn,nsson,jetson_emulator,20,offload,0.4842248428420247,70.3631,51.7341,51.7341,53.8511,74.8587,112.06483125000001,112.06483125000001,200.11,90.0838
998,snn,nsson,jetson_emulator,20,offload,0.4962970006823522,70.6489,50.5862,50.5862,52.0796,75.2557,112.06483125000001,112.06483125000001,200.2049,90.114
999,snn,nsson,jetson_emulator,20,offload,0.49476831038256003,70.2982,50.2917,50.2917,51.3047,75.3583,112.06483125000001,112.06483125000001,200.2999,90.0947
1000,snn,nsson,jetson_emulator,20,offload,0.49215946483855655,70.4567,51.3611,51.3611,53.4715,74.9872,112.06483125000001,112.06483125000001,200.3948,90.194
1001,snn,nsson,jetson_emulator,20,local,0.4863936348648326,70.4974,51.2345,70.4974,72.7172,66.908,112.06483125000001,112.06483125000001,201.6784,90.1354
1002,snn,nsson,jetson_emulator,20,local,0.48291216767887307,70.18,50.7216,70.18,71.8126,66.998,112.06483125000001,112.06483125000001,201.7739,89.9964
1003,snn,nsson,jetson_emulator,20,offload,0.48369419514737616,71.1561,50.1073,50.1073,52.3128,75.4226,112.06483125000001,112.06483125000001,200.6796,90.0466
1004,snn,nsson,jetson_emulator,20,offload,0.48381319680994905,70.4607,50.9873,50.9873,53.6685,75.1165,112.06483125000001,112.06483125000001,200.7745,90.2142
1005,snn,nsson,jetson_emulator,20,local,0.47968317124948295,70.6034,50.1782,70.6034,72.0377,66.878,112.06483125000001,112.06483125000001,202.0603,90.2206
1006,snn,nsson,jetson_emulator,20,offload,0.4841770969094695,70.2252,50.0228,50.0228,51.5302,75.4522,112.06483125000001,112.06483125000001,200.9643,90.0328
1007,snn,nsson,jetson_emulator,20,local,0.4791701059005649,70.4666,51.0132,70.4666,72.6951,66.9168,112.06483125000001,112.06483125000001,202.2513,90.1216
1008,snn,nsson,jetson_emulator,20,offload,0.48360583874450214,70.0513,50.4387,50.4387,51.7457,75.3071,112.06483125000001,112.06483125000001,201.1542,90.0209
1009,snn,nsson,jetson_emulator,20,offload,0.482793692107637,70.7915,51.0736,51.0736,52.823,75.0866,112.06483125000001,112.06483125000001,201.2491,90.0101
1010,snn,nsson,jetson_emulator,20,local,0.4812784884564604,69.8406,50.0499,69.8406,71.4386,67.0945,112.06483125000001,112.06483125000001,202.5378,90.1174
1011,snn,nsson,jetson_emulator,20,offload,0.48452451589278206,69.804,49.9328,49.9328,52.5846,75.4837,112.06483125000001,112.06483125000001,201.4389,90.0337
1012,snn,nsson,jetson_emulator,20,local,0.4837116287435056,69.9578,51.1112,69.9578,71.3299,67.0611,112.06483125000001,112.06483125000001,202.7287,90.0462
1013,snn,nsson,jetson_emulator,20,offload,0.4801162769115246,70.3339,49.8798,49.8798,51.1433,75.5022,112.06483125000001,112.06483125000001,201.6288,90.1812
1014,snn,nsson,jetson_emulator,20,offload,0.4792482868884521,69.8442,50.6249,50.6249,52.6252,75.2423,112.06483125000001,112.06483125000001,201.7237,90.0379
1015,snn,nsson,jetson_emulator,20,offload,0.4741083598401039,70.1556,50.1666,50.1666,50.8035,75.4019,112.06483125000001,112.06483125000001,201.8186,90.1159
1016,snn,nsson,jetson_emulator,20,offload,0.47213184393049035,69.648,50.2637,50.2637,52.2585,75.368,112.06483125000001,112.06483125000001,201.9136,90.1001
1017,snn,nsson,jetson_emulator,20,local,0.4774751754340843,70.05,50.5577,70.05,71.3428,67.0349,112.06483125000001,112.06483125000001,203.2062,90.1344
1018,snn,nsson,jetson_emulator,20,offload,0.48837789159983586,70.145,50.4445,50.4445,52.3035,75.3051,112.06483125000001,112.06483125000001,202.1034,90.1559
1019,snn,nsson,jetson_emulator,20,offload,0.4934978768268648,69.7991,49.7506,49.7506,51.546,75.5474,112.06483125000001,112.06483125000001,202.1983,90.048
1020,snn,nsson,jetson_emulator,20,local,0.47632211306701555,69.7967,50.2829,69.7967,72.452,67.107,112.06483125000001,112.06483125000001,203.4926,90.1504
1021,snn,nsson,jetson_emulator,20,local,0.4792905892587912,69.8061,50.8047,69.8061,71.7159,67.1043,112.06483125000001,112.06483125000001,203.5881,90.1137
1022,snn,nsson,jetson_emulator,20,local,0.47702309182374086,69.5164,50.5099,69.5164,71.3728,67.1869,112.06483125000001,112.06483125000001,203.6836,90.1014
1023,snn,nsson,jetson_emulator,20,local,0.46526156250259615,70.6416,50.1661,70.6416,72.4804,66.8672,112.06483125000001,112.06483125000001,203.7791,90.1586
1024,snn,nsson,jetson_emulator,20,offload,0.4636850350355749,70.0074,50.1117,50.1117,52.4053,75.4211,112.06483125000001,112.06483125000001,202.673,90.135
1025,snn,nsson,jetson_emulator,20,offload,0.4693381614726554,69.5764,50.2757,50.2757,52.2268,75.3639,112.06483125000001,112.06483125000001,202.7679,90.0634
1026,snn,nsson,jetson_emulator,20,local,0.47216666479190966,69.5745,50.0129,69.5745,71.3024,67.1703,112.06483125000001,112.06483125000001,204.0655,90.0277
1027,snn,nsson,jetson_emulator,20,local,0.48069222567697406,70.2772,49.5819,70.2772,71.8542,66.9704,112.06483125000001,112.06483125000001,204.161,90.1346
1028,snn,nsson,jetson_emulator,20,offload,0.4833515016551257,69.5416,49.6153,49.6153,50.9392,75.5949,112.06483125000001,112.06483125000001,203.0526,90.0596
1029,snn,nsson,jetson_emulator,20,offload,0.4881944403656727,69.712,49.6512,49.6512,50.5785,75.5823,112.06483125000001,112.06483125000001,203.1476,90.133
1030,snn,nsson,jetson_emulator,20,local,0.4809834318436572,69.4719,49.9204,69.4719,71.2934,67.1996,112.06483125000001,112.06483125000001,204.4475,90.0871
1031,snn,nsson,jetson_emulator,20,local,0.48420764400115857,69.275,50.0365,69.275,71.1315,67.2559,112.06483125000001,112.06483125000001,204.543,90.1042
1032,snn,nsson,jetson_emulator,20,local,0.47826213964146086,70.3055,49.7939,70.3055,72.2253,66.9624,112.06483125000001,112.06483125000001,204.6385,90.0232
1033,snn,nsson,jetson_emulator,20,local,0.4802696519819415,69.9316,49.4983,69.9316,71.666,67.0686,112.06483125000001,112.06483125000001,204.7339,90.0428
1034,snn,nsson,jetson_emulator,20,local,0.48106720488230564,69.4433,50.3969,69.4433,70.6135,67.2078,112.06483125000001,112.06483125000001,204.8294,90.0903
1035,snn,nsson,jetson_emulator,20,offload,0.4726226986391761,69.2563,50.1595,50.1595,52.1333,75.4044,112.06483125000001,112.06483125000001,203.7171,90.0724
1036,snn,nsson,jetson_emulator,20,offload,0.4715395670338898,69.2709,50.9317,50.9317,52.5316,75.1358,112.06483125000001,112.06483125000001,203.812,90.1161
1037,snn,nsson,jetson_emulator,20,offload,0.46748564225839884,69.2217,49.5598,49.5598,50.9676,75.6144,112.06483125000001,112.06483125000001,203.907,90.1406
1038,snn,nsson,jetson_emulator,20,local,0.4684367217172775,69.2943,49.8616,69.2943,71.9545,67.2504,112.06483125000001,112.06483125000001,205.2114,90.1199
1039,snn,nsson,jetson_emulator,20,local,0.46236078640058553,69.2204,50.0831,69.2204,71.1327,67.2715,112.06483125000001,112.06483125000001,205.3069,90.0063
1040,snn,nsson,jetson_emulator,20,offload,0.4516655402883435,69.588,50.4209,50.4209,51.9921,75.3133,112.06483125000001,112.06483125000001,204.1917,90.1045
1041,snn,nsson,jetson_emulator,20,local,0.44647580789027047,69.2387,50.4858,69.2387,70.6896,67.2663,112.06483125000001,112.06483125000001,205.4978,90.0863
1042,snn,nsson,jetson_emulator,20,local,0.43921516762845314,69.7268,50.9242,69.7268,71.6649,67.1269,112.06483125000001,112.06483125000001,205.5933,90.018
1043,snn,nsson,jetson_emulator,20,local,0.4444744915021047,69.4492,50.3607,69.4492,71.3221,67.2061,112.06483125000001,112.06483125000001,205.6888,90.081
1044,snn,nsson,jetson_emulator,20,local,0.44444691420892957,69.1607,50.6356,69.1607,70.0553,67.2886,112.06483125000001,112.06483125000001,205.7843,90.0625
1045,snn,nsson,jetson_emulator,20,offload,0.4462002016427016,69.1593,49.468,49.468,51.6686,75.6466,112.06483125000001,112.06483125000001,204.6664,90.1291
1046,snn,nsson,jetson_emulator,20,offload,0.4470386076096206,69.5939,50.0715,50.0715,51.3812,75.4352,112.06483125000001,112.06483125000001,204.7613,90.2072
1047,snn,nsson,jetson_emulator,20,offload,0.4573950607993097,69.5829,49.962,49.962,51.8266,75.4734,112.06483125000001,112.06483125000001,204.8562,90.0242
1048,snn,nsson,jetson_emulator,20,local,0.45749094649849537,70.1367,49.6667,70.1367,71.8004,67.0103,112.06483125000001,112.06483125000001,206.1662,90.1589
1049,snn,nsson,jetson_emulator,20,local,0.4502343588562809,69.1283,49.4105,69.1283,70.9368,67.2979,112.06483125000001,112.06483125000001,206.2617,90.1818
1050,snn,nsson,jetson_emulator,20,local,0.45017125524309026,69.7728,49.9612,69.7728,71.5698,67.1138,112.06483125000001,112.06483125000001,206.3572,90.0389
1051,snn,nsson,jetson_emulator,20,offload,0.43944735177325955,70.4356,49.73,49.73,51.633,75.5547,112.06483125000001,112.06483125000001,205.2359,90.0986
1052,snn,nsson,jetson_emulator,20,offload,0.44760544072856656,69.3568,49.5434,49.5434,50.7452,75.6201,112.06483125000001,112.06483125000001,205.3308,90.055
1053,snn,nsson,jetson_emulator,20,local,0.45354893922914163,69.72,50.8308,69.72,71.3393,67.1288,112.06483125000001,112.06483125000001,206.6437,90.0441
1054,snn,nsson,jetson_emulator,20,local,0.44139069751073473,69.3788,50.5195,69.3788,71.2214,67.2262,112.06483125000001,112.06483125000001,206.7392,90.096
1055,snn,nsson,jetson_emulator,20,offload,0.44481577195085337,69.3136,49.9537,49.9537,52.3282,75.4763,112.06483125000001,112.06483125000001,205.6156,90.0781
1056,snn,nsson,jetson_emulator,20,local,0.4483917616694981,69.2234,49.7507,69.2234,71.2673,67.2707,112.06483125000001,112.06483125000001,206.9301,90.038
1057,snn,nsson,jetson_emulator,20,offload,0.4515868798676976,69.361,50.0574,50.0574,51.5576,75.4401,112.06483125000001,112.06483125000001,205.8054,90.0824
1058,snn,nsson,jetson_emulator,20,local,0.452803389375147,69.5377,49.5484,69.5377,71.5766,67.1809,112.06483125000001,112.06483125000001,207.1211,90.0724
1059,snn,nsson,jetson_emulator,20,local,0.4501879415786841,69.9551,50.7469,69.9551,71.1051,67.0619,112.06483125000001,112.06483125000001,207.2166,90.1105
1060,snn,nsson,jetson_emulator,20,local,0.4523662979379165,69.4663,49.7632,69.4663,71.1901,67.2012,112.06483125000001,112.06483125000001,207.3121,90.0352
1061,snn,nsson,jetson_emulator,20,local,0.44788367258452594,69.9891,49.78,69.9891,71.8941,67.0522,112.06483125000001,112.06483125000001,207.4076,90.1667
1062,snn,nsson,jetson_emulator,20,offload,0.44663224492366926,70.2348,49.6157,49.6157,51.1629,75.5948,112.06483125000001,112.06483125000001,206.2801,90.1411
1063,snn,nsson,jetson_emulator,20,local,0.4524283742904929,69.3859,51.046,69.3859,70.7379,67.2242,112.06483125000001,112.06483125000001,207.5985,90.1506
1064,snn,nsson,jetson_emulator,20,offload,0.45128010507651933,69.394,50.5706,50.5706,51.7763,75.2612,112.06483125000001,112.06483125000001,206.4699,90.0959
1065,snn,nsson,jetson_emulator,20,offload,0.4479001775774603,69.7139,49.6373,49.6373,51.2953,75.5872,112.06483125000001,112.06483125000001,206.5648,90.1251
1066,snn,nsson,jetson_emulator,20,offload,0.4467763155787384,69.5312,50.1353,50.1353,51.9474,75.4129,112.06483125000001,112.06483125000001,206.6598,90.1587
1067,snn,nsson,jetson_emulator,20,local,0.44815690154792515,69.636,49.8614,69.636,70.756,67.1528,112.06483125000001,112.06483125000001,207.9805,90.1258
1068,snn,nsson,jetson_emulator,20,local,0.4464928144506214,70.4042,51.1706,70.4042,71.8626,66.9344,112.06483125000001,112.06483125000001,208.076,90.1319
1069,snn,nsson,jetson_emulator,20,local,0.4467950256302399,69.9359,51.1937,69.9359,71.5564,67.0674,112.06483125000001,112.06483125000001,208.1715,90.1252
1070,snn,nsson,jetson_emulator,20,offload,0.4472734752797637,69.5895,49.8593,49.8593,51.8436,75.5094,112.06483125000001,112.06483125000001,207.0394,90.0816
1071,snn,nsson,jetson_emulator,20,offload,0.4433771419291729,69.888,50.0019,50.0019,50.7584,75.4595,112.06483125000001,112.06483125000001,207.1344,90.1397
1072,snn,nsson,jetson_emulator,20,offload,0.45105604302137686,70.034,50.4525,50.4525,51.7471,75.3023,112.06483125000001,112.06483125000001,207.2293,90.0351
1073,snn,nsson,jetson_emulator,20,offload,0.44874926385616276,71.1954,49.9468,49.9468,52.4858,75.4787,112.06483125000001,112.06483125000001,207.3242,90.1209
1074,snn,nsson,jetson_emulator,20,local,0.44695723540901716,70.0397,50.5808,70.0397,71.2364,67.0379,112.06483125000001,112.06483125000001,208.6489,90.0864
1075,snn,nsson,jetson_emulator,20,local,0.44595719198614187,70.316,50.201,70.316,72.2349,66.9594,112.06483125000001,112.06483125000001,208.7444,90.145
1076,snn,nsson,jetson_emulator,20,local,0.4552826444231894,70.4455,50.6413,70.4455,72.8158,66.9227,112.06483125000001,112.06483125000001,208.8399,90.1269
1077,snn,nsson,jetson_emulator,20,offload,0.4450289496120856,70.7532,51.4034,51.4034,53.3253,74.9727,112.06483125000001,112.06483125000001,207.7039,90.0794
1078,snn,nsson,jetson_emulator,20,offload,0.4538590779813306,70.3014,50.0373,50.0373,51.4053,75.4471,112.06483125000001,112.06483125000001,207.7988,90.0963
1079,snn,nsson,jetson_emulator,20,local,0.44773561125823813,70.3768,50.4608,70.3768,72.5699,66.9422,112.06483125000001,112.06483125000001,209.1263,90.0707
1080,snn,nsson,jetson_emulator,20,offload,0.4448347423648622,70.369,49.9675,49.9675,51.9135,75.4715,112.06483125000001,112.06483125000001,207.9887,90.1045
1081,snn,nsson,jetson_emulator,20,local,0.4384670501865015,70.2604,50.2346,70.2604,71.5773,66.9752,112.06483125000001,112.06483125000001,209.3173,90.1099
1082,snn,nsson,jetson_emulator,20,local,0.4391515737466983,70.1253,50.2122,70.1253,71.1757,67.0135,112.06483125000001,112.06483125000001,209.4128,90.0838
1083,snn,nsson,jetson_emulator,20,local,0.4330096422653006,70.0866,52.7159,70.0866,72.0294,67.0245,112.06483125000001,112.06483125000001,209.5083,90.0929
1084,snn,nsson,jetson_emulator,20,local,0.43062651492464116,70.1956,50.5947,70.1956,71.8103,66.9936,112.06483125000001,112.06483125000001,209.6038,90.1164
1085,snn,nsson,jetson_emulator,20,offload,0.4304139774350993,70.6491,50.1922,50.1922,52.2235,75.393,112.06483125000001,112.06483125000001,208.4633,90.1505
1086,snn,nsson,jetson_emulator,20,local,0.42088991501805034,71.536,50.2333,71.536,73.4707,66.6153,112.06483125000001,112.06483125000001,209.7947,90.1732
1087,snn,nsson,jetson_emulator,20,offload,0.41210272270090953,70.696,50.5213,50.5213,52.3914,75.2783,112.06483125000001,112.06483125000001,208.6532,90.0992
1088,snn,nsson,jetson_emulator,20,local,0.4177849306165615,70.7806,50.5211,70.7806,73.248,66.828,112.06483125000001,112.06483125000001,209.9857,90.0949
1089,snn,nsson,jetson_emulator,20,offload,0.42479585120312763,70.7089,51.023,51.023,52.1132,75.1042,112.06483125000001,112.06483125000001,208.843,90.0789
1090,snn,nsson,jetson_emulator,20,offload,0.43273463555798997,70.7917,50.6145,50.6145,51.9719,75.2459,112.06483125000001,112.06483125000001,208.9379,90.1749
1091,snn,nsson,jetson_emulator,20,local,0.4348437243781988,71.5396,50.8954,71.5396,74.2383,66.6143,112.06483125000001,112.06483125000001,210.2722,90.1248
1092,snn,nsson,jetson_emulator,20,local,0.4379847007768216,71.9589,50.9862,71.9589,73.8506,66.4968,112.06483125000001,112.06483125000001,210.3677,90.1711
1093,snn,nsson,jetson_emulator,20,offload,0.42982279710880866,71.1785,51.1076,51.1076,51.7206,75.0749,112.06483125000001,112.06483125000001,209.2227,90.1679
1094,snn,nsson,jetson_emulator,20,local,0.42841909522685845,71.4108,50.7532,71.4108,73.9156,66.6504,112.06483125000001,112.06483125000001,210.5586,90.0976
1095,snn,nsson,jetson_emulator,20,offload,0.4394199153742665,71.1383,51.0726,51.0726,52.8903,75.087,112.06483125000001,112.06483125000001,209.4125,90.1004
1096,snn,nsson,jetson_emulator,20,local,0.4339107916231898,70.7917,53.4219,70.7917,72.0912,66.8248,112.06483125000001,112.06483125000001,210.7496,90.1057
1097,snn,nsson,jetson_emulator,20,offload,0.4328098128893358,71.7853,51.0508,51.0508,53.5738,75.0945,112.06483125000001,112.06483125000001,209.6024,90.1218
1098,snn,nsson,jetson_emulator,20,offload,0.4352237675131299,71.6116,51.7037,51.7037,53.9626,74.8692,112.06483125000001,112.06483125000001,209.6973,90.0777
1099,snn,nsson,jetson_emulator,20,offload,0.42781045443980426,71.1439,51.5502,51.5502,53.3913,74.922,112.06483125000001,112.06483125000001,209.7922,90.1209
1100,snn,nsson,jetson_emulator,20,offload,0.427744296337237,71.4222,51.4092,51.4092,53.1548,74.9706,112.06483125000001,112.06483125000001,209.8872,90.1873
1101,snn,nsson,jetson_emulator,20,local,0.424736054489653,71.2218,52.0956,71.2218,73.4129,66.7036,112.06483125000001,112.06483125000001,211.227,90.0448
1102,snn,nsson,jetson_emulator,20,local,0.42893437270239826,71.826,52.3592,71.826,73.8071,66.534,112.06483125000001,112.06483125000001,211.3225,90.128
1103,snn,nsson,jetson_emulator,20,offload,0.43186741597383654,72.196,53.2498,53.2498,55.8324,74.3408,112.06483125000001,112.06483125000001,210.1719,90.1073
1104,snn,nsson,jetson_emulator,20,local,0.42753561548348984,71.8206,51.5748,71.8206,73.2103,66.5355,112.06483125000001,112.06483125000001,211.5135,90.1583
1105,snn,nsson,jetson_emulator,20,local,0.43097489135274425,72.067,52.3567,72.067,74.4506,66.4666,112.06483125000001,112.06483125000001,211.609,90.1572
1106,snn,nsson,jetson_emulator,20,offload,0.4343832705023563,72.3303,52.7017,52.7017,53.7085,74.5272,112.06483125000001,112.06483125000001,210.4567,90.114
1107,snn,nsson,jetson_emulator,20,offload,0.43881869589651123,71.9544,51.3452,51.3452,53.2388,74.9927,112.06483125000001,112.06483125000001,210.5516,90.0515
1108,snn,nsson,jetson_emulator,20,offload,0.4278424394631259,72.4483,51.468,51.468,53.4174,74.9504,112.06483125000001,112.06483125000001,210.6466,90.0872
1109,snn,nsson,jetson_emulator,20,local,0.42634938740693384,72.1191,51.7663,72.1191,73.2724,66.452,112.06483125000001,112.06483125000001,211.9909,90.2028
1110,snn,nsson,jetson_emulator,20,offload,0.43435868939235134,72.6778,52.731,52.731,54.5226,74.5172,112.06483125000001,112.06483125000001,210.8364,90.1138
1111,snn,nsson,jetson_emulator,20,offload,0.4450762017654908,72.5784,52.4286,52.4286,54.1123,74.6205,112.06483125000001,112.06483125000001,210.9313,90.0315
1112,snn,nsson,jetson_emulator,20,local,0.44766283679322516,72.3648,52.6204,72.3648,74.1241,66.3835,112.06483125000001,112.06483125000001,212.2774,90.1013
1113,snn,nsson,jetson_emulator,20,local,0.4432395066317231,72.7352,51.6965,72.7352,74.6344,66.2804,112.06483125000001,112.06483125000001,212.3729,90.0631
1114,snn,nsson,jetson_emulator,20,offload,0.4466709786827676,72.1858,51.6889,51.6889,52.5083,74.8742,112.06483125000001,112.06483125000001,211.2161,90.136
1115,snn,nsson,jetson_emulator,20,offload,0.44601451287676325,72.2673,52.0825,52.0825,53.5908,74.739,112.06483125000001,112.06483125000001,211.311,90.1014
1116,snn,nsson,jetson_emulator,20,local,0.449025725852106,72.503,52.3241,72.503,74.5921,66.345,112.06483125000001,112.06483125000001,212.6593,90.112
1117,snn,nsson,jetson_emulator,20,local,0.4631588340080546,72.567,52.0431,72.567,74.5078,66.3272,112.06483125000001,112.06483125000001,212.7548,90.1191
1118,snn,nsson,jetson_emulator,20,local,0.462488565898168,73.2924,52.3582,73.2924,75.3341,66.126,112.06483125000001,112.06483125000001,212.8503,90.0188
1119,snn,nsson,jetson_emulator,20,local,0.4616952856678216,72.6204,52.1814,72.6204,73.9698,66.3123,112.06483125000001,112.06483125000001,212.9458,90.0487
1120,snn,nsson,jetson_emulator,20,local,0.4591285680842174,72.8221,54.005,72.8221,74.4584,66.2563,112.06483125000001,112.06483125000001,213.0413,90.1104
1121,snn,nsson,jetson_emulator,20,local,0.47061212039841227,73.5733,52.7971,73.5733,76.0031,66.0484,112.06483125000001,112.06483125000001,213.1368,90.1291
1122,snn,nsson,jetson_emulator,20,local,0.4730393441671832,73.453,53.6767,73.453,74.9815,66.0816,112.06483125000001,112.06483125000001,213.2323,90.0469
1123,snn,nsson,jetson_emulator,20,local,0.4652023906463745,74.096,52.8414,74.096,76.2528,65.9045,112.06483125000001,112.06483125000001,213.3277,90.1001
1124,snn,nsson,jetson_emulator,20,offload,0.47765616604210015,73.5418,54.3807,54.3807,56.1218,73.959,112.06483125000001,112.06483125000001,212.1653,90.0463
1125,snn,nsson,jetson_emulator,20,local,0.4730207531724978,73.1723,52.493,73.1723,74.9752,66.1592,112.06483125000001,112.06483125000001,213.5187,90.0775
1126,snn,nsson,jetson_emulator,20,offload,0.46880458304382605,73.704,54.0149,54.0149,55.4938,74.082,112.06483125000001,112.06483125000001,212.3552,90.133
1127,snn,nsson,jetson_emulator,20,local,0.46744903328328635,73.6491,52.7197,73.6491,75.5186,66.0275,112.06483125000001,112.06483125000001,213.7097,90.1638
1128,snn,nsson,jetson_emulator,20,local,0.4802533018656697,73.7189,53.3806,73.7189,76.3196,66.0082,112.06483125000001,112.06483125000001,213.8052,90.1872
1129,snn,nsson,jetson_emulator,20,offload,0.47338262997922553,73.5692,53.5157,53.5157,55.18,74.2507,112.06483125000001,112.06483125000001,212.64,90.1618
1130,snn,nsson,jetson_emulator,20,offload,0.4690752773660599,73.6929,53.3009,53.3009,54.9747,74.3234,112.06483125000001,112.06483125000001,212.7349,89.9787
1131,snn,nsson,jetson_emulator,20,offload,0.4720707794463586,75.104,52.8513,52.8513,54.7489,74.4762,112.06483125000001,112.06483125000001,212.8298,90.1257
1132,snn,nsson,jetson_emulator,20,offload,0.47166132699118646,73.9099,52.7652,52.7652,54.9577,74.5056,112.06483125000001,112.06483125000001,212.9247,90.1525
1133,snn,nsson,jetson_emulator,20,offload,0.4600132032947964,74.4981,53.2032,53.2032,55.3464,74.3566,112.06483125000001,112.06483125000001,213.0197,90.053
1134,snn,nsson,jetson_emulator,20,local,0.46368733818880087,74.3098,52.9974,74.3098,76.4266,65.8458,112.06483125000001,112.06483125000001,214.3781,90.0737
1135,snn,nsson,jetson_emulator,20,offload,0.45725575970831983,74.7031,53.0944,53.0944,53.8503,74.3936,112.06483125000001,112.06483125000001,213.2095,90.1372
1136,snn,nsson,jetson_emulator,20,local,0.45052591682894894,74.3881,54.523,74.3881,76.3113,65.8243,112.06483125000001,112.06483125000001,214.5691,90.1341
1137,snn,nsson,jetson_emulator,20,offload,0.45224205205828794,74.2701,53.7707,53.7707,55.8306,74.1644,112.06483125000001,112.06483125000001,213.3993,90.1691
1138,snn,nsson,jetson_emulator,20,offload,0.46526709115675474,74.495,53.2877,53.2877,55.0316,74.3279,112.06483125000001,112.06483125000001,213.4943,90.1229
1139,snn,nsson,jetson_emulator,20,local,0.4661992147803701,74.3834,54.6338,74.3834,76.3308,65.8256,112.06483125000001,112.06483125000001,214.8555,90.0738
1140,snn,nsson,jetson_emulator,20,local,0.4775839643818559,74.624,53.5282,74.624,76.8099,65.7598,112.06483125000001,112.06483125000001,214.951,90.0644
1141,snn,nsson,jetson_emulator,20,local,0.4718496358100814,74.7214,54.143,74.7214,77.1116,65.7331,112.06483125000001,112.06483125000001,215.0465,90.1358
1142,snn,nsson,jetson_emulator,20,offload,0.47059773120727,75.1076,53.8816,53.8816,55.6851,74.127,112.06483125000001,112.06483125000001,213.874,90.1201
1143,snn,nsson,jetson_emulator,20,offload,0.47375841023144205,75.1879,54.8902,54.8902,56.8218,73.7883,112.06483125000001,112.06483125000001,213.9689,90.082
1144,snn,nsson,jetson_emulator,20,offload,0.48091869250364183,75.4986,54.2477,54.2477,55.8019,74.0037,112.06483125000001,112.06483125000001,214.0638,90.1479
1145,snn,nsson,jetson_emulator,20,offload,0.4824100251116513,74.9754,54.367,54.367,56.1472,73.9636,112.06483125000001,112.06483125000001,214.1587,90.1147
1146,snn,nsson,jetson_emulator,20,offload,0.47389412398258285,75.7347,54.2303,54.2303,55.828,74.0096,112.06483125000001,112.06483125000001,214.2537,90.1521
1147,snn,nsson,jetson_emulator,20,offload,0.4656290805007587,76.2031,54.1021,54.1021,55.4993,74.0527,112.06483125000001,112.06483125000001,214.3486,90.1372
1148,snn,nsson,jetson_emulator,20,offload,0.47526780436724736,75.1169,54.4247,54.4247,56.1225,73.9442,112.06483125000001,112.06483125000001,214.4435,90.156
1149,snn,nsson,jetson_emulator,20,local,0.48003763462666,75.5287,54.247,75.5287,77.6226,65.5133,112.06483125000001,112.06483125000001,215.8104,90.105
1150,snn,nsson,jetson_emulator,20,offload,0.4849464121846969,75.703,53.7877,53.7877,55.9016,74.1587,112.06483125000001,112.06483125000001,214.6334,90.0543
1151,snn,nsson,jetson_emulator,20,offload,0.48709819518461883,75.9713,54.5319,54.5319,56.7423,73.9082,112.06483125000001,112.06483125000001,214.7283,90.0535
1152,snn,nsson,jetson_emulator,20,offload,0.48346906879169593,75.6122,54.2228,54.2228,56.4432,74.0121,112.06483125000001,112.06483125000001,214.8232,90.0817
1153,snn,nsson,jetson_emulator,20,offload,0.4736922528587197,75.5358,54.7269,54.7269,57.3815,73.8429,112.06483125000001,112.06483125000001,214.9181,90.1
1154,snn,nsson,jetson_emulator,20,local,0.4836145071337768,75.5657,54.219,75.5657,76.7807,65.5032,112.06483125000001,112.06483125000001,216.2878,90.0804
1155,snn,nsson,jetson_emulator,20,offload,0.4846938528244783,76.0971,54.6216,54.6216,55.9555,73.8782,112.06483125000001,112.06483125000001,215.108,89.9662
1156,snn,nsson,jetson_emulator,20,offload,0.48692918263220253,76.8674,54.5965,54.5965,55.2876,73.8866,112.06483125000001,112.06483125000001,215.2029,90.0804
1157,snn,nsson,jetson_emulator,20,offload,0.49432653927736225,76.0047,54.5342,54.5342,57.3815,73.9075,112.06483125000001,112.06483125000001,215.2978,90.0522
1158,snn,nsson,jetson_emulator,20,local,0.49746577207612724,76.4585,55.3067,76.4585,77.7,65.2619,112.06483125000001,112.06483125000001,216.6698,90.158
1159,snn,nsson,jetson_emulator,20,offload,0.49847608875598975,75.9316,54.5377,54.5377,56.4679,73.9063,112.06483125000001,112.06483125000001,215.4877,90.1344
1160,snn,nsson,jetson_emulator,20,offload,0.508061903062205,76.7928,55.1045,55.1045,57.2525,73.7167,112.06483125000001,112.06483125000001,215.5826,90.0836
1161,snn,nsson,jetson_emulator,20,offload,0.5125167644284568,77.191,54.4518,54.4518,56.4775,73.9351,112.06483125000001,112.06483125000001,215.6775,90.1249
1162,snn,nsson,jetson_emulator,20,local,0.5183490503453311,76.7353,55.7846,76.7353,78.7114,65.1874,112.06483125000001,112.06483125000001,217.0517,90.1085
1163,snn,nsson,jetson_emulator,20,offload,0.5182259445703291,76.4732,54.7226,54.7226,56.3986,73.8444,112.06483125000001,112.06483125000001,215.8674,90.0804
1164,snn,nsson,jetson_emulator,20,local,0.5160677015230272,77.1366,55.3001,77.1366,78.6466,65.0797,112.06483125000001,112.06483125000001,217.2427,90.1897
1165,snn,nsson,jetson_emulator,20,offload,0.5292192490221309,76.3499,56.8696,56.8696,58.6957,73.1324,112.06483125000001,112.06483125000001,216.0572,90.1713
1166,snn,nsson,jetson_emulator,20,local,0.5289230461791955,77.8903,56.1384,77.8903,79.1946,64.8785,112.06483125000001,112.06483125000001,217.4337,89.9855
1167,snn,nsson,jetson_emulator,20,offload,0.539170591801966,77.3853,55.3651,55.3651,57.2418,73.6299,112.06483125000001,112.06483125000001,216.2471,90.0497
1168,snn,nsson,jetson_emulator,20,local,0.5363436123774634,77.5602,54.8935,77.5602,78.8995,64.9665,112.06483125000001,112.06483125000001,217.6246,90.0544
1169,snn,nsson,jetson_emulator,20,offload,0.5266207443749437,77.1749,55.5586,55.5586,57.9048,73.5655,112.06483125000001,112.06483125000001,216.4369,90.1089
1170,snn,nsson,jetson_emulator,20,local,0.5174733473973196,77.0547,55.9845,77.0547,79.0327,65.1017,112.06483125000001,112.06483125000001,217.8156,90.1111
1171,snn,nsson,jetson_emulator,20,offload,0.4964476930469191,77.1589,55.2113,55.2113,57.5191,73.6811,112.06483125000001,112.06483125000001,216.6268,90.1408
1172,snn,nsson,jetson_emulator,20,local,0.5024139410527183,78.0778,56.4673,78.0778,79.4613,64.8286,112.06483125000001,112.06483125000001,218.0066,90.1102
1173,snn,nsson,jetson_emulator,20,local,0.49785699698813274,78.3272,55.401,78.3272,80.781,64.7624,112.06483125000001,112.06483125000001,218.1021,90.1388
1174,snn,nsson,jetson_emulator,20,local,0.5021518493288217,77.35,55.766,77.35,78.4336,65.0226,112.06483125000001,112.06483125000001,218.1976,90.1841
1175,snn,nsson,jetson_emulator,20,offload,0.4961249364977255,77.4262,56.0202,56.0202,57.3223,73.4124,112.06483125000001,112.06483125000001,217.0065,90.1745
1176,snn,nsson,jetson_emulator,20,offload,0.49820228248260384,77.015,55.495,55.495,57.2824,73.5866,112.06483125000001,112.06483125000001,217.1014,90.1286
1177,snn,nsson,jetson_emulator,20,local,0.49401799057970996,77.0759,56.6877,77.0759,78.7509,65.096,112.06483125000001,112.06483125000001,218.484,90.0335
1178,snn,nsson,jetson_emulator,20,local,0.4896053003990107,77.1776,55.6851,77.1776,79.2004,65.0688,112.06483125000001,112.06483125000001,218.5795,90.0951
1179,snn,nsson,jetson_emulator,20,offload,0.49612919393444277,77.1685,56.5424,56.5424,59.0209,73.24,112.06483125000001,112.06483125000001,217.3861,90.0792
1180,snn,nsson,jetson_emulator,20,local,0.4894896876718938,77.3183,56.0279,77.3183,79.1052,65.0311,112.06483125000001,112.06483125000001,218.7705,90.0829
1181,snn,nsson,jetson_emulator,20,offload,0.49331765270385136,77.3156,55.3559,55.3559,56.8183,73.6329,112.06483125000001,112.06483125000001,217.576,90.1364
1182,snn,nsson,jetson_emulator,20,offload,0.49446907597965445,77.7853,55.3546,55.3546,57.4698,73.6333,112.06483125000001,112.06483125000001,217.6709,90.0793
1183,snn,nsson,jetson_emulator,20,local,0.4910988279779547,77.489,55.905,77.489,78.8166,64.9855,112.06483125000001,112.06483125000001,219.0569,90.1562
1184,snn,nsson,jetson_emulator,20,local,0.5105187774434997,78.847,55.7173,78.847,79.9386,64.6248,112.06483125000001,112.06483125000001,219.1524,90.1498
1185,snn,nsson,jetson_emulator,20,offload,0.5121719422856467,78.2308,55.7787,55.7787,57.6497,73.4924,112.06483125000001,112.06483125000001,217.9557,90.1554
1186,snn,nsson,jetson_emulator,20,local,0.5156603098279448,77.5751,56.7122,77.5751,79.6475,64.9625,112.06483125000001,112.06483125000001,219.3434,90.1235
1187,snn,nsson,jetson_emulator,20,offload,0.522589806546074,77.7428,56.987,56.987,58.9495,73.0939,112.06483125000001,112.06483125000001,218.1455,90.0373
1188,snn,nsson,jetson_emulator,20,local,0.5173790143173498,78.419,55.4739,78.419,80.8003,64.738,112.06483125000001,112.06483125000001,219.5344,90.0214
1189,snn,nsson,jetson_emulator,20,offload,0.5194900082491715,78.2186,55.8314,55.8314,58.0244,73.475,112.06483125000001,112.06483125000001,218.3354,90.1546
1190,snn,nsson,jetson_emulator,20,local,0.5155792128134575,78.1784,55.6922,78.1784,79.6699,64.8019,112.06483125000001,112.06483125000001,219.7254,90.0343
1191,snn,nsson,jetson_emulator,20,offload,0.5158111038106538,78.5966,56.5678,56.5678,57.7707,73.2317,112.06483125000001,112.06483125000001,218.5252,90.0472
1192,snn,nsson,jetson_emulator,20,offload,0.5181715478605697,78.4181,56.2466,56.2466,57.5154,73.3376,112.06483125000001,112.06483125000001,218.6202,90.0794
1193,snn,nsson,jetson_emulator,20,local,0.5097943017281873,77.7742,55.8788,77.7742,79.5369,64.9094,112.06483125000001,112.06483125000001,220.0118,90.0697
1194,snn,nsson,jetson_emulator,20,offload,0.5119898876351874,78.5498,56.7163,56.7163,58.7686,73.1828,112.06483125000001,112.06483125000001,218.81,90.0331
1195,snn,nsson,jetson_emulator,20,local,0.5130261544757071,77.8329,55.7969,77.8329,80.2607,64.8938,112.06483125000001,112.06483125000001,220.2028,90.0443
1196,snn,nsson,jetson_emulator,20,offload,0.5123181682061761,78.4848,56.0359,56.0359,56.9471,73.4073,112.06483125000001,112.06483125000001,218.9999,90.0687
1197,snn,nsson,jetson_emulator,20,local,0.5122841524541644,78.1144,56.3179,78.1144,80.3293,64.8189,112.06483125000001,112.06483125000001,220.3938,90.0859
1198,snn,nsson,jetson_emulator,20,offload,0.5110377420863357,77.8481,56.1564,56.1564,57.5092,73.3674,112.06483125000001,112.06483125000001,219.1897,90.0846
1199,snn,nsson,jetson_emulator,20,local,0.49981746154668255,78.3543,55.6368,78.3543,80.2715,64.7552,112.06483125000001,112.06483125000001,220.5847,90.1182
1200,snn,nsson,jetson_emulator,20,local,0.507562371590272,78.5728,56.0579,78.5728,79.7741,64.6973,112.06483125000001,112.06483125000001,220.6802,90.1257
