cycle_id,model,architecture,profile,nodes,decision,threshold,local_latency_ms,offload_latency_ms,total_latency_ms,rtt_ms,throughput_fps,local_power_mw,offload_power_mw,effective_power_mw,accuracy_step
1,cnn,nsson,jetson_emulator,300,offload,0.4949980110612039,63.0967,45.5859,45.5859,48.5601,13.9186,167.274,167.274,183.7317,92.8173
2,cnn,nsson,jetson_emulator,300,offload,0.499461428538775,63.8562,45.0371,45.0371,48.2521,13.9335,167.274,167.274,183.8969,92.6882
3,cnn,nsson,jetson_emulator,300,local,0.500547854486388,63.6678,46.7099,63.6678,66.7773,13.0527,167.274,167.274,198.1008,92.7307
4,cnn,nsson,jetson_emulator,300,offload,0.5036273360666098,63.294,45.2889,45.2889,48.3858,13.9267,167.274,167.274,184.2273,92.7752
5,cnn,nsson,jetson_emulator,300,offload,0.4978492831566194,63.3276,47.2617,47.2617,51.1314,13.8732,167.274,167.274,184.3925,92.8249
6,cnn,nsson,jetson_emulator,300,offload,0.5066187212901045,63.6694,45.3581,45.3581,48.426,13.9248,167.274,167.274,184.5577,92.7281
7,cnn,nsson,jetson_emulator,300,offload,0.5070512068125937,63.8863,45.7996,45.7996,49.5364,13.9128,167.274,167.274,184.723,92.7571
8,cnn,nsson,jetson_emulator,300,offload,0.5095873119100945,64.4499,45.8377,45.8377,48.6627,13.9118,167.274,167.274,184.8882,92.7575
9,cnn,nsson,jetson_emulator,300,local,0.507336986152645,64.2498,45.7285,64.2498,67.7045,13.0384,167.274,167.274,199.1676,92.7631
10,cnn,nsson,jetson_emulator,300,offload,0.5030540778156708,64.5125,46.6454,46.6454,49.8979,13.8899,167.274,167.274,185.2186,92.7937
11,cnn,nsson,jetson_emulator,300,offload,0.4901398819235867,64.2677,46.5742,46.5742,49.3386,13.8918,167.274,167.274,185.3838,92.7821
12,cnn,nsson,jetson_emulator,300,offload,0.4943669055215992,64.6186,46.1892,46.1892,49.434,13.9022,167.274,167.274,185.549,92.7537
13,cnn,nsson,jetson_emulator,300,offload,0.488793708989353,64.4202,45.965,45.965,49.4823,13.9083,167.274,167.274,185.7142,92.7696
14,cnn,nsson,jetson_emulator,300,offload,0.49334657222326533,64.4823,46.0445,46.0445,49.9097,13.9062,167.274,167.274,185.8794,92.794
15,cnn,nsson,jetson_emulator,300,offload,0.5027472037593198,65.3258,47.1459,47.1459,50.0113,13.8764,167.274,167.274,186.0446,92.7591
16,cnn,nsson,jetson_emulator,300,offload,0.4945579991543544,64.9276,46.9951,46.9951,50.1009,13.8804,167.274,167.274,186.2098,92.6888
17,cnn,nsson,jetson_emulator,300,offload,0.4945940030861024,64.9476,46.613,46.613,50.4005,13.8908,167.274,167.274,186.3751,92.7913
18,cnn,nsson,jetson_emulator,300,local,0.48838868927275736,65.2471,47.5123,65.2471,68.8796,13.014,167.274,167.274,200.7679,92.7854
19,cnn,nsson,jetson_emulator,300,local,0.4871424026529809,65.9077,47.4778,65.9077,68.9823,12.9978,167.274,167.274,200.9457,92.8012
20,cnn,nsson,jetson_emulator,300,local,0.48411403476926035,65.4291,46.7976,65.4291,68.3957,13.0095,167.274,167.274,201.1235,92.8046
21,cnn,nsson,jetson_emulator,300,offload,0.48972028996438915,66.2626,46.7371,46.7371,50.0486,13.8874,167.274,167.274,187.0359,92.7694
22,cnn,nsson,jetson_emulator,300,offload,0.4791395895152029,65.6693,47.2097,47.2097,50.4788,13.8746,167.274,167.274,187.2011,92.8088
23,cnn,nsson,jetson_emulator,300,offload,0.4702825571823245,65.9316,47.0814,47.0814,51.0606,13.8781,167.274,167.274,187.3663,92.7217
24,cnn,nsson,jetson_emulator,300,offload,0.4744726494758585,65.5929,47.9028,47.9028,50.8861,13.856,167.274,167.274,187.5315,92.7923
25,cnn,nsson,jetson_emulator,300,offload,0.47280655429142754,65.8432,47.0168,47.0168,50.2692,13.8799,167.274,167.274,187.6967,92.794
26,cnn,nsson,jetson_emulator,300,local,0.466242439557483,66.0666,47.766,66.0666,69.6795,12.994,167.274,167.274,202.1904,92.7294
27,cnn,nsson,jetson_emulator,300,offload,0.4625055419960286,66.1454,47.1042,47.1042,50.4134,13.8775,167.274,167.274,188.0272,92.8219
28,cnn,nsson,jetson_emulator,300,offload,0.4691236436851463,66.9198,47.7428,47.7428,51.0363,13.8603,167.274,167.274,188.1924,92.7632
29,cnn,nsson,jetson_emulator,300,offload,0.47422447753238045,66.4724,47.9664,47.9664,50.698,13.8543,167.274,167.274,188.3576,92.819
30,cnn,nsson,jetson_emulator,300,offload,0.45726848388402924,66.7964,47.4687,47.4687,51.402,13.8677,167.274,167.274,188.5228,92.8446
31,cnn,nsson,jetson_emulator,300,local,0.44244666951889067,66.5896,47.6832,66.5896,68.8387,12.9812,167.274,167.274,203.0794,92.7473
32,cnn,nsson,jetson_emulator,300,local,0.43266992453314657,66.8916,47.7594,66.8916,69.9241,12.9739,167.274,167.274,203.2573,92.7524
33,cnn,nsson,jetson_emulator,300,offload,0.43176367807492666,66.8535,48.1809,48.1809,51.4312,13.8485,167.274,167.274,189.0184,92.8341
34,cnn,nsson,jetson_emulator,300,local,0.428029501000913,66.656,48.539,66.656,69.9392,12.9796,167.274,167.274,203.6129,92.7636
35,cnn,nsson,jetson_emulator,300,local,0.4296380898689664,66.6533,48.5516,66.6533,69.8298,12.9797,167.274,167.274,203.7907,92.7456
36,cnn,nsson,jetson_emulator,300,offload,0.42055857087506643,67.1701,48.3224,48.3224,51.6625,13.8447,167.274,167.274,189.514,92.7756
37,cnn,nsson,jetson_emulator,300,offload,0.408771581470196,67.72,48.1323,48.1323,51.1834,13.8498,167.274,167.274,189.6793,92.7333
38,cnn,nsson,jetson_emulator,300,offload,0.4074069890823694,67.4913,47.8718,47.8718,50.6336,13.8568,167.274,167.274,189.8445,92.8022
39,cnn,nsson,jetson_emulator,300,offload,0.41205405122659794,68.0618,48.0896,48.0896,51.0688,13.8509,167.274,167.274,190.0097,92.7603
40,cnn,nsson,jetson_emulator,300,local,0.41092241621296016,67.4697,48.8352,67.4697,70.4665,12.9598,167.274,167.274,204.6797,92.7557
41,cnn,nsson,jetson_emulator,300,offload,0.41662757636305026,67.2831,48.3591,48.3591,52.1292,13.8437,167.274,167.274,190.3401,92.8378
42,cnn,nsson,jetson_emulator,300,local,0.42194152197087076,67.5283,50.1373,67.5283,70.1484,12.9584,167.274,167.274,205.0354,92.8135
43,cnn,nsson,jetson_emulator,300,offload,0.42323875064032573,69.163,48.7032,48.7032,51.772,13.8345,167.274,167.274,190.6705,92.7559
44,cnn,nsson,jetson_emulator,300,local,0.4279287365810502,67.5542,48.7981,67.5542,70.3143,12.9578,167.274,167.274,205.391,92.7297
45,cnn,nsson,jetson_emulator,300,offload,0.4218594626385469,67.6444,48.5232,48.5232,52.2329,13.8393,167.274,167.274,191.0009,92.8359
46,cnn,nsson,jetson_emulator,300,offload,0.41662225712696743,68.4174,48.3918,48.3918,51.1301,13.8428,167.274,167.274,191.1661,92.7347
47,cnn,nsson,jetson_emulator,300,local,0.4100382239023351,68.4996,48.7022,68.4996,71.4115,12.9349,167.274,167.274,205.9244,92.6895
48,cnn,nsson,jetson_emulator,300,offload,0.40594778811345017,68.2875,48.7852,48.7852,52.3999,13.8323,167.274,167.274,191.4966,92.737
49,cnn,nsson,jetson_emulator,300,local,0.4035319492032951,67.9001,49.4952,67.9001,70.511,12.9494,167.274,167.274,206.28,92.7099
50,cnn,nsson,jetson_emulator,300,offload,0.39609135401089135,68.2873,49.8822,49.8822,53.6274,13.8029,167.274,167.274,191.827,92.662
51,cnn,nsson,jetson_emulator,300,offload,0.39543396741529435,68.1068,50.5729,50.5729,54.2017,13.7845,167.274,167.274,191.9922,92.7287
52,cnn,nsson,jetson_emulator,300,offload,0.3994957426167668,68.2083,49.1367,49.1367,52.2254,13.8228,167.274,167.274,192.1574,92.8237
53,cnn,nsson,jetson_emulator,300,offload,0.39407439658865306,68.9905,48.8737,48.8737,51.5215,13.8299,167.274,167.274,192.3226,92.7534
54,cnn,nsson,jetson_emulator,300,offload,0.3940950734660103,68.9727,49.3513,49.3513,52.8989,13.8171,167.274,167.274,192.4878,92.7641
55,cnn,nsson,jetson_emulator,300,offload,0.3935665885656688,69.867,48.8626,48.8626,51.9913,13.8302,167.274,167.274,192.653,92.7195
56,cnn,nsson,jetson_emulator,300,offload,0.38803571779089924,69.2819,49.2698,49.2698,52.0173,13.8193,167.274,167.274,192.8182,92.7204
57,cnn,nsson,jetson_emulator,300,offload,0.39508362294251903,69.3773,49.3997,49.3997,52.2488,13.8158,167.274,167.274,192.9834,92.7184
58,cnn,nsson,jetson_emulator,300,offload,0.39205070308888,69.6661,49.1994,49.1994,51.7293,13.8212,167.274,167.274,193.1487,92.827
59,cnn,nsson,jetson_emulator,300,offload,0.39689857250174504,68.9236,49.8816,49.8816,53.8066,13.8029,167.274,167.274,193.3139,92.7266
60,cnn,nsson,jetson_emulator,300,offload,0.39738948670080504,69.5158,49.6557,49.6557,53.181,13.809,167.274,167.274,193.4791,92.6934
61,cnn,nsson,jetson_emulator,300,local,0.4091951579164559,68.7074,49.5522,68.7074,73.1502,12.9299,167.274,167.274,208.4138,92.6988
62,cnn,nsson,jetson_emulator,300,local,0.40763085299943785,69.3928,49.6719,69.3928,72.5885,12.9134,167.274,167.274,208.5916,92.7978
63,cnn,nsson,jetson_emulator,300,offload,0.4117602229188653,69.5876,49.6338,49.6338,52.3803,13.8095,167.274,167.274,193.9747,92.8681
64,cnn,nsson,jetson_emulator,300,offload,0.3969867110054968,69.0916,49.6311,49.6311,52.5773,13.8096,167.274,167.274,194.1399,92.6672
65,cnn,nsson,jetson_emulator,300,local,0.4014361561256398,69.5166,50.1264,69.5166,72.0318,12.9104,167.274,167.274,209.125,92.6959
66,cnn,nsson,jetson_emulator,300,offload,0.4017194241027888,69.8587,49.575,49.575,52.5441,13.8111,167.274,167.274,194.4703,92.7411
67,cnn,nsson,jetson_emulator,300,offload,0.4073179486879233,69.186,49.881,49.881,52.193,13.8029,167.274,167.274,194.6355,92.6798
68,cnn,nsson,jetson_emulator,300,offload,0.40314254487741397,69.7946,51.3247,51.3247,55.058,13.7645,167.274,167.274,194.8008,92.7361
69,cnn,nsson,jetson_emulator,300,local,0.40795262366765234,69.5177,49.467,69.5177,72.826,12.9104,167.274,167.274,209.8363,92.7748
70,cnn,nsson,jetson_emulator,300,local,0.4071752152867251,69.4809,49.7989,69.4809,73.1576,12.9113,167.274,167.274,210.0141,92.7291
71,cnn,nsson,jetson_emulator,300,local,0.41628853119616205,69.9493,50.0058,69.9493,73.8257,12.9,167.274,167.274,210.1919,92.7042
72,cnn,nsson,jetson_emulator,300,local,0.4171792818329229,69.2296,51.1003,69.2296,71.505,12.9173,167.274,167.274,210.3697,92.8153
73,cnn,nsson,jetson_emulator,300,offload,0.42066896548038335,70.0159,50.2866,50.2866,53.5703,13.7921,167.274,167.274,195.6268,92.8036
74,cnn,nsson,jetson_emulator,300,offload,0.43289441712725574,69.3512,49.6172,49.6172,52.643,13.81,167.274,167.274,195.792,92.746
75,cnn,nsson,jetson_emulator,300,offload,0.43141783634068426,69.4997,50.1508,50.1508,53.2352,13.7957,167.274,167.274,195.9572,92.6835
76,cnn,nsson,jetson_emulator,300,local,0.41922023318760504,69.5999,50.3871,69.5999,72.8389,12.9084,167.274,167.274,211.0809,92.7042
77,cnn,nsson,jetson_emulator,300,offload,0.4172987167021014,70.7057,50.8652,50.8652,53.8693,13.7767,167.274,167.274,196.2876,92.6891
78,cnn,nsson,jetson_emulator,300,offload,0.4181130513031429,69.5325,50.4169,50.4169,53.1274,13.7886,167.274,167.274,196.4529,92.743
79,cnn,nsson,jetson_emulator,300,offload,0.4171923054178055,70.1623,50.8741,50.8741,53.2328,13.7765,167.274,167.274,196.6181,92.7533
80,cnn,nsson,jetson_emulator,300,offload,0.4145767309104535,70.0131,49.8253,49.8253,53.4384,13.8044,167.274,167.274,196.7833,92.7929
81,cnn,nsson,jetson_emulator,300,offload,0.4069550649318912,70.6731,49.7908,49.7908,53.3245,13.8053,167.274,167.274,196.9485,92.815
82,cnn,nsson,jetson_emulator,300,offload,0.407860877637326,69.8417,50.7554,50.7554,54.3493,13.7796,167.274,167.274,197.1137,92.7395
83,cnn,nsson,jetson_emulator,300,offload,0.4174634965894584,70.6857,50.8247,50.8247,54.2552,13.7778,167.274,167.274,197.2789,92.6958
84,cnn,nsson,jetson_emulator,300,offload,0.41778485887858596,69.909,50.6201,50.6201,54.2478,13.7832,167.274,167.274,197.4441,92.7946
85,cnn,nsson,jetson_emulator,300,offload,0.4143462493443812,69.8534,49.9335,49.9335,53.6004,13.8015,167.274,167.274,197.6093,92.7464
86,cnn,nsson,jetson_emulator,300,local,0.41584799010977325,69.6036,50.5509,69.6036,72.6791,12.9083,167.274,167.274,212.859,92.7811
87,cnn,nsson,jetson_emulator,300,offload,0.4124344654026926,70.0608,50.4054,50.4054,53.4256,13.7889,167.274,167.274,197.9397,92.7757
88,cnn,nsson,jetson_emulator,300,local,0.4001443521606357,70.5193,50.7312,70.5193,73.317,12.8863,167.274,167.274,213.2147,92.8171
89,cnn,nsson,jetson_emulator,300,offload,0.40793883511801976,69.7303,50.9654,50.9654,53.5244,13.774,167.274,167.274,198.2702,92.743
90,cnn,nsson,jetson_emulator,300,local,0.4124862777201487,70.0569,51.173,70.0569,73.0516,12.8974,167.274,167.274,213.5703,92.7718
91,cnn,nsson,jetson_emulator,300,offload,0.41212861220532065,69.8764,51.0856,51.0856,54.8211,13.7708,167.274,167.274,198.6006,92.7807
92,cnn,nsson,jetson_emulator,300,offload,0.41084241755338236,69.8677,49.8888,49.8888,53.3569,13.8027,167.274,167.274,198.7658,92.7551
93,cnn,nsson,jetson_emulator,300,offload,0.417170664694251,70.6143,50.0694,50.0694,52.7858,13.7979,167.274,167.274,198.931,92.7404
94,cnn,nsson,jetson_emulator,300,offload,0.41989558237238206,70.2888,49.9676,49.9676,52.8758,13.8006,167.274,167.274,199.0962,92.7611
95,cnn,nsson,jetson_emulator,300,local,0.4412407498487852,70.515,50.4351,70.515,73.9135,12.8864,167.274,167.274,214.4593,92.8087
96,cnn,nsson,jetson_emulator,300,offload,0.44262294647547173,69.74,49.9476,49.9476,53.4776,13.8012,167.274,167.274,199.4266,92.7907
97,cnn,nsson,jetson_emulator,300,offload,0.44634529083487073,69.9352,50.4933,50.4933,53.4921,13.7866,167.274,167.274,199.5918,92.8246
98,cnn,nsson,jetson_emulator,300,local,0.43786295614508225,70.1023,50.2517,70.1023,73.3478,12.8963,167.274,167.274,214.9928,92.7422
99,cnn,nsson,jetson_emulator,300,offload,0.43683044864252907,70.2587,50.5128,50.5128,53.7068,13.7861,167.274,167.274,199.9223,92.8286
100,cnn,nsson,jetson_emulator,300,local,0.4423327861123867,69.6189,50.8983,69.6189,72.548,12.9079,167.274,167.274,215.3484,92.7379
101,cnn,nsson,jetson_emulator,300,offload,0.4385247028901805,71.0913,50.3362,50.3362,53.4483,13.7908,167.274,167.274,200.2527,92.7743
102,cnn,nsson,jetson_emulator,300,offload,0.4387407897894824,70.7217,49.9425,49.9425,52.7479,13.8013,167.274,167.274,200.4179,92.7143
103,cnn,nsson,jetson_emulator,300,local,0.43222966689053866,69.8166,50.3332,69.8166,73.4408,12.9032,167.274,167.274,215.8818,92.7002
104,cnn,nsson,jetson_emulator,300,local,0.43814349171460226,70.4223,50.6751,70.4223,74.1584,12.8886,167.274,167.274,216.0596,92.7873
105,cnn,nsson,jetson_emulator,300,offload,0.4401269294636843,69.925,50.5313,50.5313,52.8613,13.7856,167.274,167.274,200.9135,92.782
106,cnn,nsson,jetson_emulator,300,offload,0.4369406513035068,69.9746,51.0905,51.0905,55.1896,13.7707,167.274,167.274,201.0787,92.7125
107,cnn,nsson,jetson_emulator,300,offload,0.4413491368076763,70.3336,51.0942,51.0942,54.441,13.7706,167.274,167.274,201.2439,92.7857
108,cnn,nsson,jetson_emulator,300,offload,0.443723267486729,70.5891,49.9903,49.9903,52.8532,13.8,167.274,167.274,201.4092,92.7489
109,cnn,nsson,jetson_emulator,300,offload,0.433996892137031,70.1402,50.9471,50.9471,53.6522,13.7745,167.274,167.274,201.5744,92.7524
110,cnn,nsson,jetson_emulator,300,local,0.4275407745840448,70.2968,51.2374,70.2968,73.8885,12.8916,167.274,167.274,217.1265,92.7145
111,cnn,nsson,jetson_emulator,300,offload,0.4281824780766107,69.4692,50.2177,50.2177,52.9839,13.7939,167.274,167.274,201.9048,92.7822
112,cnn,nsson,jetson_emulator,300,offload,0.4222439089202678,69.8107,49.7052,49.7052,53.5747,13.8076,167.274,167.274,202.07,92.8205
113,cnn,nsson,jetson_emulator,300,offload,0.4167674751344881,70.242,49.8645,49.8645,52.8802,13.8034,167.274,167.274,202.2352,92.7147
114,cnn,nsson,jetson_emulator,300,offload,0.4101688258818005,69.379,49.646,49.646,52.4413,13.8092,167.274,167.274,202.4004,92.7611
115,cnn,nsson,jetson_emulator,300,local,0.41557814192850956,69.2891,49.553,69.2891,71.9559,12.9159,167.274,167.274,218.0155,92.6889
116,cnn,nsson,jetson_emulator,300,offload,0.42935845186814764,69.4707,49.9507,49.9507,53.2606,13.8011,167.274,167.274,202.7308,92.8161
117,cnn,nsson,jetson_emulator,300,offload,0.43595246357421064,70.7291,50.3815,50.3815,53.5238,13.7896,167.274,167.274,202.896,92.7218
118,cnn,nsson,jetson_emulator,300,offload,0.44009985149714226,69.7779,49.961,49.961,53.7849,13.8008,167.274,167.274,203.0612,92.8184
119,cnn,nsson,jetson_emulator,300,offload,0.44107547182316037,69.1892,49.9611,49.9611,52.9254,13.8008,167.274,167.274,203.2265,92.8419
120,cnn,nsson,jetson_emulator,300,offload,0.42625504153732674,69.372,49.8814,49.8814,53.2783,13.8029,167.274,167.274,203.3917,92.7902
121,cnn,nsson,jetson_emulator,300,offload,0.4309172643982817,69.8518,49.8822,49.8822,53.0203,13.8029,167.274,167.274,203.5569,92.7778
122,cnn,nsson,jetson_emulator,300,offload,0.4306282824349702,70.1401,50.3018,50.3018,53.4192,13.7917,167.274,167.274,203.7221,92.7531
123,cnn,nsson,jetson_emulator,300,offload,0.4327588566188268,69.1153,50.0684,50.0684,54.008,13.7979,167.274,167.274,203.8873,92.7014
124,cnn,nsson,jetson_emulator,300,offload,0.431791397700354,69.3882,49.906,49.906,53.7985,13.8023,167.274,167.274,204.0525,92.8771
125,cnn,nsson,jetson_emulator,300,offload,0.4243551252747564,69.3404,49.8694,49.8694,52.742,13.8032,167.274,167.274,204.2177,92.7564
126,cnn,nsson,jetson_emulator,300,offload,0.41848822330556396,69.7438,49.391,49.391,52.4528,13.816,167.274,167.274,204.3829,92.8261
127,cnn,nsson,jetson_emulator,300,offload,0.42260891286626934,68.8931,49.7097,49.7097,52.4429,13.8075,167.274,167.274,204.5481,92.8864
128,cnn,nsson,jetson_emulator,300,offload,0.42019837350672795,69.2836,49.8854,49.8854,53.7952,13.8028,167.274,167.274,204.7133,92.7026
129,cnn,nsson,jetson_emulator,300,local,0.4024947432320983,68.7896,49.581,68.7896,72.2159,12.9279,167.274,167.274,220.5049,92.8158
130,cnn,nsson,jetson_emulator,300,local,0.39764859735063124,69.0196,49.3667,69.0196,72.4212,12.9224,167.274,167.274,220.6827,92.7573
131,cnn,nsson,jetson_emulator,300,local,0.4030370822489838,68.9529,50.1635,68.9529,71.9545,12.924,167.274,167.274,220.8605,92.7028
132,cnn,nsson,jetson_emulator,300,offload,0.39931474571345693,69.3492,49.7305,49.7305,52.7403,13.807,167.274,167.274,205.3742,92.8124
133,cnn,nsson,jetson_emulator,300,offload,0.3911981607438855,68.774,49.072,49.072,51.2183,13.8246,167.274,167.274,205.5394,92.7753
134,cnn,nsson,jetson_emulator,300,offload,0.39202074204577775,69.0954,49.4098,49.4098,53.1545,13.8155,167.274,167.274,205.7046,92.7904
135,cnn,nsson,jetson_emulator,300,offload,0.38906887403008306,68.9169,49.4666,49.4666,52.627,13.814,167.274,167.274,205.8698,92.7763
136,cnn,nsson,jetson_emulator,300,offload,0.3829574447351027,68.5585,49.2855,49.2855,52.2412,13.8189,167.274,167.274,206.035,92.7758
137,cnn,nsson,jetson_emulator,300,offload,0.38,69.1476,49.5528,49.5528,52.7645,13.8117,167.274,167.274,206.2002,92.6893
138,cnn,nsson,jetson_emulator,300,offload,0.380273853224166,68.7,50.234,50.234,53.8359,13.7935,167.274,167.274,206.3654,92.8363
139,cnn,nsson,jetson_emulator,300,offload,0.3876520070907047,68.4356,49.2479,49.2479,52.4172,13.8199,167.274,167.274,206.5307,92.7974
140,cnn,nsson,jetson_emulator,300,offload,0.3887414209272722,69.5617,49.6885,49.6885,53.0274,13.8081,167.274,167.274,206.6959,92.7138
141,cnn,nsson,jetson_emulator,300,offload,0.3969537615796604,68.8513,49.6236,49.6236,52.7025,13.8098,167.274,167.274,206.8611,92.8165
142,cnn,nsson,jetson_emulator,300,local,0.39718782029148914,68.5536,50.1945,68.5536,71.4699,12.9336,167.274,167.274,222.8164,92.7757
143,cnn,nsson,jetson_emulator,300,offload,0.397935626183169,68.6857,49.2624,49.2624,52.5993,13.8195,167.274,167.274,207.1915,92.863
144,cnn,nsson,jetson_emulator,300,local,0.39712522732935096,68.3086,48.707,68.3086,71.5376,12.9395,167.274,167.274,223.172,92.7147
145,cnn,nsson,jetson_emulator,300,local,0.4003896082467112,68.5442,50.047,68.5442,71.5619,12.9338,167.274,167.274,223.3499,92.7784
146,cnn,nsson,jetson_emulator,300,offload,0.4040908312658162,68.0869,49.1839,49.1839,51.8498,13.8216,167.274,167.274,207.6871,92.802
147,cnn,nsson,jetson_emulator,300,local,0.3990382529596181,68.5427,49.534,68.5427,72.1644,12.9339,167.274,167.274,223.7055,92.7991
148,cnn,nsson,jetson_emulator,300,offload,0.40311739385508727,68.3521,49.429,49.429,52.7856,13.815,167.274,167.274,208.0175,92.7928
149,cnn,nsson,jetson_emulator,300,offload,0.4057134558996303,67.9065,48.8673,48.8673,52.2023,13.8301,167.274,167.274,208.1828,92.846
150,cnn,nsson,jetson_emulator,300,local,0.41110959772865585,68.6028,48.7687,68.6028,72.1716,12.9324,167.274,167.274,224.2389,92.7967
151,cnn,nsson,jetson_emulator,300,local,0.4040389773495046,68.2584,49.2612,68.2584,71.8837,12.9407,167.274,167.274,224.4167,92.7422
152,cnn,nsson,jetson_emulator,300,offload,0.4022108782111576,67.9813,48.9443,48.9443,51.9374,13.828,167.274,167.274,208.6784,92.8452
153,cnn,nsson,jetson_emulator,300,offload,0.41419462623055525,68.2221,49.3609,49.3609,53.1589,13.8168,167.274,167.274,208.8436,92.8426
154,cnn,nsson,jetson_emulator,300,offload,0.41373491737251167,67.6499,48.7168,48.7168,51.3735,13.8341,167.274,167.274,209.0088,92.7444
155,cnn,nsson,jetson_emulator,300,offload,0.40538234693810865,68.6249,48.7706,48.7706,52.1491,13.8327,167.274,167.274,209.174,92.7441
156,cnn,nsson,jetson_emulator,300,offload,0.40423576608153927,68.0078,49.7898,49.7898,52.9682,13.8054,167.274,167.274,209.3392,92.8946
157,cnn,nsson,jetson_emulator,300,offload,0.40450959408909287,67.6973,48.7593,48.7593,51.8846,13.833,167.274,167.274,209.5044,92.6734
158,cnn,nsson,jetson_emulator,300,local,0.4061129568780478,67.7738,49.5491,67.7738,70.6247,12.9525,167.274,167.274,225.6614,92.7305
159,cnn,nsson,jetson_emulator,300,local,0.4122708323350521,68.5613,48.6356,68.5613,71.7963,12.9334,167.274,167.274,225.8392,92.7401
160,cnn,nsson,jetson_emulator,300,local,0.41226939111997396,67.4249,48.8013,67.4249,70.4865,12.9609,167.274,167.274,226.017,92.8124
161,cnn,nsson,jetson_emulator,300,offload,0.41614768000303276,68.4229,49.4278,49.4278,52.2999,13.815,167.274,167.274,210.1653,92.7605
162,cnn,nsson,jetson_emulator,300,offload,0.41004910037348197,67.7451,48.1829,48.1829,51.4187,13.8484,167.274,167.274,210.3305,92.8467
163,cnn,nsson,jetson_emulator,300,offload,0.41499524693283923,67.3052,48.5485,48.5485,51.2738,13.8386,167.274,167.274,210.4957,92.7493
164,cnn,nsson,jetson_emulator,300,offload,0.4141576460130662,67.5009,49.0178,49.0178,52.2311,13.826,167.274,167.274,210.6609,92.7835
165,cnn,nsson,jetson_emulator,300,offload,0.41455246168619575,67.5171,48.0909,48.0909,51.6372,13.8509,167.274,167.274,210.8261,92.821
166,cnn,nsson,jetson_emulator,300,offload,0.4240020319306317,67.5287,49.7578,49.7578,52.7452,13.8062,167.274,167.274,210.9913,92.8632
167,cnn,nsson,jetson_emulator,300,local,0.42230346767983556,67.2179,48.7201,67.2179,69.7575,12.966,167.274,167.274,227.2617,92.7389
168,cnn,nsson,jetson_emulator,300,local,0.4369037246317286,67.2711,50.1296,67.2711,70.9375,12.9647,167.274,167.274,227.4395,92.7787
169,cnn,nsson,jetson_emulator,300,offload,0.441906866446717,67.3365,49.2147,49.2147,52.5382,13.8208,167.274,167.274,211.487,92.712
170,cnn,nsson,jetson_emulator,300,offload,0.44081365392013927,67.4155,48.631,48.631,51.2902,13.8364,167.274,167.274,211.6522,92.8429
171,cnn,nsson,jetson_emulator,300,local,0.44326647917140005,67.6082,49.1967,67.6082,71.2079,12.9565,167.274,167.274,227.9729,92.8162
172,cnn,nsson,jetson_emulator,300,offload,0.44226934409490704,67.6133,48.6163,48.6163,52.0075,13.8368,167.274,167.274,211.9826,92.6713
173,cnn,nsson,jetson_emulator,300,offload,0.4498357535302609,67.149,49.3183,49.3183,52.9552,13.818,167.274,167.274,212.1478,92.7164
174,cnn,nsson,jetson_emulator,300,offload,0.442637919188159,67.3473,48.8905,48.8905,52.1369,13.8294,167.274,167.274,212.313,92.7877
175,cnn,nsson,jetson_emulator,300,local,0.44958128983933543,67.2253,48.2223,67.2253,70.8176,12.9658,167.274,167.274,228.6842,92.8288
176,cnn,nsson,jetson_emulator,300,offload,0.4495730822994384,67.53,48.5636,48.5636,52.1836,13.8382,167.274,167.274,212.6434,92.6997
177,cnn,nsson,jetson_emulator,300,local,0.4482157676514707,66.8522,48.9,66.8522,70.1686,12.9748,167.274,167.274,229.0398,92.7301
178,cnn,nsson,jetson_emulator,300,offload,0.4503460946736463,67.3464,48.3836,48.3836,51.784,13.843,167.274,167.274,212.9738,92.7724
179,cnn,nsson,jetson_emulator,300,offload,0.4588591539496601,67.3118,47.9504,47.9504,50.4912,13.8547,167.274,167.274,213.139,92.7506
180,cnn,nsson,jetson_emulator,300,offload,0.46306566212038197,67.7541,48.1888,48.1888,51.6036,13.8483,167.274,167.274,213.3043,92.6283
181,cnn,nsson,jetson_emulator,300,local,0.45882056471913063,67.3934,48.1721,67.3934,70.9005,12.9617,167.274,167.274,229.751,92.7302
182,cnn,nsson,jetson_emulator,300,local,0.4647153925159678,66.766,47.872,66.766,71.2729,12.9769,167.274,167.274,229.9288,92.7683
183,cnn,nsson,jetson_emulator,300,offload,0.4821487940112654,67.3173,48.8731,48.8731,52.4374,13.8299,167.274,167.274,213.7999,92.8386
184,cnn,nsson,jetson_emulator,300,local,0.4747450467828974,66.8217,47.8827,66.8217,69.4163,12.9756,167.274,167.274,230.2845,92.7993
185,cnn,nsson,jetson_emulator,300,offload,0.4647740594197568,66.7136,47.7298,47.7298,50.8837,13.8606,167.274,167.274,214.1303,92.741
186,cnn,nsson,jetson_emulator,300,local,0.4643997970467852,66.9007,48.7569,66.9007,69.6414,12.9737,167.274,167.274,230.6401,92.7482
187,cnn,nsson,jetson_emulator,300,local,0.4709758410864228,66.8174,48.3519,66.8174,69.3997,12.9757,167.274,167.274,230.8179,92.8064
188,cnn,nsson,jetson_emulator,300,offload,0.4578770028913561,66.7735,48.6966,48.6966,51.7844,13.8346,167.274,167.274,214.6259,92.785
189,cnn,nsson,jetson_emulator,300,offload,0.46478078298254644,67.5192,48.1817,48.1817,51.6436,13.8485,167.274,167.274,214.7911,92.7418
190,cnn,nsson,jetson_emulator,300,local,0.4665606324252196,66.8563,47.7067,66.8563,70.148,12.9747,167.274,167.274,231.3513,92.7921
191,cnn,nsson,jetson_emulator,300,offload,0.4693561059841764,66.9154,48.2344,48.2344,51.1004,13.847,167.274,167.274,215.1216,92.7147
192,cnn,nsson,jetson_emulator,300,offload,0.466995349338576,66.7541,47.6313,47.6313,50.8945,13.8633,167.274,167.274,215.2868,92.7597
193,cnn,nsson,jetson_emulator,300,offload,0.46054193740842664,67.2496,48.3134,48.3134,51.682,13.8449,167.274,167.274,215.452,92.7417
194,cnn,nsson,jetson_emulator,300,local,0.45970764719610685,67.7205,47.9618,67.7205,71.3903,12.9538,167.274,167.274,232.0626,92.8077
195,cnn,nsson,jetson_emulator,300,offload,0.46790936722304205,66.7027,47.6819,47.6819,51.2866,13.8619,167.274,167.274,215.7824,92.7063
196,cnn,nsson,jetson_emulator,300,offload,0.4675623911901899,67.6747,47.78,47.78,50.8447,13.8593,167.274,167.274,215.9476,92.6956
197,cnn,nsson,jetson_emulator,300,offload,0.4740925208717392,67.6846,49.037,49.037,52.1705,13.8255,167.274,167.274,216.1128,92.7377
198,cnn,nsson,jetson_emulator,300,offload,0.4772645021380961,67.5307,47.7111,47.7111,51.0786,13.8611,167.274,167.274,216.278,92.8401
199,cnn,nsson,jetson_emulator,300,offload,0.4885307182234164,67.307,47.8981,47.8981,50.6074,13.8561,167.274,167.274,216.4432,92.7475
200,cnn,nsson,jetson_emulator,300,local,0.4810871964972437,67.6291,48.8,67.6291,70.3597,12.956,167.274,167.274,233.1294,92.7776
201,cnn,nsson,jetson_emulator,300,offload,0.48212811128001853,66.6596,47.971,47.971,51.1549,13.8541,167.274,167.274,216.7737,92.9077
202,cnn,nsson,jetson_emulator,300,local,0.4900264736694146,67.4751,48.225,67.4751,69.9355,12.9597,167.274,167.274,233.4851,92.6496
203,cnn,nsson,jetson_emulator,300,offload,0.5029901871550752,67.1349,48.1262,48.1262,51.6927,13.85,167.274,167.274,217.1041,92.7487
204,cnn,nsson,jetson_emulator,300,offload,0.5019262632945675,67.3224,47.9227,47.9227,51.3554,13.8554,167.274,167.274,217.2693,92.6951
205,cnn,nsson,jetson_emulator,300,offload,0.5034655759372184,68.3323,47.7918,47.7918,51.0179,13.859,167.274,167.274,217.4345,92.8805
206,cnn,nsson,jetson_emulator,300,local,0.4921246569584939,66.8356,47.9173,66.8356,69.6962,12.9752,167.274,167.274,234.1963,92.8205
207,cnn,nsson,jetson_emulator,300,local,0.4876228332302983,67.1319,48.9824,67.1319,70.3095,12.968,167.274,167.274,234.3741,92.7215
208,cnn,nsson,jetson_emulator,300,offload,0.4894612614602452,67.8157,48.0794,48.0794,51.6185,13.8512,167.274,167.274,217.9301,92.7786
209,cnn,nsson,jetson_emulator,300,local,0.48643637119559,68.053,48.246,68.053,71.1802,12.9457,167.274,167.274,234.7297,92.8436
210,cnn,nsson,jetson_emulator,300,offload,0.49428659316835766,67.1948,47.909,47.909,51.0081,13.8558,167.274,167.274,218.2606,92.7253
211,cnn,nsson,jetson_emulator,300,local,0.490636521488853,67.018,48.1176,67.018,69.7793,12.9708,167.274,167.274,235.0854,92.7422
212,cnn,nsson,jetson_emulator,300,offload,0.48901402173090863,67.2343,47.9842,47.9842,50.8172,13.8538,167.274,167.274,218.591,92.7724
213,cnn,nsson,jetson_emulator,300,offload,0.47733263190994785,67.1977,49.1217,49.1217,52.5878,13.8232,167.274,167.274,218.7562,92.7133
214,cnn,nsson,jetson_emulator,300,offload,0.47473799563191726,67.3179,47.908,47.908,51.3613,13.8558,167.274,167.274,218.9214,92.8655
215,cnn,nsson,jetson_emulator,300,offload,0.47943930597945306,67.492,48.0096,48.0096,50.7169,13.8531,167.274,167.274,219.0866,92.7917
216,cnn,nsson,jetson_emulator,300,local,0.4772790562206316,67.1111,48.6165,67.1111,70.2929,12.9685,167.274,167.274,235.9744,92.6187
217,cnn,nsson,jetson_emulator,300,offload,0.4781409845897417,67.6569,48.8903,48.8903,52.2102,13.8294,167.274,167.274,219.417,92.8558
218,cnn,nsson,jetson_emulator,300,offload,0.47748407775467583,67.9471,48.0598,48.0598,51.7512,13.8517,167.274,167.274,219.5822,92.734
219,cnn,nsson,jetson_emulator,300,offload,0.48220131864025606,68.0775,48.4532,48.4532,51.7419,13.8412,167.274,167.274,219.7474,92.6889
220,cnn,nsson,jetson_emulator,300,offload,0.47949327741142245,68.0397,49.6863,49.6863,53.0814,13.8081,167.274,167.274,219.9127,92.7251
221,cnn,nsson,jetson_emulator,300,offload,0.47460877328776724,67.8155,48.3895,48.3895,52.3433,13.8429,167.274,167.274,220.0779,92.8153
222,cnn,nsson,jetson_emulator,300,local,0.48411198941200695,67.4432,49.1023,67.4432,70.3195,12.9605,167.274,167.274,237.0413,92.7696
223,cnn,nsson,jetson_emulator,300,offload,0.48112015035643685,68.83,48.3059,48.3059,51.667,13.8451,167.274,167.274,220.4083,92.785
224,cnn,nsson,jetson_emulator,300,offload,0.4762671609068429,67.6616,48.4804,48.4804,51.281,13.8404,167.274,167.274,220.5735,92.8293
225,cnn,nsson,jetson_emulator,300,offload,0.4688028565509669,68.1823,48.77,48.77,51.692,13.8327,167.274,167.274,220.7387,92.7726
226,cnn,nsson,jetson_emulator,300,offload,0.4713354520138233,68.0282,49.1091,49.1091,52.0787,13.8236,167.274,167.274,220.9039,92.7249
227,cnn,nsson,jetson_emulator,300,local,0.46660242377846045,68.6165,48.7761,68.6165,72.8136,12.9321,167.274,167.274,237.9303,92.836
228,cnn,nsson,jetson_emulator,300,offload,0.4727906051987368,68.8752,48.7626,48.7626,51.7476,13.8329,167.274,167.274,221.2343,92.7623
229,cnn,nsson,jetson_emulator,300,offload,0.47616161386974587,68.8753,48.9205,48.9205,52.3939,13.8286,167.274,167.274,221.3995,92.8141
230,cnn,nsson,jetson_emulator,300,offload,0.48047570857348115,68.225,49.2219,49.2219,52.3774,13.8206,167.274,167.274,221.5648,92.8207
231,cnn,nsson,jetson_emulator,300,offload,0.48680530929472704,68.4409,49.4498,49.4498,53.0978,13.8145,167.274,167.274,221.73,92.8249
232,cnn,nsson,jetson_emulator,300,local,0.48991040684436876,68.5219,49.3581,68.5219,71.9763,12.9344,167.274,167.274,238.8194,92.7399
233,cnn,nsson,jetson_emulator,300,offload,0.49365619808557254,68.2388,48.7332,48.7332,51.7777,13.8337,167.274,167.274,222.0604,92.8344
234,cnn,nsson,jetson_emulator,300,offload,0.4832914405727471,68.415,50.5877,50.5877,53.9389,13.7841,167.274,167.274,222.2256,92.8099
235,cnn,nsson,jetson_emulator,300,offload,0.4847651243560184,68.9438,49.2593,49.2593,51.8929,13.8196,167.274,167.274,222.3908,92.7232
236,cnn,nsson,jetson_emulator,300,offload,0.4921044119871256,70.2437,49.7636,49.7636,52.4229,13.8061,167.274,167.274,222.556,92.7143
237,cnn,nsson,jetson_emulator,300,offload,0.4976009011040565,69.459,49.5135,49.5135,52.1557,13.8128,167.274,167.274,222.7212,92.7024
238,cnn,nsson,jetson_emulator,300,offload,0.4961862373082056,68.9281,49.7218,49.7218,53.1423,13.8072,167.274,167.274,222.8864,92.838
239,cnn,nsson,jetson_emulator,300,offload,0.49746838425415224,68.9534,50.4159,50.4159,53.8198,13.7887,167.274,167.274,223.0516,92.6927
240,cnn,nsson,jetson_emulator,300,offload,0.4986298501334996,69.4029,49.8556,49.8556,53.1539,13.8036,167.274,167.274,223.2168,92.7645
241,cnn,nsson,jetson_emulator,300,local,0.49754932749532793,69.4179,49.7807,69.4179,71.7304,12.9128,167.274,167.274,240.4197,92.7446
242,cnn,nsson,jetson_emulator,300,offload,0.4998233484141878,68.9773,49.6276,49.6276,53.1629,13.8097,167.274,167.274,223.5473,92.8686
243,cnn,nsson,jetson_emulator,300,offload,0.4879698896208193,69.3332,49.6906,49.6906,53.0482,13.808,167.274,167.274,223.7125,92.7736
244,cnn,nsson,jetson_emulator,300,offload,0.4899554967824801,69.5314,49.5922,49.5922,53.0814,13.8107,167.274,167.274,223.8777,92.7797
245,cnn,nsson,jetson_emulator,300,offload,0.4814867527172058,70.0054,50.0566,50.0566,53.3841,13.7982,167.274,167.274,224.0429,92.7771
246,cnn,nsson,jetson_emulator,300,offload,0.4770540571611596,71.0636,51.0411,51.0411,54.4705,13.772,167.274,167.274,224.2081,92.8252
247,cnn,nsson,jetson_emulator,300,offload,0.4737360373639802,70.324,50.1797,50.1797,52.8513,13.795,167.274,167.274,224.3733,92.7139
248,cnn,nsson,jetson_emulator,300,offload,0.47663417624839105,70.1167,51.1061,51.1061,55.2745,13.7703,167.274,167.274,224.5385,92.733
249,cnn,nsson,jetson_emulator,300,offload,0.4757948823589082,70.0513,50.2023,50.2023,53.7054,13.7944,167.274,167.274,224.7037,92.831
250,cnn,nsson,jetson_emulator,300,offload,0.47702317299336544,69.9799,49.9846,49.9846,53.0165,13.8002,167.274,167.274,224.8689,92.7238
251,cnn,nsson,jetson_emulator,300,offload,0.48684050554497643,71.301,50.9837,50.9837,54.2914,13.7735,167.274,167.274,225.0342,92.7502
252,cnn,nsson,jetson_emulator,300,offload,0.48413800623947423,71.3746,50.7119,50.7119,53.8789,13.7808,167.274,167.274,225.1994,92.8478
253,cnn,nsson,jetson_emulator,300,offload,0.47437575691807915,70.6528,51.2548,51.2548,53.946,13.7663,167.274,167.274,225.3646,92.8509
254,cnn,nsson,jetson_emulator,300,offload,0.4798325885209344,70.8604,50.986,50.986,54.4351,13.7735,167.274,167.274,225.5298,92.7313
255,cnn,nsson,jetson_emulator,300,offload,0.48413812616592095,70.4186,50.8782,50.8782,54.3386,13.7764,167.274,167.274,225.695,92.7857
256,cnn,nsson,jetson_emulator,300,offload,0.478140957292235,70.7302,52.0217,52.0217,55.1781,13.746,167.274,167.274,225.8602,92.8248
257,cnn,nsson,jetson_emulator,300,offload,0.48777938217140265,71.5226,50.7414,50.7414,53.7866,13.78,167.274,167.274,226.0254,92.7167
258,cnn,nsson,jetson_emulator,300,offload,0.4945511733226818,70.8681,50.699,50.699,53.683,13.7811,167.274,167.274,226.1906,92.7207
259,cnn,nsson,jetson_emulator,300,offload,0.49041660259601483,71.8859,51.5419,51.5419,54.839,13.7587,167.274,167.274,226.3558,92.7556
260,cnn,nsson,jetson_emulator,300,offload,0.4936990409586253,71.7795,52.1689,52.1689,55.7103,13.7421,167.274,167.274,226.521,92.7825
261,cnn,nsson,jetson_emulator,300,local,0.48945810276783686,71.4843,51.5107,71.4843,74.4711,12.8632,167.274,167.274,243.9759,92.7822
262,cnn,nsson,jetson_emulator,300,offload,0.4934441555952189,71.6151,52.3013,52.3013,55.6039,13.7386,167.274,167.274,226.8515,92.7809
263,cnn,nsson,jetson_emulator,300,offload,0.491470083806734,71.3792,52.846,52.846,55.9497,13.7242,167.274,167.274,227.0167,92.8112
264,cnn,nsson,jetson_emulator,300,offload,0.49700220023665825,71.6695,51.3442,51.3442,54.0768,13.764,167.274,167.274,227.1819,92.744
265,cnn,nsson,jetson_emulator,300,offload,0.5065347582523856,72.0074,51.226,51.226,53.9272,13.7671,167.274,167.274,227.3471,92.7467
266,cnn,nsson,jetson_emulator,300,offload,0.504406924337116,72.3458,52.6574,52.6574,56.3664,13.7292,167.274,167.274,227.5123,92.7345
267,cnn,nsson,jetson_emulator,300,local,0.5149605996225616,72.2369,51.867,72.2369,76.2536,12.8453,167.274,167.274,245.0427,92.731
268,cnn,nsson,jetson_emulator,300,local,0.5110562242012894,72.1843,52.6129,72.1843,75.8258,12.8465,167.274,167.274,245.2206,92.7871
269,cnn,nsson,jetson_emulator,300,offload,0.512154128068663,72.4932,53.384,53.384,56.367,13.71,167.274,167.274,228.0079,92.8319
270,cnn,nsson,jetson_emulator,300,local,0.5054378463483137,72.7536,52.0452,72.7536,75.6021,12.833,167.274,167.274,245.5762,92.8605
271,cnn,nsson,jetson_emulator,300,offload,0.5054966299936974,73.2918,52.6954,52.6954,55.1317,13.7282,167.274,167.274,228.3384,92.7563
272,cnn,nsson,jetson_emulator,300,offload,0.5125943809180468,73.3929,52.9002,52.9002,56.0883,13.7228,167.274,167.274,228.5036,92.8121
273,cnn,nsson,jetson_emulator,300,offload,0.5100315580400409,73.0516,53.518,53.518,56.8052,13.7065,167.274,167.274,228.6688,92.7869
274,cnn,nsson,jetson_emulator,300,offload,0.5182066039383351,73.7328,53.1159,53.1159,57.2537,13.7171,167.274,167.274,228.834,92.7806
275,cnn,nsson,jetson_emulator,300,local,0.5179587282090805,73.2602,53.3881,73.2602,76.9408,12.8209,167.274,167.274,246.4652,92.7782
276,cnn,nsson,jetson_emulator,300,offload,0.5142290688571202,73.64,52.4942,52.4942,54.7116,13.7335,167.274,167.274,229.1644,92.7423
277,cnn,nsson,jetson_emulator,300,offload,0.5187268298108108,73.7471,52.8986,52.8986,56.214,13.7228,167.274,167.274,229.3296,92.7688
278,cnn,nsson,jetson_emulator,300,offload,0.5225379603602599,74.344,52.6754,52.6754,56.4638,13.7287,167.274,167.274,229.4948,92.7967
279,cnn,nsson,jetson_emulator,300,offload,0.5268806953417365,74.0449,52.7282,52.7282,55.408,13.7273,167.274,167.274,229.66,92.8191
280,cnn,nsson,jetson_emulator,300,offload,0.5320954030137729,74.0186,53.1423,53.1423,56.7408,13.7164,167.274,167.274,229.8252,92.764
281,cnn,nsson,jetson_emulator,300,offload,0.5435409936015245,74.3914,53.3988,53.3988,56.6501,13.7096,167.274,167.274,229.9905,92.7561
282,cnn,nsson,jetson_emulator,300,offload,0.5434669244815028,74.2306,53.3942,53.3942,56.7666,13.7097,167.274,167.274,230.1557,92.7622
283,cnn,nsson,jetson_emulator,300,offload,0.5346124895761928,74.5325,53.0798,53.0798,56.6975,13.718,167.274,167.274,230.3209,92.7148
284,cnn,nsson,jetson_emulator,300,offload,0.5417364814723317,74.5437,53.649,53.649,56.284,13.703,167.274,167.274,230.4861,92.6633
285,cnn,nsson,jetson_emulator,300,offload,0.5351400806352735,74.8541,55.2638,55.2638,58.4555,13.6607,167.274,167.274,230.6513,92.706
286,cnn,nsson,jetson_emulator,300,local,0.5393828913114087,75.1709,53.9815,75.1709,78.1715,12.7757,167.274,167.274,248.4211,92.7046
287,cnn,nsson,jetson_emulator,300,offload,0.5445192921789542,75.5678,54.3737,54.3737,57.9853,13.684,167.274,167.274,230.9817,92.7542
288,cnn,nsson,jetson_emulator,300,offload,0.5514267020271091,75.578,54.3507,54.3507,57.6303,13.6846,167.274,167.274,231.1469,92.7268
289,cnn,nsson,jetson_emulator,300,offload,0.5377731802222199,75.7801,54.021,54.021,57.2273,13.6932,167.274,167.274,231.3121,92.7634
290,cnn,nsson,jetson_emulator,300,offload,0.5384373168151139,75.8637,54.1058,54.1058,57.3572,13.691,167.274,167.274,231.4773,92.7642
291,cnn,nsson,jetson_emulator,300,offload,0.533930541581788,76.3633,54.2162,54.2162,56.7157,13.6881,167.274,167.274,231.6426,92.7725
292,cnn,nsson,jetson_emulator,300,offload,0.5367486707289167,75.9317,55.8564,55.8564,59.2937,13.6452,167.274,167.274,231.8078,92.7576
293,cnn,nsson,jetson_emulator,300,offload,0.5409425656084468,76.4428,54.9271,54.9271,58.5462,13.6695,167.274,167.274,231.973,92.8025
294,cnn,nsson,jetson_emulator,300,offload,0.5353725514001765,76.2457,54.2545,54.2545,57.4165,13.6871,167.274,167.274,232.1382,92.8007
295,cnn,nsson,jetson_emulator,300,offload,0.536378479617498,76.4118,54.8077,54.8077,58.316,13.6726,167.274,167.274,232.3034,92.7702
296,cnn,nsson,jetson_emulator,300,offload,0.5307539024054955,77.2084,54.9095,54.9095,57.6725,13.6699,167.274,167.274,232.4686,92.8415
297,cnn,nsson,jetson_emulator,300,offload,0.5317432140451337,76.4306,56.0842,56.0842,59.0584,13.6392,167.274,167.274,232.6338,92.7646
298,cnn,nsson,jetson_emulator,300,offload,0.5313125668771276,77.0117,55.0025,55.0025,58.0091,13.6675,167.274,167.274,232.799,92.719
299,cnn,nsson,jetson_emulator,300,offload,0.5303566955800575,77.1844,55.7567,55.7567,59.3086,13.6478,167.274,167.274,232.9642,92.8073
300,cnn,nsson,jetson_emulator,300,offload,0.5311256641476139,77.2293,56.619,56.619,59.3547,13.6253,167.274,167.274,233.1294,92.8603
301,cnn,nsson,jetson_emulator,300,offload,0.5272511352170269,77.1977,55.3813,55.3813,58.7426,13.6576,167.274,167.274,233.2946,92.7898
302,cnn,nsson,jetson_emulator,300,offload,0.5281793587938274,78.2373,55.1695,55.1695,57.6805,13.6631,167.274,167.274,233.4599,92.817
303,cnn,nsson,jetson_emulator,300,offload,0.5322968594978448,78.1048,55.5788,55.5788,58.5159,13.6524,167.274,167.274,233.6251,92.833
304,cnn,nsson,jetson_emulator,300,offload,0.5302366532891353,77.6512,56.8958,56.8958,60.2654,13.6181,167.274,167.274,233.7903,92.7878
305,cnn,nsson,jetson_emulator,300,offload,0.5385064330246931,78.2881,56.2032,56.2032,59.7658,13.6361,167.274,167.274,233.9555,92.6496
306,cnn,nsson,jetson_emulator,300,offload,0.5409532318105086,78.4688,55.7685,55.7685,59.092,13.6475,167.274,167.274,234.1207,92.8094
307,cnn,nsson,jetson_emulator,300,offload,0.5337767967939848,77.9511,57.4555,57.4555,60.751,13.6036,167.274,167.274,234.2859,92.7754
308,cnn,nsson,jetson_emulator,300,offload,0.5330875166196591,79.0675,57.0151,57.0151,59.4965,13.615,167.274,167.274,234.4511,92.8152
309,cnn,nsson,jetson_emulator,300,offload,0.5345797070805248,79.1833,56.0316,56.0316,59.7125,13.6406,167.274,167.274,234.6163,92.7387
310,cnn,nsson,jetson_emulator,300,offload,0.5536372214023794,78.8672,56.1049,56.1049,59.6913,13.6387,167.274,167.274,234.7815,92.7733
311,cnn,nsson,jetson_emulator,300,offload,0.5468248232409958,79.0382,56.5741,56.5741,60.0078,13.6265,167.274,167.274,234.9467,92.7559
312,cnn,nsson,jetson_emulator,300,local,0.5338153824206976,78.9323,56.4568,78.9323,82.2757,12.6877,167.274,167.274,253.0442,92.6692
313,cnn,nsson,jetson_emulator,300,offload,0.5262678464982493,79.013,56.693,56.693,59.8881,13.6234,167.274,167.274,235.2772,92.7938
314,cnn,nsson,jetson_emulator,300,offload,0.5238912847521132,79.2508,56.4948,56.4948,59.352,13.6285,167.274,167.274,235.4424,92.7013
315,cnn,nsson,jetson_emulator,300,local,0.5241395173368327,79.087,56.5991,79.087,81.8883,12.6841,167.274,167.274,253.5777,92.7588
316,cnn,nsson,jetson_emulator,300,offload,0.5279691174499578,79.3947,56.9099,56.9099,59.0413,13.6177,167.274,167.274,235.7728,92.7171
317,cnn,nsson,jetson_emulator,300,offload,0.5239053457959443,80.3766,57.4281,57.4281,60.6358,13.6043,167.274,167.274,235.938,92.6492
318,cnn,nsson,jetson_emulator,300,offload,0.528812347043132,79.6988,58.3002,58.3002,60.7749,13.5817,167.274,167.274,236.1032,92.8145
319,cnn,nsson,jetson_emulator,300,offload,0.5345378603170974,79.9259,57.5564,57.5564,60.6991,13.6009,167.274,167.274,236.2684,92.763
320,cnn,nsson,jetson_emulator,300,offload,0.5318925368515123,80.1356,57.127,57.127,61.0402,13.6121,167.274,167.274,236.4336,92.7436
321,cnn,nsson,jetson_emulator,300,offload,0.5384771462483212,79.8117,57.3246,57.3246,60.3523,13.607,167.274,167.274,236.5988,92.8007
322,cnn,nsson,jetson_emulator,300,local,0.5367041296296555,80.1743,58.1099,80.1743,83.5728,12.6589,167.274,167.274,254.8223,92.8351
323,cnn,nsson,jetson_emulator,300,offload,0.5369561057718979,80.215,57.656,57.656,61.5747,13.5984,167.274,167.274,236.9293,92.7778
324,cnn,nsson,jetson_emulator,300,local,0.5336232514450356,81.6446,57.7995,81.6446,84.5225,12.625,167.274,167.274,255.178,92.6764
325,cnn,nsson,jetson_emulator,300,offload,0.5360081150488409,80.4193,57.601,57.601,60.7464,13.5998,167.274,167.274,237.2597,92.768
326,cnn,nsson,jetson_emulator,300,offload,0.5373041796090076,80.518,59.1263,59.1263,62.4459,13.5604,167.274,167.274,237.4249,92.8448
327,cnn,nsson,jetson_emulator,300,offload,0.5446771123667473,81.806,58.3219,58.3219,60.6123,13.5811,167.274,167.274,237.5901,92.821
328,cnn,nsson,jetson_emulator,300,offload,0.5426529165802155,81.724,57.9149,57.9149,61.9656,13.5917,167.274,167.274,237.7553,92.7249
329,cnn,nsson,jetson_emulator,300,offload,0.5532729476056532,80.8242,58.3602,58.3602,61.6939,13.5801,167.274,167.274,237.9205,92.697
330,cnn,nsson,jetson_emulator,300,offload,0.5625324249911221,81.9388,57.9695,57.9695,60.1543,13.5902,167.274,167.274,238.0857,92.7418
331,cnn,nsson,jetson_emulator,300,local,0.5673360318079156,81.7299,58.8034,81.7299,85.341,12.623,167.274,167.274,256.4226,92.7606
332,cnn,nsson,jetson_emulator,300,offload,0.5808614399516219,81.2766,59.2933,59.2933,61.7054,13.5561,167.274,167.274,238.4162,92.7029
333,cnn,nsson,jetson_emulator,300,local,0.5777195477318835,81.4373,59.291,81.4373,84.0506,12.6297,167.274,167.274,256.7782,92.6909
334,cnn,nsson,jetson_emulator,300,local,0.5730269287520373,81.5595,58.5175,81.5595,85.3774,12.6269,167.274,167.274,256.9561,92.6818
335,cnn,nsson,jetson_emulator,300,local,0.5618505682210171,81.7116,58.8854,81.7116,84.4351,12.6234,167.274,167.274,257.1339,92.7951
336,cnn,nsson,jetson_emulator,300,local,0.5553855405308088,81.6828,59.2511,81.6828,84.5516,12.6241,167.274,167.274,257.3117,92.7924
337,cnn,nsson,jetson_emulator,300,offload,0.5504141705645154,81.9177,58.5366,58.5366,61.6279,13.5756,167.274,167.274,239.2422,92.7682
338,cnn,nsson,jetson_emulator,300,local,0.5434484353900094,83.5311,59.0163,83.5311,86.8623,12.5817,167.274,167.274,257.6673,92.7493
339,cnn,nsson,jetson_emulator,300,offload,0.5477122463711764,82.5146,59.6754,59.6754,62.8271,13.5462,167.274,167.274,239.5726,92.7835
340,cnn,nsson,jetson_emulator,300,offload,0.549368235554494,82.7845,59.6188,59.6188,62.2278,13.5477,167.274,167.274,239.7378,92.7377
341,cnn,nsson,jetson_emulator,300,offload,0.5577034988853611,83.4798,59.6054,59.6054,62.9322,13.548,167.274,167.274,239.903,92.7109
342,cnn,nsson,jetson_emulator,300,offload,0.5644545527576267,82.9925,60.2988,60.2988,63.9571,13.5302,167.274,167.274,240.0683,92.8533
343,cnn,nsson,jetson_emulator,300,offload,0.5712647265619625,82.6664,58.9355,58.9355,61.8401,13.5653,167.274,167.274,240.2335,92.8044
344,cnn,nsson,jetson_emulator,300,offload,0.581179687444002,82.9202,59.6432,59.6432,62.875,13.547,167.274,167.274,240.3987,92.7313
345,cnn,nsson,jetson_emulator,300,offload,0.5804880647207515,82.8929,59.25,59.25,63.0465,13.5572,167.274,167.274,240.5639,92.8001
346,cnn,nsson,jetson_emulator,300,offload,0.5771998106565992,83.0595,59.4175,59.4175,62.4297,13.5528,167.274,167.274,240.7291,92.8383
347,cnn,nsson,jetson_emulator,300,offload,0.5713129903912387,82.9948,60.235,60.235,63.8098,13.5318,167.274,167.274,240.8943,92.7594
348,cnn,nsson,jetson_emulator,300,local,0.5697332509045527,83.0386,60.5495,83.0386,85.6597,12.593,167.274,167.274,259.4454,92.7364
349,cnn,nsson,jetson_emulator,300,offload,0.5706569831544188,83.1475,59.5466,59.5466,61.9955,13.5495,167.274,167.274,241.2247,92.8495
350,cnn,nsson,jetson_emulator,300,local,0.5621845279507299,83.0779,59.7857,83.0779,86.4868,12.5921,167.274,167.274,259.801,92.7302
351,cnn,nsson,jetson_emulator,300,offload,0.5575720779487248,83.2052,59.4984,59.4984,62.9019,13.5508,167.274,167.274,241.5551,92.738
352,cnn,nsson,jetson_emulator,300,offload,0.5570284530971213,84.5687,60.114,60.114,64.4566,13.5349,167.274,167.274,241.7204,92.8024
353,cnn,nsson,jetson_emulator,300,local,0.5568652461141617,83.4558,59.767,83.4558,85.9605,12.5834,167.274,167.274,260.3345,92.7551
354,cnn,nsson,jetson_emulator,300,offload,0.5556865347378885,83.6487,60.2534,60.2534,62.2997,13.5314,167.274,167.274,242.0508,92.7907
355,cnn,nsson,jetson_emulator,300,offload,0.5592317558036763,83.9855,60.9419,60.9419,63.6451,13.5137,167.274,167.274,242.216,92.7074
356,cnn,nsson,jetson_emulator,300,offload,0.553963730095545,83.7906,60.859,60.859,64.192,13.5158,167.274,167.274,242.3812,92.6693
357,cnn,nsson,jetson_emulator,300,offload,0.5540526505995964,83.9681,60.0776,60.0776,63.6246,13.5359,167.274,167.274,242.5464,92.7603
358,cnn,nsson,jetson_emulator,300,offload,0.546580181301046,84.5849,60.1034,60.1034,62.9395,13.5352,167.274,167.274,242.7116,92.7826
359,cnn,nsson,jetson_emulator,300,offload,0.5478714019179314,84.7515,61.1605,61.1605,64.6681,13.5081,167.274,167.274,242.8768,92.8077
360,cnn,nsson,jetson_emulator,300,local,0.5494806540634032,84.2717,60.0866,84.2717,87.7686,12.5648,167.274,167.274,261.5791,92.7602
361,cnn,nsson,jetson_emulator,300,offload,0.5551628433578303,84.045,60.4931,60.4931,62.8712,13.5252,167.274,167.274,243.2072,92.623
362,cnn,nsson,jetson_emulator,300,offload,0.5526342802989656,84.4318,60.698,60.698,63.9007,13.52,167.274,167.274,243.3724,92.7859
363,cnn,nsson,jetson_emulator,300,offload,0.5407348940735144,84.1814,61.8492,61.8492,64.4473,13.4905,167.274,167.274,243.5377,92.7691
364,cnn,nsson,jetson_emulator,300,offload,0.5389093434454594,84.7022,60.6102,60.6102,64.0316,13.5222,167.274,167.274,243.7029,92.7655
365,cnn,nsson,jetson_emulator,300,local,0.5426754380339738,84.9312,61.2338,84.9312,88.7268,12.5498,167.274,167.274,262.4682,92.7118
366,cnn,nsson,jetson_emulator,300,offload,0.5305176489922256,85.0796,62.2897,62.2897,65.1444,13.4793,167.274,167.274,244.0333,92.7898
367,cnn,nsson,jetson_emulator,300,offload,0.5230105090827295,84.4686,61.9617,61.9617,64.4839,13.4877,167.274,167.274,244.1985,92.7063
368,cnn,nsson,jetson_emulator,300,local,0.5212448711140554,85.1316,60.4728,85.1316,88.5371,12.5452,167.274,167.274,263.0016,92.7292
369,cnn,nsson,jetson_emulator,300,offload,0.5218012726209394,84.655,61.4142,61.4142,64.5521,13.5016,167.274,167.274,244.5289,92.7116
370,cnn,nsson,jetson_emulator,300,offload,0.5290523567397524,85.0141,61.2451,61.2451,64.719,13.506,167.274,167.274,244.6941,92.7677
371,cnn,nsson,jetson_emulator,300,offload,0.5256656382352172,84.7831,61.1954,61.1954,64.9544,13.5072,167.274,167.274,244.8593,92.779
372,cnn,nsson,jetson_emulator,300,offload,0.5314171263210756,84.7431,60.8119,60.8119,64.2923,13.517,167.274,167.274,245.0245,92.7253
373,cnn,nsson,jetson_emulator,300,offload,0.5319156599591577,85.3965,60.9146,60.9146,64.0436,13.5144,167.274,167.274,245.1898,92.7021
374,cnn,nsson,jetson_emulator,300,offload,0.5306977709704361,85.314,61.0605,61.0605,65.1124,13.5107,167.274,167.274,245.355,92.8014
375,cnn,nsson,jetson_emulator,300,offload,0.5411446645286372,84.9902,60.7041,60.7041,63.3544,13.5198,167.274,167.274,245.5202,92.8169
376,cnn,nsson,jetson_emulator,300,offload,0.5369433420228381,84.8141,60.9249,60.9249,64.0834,13.5141,167.274,167.274,245.6854,92.7482
377,cnn,nsson,jetson_emulator,300,offload,0.5226862079391381,85.8563,61.356,61.356,64.7604,13.5031,167.274,167.274,245.8506,92.8756
378,cnn,nsson,jetson_emulator,300,offload,0.5106896300983501,85.0499,60.7036,60.7036,63.7627,13.5198,167.274,167.274,246.0158,92.8035
379,cnn,nsson,jetson_emulator,300,local,0.5063783579489378,84.9856,62.4018,84.9856,88.1354,12.5485,167.274,167.274,264.9575,92.6842
380,cnn,nsson,jetson_emulator,300,offload,0.5149360404105627,85.5279,61.4355,61.4355,64.601,13.5011,167.274,167.274,246.3462,92.6867
381,cnn,nsson,jetson_emulator,300,offload,0.5214603945870947,85.4439,61.0925,61.0925,64.3966,13.5099,167.274,167.274,246.5114,92.747
382,cnn,nsson,jetson_emulator,300,offload,0.5226141570043746,85.0308,61.4925,61.4925,64.4259,13.4996,167.274,167.274,246.6766,92.8361
383,cnn,nsson,jetson_emulator,300,offload,0.5199017240576321,85.7642,61.6175,61.6175,65.0912,13.4964,167.274,167.274,246.8419,92.7993
384,cnn,nsson,jetson_emulator,300,offload,0.5175744194741217,85.4492,61.8203,61.8203,64.5022,13.4913,167.274,167.274,247.0071,92.7279
385,cnn,nsson,jetson_emulator,300,offload,0.5185731115048292,86.14,61.2312,61.2312,64.5039,13.5063,167.274,167.274,247.1723,92.8237
386,cnn,nsson,jetson_emulator,300,offload,0.5148545971488538,85.9989,61.0796,61.0796,64.1117,13.5102,167.274,167.274,247.3375,92.7372
387,cnn,nsson,jetson_emulator,300,offload,0.5228211050478179,85.8249,60.9293,60.9293,64.2731,13.514,167.274,167.274,247.5027,92.7155
388,cnn,nsson,jetson_emulator,300,offload,0.5182069161412443,85.3134,62.05,62.05,64.8284,13.4854,167.274,167.274,247.6679,92.756
389,cnn,nsson,jetson_emulator,300,offload,0.5237615111391234,85.6913,61.3922,61.3922,64.0111,13.5022,167.274,167.274,247.8331,92.7974
390,cnn,nsson,jetson_emulator,300,offload,0.532679092884158,85.6086,61.7993,61.7993,65.7003,13.4918,167.274,167.274,247.9983,92.7499
391,cnn,nsson,jetson_emulator,300,offload,0.5296563054138904,85.3244,61.0663,61.0663,64.8565,13.5105,167.274,167.274,248.1635,92.8238
392,cnn,nsson,jetson_emulator,300,local,0.5322610809683549,85.6331,62.4057,85.6331,88.3796,12.5338,167.274,167.274,267.2691,92.8531
393,cnn,nsson,jetson_emulator,300,offload,0.5324784736355176,85.4741,61.3029,61.3029,65.045,13.5045,167.274,167.274,248.494,92.7342
394,cnn,nsson,jetson_emulator,300,offload,0.5381019317994725,85.4874,61.5189,61.5189,64.5165,13.499,167.274,167.274,248.6592,92.7305
395,cnn,nsson,jetson_emulator,300,local,0.539923365595527,86.2618,61.6178,86.2618,89.1202,12.5196,167.274,167.274,267.8025,92.8386
396,cnn,nsson,jetson_emulator,300,offload,0.5308614995510818,85.891,61.3358,61.3358,64.414,13.5036,167.274,167.274,248.9896,92.7631
397,cnn,nsson,jetson_emulator,300,offload,0.5337065634299176,86.2367,61.4212,61.4212,64.6665,13.5015,167.274,167.274,249.1548,92.7715
398,cnn,nsson,jetson_emulator,300,local,0.5365170147450501,85.9349,61.8051,85.9349,88.9582,12.527,167.274,167.274,268.3359,92.7496
399,cnn,nsson,jetson_emulator,300,offload,0.5335498534641153,86.1129,61.3506,61.3506,64.2837,13.5033,167.274,167.274,249.4852,92.7139
400,cnn,nsson,jetson_emulator,300,local,0.5276310561866401,85.9191,61.453,85.9191,89.0475,12.5274,167.274,167.274,268.6916,92.8075
401,cnn,nsson,jetson_emulator,300,offload,0.5302500986400577,85.9879,61.5531,61.5531,65.7276,13.4981,167.274,167.274,249.8156,92.7564
402,cnn,nsson,jetson_emulator,300,offload,0.5268349066588638,85.8554,61.2716,61.2716,64.2004,13.5053,167.274,167.274,249.9808,92.749
403,cnn,nsson,jetson_emulator,300,offload,0.527332187772336,86.4622,62.143,62.143,64.6389,13.483,167.274,167.274,250.1461,92.7977
404,cnn,nsson,jetson_emulator,300,offload,0.5295403889992572,85.7362,61.9485,61.9485,64.5865,13.488,167.274,167.274,250.3113,92.7741
405,cnn,nsson,jetson_emulator,300,offload,0.5309557090331526,85.9692,62.1653,62.1653,65.9239,13.4825,167.274,167.274,250.4765,92.7621
406,cnn,nsson,jetson_emulator,300,offload,0.5351301095228009,86.183,63.1179,63.1179,65.9409,13.4582,167.274,167.274,250.6417,92.7075
407,cnn,nsson,jetson_emulator,300,offload,0.5380267932357397,85.4143,61.9622,61.9622,65.0698,13.4876,167.274,167.274,250.8069,92.7844
408,cnn,nsson,jetson_emulator,300,offload,0.5411701673909584,85.5921,61.1583,61.1583,64.1292,13.5082,167.274,167.274,250.9721,92.7343
409,cnn,nsson,jetson_emulator,300,offload,0.5475057691267174,86.333,62.2666,62.2666,65.2194,13.4799,167.274,167.274,251.1373,92.6592
410,cnn,nsson,jetson_emulator,300,local,0.5384157560514464,85.844,61.346,85.844,89.7252,12.5291,167.274,167.274,270.4697,92.7579
411,cnn,nsson,jetson_emulator,300,offload,0.5379453991475309,85.5682,61.6216,61.6216,64.0755,13.4963,167.274,167.274,251.4677,92.7724
412,cnn,nsson,jetson_emulator,300,offload,0.5310118059942622,85.5513,61.7794,61.7794,63.9856,13.4923,167.274,167.274,251.6329,92.7589
413,cnn,nsson,jetson_emulator,300,local,0.5302876671084061,85.7611,61.6476,85.7611,88.9291,12.5309,167.274,167.274,271.0031,92.7829
414,cnn,nsson,jetson_emulator,300,offload,0.5335634922674055,85.7656,62.2934,62.2934,65.7787,13.4792,167.274,167.274,251.9634,92.7483
415,cnn,nsson,jetson_emulator,300,offload,0.5310384357503857,85.6693,61.9144,61.9144,64.7696,13.4889,167.274,167.274,252.1286,92.7121
416,cnn,nsson,jetson_emulator,300,offload,0.5437784903322691,85.9366,61.4357,61.4357,64.4051,13.5011,167.274,167.274,252.2938,92.7912
417,cnn,nsson,jetson_emulator,300,offload,0.5400885744968651,85.7049,61.2637,61.2637,65.5155,13.5055,167.274,167.274,252.459,92.7015
418,cnn,nsson,jetson_emulator,300,local,0.5388586223520297,85.3702,61.2556,85.3702,89.0328,12.5398,167.274,167.274,271.8921,92.8138
419,cnn,nsson,jetson_emulator,300,offload,0.5395527024483543,85.5058,61.0293,61.0293,63.7349,13.5115,167.274,167.274,252.7894,92.8463
420,cnn,nsson,jetson_emulator,300,offload,0.5381139128479223,85.8361,61.3294,61.3294,65.2304,13.5038,167.274,167.274,252.9546,92.7157
421,cnn,nsson,jetson_emulator,300,offload,0.5393097485557103,85.6755,62.0828,62.0828,65.858,13.4846,167.274,167.274,253.1198,92.7576
422,cnn,nsson,jetson_emulator,300,offload,0.5412432571580279,85.4476,62.1178,62.1178,65.7088,13.4837,167.274,167.274,253.285,92.8258
423,cnn,nsson,jetson_emulator,300,local,0.5385115436803946,86.0064,61.4696,86.0064,88.8378,12.5254,167.274,167.274,272.7812,92.8216
424,cnn,nsson,jetson_emulator,300,offload,0.539022596058237,85.3232,61.7871,61.7871,65.1023,13.4921,167.274,167.274,253.6155,92.7508
425,cnn,nsson,jetson_emulator,300,offload,0.5328379609308577,86.0179,61.23,61.23,64.1409,13.5063,167.274,167.274,253.7807,92.8254
426,cnn,nsson,jetson_emulator,300,offload,0.5417990095987394,85.6652,62.6486,62.6486,65.9645,13.4702,167.274,167.274,253.9459,92.7417
427,cnn,nsson,jetson_emulator,300,local,0.5350767119876507,85.2919,61.1285,85.2919,88.9977,12.5416,167.274,167.274,273.4924,92.7789
428,cnn,nsson,jetson_emulator,300,offload,0.5370092124149495,85.5094,61.7059,61.7059,64.8958,13.4942,167.274,167.274,254.2763,92.8005
429,cnn,nsson,jetson_emulator,300,offload,0.5319348875773088,85.766,61.6327,61.6327,64.5766,13.4961,167.274,167.274,254.4415,92.7592
430,cnn,nsson,jetson_emulator,300,offload,0.5322308313221906,86.7769,61.8818,61.8818,64.1099,13.4897,167.274,167.274,254.6067,92.7548
431,cnn,nsson,jetson_emulator,300,offload,0.5395096672052759,85.3451,62.3469,62.3469,65.4674,13.4778,167.274,167.274,254.7719,92.7329
432,cnn,nsson,jetson_emulator,300,local,0.5545714199933779,85.4343,61.7185,85.4343,88.1818,12.5384,167.274,167.274,274.3815,92.7585
433,cnn,nsson,jetson_emulator,300,local,0.5512766114633083,85.2415,61.5592,85.2415,88.1667,12.5427,167.274,167.274,274.5593,92.7245
434,cnn,nsson,jetson_emulator,300,local,0.5586932894625848,85.2417,62.0429,85.2417,88.218,12.5427,167.274,167.274,274.7371,92.7685
435,cnn,nsson,jetson_emulator,300,offload,0.5511047718543963,85.2212,61.5655,61.5655,64.0485,13.4978,167.274,167.274,255.4328,92.7109
436,cnn,nsson,jetson_emulator,300,offload,0.5486103117682823,85.6089,61.0098,61.0098,64.5592,13.512,167.274,167.274,255.598,92.7195
437,cnn,nsson,jetson_emulator,300,offload,0.5530823708153298,85.7092,61.7702,61.7702,65.7201,13.4925,167.274,167.274,255.7632,92.7963
438,cnn,nsson,jetson_emulator,300,offload,0.5470180902784544,86.6335,61.3369,61.3369,64.1669,13.5036,167.274,167.274,255.9284,92.7695
439,cnn,nsson,jetson_emulator,300,offload,0.5480862109600616,85.4892,61.2304,61.2304,64.6444,13.5063,167.274,167.274,256.0936,92.8062
440,cnn,nsson,jetson_emulator,300,offload,0.55536236527774,85.7112,60.895,60.895,64.3544,13.5149,167.274,167.274,256.2588,92.7842
441,cnn,nsson,jetson_emulator,300,local,0.5535852568162453,85.7432,61.4074,85.7432,90.1039,12.5313,167.274,167.274,275.9818,92.7547
442,cnn,nsson,jetson_emulator,300,offload,0.5544739421362402,85.5945,61.3342,61.3342,64.3804,13.5037,167.274,167.274,256.5892,92.7535
443,cnn,nsson,jetson_emulator,300,offload,0.5551519187409918,85.7274,62.6334,62.6334,65.6167,13.4705,167.274,167.274,256.7544,92.8089
444,cnn,nsson,jetson_emulator,300,offload,0.5580574210737468,85.3548,61.4022,61.4022,64.1969,13.5019,167.274,167.274,256.9197,92.7448
445,cnn,nsson,jetson_emulator,300,local,0.5545999928936769,85.2277,60.9213,85.2277,89.2656,12.543,167.274,167.274,276.693,92.7982
446,cnn,nsson,jetson_emulator,300,offload,0.5424717709897459,85.8692,60.9594,60.9594,63.96,13.5133,167.274,167.274,257.2501,92.782
447,cnn,nsson,jetson_emulator,300,local,0.5443404295752515,85.691,61.0283,85.691,88.9045,12.5325,167.274,167.274,277.0487,92.7957
448,cnn,nsson,jetson_emulator,300,offload,0.5387364178413206,85.0743,62.9905,62.9905,66.3575,13.4615,167.274,167.274,257.5805,92.8369
449,cnn,nsson,jetson_emulator,300,offload,0.540044566662916,85.488,61.4043,61.4043,65.0071,13.5019,167.274,167.274,257.7457,92.7882
450,cnn,nsson,jetson_emulator,300,offload,0.5420805110645197,85.4634,60.9151,60.9151,64.4665,13.5144,167.274,167.274,257.9109,92.7881
451,cnn,nsson,jetson_emulator,300,local,0.5449728415863552,85.5814,61.5978,85.5814,88.1616,12.535,167.274,167.274,277.7599,92.7708
452,cnn,nsson,jetson_emulator,300,local,0.5419977619113072,85.512,61.1339,85.512,88.0707,12.5366,167.274,167.274,277.9377,92.794
453,cnn,nsson,jetson_emulator,300,local,0.5398682985071852,85.3875,61.5572,85.3875,88.8613,12.5394,167.274,167.274,278.1155,92.8493
454,cnn,nsson,jetson_emulator,300,offload,0.5427354172307789,85.8225,61.1972,61.1972,64.2137,13.5072,167.274,167.274,258.5718,92.6774
455,cnn,nsson,jetson_emulator,300,offload,0.5419342275375586,85.912,61.6728,61.6728,64.2526,13.495,167.274,167.274,258.737,92.6538
456,cnn,nsson,jetson_emulator,300,local,0.5377040228965828,86.2416,61.657,86.2416,88.7949,12.5201,167.274,167.274,278.649,92.7754
457,cnn,nsson,jetson_emulator,300,offload,0.5438709081198885,85.1191,61.1788,61.1788,64.5452,13.5077,167.274,167.274,259.0674,92.7895
458,cnn,nsson,jetson_emulator,300,offload,0.5611559440106405,85.477,60.8227,60.8227,63.197,13.5168,167.274,167.274,259.2326,92.8114
459,cnn,nsson,jetson_emulator,300,local,0.5565510494017052,85.2489,61.7456,85.2489,88.844,12.5426,167.274,167.274,279.1824,92.7838
460,cnn,nsson,jetson_emulator,300,offload,0.553954325326002,85.0647,61.4653,61.4653,64.5471,13.5003,167.274,167.274,259.563,92.7054
461,cnn,nsson,jetson_emulator,300,local,0.5479205095139136,86.6291,61.5005,86.6291,89.9079,12.5113,167.274,167.274,279.538,92.7865
462,cnn,nsson,jetson_emulator,300,offload,0.5569181112513926,85.3062,61.3933,61.3933,64.5494,13.5022,167.274,167.274,259.8934,92.7843
463,cnn,nsson,jetson_emulator,300,offload,0.5599836670945297,85.2217,61.2227,61.2227,64.6143,13.5065,167.274,167.274,260.0586,92.8405
464,cnn,nsson,jetson_emulator,300,offload,0.5639257718985092,85.6136,61.0578,61.0578,64.1737,13.5107,167.274,167.274,260.2239,92.8188
465,cnn,nsson,jetson_emulator,300,local,0.5514887551182895,86.0402,60.8682,86.0402,89.4148,12.5246,167.274,167.274,280.2492,92.7857
466,cnn,nsson,jetson_emulator,300,offload,0.5441164569456315,85.7607,61.0516,61.0516,64.8284,13.5109,167.274,167.274,260.5543,92.656
467,cnn,nsson,jetson_emulator,300,local,0.5536802945005728,85.2321,61.6178,85.2321,87.6911,12.5429,167.274,167.274,280.6049,92.8199
468,cnn,nsson,jetson_emulator,300,local,0.5528018928218988,86.0791,61.4232,86.0791,88.9593,12.5237,167.274,167.274,280.7827,92.7565
469,cnn,nsson,jetson_emulator,300,offload,0.5495435628197056,86.055,61.16,61.16,64.9402,13.5081,167.274,167.274,261.0499,92.7701
470,cnn,nsson,jetson_emulator,300,offload,0.5517151668923318,85.8639,61.8378,61.8378,64.6521,13.4908,167.274,167.274,261.2151,92.7453
471,cnn,nsson,jetson_emulator,300,offload,0.5529640207502682,85.7847,62.0421,62.0421,65.5756,13.4856,167.274,167.274,261.3803,92.833
472,cnn,nsson,jetson_emulator,300,local,0.5538029411415492,85.5986,61.3006,85.5986,88.4121,12.5346,167.274,167.274,281.4939,92.7635
473,cnn,nsson,jetson_emulator,300,local,0.5518536313070591,85.6502,62.1309,85.6502,87.8411,12.5335,167.274,167.274,281.6717,92.7049
474,cnn,nsson,jetson_emulator,300,offload,0.5557654065667044,86.2063,61.8725,61.8725,65.5767,13.4899,167.274,167.274,261.876,92.769
475,cnn,nsson,jetson_emulator,300,local,0.5477572569103726,85.4945,62.1468,85.4945,89.0169,12.537,167.274,167.274,282.0274,92.869
476,cnn,nsson,jetson_emulator,300,offload,0.5469574004572124,85.48,62.0842,62.0842,65.6116,13.4845,167.274,167.274,262.2064,92.7911
477,cnn,nsson,jetson_emulator,300,offload,0.5580749233128124,85.6278,61.4609,61.4609,64.2282,13.5004,167.274,167.274,262.3716,92.7332
478,cnn,nsson,jetson_emulator,300,local,0.5485834770591135,85.4404,61.9156,85.4404,88.939,12.5382,167.274,167.274,282.5608,92.7187
479,cnn,nsson,jetson_emulator,300,offload,0.5407305126339237,86.349,61.1009,61.1009,64.4453,13.5096,167.274,167.274,262.702,92.6465
480,cnn,nsson,jetson_emulator,300,offload,0.5297975053847144,85.6836,62.9619,62.9619,65.3585,13.4622,167.274,167.274,262.8672,92.8095
481,cnn,nsson,jetson_emulator,300,offload,0.5330109659962092,85.729,61.838,61.838,65.2993,13.4908,167.274,167.274,263.0324,92.7693
482,cnn,nsson,jetson_emulator,300,offload,0.5459539186783584,86.983,61.6743,61.6743,64.8473,13.495,167.274,167.274,263.1976,92.7302
483,cnn,nsson,jetson_emulator,300,offload,0.5505723808338653,86.0366,61.944,61.944,65.1236,13.4881,167.274,167.274,263.3628,92.7953
484,cnn,nsson,jetson_emulator,300,local,0.5543148980394934,86.0008,61.8534,86.0008,89.959,12.5255,167.274,167.274,283.6276,92.8621
485,cnn,nsson,jetson_emulator,300,local,0.5581018724218039,86.3183,61.3013,86.3183,89.3262,12.5183,167.274,167.274,283.8055,92.8226
486,cnn,nsson,jetson_emulator,300,offload,0.5690878149822871,85.8542,61.9305,61.9305,65.4522,13.4885,167.274,167.274,263.8585,92.7488
487,cnn,nsson,jetson_emulator,300,offload,0.5714400517429498,86.4874,62.0079,62.0079,65.0042,13.4865,167.274,167.274,264.0237,92.711
488,cnn,nsson,jetson_emulator,300,offload,0.5716466506646756,86.2043,62.2185,62.2185,65.3919,13.4811,167.274,167.274,264.1889,92.7714
489,cnn,nsson,jetson_emulator,300,local,0.5663680041207267,86.549,61.8295,86.549,88.8727,12.5131,167.274,167.274,284.5167,92.663
490,cnn,nsson,jetson_emulator,300,offload,0.5668472868364779,86.2537,62.429,62.429,66.299,13.4758,167.274,167.274,264.5193,92.7157
491,cnn,nsson,jetson_emulator,300,offload,0.5695872931054693,86.6206,62.9111,62.9111,66.158,13.4635,167.274,167.274,264.6845,92.7789
492,cnn,nsson,jetson_emulator,300,offload,0.5641830964187209,86.068,61.8192,61.8192,65.7142,13.4913,167.274,167.274,264.8497,92.7879
493,cnn,nsson,jetson_emulator,300,local,0.5625638119807362,86.0423,62.1242,86.0423,89.2528,12.5246,167.274,167.274,285.2279,92.7523
494,cnn,nsson,jetson_emulator,300,local,0.5547533732850337,86.9122,62.0468,86.9122,89.4489,12.5049,167.274,167.274,285.4058,92.7264
495,cnn,nsson,jetson_emulator,300,local,0.5615684954645496,86.523,62.407,86.523,89.6628,12.5137,167.274,167.274,285.5836,92.8363
496,cnn,nsson,jetson_emulator,300,local,0.5575603267068923,86.5681,62.1846,86.5681,88.4951,12.5127,167.274,167.274,285.7614,92.7768
497,cnn,nsson,jetson_emulator,300,local,0.5682641614903168,86.585,62.6364,86.585,89.4896,12.5123,167.274,167.274,285.9392,92.7378
498,cnn,nsson,jetson_emulator,300,offload,0.5688729170426995,87.0038,62.811,62.811,65.5739,13.466,167.274,167.274,265.841,92.807
499,cnn,nsson,jetson_emulator,300,offload,0.5776358739721518,86.6696,62.883,62.883,65.2937,13.4642,167.274,167.274,266.0062,92.8835
500,cnn,nsson,jetson_emulator,300,offload,0.5749298049183607,86.5035,62.0152,62.0152,65.3871,13.4863,167.274,167.274,266.1714,92.7066
501,cnn,nsson,jetson_emulator,300,offload,0.5731991980857333,87.0937,61.9157,61.9157,65.1575,13.4888,167.274,167.274,266.3366,92.8217
502,cnn,nsson,jetson_emulator,300,offload,0.5731445633710562,87.1312,62.5665,62.5665,66.8826,13.4722,167.274,167.274,266.5018,92.7677
503,cnn,nsson,jetson_emulator,300,offload,0.5658561094725597,87.1678,63.6206,63.6206,67.1142,13.4455,167.274,167.274,266.667,92.7205
504,cnn,nsson,jetson_emulator,300,offload,0.5651531682218307,87.32,62.2367,62.2367,64.4229,13.4806,167.274,167.274,266.8322,92.8034
505,cnn,nsson,jetson_emulator,300,offload,0.5642649247499908,87.6247,62.5058,62.5058,65.9766,13.4738,167.274,167.274,266.9975,92.6967
506,cnn,nsson,jetson_emulator,300,local,0.5607457073449735,87.1616,62.5589,87.1616,90.054,12.4993,167.274,167.274,287.5395,92.769
507,cnn,nsson,jetson_emulator,300,offload,0.5517537368909604,87.7239,62.4191,62.4191,66.1728,13.476,167.274,167.274,267.3279,92.7418
508,cnn,nsson,jetson_emulator,300,local,0.5478020654660714,88.2715,62.8062,88.2715,91.6425,12.4743,167.274,167.274,287.8951,92.7767
509,cnn,nsson,jetson_emulator,300,offload,0.5490283026504824,88.2214,63.4553,63.4553,66.1685,13.4497,167.274,167.274,267.6583,92.7743
510,cnn,nsson,jetson_emulator,300,offload,0.5489512679421011,87.5462,62.3791,62.3791,66.6704,13.477,167.274,167.274,267.8235,92.7855
511,cnn,nsson,jetson_emulator,300,local,0.5518409901809689,87.6371,63.5656,87.6371,90.3501,12.4886,167.274,167.274,288.4285,92.8164
512,cnn,nsson,jetson_emulator,300,local,0.5460561441519864,87.7861,63.5462,87.7861,90.8712,12.4852,167.274,167.274,288.6063,92.7073
513,cnn,nsson,jetson_emulator,300,local,0.5367029683304222,87.4865,63.1032,87.4865,91.1662,12.4919,167.274,167.274,288.7842,92.7876
514,cnn,nsson,jetson_emulator,300,offload,0.5333141021192489,88.0707,62.6464,62.6464,65.8716,13.4702,167.274,167.274,268.4843,92.7215
515,cnn,nsson,jetson_emulator,300,offload,0.5364299342799735,88.0425,63.3279,63.3279,66.1195,13.4529,167.274,167.274,268.6496,92.7747
516,cnn,nsson,jetson_emulator,300,offload,0.5330667951996142,88.3297,63.2312,63.2312,66.52,13.4554,167.274,167.274,268.8148,92.7547
517,cnn,nsson,jetson_emulator,300,local,0.5242942674102066,87.9289,63.0975,87.9289,90.9168,12.482,167.274,167.274,289.4954,92.7485
518,cnn,nsson,jetson_emulator,300,offload,0.5270722979289552,88.656,62.8872,62.8872,65.9201,13.4641,167.274,167.274,269.1452,92.723
519,cnn,nsson,jetson_emulator,300,offload,0.5220142808798187,88.156,63.5314,63.5314,67.4027,13.4477,167.274,167.274,269.3104,92.8259
520,cnn,nsson,jetson_emulator,300,local,0.5256831897642475,88.7139,63.8198,88.7139,92.8517,12.4643,167.274,167.274,290.0288,92.7386
521,cnn,nsson,jetson_emulator,300,local,0.5302906635490702,88.9055,63.1218,88.9055,92.2713,12.4601,167.274,167.274,290.2066,92.8207
522,cnn,nsson,jetson_emulator,300,local,0.526587467550415,89.7111,63.1967,89.7111,92.9267,12.442,167.274,167.274,290.3844,92.7698
523,cnn,nsson,jetson_emulator,300,offload,0.532283572215683,89.3013,65.1564,65.1564,68.5181,13.4067,167.274,167.274,269.9712,92.7393
524,cnn,nsson,jetson_emulator,300,offload,0.5352209996549696,89.1448,64.6744,64.6744,68.3051,13.4188,167.274,167.274,270.1364,92.7868
525,cnn,nsson,jetson_emulator,300,local,0.5201221945703111,89.1588,63.4797,89.1588,92.2133,12.4544,167.274,167.274,290.9179,92.7393
526,cnn,nsson,jetson_emulator,300,local,0.5230396851583355,89.2258,63.8183,89.2258,92.0629,12.4529,167.274,167.274,291.0957,92.7939
527,cnn,nsson,jetson_emulator,300,offload,0.5302079694019934,89.5134,64.356,64.356,68.1573,13.4269,167.274,167.274,270.6321,92.7639
528,cnn,nsson,jetson_emulator,300,offload,0.5256788198693597,89.0628,64.4534,64.4534,68.8649,13.4244,167.274,167.274,270.7973,92.7626
529,cnn,nsson,jetson_emulator,300,local,0.5271529121756949,89.7877,64.7751,89.7877,92.7947,12.4403,167.274,167.274,291.6291,92.7551
530,cnn,nsson,jetson_emulator,300,local,0.5296039487343689,89.9055,65.5416,89.9055,93.4876,12.4377,167.274,167.274,291.8069,92.6885
531,cnn,nsson,jetson_emulator,300,offload,0.5308957396007146,90.1799,64.1429,64.1429,66.5956,13.4323,167.274,167.274,271.2929,92.7986
532,cnn,nsson,jetson_emulator,300,offload,0.526389214018844,89.8683,64.0669,64.0669,67.2103,13.4342,167.274,167.274,271.4581,92.7939
533,cnn,nsson,jetson_emulator,300,offload,0.5187579998156641,89.7788,65.238,65.238,68.83,13.4046,167.274,167.274,271.6233,92.772
534,cnn,nsson,jetson_emulator,300,local,0.5194852335358562,89.8465,64.4058,89.8465,93.4884,12.439,167.274,167.274,292.5182,92.717
535,cnn,nsson,jetson_emulator,300,local,0.5160451973210385,90.2431,65.3077,90.2431,93.9226,12.4301,167.274,167.274,292.696,92.8103
536,cnn,nsson,jetson_emulator,300,offload,0.5129558164539807,90.4487,64.4014,64.4014,67.1975,13.4257,167.274,167.274,272.119,92.7232
537,cnn,nsson,jetson_emulator,300,offload,0.5145656659836207,91.2317,64.8465,64.8465,68.4698,13.4145,167.274,167.274,272.2842,92.7147
538,cnn,nsson,jetson_emulator,300,offload,0.5223088772464016,91.1116,65.0077,65.0077,68.1519,13.4104,167.274,167.274,272.4494,92.7499
539,cnn,nsson,jetson_emulator,300,offload,0.5175283230795108,90.649,64.6299,64.6299,68.0182,13.42,167.274,167.274,272.6146,92.7025
540,cnn,nsson,jetson_emulator,300,offload,0.5127170230886953,91.0442,65.1685,65.1685,68.1339,13.4064,167.274,167.274,272.7798,92.8407
541,cnn,nsson,jetson_emulator,300,offload,0.5121740838413303,91.146,65.7153,65.7153,69.3239,13.3926,167.274,167.274,272.945,92.6972
542,cnn,nsson,jetson_emulator,300,offload,0.511173264918281,91.5894,65.0496,65.0496,68.3115,13.4094,167.274,167.274,273.1102,92.7072
543,cnn,nsson,jetson_emulator,300,offload,0.5125221614978738,91.0086,65.8848,65.8848,68.9283,13.3883,167.274,167.274,273.2754,92.7139
544,cnn,nsson,jetson_emulator,300,offload,0.5155243384449186,91.8521,65.47,65.47,69.7129,13.3988,167.274,167.274,273.4406,92.736
545,cnn,nsson,jetson_emulator,300,local,0.5201817611940018,91.7652,65.9652,91.7652,93.9791,12.3963,167.274,167.274,294.4741,92.7415
546,cnn,nsson,jetson_emulator,300,local,0.5238990245706514,91.7032,66.0514,91.7032,94.541,12.3977,167.274,167.274,294.6519,92.7798
547,cnn,nsson,jetson_emulator,300,offload,0.5312120067617991,91.6661,66.5051,66.5051,69.5504,13.3728,167.274,167.274,273.9363,92.7383
548,cnn,nsson,jetson_emulator,300,offload,0.5193120651724701,91.908,66.6885,66.6885,69.855,13.3682,167.274,167.274,274.1015,92.7782
549,cnn,nsson,jetson_emulator,300,local,0.5183336198596012,91.7099,67.3264,91.7099,94.6232,12.3975,167.274,167.274,295.1853,92.8024
550,cnn,nsson,jetson_emulator,300,local,0.5127374406483648,91.8952,66.3913,91.8952,95.2633,12.3934,167.274,167.274,295.3631,92.7813
551,cnn,nsson,jetson_emulator,300,offload,0.5155441757519202,92.0546,66.1439,66.1439,69.6446,13.3818,167.274,167.274,274.5971,92.7613
552,cnn,nsson,jetson_emulator,300,local,0.5159056389051985,92.5766,66.4883,92.5766,95.7579,12.3783,167.274,167.274,295.7188,92.7084
553,cnn,nsson,jetson_emulator,300,local,0.5228952704494128,93.6059,66.2651,93.6059,95.8682,12.3556,167.274,167.274,295.8966,92.803
554,cnn,nsson,jetson_emulator,300,offload,0.5212359645775079,93.2089,66.5946,66.5946,69.8734,13.3705,167.274,167.274,275.0927,92.7766
555,cnn,nsson,jetson_emulator,300,offload,0.5304830440430115,93.0685,66.8662,66.8662,70.5576,13.3637,167.274,167.274,275.2579,92.7835
556,cnn,nsson,jetson_emulator,300,offload,0.5246695766706428,93.5641,66.6166,66.6166,70.7089,13.37,167.274,167.274,275.4232,92.772
557,cnn,nsson,jetson_emulator,300,offload,0.53395113275751,93.0881,67.2621,67.2621,70.746,13.3538,167.274,167.274,275.5884,92.7758
558,cnn,nsson,jetson_emulator,300,local,0.5301367263465753,93.475,66.8677,93.475,96.3466,12.3585,167.274,167.274,296.7856,92.8711
559,cnn,nsson,jetson_emulator,300,offload,0.5316688538872671,93.0546,66.6649,66.6649,69.9395,13.3688,167.274,167.274,275.9188,92.8023
560,cnn,nsson,jetson_emulator,300,offload,0.5245995621930983,94.2423,66.6781,66.6781,69.9298,13.3684,167.274,167.274,276.084,92.8114
561,cnn,nsson,jetson_emulator,300,offload,0.5208896613174241,93.9373,67.2011,67.2011,69.598,13.3554,167.274,167.274,276.2492,92.8339
562,cnn,nsson,jetson_emulator,300,local,0.520113531029742,93.7788,66.8769,93.7788,97.0207,12.3518,167.274,167.274,297.4969,92.7467
563,cnn,nsson,jetson_emulator,300,local,0.5221003329142695,94.1215,67.2695,94.1215,96.733,12.3442,167.274,167.274,297.6747,92.7436
564,cnn,nsson,jetson_emulator,300,local,0.5173243391115617,93.8503,67.9278,93.8503,97.0123,12.3502,167.274,167.274,297.8525,92.7622
565,cnn,nsson,jetson_emulator,300,local,0.515352349436986,94.1976,67.8498,94.1976,97.6832,12.3425,167.274,167.274,298.0303,92.7951
566,cnn,nsson,jetson_emulator,300,offload,0.5221581510446207,94.0737,67.2457,67.2457,70.4977,13.3542,167.274,167.274,277.0753,92.7816
567,cnn,nsson,jetson_emulator,300,offload,0.5170494044313461,94.6593,68.4177,68.4177,70.8605,13.325,167.274,167.274,277.2405,92.7828
568,cnn,nsson,jetson_emulator,300,offload,0.5238904791457124,94.7949,69.1605,69.1605,72.1167,13.3065,167.274,167.274,277.4057,92.819
569,cnn,nsson,jetson_emulator,300,offload,0.5273124756600918,94.5769,67.4709,67.4709,70.8442,13.3486,167.274,167.274,277.5709,92.74
570,cnn,nsson,jetson_emulator,300,local,0.5238100929032248,94.9591,68.1741,94.9591,97.7963,12.3258,167.274,167.274,298.9194,92.8074
571,cnn,nsson,jetson_emulator,300,offload,0.5251331629146772,95.3925,69.7816,69.7816,73.0508,13.2911,167.274,167.274,277.9013,92.7379
572,cnn,nsson,jetson_emulator,300,offload,0.5397781409374263,94.9398,68.5848,68.5848,72.087,13.3208,167.274,167.274,278.0665,92.8425
573,cnn,nsson,jetson_emulator,300,offload,0.5450735237168813,95.3961,68.7294,68.7294,72.6069,13.3172,167.274,167.274,278.2317,92.8138
574,cnn,nsson,jetson_emulator,300,local,0.5513637247048524,95.5161,68.2844,95.5161,98.8402,12.3136,167.274,167.274,299.6306,92.7993
575,cnn,nsson,jetson_emulator,300,offload,0.5502893137612587,95.3638,68.5839,68.5839,71.884,13.3209,167.274,167.274,278.5621,92.7798
576,cnn,nsson,jetson_emulator,300,offload,0.5500145517295211,95.3331,68.3415,68.3415,71.5873,13.3269,167.274,167.274,278.7274,92.7217
577,cnn,nsson,jetson_emulator,300,offload,0.5593318156937276,96.3267,68.8514,68.8514,71.4437,13.3142,167.274,167.274,278.8926,92.855
578,cnn,nsson,jetson_emulator,300,offload,0.5614793608819816,95.9408,68.8032,68.8032,71.7395,13.3154,167.274,167.274,279.0578,92.8135
579,cnn,nsson,jetson_emulator,300,offload,0.5544626686950702,96.4005,68.7174,68.7174,72.1543,13.3175,167.274,167.274,279.223,92.7346
580,cnn,nsson,jetson_emulator,300,offload,0.5537760528580336,96.9965,69.397,69.397,71.588,13.3007,167.274,167.274,279.3882,92.8841
581,cnn,nsson,jetson_emulator,300,local,0.5487442919553459,96.0079,69.0128,96.0079,99.7107,12.3028,167.274,167.274,300.8753,92.7768
582,cnn,nsson,jetson_emulator,300,offload,0.5503045168475015,97.2505,68.8721,68.8721,71.4475,13.3137,167.274,167.274,279.7186,92.7676
583,cnn,nsson,jetson_emulator,300,local,0.5448666301882549,96.6915,69.2482,96.6915,99.9274,12.2879,167.274,167.274,301.2309,92.7946
584,cnn,nsson,jetson_emulator,300,offload,0.54319356897226,96.6426,69.1665,69.1665,72.4876,13.3064,167.274,167.274,280.049,92.7661
585,cnn,nsson,jetson_emulator,300,offload,0.5519206276097715,96.7169,69.0114,69.0114,72.5272,13.3102,167.274,167.274,280.2142,92.7321
586,cnn,nsson,jetson_emulator,300,offload,0.5595782352128202,97.0514,69.3172,69.3172,72.2871,13.3027,167.274,167.274,280.3795,92.7822
587,cnn,nsson,jetson_emulator,300,offload,0.5661295968392943,97.005,70.8453,70.8453,73.8512,13.2649,167.274,167.274,280.5447,92.8839
588,cnn,nsson,jetson_emulator,300,local,0.5695214323480516,97.908,69.497,97.908,101.1412,12.2615,167.274,167.274,302.1199,92.8396
589,cnn,nsson,jetson_emulator,300,offload,0.5704513711959105,97.3157,69.4756,69.4756,73.1916,13.2987,167.274,167.274,280.8751,92.8021
590,cnn,nsson,jetson_emulator,300,offload,0.5718981489909253,97.2212,71.0144,71.0144,74.402,13.2607,167.274,167.274,281.0403,92.8011
591,cnn,nsson,jetson_emulator,300,local,0.5735090310206472,97.8833,69.923,97.8833,101.1297,12.262,167.274,167.274,302.6534,92.7443
592,cnn,nsson,jetson_emulator,300,offload,0.5681060524888095,97.3408,70.401,70.401,72.9774,13.2758,167.274,167.274,281.3707,92.755
593,cnn,nsson,jetson_emulator,300,local,0.5652701278315516,97.8556,70.0733,97.8556,101.2385,12.2626,167.274,167.274,303.009,92.7716
594,cnn,nsson,jetson_emulator,300,offload,0.5679562399574272,97.5404,70.9554,70.9554,73.9303,13.2621,167.274,167.274,281.7011,92.8056
595,cnn,nsson,jetson_emulator,300,local,0.56737549444875,99.2375,69.997,99.2375,102.281,12.2327,167.274,167.274,303.3646,92.7886
596,cnn,nsson,jetson_emulator,300,offload,0.5613672973343635,97.8185,71.7478,71.7478,74.599,13.2426,167.274,167.274,282.0316,92.7221
597,cnn,nsson,jetson_emulator,300,offload,0.5657662949695131,98.4681,71.7698,71.7698,75.6902,13.2421,167.274,167.274,282.1968,92.803
598,cnn,nsson,jetson_emulator,300,offload,0.5628672473835313,99.3312,71.3514,71.3514,74.6211,13.2524,167.274,167.274,282.362,92.7876
599,cnn,nsson,jetson_emulator,300,offload,0.5612547080652766,98.5687,70.1618,70.1618,74.3809,13.2817,167.274,167.274,282.5272,92.6641
600,cnn,nsson,jetson_emulator,300,offload,0.5616189119234998,98.8377,70.8612,70.8612,74.3505,13.2645,167.274,167.274,282.6924,92.683
601,cnn,nsson,jetson_emulator,300,offload,0.5677513114152835,98.752,71.8087,71.8087,74.7447,13.2411,167.274,167.274,282.8576,92.8223
602,cnn,nsson,jetson_emulator,300,offload,0.5679665949209646,98.3618,70.6133,70.6133,73.9326,13.2706,167.274,167.274,283.0228,92.8487
603,cnn,nsson,jetson_emulator,300,offload,0.5730579723758191,98.5147,70.8341,70.8341,73.6777,13.2651,167.274,167.274,283.188,92.7836
604,cnn,nsson,jetson_emulator,300,offload,0.5763881741434552,98.5557,71.3675,71.3675,75.2462,13.252,167.274,167.274,283.3532,92.7911
605,cnn,nsson,jetson_emulator,300,local,0.5757795805689716,98.9613,71.535,98.9613,101.8745,12.2386,167.274,167.274,305.1427,92.6693
606,cnn,nsson,jetson_emulator,300,offload,0.5776943058909673,98.7376,72.3463,72.3463,75.6388,13.2279,167.274,167.274,283.6836,92.6662
607,cnn,nsson,jetson_emulator,300,offload,0.5858012902089507,99.0081,70.7691,70.7691,73.1734,13.2667,167.274,167.274,283.8489,92.7307
608,cnn,nsson,jetson_emulator,300,offload,0.5842155833563974,99.5532,72.1172,72.1172,74.9919,13.2336,167.274,167.274,284.0141,92.7639
609,cnn,nsson,jetson_emulator,300,local,0.5728062653049228,99.0521,71.7191,99.0521,102.3743,12.2367,167.274,167.274,305.854,92.7381
610,cnn,nsson,jetson_emulator,300,offload,0.5612823145476342,100.0502,72.1371,72.1371,75.3164,13.2331,167.274,167.274,284.3445,92.844
611,cnn,nsson,jetson_emulator,300,offload,0.5543946538651219,99.7611,71.1597,71.1597,74.7419,13.2571,167.274,167.274,284.5097,92.8061
612,cnn,nsson,jetson_emulator,300,offload,0.5491545784592835,99.3691,72.0976,72.0976,75.0428,13.234,167.274,167.274,284.6749,92.7722
613,cnn,nsson,jetson_emulator,300,offload,0.5547721073525993,99.487,71.2784,71.2784,74.6186,13.2542,167.274,167.274,284.8401,92.6797
614,cnn,nsson,jetson_emulator,300,offload,0.5515887954332029,100.5715,71.044,71.044,74.2784,13.26,167.274,167.274,285.0053,92.7318
615,cnn,nsson,jetson_emulator,300,offload,0.5458738388648547,99.8833,72.6114,72.6114,76.0595,13.2214,167.274,167.274,285.1705,92.7898
616,cnn,nsson,jetson_emulator,300,local,0.542941357531277,100.5677,72.1524,100.5677,104.2596,12.204,167.274,167.274,307.0986,92.7635
617,cnn,nsson,jetson_emulator,300,local,0.5481681331589449,99.9779,71.5112,99.9779,102.7823,12.2167,167.274,167.274,307.2765,92.7749
618,cnn,nsson,jetson_emulator,300,offload,0.5481493714054086,99.7805,72.1566,72.1566,75.3745,13.2326,167.274,167.274,285.6662,92.8044
619,cnn,nsson,jetson_emulator,300,offload,0.5393862252093831,100.204,71.6601,71.6601,74.7415,13.2448,167.274,167.274,285.8314,92.6811
620,cnn,nsson,jetson_emulator,300,offload,0.5450356205304958,100.4412,71.8449,71.8449,74.9728,13.2402,167.274,167.274,285.9966,92.8119
621,cnn,nsson,jetson_emulator,300,offload,0.5454063176323798,99.8558,71.7664,71.7664,74.732,13.2422,167.274,167.274,286.1618,92.7232
622,cnn,nsson,jetson_emulator,300,offload,0.55313276200853,100.7623,71.9829,71.9829,75.1154,13.2369,167.274,167.274,286.327,92.7898
623,cnn,nsson,jetson_emulator,300,offload,0.564335158542809,100.9188,72.2037,72.2037,76.191,13.2314,167.274,167.274,286.4922,92.8027
624,cnn,nsson,jetson_emulator,300,offload,0.5642507395312418,100.7818,71.8274,71.8274,74.8965,13.2407,167.274,167.274,286.6574,92.7205
625,cnn,nsson,jetson_emulator,300,offload,0.562571103317523,100.2971,71.7545,71.7545,75.5158,13.2425,167.274,167.274,286.8226,92.7563
626,cnn,nsson,jetson_emulator,300,local,0.5607693320542012,100.423,71.6189,100.423,104.2415,12.2071,167.274,167.274,308.8768,92.7419
627,cnn,nsson,jetson_emulator,300,offload,0.555580026680956,101.0357,72.6643,72.6643,75.6425,13.2201,167.274,167.274,287.1531,92.7435
628,cnn,nsson,jetson_emulator,300,local,0.553584946082939,100.1788,71.8128,100.1788,103.0573,12.2124,167.274,167.274,309.2324,92.7458
629,cnn,nsson,jetson_emulator,300,offload,0.5584539516086713,100.9472,71.8778,71.8778,75.0819,13.2394,167.274,167.274,287.4835,92.7898
630,cnn,nsson,jetson_emulator,300,offload,0.5536606397380652,101.1846,73.823,73.823,76.6625,13.1918,167.274,167.274,287.6487,92.6876
631,cnn,nsson,jetson_emulator,300,offload,0.560724386639947,101.4666,73.4569,73.4569,76.537,13.2007,167.274,167.274,287.8139,92.6434
632,cnn,nsson,jetson_emulator,300,local,0.5522478303823938,100.866,72.0989,100.866,104.5178,12.1976,167.274,167.274,309.9436,92.7729
633,cnn,nsson,jetson_emulator,300,local,0.5610812552498898,100.4962,72.0957,100.4962,103.0633,12.2055,167.274,167.274,310.1214,92.7109
634,cnn,nsson,jetson_emulator,300,offload,0.567844324720845,101.4416,71.9762,71.9762,75.1043,13.237,167.274,167.274,288.3095,92.7122
635,cnn,nsson,jetson_emulator,300,local,0.551538530396847,100.6,71.8734,100.6,103.7082,12.2033,167.274,167.274,310.477,92.7234
636,cnn,nsson,jetson_emulator,300,offload,0.5480953103686228,100.5792,72.2948,72.2948,75.2697,13.2292,167.274,167.274,288.6399,92.748
637,cnn,nsson,jetson_emulator,300,local,0.543983038977666,100.6495,71.9208,100.6495,103.8459,12.2022,167.274,167.274,310.8327,92.7425
638,cnn,nsson,jetson_emulator,300,offload,0.5351168335899893,100.4969,71.8994,71.8994,74.4064,13.2389,167.274,167.274,288.9704,92.7136
639,cnn,nsson,jetson_emulator,300,offload,0.5303991795257678,100.7039,72.4793,72.4793,74.3184,13.2247,167.274,167.274,289.1356,92.8228
640,cnn,nsson,jetson_emulator,300,offload,0.5304535133494751,101.3656,72.5871,72.5871,75.2575,13.222,167.274,167.274,289.3008,92.7391
641,cnn,nsson,jetson_emulator,300,local,0.5295937989692958,101.1831,72.0565,101.1831,104.9197,12.1908,167.274,167.274,311.5439,92.7358
642,cnn,nsson,jetson_emulator,300,offload,0.5398886136726805,101.1286,71.8842,71.8842,75.4542,13.2393,167.274,167.274,289.6312,92.8252
643,cnn,nsson,jetson_emulator,300,offload,0.5398389726426578,100.9425,72.1482,72.1482,75.0747,13.2328,167.274,167.274,289.7964,92.8158
644,cnn,nsson,jetson_emulator,300,offload,0.5417617126736315,100.8073,71.9913,71.9913,75.7236,13.2366,167.274,167.274,289.9616,92.744
645,cnn,nsson,jetson_emulator,300,offload,0.5518053017390707,100.7265,71.8749,71.8749,74.8379,13.2395,167.274,167.274,290.1268,92.7615
646,cnn,nsson,jetson_emulator,300,local,0.5545596890226843,101.022,72.4711,101.022,104.6203,12.1942,167.274,167.274,312.433,92.7809
647,cnn,nsson,jetson_emulator,300,offload,0.5557800692812931,100.7975,72.5452,72.5452,76.1072,13.2231,167.274,167.274,290.4573,92.7288
648,cnn,nsson,jetson_emulator,300,offload,0.5561664833274521,100.744,71.9141,71.9141,74.8304,13.2385,167.274,167.274,290.6225,92.7123
649,cnn,nsson,jetson_emulator,300,offload,0.5530203674888138,100.9587,72.5172,72.5172,75.0659,13.2237,167.274,167.274,290.7877,92.7964
650,cnn,nsson,jetson_emulator,300,offload,0.5549300978680193,101.0394,71.9894,71.9894,76.1891,13.2367,167.274,167.274,290.9529,92.8782
651,cnn,nsson,jetson_emulator,300,offload,0.564940068919001,100.7993,72.2474,72.2474,75.5135,13.2304,167.274,167.274,291.1181,92.7524
652,cnn,nsson,jetson_emulator,300,local,0.5638476208765248,100.5831,71.9845,100.5831,103.9193,12.2037,167.274,167.274,313.4998,92.773
653,cnn,nsson,jetson_emulator,300,local,0.5724405734783715,100.7585,72.2822,100.7585,104.1077,12.1999,167.274,167.274,313.6776,92.6946
654,cnn,nsson,jetson_emulator,300,offload,0.5689032325666555,100.7004,72.2918,72.2918,75.0322,13.2293,167.274,167.274,291.6137,92.6613
655,cnn,nsson,jetson_emulator,300,offload,0.5731927432774613,100.4476,71.8324,71.8324,75.8499,13.2405,167.274,167.274,291.7789,92.819
656,cnn,nsson,jetson_emulator,300,offload,0.5659009324217192,102.008,72.0428,72.0428,75.0381,13.2354,167.274,167.274,291.9441,92.7323
657,cnn,nsson,jetson_emulator,300,offload,0.5811551536273047,100.8093,71.7667,71.7667,74.8992,13.2422,167.274,167.274,292.1094,92.7711
658,cnn,nsson,jetson_emulator,300,offload,0.5923393710896491,101.2062,73.1975,73.1975,76.4196,13.2071,167.274,167.274,292.2746,92.7814
659,cnn,nsson,jetson_emulator,300,offload,0.5910186827639093,100.9335,72.4432,72.4432,75.0876,13.2256,167.274,167.274,292.4398,92.7253
660,cnn,nsson,jetson_emulator,300,local,0.588756479014401,100.2912,71.8953,100.2912,102.8206,12.2099,167.274,167.274,314.9223,92.7425
661,cnn,nsson,jetson_emulator,300,offload,0.5875809055802916,101.168,71.8721,71.8721,74.9228,13.2396,167.274,167.274,292.7702,92.8473
662,cnn,nsson,jetson_emulator,300,offload,0.5920704778048625,100.6986,71.9927,71.9927,74.9693,13.2366,167.274,167.274,292.9354,92.7955
663,cnn,nsson,jetson_emulator,300,offload,0.5926136415538278,101.3516,72.5465,72.5465,76.4171,13.223,167.274,167.274,293.1006,92.7258
664,cnn,nsson,jetson_emulator,300,local,0.5922294527364382,100.7744,71.9755,100.7744,104.3726,12.1996,167.274,167.274,315.6336,92.7522
665,cnn,nsson,jetson_emulator,300,local,0.5881098705968647,101.231,71.9651,101.231,103.9365,12.1897,167.274,167.274,315.8114,92.6623
666,cnn,nsson,jetson_emulator,300,local,0.6063683577796933,100.7128,71.8551,100.7128,104.1512,12.2009,167.274,167.274,315.9892,92.6748
667,cnn,nsson,jetson_emulator,300,offload,0.6086106146182937,100.4272,71.7784,71.7784,74.524,13.2419,167.274,167.274,293.7615,92.898
668,cnn,nsson,jetson_emulator,300,offload,0.5992618302485416,100.6351,71.8345,71.8345,74.4543,13.2405,167.274,167.274,293.9267,92.7815
669,cnn,nsson,jetson_emulator,300,offload,0.5853425662361091,100.9197,72.2899,72.2899,75.5644,13.2293,167.274,167.274,294.0919,92.7574
670,cnn,nsson,jetson_emulator,300,offload,0.594628676803748,100.7945,71.5137,71.5137,74.9643,13.2484,167.274,167.274,294.2571,92.7322
671,cnn,nsson,jetson_emulator,300,local,0.5921569457684338,99.9442,72.4469,99.9442,102.8227,12.2174,167.274,167.274,316.8782,92.8241
672,cnn,nsson,jetson_emulator,300,offload,0.5949054355522622,99.9217,72.7813,72.7813,75.8193,13.2173,167.274,167.274,294.5875,92.6892
673,cnn,nsson,jetson_emulator,300,offload,0.5950420613197374,99.9232,72.6742,72.6742,76.8804,13.2199,167.274,167.274,294.7527,92.71
674,cnn,nsson,jetson_emulator,300,offload,0.6002613881635385,100.0981,71.7377,71.7377,74.6192,13.2429,167.274,167.274,294.9179,92.8148
675,cnn,nsson,jetson_emulator,300,offload,0.592213749844645,100.0429,71.2621,71.2621,74.1093,13.2546,167.274,167.274,295.0831,92.7776
676,cnn,nsson,jetson_emulator,300,offload,0.594267308646367,100.0692,72.3413,72.3413,75.3724,13.2281,167.274,167.274,295.2483,92.7075
677,cnn,nsson,jetson_emulator,300,offload,0.5935269119483817,99.5355,71.8371,71.8371,75.1369,13.2404,167.274,167.274,295.4135,92.7301
678,cnn,nsson,jetson_emulator,300,offload,0.5972290593445719,99.6451,71.577,71.577,75.3396,13.2468,167.274,167.274,295.5788,92.8771
679,cnn,nsson,jetson_emulator,300,local,0.5898450799497819,99.6906,71.3293,99.6906,102.9157,12.2229,167.274,167.274,318.3007,92.733
680,cnn,nsson,jetson_emulator,300,offload,0.5924050051234493,99.5124,71.9224,71.9224,75.3638,13.2383,167.274,167.274,295.9092,92.8127
681,cnn,nsson,jetson_emulator,300,offload,0.5911365956928594,99.8583,71.9974,71.9974,74.9946,13.2365,167.274,167.274,296.0744,92.8062
682,cnn,nsson,jetson_emulator,300,offload,0.5836801010952903,99.6984,71.8836,71.8836,75.3195,13.2393,167.274,167.274,296.2396,92.6926
683,cnn,nsson,jetson_emulator,300,local,0.5862999038087535,99.1766,70.8516,99.1766,102.3727,12.234,167.274,167.274,319.012,92.7877
684,cnn,nsson,jetson_emulator,300,offload,0.5840426541635927,99.0817,71.6458,71.6458,74.7801,13.2451,167.274,167.274,296.57,92.7503
685,cnn,nsson,jetson_emulator,300,local,0.5795108748664635,100.3091,71.3095,100.3091,104.1554,12.2096,167.274,167.274,319.3676,92.766
686,cnn,nsson,jetson_emulator,300,offload,0.5847931232246465,99.6029,70.8581,70.8581,73.8086,13.2645,167.274,167.274,296.9004,92.6883
687,cnn,nsson,jetson_emulator,300,local,0.5840203281470372,99.3491,71.2028,99.3491,101.5465,12.2303,167.274,167.274,319.7232,92.7611
688,cnn,nsson,jetson_emulator,300,offload,0.5758564346785725,99.4368,71.0672,71.0672,74.324,13.2594,167.274,167.274,297.2309,92.6903
689,cnn,nsson,jetson_emulator,300,local,0.5771978987395987,99.308,70.5753,99.308,102.627,12.2311,167.274,167.274,320.0788,92.8188
690,cnn,nsson,jetson_emulator,300,local,0.5792647776620844,98.643,70.9432,98.643,101.3873,12.2455,167.274,167.274,320.2566,92.831
691,cnn,nsson,jetson_emulator,300,local,0.5803659999114398,98.7344,70.6527,98.7344,102.8734,12.2436,167.274,167.274,320.4344,92.816
692,cnn,nsson,jetson_emulator,300,local,0.5723605787709263,98.4213,70.7085,98.4213,101.7219,12.2503,167.274,167.274,320.6122,92.817
693,cnn,nsson,jetson_emulator,300,offload,0.5706228157099382,98.4924,70.6073,70.6073,74.3296,13.2707,167.274,167.274,298.0569,92.7457
694,cnn,nsson,jetson_emulator,300,offload,0.5751602070566129,98.4943,72.3085,72.3085,75.4987,13.2289,167.274,167.274,298.2221,92.7545
695,cnn,nsson,jetson_emulator,300,local,0.5767554349373993,98.4411,70.7777,98.4411,101.2465,12.2499,167.274,167.274,321.1457,92.7881
696,cnn,nsson,jetson_emulator,300,offload,0.5858053593138697,98.96,72.0197,72.0197,75.1782,13.2359,167.274,167.274,298.5525,92.7027
697,cnn,nsson,jetson_emulator,300,offload,0.5781064841662111,98.1678,71.8174,71.8174,74.7366,13.2409,167.274,167.274,298.7177,92.7951
698,cnn,nsson,jetson_emulator,300,offload,0.5905619275484173,98.5579,70.2662,70.2662,73.6441,13.2792,167.274,167.274,298.883,92.7406
699,cnn,nsson,jetson_emulator,300,offload,0.5886814557920176,97.9918,69.9923,69.9923,73.076,13.2859,167.274,167.274,299.0482,92.7921
700,cnn,nsson,jetson_emulator,300,offload,0.5856034732324247,98.2195,70.1744,70.1744,73.0574,13.2814,167.274,167.274,299.2134,92.7591
701,cnn,nsson,jetson_emulator,300,offload,0.5804566400615171,98.3005,70.2717,70.2717,73.5507,13.279,167.274,167.274,299.3786,92.7528
702,cnn,nsson,jetson_emulator,300,offload,0.5753406486907567,98.3099,69.9153,69.9153,72.6381,13.2878,167.274,167.274,299.5438,92.7941
703,cnn,nsson,jetson_emulator,300,offload,0.5679758543552246,97.8802,69.9079,69.9079,72.4584,13.288,167.274,167.274,299.709,92.8248
704,cnn,nsson,jetson_emulator,300,offload,0.5743693083644781,97.791,70.9103,70.9103,73.8498,13.2632,167.274,167.274,299.8742,92.7356
705,cnn,nsson,jetson_emulator,300,offload,0.5638918957888314,97.6733,70.3816,70.3816,73.4841,13.2763,167.274,167.274,300.0394,92.8233
706,cnn,nsson,jetson_emulator,300,local,0.562895813647334,98.4303,70.6436,98.4303,101.466,12.2501,167.274,167.274,323.1016,92.8188
707,cnn,nsson,jetson_emulator,300,offload,0.5534945488132657,97.5762,71.1241,71.1241,74.1645,13.258,167.274,167.274,300.3698,92.6941
708,cnn,nsson,jetson_emulator,300,local,0.5471059323451749,97.6637,69.4667,97.6637,101.3534,12.2668,167.274,167.274,323.4572,92.8028
709,cnn,nsson,jetson_emulator,300,local,0.5497113299472307,97.475,69.4995,97.475,101.0981,12.2709,167.274,167.274,323.635,92.6639
710,cnn,nsson,jetson_emulator,300,offload,0.5435298026905999,97.2384,70.8361,70.8361,73.3386,13.2651,167.274,167.274,300.8655,92.7735
711,cnn,nsson,jetson_emulator,300,offload,0.5459592486818177,97.8176,71.1333,71.1333,74.0749,13.2578,167.274,167.274,301.0307,92.842
712,cnn,nsson,jetson_emulator,300,offload,0.5437891813509695,97.4111,70.1534,70.1534,73.369,13.2819,167.274,167.274,301.1959,92.7802
713,cnn,nsson,jetson_emulator,300,offload,0.5377732026542396,97.7638,69.5149,69.5149,73.2627,13.2977,167.274,167.274,301.3611,92.8618
714,cnn,nsson,jetson_emulator,300,offload,0.5411548811100326,96.6805,69.579,69.579,72.5459,13.2962,167.274,167.274,301.5263,92.7587
715,cnn,nsson,jetson_emulator,300,offload,0.5360944498124912,97.4,70.6636,70.6636,73.5154,13.2693,167.274,167.274,301.6915,92.8296
716,cnn,nsson,jetson_emulator,300,offload,0.531881565191285,96.8273,69.3941,69.3941,72.7604,13.3007,167.274,167.274,301.8567,92.695
717,cnn,nsson,jetson_emulator,300,offload,0.5380233217122447,97.9589,69.6301,69.6301,73.4287,13.2949,167.274,167.274,302.0219,92.8722
718,cnn,nsson,jetson_emulator,300,local,0.5472485223637794,96.9207,68.9829,96.9207,100.8912,12.2829,167.274,167.274,325.2353,92.6815
719,cnn,nsson,jetson_emulator,300,offload,0.5533949190631471,96.4417,68.8891,68.8891,72.3569,13.3133,167.274,167.274,302.3524,92.7378
720,cnn,nsson,jetson_emulator,300,offload,0.5410579318586263,96.3625,70.3517,70.3517,73.4554,13.277,167.274,167.274,302.5176,92.7642
721,cnn,nsson,jetson_emulator,300,local,0.5392371035693881,96.5627,69.803,96.5627,98.3547,12.2907,167.274,167.274,325.7688,92.6965
722,cnn,nsson,jetson_emulator,300,offload,0.5405552285661659,96.7449,69.0908,69.0908,72.8136,13.3083,167.274,167.274,302.848,92.754
723,cnn,nsson,jetson_emulator,300,offload,0.5470476340676768,96.1316,69.5187,69.5187,72.8734,13.2977,167.274,167.274,303.0132,92.6871
724,cnn,nsson,jetson_emulator,300,offload,0.5531913561117684,96.7693,69.1756,69.1756,71.8139,13.3062,167.274,167.274,303.1784,92.7131
725,cnn,nsson,jetson_emulator,300,offload,0.5541028590754035,95.9233,69.3777,69.3777,71.4791,13.3012,167.274,167.274,303.3436,92.7788
726,cnn,nsson,jetson_emulator,300,offload,0.5613462990275242,95.7967,69.814,69.814,72.9929,13.2903,167.274,167.274,303.5088,92.7392
727,cnn,nsson,jetson_emulator,300,offload,0.5639628702614703,96.0942,69.0497,69.0497,71.7981,13.3093,167.274,167.274,303.674,92.7227
728,cnn,nsson,jetson_emulator,300,local,0.5657472563892089,96.0941,68.9223,96.0941,99.7503,12.301,167.274,167.274,327.0134,92.8
729,cnn,nsson,jetson_emulator,300,offload,0.5617332351794456,96.0661,68.9709,68.9709,71.8754,13.3112,167.274,167.274,304.0045,92.8248
730,cnn,nsson,jetson_emulator,300,offload,0.5589645042978124,95.8224,68.6631,68.6631,72.2097,13.3189,167.274,167.274,304.1697,92.7652
731,cnn,nsson,jetson_emulator,300,offload,0.5665693503004656,96.1669,68.2907,68.2907,71.4524,13.3282,167.274,167.274,304.3349,92.7224
732,cnn,nsson,jetson_emulator,300,offload,0.5699027626859902,95.5037,69.3452,69.3452,72.5498,13.302,167.274,167.274,304.5001,92.7161
733,cnn,nsson,jetson_emulator,300,offload,0.5742901631393544,96.0853,69.2567,69.2567,73.25,13.3042,167.274,167.274,304.6653,92.8212
734,cnn,nsson,jetson_emulator,300,offload,0.571412438523756,96.2162,68.9387,68.9387,71.819,13.312,167.274,167.274,304.8305,92.7984
735,cnn,nsson,jetson_emulator,300,local,0.5735571616341327,95.6094,68.1675,95.6094,98.7944,12.3116,167.274,167.274,328.2581,92.776
736,cnn,nsson,jetson_emulator,300,local,0.5796763243416282,96.0334,68.8786,96.0334,99.7043,12.3023,167.274,167.274,328.4359,92.8172
737,cnn,nsson,jetson_emulator,300,offload,0.5907697030624657,95.2028,69.0803,69.0803,72.0201,13.3085,167.274,167.274,305.3261,92.6809
738,cnn,nsson,jetson_emulator,300,offload,0.5848374595766992,95.9437,68.2725,68.2725,70.8872,13.3286,167.274,167.274,305.4913,92.7123
739,cnn,nsson,jetson_emulator,300,offload,0.5910312095071169,95.4629,69.3287,69.3287,72.9856,13.3024,167.274,167.274,305.6566,92.7201
740,cnn,nsson,jetson_emulator,300,local,0.5921023779127926,95.8085,68.6092,95.8085,98.2862,12.3072,167.274,167.274,329.1472,92.8129
741,cnn,nsson,jetson_emulator,300,local,0.5873485605282012,95.8235,68.4353,95.8235,99.8463,12.3069,167.274,167.274,329.325,92.7413
742,cnn,nsson,jetson_emulator,300,local,0.5825503038892068,95.6536,68.3792,95.6536,98.5642,12.3106,167.274,167.274,329.5028,92.6916
743,cnn,nsson,jetson_emulator,300,offload,0.5800128187442374,95.1165,68.7957,68.7957,71.6632,13.3156,167.274,167.274,306.3174,92.6924
744,cnn,nsson,jetson_emulator,300,offload,0.5752507834414439,95.5863,68.0181,68.0181,71.0565,13.335,167.274,167.274,306.4826,92.785
745,cnn,nsson,jetson_emulator,300,offload,0.563176541939477,95.3882,68.8825,68.8825,71.7479,13.3134,167.274,167.274,306.6478,92.7037
746,cnn,nsson,jetson_emulator,300,offload,0.5580215819135915,95.2658,68.1109,68.1109,71.7561,13.3326,167.274,167.274,306.813,92.7833
747,cnn,nsson,jetson_emulator,300,offload,0.5623253330349708,95.3009,68.3387,68.3387,71.1064,13.327,167.274,167.274,306.9782,92.7915
748,cnn,nsson,jetson_emulator,300,offload,0.5615320350655707,95.1738,68.0417,68.0417,71.379,13.3344,167.274,167.274,307.1434,92.7366
749,cnn,nsson,jetson_emulator,300,local,0.5538408970073385,94.9425,68.9905,94.9425,98.8903,12.3262,167.274,167.274,330.7475,92.7712
750,cnn,nsson,jetson_emulator,300,offload,0.5544496626601063,94.6933,68.4396,68.4396,71.1522,13.3245,167.274,167.274,307.4739,92.7994
751,cnn,nsson,jetson_emulator,300,offload,0.5573532026103836,96.0131,69.0631,69.0631,72.0491,13.309,167.274,167.274,307.6391,92.7074
752,cnn,nsson,jetson_emulator,300,offload,0.5506659373047422,95.4666,68.2803,68.2803,71.5648,13.3284,167.274,167.274,307.8043,92.6628
753,cnn,nsson,jetson_emulator,300,offload,0.5471661407571073,94.8059,67.9952,67.9952,71.6737,13.3355,167.274,167.274,307.9695,92.7411
754,cnn,nsson,jetson_emulator,300,offload,0.5432026234910683,95.8218,67.9043,67.9043,71.309,13.3378,167.274,167.274,308.1347,92.7877
755,cnn,nsson,jetson_emulator,300,local,0.5383851993643913,94.8916,69.054,94.8916,97.691,12.3273,167.274,167.274,331.8143,92.7529
756,cnn,nsson,jetson_emulator,300,offload,0.5378663483322946,95.0066,68.5188,68.5188,71.76,13.3225,167.274,167.274,308.4651,92.598
757,cnn,nsson,jetson_emulator,300,offload,0.5392400918164387,94.8759,67.9088,67.9088,71.1076,13.3377,167.274,167.274,308.6303,92.7492
758,cnn,nsson,jetson_emulator,300,offload,0.5347229403825698,95.4423,68.7696,68.7696,71.5093,13.3162,167.274,167.274,308.7955,92.7285
759,cnn,nsson,jetson_emulator,300,offload,0.5372560339882839,94.8593,68.1285,68.1285,71.6934,13.3322,167.274,167.274,308.9608,92.6642
760,cnn,nsson,jetson_emulator,300,offload,0.5420121130929483,94.9156,68.5136,68.5136,71.7271,13.3226,167.274,167.274,309.126,92.7709
761,cnn,nsson,jetson_emulator,300,offload,0.5325252816736941,94.9913,67.6661,67.6661,71.4391,13.3437,167.274,167.274,309.2912,92.7866
762,cnn,nsson,jetson_emulator,300,offload,0.5336804980863262,95.4052,67.9854,67.9854,71.0923,13.3358,167.274,167.274,309.4564,92.8045
763,cnn,nsson,jetson_emulator,300,offload,0.5422449430231596,94.8668,68.0399,68.0399,71.4491,13.3344,167.274,167.274,309.6216,92.789
764,cnn,nsson,jetson_emulator,300,offload,0.5468202646071487,95.0478,67.8546,67.8546,71.2714,13.339,167.274,167.274,309.7868,92.7721
765,cnn,nsson,jetson_emulator,300,offload,0.5484198562612188,95.3322,67.9733,67.9733,71.1769,13.3361,167.274,167.274,309.952,92.7919
766,cnn,nsson,jetson_emulator,300,offload,0.5571342176197427,95.0988,69.1977,69.1977,72.3205,13.3056,167.274,167.274,310.1172,92.7337
767,cnn,nsson,jetson_emulator,300,offload,0.5550945110128115,95.4806,67.9127,67.9127,70.8174,13.3376,167.274,167.274,310.2824,92.7433
768,cnn,nsson,jetson_emulator,300,offload,0.5539410867521909,95.1864,67.78,67.78,70.5661,13.3409,167.274,167.274,310.4476,92.7695
769,cnn,nsson,jetson_emulator,300,offload,0.5608792383493496,94.8126,68.6166,68.6166,72.4256,13.3201,167.274,167.274,310.6129,92.7516
770,cnn,nsson,jetson_emulator,300,offload,0.5417890752511038,94.8809,68.9534,68.9534,71.7918,13.3117,167.274,167.274,310.7781,92.7206
771,cnn,nsson,jetson_emulator,300,offload,0.5456455457206899,95.3237,69.3401,69.3401,72.6901,13.3021,167.274,167.274,310.9433,92.7455
772,cnn,nsson,jetson_emulator,300,offload,0.540896631270116,95.0489,68.6199,68.6199,72.7881,13.32,167.274,167.274,311.1085,92.8115
773,cnn,nsson,jetson_emulator,300,offload,0.5343944376915074,95.9341,68.6073,68.6073,71.4551,13.3203,167.274,167.274,311.2737,92.7654
774,cnn,nsson,jetson_emulator,300,offload,0.5306907671610898,95.6802,68.8671,68.8671,72.9555,13.3138,167.274,167.274,311.4389,92.7643
775,cnn,nsson,jetson_emulator,300,offload,0.5340650529058879,95.4906,68.2796,68.2796,70.888,13.3284,167.274,167.274,311.6041,92.7509
776,cnn,nsson,jetson_emulator,300,offload,0.5352827935146169,95.3279,68.9013,68.9013,72.4824,13.313,167.274,167.274,311.7693,92.6713
777,cnn,nsson,jetson_emulator,300,offload,0.5324890876717466,95.8085,68.8366,68.8366,71.6886,13.3146,167.274,167.274,311.9345,92.7494
778,cnn,nsson,jetson_emulator,300,local,0.5355273963603199,95.2718,68.4117,95.2718,98.1596,12.319,167.274,167.274,335.904,92.812
779,cnn,nsson,jetson_emulator,300,offload,0.5377780416482603,95.9188,68.2256,68.2256,72.0111,13.3298,167.274,167.274,312.265,92.8486
780,cnn,nsson,jetson_emulator,300,offload,0.5490104452290822,95.9921,68.4231,68.4231,71.1582,13.3249,167.274,167.274,312.4302,92.8036
781,cnn,nsson,jetson_emulator,300,offload,0.5480523710045949,96.2879,68.5391,68.5391,71.0504,13.322,167.274,167.274,312.5954,92.7904
782,cnn,nsson,jetson_emulator,300,offload,0.5494044044651747,95.8149,68.7911,68.7911,72.6992,13.3157,167.274,167.274,312.7606,92.7694
783,cnn,nsson,jetson_emulator,300,offload,0.5474611827323048,96.0207,68.3137,68.3137,72.0115,13.3276,167.274,167.274,312.9258,92.7489
784,cnn,nsson,jetson_emulator,300,local,0.5559882872657298,95.6461,68.3703,95.6461,98.889,12.3108,167.274,167.274,336.9708,92.7701
785,cnn,nsson,jetson_emulator,300,offload,0.5604394059696026,97.6133,68.6826,68.6826,71.3984,13.3184,167.274,167.274,313.2562,92.8451
786,cnn,nsson,jetson_emulator,300,offload,0.5632635225057784,96.2641,68.8726,68.8726,71.3595,13.3137,167.274,167.274,313.4214,92.8274
787,cnn,nsson,jetson_emulator,300,offload,0.5601197585004661,96.1797,69.0785,69.0785,72.8923,13.3086,167.274,167.274,313.5866,92.9074
788,cnn,nsson,jetson_emulator,300,offload,0.5565151890575216,96.5009,70.0095,70.0095,72.8913,13.2855,167.274,167.274,313.7518,92.7829
789,cnn,nsson,jetson_emulator,300,offload,0.5534913976173538,96.588,69.1529,69.1529,72.6364,13.3067,167.274,167.274,313.9171,92.8832
790,cnn,nsson,jetson_emulator,300,offload,0.5598402122059243,96.3629,68.9618,68.9618,72.6431,13.3115,167.274,167.274,314.0823,92.7612
791,cnn,nsson,jetson_emulator,300,local,0.561652952661806,96.6328,70.3619,96.6328,100.9245,12.2892,167.274,167.274,338.2155,92.7714
792,cnn,nsson,jetson_emulator,300,offload,0.5613726029603983,96.9528,69.6984,69.6984,72.7676,13.2932,167.274,167.274,314.4127,92.9029
793,cnn,nsson,jetson_emulator,300,local,0.5509950370279791,96.5962,69.8372,96.5962,100.5914,12.29,167.274,167.274,338.5711,92.7854
794,cnn,nsson,jetson_emulator,300,local,0.5550103235717466,96.6968,70.5732,96.6968,99.4844,12.2878,167.274,167.274,338.7489,92.6935
795,cnn,nsson,jetson_emulator,300,offload,0.5522010238749887,97.3401,69.7732,69.7732,73.1077,13.2914,167.274,167.274,314.9083,92.7566
796,cnn,nsson,jetson_emulator,300,offload,0.5409250750759381,96.8124,69.2118,69.2118,73.162,13.3053,167.274,167.274,315.0735,92.7919
797,cnn,nsson,jetson_emulator,300,local,0.5503446409138492,97.1894,69.4301,97.1894,100.6576,12.2771,167.274,167.274,339.2824,92.7895
798,cnn,nsson,jetson_emulator,300,offload,0.5526733276026904,97.8876,70.0645,70.0645,74.3383,13.2841,167.274,167.274,315.4039,92.7032
799,cnn,nsson,jetson_emulator,300,offload,0.5515701892696429,98.0175,70.3485,70.3485,72.9171,13.2771,167.274,167.274,315.5691,92.8553
800,cnn,nsson,jetson_emulator,300,offload,0.5572088036899422,97.5897,69.8015,69.8015,74.0942,13.2906,167.274,167.274,315.7344,92.6599
801,cnn,nsson,jetson_emulator,300,offload,0.5582172623237338,97.3307,70.1839,70.1839,72.6962,13.2812,167.274,167.274,315.8996,92.7851
802,cnn,nsson,jetson_emulator,300,offload,0.5575613233408321,97.6993,70.0781,70.0781,73.3197,13.2838,167.274,167.274,316.0648,92.7869
803,cnn,nsson,jetson_emulator,300,local,0.5561766506787178,97.9847,70.5757,97.9847,101.6269,12.2598,167.274,167.274,340.3492,92.7956
804,cnn,nsson,jetson_emulator,300,offload,0.5681997905646501,98.4253,69.8673,69.8673,72.7086,13.289,167.274,167.274,316.3952,92.7693
805,cnn,nsson,jetson_emulator,300,offload,0.5619583241525987,98.3692,70.0051,70.0051,73.026,13.2856,167.274,167.274,316.5604,92.7938
806,cnn,nsson,jetson_emulator,300,offload,0.560148064666613,98.9245,70.9889,70.9889,73.6827,13.2613,167.274,167.274,316.7256,92.7022
807,cnn,nsson,jetson_emulator,300,offload,0.5704444203724716,98.242,70.8837,70.8837,74.0876,13.2639,167.274,167.274,316.8908,92.7095
808,cnn,nsson,jetson_emulator,300,offload,0.5696344411280753,98.3776,71.292,71.292,74.2239,13.2538,167.274,167.274,317.056,92.7924
809,cnn,nsson,jetson_emulator,300,offload,0.5682391742338803,99.6677,70.5875,70.5875,73.4074,13.2712,167.274,167.274,317.2212,92.8169
810,cnn,nsson,jetson_emulator,300,local,0.5729350434485041,98.7006,71.0227,98.7006,101.7713,12.2443,167.274,167.274,341.5939,92.6914
811,cnn,nsson,jetson_emulator,300,offload,0.5737980368467799,99.1546,71.1345,71.1345,74.4156,13.2577,167.274,167.274,317.5517,92.8637
812,cnn,nsson,jetson_emulator,300,offload,0.5760422297078966,99.9109,71.2997,71.2997,74.7763,13.2537,167.274,167.274,317.7169,92.7452
813,cnn,nsson,jetson_emulator,300,offload,0.573771370542954,99.136,71.0931,71.0931,73.6617,13.2587,167.274,167.274,317.8821,92.7232
814,cnn,nsson,jetson_emulator,300,offload,0.5738593507729738,99.8994,72.5103,72.5103,75.7641,13.2239,167.274,167.274,318.0473,92.8571
815,cnn,nsson,jetson_emulator,300,offload,0.5652170335521538,99.3777,71.2119,71.2119,74.9941,13.2558,167.274,167.274,318.2125,92.7052
816,cnn,nsson,jetson_emulator,300,offload,0.5652303261263443,100.2981,72.5412,72.5412,75.346,13.2232,167.274,167.274,318.3777,92.8062
817,cnn,nsson,jetson_emulator,300,offload,0.569882831814252,100.1259,71.9553,71.9553,75.1845,13.2375,167.274,167.274,318.5429,92.797
818,cnn,nsson,jetson_emulator,300,local,0.5780575360921247,99.9667,71.5335,99.9667,103.4676,12.2169,167.274,167.274,343.0164,92.7509
819,cnn,nsson,jetson_emulator,300,offload,0.5866888789512769,100.8868,72.2614,72.2614,75.3129,13.23,167.274,167.274,318.8733,92.7363
820,cnn,nsson,jetson_emulator,300,offload,0.5895260373471991,100.7612,71.8348,71.8348,74.3622,13.2405,167.274,167.274,319.0386,92.7555
821,cnn,nsson,jetson_emulator,300,offload,0.5903334613342232,100.4528,72.3281,72.3281,76.1226,13.2284,167.274,167.274,319.2038,92.8423
822,cnn,nsson,jetson_emulator,300,local,0.57976909508592,100.9779,72.3054,100.9779,103.741,12.1952,167.274,167.274,343.7276,92.7539
823,cnn,nsson,jetson_emulator,300,offload,0.5659528950354458,101.0548,72.8678,72.8678,75.8541,13.2152,167.274,167.274,319.5342,92.7584
824,cnn,nsson,jetson_emulator,300,offload,0.562380807961536,101.1823,72.373,72.373,76.3747,13.2273,167.274,167.274,319.6994,92.735
825,cnn,nsson,jetson_emulator,300,offload,0.5668196917631916,101.3431,72.6749,72.6749,76.7488,13.2199,167.274,167.274,319.8646,92.7844
826,cnn,nsson,jetson_emulator,300,local,0.5848117133527816,102.0892,73.4423,102.0892,105.0184,12.1714,167.274,167.274,344.4389,92.856
827,cnn,nsson,jetson_emulator,300,offload,0.5858653659998473,101.7153,73.7077,73.7077,77.1619,13.1946,167.274,167.274,320.195,92.7509
828,cnn,nsson,jetson_emulator,300,offload,0.5825690896469351,101.9853,73.1677,73.1677,76.4978,13.2078,167.274,167.274,320.3602,92.7712
829,cnn,nsson,jetson_emulator,300,local,0.5869354818363647,102.1342,73.8957,102.1342,105.7479,12.1704,167.274,167.274,344.9723,92.7766
830,cnn,nsson,jetson_emulator,300,offload,0.585079955015633,102.3661,74.0701,74.0701,77.5282,13.1858,167.274,167.274,320.6907,92.8024
831,cnn,nsson,jetson_emulator,300,offload,0.5827004875038193,102.2708,73.3661,73.3661,76.9252,13.203,167.274,167.274,320.8559,92.8165
832,cnn,nsson,jetson_emulator,300,offload,0.571406749971322,102.9343,73.6436,73.6436,76.6674,13.1962,167.274,167.274,321.0211,92.738
833,cnn,nsson,jetson_emulator,300,local,0.5591455862741848,103.6284,73.9052,103.6284,107.3319,12.1385,167.274,167.274,345.6835,92.7578
834,cnn,nsson,jetson_emulator,300,offload,0.5581133455032584,103.1116,73.578,73.578,77.7671,13.1978,167.274,167.274,321.3515,92.7105
835,cnn,nsson,jetson_emulator,300,local,0.5680537058209181,103.7582,73.8783,103.7582,106.3797,12.1358,167.274,167.274,346.0392,92.6328
836,cnn,nsson,jetson_emulator,300,offload,0.5647851772028551,103.1744,74.4047,74.4047,76.9408,13.1776,167.274,167.274,321.6819,92.8424
837,cnn,nsson,jetson_emulator,300,local,0.5577461524654643,103.9862,74.619,103.9862,107.0505,12.1309,167.274,167.274,346.3948,92.7186
838,cnn,nsson,jetson_emulator,300,offload,0.5553356370295134,103.8235,74.7814,74.7814,77.3132,13.1685,167.274,167.274,322.0123,92.7793
839,cnn,nsson,jetson_emulator,300,offload,0.5503846747327352,104.1813,75.2249,75.2249,77.8613,13.1577,167.274,167.274,322.1775,92.8244
840,cnn,nsson,jetson_emulator,300,offload,0.5571884432306707,104.0006,74.3746,74.3746,78.3958,13.1784,167.274,167.274,322.3428,92.7355
841,cnn,nsson,jetson_emulator,300,offload,0.5640962195703348,104.9035,75.8687,75.8687,79.2106,13.1421,167.274,167.274,322.508,92.7672
842,cnn,nsson,jetson_emulator,300,offload,0.5598467720939456,104.4432,74.9112,74.9112,78.4118,13.1653,167.274,167.274,322.6732,92.8286
843,cnn,nsson,jetson_emulator,300,local,0.5605709408618912,105.9798,75.3145,105.9798,109.1558,12.0887,167.274,167.274,347.4616,92.7284
844,cnn,nsson,jetson_emulator,300,offload,0.5625355525608012,105.1221,75.125,75.125,77.8583,13.1601,167.274,167.274,323.0036,92.7499
845,cnn,nsson,jetson_emulator,300,offload,0.5648475125481827,105.2389,75.204,75.204,79.5253,13.1582,167.274,167.274,323.1688,92.7703
846,cnn,nsson,jetson_emulator,300,offload,0.5587382835315036,106.0508,76.3815,76.3815,79.9985,13.1297,167.274,167.274,323.334,92.8268
847,cnn,nsson,jetson_emulator,300,offload,0.5655978952291393,105.5165,75.3487,75.3487,79.3874,13.1547,167.274,167.274,323.4992,92.7892
848,cnn,nsson,jetson_emulator,300,local,0.5572712887820661,105.7199,75.8011,105.7199,108.8073,12.0942,167.274,167.274,348.3507,92.7454
849,cnn,nsson,jetson_emulator,300,offload,0.5590024178185035,106.7126,76.2182,76.2182,78.8991,13.1336,167.274,167.274,323.8296,92.8422
850,cnn,nsson,jetson_emulator,300,offload,0.559376891976516,106.628,76.4866,76.4866,80.5078,13.1271,167.274,167.274,323.9949,92.7687
851,cnn,nsson,jetson_emulator,300,offload,0.5652622003410558,106.6829,76.7024,76.7024,79.5168,13.1219,167.274,167.274,324.1601,92.7798
852,cnn,nsson,jetson_emulator,300,offload,0.5602583509311464,106.7037,77.6136,77.6136,81.4879,13.1,167.274,167.274,324.3253,92.7682
853,cnn,nsson,jetson_emulator,300,offload,0.5458401710131646,106.9233,77.2662,77.2662,80.4349,13.1083,167.274,167.274,324.4905,92.8246
854,cnn,nsson,jetson_emulator,300,local,0.5397772170564777,107.2108,76.8414,107.2108,110.266,12.0628,167.274,167.274,349.4176,92.7524
855,cnn,nsson,jetson_emulator,300,offload,0.5442680495480725,107.137,77.2891,77.2891,80.6898,13.1078,167.274,167.274,324.8209,92.7615
856,cnn,nsson,jetson_emulator,300,offload,0.550758002713639,107.5397,76.8679,76.8679,79.7984,13.1179,167.274,167.274,324.9861,92.8169
857,cnn,nsson,jetson_emulator,300,offload,0.5485574541016938,108.5367,76.9694,76.9694,80.3131,13.1155,167.274,167.274,325.1513,92.6694
858,cnn,nsson,jetson_emulator,300,offload,0.5622840876292293,108.2301,78.2635,78.2635,81.7188,13.0844,167.274,167.274,325.3165,92.7254
859,cnn,nsson,jetson_emulator,300,local,0.5534930775698538,108.7209,77.5435,108.7209,111.2546,12.0311,167.274,167.274,350.3066,92.6716
860,cnn,nsson,jetson_emulator,300,offload,0.5474790898554734,108.44,78.9356,78.9356,81.5457,13.0683,167.274,167.274,325.6469,92.7459
861,cnn,nsson,jetson_emulator,300,offload,0.5415397764425577,109.7291,77.5199,77.5199,80.7545,13.1022,167.274,167.274,325.8122,92.6866
862,cnn,nsson,jetson_emulator,300,offload,0.5343541458606424,109.2987,77.8296,77.8296,81.307,13.0948,167.274,167.274,325.9774,92.7676
863,cnn,nsson,jetson_emulator,300,offload,0.542055140255547,109.4983,78.0455,78.0455,80.7177,13.0896,167.274,167.274,326.1426,92.8339
864,cnn,nsson,jetson_emulator,300,local,0.5496101344038259,109.0795,78.4287,109.0795,112.4297,12.0237,167.274,167.274,351.1957,92.7198
865,cnn,nsson,jetson_emulator,300,offload,0.5485561876263337,109.9107,78.5873,78.5873,82.4373,13.0766,167.274,167.274,326.473,92.8589
866,cnn,nsson,jetson_emulator,300,offload,0.5460748043850109,109.3423,78.5343,78.5343,82.3073,13.0779,167.274,167.274,326.6382,92.6989
867,cnn,nsson,jetson_emulator,300,offload,0.5547093860720101,110.3386,78.7573,78.7573,82.4699,13.0725,167.274,167.274,326.8034,92.7194
868,cnn,nsson,jetson_emulator,300,offload,0.561183868982937,110.004,78.4601,78.4601,81.2485,13.0796,167.274,167.274,326.9686,92.7269
869,cnn,nsson,jetson_emulator,300,local,0.560188718920807,110.9484,79.442,110.9484,113.6627,11.9848,167.274,167.274,352.0847,92.7635
870,cnn,nsson,jetson_emulator,300,offload,0.5613021391013993,110.6353,78.8321,78.8321,82.0048,13.0707,167.274,167.274,327.299,92.7349
871,cnn,nsson,jetson_emulator,300,offload,0.5662358459801105,110.5091,81.0139,81.0139,84.7619,13.0187,167.274,167.274,327.4643,92.6963
872,cnn,nsson,jetson_emulator,300,offload,0.5598933948320519,110.7936,79.5526,79.5526,83.0016,13.0535,167.274,167.274,327.6295,92.7698
873,cnn,nsson,jetson_emulator,300,local,0.5545254501381321,111.3705,79.1978,111.3705,114.3018,11.976,167.274,167.274,352.796,92.7776
874,cnn,nsson,jetson_emulator,300,offload,0.5479312387872076,111.375,79.9456,79.9456,83.2685,13.0441,167.274,167.274,327.9599,92.7147
875,cnn,nsson,jetson_emulator,300,offload,0.5407170725418026,111.4842,79.4652,79.4652,82.6275,13.0556,167.274,167.274,328.1251,92.8173
876,cnn,nsson,jetson_emulator,300,local,0.545208508343107,112.2591,79.7582,112.2591,115.9716,11.9577,167.274,167.274,353.3294,92.6996
877,cnn,nsson,jetson_emulator,300,offload,0.5473565729471063,111.6361,80.7287,80.7287,84.1282,13.0255,167.274,167.274,328.4555,92.8698
878,cnn,nsson,jetson_emulator,300,offload,0.5499651799016066,112.3745,79.9995,79.9995,83.5202,13.0428,167.274,167.274,328.6207,92.7966
879,cnn,nsson,jetson_emulator,300,offload,0.5472581885271668,112.1937,80.6842,80.6842,83.2802,13.0265,167.274,167.274,328.7859,92.7569
880,cnn,nsson,jetson_emulator,300,offload,0.539787176467984,112.6836,81.0277,81.0277,84.1543,13.0184,167.274,167.274,328.9511,92.7482
881,cnn,nsson,jetson_emulator,300,offload,0.5371824215455275,112.4542,82.0071,82.0071,84.7451,12.9951,167.274,167.274,329.1164,92.7769
882,cnn,nsson,jetson_emulator,300,offload,0.5316281096344636,113.0917,82.2236,82.2236,85.059,12.99,167.274,167.274,329.2816,92.7615
883,cnn,nsson,jetson_emulator,300,local,0.5316537965469593,113.3798,82.1314,113.3798,116.3784,11.9346,167.274,167.274,354.5741,92.7032
884,cnn,nsson,jetson_emulator,300,offload,0.5260750453853686,113.4098,81.0293,81.0293,84.1002,13.0183,167.274,167.274,329.612,92.7646
885,cnn,nsson,jetson_emulator,300,local,0.5137392755811115,113.8349,81.7538,113.8349,116.6236,11.9252,167.274,167.274,354.9297,92.7007
886,cnn,nsson,jetson_emulator,300,offload,0.5094622888663447,113.9973,81.4577,81.4577,85.1147,13.0082,167.274,167.274,329.9424,92.7669
887,cnn,nsson,jetson_emulator,300,offload,0.5045243646013431,113.5738,81.5954,81.5954,85.4274,13.0049,167.274,167.274,330.1076,92.7087
888,cnn,nsson,jetson_emulator,300,offload,0.5022986388729194,113.6256,81.9789,81.9789,85.1062,12.9958,167.274,167.274,330.2728,92.8165
889,cnn,nsson,jetson_emulator,300,local,0.49910922557398246,114.0296,81.3779,114.0296,117.0492,11.9212,167.274,167.274,355.6409,92.7213
890,cnn,nsson,jetson_emulator,300,offload,0.4973203546897147,113.9926,81.6364,81.6364,85.0407,13.0039,167.274,167.274,330.6032,92.7661
891,cnn,nsson,jetson_emulator,300,offload,0.48237870246882214,114.5134,81.9192,81.9192,84.7143,12.9972,167.274,167.274,330.7685,92.7763
892,cnn,nsson,jetson_emulator,300,offload,0.4871997913960686,114.4736,82.0707,82.0707,85.5127,12.9936,167.274,167.274,330.9337,92.7303
893,cnn,nsson,jetson_emulator,300,offload,0.4901572315526437,114.4765,81.9491,81.9491,84.8593,12.9965,167.274,167.274,331.0989,92.7551
894,cnn,nsson,jetson_emulator,300,offload,0.48534622271423933,115.0335,82.7261,82.7261,85.6775,12.9781,167.274,167.274,331.2641,92.7276
895,cnn,nsson,jetson_emulator,300,offload,0.4836861958341558,115.3298,82.2515,82.2515,85.5935,12.9894,167.274,167.274,331.4293,92.7483
896,cnn,nsson,jetson_emulator,300,offload,0.49398222637247396,115.6936,82.7342,82.7342,85.5554,12.9779,167.274,167.274,331.5945,92.7404
897,cnn,nsson,jetson_emulator,300,offload,0.4800880993100414,116.0505,83.4133,83.4133,86.564,12.9619,167.274,167.274,331.7597,92.6962
898,cnn,nsson,jetson_emulator,300,offload,0.48018325509599974,115.4226,82.6407,82.6407,86.0754,12.9802,167.274,167.274,331.9249,92.7759
899,cnn,nsson,jetson_emulator,300,offload,0.48047376910315936,116.2179,82.6844,82.6844,86.7621,12.9791,167.274,167.274,332.0901,92.8427
900,cnn,nsson,jetson_emulator,300,offload,0.4765454251750594,115.711,83.397,83.397,87.2872,12.9623,167.274,167.274,332.2553,92.7321
901,cnn,nsson,jetson_emulator,300,offload,0.47699824450990647,116.1186,83.7534,83.7534,86.2917,12.9539,167.274,167.274,332.4206,92.741
902,cnn,nsson,jetson_emulator,300,offload,0.48528548894404994,116.2973,84.1267,84.1267,87.3426,12.9451,167.274,167.274,332.5858,92.766
903,cnn,nsson,jetson_emulator,300,offload,0.478488979999041,116.3696,83.5997,83.5997,87.0724,12.9575,167.274,167.274,332.751,92.7657
904,cnn,nsson,jetson_emulator,300,offload,0.47932225076487195,116.241,83.9085,83.9085,87.392,12.9503,167.274,167.274,332.9162,92.7329
905,cnn,nsson,jetson_emulator,300,offload,0.4759423679407025,116.9882,83.5707,83.5707,86.3838,12.9582,167.274,167.274,333.0814,92.75
906,cnn,nsson,jetson_emulator,300,offload,0.4797792742932129,116.4767,83.3493,83.3493,86.3138,12.9634,167.274,167.274,333.2466,92.7337
907,cnn,nsson,jetson_emulator,300,offload,0.47957449167593313,116.9733,85.0272,85.0272,87.3268,12.924,167.274,167.274,333.4118,92.7998
908,cnn,nsson,jetson_emulator,300,local,0.48081954975085733,118.3703,84.359,118.3703,121.3426,11.8328,167.274,167.274,359.0193,92.7775
909,cnn,nsson,jetson_emulator,300,offload,0.4791355987146386,117.0993,83.7155,83.7155,87.5443,12.9548,167.274,167.274,333.7422,92.8098
910,cnn,nsson,jetson_emulator,300,offload,0.4771060715806108,117.807,84.1284,84.1284,87.8239,12.9451,167.274,167.274,333.9074,92.7216
911,cnn,nsson,jetson_emulator,300,offload,0.4753073148609741,117.6952,83.9022,83.9022,87.9218,12.9504,167.274,167.274,334.0727,92.7045
912,cnn,nsson,jetson_emulator,300,local,0.48935124316782214,117.4404,84.4305,117.4404,120.73,11.8516,167.274,167.274,359.7306,92.7542
913,cnn,nsson,jetson_emulator,300,offload,0.4871095000328397,117.2836,83.88,83.88,86.8155,12.9509,167.274,167.274,334.4031,92.7962
914,cnn,nsson,jetson_emulator,300,offload,0.4828963747337879,117.9368,84.9686,84.9686,88.8718,12.9254,167.274,167.274,334.5683,92.7691
915,cnn,nsson,jetson_emulator,300,offload,0.4791440771899789,117.614,84.0473,84.0473,86.3938,12.947,167.274,167.274,334.7335,92.8372
916,cnn,nsson,jetson_emulator,300,offload,0.47908616474721905,118.258,84.5063,84.5063,87.0912,12.9362,167.274,167.274,334.8987,92.5855
917,cnn,nsson,jetson_emulator,300,offload,0.46704691279001187,117.9777,85.0694,85.0694,88.6088,12.923,167.274,167.274,335.0639,92.9014
918,cnn,nsson,jetson_emulator,300,offload,0.46534391083221815,118.4454,84.981,84.981,86.8039,12.9251,167.274,167.274,335.2291,92.7377
919,cnn,nsson,jetson_emulator,300,local,0.462768123252349,119.083,84.4765,119.083,121.3176,11.8184,167.274,167.274,360.9753,92.7699
920,cnn,nsson,jetson_emulator,300,offload,0.46393857499451635,118.4555,85.9952,85.9952,89.0101,12.9014,167.274,167.274,335.5595,92.7852
921,cnn,nsson,jetson_emulator,300,offload,0.46271377511475,118.2048,84.8085,84.8085,87.5461,12.9292,167.274,167.274,335.7247,92.6605
922,cnn,nsson,jetson_emulator,300,offload,0.4588817875544764,118.8447,84.7799,84.7799,88.2801,12.9298,167.274,167.274,335.89,92.6956
923,cnn,nsson,jetson_emulator,300,offload,0.4577104932374995,118.4952,84.8631,84.8631,88.4413,12.9279,167.274,167.274,336.0552,92.7576
924,cnn,nsson,jetson_emulator,300,local,0.4506534363222171,118.546,85.1894,118.546,121.5268,11.8292,167.274,167.274,361.8643,92.7312
925,cnn,nsson,jetson_emulator,300,offload,0.4539269014195029,118.9087,84.814,84.814,88.7956,12.929,167.274,167.274,336.3856,92.7607
926,cnn,nsson,jetson_emulator,300,offload,0.45095702961656325,119.6357,85.3978,85.3978,88.2727,12.9154,167.274,167.274,336.5508,92.7422
927,cnn,nsson,jetson_emulator,300,offload,0.44150364307139667,119.4028,85.1041,85.1041,88.635,12.9222,167.274,167.274,336.716,92.7997
928,cnn,nsson,jetson_emulator,300,offload,0.43344535880838875,118.6955,84.9994,84.9994,87.8408,12.9247,167.274,167.274,336.8812,92.7805
929,cnn,nsson,jetson_emulator,300,offload,0.444073771314708,118.8982,85.3373,85.3373,88.2618,12.9168,167.274,167.274,337.0464,92.7827
930,cnn,nsson,jetson_emulator,300,local,0.43374328280796753,120.0456,84.9643,120.0456,123.3652,11.799,167.274,167.274,362.9312,92.6976
931,cnn,nsson,jetson_emulator,300,local,0.43717920487849626,119.4391,85.5691,119.4391,122.4696,11.8112,167.274,167.274,363.109,92.7956
932,cnn,nsson,jetson_emulator,300,offload,0.43818540433588904,118.8771,85.9858,85.9858,88.2888,12.9016,167.274,167.274,337.5421,92.7985
933,cnn,nsson,jetson_emulator,300,offload,0.4383221536111719,119.7016,85.5521,85.5521,88.562,12.9118,167.274,167.274,337.7073,92.7587
934,cnn,nsson,jetson_emulator,300,offload,0.4593078579874952,119.0424,85.0523,85.0523,88.5921,12.9234,167.274,167.274,337.8725,92.81
935,cnn,nsson,jetson_emulator,300,offload,0.4539951009535827,119.5133,86.6005,86.6005,89.5424,12.8873,167.274,167.274,338.0377,92.8333
936,cnn,nsson,jetson_emulator,300,offload,0.4498308417760606,120.6144,85.5601,85.5601,88.3233,12.9116,167.274,167.274,338.2029,92.8004
937,cnn,nsson,jetson_emulator,300,offload,0.45635112284406876,119.3089,86.3367,86.3367,90.4505,12.8934,167.274,167.274,338.3681,92.8208
938,cnn,nsson,jetson_emulator,300,local,0.4525506957395224,121.0012,86.3571,121.0012,124.2575,11.7799,167.274,167.274,364.3537,92.8288
939,cnn,nsson,jetson_emulator,300,local,0.4574588328961825,119.3353,85.3809,119.3353,122.5555,11.8133,167.274,167.274,364.5315,92.7581
940,cnn,nsson,jetson_emulator,300,local,0.4472314580273915,119.9883,85.4142,119.9883,123.297,11.8002,167.274,167.274,364.7093,92.8059
941,cnn,nsson,jetson_emulator,300,offload,0.4402336933871508,120.3458,86.0947,86.0947,89.2174,12.8991,167.274,167.274,339.0289,92.7571
942,cnn,nsson,jetson_emulator,300,offload,0.4411408191056517,119.6674,85.3474,85.3474,89.2958,12.9165,167.274,167.274,339.1942,92.746
943,cnn,nsson,jetson_emulator,300,offload,0.43593469508030264,119.333,86.2372,86.2372,88.8951,12.8958,167.274,167.274,339.3594,92.8331
944,cnn,nsson,jetson_emulator,300,offload,0.4325793221511566,119.8133,86.3989,86.3989,89.8877,12.892,167.274,167.274,339.5246,92.7352
945,cnn,nsson,jetson_emulator,300,local,0.43867574431777057,119.9349,85.6961,119.9349,123.384,11.8013,167.274,167.274,365.5983,92.7912
946,cnn,nsson,jetson_emulator,300,offload,0.44879843853182133,119.535,86.4594,86.4594,89.2785,12.8906,167.274,167.274,339.855,92.7442
947,cnn,nsson,jetson_emulator,300,offload,0.45771440958828696,119.7487,86.0563,86.0563,89.5863,12.9,167.274,167.274,340.0202,92.7104
948,cnn,nsson,jetson_emulator,300,offload,0.4694909511123591,119.9521,85.725,85.725,88.0575,12.9077,167.274,167.274,340.1854,92.7351
949,cnn,nsson,jetson_emulator,300,local,0.4686202355919553,119.8397,85.4615,119.8397,123.1596,11.8032,167.274,167.274,366.3096,92.7583
950,cnn,nsson,jetson_emulator,300,offload,0.46077895808423636,120.4602,85.4266,85.4266,87.872,12.9147,167.274,167.274,340.5158,92.7488
951,cnn,nsson,jetson_emulator,300,offload,0.45908689885031473,119.9177,85.9197,85.9197,89.4048,12.9032,167.274,167.274,340.681,92.7508
952,cnn,nsson,jetson_emulator,300,offload,0.46445809619817563,120.5811,85.5913,85.5913,88.248,12.9108,167.274,167.274,340.8463,92.8383
953,cnn,nsson,jetson_emulator,300,offload,0.4596213553436582,120.1694,85.4451,85.4451,87.8783,12.9143,167.274,167.274,341.0115,92.7954
954,cnn,nsson,jetson_emulator,300,offload,0.46456068777342446,120.3776,86.0139,86.0139,89.6859,12.901,167.274,167.274,341.1767,92.7542
955,cnn,nsson,jetson_emulator,300,local,0.46296046476722874,119.5448,85.8002,119.5448,122.7051,11.8091,167.274,167.274,367.3764,92.7902
956,cnn,nsson,jetson_emulator,300,offload,0.475812734375243,119.7374,85.8928,85.8928,88.8881,12.9038,167.274,167.274,341.5071,92.7797
957,cnn,nsson,jetson_emulator,300,offload,0.48143112873860494,119.9402,86.9081,86.9081,90.1727,12.8801,167.274,167.274,341.6723,92.6941
958,cnn,nsson,jetson_emulator,300,offload,0.48847683921981266,120.0094,85.6953,85.6953,88.7731,12.9084,167.274,167.274,341.8375,92.7726
959,cnn,nsson,jetson_emulator,300,offload,0.47335995855950447,121.0566,85.7427,85.7427,88.6476,12.9073,167.274,167.274,342.0027,92.7512
960,cnn,nsson,jetson_emulator,300,offload,0.4653494743638376,119.7849,86.2337,86.2337,89.618,12.8958,167.274,167.274,342.1679,92.7282
961,cnn,nsson,jetson_emulator,300,local,0.4821544017018879,119.6293,85.7595,119.6293,122.5838,11.8074,167.274,167.274,368.4433,92.7188
962,cnn,nsson,jetson_emulator,300,offload,0.48863624000923445,119.4861,86.2081,86.2081,89.2392,12.8964,167.274,167.274,342.4984,92.893
963,cnn,nsson,jetson_emulator,300,offload,0.4912430336966628,120.18,86.6109,86.6109,88.8903,12.8871,167.274,167.274,342.6636,92.7039
964,cnn,nsson,jetson_emulator,300,offload,0.49984123655792106,119.5988,85.6847,85.6847,87.9245,12.9087,167.274,167.274,342.8288,92.803
965,cnn,nsson,jetson_emulator,300,offload,0.4943527870477434,119.7704,85.4573,85.4573,88.8637,12.914,167.274,167.274,342.994,92.7155
966,cnn,nsson,jetson_emulator,300,local,0.49348626956559793,120.6091,86.4133,120.6091,124.5211,11.7877,167.274,167.274,369.3324,92.7842
967,cnn,nsson,jetson_emulator,300,offload,0.5026603443693842,119.5003,85.2653,85.2653,88.9754,12.9185,167.274,167.274,343.3244,92.7165
968,cnn,nsson,jetson_emulator,300,offload,0.5066011575435883,119.4494,86.4117,86.4117,89.7352,12.8917,167.274,167.274,343.4896,92.6323
969,cnn,nsson,jetson_emulator,300,offload,0.5120685674824773,119.3345,85.4526,85.4526,88.1449,12.9141,167.274,167.274,343.6548,92.7313
970,cnn,nsson,jetson_emulator,300,offload,0.506729338841292,119.3342,85.2786,85.2786,88.2698,12.9181,167.274,167.274,343.82,92.719
971,cnn,nsson,jetson_emulator,300,offload,0.5067250691076591,119.6203,85.3697,85.3697,89.1444,12.916,167.274,167.274,343.9852,92.7305
972,cnn,nsson,jetson_emulator,300,offload,0.508941391909982,119.7092,85.9056,85.9056,88.8733,12.9035,167.274,167.274,344.1505,92.7499
973,cnn,nsson,jetson_emulator,300,local,0.5055204747882296,119.7337,85.2734,119.7337,122.7239,11.8053,167.274,167.274,370.577,92.7651
974,cnn,nsson,jetson_emulator,300,offload,0.5161105877391966,119.1001,86.1198,86.1198,89.4059,12.8985,167.274,167.274,344.4809,92.7005
975,cnn,nsson,jetson_emulator,300,local,0.5189912287208607,119.4483,85.2284,119.4483,123.0619,11.811,167.274,167.274,370.9326,92.8517
976,cnn,nsson,jetson_emulator,300,offload,0.5217847331692517,119.569,85.0666,85.0666,88.2642,12.9231,167.274,167.274,344.8113,92.7544
977,cnn,nsson,jetson_emulator,300,offload,0.5283813654394437,119.7384,85.6051,85.6051,89.4091,12.9105,167.274,167.274,344.9765,92.7129
978,cnn,nsson,jetson_emulator,300,local,0.5353683376664957,118.8489,85.0932,118.8489,123.3367,11.8231,167.274,167.274,371.4661,92.7104
979,cnn,nsson,jetson_emulator,300,offload,0.5265356925457274,119.9314,85.5054,85.5054,88.5987,12.9128,167.274,167.274,345.3069,92.7769
980,cnn,nsson,jetson_emulator,300,offload,0.5271038427462121,119.3508,85.8507,85.8507,89.5921,12.9048,167.274,167.274,345.4721,92.7425
981,cnn,nsson,jetson_emulator,300,local,0.5277429362149738,119.0435,85.0579,119.0435,122.0294,11.8192,167.274,167.274,371.9995,92.6807
982,cnn,nsson,jetson_emulator,300,offload,0.515602113274441,118.9648,85.025,85.025,87.7032,12.9241,167.274,167.274,345.8025,92.8069
983,cnn,nsson,jetson_emulator,300,offload,0.5121316750436735,118.961,85.0042,85.0042,88.3994,12.9246,167.274,167.274,345.9678,92.8112
984,cnn,nsson,jetson_emulator,300,offload,0.517327949010132,119.3295,85.4286,85.4286,89.1184,12.9146,167.274,167.274,346.133,92.734
985,cnn,nsson,jetson_emulator,300,offload,0.5211576340344592,119.1751,85.1417,85.1417,87.9077,12.9213,167.274,167.274,346.2982,92.6923
986,cnn,nsson,jetson_emulator,300,offload,0.5186588411669039,118.8263,85.1439,85.1439,88.442,12.9213,167.274,167.274,346.4634,92.7275
987,cnn,nsson,jetson_emulator,300,offload,0.5284111629093552,118.7636,85.1711,85.1711,88.2558,12.9207,167.274,167.274,346.6286,92.7536
988,cnn,nsson,jetson_emulator,300,offload,0.519814858989105,118.3879,85.7732,85.7732,88.4061,12.9066,167.274,167.274,346.7938,92.8126
989,cnn,nsson,jetson_emulator,300,offload,0.5251973623767362,119.0385,86.2074,86.2074,89.5974,12.8965,167.274,167.274,346.959,92.7487
990,cnn,nsson,jetson_emulator,300,offload,0.5283345848686407,119.6067,84.808,84.808,88.164,12.9292,167.274,167.274,347.1242,92.7692
991,cnn,nsson,jetson_emulator,300,offload,0.5298024114456451,118.7205,85.394,85.394,88.6439,12.9154,167.274,167.274,347.2894,92.7563
992,cnn,nsson,jetson_emulator,300,local,0.5260868242314689,118.3092,84.8306,118.3092,121.8133,11.834,167.274,167.274,373.9554,92.7366
993,cnn,nsson,jetson_emulator,300,offload,0.5199287714835507,118.2901,84.9129,84.9129,88.1576,12.9267,167.274,167.274,347.6199,92.8209
994,cnn,nsson,jetson_emulator,300,offload,0.5143470681357426,118.5063,84.4051,84.4051,87.7343,12.9386,167.274,167.274,347.7851,92.8515
995,cnn,nsson,jetson_emulator,300,offload,0.5039996577899345,117.9178,84.5058,84.5058,87.3826,12.9363,167.274,167.274,347.9503,92.8465
996,cnn,nsson,jetson_emulator,300,offload,0.5038731538088873,117.966,84.6412,84.6412,88.0871,12.9331,167.274,167.274,348.1155,92.7206
997,cnn,nsson,jetson_emulator,300,offload,0.5176852173692207,118.2022,85.7661,85.7661,89.2708,12.9068,167.274,167.274,348.2807,92.7948
998,cnn,nsson,jetson_emulator,300,local,0.518913837742346,118.2645,84.9301,118.2645,122.2384,11.8349,167.274,167.274,375.0223,92.8181
999,cnn,nsson,jetson_emulator,300,local,0.5271385761866213,119.0318,84.3544,119.0318,121.8788,11.8194,167.274,167.274,375.2001,92.8418
1000,cnn,nsson,jetson_emulator,300,offload,0.5286093200519933,117.6372,84.956,84.956,88.0175,12.9257,167.274,167.274,348.7763,92.7738
1001,cnn,nsson,jetson_emulator,300,offload,0.5227915662982082,117.8105,84.965,84.965,87.2233,12.9255,167.274,167.274,348.9415,92.7848
1002,cnn,nsson,jetson_emulator,300,offload,0.5333518548034837,118.503,84.2632,84.2632,87.606,12.9419,167.274,167.274,349.1067,92.8205
1003,cnn,nsson,jetson_emulator,300,offload,0.5398433781619386,117.6981,84.5748,84.5748,86.9889,12.9346,167.274,167.274,349.272,92.7366
1004,cnn,nsson,jetson_emulator,300,offload,0.5417447844818767,117.6022,84.3712,84.3712,87.2402,12.9394,167.274,167.274,349.4372,92.6657
1005,cnn,nsson,jetson_emulator,300,offload,0.5372564418873205,117.9377,84.1282,84.1282,86.8013,12.9451,167.274,167.274,349.6024,92.7755
1006,cnn,nsson,jetson_emulator,300,offload,0.5474376621672981,117.4951,83.8768,83.8768,87.5344,12.951,167.274,167.274,349.7676,92.7611
1007,cnn,nsson,jetson_emulator,300,offload,0.5568053671190664,117.3127,84.0378,84.0378,87.2936,12.9472,167.274,167.274,349.9328,92.71
1008,cnn,nsson,jetson_emulator,300,local,0.5580910043217487,117.6244,84.6532,117.6244,121.1365,11.8479,167.274,167.274,376.8004,92.725
1009,cnn,nsson,jetson_emulator,300,offload,0.5625920365990907,117.1651,84.1312,84.1312,87.3474,12.945,167.274,167.274,350.2632,92.6941
1010,cnn,nsson,jetson_emulator,300,offload,0.5594329264042815,117.3735,84.4215,84.4215,87.3564,12.9382,167.274,167.274,350.4284,92.7495
1011,cnn,nsson,jetson_emulator,300,offload,0.5564012910897795,117.3446,83.8937,83.8937,87.6837,12.9506,167.274,167.274,350.5936,92.8087
1012,cnn,nsson,jetson_emulator,300,offload,0.5588271779774857,117.2577,84.5803,84.5803,87.092,12.9345,167.274,167.274,350.7588,92.7807
1013,cnn,nsson,jetson_emulator,300,offload,0.5614444263924647,117.6129,84.2236,84.2236,87.5971,12.9429,167.274,167.274,350.9241,92.7449
1014,cnn,nsson,jetson_emulator,300,offload,0.5567331509854675,117.5654,84.1445,84.1445,87.9874,12.9447,167.274,167.274,351.0893,92.782
1015,cnn,nsson,jetson_emulator,300,offload,0.5533156266987602,116.8824,83.8074,83.8074,86.4569,12.9527,167.274,167.274,351.2545,92.7922
1016,cnn,nsson,jetson_emulator,300,offload,0.5524654540037104,117.642,84.7731,84.7731,88.2302,12.93,167.274,167.274,351.4197,92.8099
1017,cnn,nsson,jetson_emulator,300,offload,0.5540154958886637,116.9319,83.7017,83.7017,85.9329,12.9551,167.274,167.274,351.5849,92.8722
1018,cnn,nsson,jetson_emulator,300,offload,0.5600246882851176,117.4492,83.8058,83.8058,87.0205,12.9527,167.274,167.274,351.7501,92.8305
1019,cnn,nsson,jetson_emulator,300,offload,0.5606061005354134,117.4217,83.9657,83.9657,87.0133,12.9489,167.274,167.274,351.9153,92.8208
1020,cnn,nsson,jetson_emulator,300,local,0.5404595098537338,116.6018,83.4647,116.6018,120.6086,11.8687,167.274,167.274,378.9341,92.7582
1021,cnn,nsson,jetson_emulator,300,offload,0.5448014052366728,116.5001,83.6721,83.6721,85.9134,12.9558,167.274,167.274,352.2457,92.7974
1022,cnn,nsson,jetson_emulator,300,offload,0.5549216033626371,116.7365,84.1117,84.1117,86.8561,12.9455,167.274,167.274,352.4109,92.7317
1023,cnn,nsson,jetson_emulator,300,local,0.5570985965221377,116.8503,85.5214,116.8503,120.2648,11.8636,167.274,167.274,379.4676,92.703
1024,cnn,nsson,jetson_emulator,300,offload,0.5621077511478579,116.5491,83.625,83.625,86.7381,12.9569,167.274,167.274,352.7414,92.799
1025,cnn,nsson,jetson_emulator,300,local,0.5666616119309785,116.6327,83.1441,116.6327,119.7884,11.868,167.274,167.274,379.8232,92.7375
1026,cnn,nsson,jetson_emulator,300,offload,0.5697346069501715,116.2775,83.892,83.892,86.2334,12.9507,167.274,167.274,353.0718,92.7485
1027,cnn,nsson,jetson_emulator,300,offload,0.5655668616224471,116.5871,83.3976,83.3976,86.5001,12.9623,167.274,167.274,353.237,92.7115
1028,cnn,nsson,jetson_emulator,300,offload,0.5662067494458606,117.2642,83.5746,83.5746,86.5532,12.9581,167.274,167.274,353.4022,92.7049
1029,cnn,nsson,jetson_emulator,300,offload,0.5659379355442047,116.4785,83.1086,83.1086,85.8404,12.9691,167.274,167.274,353.5674,92.7536
1030,cnn,nsson,jetson_emulator,300,offload,0.5693443716925464,116.453,83.8176,83.8176,86.7108,12.9524,167.274,167.274,353.7326,92.7431
1031,cnn,nsson,jetson_emulator,300,offload,0.5657183657884332,116.613,83.0264,83.0264,85.573,12.971,167.274,167.274,353.8978,92.7866
1032,cnn,nsson,jetson_emulator,300,offload,0.5709619385429101,117.058,84.4079,84.4079,87.7558,12.9385,167.274,167.274,354.063,92.905
1033,cnn,nsson,jetson_emulator,300,offload,0.5743012094604817,116.2701,83.5573,83.5573,87.6684,12.9585,167.274,167.274,354.2283,92.7794
1034,cnn,nsson,jetson_emulator,300,local,0.5736186150477363,116.3439,84.1091,116.3439,119.5617,11.8739,167.274,167.274,381.4235,92.8086
1035,cnn,nsson,jetson_emulator,300,offload,0.571057924868519,116.5085,83.5141,83.5141,86.6731,12.9596,167.274,167.274,354.5587,92.8128
1036,cnn,nsson,jetson_emulator,300,offload,0.5762793059495378,117.0701,82.9798,82.9798,85.2468,12.9721,167.274,167.274,354.7239,92.7782
1037,cnn,nsson,jetson_emulator,300,offload,0.570552266301706,117.8706,83.3357,83.3357,87.0142,12.9638,167.274,167.274,354.8891,92.7756
1038,cnn,nsson,jetson_emulator,300,offload,0.5656139851371218,116.3622,83.149,83.149,86.5975,12.9682,167.274,167.274,355.0543,92.7791
1039,cnn,nsson,jetson_emulator,300,offload,0.5594866711218242,115.8938,83.5113,83.5113,87.0945,12.9596,167.274,167.274,355.2195,92.8486
1040,cnn,nsson,jetson_emulator,300,offload,0.5566669606315348,115.9969,83.874,83.874,87.1196,12.9511,167.274,167.274,355.3847,92.8519
1041,cnn,nsson,jetson_emulator,300,offload,0.5522305025810423,116.4335,82.8732,82.8732,86.8759,12.9747,167.274,167.274,355.5499,92.7932
1042,cnn,nsson,jetson_emulator,300,offload,0.5484013580490419,115.8682,83.0182,83.0182,86.2413,12.9712,167.274,167.274,355.7151,92.7552
1043,cnn,nsson,jetson_emulator,300,local,0.5449642522010375,115.9393,83.0339,115.9393,119.3345,11.8822,167.274,167.274,383.0238,92.7979
1044,cnn,nsson,jetson_emulator,300,offload,0.5474443233904235,116.0163,83.3528,83.3528,86.6655,12.9634,167.274,167.274,356.0456,92.7514
1045,cnn,nsson,jetson_emulator,300,offload,0.5387467231482561,116.4823,82.9707,82.9707,85.7052,12.9724,167.274,167.274,356.2108,92.7206
1046,cnn,nsson,jetson_emulator,300,offload,0.5315545675267195,115.8059,84.7749,84.7749,87.7161,12.9299,167.274,167.274,356.376,92.7171
1047,cnn,nsson,jetson_emulator,300,offload,0.5264066279465496,116.2723,83.847,83.847,87.0946,12.9517,167.274,167.274,356.5412,92.7633
1048,cnn,nsson,jetson_emulator,300,offload,0.5273051460795369,117.0004,83.7416,83.7416,86.6075,12.9542,167.274,167.274,356.7064,92.8384
1049,cnn,nsson,jetson_emulator,300,local,0.5177516121057582,116.4288,83.5118,116.4288,120.2847,11.8722,167.274,167.274,384.0906,92.8435
1050,cnn,nsson,jetson_emulator,300,local,0.5083948212089935,115.9206,83.4467,115.9206,117.7334,11.8825,167.274,167.274,384.2684,92.7526
1051,cnn,nsson,jetson_emulator,300,offload,0.5118739179820245,116.296,84.0914,84.0914,86.919,12.946,167.274,167.274,357.202,92.8029
1052,cnn,nsson,jetson_emulator,300,offload,0.5063112025855918,117.4164,83.0328,83.0328,86.4182,12.9709,167.274,167.274,357.3672,92.7173
1053,cnn,nsson,jetson_emulator,300,local,0.504452288678242,116.0067,83.1223,116.0067,119.5654,11.8808,167.274,167.274,384.8019,92.7032
1054,cnn,nsson,jetson_emulator,300,local,0.5045690724649048,116.0043,83.0814,116.0043,119.1336,11.8808,167.274,167.274,384.9797,92.7817
1055,cnn,nsson,jetson_emulator,300,offload,0.4982438850106432,116.0777,84.213,84.213,87.5772,12.9431,167.274,167.274,357.8629,92.7693
1056,cnn,nsson,jetson_emulator,300,offload,0.49835415341794514,116.0393,83.3807,83.3807,85.9061,12.9627,167.274,167.274,358.0281,92.7034
1057,cnn,nsson,jetson_emulator,300,local,0.5056635008525717,117.3064,83.1681,117.3064,120.6201,11.8543,167.274,167.274,385.5131,92.7693
1058,cnn,nsson,jetson_emulator,300,offload,0.4982174578618774,116.3672,84.5636,84.5636,88.1157,12.9349,167.274,167.274,358.3585,92.8761
1059,cnn,nsson,jetson_emulator,300,offload,0.4987515402594743,116.3939,83.1174,83.1174,86.3198,12.9689,167.274,167.274,358.5237,92.7708
1060,cnn,nsson,jetson_emulator,300,local,0.4988961964129172,116.56,83.0292,116.56,119.7126,11.8695,167.274,167.274,386.0465,92.8202
1061,cnn,nsson,jetson_emulator,300,offload,0.4953633254834085,116.2166,83.6828,83.6828,87.0408,12.9556,167.274,167.274,358.8541,92.7511
1062,cnn,nsson,jetson_emulator,300,offload,0.4869570090318037,116.9378,84.4332,84.4332,87.4343,12.938,167.274,167.274,359.0193,92.7502
1063,cnn,nsson,jetson_emulator,300,offload,0.4826101311208887,116.3288,84.9248,84.9248,87.8209,12.9264,167.274,167.274,359.1845,92.6759
1064,cnn,nsson,jetson_emulator,300,offload,0.4801846989224151,117.2604,83.6216,83.6216,86.3245,12.957,167.274,167.274,359.3498,92.6995
1065,cnn,nsson,jetson_emulator,300,offload,0.47172891117356286,116.4392,83.7249,83.7249,86.4796,12.9546,167.274,167.274,359.515,92.7674
1066,cnn,nsson,jetson_emulator,300,offload,0.4723266430220131,116.3873,84.6103,84.6103,87.7729,12.9338,167.274,167.274,359.6802,92.8225
1067,cnn,nsson,jetson_emulator,300,offload,0.46974110394653323,116.9685,83.4186,83.4186,86.4585,12.9618,167.274,167.274,359.8454,92.8014
1068,cnn,nsson,jetson_emulator,300,offload,0.46903685408985807,116.5659,84.1535,84.1535,87.7813,12.9445,167.274,167.274,360.0106,92.7354
1069,cnn,nsson,jetson_emulator,300,offload,0.47437676111984783,116.9822,83.9645,83.9645,87.3509,12.949,167.274,167.274,360.1758,92.7177
1070,cnn,nsson,jetson_emulator,300,offload,0.4674664370196801,116.7228,83.9636,83.9636,87.4311,12.949,167.274,167.274,360.341,92.7241
1071,cnn,nsson,jetson_emulator,300,local,0.47494112721545134,117.3184,83.7555,117.3184,120.497,11.8541,167.274,167.274,388.0025,92.7799
1072,cnn,nsson,jetson_emulator,300,offload,0.48073933486046666,117.0729,85.2624,85.2624,89.1746,12.9185,167.274,167.274,360.6714,92.7238
1073,cnn,nsson,jetson_emulator,300,offload,0.48223550135291987,116.9987,83.5919,83.5919,86.5013,12.9577,167.274,167.274,360.8366,92.7828
1074,cnn,nsson,jetson_emulator,300,offload,0.48264208257998914,117.0297,84.0179,84.0179,86.8927,12.9477,167.274,167.274,361.0019,92.7367
1075,cnn,nsson,jetson_emulator,300,offload,0.4781799973698716,116.9227,83.912,83.912,86.9588,12.9502,167.274,167.274,361.1671,92.7912
1076,cnn,nsson,jetson_emulator,300,offload,0.473198412972051,116.8685,83.8218,83.8218,87.3774,12.9523,167.274,167.274,361.3323,92.8007
1077,cnn,nsson,jetson_emulator,300,local,0.46438053463765616,117.5149,83.9612,117.5149,120.7698,11.8501,167.274,167.274,389.0693,92.7267
1078,cnn,nsson,jetson_emulator,300,offload,0.45838189356778475,117.244,83.7538,83.7538,86.9936,12.9539,167.274,167.274,361.6627,92.8364
1079,cnn,nsson,jetson_emulator,300,offload,0.46429602094699507,117.2923,84.9247,84.9247,88.2201,12.9264,167.274,167.274,361.8279,92.7931
1080,cnn,nsson,jetson_emulator,300,local,0.4655606049068845,117.2369,84.3566,117.2369,120.5612,11.8558,167.274,167.274,389.6028,92.7783
1081,cnn,nsson,jetson_emulator,300,local,0.4646282457545544,118.0103,84.3523,118.0103,121.3419,11.8401,167.274,167.274,389.7806,92.7409
1082,cnn,nsson,jetson_emulator,300,offload,0.46272998496759365,117.279,84.0396,84.0396,87.8451,12.9472,167.274,167.274,362.3235,92.8521
1083,cnn,nsson,jetson_emulator,300,offload,0.4498790215153752,117.7549,84.6195,84.6195,87.8791,12.9336,167.274,167.274,362.4887,92.8264
1084,cnn,nsson,jetson_emulator,300,offload,0.44752814736327695,117.911,84.1822,84.1822,86.7465,12.9438,167.274,167.274,362.654,92.794
1085,cnn,nsson,jetson_emulator,300,local,0.45066598060167007,118.0493,84.6471,118.0493,120.5847,11.8393,167.274,167.274,390.4918,92.627
1086,cnn,nsson,jetson_emulator,300,offload,0.45137699139491344,118.2645,84.8934,84.8934,87.9605,12.9272,167.274,167.274,362.9844,92.784
1087,cnn,nsson,jetson_emulator,300,local,0.44841091980705056,117.8911,84.4155,117.8911,120.7885,11.8425,167.274,167.274,390.8474,92.8114
1088,cnn,nsson,jetson_emulator,300,local,0.4479970318148949,118.3402,85.2395,118.3402,121.9517,11.8334,167.274,167.274,391.0252,92.784
1089,cnn,nsson,jetson_emulator,300,offload,0.45073128584630484,118.7387,85.0379,85.0379,88.4888,12.9238,167.274,167.274,363.48,92.6861
1090,cnn,nsson,jetson_emulator,300,offload,0.4472275127862065,119.181,85.6292,85.6292,89.3972,12.9099,167.274,167.274,363.6452,92.757
1091,cnn,nsson,jetson_emulator,300,offload,0.44449063294096225,119.1205,84.7501,84.7501,87.8854,12.9305,167.274,167.274,363.8104,92.8157
1092,cnn,nsson,jetson_emulator,300,local,0.43471008086587887,118.3648,84.5136,118.3648,121.2995,11.8329,167.274,167.274,391.7365,92.635
1093,cnn,nsson,jetson_emulator,300,local,0.4489484820183948,119.3763,85.0664,119.3763,122.1439,11.8125,167.274,167.274,391.9143,92.7532
1094,cnn,nsson,jetson_emulator,300,offload,0.45638538710935206,118.919,85.1476,85.1476,88.0903,12.9212,167.274,167.274,364.3061,92.7901
1095,cnn,nsson,jetson_emulator,300,local,0.45517760811396624,118.7376,84.9925,118.7376,121.9486,11.8254,167.274,167.274,392.2699,92.8044
1096,cnn,nsson,jetson_emulator,300,offload,0.4487344453506046,118.7275,86.1809,86.1809,89.7921,12.8971,167.274,167.274,364.6365,92.7762
1097,cnn,nsson,jetson_emulator,300,offload,0.4489359793556868,118.9968,85.8853,85.8853,88.8483,12.904,167.274,167.274,364.8017,92.6259
1098,cnn,nsson,jetson_emulator,300,local,0.43839523551404597,118.9854,85.4688,118.9854,121.5571,11.8204,167.274,167.274,392.8033,92.7021
1099,cnn,nsson,jetson_emulator,300,offload,0.4437830742283254,119.2345,85.4608,85.4608,88.4665,12.9139,167.274,167.274,365.1321,92.771
1100,cnn,nsson,jetson_emulator,300,offload,0.4328164196885735,119.8192,85.5849,85.5849,88.4629,12.911,167.274,167.274,365.2973,92.8221
1101,cnn,nsson,jetson_emulator,300,offload,0.4254975526755825,119.3966,86.0636,86.0636,89.0385,12.8998,167.274,167.274,365.4625,92.7015
1102,cnn,nsson,jetson_emulator,300,offload,0.4194676772348481,120.4528,85.9952,85.9952,89.4741,12.9014,167.274,167.274,365.6277,92.8433
1103,cnn,nsson,jetson_emulator,300,offload,0.4148951690893063,119.726,85.8178,85.8178,88.6277,12.9055,167.274,167.274,365.7929,92.7343
1104,cnn,nsson,jetson_emulator,300,offload,0.4096666264117523,119.7265,86.1897,86.1897,89.357,12.8969,167.274,167.274,365.9581,92.7402
1105,cnn,nsson,jetson_emulator,300,offload,0.4029559275291538,120.0311,85.7385,85.7385,89.5479,12.9074,167.274,167.274,366.1234,92.8155
1106,cnn,nsson,jetson_emulator,300,local,0.40650501750484747,120.1018,86.1322,120.1018,123.3112,11.7979,167.274,167.274,394.2258,92.7367
1107,cnn,nsson,jetson_emulator,300,local,0.4024867497446367,120.1918,85.8848,120.1918,123.3216,11.7961,167.274,167.274,394.4036,92.7946
1108,cnn,nsson,jetson_emulator,300,offload,0.39579721322869577,120.3959,85.9468,85.9468,89.9048,12.9025,167.274,167.274,366.619,92.8397
1109,cnn,nsson,jetson_emulator,300,offload,0.3986325704084088,120.5394,86.7637,86.7637,89.9123,12.8835,167.274,167.274,366.7842,92.7431
1110,cnn,nsson,jetson_emulator,300,local,0.3954612352297055,120.3854,86.267,120.3854,123.5919,11.7922,167.274,167.274,394.9371,92.7279
1111,cnn,nsson,jetson_emulator,300,local,0.39856435184424754,120.9555,86.378,120.9555,123.8409,11.7808,167.274,167.274,395.1149,92.7977
1112,cnn,nsson,jetson_emulator,300,offload,0.3939417145819217,121.1592,87.1035,87.1035,89.7555,12.8756,167.274,167.274,367.2798,92.7743
1113,cnn,nsson,jetson_emulator,300,offload,0.3843690254303811,121.0653,86.4635,86.4635,88.9452,12.8905,167.274,167.274,367.445,92.7881
1114,cnn,nsson,jetson_emulator,300,local,0.3884741947140676,121.7806,86.6544,121.7806,125.3106,11.7643,167.274,167.274,395.6483,92.7893
1115,cnn,nsson,jetson_emulator,300,offload,0.3912514436984188,121.1172,86.9693,86.9693,89.913,12.8787,167.274,167.274,367.7755,92.7373
1116,cnn,nsson,jetson_emulator,300,local,0.3859307137298268,121.5925,86.842,121.5925,124.7544,11.768,167.274,167.274,396.0039,92.7295
1117,cnn,nsson,jetson_emulator,300,local,0.38708466405620545,122.1317,86.9007,122.1317,125.5018,11.7572,167.274,167.274,396.1817,92.7536
1118,cnn,nsson,jetson_emulator,300,offload,0.3911994525164157,121.4899,87.0727,87.0727,90.4286,12.8763,167.274,167.274,368.2711,92.7872
1119,cnn,nsson,jetson_emulator,300,local,0.39887111682954673,121.8753,87.4261,121.8753,124.9267,11.7624,167.274,167.274,396.5374,92.7767
1120,cnn,nsson,jetson_emulator,300,offload,0.40459156865960566,122.3069,87.4124,87.4124,90.0575,12.8684,167.274,167.274,368.6015,92.7136
1121,cnn,nsson,jetson_emulator,300,offload,0.4158395567143505,122.1908,87.344,87.344,90.6456,12.87,167.274,167.274,368.7667,92.7935
1122,cnn,nsson,jetson_emulator,300,offload,0.4122186633458075,122.8811,87.5116,87.5116,90.2726,12.8661,167.274,167.274,368.9319,92.8702
1123,cnn,nsson,jetson_emulator,300,offload,0.40748951079655044,122.8134,88.0717,88.0717,91.0903,12.8531,167.274,167.274,369.0971,92.8016
1124,cnn,nsson,jetson_emulator,300,offload,0.3997590789021244,122.4621,88.3214,88.3214,91.3691,12.8474,167.274,167.274,369.2623,92.7118
1125,cnn,nsson,jetson_emulator,300,offload,0.3987368835096195,123.0559,87.6742,87.6742,91.7013,12.8623,167.274,167.274,369.4276,92.6726
1126,cnn,nsson,jetson_emulator,300,offload,0.38784862875577375,123.1969,89.0968,89.0968,92.0204,12.8294,167.274,167.274,369.5928,92.784
1127,cnn,nsson,jetson_emulator,300,offload,0.3952670505175444,123.5846,88.5086,88.5086,91.0935,12.843,167.274,167.274,369.758,92.6691
1128,cnn,nsson,jetson_emulator,300,offload,0.40043791328019157,123.3244,87.9113,87.9113,91.0096,12.8568,167.274,167.274,369.9232,92.7908
1129,cnn,nsson,jetson_emulator,300,offload,0.39928756126445203,123.3962,89.0374,89.0374,92.2211,12.8308,167.274,167.274,370.0884,92.7166
1130,cnn,nsson,jetson_emulator,300,local,0.3891312936291862,123.6232,89.031,123.6232,126.6912,11.7276,167.274,167.274,398.4933,92.7105
1131,cnn,nsson,jetson_emulator,300,offload,0.3923747094834545,123.6443,88.9518,88.9518,92.0881,12.8328,167.274,167.274,370.4188,92.7431
1132,cnn,nsson,jetson_emulator,300,offload,0.38750344699268574,124.8169,88.5262,88.5262,91.6964,12.8426,167.274,167.274,370.584,92.8082
1133,cnn,nsson,jetson_emulator,300,local,0.38427130449146185,124.1806,88.9695,124.1806,127.1869,11.7165,167.274,167.274,399.0267,92.8167
1134,cnn,nsson,jetson_emulator,300,local,0.38,123.9214,89.3372,123.9214,126.9941,11.7216,167.274,167.274,399.2045,92.7782
1135,cnn,nsson,jetson_emulator,300,offload,0.380712727329301,124.6747,88.6704,88.6704,91.3885,12.8393,167.274,167.274,371.0797,92.7962
1136,cnn,nsson,jetson_emulator,300,offload,0.38,124.2729,89.6487,89.6487,92.2942,12.8167,167.274,167.274,371.2449,92.7311
1137,cnn,nsson,jetson_emulator,300,local,0.38,124.5077,88.8471,124.5077,127.495,11.71,167.274,167.274,399.738,92.8162
1138,cnn,nsson,jetson_emulator,300,offload,0.38408921308729455,124.8223,89.6771,89.6771,93.1796,12.8161,167.274,167.274,371.5753,92.7667
1139,cnn,nsson,jetson_emulator,300,offload,0.38,125.3614,91.141,91.141,94.0385,12.7824,167.274,167.274,371.7405,92.757
1140,cnn,nsson,jetson_emulator,300,local,0.38,125.3734,89.8768,125.3734,128.4284,11.6929,167.274,167.274,400.2714,92.7206
1141,cnn,nsson,jetson_emulator,300,offload,0.3810842926582782,125.3749,90.4,90.4,93.1423,12.7994,167.274,167.274,372.0709,92.6997
1142,cnn,nsson,jetson_emulator,300,offload,0.39054573085422845,126.0669,89.8888,89.8888,93.4552,12.8112,167.274,167.274,372.2361,92.826
1143,cnn,nsson,jetson_emulator,300,offload,0.39831029140611074,125.3499,90.5795,90.5795,93.4451,12.7953,167.274,167.274,372.4013,92.7471
1144,cnn,nsson,jetson_emulator,300,local,0.40131980280872914,125.3915,90.2411,125.3915,128.1732,11.6925,167.274,167.274,400.9826,92.7971
1145,cnn,nsson,jetson_emulator,300,offload,0.4000178468472111,125.9492,89.6521,89.6521,92.9503,12.8166,167.274,167.274,372.7318,92.6945
1146,cnn,nsson,jetson_emulator,300,offload,0.4010033903562295,125.6666,91.4749,91.4749,94.7253,12.7748,167.274,167.274,372.897,92.795
1147,cnn,nsson,jetson_emulator,300,local,0.4075918047138018,126.1665,91.1001,126.1665,129.1274,11.6773,167.274,167.274,401.5161,92.8005
1148,cnn,nsson,jetson_emulator,300,offload,0.40385598500072345,126.0549,90.2727,90.2727,93.2789,12.8024,167.274,167.274,373.2274,92.8087
1149,cnn,nsson,jetson_emulator,300,offload,0.4048453837737767,126.3669,90.212,90.212,93.3068,12.8038,167.274,167.274,373.3926,92.7154
1150,cnn,nsson,jetson_emulator,300,offload,0.404019328609538,127.2683,90.7213,90.7213,94.0853,12.7921,167.274,167.274,373.5578,92.7983
1151,cnn,nsson,jetson_emulator,300,offload,0.4046867071079513,126.4673,90.329,90.329,94.2495,12.8011,167.274,167.274,373.723,92.6275
1152,cnn,nsson,jetson_emulator,300,local,0.4012758070661891,127.244,90.4629,127.244,131.4299,11.6561,167.274,167.274,402.4051,92.7865
1153,cnn,nsson,jetson_emulator,300,offload,0.40148766360621974,127.5065,91.8668,91.8668,95.0357,12.7658,167.274,167.274,374.0534,92.7799
1154,cnn,nsson,jetson_emulator,300,offload,0.40421113613399223,127.2088,91.6975,91.6975,94.1572,12.7697,167.274,167.274,374.2186,92.8067
1155,cnn,nsson,jetson_emulator,300,offload,0.4153228840651651,127.2538,90.8195,90.8195,94.0159,12.7898,167.274,167.274,374.3839,92.7317
1156,cnn,nsson,jetson_emulator,300,local,0.42142174326174353,126.9454,91.1136,126.9454,130.1969,11.6619,167.274,167.274,403.1164,92.7275
1157,cnn,nsson,jetson_emulator,300,offload,0.4182017523404636,128.4601,91.4245,91.4245,93.9568,12.776,167.274,167.274,374.7143,92.7819
1158,cnn,nsson,jetson_emulator,300,local,0.42104676335570923,127.474,91.4124,127.474,130.7897,11.6516,167.274,167.274,403.472,92.7453
1159,cnn,nsson,jetson_emulator,300,offload,0.42979743798874626,127.6661,91.0728,91.0728,93.6874,12.784,167.274,167.274,375.0447,92.7771
1160,cnn,nsson,jetson_emulator,300,offload,0.43033439611199487,128.3319,91.6741,91.6741,95.9194,12.7702,167.274,167.274,375.2099,92.8032
1161,cnn,nsson,jetson_emulator,300,offload,0.42535275279707924,127.9876,92.1706,92.1706,95.0058,12.7589,167.274,167.274,375.3751,92.7903
1162,cnn,nsson,jetson_emulator,300,local,0.4214642601255565,127.865,91.7883,127.865,130.3418,11.6439,167.274,167.274,404.1832,92.7186
1163,cnn,nsson,jetson_emulator,300,offload,0.4125891090862015,128.1318,93.1427,93.1427,95.8415,12.7368,167.274,167.274,375.7055,92.8099
1164,cnn,nsson,jetson_emulator,300,offload,0.41750910461754964,129.3232,91.7723,91.7723,95.4938,12.768,167.274,167.274,375.8707,92.8105
1165,cnn,nsson,jetson_emulator,300,offload,0.4187445958913493,128.3481,91.6586,91.6586,94.5982,12.7706,167.274,167.274,376.0359,92.7209
1166,cnn,nsson,jetson_emulator,300,offload,0.42458358919407,128.4553,91.7998,91.7998,94.3688,12.7674,167.274,167.274,376.2012,92.7521
1167,cnn,nsson,jetson_emulator,300,offload,0.4211433307166968,128.7664,91.6642,91.6642,94.7398,12.7705,167.274,167.274,376.3664,92.8416
1168,cnn,nsson,jetson_emulator,300,offload,0.4166560267098767,128.874,91.7486,91.7486,94.2168,12.7685,167.274,167.274,376.5316,92.8946
1169,cnn,nsson,jetson_emulator,300,offload,0.4190399750067532,128.8078,91.9132,91.9132,94.6424,12.7648,167.274,167.274,376.6968,92.8027
1170,cnn,nsson,jetson_emulator,300,offload,0.4229910470766299,129.4735,92.697,92.697,96.4464,12.7469,167.274,167.274,376.862,92.7429
1171,cnn,nsson,jetson_emulator,300,offload,0.4110644737476316,129.477,91.9987,91.9987,95.4254,12.7628,167.274,167.274,377.0272,92.7639
1172,cnn,nsson,jetson_emulator,300,offload,0.40907968038693693,129.8247,92.5974,92.5974,95.9628,12.7492,167.274,167.274,377.1924,92.83
1173,cnn,nsson,jetson_emulator,300,local,0.4119137989152418,129.5762,92.6143,129.5762,132.8318,11.6105,167.274,167.274,406.1391,92.7655
1174,cnn,nsson,jetson_emulator,300,offload,0.4129849308338102,129.5488,92.4616,92.4616,96.6843,12.7523,167.274,167.274,377.5228,92.8007
1175,cnn,nsson,jetson_emulator,300,local,0.410180327760652,129.665,92.4315,129.665,133.0467,11.6088,167.274,167.274,406.4948,92.8008
1176,cnn,nsson,jetson_emulator,300,offload,0.41261064510972256,129.6898,93.3022,93.3022,96.3883,12.7331,167.274,167.274,377.8533,92.7747
1177,cnn,nsson,jetson_emulator,300,offload,0.40927404282531177,130.1221,92.7506,92.7506,95.139,12.7457,167.274,167.274,378.0185,92.7583
1178,cnn,nsson,jetson_emulator,300,offload,0.4053838411715429,129.3297,92.5412,92.5412,95.4161,12.7505,167.274,167.274,378.1837,92.8282
1179,cnn,nsson,jetson_emulator,300,offload,0.42037542735068173,129.7811,93.7896,93.7896,96.9559,12.7221,167.274,167.274,378.3489,92.8024
1180,cnn,nsson,jetson_emulator,300,local,0.42400603831308603,129.4272,92.695,129.4272,132.8459,11.6134,167.274,167.274,407.3838,92.8328
1181,cnn,nsson,jetson_emulator,300,offload,0.42057967739679775,129.6967,93.0961,93.0961,95.8785,12.7378,167.274,167.274,378.6793,92.7698
1182,cnn,nsson,jetson_emulator,300,offload,0.4242126607094534,130.4937,92.8513,92.8513,96.2211,12.7434,167.274,167.274,378.8445,92.8173
1183,cnn,nsson,jetson_emulator,300,local,0.4412190080974368,130.144,93.7126,130.144,133.5736,11.5995,167.274,167.274,407.9172,92.8239
1184,cnn,nsson,jetson_emulator,300,local,0.4381148329281948,131.0723,93.5807,131.0723,134.5208,11.5815,167.274,167.274,408.0951,92.8923
1185,cnn,nsson,jetson_emulator,300,local,0.4421758316449192,129.9554,92.9202,129.9554,133.5657,11.6031,167.274,167.274,408.2729,92.7222
1186,cnn,nsson,jetson_emulator,300,local,0.4430769444304814,130.2107,94.0614,130.2107,133.2044,11.5982,167.274,167.274,408.4507,92.7902
1187,cnn,nsson,jetson_emulator,300,offload,0.448081890487285,130.5527,93.5009,93.5009,96.7457,12.7286,167.274,167.274,379.6706,92.6594
1188,cnn,nsson,jetson_emulator,300,offload,0.4486975475350544,130.1709,93.1944,93.1944,96.8644,12.7356,167.274,167.274,379.8358,92.6721
1189,cnn,nsson,jetson_emulator,300,offload,0.4465743087474432,130.3883,94.2898,94.2898,97.5033,12.7107,167.274,167.274,380.001,92.7539
1190,cnn,nsson,jetson_emulator,300,offload,0.4420457247181838,130.1302,93.2017,93.2017,95.741,12.7354,167.274,167.274,380.1662,92.7935
1191,cnn,nsson,jetson_emulator,300,offload,0.4492681381414492,130.7033,93.3912,93.3912,96.8503,12.7311,167.274,167.274,380.3314,92.8257
1192,cnn,nsson,jetson_emulator,300,offload,0.4472959822579422,130.3571,94.3661,94.3661,97.1108,12.709,167.274,167.274,380.4966,92.788
1193,cnn,nsson,jetson_emulator,300,offload,0.44855698670689026,130.6813,93.291,93.291,96.8714,12.7334,167.274,167.274,380.6618,92.752
1194,cnn,nsson,jetson_emulator,300,offload,0.44499057996617153,131.1831,93.1214,93.1214,96.6295,12.7372,167.274,167.274,380.827,92.6809
1195,cnn,nsson,jetson_emulator,300,offload,0.4461899889286045,130.6133,93.408,93.408,97.475,12.7307,167.274,167.274,380.9922,92.7979
1196,cnn,nsson,jetson_emulator,300,offload,0.44610475747515177,130.8272,93.5269,93.5269,96.2863,12.728,167.274,167.274,381.1575,92.7626
1197,cnn,nsson,jetson_emulator,300,offload,0.43955334405910634,130.8273,93.8109,93.8109,97.2041,12.7216,167.274,167.274,381.3227,92.8964
1198,cnn,nsson,jetson_emulator,300,offload,0.44065320101670175,130.6967,93.6394,93.6394,95.9174,12.7255,167.274,167.274,381.4879,92.7992
1199,cnn,nsson,jetson_emulator,300,local,0.4346777143488489,130.5584,94.178,130.5584,134.1223,11.5914,167.274,167.274,410.7622,92.7761
1200,cnn,nsson,jetson_emulator,300,offload,0.4317951771379982,130.8032,93.8205,93.8205,97.2279,12.7214,167.274,167.274,381.8183,92.805
