cycle_id,model,architecture,profile,nodes,decision,threshold,local_latency_ms,offload_latency_ms,total_latency_ms,rtt_ms,throughput_fps,local_power_mw,offload_power_mw,effective_power_mw,accuracy_step
1,snn,nsson,jetson_emulator,30,local,0.5054930425912886,38.4688,28.201,38.4688,40.0482,74.4724,112.06483125000001,112.06483125000001,107.1306,90.022
2,snn,nsson,jetson_emulator,30,offload,0.5078793993059664,38.9083,28.1672,28.1672,30.4009,80.4735,112.06483125000001,112.06483125000001,106.2872,90.1364
3,snn,nsson,jetson_emulator,30,offload,0.5065309769322491,38.5696,28.0424,28.0424,30.4237,80.4735,112.06483125000001,112.06483125000001,106.3827,90.0354
4,snn,nsson,jetson_emulator,30,local,0.5057845964571975,38.6295,29.0092,38.6295,39.6476,74.4161,112.06483125000001,112.06483125000001,107.4196,90.1151
5,snn,nsson,jetson_emulator,30,offload,0.5113920272807775,39.1109,28.0664,28.0664,29.4159,80.4735,112.06483125000001,112.06483125000001,106.5737,90.0028
6,snn,nsson,jetson_emulator,30,local,0.50422879684353,38.5795,29.2407,38.5795,40.4381,74.4336,112.06483125000001,112.06483125000001,107.6122,90.117
7,snn,nsson,jetson_emulator,30,local,0.4984665023210069,39.5147,27.8531,39.5147,41.0713,74.1074,112.06483125000001,112.06483125000001,107.7086,90.0438
8,snn,nsson,jetson_emulator,30,local,0.4847682768802526,39.0266,27.8414,39.0266,41.4957,74.2773,112.06483125000001,112.06483125000001,107.8049,90.0924
9,snn,nsson,jetson_emulator,30,offload,0.48382286387699963,39.5348,27.8203,27.8203,29.6235,80.4735,112.06483125000001,112.06483125000001,106.9556,90.1061
10,snn,nsson,jetson_emulator,30,local,0.48846542589248254,39.7256,28.8881,39.7256,41.9943,74.0342,112.06483125000001,112.06483125000001,107.9975,90.1217
11,snn,nsson,jetson_emulator,30,local,0.4969973771869864,40.3394,27.9372,40.3394,41.6412,73.822,112.06483125000001,112.06483125000001,108.0939,90.0648
12,snn,nsson,jetson_emulator,30,local,0.5033714075237232,39.3507,29.3549,39.3507,41.8868,74.1644,112.06483125000001,112.06483125000001,108.1902,90.0122
13,snn,nsson,jetson_emulator,30,offload,0.4996062284676884,39.0698,29.2995,29.2995,30.8339,80.1687,112.06483125000001,112.06483125000001,107.3376,90.1085
14,snn,nsson,jetson_emulator,30,local,0.4893922441970111,40.3371,28.5346,40.3371,41.8853,73.8228,112.06483125000001,112.06483125000001,108.3829,90.0943
15,snn,nsson,jetson_emulator,30,offload,0.4881929562198274,39.2303,29.2253,29.2253,30.8854,80.198,112.06483125000001,112.06483125000001,107.5286,90.1415
16,snn,nsson,jetson_emulator,30,offload,0.497032033583406,39.7354,28.999,28.999,31.1206,80.2875,112.06483125000001,112.06483125000001,107.624,90.0601
17,snn,nsson,jetson_emulator,30,offload,0.5056479115556304,40.2419,28.4121,28.4121,31.1163,80.4735,112.06483125000001,112.06483125000001,107.7195,90.1911
18,snn,nsson,jetson_emulator,30,offload,0.5143108787881181,39.8276,28.4832,28.4832,29.6664,80.4735,112.06483125000001,112.06483125000001,107.815,90.1198
19,snn,nsson,jetson_emulator,30,offload,0.5154392973783357,39.9829,28.3306,28.3306,30.5855,80.4735,112.06483125000001,112.06483125000001,107.9105,90.2079
20,snn,nsson,jetson_emulator,30,offload,0.5208994694588328,39.5191,28.3556,28.3556,29.534,80.4735,112.06483125000001,112.06483125000001,108.006,90.0875
21,snn,nsson,jetson_emulator,30,offload,0.5189237609915055,39.8786,28.5006,28.5006,30.0675,80.4735,112.06483125000001,112.06483125000001,108.1015,90.0964
22,snn,nsson,jetson_emulator,30,local,0.517147527686323,40.2061,28.4628,40.2061,42.804,73.868,112.06483125000001,112.06483125000001,109.1535,90.0762
23,snn,nsson,jetson_emulator,30,local,0.5094435965450579,41.0546,29.0974,41.0546,43.3539,73.5764,112.06483125000001,112.06483125000001,109.2498,90.1961
24,snn,nsson,jetson_emulator,30,local,0.5151051475124834,40.088,28.6227,40.088,40.8851,73.9088,112.06483125000001,112.06483125000001,109.3462,90.1076
25,snn,nsson,jetson_emulator,30,local,0.5032647958544711,40.5882,28.7582,40.5882,42.3049,73.7364,112.06483125000001,112.06483125000001,109.4425,90.1703
26,snn,nsson,jetson_emulator,30,local,0.502009287928867,40.932,29.4293,40.932,43.1384,73.6183,112.06483125000001,112.06483125000001,109.5388,90.125
27,snn,nsson,jetson_emulator,30,offload,0.5039751569094524,40.2427,30.4108,30.4108,33.0861,79.7326,112.06483125000001,112.06483125000001,108.6744,90.0965
28,snn,nsson,jetson_emulator,30,offload,0.5102040458843259,40.0538,29.6422,29.6422,31.4727,80.0337,112.06483125000001,112.06483125000001,108.7699,90.0567
29,snn,nsson,jetson_emulator,30,local,0.5141576710649005,40.2716,29.6454,40.2716,41.7116,73.8454,112.06483125000001,112.06483125000001,109.8278,90.1519
30,snn,nsson,jetson_emulator,30,offload,0.5186929753218764,40.8102,29.224,29.224,31.1871,80.1985,112.06483125000001,112.06483125000001,108.9609,90.0518
31,snn,nsson,jetson_emulator,30,local,0.5187515133195125,40.5802,28.9893,40.5802,42.9081,73.7391,112.06483125000001,112.06483125000001,110.0205,90.1068
32,snn,nsson,jetson_emulator,30,local,0.5230994690240383,40.3358,29.2869,40.3358,42.827,73.8233,112.06483125000001,112.06483125000001,110.1168,90.0521
33,snn,nsson,jetson_emulator,30,offload,0.540729181368328,40.9976,29.9068,29.9068,32.0142,79.9298,112.06483125000001,112.06483125000001,109.2473,90.0433
34,snn,nsson,jetson_emulator,30,offload,0.5416057880554686,40.6137,29.2623,29.2623,30.8785,80.1834,112.06483125000001,112.06483125000001,109.3428,90.157
35,snn,nsson,jetson_emulator,30,offload,0.5323128228645273,40.6043,29.8464,29.8464,31.8913,79.9535,112.06483125000001,112.06483125000001,109.4383,90.0611
36,snn,nsson,jetson_emulator,30,offload,0.5372536726471064,40.8652,29.2412,29.2412,30.5404,80.1917,112.06483125000001,112.06483125000001,109.5338,90.1374
37,snn,nsson,jetson_emulator,30,offload,0.5246798432484034,40.805,29.444,29.444,31.5508,80.1117,112.06483125000001,112.06483125000001,109.6293,89.9768
38,snn,nsson,jetson_emulator,30,offload,0.5204440534866579,40.7223,30.1824,30.1824,32.7783,79.8218,112.06483125000001,112.06483125000001,109.7248,89.9956
39,snn,nsson,jetson_emulator,30,offload,0.5182999827191712,41.7268,29.5815,29.5815,31.6309,80.0576,112.06483125000001,112.06483125000001,109.8202,90.1044
40,snn,nsson,jetson_emulator,30,offload,0.520147478645923,40.7568,29.1735,29.1735,31.2003,80.2185,112.06483125000001,112.06483125000001,109.9157,90.2078
41,snn,nsson,jetson_emulator,30,local,0.5231839091141927,40.889,29.2954,40.889,42.1522,73.6331,112.06483125000001,112.06483125000001,110.9838,90.0652
42,snn,nsson,jetson_emulator,30,local,0.5190026416339801,41.4763,29.8943,41.4763,43.724,73.4323,112.06483125000001,112.06483125000001,111.0801,90.0917
43,snn,nsson,jetson_emulator,30,local,0.5254452144327918,41.0133,29.6346,41.0133,42.6576,73.5905,112.06483125000001,112.06483125000001,111.1765,90.1238
44,snn,nsson,jetson_emulator,30,local,0.5250288216622382,41.1619,29.8457,41.1619,42.313,73.5396,112.06483125000001,112.06483125000001,111.2728,90.0725
45,snn,nsson,jetson_emulator,30,local,0.5263003922978979,41.5329,29.457,41.5329,43.8495,73.413,112.06483125000001,112.06483125000001,111.3691,90.0962
46,snn,nsson,jetson_emulator,30,offload,0.5312306755590293,41.675,29.8481,29.8481,32.043,79.9528,112.06483125000001,112.06483125000001,110.4886,90.1138
47,snn,nsson,jetson_emulator,30,offload,0.5196220464128478,41.6885,31.5636,31.5636,33.3557,79.2851,112.06483125000001,112.06483125000001,110.5841,89.9648
48,snn,nsson,jetson_emulator,30,offload,0.5187307972415935,41.1719,30.3921,30.3921,31.8572,79.7398,112.06483125000001,112.06483125000001,110.6796,90.0625
49,snn,nsson,jetson_emulator,30,offload,0.5081807274392638,42.223,30.9653,30.9653,33.4862,79.5167,112.06483125000001,112.06483125000001,110.7751,90.1477
50,snn,nsson,jetson_emulator,30,local,0.5120190939887601,41.8755,29.7941,41.8755,42.7372,73.2964,112.06483125000001,112.06483125000001,111.8508,90.1368
51,snn,nsson,jetson_emulator,30,local,0.5134924877738755,42.1134,29.9289,42.1134,43.8507,73.2157,112.06483125000001,112.06483125000001,111.9471,90.1993
52,snn,nsson,jetson_emulator,30,offload,0.5107018067437318,41.9485,29.7377,29.7377,31.6224,79.9962,112.06483125000001,112.06483125000001,111.0616,90.0783
53,snn,nsson,jetson_emulator,30,offload,0.5056759307595807,42.2307,30.6312,30.6312,33.3819,79.6466,112.06483125000001,112.06483125000001,111.157,90.1527
54,snn,nsson,jetson_emulator,30,local,0.4998625840192063,41.7773,30.5311,41.7773,44.0567,73.3298,112.06483125000001,112.06483125000001,112.2361,90.0269
55,snn,nsson,jetson_emulator,30,offload,0.489968263513652,42.535,30.369,30.369,32.2463,79.7489,112.06483125000001,112.06483125000001,111.348,90.2062
56,snn,nsson,jetson_emulator,30,offload,0.48789905365111036,42.8086,30.4231,30.4231,32.569,79.7278,112.06483125000001,112.06483125000001,111.4435,90.1036
57,snn,nsson,jetson_emulator,30,offload,0.48702275762854524,42.1386,30.8291,30.8291,32.4923,79.5696,112.06483125000001,112.06483125000001,111.539,90.071
58,snn,nsson,jetson_emulator,30,local,0.4927799994611615,41.686,30.1061,41.686,44.3185,73.3608,112.06483125000001,112.06483125000001,112.6214,90.0384
59,snn,nsson,jetson_emulator,30,local,0.4988735608324971,42.1565,30.4501,42.1565,43.3691,73.201,112.06483125000001,112.06483125000001,112.7178,90.1179
60,snn,nsson,jetson_emulator,30,offload,0.5076133526817745,41.8652,30.0227,30.0227,31.2915,79.8843,112.06483125000001,112.06483125000001,111.8255,90.0279
61,snn,nsson,jetson_emulator,30,offload,0.5108124028187169,42.2397,30.2933,30.2933,31.7971,79.7784,112.06483125000001,112.06483125000001,111.9209,90.0572
62,snn,nsson,jetson_emulator,30,offload,0.5145600369874955,41.8888,32.1861,32.1861,33.8855,79.0456,112.06483125000001,112.06483125000001,112.0164,90.1233
63,snn,nsson,jetson_emulator,30,offload,0.5111777510128014,42.8626,32.0638,32.0638,33.3593,79.0925,112.06483125000001,112.06483125000001,112.1119,90.1364
64,snn,nsson,jetson_emulator,30,local,0.5132185591276633,43.1092,30.4151,43.1092,45.1504,72.8796,112.06483125000001,112.06483125000001,113.1994,90.0731
65,snn,nsson,jetson_emulator,30,offload,0.5200919471327706,41.9171,31.337,31.337,32.8044,79.3727,112.06483125000001,112.06483125000001,112.3029,90.0589
66,snn,nsson,jetson_emulator,30,offload,0.5226735181588561,42.3623,30.6186,30.6186,32.5908,79.6515,112.06483125000001,112.06483125000001,112.3984,90.0052
67,snn,nsson,jetson_emulator,30,local,0.5232847763724663,42.181,30.0173,42.181,43.0125,73.1927,112.06483125000001,112.06483125000001,113.4884,90.1442
68,snn,nsson,jetson_emulator,30,local,0.5254460082942416,42.3149,31.0194,42.3149,44.6063,73.1474,112.06483125000001,112.06483125000001,113.5847,90.0038
69,snn,nsson,jetson_emulator,30,offload,0.5272884975448326,42.2946,30.343,30.343,31.6535,79.759,112.06483125000001,112.06483125000001,112.6848,90.0297
70,snn,nsson,jetson_emulator,30,local,0.5131860620223986,42.5872,30.4406,42.5872,45.2887,73.0554,112.06483125000001,112.06483125000001,113.7774,90.2045
71,snn,nsson,jetson_emulator,30,local,0.5170317642407436,42.0132,30.2789,42.0132,43.5719,73.2496,112.06483125000001,112.06483125000001,113.8737,90.1338
72,snn,nsson,jetson_emulator,30,offload,0.5150011623107675,42.4068,30.0433,30.0433,30.876,79.8763,112.06483125000001,112.06483125000001,112.9713,90.1526
73,snn,nsson,jetson_emulator,30,local,0.5074265196545876,42.314,31.2089,42.314,44.4931,73.1477,112.06483125000001,112.06483125000001,114.0664,90.0111
74,snn,nsson,jetson_emulator,30,local,0.5113162715015664,42.7234,30.8489,42.7234,44.2452,73.0094,112.06483125000001,112.06483125000001,114.1627,90.0426
75,snn,nsson,jetson_emulator,30,offload,0.503363008173916,42.1703,30.8567,30.8567,32.2179,79.5589,112.06483125000001,112.06483125000001,113.2578,90.1366
76,snn,nsson,jetson_emulator,30,local,0.4953151210182909,42.8206,30.5448,42.8206,44.5688,72.9767,112.06483125000001,112.06483125000001,114.3554,90.165
77,snn,nsson,jetson_emulator,30,local,0.49224596377682023,42.2306,30.173,42.2306,43.2659,73.1759,112.06483125000001,112.06483125000001,114.4517,90.0786
78,snn,nsson,jetson_emulator,30,local,0.4942557093060428,43.2802,30.6534,43.2802,45.2833,72.8222,112.06483125000001,112.06483125000001,114.548,90.1361
79,snn,nsson,jetson_emulator,30,offload,0.4918114669501767,42.4271,31.9897,31.9897,33.4361,79.121,112.06483125000001,112.06483125000001,113.6397,90.0613
80,snn,nsson,jetson_emulator,30,local,0.4908209491145495,42.9549,30.2466,42.9549,44.1677,72.9315,112.06483125000001,112.06483125000001,114.7407,90.0954
81,snn,nsson,jetson_emulator,30,local,0.489649903696201,42.7304,30.8811,42.7304,44.5552,73.0071,112.06483125000001,112.06483125000001,114.837,90.1941
82,snn,nsson,jetson_emulator,30,offload,0.48423496076403955,42.3023,30.3872,30.3872,32.3437,79.7418,112.06483125000001,112.06483125000001,113.9262,90.1227
83,snn,nsson,jetson_emulator,30,offload,0.4861350181123805,42.5622,30.3669,30.3669,32.2495,79.7497,112.06483125000001,112.06483125000001,114.0216,90.0858
84,snn,nsson,jetson_emulator,30,offload,0.49198919988393275,42.4127,30.3068,30.3068,32.0701,79.7732,112.06483125000001,112.06483125000001,114.1171,90.086
85,snn,nsson,jetson_emulator,30,local,0.49603381905315486,43.3371,30.3301,43.3371,44.8906,72.8031,112.06483125000001,112.06483125000001,115.2224,90.0575
86,snn,nsson,jetson_emulator,30,offload,0.4959266558038251,42.7567,30.2114,30.2114,31.3606,79.8105,112.06483125000001,112.06483125000001,114.3081,90.0557
87,snn,nsson,jetson_emulator,30,local,0.5007716119071416,42.4393,30.3672,42.4393,43.7422,73.1053,112.06483125000001,112.06483125000001,115.415,90.0451
88,snn,nsson,jetson_emulator,30,local,0.4991352606894927,42.7433,31.8875,42.7433,44.7973,73.0027,112.06483125000001,112.06483125000001,115.5114,90.0414
89,snn,nsson,jetson_emulator,30,offload,0.49497432192026614,42.4184,30.6744,30.6744,32.8797,79.6298,112.06483125000001,112.06483125000001,114.5946,90.1738
90,snn,nsson,jetson_emulator,30,local,0.49322620635732267,42.4129,31.7168,42.4129,44.344,73.1142,112.06483125000001,112.06483125000001,115.704,90.131
91,snn,nsson,jetson_emulator,30,local,0.49039376020867287,42.6252,31.3953,42.6252,44.2009,73.0426,112.06483125000001,112.06483125000001,115.8003,90.0907
92,snn,nsson,jetson_emulator,30,offload,0.4882326592445176,42.6349,30.4881,30.4881,31.4901,79.7024,112.06483125000001,112.06483125000001,114.881,90.1258
93,snn,nsson,jetson_emulator,30,offload,0.48740740737653715,42.7699,31.3411,31.3411,33.6338,79.3711,112.06483125000001,112.06483125000001,114.9765,90.1272
94,snn,nsson,jetson_emulator,30,local,0.47505224275829155,42.6321,30.4767,42.6321,44.4041,73.0402,112.06483125000001,112.06483125000001,116.0893,90.1089
95,snn,nsson,jetson_emulator,30,local,0.4760186713113401,42.4753,30.2524,42.4753,44.3804,73.0932,112.06483125000001,112.06483125000001,116.1857,90.1803
96,snn,nsson,jetson_emulator,30,local,0.47173364442677285,42.3757,30.8247,42.3757,44.6145,73.1268,112.06483125000001,112.06483125000001,116.282,90.1098
97,snn,nsson,jetson_emulator,30,local,0.48258083407916313,43.4247,30.5771,43.4247,44.8774,72.7738,112.06483125000001,112.06483125000001,116.3783,90.1502
98,snn,nsson,jetson_emulator,30,offload,0.4798025739361312,42.3601,31.029,31.029,32.7378,79.492,112.06483125000001,112.06483125000001,115.4539,90.0574
99,snn,nsson,jetson_emulator,30,local,0.47767605505179955,43.4862,30.7751,43.4862,46.0893,72.7532,112.06483125000001,112.06483125000001,116.571,90.0907
100,snn,nsson,jetson_emulator,30,local,0.4826829669310671,42.4909,30.5374,42.4909,44.6886,73.0879,112.06483125000001,112.06483125000001,116.6673,90.0969
101,snn,nsson,jetson_emulator,30,local,0.47928416807656193,42.4535,30.5056,42.4535,44.6334,73.1005,112.06483125000001,112.06483125000001,116.7637,90.1411
102,snn,nsson,jetson_emulator,30,local,0.4865788151721563,42.2437,31.421,42.2437,44.4558,73.1715,112.06483125000001,112.06483125000001,116.86,90.0961
103,snn,nsson,jetson_emulator,30,local,0.47984340801663017,42.4641,30.7524,42.4641,44.7179,73.0969,112.06483125000001,112.06483125000001,116.9563,90.0727
104,snn,nsson,jetson_emulator,30,local,0.47656111334583184,43.4685,31.3331,43.4685,44.9886,72.7591,112.06483125000001,112.06483125000001,117.0526,90.0489
105,snn,nsson,jetson_emulator,30,local,0.48043320261996436,42.2285,31.2987,42.2285,44.4095,73.1766,112.06483125000001,112.06483125000001,117.149,90.0653
106,snn,nsson,jetson_emulator,30,local,0.4677262357453266,42.2615,30.8291,42.2615,44.1514,73.1655,112.06483125000001,112.06483125000001,117.2453,90.1252
107,snn,nsson,jetson_emulator,30,local,0.4641338581515403,42.8296,30.6356,42.8296,44.6857,72.9736,112.06483125000001,112.06483125000001,117.3416,90.1102
108,snn,nsson,jetson_emulator,30,local,0.46282398203723474,42.1764,30.3528,42.1764,44.5854,73.1943,112.06483125000001,112.06483125000001,117.438,90.0607
109,snn,nsson,jetson_emulator,30,offload,0.47316341443694904,42.219,30.9643,30.9643,32.4197,79.5171,112.06483125000001,112.06483125000001,116.5043,90.1546
110,snn,nsson,jetson_emulator,30,offload,0.4721883994739856,42.1622,30.6848,30.6848,32.6835,79.6258,112.06483125000001,112.06483125000001,116.5998,90.1215
111,snn,nsson,jetson_emulator,30,offload,0.4682902805249736,42.5838,30.6375,30.6375,32.7335,79.6442,112.06483125000001,112.06483125000001,116.6953,90.1457
112,snn,nsson,jetson_emulator,30,local,0.47104976983180397,42.8836,31.303,42.8836,45.1561,72.9555,112.06483125000001,112.06483125000001,117.8233,90.0288
113,snn,nsson,jetson_emulator,30,offload,0.4723298584384513,42.394,31.1306,31.1306,33.3325,79.4526,112.06483125000001,112.06483125000001,116.8862,90.0382
114,snn,nsson,jetson_emulator,30,local,0.4699197517275503,43.1689,30.3041,43.1689,44.5461,72.8596,112.06483125000001,112.06483125000001,118.016,90.1464
115,snn,nsson,jetson_emulator,30,local,0.4654948727502836,43.0018,30.1457,43.0018,45.3354,72.9157,112.06483125000001,112.06483125000001,118.1123,90.1558
116,snn,nsson,jetson_emulator,30,offload,0.4622350780085999,42.3252,31.4542,31.4542,33.0668,79.3274,112.06483125000001,112.06483125000001,117.1727,90.0551
117,snn,nsson,jetson_emulator,30,offload,0.4714214700722547,42.9152,30.7412,30.7412,32.0221,79.6038,112.06483125000001,112.06483125000001,117.2682,90.0352
118,snn,nsson,jetson_emulator,30,local,0.4747316587752874,42.5483,30.5874,42.5483,43.8644,73.0685,112.06483125000001,112.06483125000001,118.4013,90.1354
119,snn,nsson,jetson_emulator,30,offload,0.48309847517744015,41.9811,30.286,30.286,31.8882,79.7813,112.06483125000001,112.06483125000001,117.4592,90.099
120,snn,nsson,jetson_emulator,30,local,0.47883945531868627,42.4375,30.7736,42.4375,44.2604,73.1059,112.06483125000001,112.06483125000001,118.5939,90.1901
121,snn,nsson,jetson_emulator,30,offload,0.4812982711004786,42.3194,30.8324,30.8324,32.7214,79.5683,112.06483125000001,112.06483125000001,117.6501,90.1689
122,snn,nsson,jetson_emulator,30,offload,0.4746354695570816,42.3444,31.0273,31.0273,32.573,79.4926,112.06483125000001,112.06483125000001,117.7456,90.1292
123,snn,nsson,jetson_emulator,30,local,0.4728068489951307,42.2659,30.7763,42.2659,43.5459,73.164,112.06483125000001,112.06483125000001,118.8829,90.1382
124,snn,nsson,jetson_emulator,30,offload,0.46726804054820564,42.115,30.3776,30.3776,32.2481,79.7455,112.06483125000001,112.06483125000001,117.9366,90.1655
125,snn,nsson,jetson_emulator,30,local,0.46497260171394705,42.5293,30.2171,42.5293,44.4378,73.0749,112.06483125000001,112.06483125000001,119.0756,90.0803
126,snn,nsson,jetson_emulator,30,local,0.4715232152479642,42.0329,30.0332,42.0329,44.7424,73.2429,112.06483125000001,112.06483125000001,119.1719,90.0987
127,snn,nsson,jetson_emulator,30,local,0.4680346408231423,42.0665,30.3516,42.0665,43.8616,73.2316,112.06483125000001,112.06483125000001,119.2683,90.1282
128,snn,nsson,jetson_emulator,30,local,0.4678348556404353,42.1305,31.4109,42.1305,44.331,73.2099,112.06483125000001,112.06483125000001,119.3646,90.0163
129,snn,nsson,jetson_emulator,30,local,0.477253828923802,41.8816,31.353,41.8816,43.1868,73.2943,112.06483125000001,112.06483125000001,119.4609,90.0839
130,snn,nsson,jetson_emulator,30,offload,0.4778816429467468,41.9501,31.144,31.144,33.1607,79.4474,112.06483125000001,112.06483125000001,118.5095,90.1343
131,snn,nsson,jetson_emulator,30,local,0.47407934356763326,42.0243,29.8229,42.0243,43.6553,73.2458,112.06483125000001,112.06483125000001,119.6536,90.0692
132,snn,nsson,jetson_emulator,30,offload,0.46944091252874814,42.3771,31.5728,31.5728,33.4308,79.2815,112.06483125000001,112.06483125000001,118.7005,90.204
133,snn,nsson,jetson_emulator,30,local,0.46667575932307387,41.7349,31.0833,41.7349,42.7696,73.3442,112.06483125000001,112.06483125000001,119.8462,90.1996
134,snn,nsson,jetson_emulator,30,local,0.4684858049182987,41.7402,29.8911,41.7402,43.9274,73.3424,112.06483125000001,112.06483125000001,119.9426,90.1263
135,snn,nsson,jetson_emulator,30,local,0.4839053272571927,41.661,30.3208,41.661,43.5795,73.3693,112.06483125000001,112.06483125000001,120.0389,90.1135
136,snn,nsson,jetson_emulator,30,offload,0.488401588980712,43.1774,30.6348,30.6348,32.475,79.6452,112.06483125000001,112.06483125000001,119.0824,90.1062
137,snn,nsson,jetson_emulator,30,local,0.49695603219999,42.1144,30.4812,42.1144,44.3609,73.2153,112.06483125000001,112.06483125000001,120.2316,90.1003
138,snn,nsson,jetson_emulator,30,local,0.4961857200908418,42.0037,30.4251,42.0037,43.3509,73.2529,112.06483125000001,112.06483125000001,120.3279,90.0992
139,snn,nsson,jetson_emulator,30,local,0.49714223535392765,41.6398,30.2262,41.6398,43.8409,73.3766,112.06483125000001,112.06483125000001,120.4242,90.1134
140,snn,nsson,jetson_emulator,30,offload,0.49630920495714714,42.0739,30.874,30.874,33.0775,79.5522,112.06483125000001,112.06483125000001,119.4644,90.1356
141,snn,nsson,jetson_emulator,30,local,0.4916825440348582,41.6105,30.0913,41.6105,43.6476,73.3865,112.06483125000001,112.06483125000001,120.6169,90.0851
142,snn,nsson,jetson_emulator,30,offload,0.4889833257911318,41.862,29.9008,29.9008,32.0335,79.9321,112.06483125000001,112.06483125000001,119.6554,90.1426
143,snn,nsson,jetson_emulator,30,local,0.4909402842579069,42.1669,29.8045,42.1669,43.9467,73.1975,112.06483125000001,112.06483125000001,120.8095,90.1451
144,snn,nsson,jetson_emulator,30,local,0.5025434260642281,42.3069,30.5678,42.3069,44.8742,73.1501,112.06483125000001,112.06483125000001,120.9059,90.0944
145,snn,nsson,jetson_emulator,30,local,0.4984721851169503,41.8974,30.6935,41.8974,44.4783,73.2889,112.06483125000001,112.06483125000001,121.0022,90.0708
146,snn,nsson,jetson_emulator,30,local,0.49648528438642564,41.7196,29.7933,41.7196,43.8524,73.3494,112.06483125000001,112.06483125000001,121.0985,90.2151
147,snn,nsson,jetson_emulator,30,offload,0.49559755594519705,41.3999,30.2262,30.2262,32.7319,79.8047,112.06483125000001,112.06483125000001,120.1328,90.0682
148,snn,nsson,jetson_emulator,30,offload,0.4956581585483742,41.2774,30.2745,30.2745,32.565,79.7858,112.06483125000001,112.06483125000001,120.2283,90.1132
149,snn,nsson,jetson_emulator,30,offload,0.4996700888421823,42.1054,30.2376,30.2376,31.365,79.8002,112.06483125000001,112.06483125000001,120.3238,90.0716
150,snn,nsson,jetson_emulator,30,offload,0.49141405649947506,41.2663,29.9883,29.9883,32.1359,79.8978,112.06483125000001,112.06483125000001,120.4193,90.0705
151,snn,nsson,jetson_emulator,30,local,0.49027139574684503,41.5883,30.2086,41.5883,43.7535,73.3941,112.06483125000001,112.06483125000001,121.5802,90.1188
152,snn,nsson,jetson_emulator,30,local,0.4821831099794572,41.2072,30.5822,41.2072,42.7809,73.5241,112.06483125000001,112.06483125000001,121.6765,90.1706
153,snn,nsson,jetson_emulator,30,offload,0.4781533076345528,41.0845,30.3686,30.3686,32.5942,79.749,112.06483125000001,112.06483125000001,120.7057,90.1284
154,snn,nsson,jetson_emulator,30,offload,0.467389694691488,41.5856,30.075,30.075,31.5111,79.8638,112.06483125000001,112.06483125000001,120.8012,90.058
155,snn,nsson,jetson_emulator,30,local,0.4636372813115515,41.0606,30.4347,41.0606,43.1772,73.5743,112.06483125000001,112.06483125000001,121.9655,90.0714
156,snn,nsson,jetson_emulator,30,local,0.4727573518468659,41.5055,30.9013,41.5055,43.2567,73.4223,112.06483125000001,112.06483125000001,122.0618,90.1143
157,snn,nsson,jetson_emulator,30,offload,0.46484698800891655,41.3323,31.3685,31.3685,33.5827,79.3605,112.06483125000001,112.06483125000001,121.0877,90.0918
158,snn,nsson,jetson_emulator,30,offload,0.47251431977957503,41.3005,29.7353,29.7353,32.0246,79.9971,112.06483125000001,112.06483125000001,121.1831,90.001
159,snn,nsson,jetson_emulator,30,offload,0.470054648625669,41.1008,29.3814,29.3814,30.7267,80.1364,112.06483125000001,112.06483125000001,121.2786,90.0567
160,snn,nsson,jetson_emulator,30,offload,0.4744808956784874,41.5587,29.2994,29.2994,31.3309,80.1688,112.06483125000001,112.06483125000001,121.3741,90.0556
161,snn,nsson,jetson_emulator,30,local,0.48173977654517214,41.5082,29.57,41.5082,43.6198,73.4214,112.06483125000001,112.06483125000001,122.5435,90.0983
162,snn,nsson,jetson_emulator,30,local,0.47491114511019134,40.8704,30.3554,40.8704,43.2705,73.6395,112.06483125000001,112.06483125000001,122.6398,90.1055
163,snn,nsson,jetson_emulator,30,local,0.4701887592549752,41.0776,30.1997,41.0776,42.8933,73.5685,112.06483125000001,112.06483125000001,122.7362,90.1273
164,snn,nsson,jetson_emulator,30,local,0.4679780087611636,41.0345,29.4581,41.0345,43.1739,73.5832,112.06483125000001,112.06483125000001,122.8325,90.0689
165,snn,nsson,jetson_emulator,30,offload,0.45901090460728317,41.1269,31.013,31.013,32.5858,79.4982,112.06483125000001,112.06483125000001,121.8516,90.1366
166,snn,nsson,jetson_emulator,30,local,0.4575183414714567,41.0219,30.0605,41.0219,42.4165,73.5876,112.06483125000001,112.06483125000001,123.0252,90.1323
167,snn,nsson,jetson_emulator,30,local,0.45651011051546037,40.7278,30.1587,40.7278,42.2016,73.6884,112.06483125000001,112.06483125000001,123.1215,90.0318
168,snn,nsson,jetson_emulator,30,offload,0.4601049218063215,40.8211,29.5038,29.5038,31.0935,80.0882,112.06483125000001,112.06483125000001,122.138,90.1866
169,snn,nsson,jetson_emulator,30,local,0.4713122212443596,41.3934,29.3149,41.3934,43.0848,73.4605,112.06483125000001,112.06483125000001,123.3141,90.1086
170,snn,nsson,jetson_emulator,30,offload,0.48298797739487936,40.7193,29.4737,29.4737,32.0632,80.1,112.06483125000001,112.06483125000001,122.329,90.1249
171,snn,nsson,jetson_emulator,30,offload,0.4875418188697627,40.8681,29.2737,29.2737,31.3377,80.1789,112.06483125000001,112.06483125000001,122.4245,90.0693
172,snn,nsson,jetson_emulator,30,offload,0.48676262066555076,41.467,29.7733,29.7733,31.5163,79.9822,112.06483125000001,112.06483125000001,122.52,89.9996
173,snn,nsson,jetson_emulator,30,offload,0.47714418564799393,41.155,29.3778,29.3778,31.5715,80.1378,112.06483125000001,112.06483125000001,122.6154,90.1117
174,snn,nsson,jetson_emulator,30,local,0.47106956090294444,41.082,29.6032,41.082,43.3911,73.567,112.06483125000001,112.06483125000001,123.7958,90.1072
175,snn,nsson,jetson_emulator,30,offload,0.47815990373950445,40.6483,30.8414,30.8414,33.2126,79.5648,112.06483125000001,112.06483125000001,122.8064,90.0233
176,snn,nsson,jetson_emulator,30,local,0.48137969412509446,40.7892,29.5201,40.7892,43.0174,73.6673,112.06483125000001,112.06483125000001,123.9885,90.0952
177,snn,nsson,jetson_emulator,30,offload,0.47436898616265966,40.9689,29.1544,29.1544,31.5387,80.226,112.06483125000001,112.06483125000001,122.9974,90.167
178,snn,nsson,jetson_emulator,30,local,0.4835007923013262,40.7122,29.884,40.7122,42.1929,73.6938,112.06483125000001,112.06483125000001,124.1811,90.138
179,snn,nsson,jetson_emulator,30,offload,0.4754287774166187,40.811,29.726,29.726,31.3194,80.0008,112.06483125000001,112.06483125000001,123.1884,90.0286
180,snn,nsson,jetson_emulator,30,local,0.48001485840409575,40.5855,31.2659,40.5855,42.1255,73.7373,112.06483125000001,112.06483125000001,124.3738,90.1107
181,snn,nsson,jetson_emulator,30,offload,0.46983989275291377,42.1355,29.3044,29.3044,31.1148,80.1668,112.06483125000001,112.06483125000001,123.3793,90.0481
182,snn,nsson,jetson_emulator,30,local,0.48038449440372594,40.9739,29.9075,40.9739,42.9774,73.604,112.06483125000001,112.06483125000001,124.5664,90.0431
183,snn,nsson,jetson_emulator,30,offload,0.4858795225804456,40.9137,30.0069,30.0069,32.3722,79.8906,112.06483125000001,112.06483125000001,123.5703,89.9762
184,snn,nsson,jetson_emulator,30,offload,0.4863516625087955,41.6032,29.9091,29.9091,32.0309,79.9289,112.06483125000001,112.06483125000001,123.6658,90.1317
185,snn,nsson,jetson_emulator,30,offload,0.48528247000525493,40.6404,29.4817,29.4817,30.779,80.0969,112.06483125000001,112.06483125000001,123.7613,90.1757
186,snn,nsson,jetson_emulator,30,offload,0.4874177251129848,41.2987,29.8914,29.8914,32.6888,79.9358,112.06483125000001,112.06483125000001,123.8568,90.0951
187,snn,nsson,jetson_emulator,30,local,0.4855707037606087,40.4466,29.3643,40.4466,42.1355,73.7851,112.06483125000001,112.06483125000001,125.0481,90.0496
188,snn,nsson,jetson_emulator,30,local,0.4962148703208722,40.4309,29.9908,40.4309,42.2137,73.7905,112.06483125000001,112.06483125000001,125.1444,89.9961
189,snn,nsson,jetson_emulator,30,offload,0.5051084705496451,41.2693,30.2616,30.2616,31.635,79.7908,112.06483125000001,112.06483125000001,124.1432,90.1407
190,snn,nsson,jetson_emulator,30,offload,0.5052962215609378,40.728,28.9206,28.9206,30.3367,80.3185,112.06483125000001,112.06483125000001,124.2387,90.0749
191,snn,nsson,jetson_emulator,30,offload,0.5142396978739989,40.477,29.3727,29.3727,31.0928,80.1398,112.06483125000001,112.06483125000001,124.3342,90.0176
192,snn,nsson,jetson_emulator,30,local,0.5119416499126249,41.4474,29.2337,41.4474,42.9396,73.4421,112.06483125000001,112.06483125000001,125.5298,90.125
193,snn,nsson,jetson_emulator,30,local,0.5137762149235778,40.4439,28.9984,40.4439,42.9385,73.786,112.06483125000001,112.06483125000001,125.6261,90.1051
194,snn,nsson,jetson_emulator,30,offload,0.5139846999645172,40.8017,30.1939,30.1939,32.5772,79.8173,112.06483125000001,112.06483125000001,124.6207,90.0708
195,snn,nsson,jetson_emulator,30,offload,0.517560046930451,40.5661,29.1077,29.1077,30.6904,80.2445,112.06483125000001,112.06483125000001,124.7162,90.1495
196,snn,nsson,jetson_emulator,30,offload,0.5195591485981933,40.8754,29.3354,29.3354,30.8016,80.1546,112.06483125000001,112.06483125000001,124.8116,90.1533
197,snn,nsson,jetson_emulator,30,offload,0.517682892334481,40.5265,29.7775,29.7775,31.2801,79.9805,112.06483125000001,112.06483125000001,124.9071,90.0439
198,snn,nsson,jetson_emulator,30,offload,0.5200510665576563,41.2209,29.0699,29.0699,30.8114,80.2594,112.06483125000001,112.06483125000001,125.0026,90.1492
199,snn,nsson,jetson_emulator,30,local,0.5155440592477009,40.5742,30.7968,40.5742,42.5587,73.7412,112.06483125000001,112.06483125000001,126.2041,90.1226
200,snn,nsson,jetson_emulator,30,local,0.5232971562185567,41.3269,29.3967,41.3269,43.5855,73.4833,112.06483125000001,112.06483125000001,126.3004,90.1462
201,snn,nsson,jetson_emulator,30,local,0.5315857331593332,41.1602,29.1186,41.1602,42.9759,73.5402,112.06483125000001,112.06483125000001,126.3967,90.0431
202,snn,nsson,jetson_emulator,30,local,0.5309789144268653,41.7358,29.1653,41.7358,43.1711,73.3439,112.06483125000001,112.06483125000001,126.4931,90.1513
203,snn,nsson,jetson_emulator,30,local,0.5225490993711823,40.9929,30.1363,40.9929,41.9224,73.5975,112.06483125000001,112.06483125000001,126.5894,90.1099
204,snn,nsson,jetson_emulator,30,offload,0.5210100716538942,40.9039,29.8358,29.8358,31.4205,79.9576,112.06483125000001,112.06483125000001,125.5755,90.0179
205,snn,nsson,jetson_emulator,30,local,0.5247675279591654,40.6911,30.1513,40.6911,42.5877,73.701,112.06483125000001,112.06483125000001,126.7821,90.1899
206,snn,nsson,jetson_emulator,30,local,0.5258964708560122,41.1494,29.5192,41.1494,43.3616,73.5439,112.06483125000001,112.06483125000001,126.8784,90.0798
207,snn,nsson,jetson_emulator,30,offload,0.5223865921346382,41.2197,29.7501,29.7501,31.4678,79.9913,112.06483125000001,112.06483125000001,125.862,90.1027
208,snn,nsson,jetson_emulator,30,local,0.521743886051603,41.084,29.6229,41.084,42.3926,73.5663,112.06483125000001,112.06483125000001,127.0711,90.1257
209,snn,nsson,jetson_emulator,30,offload,0.5287639093760763,40.6736,29.2289,29.2289,32.1145,80.1966,112.06483125000001,112.06483125000001,126.053,90.0991
210,snn,nsson,jetson_emulator,30,offload,0.5193366594101851,40.7414,29.4275,29.4275,31.1992,80.1182,112.06483125000001,112.06483125000001,126.1485,90.0951
211,snn,nsson,jetson_emulator,30,local,0.5136349054938414,41.4669,29.3751,41.4669,43.0946,73.4355,112.06483125000001,112.06483125000001,127.36,90.0909
212,snn,nsson,jetson_emulator,30,offload,0.5198749403781665,41.2941,29.7935,29.7935,32.2853,79.9743,112.06483125000001,112.06483125000001,126.3394,90.0802
213,snn,nsson,jetson_emulator,30,offload,0.5173267207755539,42.1968,30.7455,30.7455,33.1995,79.6021,112.06483125000001,112.06483125000001,126.4349,90.1111
214,snn,nsson,jetson_emulator,30,local,0.5204506545854781,42.388,29.1522,42.388,43.893,73.1227,112.06483125000001,112.06483125000001,127.649,90.1349
215,snn,nsson,jetson_emulator,30,local,0.5196616957020718,40.7927,30.181,40.7927,43.066,73.6661,112.06483125000001,112.06483125000001,127.7454,90.1372
216,snn,nsson,jetson_emulator,30,offload,0.5203063134007057,41.0558,31.1506,31.1506,32.95,79.4448,112.06483125000001,112.06483125000001,126.7214,90.1491
217,snn,nsson,jetson_emulator,30,local,0.5126684409968182,41.2053,29.3856,41.2053,42.9537,73.5248,112.06483125000001,112.06483125000001,127.938,90.07
218,snn,nsson,jetson_emulator,30,offload,0.5131198822265252,41.2656,29.8247,29.8247,30.3464,79.962,112.06483125000001,112.06483125000001,126.9123,90.114
219,snn,nsson,jetson_emulator,30,offload,0.5168429813540043,40.9177,29.4764,29.4764,30.799,80.099,112.06483125000001,112.06483125000001,127.0078,90.0932
220,snn,nsson,jetson_emulator,30,local,0.5219225498941248,40.9998,29.9082,40.9998,43.5449,73.5951,112.06483125000001,112.06483125000001,128.227,90.1376
221,snn,nsson,jetson_emulator,30,local,0.5110076501598393,41.6821,29.9144,41.6821,43.8153,73.3622,112.06483125000001,112.06483125000001,128.3234,90.1263
222,snn,nsson,jetson_emulator,30,offload,0.5172328497736445,41.4877,29.6788,29.6788,31.1389,80.0193,112.06483125000001,112.06483125000001,127.2943,90.1321
223,snn,nsson,jetson_emulator,30,local,0.5220906021616633,41.2518,29.7176,41.2518,43.2583,73.5089,112.06483125000001,112.06483125000001,128.516,90.0928
224,snn,nsson,jetson_emulator,30,local,0.5313794000049449,41.3093,29.5312,41.3093,42.7591,73.4893,112.06483125000001,112.06483125000001,128.6123,90.1032
225,snn,nsson,jetson_emulator,30,offload,0.5319679726339426,41.4692,29.4938,29.4938,31.186,80.0921,112.06483125000001,112.06483125000001,127.5808,90.1146
226,snn,nsson,jetson_emulator,30,offload,0.5267723375669986,41.95,29.9868,29.9868,32.1907,79.8984,112.06483125000001,112.06483125000001,127.6762,90.0857
227,snn,nsson,jetson_emulator,30,local,0.5347792395214329,41.1272,29.7554,41.1272,43.3396,73.5515,112.06483125000001,112.06483125000001,128.9013,90.0622
228,snn,nsson,jetson_emulator,30,offload,0.5310509720330068,41.3829,30.2846,30.2846,31.849,79.7819,112.06483125000001,112.06483125000001,127.8672,90.0975
229,snn,nsson,jetson_emulator,30,offload,0.5249778711588913,41.409,29.4626,29.4626,31.2944,80.1044,112.06483125000001,112.06483125000001,127.9627,90.0975
230,snn,nsson,jetson_emulator,30,local,0.5222941688329565,41.4825,30.5141,41.4825,43.4371,73.4302,112.06483125000001,112.06483125000001,129.1903,90.065
231,snn,nsson,jetson_emulator,30,offload,0.5174543774583197,41.8489,30.3865,30.3865,32.903,79.7421,112.06483125000001,112.06483125000001,128.1537,90.0982
232,snn,nsson,jetson_emulator,30,local,0.5140224117086296,42.2325,29.808,42.2325,43.9487,73.1753,112.06483125000001,112.06483125000001,129.383,90.1455
233,snn,nsson,jetson_emulator,30,offload,0.5103209214535804,41.4332,31.7488,31.7488,34.175,79.2137,112.06483125000001,112.06483125000001,128.3446,90.1583
234,snn,nsson,jetson_emulator,30,offload,0.5019988835610036,41.4823,29.7945,29.7945,31.6785,79.9739,112.06483125000001,112.06483125000001,128.4401,90.1076
235,snn,nsson,jetson_emulator,30,local,0.5054205171058643,41.8813,29.8423,41.8813,42.8402,73.2944,112.06483125000001,112.06483125000001,129.672,90.0803
236,snn,nsson,jetson_emulator,30,offload,0.5177207382681047,41.7442,30.4791,30.4791,31.8429,79.7059,112.06483125000001,112.06483125000001,128.6311,90.1066
237,snn,nsson,jetson_emulator,30,offload,0.5132000470155077,41.6958,30.7965,30.7965,31.7409,79.5823,112.06483125000001,112.06483125000001,128.7266,90.1058
238,snn,nsson,jetson_emulator,30,offload,0.5059448161445315,42.0102,30.4648,30.4648,32.2911,79.7115,112.06483125000001,112.06483125000001,128.8221,90.0814
239,snn,nsson,jetson_emulator,30,local,0.504673722166735,41.6968,30.414,41.6968,43.034,73.3572,112.06483125000001,112.06483125000001,130.0573,90.159
240,snn,nsson,jetson_emulator,30,local,0.49819570298245347,41.8001,30.2733,41.8001,44.3005,73.322,112.06483125000001,112.06483125000001,130.1536,90.0742
241,snn,nsson,jetson_emulator,30,local,0.4978555044021717,41.8411,31.4126,41.8411,43.8503,73.3081,112.06483125000001,112.06483125000001,130.25,90.1267
242,snn,nsson,jetson_emulator,30,offload,0.5051869560546044,42.4364,29.9736,29.9736,31.8634,79.9036,112.06483125000001,112.06483125000001,129.204,90.0519
243,snn,nsson,jetson_emulator,30,local,0.5068964336916446,42.2115,30.4421,42.2115,43.6185,73.1824,112.06483125000001,112.06483125000001,130.4426,90.0831
244,snn,nsson,jetson_emulator,30,offload,0.4953160360707799,41.9987,31.1093,31.1093,32.9664,79.4609,112.06483125000001,112.06483125000001,129.395,90.0577
245,snn,nsson,jetson_emulator,30,offload,0.4894445315951673,43.083,30.6386,30.6386,32.1199,79.6437,112.06483125000001,112.06483125000001,129.4905,90.0595
246,snn,nsson,jetson_emulator,30,offload,0.48029363883519055,42.1888,30.8854,30.8854,32.9013,79.5477,112.06483125000001,112.06483125000001,129.586,90.0651
247,snn,nsson,jetson_emulator,30,local,0.4787282470456439,42.7036,30.9086,42.7036,44.6359,73.0161,112.06483125000001,112.06483125000001,130.828,90.0426
248,snn,nsson,jetson_emulator,30,local,0.47343084144800873,42.8186,31.6879,42.8186,45.5838,72.9774,112.06483125000001,112.06483125000001,130.9243,90.0853
249,snn,nsson,jetson_emulator,30,offload,0.47454771627988,42.5262,31.6374,31.6374,33.701,79.2566,112.06483125000001,112.06483125000001,129.8724,90.0965
250,snn,nsson,jetson_emulator,30,local,0.4646863669244941,42.4566,31.4131,42.4566,43.5449,73.0995,112.06483125000001,112.06483125000001,131.1169,90.0838
251,snn,nsson,jetson_emulator,30,local,0.47486441644415184,43.458,30.4488,43.458,45.6916,72.7626,112.06483125000001,112.06483125000001,131.2133,90.136
252,snn,nsson,jetson_emulator,30,offload,0.4582324479543145,43.2651,30.7556,30.7556,32.6319,79.5982,112.06483125000001,112.06483125000001,130.1589,90.1509
253,snn,nsson,jetson_emulator,30,local,0.45471094327675027,42.9731,30.7223,42.9731,44.3316,72.9254,112.06483125000001,112.06483125000001,131.4059,90.1207
254,snn,nsson,jetson_emulator,30,local,0.4583139153584697,42.8932,30.9338,42.8932,45.0948,72.9522,112.06483125000001,112.06483125000001,131.5023,90.0867
255,snn,nsson,jetson_emulator,30,offload,0.4654055083476465,42.7381,31.4091,31.4091,33.3241,79.3448,112.06483125000001,112.06483125000001,130.4453,90.0536
256,snn,nsson,jetson_emulator,30,local,0.4589706062034569,43.3739,31.3105,43.3739,45.1364,72.7908,112.06483125000001,112.06483125000001,131.6949,90.1046
257,snn,nsson,jetson_emulator,30,offload,0.4749894882612841,43.5361,31.2239,31.2239,32.8488,79.4164,112.06483125000001,112.06483125000001,130.6363,90.0746
258,snn,nsson,jetson_emulator,30,local,0.47906189471120375,43.5549,30.8752,43.5549,45.6053,72.7302,112.06483125000001,112.06483125000001,131.8876,90.0605
259,snn,nsson,jetson_emulator,30,offload,0.48049157879355825,43.4733,30.8373,30.8373,32.8313,79.5664,112.06483125000001,112.06483125000001,130.8273,90.1867
260,snn,nsson,jetson_emulator,30,offload,0.4795999248435847,43.4264,31.2947,31.2947,32.7909,79.389,112.06483125000001,112.06483125000001,130.9228,90.072
261,snn,nsson,jetson_emulator,30,offload,0.48379528075071954,44.0522,31.2552,31.2552,33.4531,79.4043,112.06483125000001,112.06483125000001,131.0183,90.0659
262,snn,nsson,jetson_emulator,30,offload,0.47508235329170795,43.852,32.5428,32.5428,34.8656,78.909,112.06483125000001,112.06483125000001,131.1138,90.1153
263,snn,nsson,jetson_emulator,30,offload,0.47444863291404976,44.2718,32.0487,32.0487,33.6026,79.0983,112.06483125000001,112.06483125000001,131.2092,90.1714
264,snn,nsson,jetson_emulator,30,offload,0.47102448083884707,43.4809,31.5035,31.5035,33.8648,79.3083,112.06483125000001,112.06483125000001,131.3047,90.1186
265,snn,nsson,jetson_emulator,30,offload,0.4641108787017977,43.7997,32.9187,32.9187,34.5365,78.7655,112.06483125000001,112.06483125000001,131.4002,90.0607
266,snn,nsson,jetson_emulator,30,offload,0.4626567517056557,44.6061,31.1698,31.1698,33.2694,79.4374,112.06483125000001,112.06483125000001,131.4957,90.199
267,snn,nsson,jetson_emulator,30,local,0.45846316541070464,44.6846,31.4855,44.6846,47.0825,72.3542,112.06483125000001,112.06483125000001,132.7546,90.0917
268,snn,nsson,jetson_emulator,30,local,0.4545166556987601,44.7151,31.93,44.7151,46.3114,72.3441,112.06483125000001,112.06483125000001,132.8509,90.0904
269,snn,nsson,jetson_emulator,30,local,0.43612207311247997,44.3675,31.8524,44.3675,46.1971,72.4594,112.06483125000001,112.06483125000001,132.9472,90.1281
270,snn,nsson,jetson_emulator,30,offload,0.4330740973922816,44.4779,31.6229,31.6229,33.6743,79.2622,112.06483125000001,112.06483125000001,131.8776,90.1491
271,snn,nsson,jetson_emulator,30,local,0.433372138288151,44.1029,31.6927,44.1029,45.5859,72.5473,112.06483125000001,112.06483125000001,133.1399,90.1297
272,snn,nsson,jetson_emulator,30,offload,0.4283189340916349,44.4704,33.9406,33.9406,36.143,78.3782,112.06483125000001,112.06483125000001,132.0686,90.2267
273,snn,nsson,jetson_emulator,30,offload,0.4144996826683565,44.269,32.3313,32.3313,34.9304,78.9899,112.06483125000001,112.06483125000001,132.1641,90.0395
274,snn,nsson,jetson_emulator,30,local,0.4127898451731751,44.9086,31.9885,44.9086,47.108,72.2801,112.06483125000001,112.06483125000001,133.4289,90.0349
275,snn,nsson,jetson_emulator,30,local,0.4071390269013443,45.7174,32.0817,45.7174,47.6077,72.0139,112.06483125000001,112.06483125000001,133.5252,90.1729
276,snn,nsson,jetson_emulator,30,offload,0.4019236751657527,44.4231,32.6621,32.6621,34.0265,78.8634,112.06483125000001,112.06483125000001,132.4506,90.0414
277,snn,nsson,jetson_emulator,30,offload,0.39576788333369656,44.9834,33.4538,33.4538,35.7419,78.5622,112.06483125000001,112.06483125000001,132.5461,90.142
278,snn,nsson,jetson_emulator,30,offload,0.3994160014979874,44.7832,32.3786,32.3786,34.0326,78.9718,112.06483125000001,112.06483125000001,132.6415,90.0853
279,snn,nsson,jetson_emulator,30,offload,0.39362859601748,44.9972,32.6227,32.6227,34.2472,78.8784,112.06483125000001,112.06483125000001,132.737,90.0843
280,snn,nsson,jetson_emulator,30,local,0.39675641182656785,45.2972,32.1958,45.2972,46.8973,72.152,112.06483125000001,112.06483125000001,134.0069,90.1148
281,snn,nsson,jetson_emulator,30,offload,0.38789712209096844,45.2294,33.8282,33.8282,35.5944,78.4206,112.06483125000001,112.06483125000001,132.928,90.046
282,snn,nsson,jetson_emulator,30,offload,0.3957921675549854,45.5633,32.1979,32.1979,32.4086,79.041,112.06483125000001,112.06483125000001,133.0235,90.0086
283,snn,nsson,jetson_emulator,30,offload,0.38844932758083617,45.3689,32.3222,32.3222,34.6981,78.9934,112.06483125000001,112.06483125000001,133.119,90.093
284,snn,nsson,jetson_emulator,30,local,0.38222171501080854,45.4247,32.3142,45.4247,47.3853,72.11,112.06483125000001,112.06483125000001,134.3922,90.0728
285,snn,nsson,jetson_emulator,30,offload,0.38,45.4807,32.7543,32.7543,34.5889,78.8282,112.06483125000001,112.06483125000001,133.3099,90.1385
286,snn,nsson,jetson_emulator,30,local,0.38050066887921435,45.7784,32.8148,45.7784,47.3892,71.9939,112.06483125000001,112.06483125000001,134.5849,90.1025
287,snn,nsson,jetson_emulator,30,local,0.38404158231846375,45.6364,33.6194,45.6364,46.7461,72.0405,112.06483125000001,112.06483125000001,134.6812,90.0649
288,snn,nsson,jetson_emulator,30,local,0.38910499293659495,46.9862,33.2404,46.9862,49.1331,71.6002,112.06483125000001,112.06483125000001,134.7775,90.1003
289,snn,nsson,jetson_emulator,30,offload,0.38373644631376896,46.3422,32.8474,32.8474,35.0954,78.7927,112.06483125000001,112.06483125000001,133.6919,89.9494
290,snn,nsson,jetson_emulator,30,offload,0.38664931792270335,45.9257,33.9565,33.9565,35.7542,78.3721,112.06483125000001,112.06483125000001,133.7874,90.0098
291,snn,nsson,jetson_emulator,30,offload,0.38886982138355414,47.5234,33.5095,33.5095,35.2226,78.5411,112.06483125000001,112.06483125000001,133.8829,90.1954
292,snn,nsson,jetson_emulator,30,local,0.3948744892504219,46.2781,33.61,46.2781,48.4102,71.8305,112.06483125000001,112.06483125000001,135.1628,90.1692
293,snn,nsson,jetson_emulator,30,local,0.39892667809085897,45.9908,33.8432,45.9908,47.965,71.9243,112.06483125000001,112.06483125000001,135.2592,90.1015
294,snn,nsson,jetson_emulator,30,local,0.39897215937201574,46.7654,34.5262,46.7654,48.2469,71.6718,112.06483125000001,112.06483125000001,135.3555,90.1748
295,snn,nsson,jetson_emulator,30,offload,0.397557241845865,47.0155,33.6337,33.6337,36.2172,78.4941,112.06483125000001,112.06483125000001,134.2648,89.9945
296,snn,nsson,jetson_emulator,30,offload,0.39067469277586664,46.6505,33.5927,33.5927,34.6971,78.5096,112.06483125000001,112.06483125000001,134.3603,90.2215
297,snn,nsson,jetson_emulator,30,local,0.3922485951029869,46.4201,33.5121,46.4201,47.9973,71.7842,112.06483125000001,112.06483125000001,135.6445,90.1383
298,snn,nsson,jetson_emulator,30,offload,0.39479522276873824,46.5565,33.4679,33.4679,35.2352,78.5568,112.06483125000001,112.06483125000001,134.5513,90.1008
299,snn,nsson,jetson_emulator,30,offload,0.3900283752091874,46.9424,34.204,34.204,35.5602,78.2789,112.06483125000001,112.06483125000001,134.6468,90.0938
300,snn,nsson,jetson_emulator,30,local,0.38628536355143434,47.6251,33.4842,47.6251,48.6547,71.3936,112.06483125000001,112.06483125000001,135.9335,90.09
301,snn,nsson,jetson_emulator,30,offload,0.3812229434944732,47.9107,33.4065,33.4065,34.9296,78.5801,112.06483125000001,112.06483125000001,134.8377,90.118
302,snn,nsson,jetson_emulator,30,local,0.38,47.3274,33.5029,47.3274,49.1741,71.4897,112.06483125000001,112.06483125000001,136.1261,90.0345
303,snn,nsson,jetson_emulator,30,offload,0.38,47.3044,33.8108,33.8108,35.4609,78.4271,112.06483125000001,112.06483125000001,135.0287,90.0719
304,snn,nsson,jetson_emulator,30,offload,0.38,47.6267,33.8575,33.8575,35.6727,78.4095,112.06483125000001,112.06483125000001,135.1242,89.9969
305,snn,nsson,jetson_emulator,30,offload,0.38497309585494166,47.3486,34.3327,34.3327,36.7824,78.2305,112.06483125000001,112.06483125000001,135.2197,90.1135
306,snn,nsson,jetson_emulator,30,local,0.3972023702719123,47.2696,34.1868,47.2696,49.4646,71.5084,112.06483125000001,112.06483125000001,136.5115,90.116
307,snn,nsson,jetson_emulator,30,local,0.39880709659782215,47.4488,34.1995,47.4488,49.8937,71.4505,112.06483125000001,112.06483125000001,136.6078,90.0376
308,snn,nsson,jetson_emulator,30,offload,0.4022703862909524,48.1181,34.4195,34.4195,36.9709,78.1979,112.06483125000001,112.06483125000001,135.5061,90.0909
309,snn,nsson,jetson_emulator,30,local,0.398533334903163,47.8046,34.2344,47.8046,50.0971,71.3358,112.06483125000001,112.06483125000001,136.8005,90.028
310,snn,nsson,jetson_emulator,30,local,0.3880935803477426,47.9275,34.1241,47.9275,50.8386,71.2963,112.06483125000001,112.06483125000001,136.8968,90.1941
311,snn,nsson,jetson_emulator,30,offload,0.39012272997984015,47.7368,34.1452,34.1452,35.8732,78.3011,112.06483125000001,112.06483125000001,135.7926,90.1698
312,snn,nsson,jetson_emulator,30,offload,0.39330227532592793,49.0083,35.7877,35.7877,38.1685,77.6876,112.06483125000001,112.06483125000001,135.8881,90.0507
313,snn,nsson,jetson_emulator,30,local,0.38864636038109335,47.8885,34.4428,47.8885,49.7299,71.3088,112.06483125000001,112.06483125000001,137.1858,90.06
314,snn,nsson,jetson_emulator,30,local,0.38476554116979644,47.9763,34.5363,47.9763,49.8006,71.2806,112.06483125000001,112.06483125000001,137.2821,90.0913
315,snn,nsson,jetson_emulator,30,offload,0.3947167897934793,48.2246,34.8647,34.8647,36.8076,78.0311,112.06483125000001,112.06483125000001,136.1745,90.2011
316,snn,nsson,jetson_emulator,30,local,0.39237441134533363,48.0879,35.3449,48.0879,49.9243,71.2447,112.06483125000001,112.06483125000001,137.4748,90.0983
317,snn,nsson,jetson_emulator,30,local,0.38603008337020694,48.1737,35.3216,48.1737,50.1139,71.2172,112.06483125000001,112.06483125000001,137.5711,90.1691
318,snn,nsson,jetson_emulator,30,local,0.39112179061720437,48.3555,35.5465,48.3555,50.927,71.1589,112.06483125000001,112.06483125000001,137.6674,90.0753
319,snn,nsson,jetson_emulator,30,offload,0.402126180975688,48.5446,34.8925,34.8925,36.6907,78.0207,112.06483125000001,112.06483125000001,136.5565,90.1329
320,snn,nsson,jetson_emulator,30,local,0.3980530061580385,48.4293,34.7785,48.4293,50.1529,71.1353,112.06483125000001,112.06483125000001,137.8601,90.2748
321,snn,nsson,jetson_emulator,30,local,0.40890794873920244,48.9186,34.7473,48.9186,50.8241,70.9791,112.06483125000001,112.06483125000001,137.9564,90.1821
322,snn,nsson,jetson_emulator,30,local,0.4105869061522241,48.5493,34.9864,48.5493,51.9313,71.097,112.06483125000001,112.06483125000001,138.0528,90.084
323,snn,nsson,jetson_emulator,30,local,0.40464048115344514,48.827,35.117,48.827,51.2442,71.0083,112.06483125000001,112.06483125000001,138.1491,90.0986
324,snn,nsson,jetson_emulator,30,local,0.4042309120341933,49.2169,35.5724,49.2169,50.7598,70.8842,112.06483125000001,112.06483125000001,138.2454,90.0988
325,snn,nsson,jetson_emulator,30,local,0.40568743341937247,48.7628,36.3817,48.7628,51.061,71.0287,112.06483125000001,112.06483125000001,138.3418,90.1913
326,snn,nsson,jetson_emulator,30,offload,0.4116022154752518,49.5262,36.1556,36.1556,38.0045,77.5515,112.06483125000001,112.06483125000001,137.2249,90.1188
327,snn,nsson,jetson_emulator,30,local,0.40616549460667367,49.1293,35.1521,49.1293,50.3713,70.912,112.06483125000001,112.06483125000001,138.5344,90.0178
328,snn,nsson,jetson_emulator,30,offload,0.40397546191601374,50.2663,35.0156,35.0156,37.1302,77.9748,112.06483125000001,112.06483125000001,137.4159,90.0675
329,snn,nsson,jetson_emulator,30,local,0.40542146587676015,50.3164,35.1329,50.3164,51.8144,70.5365,112.06483125000001,112.06483125000001,138.7271,90.0951
330,snn,nsson,jetson_emulator,30,local,0.40374402721189057,49.2436,35.3081,49.2436,51.1673,70.8757,112.06483125000001,112.06483125000001,138.8234,90.033
331,snn,nsson,jetson_emulator,30,local,0.4005360314140397,50.073,35.3473,50.073,51.4043,70.6132,112.06483125000001,112.06483125000001,138.9197,90.1354
332,snn,nsson,jetson_emulator,30,offload,0.3961773904778584,50.3355,36.4003,36.4003,37.8252,77.4612,112.06483125000001,112.06483125000001,137.7978,90.1381
333,snn,nsson,jetson_emulator,30,offload,0.40365895910311106,50.516,35.9888,35.9888,37.6168,77.6132,112.06483125000001,112.06483125000001,137.8933,90.0995
334,snn,nsson,jetson_emulator,30,local,0.4055552056006847,49.5744,36.3565,49.5744,51.0741,70.7707,112.06483125000001,112.06483125000001,139.2087,90.0687
335,snn,nsson,jetson_emulator,30,offload,0.4038243767184663,49.502,36.7208,36.7208,38.5208,77.3434,112.06483125000001,112.06483125000001,138.0843,90.1103
336,snn,nsson,jetson_emulator,30,offload,0.4057005761146617,50.1544,35.9501,35.9501,38.3664,77.6274,112.06483125000001,112.06483125000001,138.1798,90.1071
337,snn,nsson,jetson_emulator,30,offload,0.4082775631744344,49.7832,36.0476,36.0476,37.7632,77.5914,112.06483125000001,112.06483125000001,138.2753,90.0322
338,snn,nsson,jetson_emulator,30,offload,0.4193990823024162,50.219,36.0736,36.0736,38.1,77.5818,112.06483125000001,112.06483125000001,138.3707,90.0556
339,snn,nsson,jetson_emulator,30,local,0.42579175263654656,50.2684,35.8249,50.2684,52.3735,70.5516,112.06483125000001,112.06483125000001,139.6904,90.1117
340,snn,nsson,jetson_emulator,30,local,0.4296574690261518,49.9864,36.894,49.9864,52.5448,70.6405,112.06483125000001,112.06483125000001,139.7867,90.0468
341,snn,nsson,jetson_emulator,30,offload,0.4291053687154259,50.2799,35.8877,35.8877,37.0519,77.6505,112.06483125000001,112.06483125000001,138.6572,90.1403
342,snn,nsson,jetson_emulator,30,local,0.4283719876060933,50.4403,36.8125,50.4403,51.2132,70.4975,112.06483125000001,112.06483125000001,139.9794,90.0633
343,snn,nsson,jetson_emulator,30,local,0.439098920177193,50.0273,36.1284,50.0273,51.8412,70.6276,112.06483125000001,112.06483125000001,140.0757,90.046
344,snn,nsson,jetson_emulator,30,offload,0.4294825731375362,50.0764,36.017,36.017,38.1715,77.6027,112.06483125000001,112.06483125000001,138.9437,90.066
345,snn,nsson,jetson_emulator,30,local,0.43140012547921414,50.4077,36.1887,50.4077,52.2085,70.5078,112.06483125000001,112.06483125000001,140.2684,90.1664
346,snn,nsson,jetson_emulator,30,local,0.4331225013977515,51.4376,36.0838,51.4376,54.2935,70.1855,112.06483125000001,112.06483125000001,140.3647,90.1681
347,snn,nsson,jetson_emulator,30,offload,0.4348308367058128,50.7549,37.635,37.635,39.6409,77.009,112.06483125000001,112.06483125000001,139.2301,90.0401
348,snn,nsson,jetson_emulator,30,offload,0.4456752373438961,50.6726,36.6768,36.6768,38.7769,77.3595,112.06483125000001,112.06483125000001,139.3256,90.1265
349,snn,nsson,jetson_emulator,30,local,0.44871479319860874,50.3766,36.1441,50.3766,52.374,70.5176,112.06483125000001,112.06483125000001,140.6537,90.1352
350,snn,nsson,jetson_emulator,30,offload,0.4450895840876081,51.2828,36.0942,36.0942,38.4161,77.5742,112.06483125000001,112.06483125000001,139.5166,90.1685
351,snn,nsson,jetson_emulator,30,offload,0.4393806090255763,50.7858,36.4258,36.4258,37.9463,77.4518,112.06483125000001,112.06483125000001,139.6121,90.1405
352,snn,nsson,jetson_emulator,30,offload,0.444815291430615,50.8479,36.4385,36.4385,38.1654,77.4472,112.06483125000001,112.06483125000001,139.7076,90.1039
353,snn,nsson,jetson_emulator,30,offload,0.44634443281159125,50.7953,37.4792,37.4792,39.2564,77.0658,112.06483125000001,112.06483125000001,139.803,90.151
354,snn,nsson,jetson_emulator,30,local,0.4522081363812064,50.8397,36.3597,50.8397,51.8852,70.3722,112.06483125000001,112.06483125000001,141.1354,90.083
355,snn,nsson,jetson_emulator,30,local,0.44255818164905525,51.4265,37.5132,51.4265,53.0681,70.1889,112.06483125000001,112.06483125000001,141.2317,90.0408
356,snn,nsson,jetson_emulator,30,offload,0.44722954224942807,51.5368,36.3076,36.3076,38.5271,77.4954,112.06483125000001,112.06483125000001,140.0895,90.1032
357,snn,nsson,jetson_emulator,30,local,0.45052947927796544,51.5161,37.2812,51.5161,53.4276,70.161,112.06483125000001,112.06483125000001,141.4243,90.0863
358,snn,nsson,jetson_emulator,30,offload,0.451482851558913,51.3662,36.6027,36.6027,38.6203,77.3867,112.06483125000001,112.06483125000001,140.2805,90.1474
359,snn,nsson,jetson_emulator,30,local,0.4601064139327853,51.0896,36.4246,51.0896,52.656,70.294,112.06483125000001,112.06483125000001,141.617,90.0516
360,snn,nsson,jetson_emulator,30,local,0.4485941884336155,51.4567,38.0589,51.4567,53.799,70.1795,112.06483125000001,112.06483125000001,141.7133,90.0733
361,snn,nsson,jetson_emulator,30,offload,0.44728611387109063,51.6851,37.706,37.706,39.8692,76.9832,112.06483125000001,112.06483125000001,140.5669,90.1692
362,snn,nsson,jetson_emulator,30,offload,0.4484104419769365,51.7595,37.7991,37.7991,39.5217,76.9493,112.06483125000001,112.06483125000001,140.6624,90.1789
363,snn,nsson,jetson_emulator,30,local,0.45092963597405095,51.1417,36.5667,51.1417,52.9306,70.2778,112.06483125000001,112.06483125000001,142.0023,90.123
364,snn,nsson,jetson_emulator,30,local,0.45460754982089846,51.0975,37.8335,51.0975,53.6629,70.2916,112.06483125000001,112.06483125000001,142.0987,90.1138
365,snn,nsson,jetson_emulator,30,local,0.4538289613321181,51.3558,36.5896,51.3558,53.2504,70.211,112.06483125000001,112.06483125000001,142.195,90.0983
366,snn,nsson,jetson_emulator,30,local,0.4513645955257417,51.337,39.4183,51.337,53.4455,70.2168,112.06483125000001,112.06483125000001,142.2913,90.1436
367,snn,nsson,jetson_emulator,30,offload,0.46492347318270477,51.4948,37.3126,37.3126,39.398,77.1266,112.06483125000001,112.06483125000001,141.1399,90.0907
368,snn,nsson,jetson_emulator,30,local,0.4626194680774934,51.794,37.776,51.794,54.1794,70.0746,112.06483125000001,112.06483125000001,142.484,90.1531
369,snn,nsson,jetson_emulator,30,local,0.4625847567283179,51.3785,37.2656,51.3785,53.7275,70.2039,112.06483125000001,112.06483125000001,142.5803,90.0982
370,snn,nsson,jetson_emulator,30,local,0.45427968986011774,52.2822,37.6462,52.2822,54.2165,69.9233,112.06483125000001,112.06483125000001,142.6766,90.146
371,snn,nsson,jetson_emulator,30,local,0.4507178866762718,51.5194,36.8379,51.5194,53.3457,70.16,112.06483125000001,112.06483125000001,142.773,90.1633
372,snn,nsson,jetson_emulator,30,local,0.44892091659021205,51.9768,36.7581,51.9768,53.717,70.0179,112.06483125000001,112.06483125000001,142.8693,90.1444
373,snn,nsson,jetson_emulator,30,offload,0.44553587800986827,51.532,36.8065,36.8065,37.9554,77.3119,112.06483125000001,112.06483125000001,141.7128,90.1459
374,snn,nsson,jetson_emulator,30,local,0.4385733162807655,52.3597,36.9372,52.3597,54.4029,69.8994,112.06483125000001,112.06483125000001,143.062,90.1099
375,snn,nsson,jetson_emulator,30,offload,0.4360821385842912,52.0776,37.67,37.67,39.4402,76.9963,112.06483125000001,112.06483125000001,141.9037,90.1468
376,snn,nsson,jetson_emulator,30,local,0.42783372725134916,52.0815,37.2939,52.0815,54.0803,69.9854,112.06483125000001,112.06483125000001,143.2546,90.1553
377,snn,nsson,jetson_emulator,30,local,0.4344904257613166,52.0234,38.2038,52.0234,53.5663,70.0034,112.06483125000001,112.06483125000001,143.351,90.0547
378,snn,nsson,jetson_emulator,30,local,0.43762116759866365,51.6652,36.9901,51.6652,53.8697,70.1146,112.06483125000001,112.06483125000001,143.4473,90.0956
379,snn,nsson,jetson_emulator,30,local,0.4235631759366213,52.2933,37.5774,52.2933,54.4175,69.9199,112.06483125000001,112.06483125000001,143.5436,90.082
380,snn,nsson,jetson_emulator,30,local,0.42771982025595756,52.1719,36.9137,52.1719,54.2125,69.9574,112.06483125000001,112.06483125000001,143.64,90.0827
381,snn,nsson,jetson_emulator,30,offload,0.4246680044760978,51.6952,36.9776,36.9776,38.4697,77.2491,112.06483125000001,112.06483125000001,142.4767,90.0915
382,snn,nsson,jetson_emulator,30,local,0.42362193441814616,52.2754,37.5555,52.2754,53.3537,69.9254,112.06483125000001,112.06483125000001,143.8326,90.1195
383,snn,nsson,jetson_emulator,30,local,0.40681793910936687,51.9801,37.0409,51.9801,53.6792,70.0169,112.06483125000001,112.06483125000001,143.9289,90.1827
384,snn,nsson,jetson_emulator,30,offload,0.40947073684934354,51.9992,37.6474,37.6474,39.6503,77.0045,112.06483125000001,112.06483125000001,142.7631,90.023
385,snn,nsson,jetson_emulator,30,offload,0.41352505198707973,51.7747,37.0603,37.0603,39.5127,77.2189,112.06483125000001,112.06483125000001,142.8586,90.1033
386,snn,nsson,jetson_emulator,30,offload,0.416593213006528,52.6603,37.4324,37.4324,39.7067,77.0828,112.06483125000001,112.06483125000001,142.9541,90.1485
387,snn,nsson,jetson_emulator,30,offload,0.41367163885491154,51.7233,37.0767,37.0767,38.5096,77.2128,112.06483125000001,112.06483125000001,143.0496,90.1153
388,snn,nsson,jetson_emulator,30,offload,0.4161324716270277,52.1594,38.5147,38.5147,39.2066,76.69,112.06483125000001,112.06483125000001,143.1451,90.1063
389,snn,nsson,jetson_emulator,30,offload,0.4165434568420991,52.1458,37.0481,37.0481,38.6774,77.2233,112.06483125000001,112.06483125000001,143.2406,90.15
390,snn,nsson,jetson_emulator,30,local,0.41239956393699834,52.9161,38.9433,52.9161,54.5412,69.7279,112.06483125000001,112.06483125000001,144.6033,90.073
391,snn,nsson,jetson_emulator,30,offload,0.41517895027958923,51.9086,37.5941,37.5941,38.5551,77.0239,112.06483125000001,112.06483125000001,143.4315,90.1621
392,snn,nsson,jetson_emulator,30,offload,0.4199304374114671,51.8141,37.3851,37.3851,38.5188,77.1001,112.06483125000001,112.06483125000001,143.527,90.1003
393,snn,nsson,jetson_emulator,30,offload,0.41443168964449417,52.461,37.0334,37.0334,38.3725,77.2287,112.06483125000001,112.06483125000001,143.6225,90.0753
394,snn,nsson,jetson_emulator,30,local,0.4122990091012147,52.2745,37.7145,52.2745,54.2594,69.9257,112.06483125000001,112.06483125000001,144.9886,90.1036
395,snn,nsson,jetson_emulator,30,offload,0.4104313948905719,52.8091,37.4303,37.4303,39.1214,77.0836,112.06483125000001,112.06483125000001,143.8135,90.0888
396,snn,nsson,jetson_emulator,30,offload,0.407049645076358,52.1599,37.6222,37.6222,39.5059,77.0137,112.06483125000001,112.06483125000001,143.909,90.0187
397,snn,nsson,jetson_emulator,30,local,0.4008554008183034,51.9949,37.7282,51.9949,53.7097,70.0123,112.06483125000001,112.06483125000001,145.2776,90.096
398,snn,nsson,jetson_emulator,30,local,0.38959337549495027,52.0637,37.0519,52.0637,53.563,69.991,112.06483125000001,112.06483125000001,145.3739,90.139
399,snn,nsson,jetson_emulator,30,offload,0.39008399376421615,52.3819,37.2265,37.2265,38.5877,77.158,112.06483125000001,112.06483125000001,144.1954,90.149
400,snn,nsson,jetson_emulator,30,offload,0.3931025830442419,51.901,37.0675,37.0675,39.048,77.2162,112.06483125000001,112.06483125000001,144.2909,90.1521
401,snn,nsson,jetson_emulator,30,local,0.4041840821769135,52.2724,37.372,52.2724,53.7137,69.9264,112.06483125000001,112.06483125000001,145.6629,90.0385
402,snn,nsson,jetson_emulator,30,local,0.40572590033904893,52.0587,37.4918,52.0587,53.9861,69.9925,112.06483125000001,112.06483125000001,145.7592,90.056
403,snn,nsson,jetson_emulator,30,local,0.3991070296541879,51.8827,37.962,51.8827,54.2301,70.0471,112.06483125000001,112.06483125000001,145.8556,90.1485
404,snn,nsson,jetson_emulator,30,local,0.3959752236366942,52.041,37.6126,52.041,54.4779,69.998,112.06483125000001,112.06483125000001,145.9519,90.0914
405,snn,nsson,jetson_emulator,30,offload,0.3906301984383967,51.8509,37.6598,37.6598,39.6247,77.0,112.06483125000001,112.06483125000001,144.7683,90.1037
406,snn,nsson,jetson_emulator,30,local,0.38703457591646,51.8848,37.7264,51.8848,53.95,70.0464,112.06483125000001,112.06483125000001,146.1446,90.0896
407,snn,nsson,jetson_emulator,30,local,0.39336798421352565,52.0755,37.315,52.0755,54.0083,69.9873,112.06483125000001,112.06483125000001,146.2409,90.175
408,snn,nsson,jetson_emulator,30,offload,0.40035489063770296,53.7275,37.532,37.532,39.4929,77.0465,112.06483125000001,112.06483125000001,145.0548,90.0547
409,snn,nsson,jetson_emulator,30,offload,0.4062898524772568,52.3914,37.5404,37.5404,39.2922,77.0435,112.06483125000001,112.06483125000001,145.1503,90.1389
410,snn,nsson,jetson_emulator,30,local,0.40625050038764604,52.0827,37.3805,52.0827,54.8686,69.9851,112.06483125000001,112.06483125000001,146.5299,90.126
411,snn,nsson,jetson_emulator,30,offload,0.40958485803530476,51.8967,37.4998,37.4998,39.6053,77.0583,112.06483125000001,112.06483125000001,145.3413,90.1616
412,snn,nsson,jetson_emulator,30,offload,0.40049249564914136,51.972,37.2478,37.2478,38.8201,77.1503,112.06483125000001,112.06483125000001,145.4368,90.0906
413,snn,nsson,jetson_emulator,30,local,0.4075679883008224,53.169,37.8717,53.169,55.4473,69.6502,112.06483125000001,112.06483125000001,146.8189,90.126
414,snn,nsson,jetson_emulator,30,offload,0.42065619094487694,51.9792,37.393,37.393,39.4104,77.0972,112.06483125000001,112.06483125000001,145.6277,90.0758
415,snn,nsson,jetson_emulator,30,offload,0.4241099823736898,52.1163,37.4258,37.4258,39.4207,77.0853,112.06483125000001,112.06483125000001,145.7232,90.1222
416,snn,nsson,jetson_emulator,30,offload,0.42568142195195807,52.3747,37.6732,37.6732,39.6639,76.9951,112.06483125000001,112.06483125000001,145.8187,90.0803
417,snn,nsson,jetson_emulator,30,offload,0.43508985241276604,52.2323,37.345,37.345,39.0772,77.1147,112.06483125000001,112.06483125000001,145.9142,90.0871
418,snn,nsson,jetson_emulator,30,offload,0.43995734480238635,51.9839,37.1199,37.1199,38.808,77.197,112.06483125000001,112.06483125000001,146.0097,90.1086
419,snn,nsson,jetson_emulator,30,local,0.44393131639417155,52.6064,37.7586,52.6064,54.4868,69.8232,112.06483125000001,112.06483125000001,147.3969,90.0355
420,snn,nsson,jetson_emulator,30,local,0.45400233152920444,52.1641,38.0439,52.1641,54.3008,69.9598,112.06483125000001,112.06483125000001,147.4932,90.133
421,snn,nsson,jetson_emulator,30,local,0.4475095318651395,52.7384,37.1348,52.7384,54.2518,69.7825,112.06483125000001,112.06483125000001,147.5895,90.0156
422,snn,nsson,jetson_emulator,30,offload,0.44886515854388476,52.1102,37.3003,37.3003,38.6565,77.1311,112.06483125000001,112.06483125000001,146.3916,90.0969
423,snn,nsson,jetson_emulator,30,offload,0.44775848432140575,52.4249,37.3443,37.3443,39.6638,77.115,112.06483125000001,112.06483125000001,146.4871,90.1926
424,snn,nsson,jetson_emulator,30,offload,0.4595115462169075,51.7949,38.3093,38.3093,39.8021,76.7643,112.06483125000001,112.06483125000001,146.5826,90.1627
425,snn,nsson,jetson_emulator,30,local,0.4643673221649287,52.2407,38.6118,52.2407,54.299,69.9362,112.06483125000001,112.06483125000001,147.9748,89.9781
426,snn,nsson,jetson_emulator,30,local,0.4657151831424935,52.3353,38.1514,52.3353,54.7722,69.9069,112.06483125000001,112.06483125000001,148.0712,90.1237
427,snn,nsson,jetson_emulator,30,local,0.47522211208752513,52.4704,37.127,52.4704,54.7341,69.8652,112.06483125000001,112.06483125000001,148.1675,90.1152
428,snn,nsson,jetson_emulator,30,local,0.4686260353519489,52.0683,37.81,52.0683,53.9072,69.9895,112.06483125000001,112.06483125000001,148.2638,90.052
429,snn,nsson,jetson_emulator,30,local,0.4611309044396045,51.9728,37.3938,51.9728,53.703,70.0191,112.06483125000001,112.06483125000001,148.3602,90.0313
430,snn,nsson,jetson_emulator,30,local,0.4582983424027623,52.991,37.4436,52.991,54.7147,69.7048,112.06483125000001,112.06483125000001,148.4565,90.0816
431,snn,nsson,jetson_emulator,30,local,0.4550487388394741,51.8997,37.0018,51.8997,53.4635,70.0418,112.06483125000001,112.06483125000001,148.5528,90.1218
432,snn,nsson,jetson_emulator,30,offload,0.45547840630662195,52.0422,36.9877,36.9877,38.9981,77.2454,112.06483125000001,112.06483125000001,147.3465,90.1314
433,snn,nsson,jetson_emulator,30,offload,0.45351020779422446,51.7228,38.3443,38.3443,40.6165,76.7516,112.06483125000001,112.06483125000001,147.442,90.0314
434,snn,nsson,jetson_emulator,30,offload,0.4464599719561255,52.1411,37.0511,37.0511,39.0563,77.2222,112.06483125000001,112.06483125000001,147.5375,90.2691
435,snn,nsson,jetson_emulator,30,offload,0.4511360070713902,51.7683,39.7453,39.7453,41.2814,76.2482,112.06483125000001,112.06483125000001,147.6329,89.9319
436,snn,nsson,jetson_emulator,30,local,0.4471910974359228,52.0245,37.2794,52.0245,54.3438,70.0031,112.06483125000001,112.06483125000001,149.0345,90.1488
437,snn,nsson,jetson_emulator,30,local,0.4405226112249301,51.8736,37.3489,51.8736,52.7623,70.0499,112.06483125000001,112.06483125000001,149.1308,90.0966
438,snn,nsson,jetson_emulator,30,local,0.4266369241627074,52.208,38.7076,52.208,54.0563,69.9463,112.06483125000001,112.06483125000001,149.2271,90.1066
439,snn,nsson,jetson_emulator,30,offload,0.42542981876035374,51.8123,37.8642,37.8642,39.776,76.9256,112.06483125000001,112.06483125000001,148.0149,90.2017
440,snn,nsson,jetson_emulator,30,offload,0.4271959035601424,51.853,37.446,37.446,39.6954,77.0779,112.06483125000001,112.06483125000001,148.1104,90.0154
441,snn,nsson,jetson_emulator,30,local,0.42034817491103027,51.7881,38.197,51.7881,53.9328,70.0764,112.06483125000001,112.06483125000001,149.5161,90.1694
442,snn,nsson,jetson_emulator,30,local,0.4153109108812053,52.5031,37.3927,52.5031,53.8916,69.8551,112.06483125000001,112.06483125000001,149.6125,90.0529
443,snn,nsson,jetson_emulator,30,local,0.40999696809055464,52.0963,37.5944,52.0963,53.875,69.9809,112.06483125000001,112.06483125000001,149.7088,90.0792
444,snn,nsson,jetson_emulator,30,offload,0.41564060776054806,51.6837,37.253,37.253,39.2636,77.1483,112.06483125000001,112.06483125000001,148.4923,90.1182
445,snn,nsson,jetson_emulator,30,local,0.41363918075323725,52.3933,37.0091,52.3933,53.6656,69.889,112.06483125000001,112.06483125000001,149.9015,90.0735
446,snn,nsson,jetson_emulator,30,offload,0.41515923951568257,51.8413,38.4763,38.4763,39.9851,76.7039,112.06483125000001,112.06483125000001,148.6833,90.1106
447,snn,nsson,jetson_emulator,30,local,0.4154117589933781,52.1777,37.0226,52.1777,53.742,69.9557,112.06483125000001,112.06483125000001,150.0941,90.1571
448,snn,nsson,jetson_emulator,30,offload,0.41577849921868776,51.8303,37.049,37.049,38.2978,77.223,112.06483125000001,112.06483125000001,148.8743,90.1203
449,snn,nsson,jetson_emulator,30,offload,0.4116903591039385,52.0937,38.3832,38.3832,40.4977,76.7375,112.06483125000001,112.06483125000001,148.9698,90.1249
450,snn,nsson,jetson_emulator,30,local,0.41253742647171365,52.2797,38.1636,52.2797,54.2587,69.9241,112.06483125000001,112.06483125000001,150.3831,90.1173
451,snn,nsson,jetson_emulator,30,local,0.41256641208639516,52.864,37.0701,52.864,54.3558,69.7439,112.06483125000001,112.06483125000001,150.4794,90.069
452,snn,nsson,jetson_emulator,30,local,0.40961466963884424,52.175,38.7522,52.175,53.1545,69.9565,112.06483125000001,112.06483125000001,150.5758,90.1438
453,snn,nsson,jetson_emulator,30,local,0.41180377349413266,51.6371,37.2878,51.6371,53.3797,70.1234,112.06483125000001,112.06483125000001,150.6721,90.1081
454,snn,nsson,jetson_emulator,30,offload,0.4063211360319468,51.8304,37.0469,37.0469,38.7461,77.2238,112.06483125000001,112.06483125000001,149.4472,90.1303
455,snn,nsson,jetson_emulator,30,local,0.41369205760724753,51.7473,37.7509,51.7473,53.5741,70.0891,112.06483125000001,112.06483125000001,150.8648,90.1423
456,snn,nsson,jetson_emulator,30,offload,0.3985125309848195,51.7067,37.2618,37.2618,39.5142,77.1451,112.06483125000001,112.06483125000001,149.6382,90.1494
457,snn,nsson,jetson_emulator,30,offload,0.393321684137692,52.1734,37.1804,37.1804,39.1735,77.1749,112.06483125000001,112.06483125000001,149.7336,90.1559
458,snn,nsson,jetson_emulator,30,offload,0.3969810749581268,52.0462,36.9777,36.9777,38.0614,77.2491,112.06483125000001,112.06483125000001,149.8291,90.1292
459,snn,nsson,jetson_emulator,30,offload,0.4069795426975948,52.1994,38.0329,38.0329,40.0017,76.8644,112.06483125000001,112.06483125000001,149.9246,90.032
460,snn,nsson,jetson_emulator,30,local,0.40586991786729765,51.7728,37.6368,51.7728,53.1905,70.0812,112.06483125000001,112.06483125000001,151.3464,90.1161
461,snn,nsson,jetson_emulator,30,local,0.4035453378700568,51.969,37.6747,51.969,54.1957,70.0203,112.06483125000001,112.06483125000001,151.4427,90.1924
462,snn,nsson,jetson_emulator,30,local,0.4112143369149742,51.9174,36.9608,51.9174,54.0028,70.0363,112.06483125000001,112.06483125000001,151.5391,90.1132
463,snn,nsson,jetson_emulator,30,local,0.4101027477660632,51.8681,37.8181,51.8681,53.7654,70.0516,112.06483125000001,112.06483125000001,151.6354,90.1432
464,snn,nsson,jetson_emulator,30,offload,0.400795719696212,51.7055,37.4488,37.4488,39.2658,77.0769,112.06483125000001,112.06483125000001,150.4021,90.0704
465,snn,nsson,jetson_emulator,30,offload,0.39905770517236194,53.0541,37.0947,37.0947,37.7614,77.2062,112.06483125000001,112.06483125000001,150.4975,90.0733
466,snn,nsson,jetson_emulator,30,local,0.39767082598667336,52.3417,37.1157,52.3417,54.9172,69.9049,112.06483125000001,112.06483125000001,151.9244,90.1766
467,snn,nsson,jetson_emulator,30,offload,0.3971680294892908,51.7718,38.3468,38.3468,39.6982,76.7507,112.06483125000001,112.06483125000001,150.6885,90.0576
468,snn,nsson,jetson_emulator,30,offload,0.38664894986209025,52.5392,38.5635,38.5635,40.294,76.6724,112.06483125000001,112.06483125000001,150.784,90.1203
469,snn,nsson,jetson_emulator,30,local,0.3905208985922548,52.1926,38.0041,52.1926,53.4681,69.951,112.06483125000001,112.06483125000001,152.2134,90.1309
470,snn,nsson,jetson_emulator,30,local,0.3902962686071489,52.1834,38.0137,52.1834,53.9371,69.9539,112.06483125000001,112.06483125000001,152.3097,90.2418
471,snn,nsson,jetson_emulator,30,offload,0.3953021682135356,52.0453,37.2384,37.2384,38.8951,77.1537,112.06483125000001,112.06483125000001,151.0705,90.1129
472,snn,nsson,jetson_emulator,30,offload,0.3948086392310251,52.664,37.2538,37.2538,39.5413,77.1481,112.06483125000001,112.06483125000001,151.1659,90.0882
473,snn,nsson,jetson_emulator,30,offload,0.39889751081636066,52.2671,37.436,37.436,39.024,77.0815,112.06483125000001,112.06483125000001,151.2614,90.1879
474,snn,nsson,jetson_emulator,30,offload,0.40055308851761445,52.3876,37.7925,37.7925,39.6731,76.9517,112.06483125000001,112.06483125000001,151.3569,90.0861
475,snn,nsson,jetson_emulator,30,local,0.3939000690990871,52.7285,37.3731,52.7285,54.8317,69.7856,112.06483125000001,112.06483125000001,152.7914,90.1177
476,snn,nsson,jetson_emulator,30,offload,0.3944239198340834,52.2132,37.2398,37.2398,39.3101,77.1532,112.06483125000001,112.06483125000001,151.5479,90.1539
477,snn,nsson,jetson_emulator,30,offload,0.401203152068857,51.913,37.636,37.636,39.4029,77.0086,112.06483125000001,112.06483125000001,151.6434,90.1284
478,snn,nsson,jetson_emulator,30,local,0.40607638394849205,51.8288,37.1515,51.8288,53.2355,70.0638,112.06483125000001,112.06483125000001,153.0804,90.0622
479,snn,nsson,jetson_emulator,30,local,0.4114532033005069,51.9865,37.7872,51.9865,54.1011,70.0149,112.06483125000001,112.06483125000001,153.1767,90.088
480,snn,nsson,jetson_emulator,30,local,0.4257452652378783,52.6781,38.5,52.6781,54.9589,69.8011,112.06483125000001,112.06483125000001,153.273,89.9619
481,snn,nsson,jetson_emulator,30,offload,0.43633815187420283,52.1589,37.1815,37.1815,38.3406,77.1745,112.06483125000001,112.06483125000001,152.0253,90.0944
482,snn,nsson,jetson_emulator,30,offload,0.4265118139350552,51.9604,37.105,37.105,38.407,77.2025,112.06483125000001,112.06483125000001,152.1208,90.1512
483,snn,nsson,jetson_emulator,30,local,0.4413848661756027,51.9847,37.5233,51.9847,53.9912,70.0154,112.06483125000001,112.06483125000001,153.562,90.0258
484,snn,nsson,jetson_emulator,30,local,0.44046692978350266,52.1593,38.4992,52.1593,54.023,69.9613,112.06483125000001,112.06483125000001,153.6584,90.082
485,snn,nsson,jetson_emulator,30,offload,0.43951334884249477,52.1604,37.3753,37.3753,39.8156,77.1037,112.06483125000001,112.06483125000001,152.4073,90.1335
486,snn,nsson,jetson_emulator,30,offload,0.4390483735891367,52.4356,37.5078,37.5078,39.7134,77.0553,112.06483125000001,112.06483125000001,152.5028,90.0821
487,snn,nsson,jetson_emulator,30,local,0.4390912599346872,52.0234,38.3308,52.0234,53.7016,70.0034,112.06483125000001,112.06483125000001,153.9473,90.1535
488,snn,nsson,jetson_emulator,30,local,0.44016240947254887,52.0792,38.5228,52.0792,53.2851,69.9861,112.06483125000001,112.06483125000001,154.0437,90.0778
489,snn,nsson,jetson_emulator,30,offload,0.43803963473775753,53.0863,38.3061,38.3061,39.4827,76.7654,112.06483125000001,112.06483125000001,152.7892,90.1511
490,snn,nsson,jetson_emulator,30,offload,0.4247373123184947,52.5635,37.9206,37.9206,39.8838,76.9051,112.06483125000001,112.06483125000001,152.8847,90.0482
491,snn,nsson,jetson_emulator,30,local,0.4269543740460806,52.4904,37.743,52.4904,53.9014,69.859,112.06483125000001,112.06483125000001,154.3327,90.1334
492,snn,nsson,jetson_emulator,30,local,0.4214144615750341,52.8279,38.2154,52.8279,54.5674,69.755,112.06483125000001,112.06483125000001,154.429,90.0356
493,snn,nsson,jetson_emulator,30,local,0.42216855072013754,52.6344,38.077,52.6344,53.9704,69.8146,112.06483125000001,112.06483125000001,154.5253,90.1423
494,snn,nsson,jetson_emulator,30,local,0.42559306899972454,52.9772,37.8879,52.9772,55.5124,69.7091,112.06483125000001,112.06483125000001,154.6217,90.0887
495,snn,nsson,jetson_emulator,30,local,0.43186409803667786,52.3483,37.3899,52.3483,54.3433,69.9029,112.06483125000001,112.06483125000001,154.718,90.0925
496,snn,nsson,jetson_emulator,30,offload,0.42614097159804776,53.1589,37.746,37.746,40.2247,76.9686,112.06483125000001,112.06483125000001,153.4576,90.1044
497,snn,nsson,jetson_emulator,30,local,0.4200539994405132,52.4167,39.2398,52.4167,53.9612,69.8818,112.06483125000001,112.06483125000001,154.9107,90.0649
498,snn,nsson,jetson_emulator,30,local,0.424964125646115,52.4727,37.6216,52.4727,53.8518,69.8645,112.06483125000001,112.06483125000001,155.007,90.1459
499,snn,nsson,jetson_emulator,30,offload,0.4211871114055785,52.4565,38.2983,38.2983,39.7402,76.7682,112.06483125000001,112.06483125000001,153.7441,90.1598
500,snn,nsson,jetson_emulator,30,local,0.42662980716191556,52.7536,38.6507,52.7536,54.675,69.7779,112.06483125000001,112.06483125000001,155.1996,90.0999
501,snn,nsson,jetson_emulator,30,local,0.43108738646632866,53.0159,38.2433,53.0159,54.8866,69.6972,112.06483125000001,112.06483125000001,155.296,90.1716
502,snn,nsson,jetson_emulator,30,offload,0.4295448017691197,52.9089,38.2336,38.2336,40.0977,76.7917,112.06483125000001,112.06483125000001,154.0305,90.0468
503,snn,nsson,jetson_emulator,30,offload,0.4304289582724013,53.7283,37.6613,37.6613,39.9498,76.9994,112.06483125000001,112.06483125000001,154.126,90.1014
504,snn,nsson,jetson_emulator,30,offload,0.42899094555386763,52.8096,37.6806,37.6806,39.7712,76.9924,112.06483125000001,112.06483125000001,154.2215,90.0418
505,snn,nsson,jetson_emulator,30,offload,0.42143961615524517,53.2694,37.9679,37.9679,39.9419,76.888,112.06483125000001,112.06483125000001,154.317,90.1345
506,snn,nsson,jetson_emulator,30,local,0.42861508410685456,53.0568,38.1602,53.0568,54.605,69.6846,112.06483125000001,112.06483125000001,155.7776,90.1161
507,snn,nsson,jetson_emulator,30,local,0.4325178725843138,52.8913,37.8178,52.8913,55.1788,69.7355,112.06483125000001,112.06483125000001,155.874,90.0837
508,snn,nsson,jetson_emulator,30,offload,0.42649888077433934,53.3152,38.6857,38.6857,40.1408,76.6283,112.06483125000001,112.06483125000001,154.6035,90.1703
509,snn,nsson,jetson_emulator,30,local,0.429698131014829,52.8982,38.5631,52.8982,55.3782,69.7334,112.06483125000001,112.06483125000001,156.0666,90.1086
510,snn,nsson,jetson_emulator,30,offload,0.42145935377688876,53.409,38.3382,38.3382,40.0798,76.7538,112.06483125000001,112.06483125000001,154.7944,90.1593
511,snn,nsson,jetson_emulator,30,offload,0.4066851797540978,53.6316,38.4414,38.4414,40.1971,76.7165,112.06483125000001,112.06483125000001,154.8899,90.0538
512,snn,nsson,jetson_emulator,30,local,0.4062542735909551,53.2116,38.4473,53.2116,55.4747,69.6371,112.06483125000001,112.06483125000001,156.3556,90.0726
513,snn,nsson,jetson_emulator,30,local,0.3970756460629813,53.3156,39.032,53.3156,54.9759,69.6052,112.06483125000001,112.06483125000001,156.452,90.1016
514,snn,nsson,jetson_emulator,30,local,0.39385400787054947,54.3973,38.4006,54.3973,55.5126,69.2754,112.06483125000001,112.06483125000001,156.5483,90.1884
515,snn,nsson,jetson_emulator,30,local,0.3904593514686466,53.9698,38.6144,53.9698,56.0018,69.4054,112.06483125000001,112.06483125000001,156.6446,90.0218
516,snn,nsson,jetson_emulator,30,local,0.3875944701140901,53.4582,38.2214,53.4582,55.0288,69.5616,112.06483125000001,112.06483125000001,156.7409,90.0637
517,snn,nsson,jetson_emulator,30,offload,0.3848266359385379,53.3351,38.2683,38.2683,40.5819,76.7791,112.06483125000001,112.06483125000001,155.4628,90.0993
518,snn,nsson,jetson_emulator,30,offload,0.38780661472899947,53.7645,38.1736,38.1736,40.7071,76.8134,112.06483125000001,112.06483125000001,155.5583,90.1126
519,snn,nsson,jetson_emulator,30,offload,0.39343741513608105,53.74,38.5807,38.5807,40.494,76.6662,112.06483125000001,112.06483125000001,155.6538,90.0734
520,snn,nsson,jetson_emulator,30,offload,0.39733686111215244,53.6615,38.3296,38.3296,39.5676,76.7569,112.06483125000001,112.06483125000001,155.7493,90.0322
521,snn,nsson,jetson_emulator,30,local,0.4019134362906852,54.5885,38.6015,54.5885,56.3996,69.2174,112.06483125000001,112.06483125000001,157.2226,90.0893
522,snn,nsson,jetson_emulator,30,offload,0.40498832279588887,54.9434,39.1659,39.1659,40.5538,76.4556,112.06483125000001,112.06483125000001,155.9403,90.0281
523,snn,nsson,jetson_emulator,30,local,0.4032973067624833,53.807,38.4676,53.807,54.9826,69.455,112.06483125000001,112.06483125000001,157.4153,90.1067
524,snn,nsson,jetson_emulator,30,local,0.3937988794652886,54.7262,39.3225,54.7262,55.2261,69.1757,112.06483125000001,112.06483125000001,157.5116,90.0353
525,snn,nsson,jetson_emulator,30,local,0.38733592007132206,54.0146,39.137,54.0146,55.7115,69.3917,112.06483125000001,112.06483125000001,157.6079,90.0375
526,snn,nsson,jetson_emulator,30,offload,0.3974656872358418,54.2235,38.6906,38.6906,40.8545,76.6265,112.06483125000001,112.06483125000001,156.3222,90.104
527,snn,nsson,jetson_emulator,30,local,0.4078981974430812,54.3712,39.2627,54.3712,55.635,69.2833,112.06483125000001,112.06483125000001,157.8006,89.9986
528,snn,nsson,jetson_emulator,30,offload,0.40474924732154727,54.2144,39.7773,39.7773,41.9044,76.2368,112.06483125000001,112.06483125000001,156.5132,90.0494
529,snn,nsson,jetson_emulator,30,offload,0.40669166316353683,54.5869,39.1382,39.1382,41.3853,76.4655,112.06483125000001,112.06483125000001,156.6087,90.1942
530,snn,nsson,jetson_emulator,30,local,0.41043872193318587,54.1809,40.2026,54.1809,56.3529,69.3411,112.06483125000001,112.06483125000001,158.0896,90.1759
531,snn,nsson,jetson_emulator,30,offload,0.4036720159082256,54.34,39.8011,39.8011,41.4456,76.2283,112.06483125000001,112.06483125000001,156.7997,89.9988
532,snn,nsson,jetson_emulator,30,local,0.40177038653702063,54.5665,39.5889,54.5665,56.6052,69.2241,112.06483125000001,112.06483125000001,158.2822,90.1087
533,snn,nsson,jetson_emulator,30,local,0.4050027502629611,54.5027,39.0727,54.5027,56.564,69.2434,112.06483125000001,112.06483125000001,158.3786,90.0443
534,snn,nsson,jetson_emulator,30,local,0.4044134065316586,55.0135,40.3319,55.0135,57.3192,69.0889,112.06483125000001,112.06483125000001,158.4749,90.1028
535,snn,nsson,jetson_emulator,30,local,0.40243631850676387,54.7105,39.0974,54.7105,56.2381,69.1804,112.06483125000001,112.06483125000001,158.5712,90.1513
536,snn,nsson,jetson_emulator,30,local,0.40767953497704906,54.9458,39.065,54.9458,56.8364,69.1093,112.06483125000001,112.06483125000001,158.6676,90.001
537,snn,nsson,jetson_emulator,30,local,0.4065175671798138,56.0854,39.5443,56.0854,57.8701,68.7668,112.06483125000001,112.06483125000001,158.7639,90.1435
538,snn,nsson,jetson_emulator,30,local,0.4202285048705354,54.9723,39.3568,54.9723,56.5835,69.1013,112.06483125000001,112.06483125000001,158.8602,90.0105
539,snn,nsson,jetson_emulator,30,offload,0.405132499147211,55.9998,40.4711,40.4711,42.7696,75.99,112.06483125000001,112.06483125000001,157.5636,90.0606
540,snn,nsson,jetson_emulator,30,local,0.4090850435567336,54.9914,40.1478,54.9914,56.6739,69.0955,112.06483125000001,112.06483125000001,159.0529,90.0782
541,snn,nsson,jetson_emulator,30,local,0.40471510244599995,56.0149,41.4152,56.0149,57.981,68.7879,112.06483125000001,112.06483125000001,159.1492,90.0818
542,snn,nsson,jetson_emulator,30,local,0.404923836004753,55.1081,39.4969,55.1081,56.3584,69.0603,112.06483125000001,112.06483125000001,159.2455,90.1297
543,snn,nsson,jetson_emulator,30,local,0.4057439669036229,55.7443,39.8958,55.7443,57.2458,68.869,112.06483125000001,112.06483125000001,159.3419,90.138
544,snn,nsson,jetson_emulator,30,offload,0.39988671109459084,55.9819,39.9241,39.9241,41.7759,76.1844,112.06483125000001,112.06483125000001,158.041,90.1719
545,snn,nsson,jetson_emulator,30,local,0.38708630439251884,55.4463,40.7091,55.4463,56.8031,68.9585,112.06483125000001,112.06483125000001,159.5345,90.096
546,snn,nsson,jetson_emulator,30,local,0.3865688445347304,55.6025,40.6849,55.6025,58.4241,68.9115,112.06483125000001,112.06483125000001,159.6309,90.0604
547,snn,nsson,jetson_emulator,30,local,0.3811171438357526,55.9907,39.7789,55.9907,57.6796,68.7951,112.06483125000001,112.06483125000001,159.7272,90.1802
548,snn,nsson,jetson_emulator,30,offload,0.3825080239124897,55.7254,40.3293,40.3293,42.6667,76.0403,112.06483125000001,112.06483125000001,158.4229,90.0898
549,snn,nsson,jetson_emulator,30,local,0.38899328585498966,55.9208,40.62,55.9208,57.926,68.8161,112.06483125000001,112.06483125000001,159.9199,90.0104
550,snn,nsson,jetson_emulator,30,offload,0.39009187394901174,55.9324,41.94,41.94,44.5051,75.4727,112.06483125000001,112.06483125000001,158.6139,90.0902
551,snn,nsson,jetson_emulator,30,local,0.38570026270607893,56.4364,40.8977,56.4364,58.322,68.662,112.06483125000001,112.06483125000001,160.1125,90.1027
552,snn,nsson,jetson_emulator,30,local,0.3881057790764578,57.2523,40.2143,57.2523,58.3963,68.4196,112.06483125000001,112.06483125000001,160.2089,90.1456
553,snn,nsson,jetson_emulator,30,offload,0.3893123808676103,57.2622,42.1729,42.1729,43.1442,75.3913,112.06483125000001,112.06483125000001,158.9004,90.1097
554,snn,nsson,jetson_emulator,30,local,0.3881639093864996,57.289,41.4266,57.289,58.8195,68.4087,112.06483125000001,112.06483125000001,160.4015,90.0824
555,snn,nsson,jetson_emulator,30,local,0.39607982986406304,56.5118,40.4037,56.5118,58.3782,68.6395,112.06483125000001,112.06483125000001,160.4978,90.1591
556,snn,nsson,jetson_emulator,30,local,0.4014850245448589,56.3148,40.2153,56.3148,57.6783,68.6983,112.06483125000001,112.06483125000001,160.5942,90.0539
557,snn,nsson,jetson_emulator,30,local,0.40143194982337893,57.2404,40.6768,57.2404,59.0044,68.4231,112.06483125000001,112.06483125000001,160.6905,90.0478
558,snn,nsson,jetson_emulator,30,offload,0.3938480449459094,56.4947,41.2609,41.2609,42.2471,75.711,112.06483125000001,112.06483125000001,159.3778,90.108
559,snn,nsson,jetson_emulator,30,offload,0.40244546316931523,56.6776,41.2088,41.2088,42.7246,75.7293,112.06483125000001,112.06483125000001,159.4733,90.1412
560,snn,nsson,jetson_emulator,30,offload,0.39926710651955216,57.6172,40.5519,40.5519,42.9355,75.9613,112.06483125000001,112.06483125000001,159.5688,90.1552
561,snn,nsson,jetson_emulator,30,offload,0.39890882821643836,57.9222,41.6753,41.6753,42.6094,75.5654,112.06483125000001,112.06483125000001,159.6643,90.0646
562,snn,nsson,jetson_emulator,30,local,0.3979419843780342,57.4842,41.7773,57.4842,60.0195,68.351,112.06483125000001,112.06483125000001,161.1722,90.1491
563,snn,nsson,jetson_emulator,30,offload,0.4016632199286831,56.998,41.4305,41.4305,43.3102,75.6513,112.06483125000001,112.06483125000001,159.8552,90.0628
564,snn,nsson,jetson_emulator,30,local,0.4221503018844803,57.0699,42.2645,57.0699,58.9953,68.4736,112.06483125000001,112.06483125000001,161.3648,90.086
565,snn,nsson,jetson_emulator,30,offload,0.4158128738914441,58.2469,42.4166,42.4166,44.5211,75.3064,112.06483125000001,112.06483125000001,160.0462,90.1329
566,snn,nsson,jetson_emulator,30,offload,0.41509115021057974,57.862,41.1311,41.1311,42.6225,75.7567,112.06483125000001,112.06483125000001,160.1417,90.0944
567,snn,nsson,jetson_emulator,30,offload,0.4108690139543249,57.5833,41.634,41.634,43.4821,75.5799,112.06483125000001,112.06483125000001,160.2372,90.0438
568,snn,nsson,jetson_emulator,30,offload,0.4214711602610753,57.2567,42.4197,42.4197,45.2872,75.3053,112.06483125000001,112.06483125000001,160.3327,90.1549
569,snn,nsson,jetson_emulator,30,local,0.42382763794863737,57.6428,41.444,57.6428,58.825,68.3042,112.06483125000001,112.06483125000001,161.8465,90.1437
570,snn,nsson,jetson_emulator,30,offload,0.41821492229539087,57.633,42.5341,42.5341,44.3823,75.2655,112.06483125000001,112.06483125000001,160.5236,90.0513
571,snn,nsson,jetson_emulator,30,local,0.42220688565394443,57.6363,41.6215,57.6363,59.5083,68.3061,112.06483125000001,112.06483125000001,162.0391,90.0313
572,snn,nsson,jetson_emulator,30,local,0.4239652694571391,58.5809,41.5745,58.5809,60.6277,68.0285,112.06483125000001,112.06483125000001,162.1355,90.0945
573,snn,nsson,jetson_emulator,30,offload,0.4169658304467915,58.3248,41.4697,41.4697,43.3973,75.6375,112.06483125000001,112.06483125000001,160.8101,90.1001
574,snn,nsson,jetson_emulator,30,offload,0.41971105723641083,58.0961,43.432,43.432,44.411,74.9545,112.06483125000001,112.06483125000001,160.9056,90.1727
575,snn,nsson,jetson_emulator,30,local,0.41883025395703544,57.8148,41.484,57.8148,60.7903,68.2535,112.06483125000001,112.06483125000001,162.4245,90.1204
576,snn,nsson,jetson_emulator,30,offload,0.40945714826604973,58.0225,41.4434,41.4434,43.3746,75.6468,112.06483125000001,112.06483125000001,161.0966,90.162
577,snn,nsson,jetson_emulator,30,local,0.39395496703206717,58.6255,42.7952,58.6255,60.8573,68.0154,112.06483125000001,112.06483125000001,162.6171,90.0146
578,snn,nsson,jetson_emulator,30,local,0.38844869977730623,58.6199,42.6542,58.6199,59.7314,68.0171,112.06483125000001,112.06483125000001,162.7135,90.1851
579,snn,nsson,jetson_emulator,30,offload,0.3980177910247676,58.0925,41.5355,41.5355,43.2857,75.6144,112.06483125000001,112.06483125000001,161.383,90.1259
580,snn,nsson,jetson_emulator,30,local,0.38335514670995613,58.3867,42.5796,58.3867,59.6013,68.0854,112.06483125000001,112.06483125000001,162.9061,90.1859
581,snn,nsson,jetson_emulator,30,local,0.38755183654909986,58.2572,42.6512,58.2572,60.1848,68.1234,112.06483125000001,112.06483125000001,163.0024,90.0822
582,snn,nsson,jetson_emulator,30,local,0.38,58.8871,42.2199,58.8871,60.1627,67.939,112.06483125000001,112.06483125000001,163.0988,90.1386
583,snn,nsson,jetson_emulator,30,local,0.38,59.0375,42.2573,59.0375,61.1906,67.8951,112.06483125000001,112.06483125000001,163.1951,90.0736
584,snn,nsson,jetson_emulator,30,local,0.3878886468574891,58.6761,42.4499,58.6761,60.6893,68.0006,112.06483125000001,112.06483125000001,163.2914,90.1386
585,snn,nsson,jetson_emulator,30,offload,0.3953075916680951,58.9626,42.7459,42.7459,45.5668,75.1919,112.06483125000001,112.06483125000001,161.9559,90.0882
586,snn,nsson,jetson_emulator,30,offload,0.3985078860133377,58.7602,42.4023,42.4023,44.1293,75.3114,112.06483125000001,112.06483125000001,162.0514,90.0275
587,snn,nsson,jetson_emulator,30,local,0.4006200128387551,59.1648,42.2329,59.1648,60.9882,67.858,112.06483125000001,112.06483125000001,163.5804,90.0964
588,snn,nsson,jetson_emulator,30,local,0.3972562515417195,58.8375,43.7898,58.8375,59.932,67.9535,112.06483125000001,112.06483125000001,163.6768,90.0499
589,snn,nsson,jetson_emulator,30,offload,0.3945033967917965,58.866,42.9213,42.9213,44.9351,75.1311,112.06483125000001,112.06483125000001,162.3379,90.1332
590,snn,nsson,jetson_emulator,30,local,0.3898229414942996,59.0022,42.1268,59.0022,59.9256,67.9054,112.06483125000001,112.06483125000001,163.8694,90.1557
591,snn,nsson,jetson_emulator,30,local,0.3891823741120412,59.3596,42.7823,59.3596,60.2182,67.8014,112.06483125000001,112.06483125000001,163.9658,90.115
592,snn,nsson,jetson_emulator,30,offload,0.4009352932996585,59.6817,43.8146,43.8146,45.5022,74.8227,112.06483125000001,112.06483125000001,162.6243,90.163
593,snn,nsson,jetson_emulator,30,offload,0.39025060883043516,59.1415,43.0977,43.0977,45.332,75.07,112.06483125000001,112.06483125000001,162.7198,90.1278
594,snn,nsson,jetson_emulator,30,offload,0.3833483040078017,59.7024,44.0394,44.0394,45.2674,74.7455,112.06483125000001,112.06483125000001,162.8153,89.9644
595,snn,nsson,jetson_emulator,30,local,0.38,59.3465,42.7244,59.3465,61.2536,67.8052,112.06483125000001,112.06483125000001,164.3511,90.173
596,snn,nsson,jetson_emulator,30,offload,0.38,60.0967,42.9492,42.9492,43.8948,75.1214,112.06483125000001,112.06483125000001,163.0063,90.1001
597,snn,nsson,jetson_emulator,30,local,0.38,59.6439,42.4729,59.6439,61.5391,67.7188,112.06483125000001,112.06483125000001,164.5437,90.1058
598,snn,nsson,jetson_emulator,30,local,0.3807824554733132,59.687,42.8811,59.687,61.7981,67.7063,112.06483125000001,112.06483125000001,164.6401,90.1347
599,snn,nsson,jetson_emulator,30,offload,0.3837747575650899,60.073,43.4225,43.4225,46.007,74.9578,112.06483125000001,112.06483125000001,163.2928,90.1917
600,snn,nsson,jetson_emulator,30,local,0.38,59.8917,43.1416,59.8917,62.0734,67.647,112.06483125000001,112.06483125000001,164.8327,90.1068
601,snn,nsson,jetson_emulator,30,local,0.3875964090864982,60.189,42.6808,60.189,62.9136,67.5611,112.06483125000001,112.06483125000001,164.9291,90.1712
602,snn,nsson,jetson_emulator,30,local,0.39295363749541107,59.7006,43.1846,59.7006,61.3295,67.7023,112.06483125000001,112.06483125000001,165.0254,90.1561
603,snn,nsson,jetson_emulator,30,local,0.3928209582667528,60.5619,42.7914,60.5619,63.1696,67.4536,112.06483125000001,112.06483125000001,165.1217,90.1981
604,snn,nsson,jetson_emulator,30,local,0.3870795656973688,60.7117,43.4469,60.7117,61.789,67.4105,112.06483125000001,112.06483125000001,165.2181,90.1131
605,snn,nsson,jetson_emulator,30,local,0.3854336462001741,60.1094,43.8078,60.1094,62.5608,67.584,112.06483125000001,112.06483125000001,165.3144,90.0636
606,snn,nsson,jetson_emulator,30,local,0.38463264470233,60.3658,43.1403,60.3658,63.1221,67.5101,112.06483125000001,112.06483125000001,165.4107,90.0787
607,snn,nsson,jetson_emulator,30,offload,0.38,60.2301,43.3242,43.3242,45.7836,74.9917,112.06483125000001,112.06483125000001,164.0566,90.2146
608,snn,nsson,jetson_emulator,30,local,0.38,61.1215,43.0342,61.1215,62.9534,67.293,112.06483125000001,112.06483125000001,165.6034,90.0867
609,snn,nsson,jetson_emulator,30,local,0.3842039221952059,60.8301,44.3148,60.8301,62.2645,67.3765,112.06483125000001,112.06483125000001,165.6997,90.0424
610,snn,nsson,jetson_emulator,30,offload,0.3882870965782377,60.5424,43.7933,43.7933,45.2236,74.83,112.06483125000001,112.06483125000001,164.3431,90.0169
611,snn,nsson,jetson_emulator,30,local,0.39043327754548485,60.9842,44.171,60.9842,62.724,67.3323,112.06483125000001,112.06483125000001,165.8924,90.0004
612,snn,nsson,jetson_emulator,30,local,0.3858989886008257,60.6158,43.0738,60.6158,62.0469,67.4381,112.06483125000001,112.06483125000001,165.9887,90.0669
613,snn,nsson,jetson_emulator,30,local,0.38,60.6521,44.0507,60.6521,62.3467,67.4276,112.06483125000001,112.06483125000001,166.085,90.1007
614,snn,nsson,jetson_emulator,30,local,0.3887392738032886,60.7097,43.8465,60.7097,62.7479,67.4111,112.06483125000001,112.06483125000001,166.1814,90.069
615,snn,nsson,jetson_emulator,30,local,0.3867692260368139,60.9098,43.3999,60.9098,63.2506,67.3536,112.06483125000001,112.06483125000001,166.2777,90.0853
616,snn,nsson,jetson_emulator,30,offload,0.38,61.5706,43.8825,43.8825,46.0328,74.7994,112.06483125000001,112.06483125000001,164.916,90.1327
617,snn,nsson,jetson_emulator,30,local,0.38667746041573337,60.7577,44.2138,60.7577,63.1766,67.3973,112.06483125000001,112.06483125000001,166.4704,90.0809
618,snn,nsson,jetson_emulator,30,offload,0.3822057874868738,60.7508,43.3991,43.3991,45.0473,74.9658,112.06483125000001,112.06483125000001,165.107,89.9977
619,snn,nsson,jetson_emulator,30,offload,0.38,61.0328,43.5362,43.5362,45.6913,74.9185,112.06483125000001,112.06483125000001,165.2025,90.0968
620,snn,nsson,jetson_emulator,30,offload,0.38310183936424197,60.6271,45.0281,45.0281,46.464,74.4079,112.06483125000001,112.06483125000001,165.298,90.1321
621,snn,nsson,jetson_emulator,30,local,0.3890003630012102,62.5659,43.7553,62.5659,63.5276,66.8818,112.06483125000001,112.06483125000001,166.8557,90.1151
622,snn,nsson,jetson_emulator,30,local,0.3899937474395142,60.8869,43.4874,60.8869,61.7787,67.3602,112.06483125000001,112.06483125000001,166.952,90.1469
623,snn,nsson,jetson_emulator,30,local,0.39327974081808714,61.2511,44.0852,61.2511,63.1197,67.2559,112.06483125000001,112.06483125000001,167.0483,90.1334
624,snn,nsson,jetson_emulator,30,local,0.38949817882116544,61.154,45.4733,61.154,62.7676,67.2836,112.06483125000001,112.06483125000001,167.1447,90.1956
625,snn,nsson,jetson_emulator,30,local,0.3927414492670881,61.1858,43.457,61.1858,63.2788,67.2746,112.06483125000001,112.06483125000001,167.241,90.1312
626,snn,nsson,jetson_emulator,30,offload,0.38646829739941935,61.163,44.9828,44.9828,46.9661,74.4233,112.06483125000001,112.06483125000001,165.8709,90.1216
627,snn,nsson,jetson_emulator,30,local,0.38589501664275866,61.3883,44.0393,61.3883,63.1029,67.2166,112.06483125000001,112.06483125000001,167.4337,90.1668
628,snn,nsson,jetson_emulator,30,local,0.3819989095660195,61.2096,43.7371,61.2096,62.3256,67.2677,112.06483125000001,112.06483125000001,167.53,90.1232
629,snn,nsson,jetson_emulator,30,local,0.3857407053051258,61.5234,45.317,61.5234,63.5339,67.178,112.06483125000001,112.06483125000001,167.6263,90.0742
630,snn,nsson,jetson_emulator,30,offload,0.3889533352725622,60.905,44.0412,44.0412,45.6198,74.7449,112.06483125000001,112.06483125000001,166.2528,90.1074
631,snn,nsson,jetson_emulator,30,local,0.3940688857244517,61.9379,45.5121,61.9379,63.9055,67.06,112.06483125000001,112.06483125000001,167.819,90.0479
632,snn,nsson,jetson_emulator,30,offload,0.38695059535355003,61.1777,44.287,44.287,46.2364,74.6607,112.06483125000001,112.06483125000001,166.4438,90.1597
633,snn,nsson,jetson_emulator,30,local,0.38058104873101256,61.5525,43.8817,61.5525,63.5204,67.1697,112.06483125000001,112.06483125000001,168.0116,90.0656
634,snn,nsson,jetson_emulator,30,local,0.38,61.1521,43.9622,61.1521,62.8151,67.2842,112.06483125000001,112.06483125000001,168.108,90.0893
635,snn,nsson,jetson_emulator,30,local,0.38,61.2096,43.7871,61.2096,63.5507,67.2677,112.06483125000001,112.06483125000001,168.2043,90.1065
636,snn,nsson,jetson_emulator,30,local,0.38,61.2703,44.2947,61.2703,63.0096,67.2504,112.06483125000001,112.06483125000001,168.3006,90.0205
637,snn,nsson,jetson_emulator,30,local,0.38,61.2267,43.839,61.2267,63.0495,67.2628,112.06483125000001,112.06483125000001,168.397,90.1204
638,snn,nsson,jetson_emulator,30,local,0.38,61.39,43.7404,61.39,63.9904,67.2161,112.06483125000001,112.06483125000001,168.4933,90.1062
639,snn,nsson,jetson_emulator,30,local,0.38,61.0975,43.9009,61.0975,63.4995,67.2998,112.06483125000001,112.06483125000001,168.5896,90.0789
640,snn,nsson,jetson_emulator,30,local,0.3817347431604099,61.2184,43.667,61.2184,63.2586,67.2652,112.06483125000001,112.06483125000001,168.686,90.1295
641,snn,nsson,jetson_emulator,30,offload,0.38048600532576615,61.189,43.9643,43.9643,45.9951,74.7713,112.06483125000001,112.06483125000001,167.3032,90.2102
642,snn,nsson,jetson_emulator,30,offload,0.38,61.1038,43.7315,43.7315,44.7418,74.8513,112.06483125000001,112.06483125000001,167.3987,89.9803
643,snn,nsson,jetson_emulator,30,offload,0.38,61.3642,44.1434,44.1434,45.9403,74.7099,112.06483125000001,112.06483125000001,167.4942,90.0123
644,snn,nsson,jetson_emulator,30,offload,0.38,61.7098,45.0951,45.0951,46.701,74.3851,112.06483125000001,112.06483125000001,167.5896,90.149
645,snn,nsson,jetson_emulator,30,local,0.38031080314125026,62.4654,44.7071,62.4654,64.9654,66.9103,112.06483125000001,112.06483125000001,169.1676,90.0975
646,snn,nsson,jetson_emulator,30,offload,0.3807170814892067,61.9368,43.8583,43.8583,46.0583,74.8077,112.06483125000001,112.06483125000001,167.7806,90.1087
647,snn,nsson,jetson_emulator,30,local,0.38661129334841776,61.2728,44.7571,61.2728,63.7579,67.2497,112.06483125000001,112.06483125000001,169.3603,90.0726
648,snn,nsson,jetson_emulator,30,local,0.3810546587109054,61.8847,44.908,61.8847,64.0373,67.0751,112.06483125000001,112.06483125000001,169.4566,90.0721
649,snn,nsson,jetson_emulator,30,offload,0.38,62.1575,44.4017,44.4017,46.3823,74.6215,112.06483125000001,112.06483125000001,168.0671,90.0481
650,snn,nsson,jetson_emulator,30,offload,0.3854776980628308,61.4641,43.7232,43.7232,45.802,74.8542,112.06483125000001,112.06483125000001,168.1626,90.028
651,snn,nsson,jetson_emulator,30,offload,0.38713884179712627,61.0477,44.0457,44.0457,45.576,74.7434,112.06483125000001,112.06483125000001,168.2581,90.1035
652,snn,nsson,jetson_emulator,30,offload,0.39502549786847796,61.1867,43.6889,43.6889,45.2335,74.866,112.06483125000001,112.06483125000001,168.3535,90.1585
653,snn,nsson,jetson_emulator,30,offload,0.39006550710920745,61.5886,44.8296,44.8296,46.3942,74.4755,112.06483125000001,112.06483125000001,168.449,90.1051
654,snn,nsson,jetson_emulator,30,local,0.3899028303081083,61.3416,44.4441,61.3416,63.1798,67.23,112.06483125000001,112.06483125000001,170.0346,90.1087
655,snn,nsson,jetson_emulator,30,offload,0.39349801938500234,61.0075,44.8824,44.8824,46.4032,74.4575,112.06483125000001,112.06483125000001,168.64,90.1252
656,snn,nsson,jetson_emulator,30,local,0.39141626972040405,61.8618,44.1467,61.8618,64.3246,67.0816,112.06483125000001,112.06483125000001,170.2273,90.1493
657,snn,nsson,jetson_emulator,30,offload,0.39238841538669567,61.1968,44.1619,44.1619,45.0822,74.7035,112.06483125000001,112.06483125000001,168.831,90.0478
658,snn,nsson,jetson_emulator,30,offload,0.38726380972020047,60.9678,44.0751,44.0751,47.0335,74.7333,112.06483125000001,112.06483125000001,168.9265,90.1051
659,snn,nsson,jetson_emulator,30,local,0.39603348183353687,61.7862,43.8006,61.7862,63.7695,67.1031,112.06483125000001,112.06483125000001,170.5162,90.2309
660,snn,nsson,jetson_emulator,30,local,0.3954907335259211,61.6611,44.8345,61.6611,63.1975,67.1388,112.06483125000001,112.06483125000001,170.6126,90.1538
661,snn,nsson,jetson_emulator,30,offload,0.39033902378047924,61.4203,43.5204,43.5204,45.667,74.924,112.06483125000001,112.06483125000001,169.2129,90.1403
662,snn,nsson,jetson_emulator,30,local,0.39078010674401426,60.987,43.6144,60.987,63.5672,67.3315,112.06483125000001,112.06483125000001,170.8052,90.1067
663,snn,nsson,jetson_emulator,30,offload,0.3925739358536699,61.2015,43.6342,43.6342,44.919,74.8848,112.06483125000001,112.06483125000001,169.4039,90.0485
664,snn,nsson,jetson_emulator,30,offload,0.3844909817546993,61.6116,43.5115,43.5115,44.6108,74.927,112.06483125000001,112.06483125000001,169.4994,90.1103
665,snn,nsson,jetson_emulator,30,local,0.3935727258444997,61.6319,44.3248,61.6319,62.8003,67.1471,112.06483125000001,112.06483125000001,171.0942,90.0713
666,snn,nsson,jetson_emulator,30,offload,0.383396085879877,61.427,43.7495,43.7495,45.6968,74.8451,112.06483125000001,112.06483125000001,169.6904,90.1564
667,snn,nsson,jetson_emulator,30,offload,0.38969712224190506,61.2886,44.3424,44.3424,45.8919,74.6417,112.06483125000001,112.06483125000001,169.7858,90.1074
668,snn,nsson,jetson_emulator,30,local,0.39352264682144694,61.6447,44.3491,61.6447,63.2908,67.1434,112.06483125000001,112.06483125000001,171.3832,90.1324
669,snn,nsson,jetson_emulator,30,local,0.38755515757963865,60.7519,43.9834,60.7519,63.1274,67.399,112.06483125000001,112.06483125000001,171.4796,90.0307
670,snn,nsson,jetson_emulator,30,local,0.3828445540351431,60.7982,44.3304,60.7982,63.0927,67.3857,112.06483125000001,112.06483125000001,171.5759,90.0973
671,snn,nsson,jetson_emulator,30,offload,0.3928666307849537,61.3373,43.6278,43.6278,45.2862,74.887,112.06483125000001,112.06483125000001,170.1678,90.1161
672,snn,nsson,jetson_emulator,30,local,0.39109276816879657,60.8958,43.5337,60.8958,63.9401,67.3577,112.06483125000001,112.06483125000001,171.7685,90.0139
673,snn,nsson,jetson_emulator,30,offload,0.3829662176864549,61.3249,43.7504,43.7504,45.4005,74.8448,112.06483125000001,112.06483125000001,170.3588,90.1702
674,snn,nsson,jetson_emulator,30,local,0.38355960526361027,61.3824,43.8736,61.3824,63.4058,67.2183,112.06483125000001,112.06483125000001,171.9612,90.0776
675,snn,nsson,jetson_emulator,30,local,0.38283163940107257,60.5727,44.3256,60.5727,62.218,67.4505,112.06483125000001,112.06483125000001,172.0575,90.07
676,snn,nsson,jetson_emulator,30,offload,0.38778010110955863,60.61,44.2741,44.2741,46.5182,74.6651,112.06483125000001,112.06483125000001,170.6452,90.2479
677,snn,nsson,jetson_emulator,30,offload,0.3883904995487176,60.4337,43.2172,43.2172,44.8403,75.0286,112.06483125000001,112.06483125000001,170.7407,90.0215
678,snn,nsson,jetson_emulator,30,local,0.38659205441441935,61.0157,43.9371,61.0157,62.4589,67.3233,112.06483125000001,112.06483125000001,172.3465,90.0986
679,snn,nsson,jetson_emulator,30,local,0.3852234020685669,61.2641,43.5239,61.2641,63.2556,67.2521,112.06483125000001,112.06483125000001,172.4429,90.0838
680,snn,nsson,jetson_emulator,30,offload,0.38,61.2882,43.1068,43.1068,45.3193,75.0668,112.06483125000001,112.06483125000001,171.0272,90.1087
681,snn,nsson,jetson_emulator,30,offload,0.3848171373143405,60.6057,43.2032,43.2032,44.7745,75.0335,112.06483125000001,112.06483125000001,171.1227,90.1065
682,snn,nsson,jetson_emulator,30,offload,0.38420025695367815,61.4896,43.2059,43.2059,44.9503,75.0325,112.06483125000001,112.06483125000001,171.2181,90.0817
683,snn,nsson,jetson_emulator,30,local,0.38269169429237243,60.4921,43.2401,60.4921,62.9276,67.4737,112.06483125000001,112.06483125000001,172.8282,90.0014
684,snn,nsson,jetson_emulator,30,local,0.3812958683316125,61.0109,43.3404,61.0109,63.9665,67.3246,112.06483125000001,112.06483125000001,172.9245,90.1308
685,snn,nsson,jetson_emulator,30,local,0.38543122490117715,60.5689,44.2888,60.5689,62.8898,67.4516,112.06483125000001,112.06483125000001,173.0209,90.086
686,snn,nsson,jetson_emulator,30,offload,0.3927589062570248,61.0277,44.3144,44.3144,46.2736,74.6513,112.06483125000001,112.06483125000001,171.6001,90.0979
687,snn,nsson,jetson_emulator,30,local,0.40050332142983147,60.6727,44.4354,60.6727,63.1134,67.4217,112.06483125000001,112.06483125000001,173.2135,90.0498
688,snn,nsson,jetson_emulator,30,offload,0.4001763717544646,60.2681,43.2383,43.2383,45.9236,75.0213,112.06483125000001,112.06483125000001,171.7911,90.0789
689,snn,nsson,jetson_emulator,30,offload,0.40160481787509544,60.8438,43.1333,43.1333,45.1337,75.0577,112.06483125000001,112.06483125000001,171.8865,90.0969
690,snn,nsson,jetson_emulator,30,offload,0.4034513618919838,60.0901,43.4869,43.4869,45.8736,74.9355,112.06483125000001,112.06483125000001,171.982,90.2152
691,snn,nsson,jetson_emulator,30,local,0.3990672581733478,60.155,42.9311,60.155,61.2034,67.5709,112.06483125000001,112.06483125000001,173.5988,90.1515
692,snn,nsson,jetson_emulator,30,offload,0.3876824156735942,59.7948,43.8376,43.8376,44.7701,74.8148,112.06483125000001,112.06483125000001,172.173,90.1132
693,snn,nsson,jetson_emulator,30,offload,0.3835522465043115,59.9969,43.0467,43.0467,45.2343,75.0876,112.06483125000001,112.06483125000001,172.2685,90.1792
694,snn,nsson,jetson_emulator,30,offload,0.39822800397514346,60.2123,43.3464,43.3464,45.3792,74.984,112.06483125000001,112.06483125000001,172.364,90.0134
695,snn,nsson,jetson_emulator,30,local,0.39727107288296687,59.6009,44.4343,59.6009,61.4498,67.7313,112.06483125000001,112.06483125000001,173.9842,90.1225
696,snn,nsson,jetson_emulator,30,local,0.40355578476156345,60.5583,43.9281,60.5583,61.8609,67.4546,112.06483125000001,112.06483125000001,174.0805,90.1012
697,snn,nsson,jetson_emulator,30,offload,0.41458206263250835,60.4746,43.1577,43.1577,44.8422,75.0492,112.06483125000001,112.06483125000001,172.6504,90.0336
698,snn,nsson,jetson_emulator,30,offload,0.41320043492465897,60.4212,43.8064,43.8064,45.6636,74.8255,112.06483125000001,112.06483125000001,172.7459,90.0005
699,snn,nsson,jetson_emulator,30,offload,0.4030311773506781,59.4715,43.0195,43.0195,45.2346,75.097,112.06483125000001,112.06483125000001,172.8414,90.0636
700,snn,nsson,jetson_emulator,30,local,0.3988071485488411,59.7313,42.4514,59.7313,60.9605,67.6935,112.06483125000001,112.06483125000001,174.4658,90.0875
701,snn,nsson,jetson_emulator,30,local,0.4029616340125811,60.1746,42.6458,60.1746,62.2283,67.5652,112.06483125000001,112.06483125000001,174.5621,90.0063
702,snn,nsson,jetson_emulator,30,offload,0.40198546328195217,59.3192,43.9181,43.9181,46.6154,74.7872,112.06483125000001,112.06483125000001,173.1279,90.0557
703,snn,nsson,jetson_emulator,30,offload,0.3984058575294233,60.0951,42.3622,42.3622,44.2695,75.3253,112.06483125000001,112.06483125000001,173.2234,90.1559
704,snn,nsson,jetson_emulator,30,local,0.40777861684832034,59.2569,42.399,59.2569,61.4864,67.8312,112.06483125000001,112.06483125000001,174.8511,90.1484
705,snn,nsson,jetson_emulator,30,local,0.41065699203922945,60.099,42.6742,60.099,62.4358,67.5871,112.06483125000001,112.06483125000001,174.9475,90.0852
706,snn,nsson,jetson_emulator,30,offload,0.41060570038813227,59.4535,42.7397,42.7397,44.5234,75.194,112.06483125000001,112.06483125000001,173.5098,90.1241
707,snn,nsson,jetson_emulator,30,local,0.40935241597525507,59.9816,42.769,59.9816,61.8326,67.621,112.06483125000001,112.06483125000001,175.1401,90.1469
708,snn,nsson,jetson_emulator,30,offload,0.4091922837106192,59.2469,42.4111,42.4111,44.997,75.3083,112.06483125000001,112.06483125000001,173.7008,90.0698
709,snn,nsson,jetson_emulator,30,local,0.40792645385229137,59.0339,43.3558,59.0339,60.8736,67.8962,112.06483125000001,112.06483125000001,175.3328,90.1643
710,snn,nsson,jetson_emulator,30,local,0.41019744699074495,59.1595,42.1605,59.1595,61.709,67.8596,112.06483125000001,112.06483125000001,175.4291,90.1088
711,snn,nsson,jetson_emulator,30,offload,0.40304120318233383,58.9112,42.9398,42.9398,43.7669,75.1246,112.06483125000001,112.06483125000001,173.9873,90.1084
712,snn,nsson,jetson_emulator,30,offload,0.39793935801513014,58.9335,42.1987,42.1987,44.2768,75.3823,112.06483125000001,112.06483125000001,174.0827,90.0666
713,snn,nsson,jetson_emulator,30,local,0.39904133484390264,59.4272,42.6569,59.4272,61.4027,67.7817,112.06483125000001,112.06483125000001,175.7181,90.0472
714,snn,nsson,jetson_emulator,30,local,0.4013443367625776,59.5654,42.2853,59.5654,62.1839,67.7416,112.06483125000001,112.06483125000001,175.8144,90.0976
715,snn,nsson,jetson_emulator,30,local,0.3937767608719212,59.3337,42.3006,59.3337,60.6217,67.8089,112.06483125000001,112.06483125000001,175.9108,90.1895
716,snn,nsson,jetson_emulator,30,local,0.3985862173094782,59.5852,43.2341,59.5852,61.3141,67.7358,112.06483125000001,112.06483125000001,176.0071,90.0381
717,snn,nsson,jetson_emulator,30,offload,0.3998232041471737,59.2005,41.8773,41.8773,42.9964,75.4946,112.06483125000001,112.06483125000001,174.5602,90.1493
718,snn,nsson,jetson_emulator,30,local,0.39960080818882115,58.9209,42.1419,58.9209,61.4072,67.9291,112.06483125000001,112.06483125000001,176.1998,89.9769
719,snn,nsson,jetson_emulator,30,offload,0.39494417879825383,58.8997,42.1314,42.1314,43.9553,75.4058,112.06483125000001,112.06483125000001,174.7511,90.1382
720,snn,nsson,jetson_emulator,30,local,0.39516355517296337,58.4589,42.1048,58.4589,59.7375,68.0642,112.06483125000001,112.06483125000001,176.3924,90.0656
721,snn,nsson,jetson_emulator,30,offload,0.39054581261990706,59.2836,42.8721,42.8721,44.8198,75.1481,112.06483125000001,112.06483125000001,174.9421,90.069
722,snn,nsson,jetson_emulator,30,offload,0.38874038857676263,58.7567,42.5679,42.5679,44.3779,75.2537,112.06483125000001,112.06483125000001,175.0376,90.0605
723,snn,nsson,jetson_emulator,30,local,0.4001645354553207,58.3409,41.92,58.3409,60.7858,68.0988,112.06483125000001,112.06483125000001,176.6814,90.0579
724,snn,nsson,jetson_emulator,30,local,0.4084126691311941,58.4948,41.9894,58.4948,60.9117,68.0537,112.06483125000001,112.06483125000001,176.7778,90.0716
725,snn,nsson,jetson_emulator,30,local,0.4128557384174546,58.6508,42.4098,58.6508,60.5886,68.008,112.06483125000001,112.06483125000001,176.8741,90.1157
726,snn,nsson,jetson_emulator,30,offload,0.4084916953545653,58.4575,42.068,42.068,44.1511,75.428,112.06483125000001,112.06483125000001,175.4196,90.1085
727,snn,nsson,jetson_emulator,30,local,0.3926425341335288,58.1366,42.8297,58.1366,60.4564,68.1588,112.06483125000001,112.06483125000001,177.0667,90.1139
728,snn,nsson,jetson_emulator,30,local,0.39227821901187626,58.2572,43.334,58.2572,60.3989,68.1234,112.06483125000001,112.06483125000001,177.1631,90.0562
729,snn,nsson,jetson_emulator,30,offload,0.39496426866553075,58.3489,41.8808,41.8808,43.6988,75.4934,112.06483125000001,112.06483125000001,175.706,90.0508
730,snn,nsson,jetson_emulator,30,local,0.40134884985636887,58.3052,41.7346,58.3052,60.6871,68.1093,112.06483125000001,112.06483125000001,177.3557,90.0857
731,snn,nsson,jetson_emulator,30,local,0.38896167711851704,58.9475,43.5426,58.9475,60.2903,67.9214,112.06483125000001,112.06483125000001,177.4521,90.1332
732,snn,nsson,jetson_emulator,30,local,0.38707530600698925,58.2271,42.4704,58.2271,60.005,68.1322,112.06483125000001,112.06483125000001,177.5484,90.1125
733,snn,nsson,jetson_emulator,30,offload,0.387159867015406,58.7888,41.8381,41.8381,43.3962,75.5084,112.06483125000001,112.06483125000001,176.088,90.159
734,snn,nsson,jetson_emulator,30,offload,0.38474176423038126,57.9976,41.4566,41.4566,44.1834,75.6421,112.06483125000001,112.06483125000001,176.1834,90.1544
735,snn,nsson,jetson_emulator,30,local,0.38494527882303825,58.1018,41.4437,58.1018,59.8724,68.169,112.06483125000001,112.06483125000001,177.8374,90.0675
736,snn,nsson,jetson_emulator,30,local,0.3900468620380746,58.0949,41.8505,58.0949,59.4391,68.171,112.06483125000001,112.06483125000001,177.9337,90.1404
737,snn,nsson,jetson_emulator,30,local,0.39653427078150505,58.3706,41.4804,58.3706,60.1951,68.0901,112.06483125000001,112.06483125000001,178.0301,90.173
738,snn,nsson,jetson_emulator,30,offload,0.40153724273188773,57.8544,41.7059,41.7059,43.8159,75.5547,112.06483125000001,112.06483125000001,176.5654,90.1224
739,snn,nsson,jetson_emulator,30,local,0.4061362018496537,58.5154,41.6206,58.5154,60.6525,68.0477,112.06483125000001,112.06483125000001,178.2227,90.1241
740,snn,nsson,jetson_emulator,30,offload,0.4139872020540925,58.0899,42.1284,42.1284,43.4886,75.4069,112.06483125000001,112.06483125000001,176.7564,90.0816
741,snn,nsson,jetson_emulator,30,offload,0.4179519084868133,57.8734,41.4178,41.4178,42.9203,75.6558,112.06483125000001,112.06483125000001,176.8519,90.0386
742,snn,nsson,jetson_emulator,30,local,0.4188693806509308,58.3741,42.3408,58.3741,59.4345,68.0891,112.06483125000001,112.06483125000001,178.5117,90.0496
743,snn,nsson,jetson_emulator,30,local,0.4309672018218777,58.2977,41.8308,58.2977,59.233,68.1115,112.06483125000001,112.06483125000001,178.608,90.1488
744,snn,nsson,jetson_emulator,30,local,0.4268256842666396,58.0848,42.4807,58.0848,59.6151,68.174,112.06483125000001,112.06483125000001,178.7044,90.0838
745,snn,nsson,jetson_emulator,30,local,0.41601548698058705,58.3577,41.2197,58.3577,60.7835,68.0939,112.06483125000001,112.06483125000001,178.8007,90.1545
746,snn,nsson,jetson_emulator,30,local,0.427457052902051,57.8839,41.6055,57.8839,59.2985,68.2331,112.06483125000001,112.06483125000001,178.897,90.1506
747,snn,nsson,jetson_emulator,30,local,0.4297077267478244,57.9481,42.1316,57.9481,59.9992,68.2142,112.06483125000001,112.06483125000001,178.9934,90.1353
748,snn,nsson,jetson_emulator,30,offload,0.4231682447638413,58.2571,41.3941,41.3941,43.217,75.6641,112.06483125000001,112.06483125000001,177.5203,90.0393
749,snn,nsson,jetson_emulator,30,offload,0.4319334916953298,57.9467,41.1687,41.1687,43.4268,75.7434,112.06483125000001,112.06483125000001,177.6157,90.0623
750,snn,nsson,jetson_emulator,30,local,0.4298421571864399,57.5702,42.0409,57.5702,59.1099,68.3256,112.06483125000001,112.06483125000001,179.2824,90.0733
751,snn,nsson,jetson_emulator,30,offload,0.43372466394261333,57.9032,42.1992,42.1992,44.4835,75.3822,112.06483125000001,112.06483125000001,177.8067,90.0426
752,snn,nsson,jetson_emulator,30,offload,0.4354656907260991,57.8059,41.5257,41.5257,43.5515,75.6179,112.06483125000001,112.06483125000001,177.9022,90.0998
753,snn,nsson,jetson_emulator,30,local,0.43526047041077703,58.1783,42.1424,58.1783,59.6818,68.1465,112.06483125000001,112.06483125000001,179.5713,90.008
754,snn,nsson,jetson_emulator,30,offload,0.434707451646386,57.8128,41.6797,41.6797,42.7876,75.5639,112.06483125000001,112.06483125000001,178.0932,90.0533
755,snn,nsson,jetson_emulator,30,local,0.4302914636518662,57.6574,41.3522,57.6574,59.1346,68.2999,112.06483125000001,112.06483125000001,179.764,90.062
756,snn,nsson,jetson_emulator,30,offload,0.430509934575309,57.692,41.7271,41.7271,43.7861,75.5472,112.06483125000001,112.06483125000001,178.2842,90.0757
757,snn,nsson,jetson_emulator,30,offload,0.4311651751366747,58.8278,41.8555,41.8555,44.1007,75.5023,112.06483125000001,112.06483125000001,178.3796,90.1874
758,snn,nsson,jetson_emulator,30,offload,0.442665384237367,58.4843,41.2958,41.2958,41.9962,75.6987,112.06483125000001,112.06483125000001,178.4751,90.143
759,snn,nsson,jetson_emulator,30,offload,0.43021864633451323,57.7628,41.4987,41.4987,43.1734,75.6274,112.06483125000001,112.06483125000001,178.5706,90.0421
760,snn,nsson,jetson_emulator,30,offload,0.42499922352752073,57.7561,41.7986,41.7986,44.5088,75.5222,112.06483125000001,112.06483125000001,178.6661,90.1022
761,snn,nsson,jetson_emulator,30,offload,0.40815424695238084,57.8646,41.5218,41.5218,43.5355,75.6193,112.06483125000001,112.06483125000001,178.7616,90.0526
762,snn,nsson,jetson_emulator,30,offload,0.4096299902777957,58.0352,41.2653,41.2653,43.3661,75.7094,112.06483125000001,112.06483125000001,178.8571,90.0952
763,snn,nsson,jetson_emulator,30,offload,0.4093524149046264,58.2995,41.8154,41.8154,43.1192,75.5163,112.06483125000001,112.06483125000001,178.9526,90.1187
764,snn,nsson,jetson_emulator,30,offload,0.4128045919301565,58.5269,41.5558,41.5558,43.1996,75.6073,112.06483125000001,112.06483125000001,179.048,90.1956
765,snn,nsson,jetson_emulator,30,offload,0.4040161969666106,57.5644,41.7327,41.7327,42.9593,75.5453,112.06483125000001,112.06483125000001,179.1435,90.1219
766,snn,nsson,jetson_emulator,30,local,0.40432042297663906,57.8032,41.6548,57.8032,59.7551,68.2569,112.06483125000001,112.06483125000001,180.8236,90.1114
767,snn,nsson,jetson_emulator,30,offload,0.4198772223696627,57.6103,41.4792,41.4792,44.1827,75.6342,112.06483125000001,112.06483125000001,179.3345,90.1321
768,snn,nsson,jetson_emulator,30,local,0.4086395389504479,57.6731,41.5699,57.6731,58.9767,68.2952,112.06483125000001,112.06483125000001,181.0163,90.1037
769,snn,nsson,jetson_emulator,30,local,0.4083051541276122,57.7137,41.673,57.7137,59.9771,68.2832,112.06483125000001,112.06483125000001,181.1126,90.1054
770,snn,nsson,jetson_emulator,30,offload,0.4021032344006996,58.3043,41.7655,41.7655,42.7136,75.5338,112.06483125000001,112.06483125000001,179.621,90.0638
771,snn,nsson,jetson_emulator,30,local,0.3962669874032294,57.9062,41.4913,57.9062,59.1343,68.2265,112.06483125000001,112.06483125000001,181.3053,90.064
772,snn,nsson,jetson_emulator,30,offload,0.4011326484366315,57.8705,42.1618,42.1618,43.6144,75.3952,112.06483125000001,112.06483125000001,179.8119,90.0231
773,snn,nsson,jetson_emulator,30,local,0.40075365076495667,58.1543,41.8376,58.1543,60.1131,68.1536,112.06483125000001,112.06483125000001,181.498,90.0958
774,snn,nsson,jetson_emulator,30,local,0.40264164131891583,58.3225,41.2562,58.3225,59.7472,68.1042,112.06483125000001,112.06483125000001,181.5943,89.997
775,snn,nsson,jetson_emulator,30,local,0.3990329485300005,58.1662,42.8043,58.1662,60.1726,68.1501,112.06483125000001,112.06483125000001,181.6906,90.0834
776,snn,nsson,jetson_emulator,30,offload,0.39922500826677354,58.3109,41.8755,41.8755,44.0693,75.4953,112.06483125000001,112.06483125000001,180.1939,90.1933
777,snn,nsson,jetson_emulator,30,offload,0.4029695603685246,58.0833,41.3386,41.3386,43.5324,75.6836,112.06483125000001,112.06483125000001,180.2894,90.0819
778,snn,nsson,jetson_emulator,30,local,0.40620399405125895,57.9034,42.2944,57.9034,59.5142,68.2274,112.06483125000001,112.06483125000001,181.9796,90.1061
779,snn,nsson,jetson_emulator,30,local,0.40610481664644243,58.1007,42.151,58.1007,60.1425,68.1693,112.06483125000001,112.06483125000001,182.0759,90.0392
780,snn,nsson,jetson_emulator,30,local,0.41167576597604183,57.9108,41.5196,57.9108,60.0934,68.2252,112.06483125000001,112.06483125000001,182.1723,90.0625
781,snn,nsson,jetson_emulator,30,local,0.4141318496782639,57.9141,41.4262,57.9141,59.3028,68.2242,112.06483125000001,112.06483125000001,182.2686,90.1453
782,snn,nsson,jetson_emulator,30,local,0.4084097321790499,58.3797,42.3562,58.3797,60.0842,68.0874,112.06483125000001,112.06483125000001,182.3649,90.0325
783,snn,nsson,jetson_emulator,30,offload,0.4128491540652338,58.158,42.0202,42.0202,43.8239,75.4447,112.06483125000001,112.06483125000001,180.8623,90.0849
784,snn,nsson,jetson_emulator,30,local,0.41306157441762126,58.959,42.1683,58.959,60.9651,67.918,112.06483125000001,112.06483125000001,182.5576,90.1928
785,snn,nsson,jetson_emulator,30,local,0.4212610741876539,59.1908,42.1756,59.1908,60.9878,67.8504,112.06483125000001,112.06483125000001,182.6539,90.0894
786,snn,nsson,jetson_emulator,30,local,0.41057193827610944,58.3604,42.3219,58.3604,61.1444,68.0931,112.06483125000001,112.06483125000001,182.7503,90.0662
787,snn,nsson,jetson_emulator,30,local,0.4218176531961227,58.4453,42.2298,58.4453,60.7839,68.0682,112.06483125000001,112.06483125000001,182.8466,90.0536
788,snn,nsson,jetson_emulator,30,offload,0.4174132475347174,58.3477,41.6933,41.6933,43.7137,75.5591,112.06483125000001,112.06483125000001,181.3397,90.1226
789,snn,nsson,jetson_emulator,30,offload,0.417094534520576,58.5593,42.2468,42.2468,43.1193,75.3656,112.06483125000001,112.06483125000001,181.4352,90.117
790,snn,nsson,jetson_emulator,30,offload,0.42697867652093086,58.497,42.1895,42.1895,44.3607,75.3856,112.06483125000001,112.06483125000001,181.5307,90.0853
791,snn,nsson,jetson_emulator,30,local,0.43186368482246257,58.7981,41.9872,58.7981,60.5823,67.965,112.06483125000001,112.06483125000001,183.2319,90.1564
792,snn,nsson,jetson_emulator,30,offload,0.43108868359864166,58.6274,42.1448,42.1448,44.2907,75.4012,112.06483125000001,112.06483125000001,181.7217,90.1052
793,snn,nsson,jetson_emulator,30,local,0.42667294298422526,58.9086,42.6579,58.9086,60.4809,67.9327,112.06483125000001,112.06483125000001,183.4246,90.0664
794,snn,nsson,jetson_emulator,30,offload,0.42082113849931907,59.1119,43.0243,43.0243,44.9747,75.0954,112.06483125000001,112.06483125000001,181.9126,90.1382
795,snn,nsson,jetson_emulator,30,local,0.4238396691651627,59.6289,42.7312,59.6289,61.776,67.7231,112.06483125000001,112.06483125000001,183.6172,90.126
796,snn,nsson,jetson_emulator,30,offload,0.432521913488723,59.8313,42.7314,42.7314,44.9769,75.197,112.06483125000001,112.06483125000001,182.1036,89.994
797,snn,nsson,jetson_emulator,30,local,0.43043678148083153,59.1188,42.8942,59.1188,61.4158,67.8714,112.06483125000001,112.06483125000001,183.8099,90.1185
798,snn,nsson,jetson_emulator,30,local,0.4342801532841852,59.489,43.2109,59.489,61.2586,67.7638,112.06483125000001,112.06483125000001,183.9062,90.094
799,snn,nsson,jetson_emulator,30,offload,0.4290158886233969,59.5104,42.2153,42.2153,44.1253,75.3766,112.06483125000001,112.06483125000001,182.3901,90.2143
800,snn,nsson,jetson_emulator,30,local,0.4239391847411252,59.5345,42.2536,59.5345,61.185,67.7505,112.06483125000001,112.06483125000001,184.0989,90.1029
801,snn,nsson,jetson_emulator,30,local,0.4244718441073988,60.2069,42.5211,60.2069,62.5831,67.5559,112.06483125000001,112.06483125000001,184.1952,90.1833
802,snn,nsson,jetson_emulator,30,offload,0.42188944378165333,59.5226,42.8583,42.8583,45.4211,75.1529,112.06483125000001,112.06483125000001,182.6765,90.164
803,snn,nsson,jetson_emulator,30,local,0.4250983315080035,60.1962,43.0397,60.1962,62.1755,67.559,112.06483125000001,112.06483125000001,184.3879,90.1568
804,snn,nsson,jetson_emulator,30,offload,0.418099074696349,59.4311,42.4397,42.4397,44.4864,75.2984,112.06483125000001,112.06483125000001,182.8675,90.1003
805,snn,nsson,jetson_emulator,30,local,0.4127985593888781,60.2167,43.6571,60.2167,61.7895,67.5531,112.06483125000001,112.06483125000001,184.5805,90.1866
806,snn,nsson,jetson_emulator,30,local,0.41066186194689813,59.7767,42.5698,59.7767,61.4277,67.6803,112.06483125000001,112.06483125000001,184.6769,90.0547
807,snn,nsson,jetson_emulator,30,offload,0.41089625497101356,59.7194,43.0545,43.0545,44.9425,75.0849,112.06483125000001,112.06483125000001,183.154,90.0847
808,snn,nsson,jetson_emulator,30,local,0.41130885156246205,61.1351,43.2766,61.1351,62.4871,67.2891,112.06483125000001,112.06483125000001,184.8695,90.1627
809,snn,nsson,jetson_emulator,30,local,0.412098029920084,60.9363,43.694,60.9363,63.5033,67.346,112.06483125000001,112.06483125000001,184.9659,90.1347
810,snn,nsson,jetson_emulator,30,offload,0.40665653463479007,59.8795,43.0904,43.0904,44.4353,75.0725,112.06483125000001,112.06483125000001,183.4404,90.0178
811,snn,nsson,jetson_emulator,30,offload,0.41386025885460886,60.4481,43.8123,43.8123,45.7303,74.8235,112.06483125000001,112.06483125000001,183.5359,90.0978
812,snn,nsson,jetson_emulator,30,local,0.41413524142995123,60.1181,44.6945,60.1181,62.2791,67.5815,112.06483125000001,112.06483125000001,185.2549,90.1868
813,snn,nsson,jetson_emulator,30,local,0.4087737344904589,60.6619,43.7275,60.6619,62.5582,67.4248,112.06483125000001,112.06483125000001,185.3512,90.1139
814,snn,nsson,jetson_emulator,30,local,0.40543972644020004,60.2816,43.221,60.2816,61.9627,67.5344,112.06483125000001,112.06483125000001,185.4475,90.0796
815,snn,nsson,jetson_emulator,30,local,0.4075791096256331,60.3865,44.2013,60.3865,62.0417,67.5041,112.06483125000001,112.06483125000001,185.5439,90.1555
816,snn,nsson,jetson_emulator,30,local,0.40539786761937846,61.3887,43.1888,61.3887,62.9654,67.2165,112.06483125000001,112.06483125000001,185.6402,90.0065
817,snn,nsson,jetson_emulator,30,offload,0.4049551240697931,61.223,44.1741,44.1741,45.1828,74.6994,112.06483125000001,112.06483125000001,184.1088,90.1104
818,snn,nsson,jetson_emulator,30,offload,0.4085130368239284,60.8467,44.2368,44.2368,45.8692,74.6779,112.06483125000001,112.06483125000001,184.2043,90.0845
819,snn,nsson,jetson_emulator,30,offload,0.41509602710342414,60.8511,43.837,43.837,45.1784,74.815,112.06483125000001,112.06483125000001,184.2998,90.1322
820,snn,nsson,jetson_emulator,30,local,0.41548214123720884,61.2989,43.767,61.2989,62.9569,67.2422,112.06483125000001,112.06483125000001,186.0255,90.0885
821,snn,nsson,jetson_emulator,30,offload,0.41588896908499967,61.3621,44.294,44.294,46.0551,74.6583,112.06483125000001,112.06483125000001,184.4908,90.0457
822,snn,nsson,jetson_emulator,30,offload,0.4235401886666059,61.5271,43.7284,43.7284,45.8788,74.8524,112.06483125000001,112.06483125000001,184.5863,90.1001
823,snn,nsson,jetson_emulator,30,offload,0.4241079921156654,61.176,44.1989,44.1989,45.706,74.6909,112.06483125000001,112.06483125000001,184.6818,90.1491
824,snn,nsson,jetson_emulator,30,offload,0.4282006490334831,62.0275,43.9301,43.9301,45.8402,74.783,112.06483125000001,112.06483125000001,184.7772,90.1272
825,snn,nsson,jetson_emulator,30,local,0.43391238941983523,61.8764,43.9262,61.8764,62.7206,67.0775,112.06483125000001,112.06483125000001,186.5072,90.0702
826,snn,nsson,jetson_emulator,30,local,0.43255077442647494,62.1871,43.9847,62.1871,64.2374,66.9892,112.06483125000001,112.06483125000001,186.6035,90.0786
827,snn,nsson,jetson_emulator,30,offload,0.43935614150684116,61.6889,44.2438,44.2438,45.9139,74.6755,112.06483125000001,112.06483125000001,185.0637,90.0379
828,snn,nsson,jetson_emulator,30,local,0.4362650339022287,62.0066,44.3668,62.0066,63.804,67.0404,112.06483125000001,112.06483125000001,186.7962,90.1347
829,snn,nsson,jetson_emulator,30,offload,0.42769503322025415,62.0496,45.1744,45.1744,47.1223,74.3582,112.06483125000001,112.06483125000001,185.2547,90.0131
830,snn,nsson,jetson_emulator,30,offload,0.43345105164933256,61.9196,44.826,44.826,46.6446,74.4767,112.06483125000001,112.06483125000001,185.3502,90.0744
831,snn,nsson,jetson_emulator,30,offload,0.43676432980387714,62.2741,45.0163,45.0163,46.9307,74.4119,112.06483125000001,112.06483125000001,185.4456,90.1112
832,snn,nsson,jetson_emulator,30,offload,0.4397961372832926,62.1714,44.8877,44.8877,47.3967,74.4557,112.06483125000001,112.06483125000001,185.5411,90.1545
833,snn,nsson,jetson_emulator,30,offload,0.43755248255421075,62.2751,46.1715,46.1715,47.7957,74.0212,112.06483125000001,112.06483125000001,185.6366,90.0709
834,snn,nsson,jetson_emulator,30,local,0.4425721583574772,63.0069,45.742,63.0069,65.3848,66.7573,112.06483125000001,112.06483125000001,187.3741,90.1062
835,snn,nsson,jetson_emulator,30,offload,0.456649597326598,62.8127,45.0667,45.0667,46.5253,74.3948,112.06483125000001,112.06483125000001,185.8276,90.1
836,snn,nsson,jetson_emulator,30,local,0.4637622564982636,63.1096,44.8239,63.1096,64.4428,66.7284,112.06483125000001,112.06483125000001,187.5668,90.2149
837,snn,nsson,jetson_emulator,30,local,0.4666204101703685,63.122,45.1128,63.122,64.2505,66.7249,112.06483125000001,112.06483125000001,187.6631,90.0758
838,snn,nsson,jetson_emulator,30,local,0.46315686289699937,63.1944,45.3223,63.1944,64.8799,66.7045,112.06483125000001,112.06483125000001,187.7595,90.0578
839,snn,nsson,jetson_emulator,30,local,0.46441233756282296,62.986,46.8108,62.986,65.5313,66.7632,112.06483125000001,112.06483125000001,187.8558,90.135
840,snn,nsson,jetson_emulator,30,local,0.46408148119438036,63.2257,45.7327,63.2257,65.1193,66.6957,112.06483125000001,112.06483125000001,187.9521,90.0626
841,snn,nsson,jetson_emulator,30,local,0.4690838292457419,63.3002,47.2126,63.3002,65.1346,66.6747,112.06483125000001,112.06483125000001,188.0485,90.0674
842,snn,nsson,jetson_emulator,30,local,0.4615492029282887,64.6704,45.2998,64.6704,67.0934,66.2917,112.06483125000001,112.06483125000001,188.1448,90.0994
843,snn,nsson,jetson_emulator,30,offload,0.4665398218740854,63.7291,45.4512,45.4512,46.7778,74.2644,112.06483125000001,112.06483125000001,186.5915,90.1052
844,snn,nsson,jetson_emulator,30,offload,0.4618204511931692,63.629,45.9056,45.9056,47.5093,74.1108,112.06483125000001,112.06483125000001,186.687,90.1026
845,snn,nsson,jetson_emulator,30,local,0.45979285865468533,64.0433,45.7345,64.0433,66.8634,66.4665,112.06483125000001,112.06483125000001,188.4338,90.0818
846,snn,nsson,jetson_emulator,30,offload,0.45978855833821974,64.0185,45.8105,45.8105,47.7151,74.1429,112.06483125000001,112.06483125000001,186.8779,90.1473
847,snn,nsson,jetson_emulator,30,local,0.46091644310818497,64.5232,46.5304,64.5232,66.2714,66.3327,112.06483125000001,112.06483125000001,188.6264,90.0596
848,snn,nsson,jetson_emulator,30,offload,0.4507859989822277,64.9719,46.1525,46.1525,48.3221,74.0276,112.06483125000001,112.06483125000001,187.0689,90.0208
849,snn,nsson,jetson_emulator,30,offload,0.4490001259305564,64.524,46.8353,46.8353,48.5531,73.7986,112.06483125000001,112.06483125000001,187.1644,90.1568
850,snn,nsson,jetson_emulator,30,local,0.4569987676293356,65.0481,46.7483,65.0481,67.083,66.1869,112.06483125000001,112.06483125000001,188.9154,90.045
851,snn,nsson,jetson_emulator,30,offload,0.4582373201370297,64.6471,47.2031,47.2031,48.866,73.6758,112.06483125000001,112.06483125000001,187.3554,90.0413
852,snn,nsson,jetson_emulator,30,local,0.4532499467005561,64.7494,46.8764,64.7494,67.2838,66.2698,112.06483125000001,112.06483125000001,189.1081,90.0767
853,snn,nsson,jetson_emulator,30,offload,0.4504456740817522,65.6189,47.5719,47.5719,49.4844,73.5531,112.06483125000001,112.06483125000001,187.5464,90.0376
854,snn,nsson,jetson_emulator,30,offload,0.4550557108023626,65.34,46.7087,46.7087,49.0792,73.841,112.06483125000001,112.06483125000001,187.6418,90.0853
855,snn,nsson,jetson_emulator,30,local,0.45042313556002855,65.9868,47.3654,65.9868,67.9884,65.9279,112.06483125000001,112.06483125000001,189.3971,90.0844
856,snn,nsson,jetson_emulator,30,local,0.46593269097953294,65.575,47.4429,65.575,67.2423,66.0413,112.06483125000001,112.06483125000001,189.4934,90.1095
857,snn,nsson,jetson_emulator,30,offload,0.47195852839889346,65.4348,46.7034,46.7034,47.7763,73.8427,112.06483125000001,112.06483125000001,187.9283,90.1077
858,snn,nsson,jetson_emulator,30,offload,0.4719345608485645,65.5275,47.4856,47.4856,49.3424,73.5818,112.06483125000001,112.06483125000001,188.0238,90.0115
859,snn,nsson,jetson_emulator,30,local,0.46521290665408466,65.8145,47.4094,65.8145,66.1438,65.9753,112.06483125000001,112.06483125000001,189.7824,90.0427
860,snn,nsson,jetson_emulator,30,offload,0.45650213134977063,66.2733,47.1603,47.1603,48.137,73.6901,112.06483125000001,112.06483125000001,188.2148,90.0551
861,snn,nsson,jetson_emulator,30,offload,0.46354123815954923,65.8556,47.1811,47.1811,49.2984,73.6831,112.06483125000001,112.06483125000001,188.3102,90.1633
862,snn,nsson,jetson_emulator,30,offload,0.46477689916754505,66.0784,47.8831,47.8831,49.5169,73.4498,112.06483125000001,112.06483125000001,188.4057,90.1369
863,snn,nsson,jetson_emulator,30,offload,0.46167588395286346,66.3354,49.2655,49.2655,51.6542,72.9948,112.06483125000001,112.06483125000001,188.5012,90.1708
864,snn,nsson,jetson_emulator,30,offload,0.45388337149414937,66.2558,47.5653,47.5653,49.0286,73.5553,112.06483125000001,112.06483125000001,188.5967,90.0582
865,snn,nsson,jetson_emulator,30,local,0.45735191160609634,67.0566,48.23,67.0566,68.8285,65.6351,112.06483125000001,112.06483125000001,190.3604,90.0694
866,snn,nsson,jetson_emulator,30,offload,0.4509674151172228,66.9562,47.8158,47.8158,49.3331,73.4722,112.06483125000001,112.06483125000001,188.7877,90.1521
867,snn,nsson,jetson_emulator,30,offload,0.451387219696376,66.5839,48.1774,48.1774,50.1775,73.3525,112.06483125000001,112.06483125000001,188.8832,90.1303
868,snn,nsson,jetson_emulator,30,offload,0.4481562077856074,66.7069,48.0913,48.0913,49.2217,73.381,112.06483125000001,112.06483125000001,188.9787,90.1227
869,snn,nsson,jetson_emulator,30,offload,0.4514805345054182,67.7685,48.6355,48.6355,51.1851,73.2015,112.06483125000001,112.06483125000001,189.0741,90.1861
870,snn,nsson,jetson_emulator,30,local,0.44452028900466395,67.0069,49.3327,67.0069,68.8115,65.6487,112.06483125000001,112.06483125000001,190.8421,90.0845
871,snn,nsson,jetson_emulator,30,offload,0.4333709838634506,68.3729,49.5995,49.5995,51.3857,72.8857,112.06483125000001,112.06483125000001,189.2651,90.119
872,snn,nsson,jetson_emulator,30,offload,0.4381550376675579,67.6097,48.6316,48.6316,50.5577,73.2028,112.06483125000001,112.06483125000001,189.3606,90.0949
873,snn,nsson,jetson_emulator,30,offload,0.43687164892981933,68.3993,49.331,49.331,51.0715,72.9734,112.06483125000001,112.06483125000001,189.4561,90.1003
874,snn,nsson,jetson_emulator,30,local,0.4500812761011269,68.0201,48.2542,68.0201,69.425,65.3737,112.06483125000001,112.06483125000001,191.2274,90.116
875,snn,nsson,jetson_emulator,30,local,0.4433821221731874,68.2206,48.7956,68.2206,69.9953,65.3195,112.06483125000001,112.06483125000001,191.3237,90.0201
876,snn,nsson,jetson_emulator,30,offload,0.44402919327392076,67.5959,49.8345,49.8345,52.048,72.8091,112.06483125000001,112.06483125000001,189.7425,90.1156
877,snn,nsson,jetson_emulator,30,offload,0.4420557321631921,67.9747,48.6627,48.6627,50.2135,73.1925,112.06483125000001,112.06483125000001,189.838,90.0832
878,snn,nsson,jetson_emulator,30,offload,0.4408970929440121,68.4696,49.0414,49.0414,50.794,73.0682,112.06483125000001,112.06483125000001,189.9335,90.1638
879,snn,nsson,jetson_emulator,30,offload,0.4398013904486429,68.0866,48.6617,48.6617,50.3562,73.1929,112.06483125000001,112.06483125000001,190.029,90.1045
880,snn,nsson,jetson_emulator,30,local,0.43929953538765215,69.677,49.6078,69.677,71.9973,64.9289,112.06483125000001,112.06483125000001,191.8054,90.086
881,snn,nsson,jetson_emulator,30,offload,0.4454417865544676,68.3117,50.9015,50.9015,52.4347,72.4635,112.06483125000001,112.06483125000001,190.22,90.1238
882,snn,nsson,jetson_emulator,30,local,0.44135979884686233,68.5766,49.0246,68.5766,70.5467,65.2236,112.06483125000001,112.06483125000001,191.998,90.1321
883,snn,nsson,jetson_emulator,30,offload,0.4266538414478386,69.527,49.3849,49.3849,51.7909,72.9557,112.06483125000001,112.06483125000001,190.411,90.1429
884,snn,nsson,jetson_emulator,30,local,0.4284204300506915,68.6293,49.9537,68.6293,70.4868,65.2094,112.06483125000001,112.06483125000001,192.1907,90.0547
885,snn,nsson,jetson_emulator,30,offload,0.4363189282341833,68.7333,50.5546,50.5546,53.279,72.5755,112.06483125000001,112.06483125000001,190.6019,90.1264
886,snn,nsson,jetson_emulator,30,offload,0.42999015519914663,69.3907,49.5126,49.5126,52.1056,72.914,112.06483125000001,112.06483125000001,190.6974,90.1257
887,snn,nsson,jetson_emulator,30,local,0.4203491084685441,69.4209,49.8154,69.4209,72.1272,64.9973,112.06483125000001,112.06483125000001,192.4797,90.1587
888,snn,nsson,jetson_emulator,30,offload,0.41494677505621974,69.3552,49.9692,49.9692,52.0363,72.7653,112.06483125000001,112.06483125000001,190.8884,90.1025
889,snn,nsson,jetson_emulator,30,offload,0.4147513082500528,69.3699,50.0843,50.0843,51.2527,72.7279,112.06483125000001,112.06483125000001,190.9839,90.0967
890,snn,nsson,jetson_emulator,30,local,0.4117675781061658,69.7583,49.9448,69.7583,71.5304,64.9072,112.06483125000001,112.06483125000001,192.7687,90.1134
891,snn,nsson,jetson_emulator,30,offload,0.4149706670066723,69.9525,50.0983,50.0983,52.2345,72.7234,112.06483125000001,112.06483125000001,191.1748,90.0725
892,snn,nsson,jetson_emulator,30,offload,0.40995095823851696,69.6003,51.5284,51.5284,53.1252,72.2619,112.06483125000001,112.06483125000001,191.2703,90.0978
893,snn,nsson,jetson_emulator,30,local,0.4125492255952098,69.9258,50.4469,69.9258,71.4622,64.8626,112.06483125000001,112.06483125000001,193.0577,90.0681
894,snn,nsson,jetson_emulator,30,offload,0.4225109427970405,70.0027,50.14,50.14,52.7087,72.7098,112.06483125000001,112.06483125000001,191.4613,90.086
895,snn,nsson,jetson_emulator,30,local,0.4158134302765001,69.6648,50.4191,69.6648,71.4964,64.9321,112.06483125000001,112.06483125000001,193.2503,90.0865
896,snn,nsson,jetson_emulator,30,offload,0.4228437700794671,70.3683,49.9261,49.9261,50.8916,72.7793,112.06483125000001,112.06483125000001,191.6523,90.1403
897,snn,nsson,jetson_emulator,30,local,0.4204273029673876,70.5711,50.5354,70.5711,71.7615,64.6914,112.06483125000001,112.06483125000001,193.443,90.1551
898,snn,nsson,jetson_emulator,30,offload,0.42186280704785095,70.6523,50.1846,50.1846,51.9358,72.6953,112.06483125000001,112.06483125000001,191.8433,90.1393
899,snn,nsson,jetson_emulator,30,local,0.41354186854966685,70.5843,51.7394,70.5843,73.0546,64.6879,112.06483125000001,112.06483125000001,193.6356,90.0939
900,snn,nsson,jetson_emulator,30,offload,0.41523799480625206,70.8725,50.4127,50.4127,52.1877,72.6214,112.06483125000001,112.06483125000001,192.0342,90.1191
901,snn,nsson,jetson_emulator,30,local,0.4069353581021126,70.3849,51.2161,70.3849,72.8935,64.7407,112.06483125000001,112.06483125000001,193.8283,90.1248
902,snn,nsson,jetson_emulator,30,offload,0.40633279466898703,70.5134,50.307,50.307,50.8924,72.6556,112.06483125000001,112.06483125000001,192.2252,90.1091
903,snn,nsson,jetson_emulator,30,offload,0.4117017441161417,70.8393,51.389,51.389,52.5579,72.3066,112.06483125000001,112.06483125000001,192.3207,90.0916
904,snn,nsson,jetson_emulator,30,offload,0.4206325847282321,71.0068,51.2625,51.2625,53.0761,72.3472,112.06483125000001,112.06483125000001,192.4162,90.1749
905,snn,nsson,jetson_emulator,30,offload,0.41709770849316974,70.7852,51.6675,51.6675,53.6108,72.2173,112.06483125000001,112.06483125000001,192.5117,90.1273
906,snn,nsson,jetson_emulator,30,offload,0.4186391089895532,71.3993,51.5015,51.5015,53.8956,72.2705,112.06483125000001,112.06483125000001,192.6071,90.0685
907,snn,nsson,jetson_emulator,30,offload,0.42081640378357776,71.2422,50.793,50.793,52.3485,72.4985,112.06483125000001,112.06483125000001,192.7026,90.0634
908,snn,nsson,jetson_emulator,30,offload,0.41954613464442436,71.3111,51.1305,51.1305,52.7689,72.3897,112.06483125000001,112.06483125000001,192.7981,90.1019
909,snn,nsson,jetson_emulator,30,offload,0.41431333838142825,70.9622,50.6882,50.6882,52.7941,72.5323,112.06483125000001,112.06483125000001,192.8936,90.1065
910,snn,nsson,jetson_emulator,30,offload,0.4218385022008533,71.1527,51.2258,51.2258,52.2701,72.3591,112.06483125000001,112.06483125000001,192.9891,90.1163
911,snn,nsson,jetson_emulator,30,local,0.42150159485628663,71.1669,50.8138,71.1669,72.9053,64.5341,112.06483125000001,112.06483125000001,194.7916,90.1359
912,snn,nsson,jetson_emulator,30,offload,0.4210055298994295,71.713,51.7196,51.7196,53.9342,72.2007,112.06483125000001,112.06483125000001,193.1801,90.1044
913,snn,nsson,jetson_emulator,30,local,0.42470533425923124,71.7274,50.9564,71.7274,73.5738,64.3868,112.06483125000001,112.06483125000001,194.9843,90.1325
914,snn,nsson,jetson_emulator,30,local,0.41993449393861976,71.3611,51.033,71.3611,73.0132,64.483,112.06483125000001,112.06483125000001,195.0806,90.1675
915,snn,nsson,jetson_emulator,30,local,0.42338252168948687,71.3834,51.0618,71.3834,72.9068,64.4771,112.06483125000001,112.06483125000001,195.1769,90.1417
916,snn,nsson,jetson_emulator,30,offload,0.4249791992893539,71.6272,51.3544,51.3544,53.8047,72.3177,112.06483125000001,112.06483125000001,193.562,90.109
917,snn,nsson,jetson_emulator,30,local,0.42505807171054666,71.6992,51.4919,71.6992,73.4218,64.3942,112.06483125000001,112.06483125000001,195.3696,90.082
918,snn,nsson,jetson_emulator,30,offload,0.42280603214034246,71.7309,51.4602,51.4602,52.6755,72.2838,112.06483125000001,112.06483125000001,193.753,90.0176
919,snn,nsson,jetson_emulator,30,offload,0.41730754053485664,72.2091,51.1557,51.1557,53.4287,72.3816,112.06483125000001,112.06483125000001,193.8485,90.0093
920,snn,nsson,jetson_emulator,30,offload,0.4268868428489714,72.7636,51.7068,51.7068,53.6354,72.2047,112.06483125000001,112.06483125000001,193.944,90.0607
921,snn,nsson,jetson_emulator,30,offload,0.4213887259801745,71.7577,51.7497,51.7497,53.7899,72.191,112.06483125000001,112.06483125000001,194.0394,90.0875
922,snn,nsson,jetson_emulator,30,local,0.41404031681585346,72.1522,51.8945,72.1522,74.0572,64.2756,112.06483125000001,112.06483125000001,195.8513,90.1736
923,snn,nsson,jetson_emulator,30,local,0.4126002515085597,71.7962,51.9713,71.7962,73.3844,64.3688,112.06483125000001,112.06483125000001,195.9476,90.1271
924,snn,nsson,jetson_emulator,30,offload,0.4017592496010664,72.2206,52.2309,52.2309,53.7975,72.0374,112.06483125000001,112.06483125000001,194.3259,90.1106
925,snn,nsson,jetson_emulator,30,offload,0.4029810690917013,72.4663,51.4752,51.4752,53.3434,72.2789,112.06483125000001,112.06483125000001,194.4214,90.1924
926,snn,nsson,jetson_emulator,30,local,0.40890566091365577,72.1995,52.5236,72.1995,73.8475,64.2633,112.06483125000001,112.06483125000001,196.2366,90.1028
927,snn,nsson,jetson_emulator,30,offload,0.4119643210898203,72.0128,51.5434,51.5434,53.2274,72.2571,112.06483125000001,112.06483125000001,194.6124,90.0874
928,snn,nsson,jetson_emulator,30,local,0.40953609636526456,72.489,51.7364,72.489,73.8674,64.1877,112.06483125000001,112.06483125000001,196.4292,90.0513
929,snn,nsson,jetson_emulator,30,local,0.4054659231034163,72.1156,52.5681,72.1156,73.6677,64.2852,112.06483125000001,112.06483125000001,196.5256,90.156
930,snn,nsson,jetson_emulator,30,offload,0.4123459837387632,72.1286,51.7922,51.7922,54.509,72.1774,112.06483125000001,112.06483125000001,194.8988,90.1047
931,snn,nsson,jetson_emulator,30,offload,0.4159135910979182,72.6154,52.2767,52.2767,54.7993,72.0228,112.06483125000001,112.06483125000001,194.9943,90.1165
932,snn,nsson,jetson_emulator,30,local,0.4165057144148475,72.2097,52.1917,72.2097,74.7548,64.2606,112.06483125000001,112.06483125000001,196.8146,90.1882
933,snn,nsson,jetson_emulator,30,local,0.39691491901939047,72.37,51.8513,72.37,74.0521,64.2188,112.06483125000001,112.06483125000001,196.9109,90.1637
934,snn,nsson,jetson_emulator,30,offload,0.3989766913170595,73.7848,51.7101,51.7101,53.4662,72.2037,112.06483125000001,112.06483125000001,195.2808,90.0892
935,snn,nsson,jetson_emulator,30,offload,0.401487666605634,73.4487,52.3733,52.3733,54.6036,71.992,112.06483125000001,112.06483125000001,195.3763,90.0997
936,snn,nsson,jetson_emulator,30,local,0.40581345282110437,72.3346,52.9623,72.3346,74.0085,64.228,112.06483125000001,112.06483125000001,197.1999,90.1526
937,snn,nsson,jetson_emulator,30,local,0.4088929647875471,72.7789,52.2635,72.7789,75.2572,64.1123,112.06483125000001,112.06483125000001,197.2962,90.1085
938,snn,nsson,jetson_emulator,30,local,0.4092020243084069,72.5175,51.8577,72.5175,74.4444,64.1803,112.06483125000001,112.06483125000001,197.3925,90.1597
939,snn,nsson,jetson_emulator,30,local,0.40833482613536365,72.7922,52.0088,72.7922,73.8824,64.1088,112.06483125000001,112.06483125000001,197.4889,90.1432
940,snn,nsson,jetson_emulator,30,offload,0.4023999849162367,74.5398,51.995,51.995,54.4102,72.1126,112.06483125000001,112.06483125000001,195.8537,90.0184
941,snn,nsson,jetson_emulator,30,local,0.39373384911629666,72.5444,51.8869,72.5444,74.4397,64.1733,112.06483125000001,112.06483125000001,197.6815,90.0733
942,snn,nsson,jetson_emulator,30,offload,0.4084341340728,72.7963,51.8804,51.8804,53.6415,72.1492,112.06483125000001,112.06483125000001,196.0447,90.0832
943,snn,nsson,jetson_emulator,30,local,0.4172424947113858,72.5223,52.8589,72.5223,74.7438,64.179,112.06483125000001,112.06483125000001,197.8742,90.0734
944,snn,nsson,jetson_emulator,30,local,0.4172790968012141,72.8682,52.1074,72.8682,75.2414,64.0891,112.06483125000001,112.06483125000001,197.9705,90.157
945,snn,nsson,jetson_emulator,30,local,0.41821229964527623,72.4863,52.032,72.4863,74.3629,64.1884,112.06483125000001,112.06483125000001,198.0669,90.0376
946,snn,nsson,jetson_emulator,30,local,0.41611473505446017,73.8435,52.016,73.8435,75.9037,63.8367,112.06483125000001,112.06483125000001,198.1632,90.1522
947,snn,nsson,jetson_emulator,30,offload,0.42077212033122174,73.1111,51.9216,51.9216,54.4863,72.1361,112.06483125000001,112.06483125000001,196.5221,90.0486
948,snn,nsson,jetson_emulator,30,local,0.42074740788693693,72.5896,53.0828,72.5896,75.1191,64.1615,112.06483125000001,112.06483125000001,198.3559,90.1284
949,snn,nsson,jetson_emulator,30,offload,0.4221300185085239,72.963,52.7001,52.7001,54.1057,71.8882,112.06483125000001,112.06483125000001,196.7131,90.1399
950,snn,nsson,jetson_emulator,30,offload,0.4172852681296641,72.5245,51.9183,51.9183,54.3282,72.1371,112.06483125000001,112.06483125000001,196.8086,90.1234
951,snn,nsson,jetson_emulator,30,offload,0.42942068890370144,72.5317,52.2916,52.2916,53.9893,72.018,112.06483125000001,112.06483125000001,196.904,90.1968
952,snn,nsson,jetson_emulator,30,local,0.4277349311759042,73.5135,52.3788,73.5135,75.9974,63.9219,112.06483125000001,112.06483125000001,198.7412,90.0981
953,snn,nsson,jetson_emulator,30,local,0.42937844352365473,72.8907,52.1401,72.8907,75.1407,64.0832,112.06483125000001,112.06483125000001,198.8375,90.0972
954,snn,nsson,jetson_emulator,30,offload,0.42145604236116285,72.7465,53.1423,53.1423,54.7429,71.7481,112.06483125000001,112.06483125000001,197.1905,90.0927
955,snn,nsson,jetson_emulator,30,offload,0.4199530610107816,73.7929,52.185,52.185,54.3056,72.052,112.06483125000001,112.06483125000001,197.286,90.06
956,snn,nsson,jetson_emulator,30,offload,0.4129247395911141,72.5716,52.9859,52.9859,54.8826,71.7976,112.06483125000001,112.06483125000001,197.3815,90.1593
957,snn,nsson,jetson_emulator,30,offload,0.40747803646927766,72.5338,53.8003,53.8003,55.1768,71.5408,112.06483125000001,112.06483125000001,197.477,90.1211
958,snn,nsson,jetson_emulator,30,local,0.4067372247391705,72.6314,52.0569,72.6314,74.6847,64.1507,112.06483125000001,112.06483125000001,199.3192,90.1326
959,snn,nsson,jetson_emulator,30,offload,0.4035573558005997,72.999,51.9865,51.9865,54.4248,72.1153,112.06483125000001,112.06483125000001,197.6679,90.1932
960,snn,nsson,jetson_emulator,30,local,0.39520550515338676,72.9221,52.7045,72.9221,75.273,64.0751,112.06483125000001,112.06483125000001,199.5118,90.1812
961,snn,nsson,jetson_emulator,30,offload,0.39221526896798026,72.8574,51.9882,51.9882,54.2102,72.1148,112.06483125000001,112.06483125000001,197.8589,90.1528
962,snn,nsson,jetson_emulator,30,offload,0.40614454846647585,72.6442,52.2618,52.2618,54.1058,72.0275,112.06483125000001,112.06483125000001,197.9544,90.0933
963,snn,nsson,jetson_emulator,30,offload,0.40864159685077145,73.3162,52.5511,52.5511,54.4681,71.9355,112.06483125000001,112.06483125000001,198.0499,90.0205
964,snn,nsson,jetson_emulator,30,local,0.4113824584305715,72.7882,52.5198,72.7882,75.4651,64.1099,112.06483125000001,112.06483125000001,199.8971,90.1913
965,snn,nsson,jetson_emulator,30,local,0.4089121639409733,72.4406,52.6499,72.4406,73.4524,64.2003,112.06483125000001,112.06483125000001,199.9935,90.0906
966,snn,nsson,jetson_emulator,30,local,0.3991302431212351,72.676,52.034,72.676,74.7957,64.1391,112.06483125000001,112.06483125000001,200.0898,89.9878
967,snn,nsson,jetson_emulator,30,offload,0.4016972418313465,72.7662,52.3859,52.3859,54.2636,71.988,112.06483125000001,112.06483125000001,198.4318,90.0091
968,snn,nsson,jetson_emulator,30,offload,0.40042756939375673,73.6186,53.3962,53.3962,54.327,71.668,112.06483125000001,112.06483125000001,198.5273,90.1674
969,snn,nsson,jetson_emulator,30,offload,0.40399480027438117,72.4774,52.423,52.423,53.5814,71.9762,112.06483125000001,112.06483125000001,198.6228,90.132
970,snn,nsson,jetson_emulator,30,local,0.39807973597674345,72.3801,52.8597,72.3801,74.4174,64.2161,112.06483125000001,112.06483125000001,200.4751,90.0459
971,snn,nsson,jetson_emulator,30,offload,0.4095924293439161,72.9404,51.9214,51.9214,54.1484,72.1361,112.06483125000001,112.06483125000001,198.8138,90.1237
972,snn,nsson,jetson_emulator,30,offload,0.4091825496110197,72.6846,51.9385,51.9385,53.7559,72.1306,112.06483125000001,112.06483125000001,198.9093,90.1243
973,snn,nsson,jetson_emulator,30,offload,0.4029251395766005,72.3092,52.8029,52.8029,55.7622,71.8556,112.06483125000001,112.06483125000001,199.0048,89.9792
974,snn,nsson,jetson_emulator,30,offload,0.3973508625195298,72.4017,52.5149,52.5149,54.4398,71.947,112.06483125000001,112.06483125000001,199.1002,90.1783
975,snn,nsson,jetson_emulator,30,offload,0.40168159339808723,73.8743,51.6781,51.6781,53.1403,72.2139,112.06483125000001,112.06483125000001,199.1957,90.1413
976,snn,nsson,jetson_emulator,30,local,0.40163176161878705,72.963,52.0163,72.963,75.1933,64.0645,112.06483125000001,112.06483125000001,201.0531,90.1339
977,snn,nsson,jetson_emulator,30,local,0.3977477965517849,72.7402,51.9519,72.7402,74.6034,64.1223,112.06483125000001,112.06483125000001,201.1494,90.0938
978,snn,nsson,jetson_emulator,30,offload,0.3925789857060129,73.5579,51.7741,51.7741,53.9818,72.1832,112.06483125000001,112.06483125000001,199.4822,90.1033
979,snn,nsson,jetson_emulator,30,offload,0.3950637336782683,72.3936,52.205,52.205,53.4766,72.0456,112.06483125000001,112.06483125000001,199.5777,90.128
980,snn,nsson,jetson_emulator,30,local,0.3935765140922191,72.8945,53.3783,72.8945,74.5469,64.0823,112.06483125000001,112.06483125000001,201.4384,90.073
981,snn,nsson,jetson_emulator,30,offload,0.3941217654181131,72.6308,51.768,51.768,53.708,72.1852,112.06483125000001,112.06483125000001,199.7686,90.1027
982,snn,nsson,jetson_emulator,30,local,0.40684422769036177,72.027,52.6179,72.027,74.2212,64.3083,112.06483125000001,112.06483125000001,201.6311,90.1379
983,snn,nsson,jetson_emulator,30,offload,0.4103985118070661,72.1776,52.1974,52.1974,54.9708,72.0481,112.06483125000001,112.06483125000001,199.9596,90.1341
984,snn,nsson,jetson_emulator,30,local,0.4131518873323802,72.2733,52.0132,72.2733,73.22,64.244,112.06483125000001,112.06483125000001,201.8238,90.1072
985,snn,nsson,jetson_emulator,30,local,0.41380002444594643,71.9735,52.6874,71.9735,73.7668,64.3223,112.06483125000001,112.06483125000001,201.9201,90.0141
986,snn,nsson,jetson_emulator,30,offload,0.4080431647020298,72.4363,51.9879,51.9879,53.6873,72.1149,112.06483125000001,112.06483125000001,200.2461,90.0366
987,snn,nsson,jetson_emulator,30,offload,0.40815462835835503,71.9172,52.3545,52.3545,54.3863,71.998,112.06483125000001,112.06483125000001,200.3416,90.0977
988,snn,nsson,jetson_emulator,30,offload,0.41325006596746133,72.0509,51.3598,51.3598,52.7969,72.316,112.06483125000001,112.06483125000001,200.4371,90.1567
989,snn,nsson,jetson_emulator,30,local,0.4053018221943929,72.0831,51.9833,72.0831,74.4639,64.2937,112.06483125000001,112.06483125000001,202.3054,90.0463
990,snn,nsson,jetson_emulator,30,local,0.404883330625323,72.1745,51.4914,72.1745,74.0952,64.2698,112.06483125000001,112.06483125000001,202.4017,90.1274
991,snn,nsson,jetson_emulator,30,offload,0.4059201373146245,71.747,51.7184,51.7184,53.8567,72.201,112.06483125000001,112.06483125000001,200.7235,90.0992
992,snn,nsson,jetson_emulator,30,offload,0.41308465012047896,71.8267,52.9663,52.9663,55.0012,71.8038,112.06483125000001,112.06483125000001,200.819,90.1161
993,snn,nsson,jetson_emulator,30,offload,0.41442836327385224,71.9598,51.5672,51.5672,53.8346,72.2495,112.06483125000001,112.06483125000001,200.9145,90.1361
994,snn,nsson,jetson_emulator,30,offload,0.4072027633666196,72.73,51.3921,51.3921,53.519,72.3056,112.06483125000001,112.06483125000001,201.01,90.1243
995,snn,nsson,jetson_emulator,30,local,0.40335043205014015,71.6325,51.3764,71.6325,73.1478,64.4117,112.06483125000001,112.06483125000001,202.8834,90.1005
996,snn,nsson,jetson_emulator,30,offload,0.4000394095579441,72.0335,52.0678,52.0678,54.4218,72.0894,112.06483125000001,112.06483125000001,201.2009,90.1598
997,snn,nsson,jetson_emulator,30,local,0.3950007382114602,71.6339,51.1405,71.6339,73.663,64.4113,112.06483125000001,112.06483125000001,203.0761,90.1518
998,snn,nsson,jetson_emulator,30,local,0.39591084176129776,71.8127,51.301,71.8127,73.1217,64.3644,112.06483125000001,112.06483125000001,203.1724,90.0226
999,snn,nsson,jetson_emulator,30,offload,0.4034083306865955,71.5743,51.7056,51.7056,53.328,72.2051,112.06483125000001,112.06483125000001,201.4874,90.0241
1000,snn,nsson,jetson_emulator,30,local,0.40727219758667543,72.6757,51.3182,72.6757,73.889,64.1391,112.06483125000001,112.06483125000001,203.3651,90.1157
1001,snn,nsson,jetson_emulator,30,local,0.4017285506637837,71.4581,52.6645,71.4581,73.0407,64.4575,112.06483125000001,112.06483125000001,203.4614,90.1402
1002,snn,nsson,jetson_emulator,30,offload,0.40861983871449453,72.4654,51.2955,51.2955,53.4172,72.3366,112.06483125000001,112.06483125000001,201.7739,90.0413
1003,snn,nsson,jetson_emulator,30,local,0.41005664359333954,73.0295,50.9694,73.0295,74.9025,64.0472,112.06483125000001,112.06483125000001,203.6541,90.0199
1004,snn,nsson,jetson_emulator,30,local,0.4149454763820547,71.5529,51.9727,71.5529,74.1861,64.4326,112.06483125000001,112.06483125000001,203.7504,90.14
1005,snn,nsson,jetson_emulator,30,local,0.4244253005928992,72.0507,51.7122,72.0507,74.4547,64.3021,112.06483125000001,112.06483125000001,203.8467,90.11
1006,snn,nsson,jetson_emulator,30,local,0.4110024025297851,72.112,51.4754,72.112,73.8707,64.2861,112.06483125000001,112.06483125000001,203.943,90.1759
1007,snn,nsson,jetson_emulator,30,offload,0.40541531220586674,71.8114,51.7454,51.7454,53.3796,72.1924,112.06483125000001,112.06483125000001,202.2513,90.1083
1008,snn,nsson,jetson_emulator,30,offload,0.4012402271287011,72.1715,51.3387,51.3387,53.1533,72.3228,112.06483125000001,112.06483125000001,202.3468,90.1358
1009,snn,nsson,jetson_emulator,30,offload,0.39482977523482804,71.1942,52.069,52.069,53.8599,72.089,112.06483125000001,112.06483125000001,202.4423,90.0851
1010,snn,nsson,jetson_emulator,30,local,0.39225319007548687,71.3585,51.007,71.3585,73.2414,64.4837,112.06483125000001,112.06483125000001,204.3284,90.049
1011,snn,nsson,jetson_emulator,30,local,0.39994933239851366,71.03,51.1125,71.03,73.1118,64.5702,112.06483125000001,112.06483125000001,204.4247,90.0877
1012,snn,nsson,jetson_emulator,30,offload,0.40020679209377463,71.2311,50.912,50.912,53.4134,72.4601,112.06483125000001,112.06483125000001,202.7287,90.0347
1013,snn,nsson,jetson_emulator,30,local,0.4081930556172757,71.8455,50.8047,71.8455,74.0702,64.3559,112.06483125000001,112.06483125000001,204.6174,90.1768
1014,snn,nsson,jetson_emulator,30,local,0.4171168626436015,71.0954,51.7627,71.0954,72.9014,64.5529,112.06483125000001,112.06483125000001,204.7137,90.1094
1015,snn,nsson,jetson_emulator,30,local,0.41595765373108223,71.0953,51.0355,71.0953,72.4051,64.5529,112.06483125000001,112.06483125000001,204.81,90.072
1016,snn,nsson,jetson_emulator,30,local,0.41262142964481174,71.0906,50.85,71.0906,73.3483,64.5542,112.06483125000001,112.06483125000001,204.9064,90.151
1017,snn,nsson,jetson_emulator,30,offload,0.40923227701984666,70.8578,50.6347,50.6347,52.8474,72.5496,112.06483125000001,112.06483125000001,203.2062,90.0988
1018,snn,nsson,jetson_emulator,30,local,0.40955931192601736,70.8231,51.0377,70.8231,73.4109,64.6248,112.06483125000001,112.06483125000001,205.099,90.0809
1019,snn,nsson,jetson_emulator,30,local,0.4053587118026726,70.8908,51.1926,70.8908,71.8028,64.6069,112.06483125000001,112.06483125000001,205.1953,90.1443
1020,snn,nsson,jetson_emulator,30,offload,0.4006020464456556,71.3819,51.1725,51.1725,52.6383,72.3762,112.06483125000001,112.06483125000001,203.4926,90.1314
1021,snn,nsson,jetson_emulator,30,offload,0.3972025841915737,70.7019,51.1779,51.1779,53.0367,72.3744,112.06483125000001,112.06483125000001,203.5881,90.1427
1022,snn,nsson,jetson_emulator,30,local,0.38310804274351345,70.8214,52.135,70.8214,73.2522,64.6252,112.06483125000001,112.06483125000001,205.4843,90.1327
1023,snn,nsson,jetson_emulator,30,local,0.3912817394214808,71.2855,50.6217,71.2855,72.4518,64.5028,112.06483125000001,112.06483125000001,205.5807,90.0577
1024,snn,nsson,jetson_emulator,30,local,0.39480454129601456,70.9156,50.5862,70.9156,72.2513,64.6003,112.06483125000001,112.06483125000001,205.677,90.0875
1025,snn,nsson,jetson_emulator,30,local,0.38995497234607285,70.666,51.4542,70.666,72.4633,64.6663,112.06483125000001,112.06483125000001,205.7733,90.1797
1026,snn,nsson,jetson_emulator,30,local,0.3928248952068449,70.8768,51.078,70.8768,72.7244,64.6106,112.06483125000001,112.06483125000001,205.8697,90.1403
1027,snn,nsson,jetson_emulator,30,local,0.4001980261937001,71.3142,50.5326,71.3142,72.6049,64.4953,112.06483125000001,112.06483125000001,205.966,90.0693
1028,snn,nsson,jetson_emulator,30,local,0.39638538521935,71.1287,50.5381,71.1287,73.1818,64.5441,112.06483125000001,112.06483125000001,206.0623,90.1144
1029,snn,nsson,jetson_emulator,30,offload,0.38954161795820824,71.5773,51.4576,51.4576,53.2876,72.2846,112.06483125000001,112.06483125000001,204.352,90.236
1030,snn,nsson,jetson_emulator,30,offload,0.38396233293671983,71.0035,51.5711,51.5711,53.9051,72.2482,112.06483125000001,112.06483125000001,204.4475,90.0284
1031,snn,nsson,jetson_emulator,30,offload,0.39262953346706464,70.4946,51.2724,51.2724,53.1073,72.3441,112.06483125000001,112.06483125000001,204.543,90.1184
1032,snn,nsson,jetson_emulator,30,offload,0.40439833978293344,71.1631,51.4795,51.4795,52.9452,72.2776,112.06483125000001,112.06483125000001,204.6385,90.1113
1033,snn,nsson,jetson_emulator,30,local,0.4029982676419466,71.4768,50.5538,71.4768,73.3893,64.4526,112.06483125000001,112.06483125000001,206.544,90.0215
1034,snn,nsson,jetson_emulator,30,local,0.4026003922909799,70.4675,50.8867,70.4675,72.9252,64.7188,112.06483125000001,112.06483125000001,206.6403,90.1245
1035,snn,nsson,jetson_emulator,30,offload,0.3969916903163727,70.894,50.3349,50.3349,51.4698,72.6466,112.06483125000001,112.06483125000001,204.9249,90.0248
1036,snn,nsson,jetson_emulator,30,offload,0.3898329168778229,70.6543,51.0436,51.0436,52.8847,72.4177,112.06483125000001,112.06483125000001,205.0204,90.126
1037,snn,nsson,jetson_emulator,30,local,0.4013901786291138,70.4155,50.7894,70.4155,72.5721,64.7326,112.06483125000001,112.06483125000001,206.9293,90.0995
1038,snn,nsson,jetson_emulator,30,offload,0.4112345164150868,70.8481,50.6125,50.6125,52.1762,72.5568,112.06483125000001,112.06483125000001,205.2114,90.0959
1039,snn,nsson,jetson_emulator,30,local,0.39899494101773375,70.8543,50.8398,70.8543,72.8651,64.6165,112.06483125000001,112.06483125000001,207.122,90.1827
1040,snn,nsson,jetson_emulator,30,local,0.39298824145658456,70.6223,50.3954,70.6223,72.4844,64.6778,112.06483125000001,112.06483125000001,207.2183,90.1045
1041,snn,nsson,jetson_emulator,30,offload,0.38697650138710804,70.6805,50.7123,50.7123,52.3835,72.5245,112.06483125000001,112.06483125000001,205.4978,90.1717
1042,snn,nsson,jetson_emulator,30,local,0.3861526006552246,70.7173,50.7857,70.7173,72.639,64.6527,112.06483125000001,112.06483125000001,207.411,90.0762
1043,snn,nsson,jetson_emulator,30,local,0.3858174973897432,70.9273,51.3682,70.9273,72.5611,64.5972,112.06483125000001,112.06483125000001,207.5073,90.0854
1044,snn,nsson,jetson_emulator,30,local,0.38020344022932523,70.387,51.8138,70.387,72.2645,64.7401,112.06483125000001,112.06483125000001,207.6036,90.1059
1045,snn,nsson,jetson_emulator,30,local,0.38,71.2448,50.797,71.2448,73.3456,64.5136,112.06483125000001,112.06483125000001,207.6999,90.0896
1046,snn,nsson,jetson_emulator,30,local,0.38,70.4001,51.368,70.4001,72.0002,64.7367,112.06483125000001,112.06483125000001,207.7963,90.1156
1047,snn,nsson,jetson_emulator,30,offload,0.39265999634472265,71.6005,50.9846,50.9846,52.8783,72.4367,112.06483125000001,112.06483125000001,206.0708,90.063
1048,snn,nsson,jetson_emulator,30,offload,0.3909313038206801,71.0129,51.17,51.17,52.9715,72.377,112.06483125000001,112.06483125000001,206.1662,90.1022
1049,snn,nsson,jetson_emulator,30,local,0.3998775106906676,70.4126,51.9688,70.4126,71.6751,64.7334,112.06483125000001,112.06483125000001,208.0853,90.0615
1050,snn,nsson,jetson_emulator,30,local,0.3989350481903485,71.6345,50.8383,71.6345,73.2614,64.4112,112.06483125000001,112.06483125000001,208.1816,90.054
1051,snn,nsson,jetson_emulator,30,offload,0.4053795750294516,70.6136,50.8152,50.8152,53.0798,72.4913,112.06483125000001,112.06483125000001,206.4527,90.1527
1052,snn,nsson,jetson_emulator,30,offload,0.41165890799708327,70.4668,50.4403,50.4403,51.9072,72.6125,112.06483125000001,112.06483125000001,206.5482,90.0957
1053,snn,nsson,jetson_emulator,30,local,0.40790732750309155,70.9966,50.7473,70.9966,73.1435,64.579,112.06483125000001,112.06483125000001,208.4706,90.1107
1054,snn,nsson,jetson_emulator,30,local,0.40285878401576614,70.8498,50.5993,70.8498,72.481,64.6177,112.06483125000001,112.06483125000001,208.5669,90.0218
1055,snn,nsson,jetson_emulator,30,local,0.41186010633398645,70.922,50.9343,70.922,72.4483,64.5986,112.06483125000001,112.06483125000001,208.6633,90.1019
1056,snn,nsson,jetson_emulator,30,offload,0.40394790042309503,70.6773,50.9694,50.9694,52.2994,72.4416,112.06483125000001,112.06483125000001,206.9301,90.1126
1057,snn,nsson,jetson_emulator,30,offload,0.40301080475640766,70.5712,51.6627,51.6627,52.573,72.2189,112.06483125000001,112.06483125000001,207.0256,90.137
1058,snn,nsson,jetson_emulator,30,offload,0.3995980407624629,70.6574,52.2414,52.2414,54.0814,72.034,112.06483125000001,112.06483125000001,207.1211,90.0908
1059,snn,nsson,jetson_emulator,30,local,0.40152949010933103,70.6681,50.9809,70.6681,72.5685,64.6657,112.06483125000001,112.06483125000001,209.0486,90.1888
1060,snn,nsson,jetson_emulator,30,local,0.3958406574094252,70.4523,51.4838,70.4523,72.0959,64.7228,112.06483125000001,112.06483125000001,209.1449,90.1333
1061,snn,nsson,jetson_emulator,30,local,0.3951982731564768,71.0421,52.9455,71.0421,72.7682,64.567,112.06483125000001,112.06483125000001,209.2412,90.084
1062,snn,nsson,jetson_emulator,30,local,0.3948353968162899,70.8911,50.5434,70.8911,72.4019,64.6068,112.06483125000001,112.06483125000001,209.3376,90.1781
1063,snn,nsson,jetson_emulator,30,local,0.3881015750658593,71.0145,50.9813,71.0145,73.723,64.5742,112.06483125000001,112.06483125000001,209.4339,90.1164
1064,snn,nsson,jetson_emulator,30,offload,0.38126603646228924,70.7648,51.272,51.272,52.3819,72.3442,112.06483125000001,112.06483125000001,207.694,90.1104
1065,snn,nsson,jetson_emulator,30,offload,0.38371093853803906,70.5975,50.6963,50.6963,53.357,72.5297,112.06483125000001,112.06483125000001,207.7895,90.1254
1066,snn,nsson,jetson_emulator,30,local,0.3808861181610125,70.5565,51.0553,70.5565,72.3737,64.6952,112.06483125000001,112.06483125000001,209.7229,90.1452
1067,snn,nsson,jetson_emulator,30,local,0.38,71.2681,50.5632,71.2681,73.4755,64.5074,112.06483125000001,112.06483125000001,209.8192,90.1425
1068,snn,nsson,jetson_emulator,30,local,0.38,70.7658,50.6851,70.7658,73.1311,64.6399,112.06483125000001,112.06483125000001,209.9156,90.1037
1069,snn,nsson,jetson_emulator,30,local,0.3901049120033431,70.6933,51.3091,70.6933,72.7823,64.6591,112.06483125000001,112.06483125000001,210.0119,90.1973
1070,snn,nsson,jetson_emulator,30,local,0.3971196537673427,70.7088,50.5573,70.7088,72.7565,64.655,112.06483125000001,112.06483125000001,210.1082,90.0788
1071,snn,nsson,jetson_emulator,30,local,0.38972742574881136,70.7244,50.8416,70.7244,72.2165,64.6508,112.06483125000001,112.06483125000001,210.2045,90.1028
1072,snn,nsson,jetson_emulator,30,local,0.3920548494895804,71.1906,51.0268,71.1906,73.1909,64.5278,112.06483125000001,112.06483125000001,210.3009,90.2113
1073,snn,nsson,jetson_emulator,30,offload,0.3985172610231054,71.0933,50.7053,50.7053,52.8788,72.5268,112.06483125000001,112.06483125000001,208.5534,90.0659
1074,snn,nsson,jetson_emulator,30,local,0.40114404023481137,72.0224,52.0164,72.0224,72.8945,64.3095,112.06483125000001,112.06483125000001,210.4935,90.0517
1075,snn,nsson,jetson_emulator,30,local,0.39002060374982417,72.3144,51.1547,72.3144,74.519,64.2332,112.06483125000001,112.06483125000001,210.5899,90.1403
1076,snn,nsson,jetson_emulator,30,offload,0.3876512121152645,71.8197,52.5255,52.5255,54.9867,71.9436,112.06483125000001,112.06483125000001,208.8399,90.072
1077,snn,nsson,jetson_emulator,30,local,0.3892509619184339,71.4535,51.9564,71.4535,73.3141,64.4587,112.06483125000001,112.06483125000001,210.7825,90.0946
1078,snn,nsson,jetson_emulator,30,local,0.38936477260846136,71.7253,51.8743,71.7253,73.7072,64.3873,112.06483125000001,112.06483125000001,210.8789,90.1819
1079,snn,nsson,jetson_emulator,30,local,0.39210322020690763,71.9515,52.1918,71.9515,74.5638,64.3281,112.06483125000001,112.06483125000001,210.9752,89.9914
1080,snn,nsson,jetson_emulator,30,local,0.38,71.4309,51.5998,71.4309,73.262,64.4646,112.06483125000001,112.06483125000001,211.0715,90.1243
1081,snn,nsson,jetson_emulator,30,local,0.3854969026510823,71.4596,51.6638,71.4596,72.875,64.4571,112.06483125000001,112.06483125000001,211.1679,90.0413
1082,snn,nsson,jetson_emulator,30,offload,0.38854928604643785,71.991,51.2346,51.2346,53.9829,72.3562,112.06483125000001,112.06483125000001,209.4128,90.1592
1083,snn,nsson,jetson_emulator,30,local,0.38673825651185584,71.5872,51.8703,71.5872,73.0444,64.4236,112.06483125000001,112.06483125000001,211.3605,90.0668
1084,snn,nsson,jetson_emulator,30,local,0.3955207821804038,71.3419,52.1133,71.3419,73.736,64.488,112.06483125000001,112.06483125000001,211.4568,90.0758
1085,snn,nsson,jetson_emulator,30,local,0.394065282087602,71.7178,52.5236,71.7178,73.4543,64.3893,112.06483125000001,112.06483125000001,211.5532,90.1391
1086,snn,nsson,jetson_emulator,30,local,0.38792176629310715,71.766,51.6101,71.766,73.8744,64.3767,112.06483125000001,112.06483125000001,211.6495,90.074
1087,snn,nsson,jetson_emulator,30,offload,0.3853141021332913,72.1942,52.2572,52.2572,53.6207,72.029,112.06483125000001,112.06483125000001,209.8902,90.1522
1088,snn,nsson,jetson_emulator,30,local,0.3938340165508968,72.0252,51.5767,72.0252,73.4119,64.3088,112.06483125000001,112.06483125000001,211.8422,90.0874
1089,snn,nsson,jetson_emulator,30,local,0.39181289738592173,71.61,51.6034,71.61,73.7492,64.4176,112.06483125000001,112.06483125000001,211.9385,90.1441
1090,snn,nsson,jetson_emulator,30,local,0.3974368687581592,71.9722,51.3177,71.9722,73.1862,64.3227,112.06483125000001,112.06483125000001,212.0348,90.108
1091,snn,nsson,jetson_emulator,30,local,0.4016046358359706,71.9051,52.1204,71.9051,73.6898,64.3402,112.06483125000001,112.06483125000001,212.1312,89.9993
1092,snn,nsson,jetson_emulator,30,offload,0.3891603497414762,72.0149,51.5753,51.5753,52.566,72.2469,112.06483125000001,112.06483125000001,210.3677,90.0691
1093,snn,nsson,jetson_emulator,30,offload,0.38794429017415943,72.2861,52.8877,52.8877,54.4489,71.8287,112.06483125000001,112.06483125000001,210.4631,90.1653
1094,snn,nsson,jetson_emulator,30,local,0.38416776619645177,72.51,52.5888,72.51,74.8273,64.1823,112.06483125000001,112.06483125000001,212.4202,90.0834
1095,snn,nsson,jetson_emulator,30,offload,0.38766430934854695,72.5375,52.0805,52.0805,54.1617,72.0853,112.06483125000001,112.06483125000001,210.6541,90.163
1096,snn,nsson,jetson_emulator,30,offload,0.39527003069037614,72.4238,51.6305,51.6305,53.4943,72.2292,112.06483125000001,112.06483125000001,210.7496,90.17
1097,snn,nsson,jetson_emulator,30,local,0.39275594212754394,72.2089,52.5337,72.2089,73.7017,64.2608,112.06483125000001,112.06483125000001,212.7091,90.1337
1098,snn,nsson,jetson_emulator,30,offload,0.3935414277817742,73.5361,53.1253,53.1253,55.5074,71.7535,112.06483125000001,112.06483125000001,210.9406,90.1954
1099,snn,nsson,jetson_emulator,30,offload,0.3917299508305487,72.3557,52.1244,52.1244,54.3887,72.0713,112.06483125000001,112.06483125000001,211.0361,90.1039
1100,snn,nsson,jetson_emulator,30,local,0.3943212610952812,72.7618,52.5672,72.7618,74.5192,64.1167,112.06483125000001,112.06483125000001,212.9981,90.0641
1101,snn,nsson,jetson_emulator,30,offload,0.4007916114612125,72.5074,52.2619,52.2619,53.2195,72.0275,112.06483125000001,112.06483125000001,211.227,90.1095
1102,snn,nsson,jetson_emulator,30,local,0.3983092248392098,73.3123,52.0209,73.3123,75.2229,63.9739,112.06483125000001,112.06483125000001,213.1908,90.0921
1103,snn,nsson,jetson_emulator,30,offload,0.3979735204470725,73.5176,51.8789,51.8789,53.5397,72.1497,112.06483125000001,112.06483125000001,211.418,90.0727
1104,snn,nsson,jetson_emulator,30,offload,0.39705881293129797,72.6728,52.443,52.443,53.6621,71.9699,112.06483125000001,112.06483125000001,211.5135,89.9837
1105,snn,nsson,jetson_emulator,30,local,0.4002531909217718,72.7842,52.7618,72.7842,74.752,64.1109,112.06483125000001,112.06483125000001,213.4798,90.1503
1106,snn,nsson,jetson_emulator,30,offload,0.403184800642516,73.4871,53.4665,53.4665,55.2459,71.6458,112.06483125000001,112.06483125000001,211.7045,90.1744
1107,snn,nsson,jetson_emulator,30,offload,0.4114365894974028,73.2365,52.8318,52.8318,54.8815,71.8464,112.06483125000001,112.06483125000001,211.8,90.1912
1108,snn,nsson,jetson_emulator,30,local,0.3975285867292416,72.9621,52.1743,72.9621,75.6923,64.0647,112.06483125000001,112.06483125000001,213.7688,90.0504
1109,snn,nsson,jetson_emulator,30,local,0.3930764059348929,73.4421,52.7103,73.4421,75.8155,63.9404,112.06483125000001,112.06483125000001,213.8651,90.1773
1110,snn,nsson,jetson_emulator,30,local,0.3834082313938833,73.106,53.0333,73.106,74.4909,64.0274,112.06483125000001,112.06483125000001,213.9614,90.0426
1111,snn,nsson,jetson_emulator,30,local,0.38,73.5363,52.5081,73.5363,75.2849,63.916,112.06483125000001,112.06483125000001,214.0578,90.0844
1112,snn,nsson,jetson_emulator,30,offload,0.3871393265769993,73.6804,53.1934,53.1934,54.984,71.732,112.06483125000001,112.06483125000001,212.2774,90.0998
1113,snn,nsson,jetson_emulator,30,offload,0.3911704636958999,73.8251,53.6414,53.6414,56.0156,71.5907,112.06483125000001,112.06483125000001,212.3729,90.132
1114,snn,nsson,jetson_emulator,30,offload,0.3858900386543124,73.4981,52.6488,52.6488,54.5302,71.9044,112.06483125000001,112.06483125000001,212.4684,90.1078
1115,snn,nsson,jetson_emulator,30,local,0.3926306129383054,73.7808,54.4577,73.7808,75.5352,63.8529,112.06483125000001,112.06483125000001,214.4431,90.1519
1116,snn,nsson,jetson_emulator,30,local,0.39767956319560055,74.7797,53.2351,74.7797,77.5942,63.5964,112.06483125000001,112.06483125000001,214.5394,90.1205
1117,snn,nsson,jetson_emulator,30,local,0.3985877552742583,74.0901,52.852,74.0901,75.728,63.7732,112.06483125000001,112.06483125000001,214.6358,90.0538
1118,snn,nsson,jetson_emulator,30,local,0.39457900372386046,74.0852,53.6306,74.0852,75.8166,63.7745,112.06483125000001,112.06483125000001,214.7321,90.1782
1119,snn,nsson,jetson_emulator,30,offload,0.40046371504373146,74.0621,52.8376,52.8376,54.8935,71.8446,112.06483125000001,112.06483125000001,212.9458,90.1528
1120,snn,nsson,jetson_emulator,30,local,0.397157216475996,74.1969,53.1613,74.1969,76.8179,63.7458,112.06483125000001,112.06483125000001,214.9248,90.0993
1121,snn,nsson,jetson_emulator,30,local,0.39592417720890244,74.1845,53.4124,74.1845,76.0418,63.749,112.06483125000001,112.06483125000001,215.0211,90.0784
1122,snn,nsson,jetson_emulator,30,local,0.39627291586316604,74.4749,53.7812,74.4749,76.0601,63.6744,112.06483125000001,112.06483125000001,215.1174,90.1393
1123,snn,nsson,jetson_emulator,30,offload,0.3998479236154684,75.2135,53.1031,53.1031,54.8184,71.7605,112.06483125000001,112.06483125000001,213.3277,90.1006
1124,snn,nsson,jetson_emulator,30,offload,0.399900253846533,74.2825,54.763,54.763,56.6412,71.2395,112.06483125000001,112.06483125000001,213.4232,90.1863
1125,snn,nsson,jetson_emulator,30,local,0.39291530263081403,74.679,53.621,74.679,76.215,63.6221,112.06483125000001,112.06483125000001,215.4064,90.1277
1126,snn,nsson,jetson_emulator,30,local,0.3886698702514557,74.7867,53.548,74.7867,76.7016,63.5946,112.06483125000001,112.06483125000001,215.5027,90.129
1127,snn,nsson,jetson_emulator,30,local,0.3979770136593985,75.0932,53.907,75.0932,76.9186,63.5163,112.06483125000001,112.06483125000001,215.5991,89.9864
1128,snn,nsson,jetson_emulator,30,offload,0.4007781216861932,74.7902,54.0199,54.0199,56.5363,71.4718,112.06483125000001,112.06483125000001,213.8052,90.0301
1129,snn,nsson,jetson_emulator,30,local,0.4037706578797579,75.4905,53.4764,75.4905,77.9958,63.4151,112.06483125000001,112.06483125000001,215.7917,90.061
1130,snn,nsson,jetson_emulator,30,local,0.39740702579668175,75.4827,54.729,75.4827,77.0338,63.4171,112.06483125000001,112.06483125000001,215.8881,90.1309
1131,snn,nsson,jetson_emulator,30,offload,0.3959395507043677,75.2385,54.619,54.619,56.3395,71.2844,112.06483125000001,112.06483125000001,214.0916,90.0879
1132,snn,nsson,jetson_emulator,30,offload,0.39606734235752583,75.1927,53.8421,53.8421,56.0686,71.5276,112.06483125000001,112.06483125000001,214.1871,90.1256
1133,snn,nsson,jetson_emulator,30,local,0.4091800904626575,75.8328,53.8994,75.8328,78.5505,63.3281,112.06483125000001,112.06483125000001,216.1771,90.1233
1134,snn,nsson,jetson_emulator,30,local,0.40575401588944465,75.2165,53.7785,75.2165,76.622,63.4848,112.06483125000001,112.06483125000001,216.2734,90.0788
1135,snn,nsson,jetson_emulator,30,local,0.4150080993307373,75.2557,54.771,75.2557,77.4977,63.4748,112.06483125000001,112.06483125000001,216.3697,90.1588
1136,snn,nsson,jetson_emulator,30,local,0.4137681781352854,76.0619,54.2017,76.0619,77.7729,63.2701,112.06483125000001,112.06483125000001,216.466,90.1092
1137,snn,nsson,jetson_emulator,30,offload,0.41933243210279914,76.1998,54.239,54.239,55.9298,71.4031,112.06483125000001,112.06483125000001,214.6646,90.1364
1138,snn,nsson,jetson_emulator,30,offload,0.4203307463677739,76.0654,56.4722,56.4722,57.4613,70.7109,112.06483125000001,112.06483125000001,214.76,90.1355
1139,snn,nsson,jetson_emulator,30,offload,0.4171353719594366,76.4279,54.8466,54.8466,57.5614,71.2135,112.06483125000001,112.06483125000001,214.8555,90.0481
1140,snn,nsson,jetson_emulator,30,offload,0.41975859835073503,75.9766,54.7848,54.7848,57.1214,71.2327,112.06483125000001,112.06483125000001,214.951,90.0978
1141,snn,nsson,jetson_emulator,30,offload,0.436377676778843,75.865,55.292,55.292,57.6076,71.075,112.06483125000001,112.06483125000001,215.0465,90.1062
1142,snn,nsson,jetson_emulator,30,local,0.42973654302027514,75.9855,55.5066,75.9855,78.3382,63.2894,112.06483125000001,112.06483125000001,217.044,89.9806
1143,snn,nsson,jetson_emulator,30,offload,0.42927751699107847,76.0939,54.3941,54.3941,56.7568,71.3546,112.06483125000001,112.06483125000001,215.2375,90.1419
1144,snn,nsson,jetson_emulator,30,offload,0.43349030108328435,76.4803,55.2628,55.2628,56.3529,71.0841,112.06483125000001,112.06483125000001,215.333,90.1493
1145,snn,nsson,jetson_emulator,30,offload,0.42554091371179903,76.6322,55.05,55.05,56.6923,71.1502,112.06483125000001,112.06483125000001,215.4285,90.1461
1146,snn,nsson,jetson_emulator,30,local,0.42342646706358356,76.266,54.9035,76.266,77.4553,63.2185,112.06483125000001,112.06483125000001,217.4294,90.1125
1147,snn,nsson,jetson_emulator,30,offload,0.4365711808801467,76.6258,55.6492,55.6492,57.6104,70.9644,112.06483125000001,112.06483125000001,215.6194,90.0838
1148,snn,nsson,jetson_emulator,30,offload,0.43810749985153463,76.4762,55.3048,55.3048,57.8976,71.0711,112.06483125000001,112.06483125000001,215.7149,90.0847
1149,snn,nsson,jetson_emulator,30,local,0.43478453983509946,76.4864,55.5898,76.4864,78.4797,63.1628,112.06483125000001,112.06483125000001,217.7183,90.0702
1150,snn,nsson,jetson_emulator,30,local,0.4377183783055322,76.6247,55.8815,76.6247,79.0651,63.1279,112.06483125000001,112.06483125000001,217.8147,90.1171
1151,snn,nsson,jetson_emulator,30,local,0.43427249554608266,76.795,54.8565,76.795,78.0838,63.085,112.06483125000001,112.06483125000001,217.911,90.1038
1152,snn,nsson,jetson_emulator,30,offload,0.4348036514845506,77.1921,55.2398,55.2398,57.0435,71.0912,112.06483125000001,112.06483125000001,216.0969,90.0966
1153,snn,nsson,jetson_emulator,30,offload,0.42498565663419624,77.4515,56.3827,56.3827,58.2861,70.7383,112.06483125000001,112.06483125000001,216.1923,90.1512
1154,snn,nsson,jetson_emulator,30,local,0.4347653684710135,77.3611,56.9328,77.3611,78.7037,62.9429,112.06483125000001,112.06483125000001,218.2,90.1286
1155,snn,nsson,jetson_emulator,30,local,0.435460958818693,77.1854,55.8283,77.1854,78.9892,62.9869,112.06483125000001,112.06483125000001,218.2963,90.1301
1156,snn,nsson,jetson_emulator,30,local,0.4354954441073987,77.6875,55.1071,77.6875,79.9546,62.8612,112.06483125000001,112.06483125000001,218.3927,90.0184
1157,snn,nsson,jetson_emulator,30,offload,0.4358283182489376,77.813,56.0596,56.0596,58.6839,70.8378,112.06483125000001,112.06483125000001,216.5743,90.0801
1158,snn,nsson,jetson_emulator,30,local,0.43086212697565873,77.2173,57.0757,77.2173,78.9305,62.9789,112.06483125000001,112.06483125000001,218.5853,90.1722
1159,snn,nsson,jetson_emulator,30,offload,0.4384615443187975,77.8521,55.6661,55.6661,57.0986,70.9592,112.06483125000001,112.06483125000001,216.7653,90.0851
1160,snn,nsson,jetson_emulator,30,local,0.43590686353639296,77.714,55.7076,77.714,79.598,62.8546,112.06483125000001,112.06483125000001,218.778,90.1186
1161,snn,nsson,jetson_emulator,30,local,0.4370285687425523,77.4246,55.4199,77.4246,79.4154,62.927,112.06483125000001,112.06483125000001,218.8743,90.0988
1162,snn,nsson,jetson_emulator,30,local,0.43356942374588986,78.2035,56.0938,78.2035,79.5835,62.7325,112.06483125000001,112.06483125000001,218.9707,90.1563
1163,snn,nsson,jetson_emulator,30,local,0.42899192013490106,77.9225,56.087,77.9225,78.6864,62.8025,112.06483125000001,112.06483125000001,219.067,90.1006
1164,snn,nsson,jetson_emulator,30,local,0.4298016619102128,78.1959,57.3451,78.1959,79.8931,62.7344,112.06483125000001,112.06483125000001,219.1633,90.1426
1165,snn,nsson,jetson_emulator,30,local,0.4286772113011247,77.7453,56.7785,77.7453,79.164,62.8467,112.06483125000001,112.06483125000001,219.2596,90.0346
1166,snn,nsson,jetson_emulator,30,offload,0.43702388923144353,78.1617,56.8925,56.8925,57.6093,70.582,112.06483125000001,112.06483125000001,217.4337,90.1035
1167,snn,nsson,jetson_emulator,30,offload,0.43406044368082436,78.0612,56.1678,56.1678,57.8819,70.8044,112.06483125000001,112.06483125000001,217.5292,90.0955
1168,snn,nsson,jetson_emulator,30,offload,0.43871072569638286,78.1794,55.8532,55.8532,57.7152,70.9014,112.06483125000001,112.06483125000001,217.6246,90.1094
1169,snn,nsson,jetson_emulator,30,offload,0.44845009287304743,78.0261,57.258,57.258,59.0164,70.4704,112.06483125000001,112.06483125000001,217.7201,90.1126
1170,snn,nsson,jetson_emulator,30,local,0.44856749557615566,78.1233,55.86,78.1233,79.1778,62.7525,112.06483125000001,112.06483125000001,219.7413,90.1184
1171,snn,nsson,jetson_emulator,30,local,0.45880627032156157,78.4123,56.3016,78.4123,79.8424,62.6806,112.06483125000001,112.06483125000001,219.8376,90.1017
1172,snn,nsson,jetson_emulator,30,local,0.4644093347129673,78.2943,56.0521,78.2943,79.7369,62.7099,112.06483125000001,112.06483125000001,219.934,90.1013
1173,snn,nsson,jetson_emulator,30,offload,0.46364998142802033,78.9371,56.334,56.334,58.4704,70.7533,112.06483125000001,112.06483125000001,218.1021,90.1038
1174,snn,nsson,jetson_emulator,30,offload,0.4593812150537201,78.6522,57.3467,57.3467,59.1409,70.4434,112.06483125000001,112.06483125000001,218.1976,90.0765
1175,snn,nsson,jetson_emulator,30,local,0.4579540033586152,79.3095,56.0879,79.3095,81.4562,62.4585,112.06483125000001,112.06483125000001,220.223,90.1588
1176,snn,nsson,jetson_emulator,30,offload,0.45086696913306695,78.7358,56.6939,56.6939,58.1526,70.6429,112.06483125000001,112.06483125000001,218.3885,90.0755
1177,snn,nsson,jetson_emulator,30,offload,0.4455722574043059,79.0707,58.25,58.25,59.9496,70.1692,112.06483125000001,112.06483125000001,218.484,90.1536
1178,snn,nsson,jetson_emulator,30,offload,0.44615684003211414,79.0425,56.448,56.448,58.1968,70.7183,112.06483125000001,112.06483125000001,218.5795,90.1226
1179,snn,nsson,jetson_emulator,30,offload,0.4540482368678675,79.8738,56.5116,56.5116,58.3797,70.6988,112.06483125000001,112.06483125000001,218.675,90.0949
1180,snn,nsson,jetson_emulator,30,offload,0.4441113335374883,78.7738,56.4745,56.4745,58.3431,70.7101,112.06483125000001,112.06483125000001,218.7705,90.1142
1181,snn,nsson,jetson_emulator,30,local,0.4305429335098015,79.3446,58.1373,79.3446,80.625,62.4498,112.06483125000001,112.06483125000001,220.8009,90.0984
1182,snn,nsson,jetson_emulator,30,offload,0.42369418928361197,78.9384,56.6688,56.6688,58.6075,70.6505,112.06483125000001,112.06483125000001,218.9615,90.0798
1183,snn,nsson,jetson_emulator,30,offload,0.422001687021042,79.5972,57.124,57.124,59.8345,70.5113,112.06483125000001,112.06483125000001,219.0569,90.0947
1184,snn,nsson,jetson_emulator,30,local,0.42766519182104723,79.8725,56.5517,79.8725,81.1736,62.3199,112.06483125000001,112.06483125000001,221.0899,90.2004
1185,snn,nsson,jetson_emulator,30,local,0.42187998313124764,78.9576,57.0495,78.9576,80.6661,62.5454,112.06483125000001,112.06483125000001,221.1863,90.0725
1186,snn,nsson,jetson_emulator,30,offload,0.41529408061946915,78.8993,57.2749,57.2749,59.3892,70.4653,112.06483125000001,112.06483125000001,219.3434,90.1436
1187,snn,nsson,jetson_emulator,30,local,0.4079546880730434,79.0053,57.0891,79.0053,80.4587,62.5336,112.06483125000001,112.06483125000001,221.3789,90.0114
1188,snn,nsson,jetson_emulator,30,local,0.4061797499818202,79.09,56.4417,79.09,81.0478,62.5126,112.06483125000001,112.06483125000001,221.4753,90.0935
1189,snn,nsson,jetson_emulator,30,local,0.4185710669551258,79.1151,56.6769,79.1151,80.9423,62.5064,112.06483125000001,112.06483125000001,221.5716,90.1081
1190,snn,nsson,jetson_emulator,30,offload,0.412325323344584,79.2804,57.8522,57.8522,59.3635,70.2897,112.06483125000001,112.06483125000001,219.7254,90.2051
1191,snn,nsson,jetson_emulator,30,local,0.416808827572987,79.5853,56.6923,79.5853,81.8954,62.3905,112.06483125000001,112.06483125000001,221.7642,90.0577
1192,snn,nsson,jetson_emulator,30,offload,0.42096186923835055,79.5586,57.3404,57.3404,60.1291,70.4453,112.06483125000001,112.06483125000001,219.9163,90.0639
1193,snn,nsson,jetson_emulator,30,offload,0.4254430822861394,79.6283,56.847,56.847,58.1187,70.596,112.06483125000001,112.06483125000001,220.0118,90.1446
1194,snn,nsson,jetson_emulator,30,offload,0.4276315344960901,79.2945,57.8286,57.8286,60.9261,70.2969,112.06483125000001,112.06483125000001,220.1073,90.0821
1195,snn,nsson,jetson_emulator,30,local,0.4259509520081487,79.668,56.7532,79.668,81.5181,62.3701,112.06483125000001,112.06483125000001,222.1496,90.0619
1196,snn,nsson,jetson_emulator,30,offload,0.42625449954659783,80.0425,57.9581,57.9581,59.6803,70.2576,112.06483125000001,112.06483125000001,220.2983,90.1146
1197,snn,nsson,jetson_emulator,30,local,0.4171409826602395,79.9151,57.6956,79.9151,81.8443,62.3094,112.06483125000001,112.06483125000001,222.3422,89.9904
1198,snn,nsson,jetson_emulator,30,local,0.42813230886321085,79.3471,57.0512,79.3471,80.8633,62.4492,112.06483125000001,112.06483125000001,222.4386,90.0399
1199,snn,nsson,jetson_emulator,30,local,0.4343738699465805,79.6859,57.4096,79.6859,82.6417,62.3657,112.06483125000001,112.06483125000001,222.5349,90.1132
1200,snn,nsson,jetson_emulator,30,local,0.43091794381195286,80.6054,58.3714,80.6054,82.2731,62.1404,112.06483125000001,112.06483125000001,222.6312,90.0777
