cycle_id,model,architecture,profile,nodes,decision,threshold,local_latency_ms,offload_latency_ms,total_latency_ms,rtt_ms,throughput_fps,local_power_mw,offload_power_mw,effective_power_mw,accuracy_step
1,cnn,nsson,jetson_emulator,2,local,0.4954388831229528,44.324,31.4483,44.324,46.0306,30.7347,167.274,167.274,155.9851,92.8304
2,cnn,nsson,jetson_emulator,2,offload,0.4989273069792752,43.7237,32.0627,32.0627,33.5372,30.9793,167.274,167.274,156.0319,92.979
3,cnn,nsson,jetson_emulator,2,local,0.4999617846361138,43.9645,31.4879,43.9645,46.1223,30.7838,167.274,167.274,156.2656,92.85
4,cnn,nsson,jetson_emulator,2,local,0.5058837098064948,43.5931,31.5755,43.5931,45.9894,30.8347,167.274,167.274,156.4059,93.0211
5,cnn,nsson,jetson_emulator,2,offload,0.5022222073532415,43.6137,32.3531,32.3531,34.1081,30.9793,167.274,167.274,156.4524,92.7993
6,cnn,nsson,jetson_emulator,2,offload,0.5028271183578495,44.1437,32.6487,32.6487,35.186,30.9793,167.274,167.274,156.5926,92.9882
7,cnn,nsson,jetson_emulator,2,offload,0.5100415289212052,43.6482,31.5089,31.5089,33.1155,30.9793,167.274,167.274,156.7327,92.8577
8,cnn,nsson,jetson_emulator,2,offload,0.5139837076494678,43.8689,32.1787,32.1787,34.1725,30.9793,167.274,167.274,156.8729,92.9292
9,cnn,nsson,jetson_emulator,2,local,0.5163445181192812,43.8245,31.3186,43.8245,45.7233,30.803,167.274,167.274,157.1072,92.902
10,cnn,nsson,jetson_emulator,2,local,0.5165414235639336,44.1167,31.5946,44.1167,46.4628,30.763,167.274,167.274,157.2474,93.0146
11,cnn,nsson,jetson_emulator,2,local,0.5176048376517806,44.4194,31.7248,44.4194,46.7236,30.7217,167.274,167.274,157.3877,92.8766
12,cnn,nsson,jetson_emulator,2,offload,0.528039408218422,44.4257,32.2186,32.2186,34.2818,30.9793,167.274,167.274,157.4336,92.8967
13,cnn,nsson,jetson_emulator,2,local,0.5222831727601452,44.0696,31.9309,44.0696,45.8644,30.7695,167.274,167.274,157.6682,92.923
14,cnn,nsson,jetson_emulator,2,offload,0.5273724817169352,44.3821,33.0269,33.0269,34.1743,30.9793,167.274,167.274,157.714,92.9789
15,cnn,nsson,jetson_emulator,2,offload,0.5372759778611981,45.1083,31.8259,31.8259,33.0443,30.9793,167.274,167.274,157.8541,92.8849
16,cnn,nsson,jetson_emulator,2,offload,0.5395819094686414,44.4205,31.9061,31.9061,33.3126,30.9793,167.274,167.274,157.9943,92.9073
17,cnn,nsson,jetson_emulator,2,offload,0.5352251825605712,44.9274,32.0429,32.0429,33.6162,30.9793,167.274,167.274,158.1345,92.8803
18,cnn,nsson,jetson_emulator,2,offload,0.534684668567913,45.0929,32.5986,32.5986,34.6728,30.9793,167.274,167.274,158.2747,92.9117
19,cnn,nsson,jetson_emulator,2,offload,0.5487512263539385,44.8563,32.161,32.161,34.0059,30.9793,167.274,167.274,158.4148,92.9029
20,cnn,nsson,jetson_emulator,2,offload,0.5489132351715501,44.7984,32.4794,32.4794,34.4677,30.9793,167.274,167.274,158.555,92.9603
21,cnn,nsson,jetson_emulator,2,offload,0.5500390081518612,45.0635,33.4702,33.4702,35.4466,30.9793,167.274,167.274,158.6952,92.9025
22,cnn,nsson,jetson_emulator,2,local,0.5467053134478086,45.2591,32.5842,45.2591,46.875,30.6077,167.274,167.274,158.9306,92.9472
23,cnn,nsson,jetson_emulator,2,offload,0.5455864086319465,44.9973,32.1828,32.1828,33.909,30.9793,167.274,167.274,158.9756,92.8943
24,cnn,nsson,jetson_emulator,2,offload,0.5330911407104526,45.0645,32.4541,32.4541,34.2308,30.9793,167.274,167.274,159.1157,92.9545
25,cnn,nsson,jetson_emulator,2,local,0.528570861779404,45.4985,32.8592,45.4985,47.1344,30.5754,167.274,167.274,159.3513,92.9475
26,cnn,nsson,jetson_emulator,2,offload,0.5305440390317737,45.6327,32.6651,32.6651,34.0386,30.9793,167.274,167.274,159.3961,92.975
27,cnn,nsson,jetson_emulator,2,local,0.5361291816835952,45.2178,34.0177,45.2178,47.04,30.6133,167.274,167.274,159.6319,92.9405
28,cnn,nsson,jetson_emulator,2,local,0.533810946568206,45.7145,33.381,45.7145,46.8888,30.5462,167.274,167.274,159.7721,92.9708
29,cnn,nsson,jetson_emulator,2,local,0.5301142507154293,45.4736,33.6123,45.4736,47.7436,30.5787,167.274,167.274,159.9124,92.997
30,cnn,nsson,jetson_emulator,2,local,0.5240702243307725,45.7652,32.4689,45.7652,47.5963,30.5394,167.274,167.274,160.0526,92.8779
31,cnn,nsson,jetson_emulator,2,offload,0.52996852106828,45.8291,33.0315,33.0315,34.9025,30.9793,167.274,167.274,160.097,92.9197
32,cnn,nsson,jetson_emulator,2,offload,0.5210488706449842,45.8923,33.9349,33.9349,35.9352,30.9793,167.274,167.274,160.2371,92.9516
33,cnn,nsson,jetson_emulator,2,offload,0.5290536201925372,45.7371,32.7768,32.7768,33.9012,30.9793,167.274,167.274,160.3773,92.9192
34,cnn,nsson,jetson_emulator,2,local,0.5285586618796272,46.5726,33.4657,46.5726,47.7776,30.4311,167.274,167.274,160.6137,92.8995
35,cnn,nsson,jetson_emulator,2,offload,0.5349743208085624,45.9339,34.1215,34.1215,36.1482,30.9793,167.274,167.274,160.6577,92.9177
36,cnn,nsson,jetson_emulator,2,offload,0.521819890782345,45.7884,33.4199,33.4199,34.5419,30.9793,167.274,167.274,160.7978,92.9904
37,cnn,nsson,jetson_emulator,2,offload,0.514827720180411,45.9072,32.9572,32.9572,34.4552,30.9793,167.274,167.274,160.938,92.8892
38,cnn,nsson,jetson_emulator,2,local,0.5257068720640963,46.2594,33.2202,46.2594,47.5567,30.473,167.274,167.274,161.1747,92.9103
39,cnn,nsson,jetson_emulator,2,offload,0.5236607846070106,46.7489,33.1464,33.1464,35.0886,30.9793,167.274,167.274,161.2184,92.9045
40,cnn,nsson,jetson_emulator,2,local,0.5269632627305235,46.1192,33.6719,46.1192,47.2559,30.4918,167.274,167.274,161.4553,92.9424
41,cnn,nsson,jetson_emulator,2,local,0.52377407272955,46.7996,33.5077,46.7996,48.5083,30.4007,167.274,167.274,161.5955,92.8903
42,cnn,nsson,jetson_emulator,2,local,0.5232566170661673,47.1549,33.0446,47.1549,48.4025,30.3534,167.274,167.274,161.7358,92.8842
43,cnn,nsson,jetson_emulator,2,local,0.5193460699852477,46.2652,34.2364,46.2652,48.1545,30.4722,167.274,167.274,161.876,93.0097
44,cnn,nsson,jetson_emulator,2,offload,0.5246336990664033,46.3278,34.0789,34.0789,35.8225,30.9793,167.274,167.274,161.9193,92.8512
45,cnn,nsson,jetson_emulator,2,offload,0.5234030774555404,46.6536,33.2253,33.2253,35.1305,30.9793,167.274,167.274,162.0594,92.867
46,cnn,nsson,jetson_emulator,2,offload,0.507812618420196,47.232,33.413,33.413,34.9152,30.9793,167.274,167.274,162.1996,92.9059
47,cnn,nsson,jetson_emulator,2,offload,0.5073450196309918,46.9905,33.2245,33.2245,34.825,30.9793,167.274,167.274,162.3398,92.9345
48,cnn,nsson,jetson_emulator,2,local,0.5151544127036126,46.6928,34.1149,46.6928,47.267,30.415,167.274,167.274,162.5773,92.8683
49,cnn,nsson,jetson_emulator,2,local,0.5206751689139296,46.5993,34.1241,46.5993,48.533,30.4275,167.274,167.274,162.7176,92.8815
50,cnn,nsson,jetson_emulator,2,offload,0.5244834392427271,47.2723,34.4974,34.4974,36.0222,30.9793,167.274,167.274,162.7603,92.9163
51,cnn,nsson,jetson_emulator,2,local,0.5221975854768915,46.8735,33.5135,46.8735,48.2738,30.3909,167.274,167.274,162.9981,92.8306
52,cnn,nsson,jetson_emulator,2,offload,0.5253205125173283,47.4656,33.5234,33.5234,34.742,30.9793,167.274,167.274,163.0407,92.9054
53,cnn,nsson,jetson_emulator,2,local,0.5300812443641917,47.1789,33.5886,47.1789,48.351,30.3502,167.274,167.274,163.2786,92.937
54,cnn,nsson,jetson_emulator,2,offload,0.5244422939864954,46.9507,34.2904,34.2904,35.5424,30.9793,167.274,167.274,163.321,92.8564
55,cnn,nsson,jetson_emulator,2,offload,0.5295189916267492,47.5931,34.8721,34.8721,36.4743,30.9793,167.274,167.274,163.4612,92.8932
56,cnn,nsson,jetson_emulator,2,local,0.5204933646685844,47.6798,34.4025,47.6798,49.5624,30.2837,167.274,167.274,163.6994,92.8113
57,cnn,nsson,jetson_emulator,2,offload,0.5215982430963859,47.0072,33.8281,33.8281,35.5445,30.9793,167.274,167.274,163.7415,92.9012
58,cnn,nsson,jetson_emulator,2,local,0.5122887897178292,47.4832,34.368,47.4832,49.138,30.3098,167.274,167.274,163.9799,92.9253
59,cnn,nsson,jetson_emulator,2,offload,0.5104409568317219,47.7729,34.1224,34.1224,36.0915,30.9793,167.274,167.274,164.0219,92.8733
60,cnn,nsson,jetson_emulator,2,local,0.509230116615395,47.278,33.9639,47.278,48.9391,30.337,167.274,167.274,164.2605,92.9299
61,cnn,nsson,jetson_emulator,2,local,0.5034996898177719,47.2207,34.2573,47.2207,49.0584,30.3446,167.274,167.274,164.4007,92.8516
62,cnn,nsson,jetson_emulator,2,offload,0.5081873910405816,47.2828,33.7655,33.7655,35.5087,30.9793,167.274,167.274,164.4424,92.8888
63,cnn,nsson,jetson_emulator,2,offload,0.5184285244720498,47.6176,34.9366,34.9366,36.7433,30.9793,167.274,167.274,164.5826,92.9603
64,cnn,nsson,jetson_emulator,2,offload,0.5215373830024901,48.1398,34.1853,34.1853,35.9494,30.9793,167.274,167.274,164.7228,92.8679
65,cnn,nsson,jetson_emulator,2,offload,0.5111570084584961,47.5534,34.163,34.163,35.0036,30.9793,167.274,167.274,164.863,92.8832
66,cnn,nsson,jetson_emulator,2,offload,0.5068473243234014,47.7895,34.3244,34.3244,36.3732,30.9793,167.274,167.274,165.0031,92.903
67,cnn,nsson,jetson_emulator,2,offload,0.5073535031475401,47.415,34.9547,34.9547,36.156,30.9793,167.274,167.274,165.1433,92.889
68,cnn,nsson,jetson_emulator,2,local,0.5073320705382768,48.7702,34.2319,48.7702,50.8182,30.14,167.274,167.274,165.3825,92.9416
69,cnn,nsson,jetson_emulator,2,offload,0.5150407960752904,47.6239,35.6912,35.6912,37.5076,30.9793,167.274,167.274,165.4237,92.8726
70,cnn,nsson,jetson_emulator,2,offload,0.5094058009938222,47.8626,34.1574,34.1574,35.2546,30.9793,167.274,167.274,165.5638,92.9289
71,cnn,nsson,jetson_emulator,2,local,0.49836132852732234,48.7491,34.0217,48.7491,50.9816,30.1428,167.274,167.274,165.8033,92.9307
72,cnn,nsson,jetson_emulator,2,offload,0.49688179521344794,48.0756,34.6182,34.6182,36.1342,30.9793,167.274,167.274,165.8442,92.9208
73,cnn,nsson,jetson_emulator,2,offload,0.5002985030083376,48.4093,34.2621,34.2621,36.6382,30.9793,167.274,167.274,165.9844,93.034
74,cnn,nsson,jetson_emulator,2,local,0.4986018350148088,48.1445,34.9012,48.1445,49.9339,30.2223,167.274,167.274,166.2241,92.8813
75,cnn,nsson,jetson_emulator,2,local,0.5036692412588857,48.5073,35.2736,48.5073,50.1587,30.1745,167.274,167.274,166.3644,92.886
76,cnn,nsson,jetson_emulator,2,offload,0.49907426164245045,47.7838,34.2529,34.2529,35.0504,30.9793,167.274,167.274,166.4049,92.8439
77,cnn,nsson,jetson_emulator,2,offload,0.4972917052890902,47.944,34.0629,34.0629,36.0276,30.9793,167.274,167.274,166.5451,92.9245
78,cnn,nsson,jetson_emulator,2,local,0.5006319811001945,48.2906,35.8802,48.2906,49.3498,30.2031,167.274,167.274,166.7851,92.8192
79,cnn,nsson,jetson_emulator,2,local,0.5007975840195867,47.9293,34.2334,47.9293,49.1446,30.2507,167.274,167.274,166.9254,92.922
80,cnn,nsson,jetson_emulator,2,local,0.5031129179314061,47.806,34.0876,47.806,49.5524,30.267,167.274,167.274,167.0657,92.9481
81,cnn,nsson,jetson_emulator,2,offload,0.5064270226434531,48.471,34.787,34.787,35.7691,30.9793,167.274,167.274,167.1058,92.8642
82,cnn,nsson,jetson_emulator,2,offload,0.5093097855359757,48.333,35.5593,35.5593,37.055,30.9793,167.274,167.274,167.246,92.9994
83,cnn,nsson,jetson_emulator,2,offload,0.49934156360417237,48.0451,34.5504,34.5504,36.1543,30.9793,167.274,167.274,167.3861,92.8797
84,cnn,nsson,jetson_emulator,2,local,0.5083196141387117,47.8723,35.5766,47.8723,50.0843,30.2583,167.274,167.274,167.6267,92.7769
85,cnn,nsson,jetson_emulator,2,offload,0.517360487340513,48.3313,35.3008,35.3008,37.2186,30.9793,167.274,167.274,167.6665,92.7955
86,cnn,nsson,jetson_emulator,2,local,0.5024043908003425,48.558,35.4062,48.558,49.885,30.1679,167.274,167.274,167.9072,92.9016
87,cnn,nsson,jetson_emulator,2,local,0.5099537693365849,48.5889,34.5264,48.5889,49.6261,30.1638,167.274,167.274,168.0475,92.9299
88,cnn,nsson,jetson_emulator,2,offload,0.5023842623747556,47.838,34.5499,34.5499,36.5822,30.9793,167.274,167.274,168.087,92.8895
89,cnn,nsson,jetson_emulator,2,offload,0.5032072878040672,47.7796,34.2778,34.2778,36.2069,30.9793,167.274,167.274,168.2272,92.9446
90,cnn,nsson,jetson_emulator,2,local,0.5017356031240091,48.4191,35.0337,48.4191,50.1603,30.1862,167.274,167.274,168.4683,92.8937
91,cnn,nsson,jetson_emulator,2,local,0.5021388884743618,48.1991,34.4007,48.1991,49.4179,30.2151,167.274,167.274,168.6085,92.8827
92,cnn,nsson,jetson_emulator,2,local,0.5182815986351774,48.0319,35.5779,48.0319,49.2301,30.2372,167.274,167.274,168.7488,92.9682
93,cnn,nsson,jetson_emulator,2,offload,0.5153864455978681,47.8435,34.381,34.381,36.2137,30.9793,167.274,167.274,168.7879,92.9676
94,cnn,nsson,jetson_emulator,2,offload,0.521799216364804,48.0295,34.391,34.391,35.8221,30.9793,167.274,167.274,168.9281,92.8844
95,cnn,nsson,jetson_emulator,2,local,0.512217982345768,48.9596,34.2389,48.9596,50.5143,30.1152,167.274,167.274,169.1696,92.9382
96,cnn,nsson,jetson_emulator,2,offload,0.5095094357392227,47.9554,34.868,34.868,36.9042,30.9793,167.274,167.274,169.2084,92.9154
97,cnn,nsson,jetson_emulator,2,offload,0.500067777359989,48.0171,34.8179,34.8179,36.4257,30.9793,167.274,167.274,169.3486,92.9589
98,cnn,nsson,jetson_emulator,2,local,0.4988400440335922,48.4104,35.5297,48.4104,49.8832,30.1873,167.274,167.274,169.5904,92.9554
99,cnn,nsson,jetson_emulator,2,offload,0.5015584072941062,47.7491,35.2028,35.2028,36.5776,30.9793,167.274,167.274,169.629,92.9526
100,cnn,nsson,jetson_emulator,2,local,0.50624086224426,49.362,34.343,49.362,50.8487,30.0626,167.274,167.274,169.8709,92.8856
101,cnn,nsson,jetson_emulator,2,offload,0.5140527765755356,47.8519,36.1944,36.1944,38.0858,30.9793,167.274,167.274,169.9093,92.9974
102,cnn,nsson,jetson_emulator,2,offload,0.5060805617567351,47.8357,34.5461,34.5461,37.1633,30.9793,167.274,167.274,170.0495,92.904
103,cnn,nsson,jetson_emulator,2,offload,0.507664148226823,47.7957,34.9605,34.9605,36.5865,30.9793,167.274,167.274,170.1897,92.8836
104,cnn,nsson,jetson_emulator,2,local,0.4964700872514902,47.699,34.7336,47.699,50.0567,30.2812,167.274,167.274,170.4319,92.9001
105,cnn,nsson,jetson_emulator,2,local,0.49966427942344305,47.7281,34.6294,47.7281,50.5165,30.2773,167.274,167.274,170.5722,92.934
106,cnn,nsson,jetson_emulator,2,offload,0.4984780828633316,47.7943,34.2184,34.2184,35.7872,30.9793,167.274,167.274,170.6102,92.8444
107,cnn,nsson,jetson_emulator,2,local,0.5136018573950616,48.1329,35.1748,48.1329,50.754,30.2239,167.274,167.274,170.8527,92.9852
108,cnn,nsson,jetson_emulator,2,local,0.5142850687184827,48.163,34.3114,48.163,50.0818,30.2199,167.274,167.274,170.993,92.9862
109,cnn,nsson,jetson_emulator,2,offload,0.5143399721720684,47.9652,34.3468,34.3468,35.9869,30.9793,167.274,167.274,171.0307,92.9641
110,cnn,nsson,jetson_emulator,2,offload,0.5160554552967629,47.7857,34.3378,34.3378,35.7278,30.9793,167.274,167.274,171.1709,92.9958
111,cnn,nsson,jetson_emulator,2,local,0.5108341996378349,47.87,34.7133,47.87,50.0974,30.2586,167.274,167.274,171.4137,92.9874
112,cnn,nsson,jetson_emulator,2,local,0.5139704956106499,47.7772,34.8794,47.7772,49.2889,30.2708,167.274,167.274,171.554,92.9431
113,cnn,nsson,jetson_emulator,2,local,0.5142182817455146,47.9764,35.5144,47.9764,49.352,30.2445,167.274,167.274,171.6943,92.9245
114,cnn,nsson,jetson_emulator,2,offload,0.5180965975618576,47.7101,34.1239,34.1239,35.9772,30.9793,167.274,167.274,171.7316,92.8137
115,cnn,nsson,jetson_emulator,2,local,0.5138074396231503,47.6313,34.1997,47.6313,49.6936,30.2902,167.274,167.274,171.9748,92.8608
116,cnn,nsson,jetson_emulator,2,offload,0.5198977079454561,47.6821,34.0207,34.0207,35.2444,30.9793,167.274,167.274,172.012,92.918
117,cnn,nsson,jetson_emulator,2,offload,0.5063933233959211,47.7392,35.2577,35.2577,37.4402,30.9793,167.274,167.274,172.1521,92.968
118,cnn,nsson,jetson_emulator,2,local,0.5125860936148765,47.9516,34.9158,47.9516,49.8267,30.2478,167.274,167.274,172.3956,92.8936
119,cnn,nsson,jetson_emulator,2,local,0.5090621586105577,47.5879,34.808,47.5879,49.1236,30.2959,167.274,167.274,172.5358,92.9516
120,cnn,nsson,jetson_emulator,2,offload,0.5061953768119536,48.5318,34.5726,34.5726,37.077,30.9793,167.274,167.274,172.5727,92.8322
121,cnn,nsson,jetson_emulator,2,local,0.5113928192887426,47.4344,34.5825,47.4344,48.1729,30.3163,167.274,167.274,172.8163,92.8695
122,cnn,nsson,jetson_emulator,2,offload,0.5083765247605718,47.882,34.0637,34.0637,35.5519,30.9793,167.274,167.274,172.853,92.9207
123,cnn,nsson,jetson_emulator,2,offload,0.5116242453703145,48.7453,34.0203,34.0203,36.1071,30.9793,167.274,167.274,172.9932,92.9676
124,cnn,nsson,jetson_emulator,2,offload,0.5095384189353716,47.6079,34.7379,34.7379,37.9147,30.9793,167.274,167.274,173.1334,92.9108
125,cnn,nsson,jetson_emulator,2,local,0.5105524585636364,47.6887,33.848,47.6887,49.5116,30.2826,167.274,167.274,173.3774,92.9967
126,cnn,nsson,jetson_emulator,2,offload,0.5064284333986159,48.8592,33.8372,33.8372,35.3273,30.9793,167.274,167.274,173.4137,92.8903
127,cnn,nsson,jetson_emulator,2,offload,0.5044224043520597,47.5508,34.3254,34.3254,36.2445,30.9793,167.274,167.274,173.5539,92.8614
128,cnn,nsson,jetson_emulator,2,local,0.4974383766344445,47.8307,35.2027,47.8307,49.5537,30.2638,167.274,167.274,173.7982,92.9005
129,cnn,nsson,jetson_emulator,2,offload,0.4915764772813395,47.5529,33.9421,33.9421,36.4543,30.9793,167.274,167.274,173.8342,92.8115
130,cnn,nsson,jetson_emulator,2,local,0.4887658073449359,47.5635,35.2226,47.5635,49.2265,30.2991,167.274,167.274,174.0787,92.8721
131,cnn,nsson,jetson_emulator,2,offload,0.49922127669526467,47.5114,34.6282,34.6282,36.5647,30.9793,167.274,167.274,174.1146,92.9375
132,cnn,nsson,jetson_emulator,2,offload,0.49275326946805814,48.0976,34.9983,34.9983,36.0979,30.9793,167.274,167.274,174.2548,92.9516
133,cnn,nsson,jetson_emulator,2,offload,0.4786324053611035,47.6258,34.6195,34.6195,36.6633,30.9793,167.274,167.274,174.395,92.9403
134,cnn,nsson,jetson_emulator,2,offload,0.48056912194411466,47.8384,34.2243,34.2243,36.5036,30.9793,167.274,167.274,174.5351,92.8295
135,cnn,nsson,jetson_emulator,2,offload,0.48796444933192196,47.1709,33.68,33.68,35.2396,30.9793,167.274,167.274,174.6753,92.8276
136,cnn,nsson,jetson_emulator,2,local,0.48501591581949294,47.8859,35.1725,47.8859,49.8063,30.2565,167.274,167.274,174.9202,92.9723
137,cnn,nsson,jetson_emulator,2,local,0.4778481830168709,47.1556,33.7253,47.1556,48.2188,30.3533,167.274,167.274,175.0605,92.9043
138,cnn,nsson,jetson_emulator,2,local,0.4836940900955434,47.111,35.5794,47.111,48.5873,30.3592,167.274,167.274,175.2008,92.9976
139,cnn,nsson,jetson_emulator,2,offload,0.48560161406881047,47.6299,34.468,34.468,35.7986,30.9793,167.274,167.274,175.236,92.9231
140,cnn,nsson,jetson_emulator,2,local,0.4880636067647972,47.0833,34.6569,47.0833,48.921,30.3629,167.274,167.274,175.4813,92.9847
141,cnn,nsson,jetson_emulator,2,offload,0.4929533583267886,47.0367,33.7413,33.7413,35.4296,30.9793,167.274,167.274,175.5164,92.8936
142,cnn,nsson,jetson_emulator,2,offload,0.4985030134076948,47.0993,33.5205,33.5205,35.5658,30.9793,167.274,167.274,175.6565,93.04
143,cnn,nsson,jetson_emulator,2,offload,0.4990483820241564,47.3128,34.1045,34.1045,35.7905,30.9793,167.274,167.274,175.7967,92.8408
144,cnn,nsson,jetson_emulator,2,local,0.500207222534838,46.7926,33.713,46.7926,48.3825,30.4017,167.274,167.274,176.0423,92.8828
145,cnn,nsson,jetson_emulator,2,offload,0.5069269781578742,46.9143,34.6285,34.6285,36.1535,30.9793,167.274,167.274,176.0771,92.9493
146,cnn,nsson,jetson_emulator,2,offload,0.5078515218211433,47.4867,34.2149,34.2149,35.3934,30.9793,167.274,167.274,176.2172,92.911
147,cnn,nsson,jetson_emulator,2,offload,0.49747988702220053,46.8913,34.3395,34.3395,35.564,30.9793,167.274,167.274,176.3574,92.8484
148,cnn,nsson,jetson_emulator,2,local,0.5031753298112898,46.7265,33.3208,46.7265,48.4945,30.4105,167.274,167.274,176.6034,92.8705
149,cnn,nsson,jetson_emulator,2,local,0.5062678641485705,47.1106,34.0556,47.1106,48.6122,30.3593,167.274,167.274,176.7436,92.8775
150,cnn,nsson,jetson_emulator,2,offload,0.4989468591139541,46.5274,35.1682,35.1682,37.36,30.9793,167.274,167.274,176.7779,92.8888
151,cnn,nsson,jetson_emulator,2,offload,0.4992214724420894,46.8781,34.0037,34.0037,35.5608,30.9793,167.274,167.274,176.9181,92.9467
152,cnn,nsson,jetson_emulator,2,offload,0.49050427879257663,46.7429,34.2519,34.2519,35.9454,30.9793,167.274,167.274,177.0583,92.8989
153,cnn,nsson,jetson_emulator,2,offload,0.4899881797294712,46.7561,33.8269,33.8269,35.1776,30.9793,167.274,167.274,177.1985,92.9006
154,cnn,nsson,jetson_emulator,2,offload,0.48427495403406107,46.5464,34.7161,34.7161,36.615,30.9793,167.274,167.274,177.3387,92.8466
155,cnn,nsson,jetson_emulator,2,local,0.49473886176887166,46.8345,33.7153,46.8345,48.6079,30.3961,167.274,167.274,177.5852,92.8735
156,cnn,nsson,jetson_emulator,2,local,0.49040493759992215,47.0302,34.2169,47.0302,48.5787,30.37,167.274,167.274,177.7255,92.929
157,cnn,nsson,jetson_emulator,2,offload,0.4977938959383472,47.298,33.1526,33.1526,33.8339,30.9793,167.274,167.274,177.7592,92.8789
158,cnn,nsson,jetson_emulator,2,offload,0.4999545785794381,46.9095,35.1313,35.1313,37.2583,30.9793,167.274,167.274,177.8994,92.9103
159,cnn,nsson,jetson_emulator,2,offload,0.5083986707411586,47.1124,35.25,35.25,37.12,30.9793,167.274,167.274,178.0395,92.8903
160,cnn,nsson,jetson_emulator,2,local,0.5079952512818336,46.975,34.3645,46.975,48.9805,30.3773,167.274,167.274,178.2865,92.9195
161,cnn,nsson,jetson_emulator,2,local,0.5028135144131671,46.6297,33.0993,46.6297,48.4714,30.4234,167.274,167.274,178.4268,92.9669
162,cnn,nsson,jetson_emulator,2,local,0.5106774617262297,46.4802,34.1637,46.4802,48.3854,30.4434,167.274,167.274,178.567,92.9118
163,cnn,nsson,jetson_emulator,2,local,0.5256568772184339,46.1936,34.0448,46.1936,47.6552,30.4818,167.274,167.274,178.7073,92.874
164,cnn,nsson,jetson_emulator,2,offload,0.5216830594223545,46.4974,33.448,33.448,35.014,30.9793,167.274,167.274,178.7404,92.9511
165,cnn,nsson,jetson_emulator,2,local,0.5160448365273009,47.2288,33.2516,47.2288,48.8666,30.3436,167.274,167.274,178.9878,92.9291
166,cnn,nsson,jetson_emulator,2,offload,0.5137058777458317,46.4461,33.6945,33.6945,36.0541,30.9793,167.274,167.274,179.0208,92.8282
167,cnn,nsson,jetson_emulator,2,offload,0.512054572389448,46.081,34.2728,34.2728,35.5443,30.9793,167.274,167.274,179.1609,92.866
168,cnn,nsson,jetson_emulator,2,offload,0.5029838329399127,46.0617,32.9797,32.9797,33.6555,30.9793,167.274,167.274,179.3011,92.9046
169,cnn,nsson,jetson_emulator,2,offload,0.5051520856301207,46.582,34.5251,34.5251,36.5489,30.9793,167.274,167.274,179.4413,92.9328
170,cnn,nsson,jetson_emulator,2,offload,0.5072933111969207,47.1776,33.2368,33.2368,35.7096,30.9793,167.274,167.274,179.5815,92.9336
171,cnn,nsson,jetson_emulator,2,local,0.5074286733300412,46.9939,34.0795,46.9939,49.2273,30.3748,167.274,167.274,179.8294,92.9426
172,cnn,nsson,jetson_emulator,2,offload,0.5067238881479039,46.0849,34.1268,34.1268,35.7393,30.9793,167.274,167.274,179.8618,92.851
173,cnn,nsson,jetson_emulator,2,offload,0.5122478335100581,45.8839,33.0343,33.0343,34.4235,30.9793,167.274,167.274,180.002,92.9164
174,cnn,nsson,jetson_emulator,2,offload,0.5198559277005981,46.648,33.2339,33.2339,35.5032,30.9793,167.274,167.274,180.1422,92.9249
175,cnn,nsson,jetson_emulator,2,offload,0.5229344081851963,46.261,33.8123,33.8123,35.1903,30.9793,167.274,167.274,180.2824,92.9671
176,cnn,nsson,jetson_emulator,2,offload,0.5225261647802583,45.8308,33.6383,33.6383,36.0757,30.9793,167.274,167.274,180.4225,92.9028
177,cnn,nsson,jetson_emulator,2,offload,0.50908086903281,47.1548,33.0687,33.0687,34.1382,30.9793,167.274,167.274,180.5627,92.8902
178,cnn,nsson,jetson_emulator,2,local,0.5062585908285332,46.5408,34.1241,46.5408,48.5914,30.4353,167.274,167.274,180.8112,92.909
179,cnn,nsson,jetson_emulator,2,offload,0.5171537719682291,45.8304,33.2003,33.2003,34.9563,30.9793,167.274,167.274,180.8431,92.8332
180,cnn,nsson,jetson_emulator,2,offload,0.5176910423772566,45.9877,33.0364,33.0364,34.5082,30.9793,167.274,167.274,180.9832,92.8848
181,cnn,nsson,jetson_emulator,2,local,0.5291932484945051,45.9539,33.3352,45.9539,47.9741,30.514,167.274,167.274,181.232,92.8597
182,cnn,nsson,jetson_emulator,2,local,0.5245286418659406,46.5202,33.4783,46.5202,47.5014,30.4381,167.274,167.274,181.3722,92.8166
183,cnn,nsson,jetson_emulator,2,local,0.5208755335653414,46.1208,32.7213,46.1208,48.1108,30.4916,167.274,167.274,181.5125,92.9633
184,cnn,nsson,jetson_emulator,2,offload,0.5231691518020564,45.9781,33.4794,33.4794,35.5211,30.9793,167.274,167.274,181.5439,92.8751
185,cnn,nsson,jetson_emulator,2,offload,0.5266488677104442,46.7193,33.9533,33.9533,35.4918,30.9793,167.274,167.274,181.6841,92.8378
186,cnn,nsson,jetson_emulator,2,local,0.524243319927929,45.9204,33.511,45.9204,47.9594,30.5185,167.274,167.274,181.9333,92.9772
187,cnn,nsson,jetson_emulator,2,local,0.5193176017735408,46.783,33.5679,46.783,48.5093,30.403,167.274,167.274,182.0735,92.8557
188,cnn,nsson,jetson_emulator,2,local,0.5220088762680458,46.3193,32.8868,46.3193,47.6781,30.465,167.274,167.274,182.2138,92.9465
189,cnn,nsson,jetson_emulator,2,offload,0.5214044794600388,46.3033,33.0534,33.0534,34.826,30.9793,167.274,167.274,182.2448,92.9155
190,cnn,nsson,jetson_emulator,2,offload,0.5246277380690992,46.0571,34.0717,34.0717,35.875,30.9793,167.274,167.274,182.385,92.9425
191,cnn,nsson,jetson_emulator,2,local,0.5249315822816458,45.8807,33.3413,45.8807,47.5245,30.5239,167.274,167.274,182.6346,92.9032
192,cnn,nsson,jetson_emulator,2,local,0.5270044134681753,45.9985,33.0914,45.9985,47.8085,30.508,167.274,167.274,182.7748,92.9606
193,cnn,nsson,jetson_emulator,2,offload,0.5171012743631969,46.6409,33.3421,33.3421,35.2327,30.9793,167.274,167.274,182.8055,92.8993
194,cnn,nsson,jetson_emulator,2,local,0.5154692499176329,46.808,33.8923,46.808,49.081,30.3996,167.274,167.274,183.0553,92.8843
195,cnn,nsson,jetson_emulator,2,offload,0.5129771674222668,45.6777,33.6892,33.6892,34.823,30.9793,167.274,167.274,183.0859,92.9682
196,cnn,nsson,jetson_emulator,2,offload,0.5076257501693587,46.123,33.3504,33.3504,34.9226,30.9793,167.274,167.274,183.2261,92.9332
197,cnn,nsson,jetson_emulator,2,local,0.5049307961162155,47.213,32.667,47.213,49.1356,30.3457,167.274,167.274,183.4761,92.8752
198,cnn,nsson,jetson_emulator,2,local,0.5153604721231027,46.2293,33.5896,46.2293,47.8933,30.477,167.274,167.274,183.6164,92.889
199,cnn,nsson,jetson_emulator,2,offload,0.5115802407188849,46.7878,32.9325,32.9325,34.7312,30.9793,167.274,167.274,183.6466,92.9089
200,cnn,nsson,jetson_emulator,2,offload,0.5139266903316245,46.1437,32.9993,32.9993,35.0515,30.9793,167.274,167.274,183.7868,92.9591
201,cnn,nsson,jetson_emulator,2,offload,0.5224273614665389,46.7767,33.6669,33.6669,35.58,30.9793,167.274,167.274,183.9269,92.8819
202,cnn,nsson,jetson_emulator,2,offload,0.521035108550012,46.2468,33.3874,33.3874,34.7136,30.9793,167.274,167.274,184.0671,92.9181
203,cnn,nsson,jetson_emulator,2,local,0.5206143962841959,46.4557,34.5715,46.4557,47.3334,30.4467,167.274,167.274,184.3177,92.9379
204,cnn,nsson,jetson_emulator,2,offload,0.5184509331763854,46.6011,32.7579,32.7579,34.0226,30.9793,167.274,167.274,184.3475,92.9016
205,cnn,nsson,jetson_emulator,2,local,0.5280087218057131,45.9447,33.4834,45.9447,47.4123,30.5152,167.274,167.274,184.5982,92.8847
206,cnn,nsson,jetson_emulator,2,offload,0.5262123992429927,47.0375,32.7402,32.7402,34.6986,30.9793,167.274,167.274,184.6278,92.8977
207,cnn,nsson,jetson_emulator,2,offload,0.5375531947593783,46.1008,33.6146,33.6146,35.2024,30.9793,167.274,167.274,184.768,92.8926
208,cnn,nsson,jetson_emulator,2,offload,0.5363359050088045,46.1878,33.049,33.049,35.3717,30.9793,167.274,167.274,184.9082,92.9022
209,cnn,nsson,jetson_emulator,2,local,0.5202733541725618,46.0629,33.2828,46.0629,47.826,30.4994,167.274,167.274,185.1593,92.9591
210,cnn,nsson,jetson_emulator,2,offload,0.5161567290724732,46.036,33.7925,33.7925,35.402,30.9793,167.274,167.274,185.1885,92.869
211,cnn,nsson,jetson_emulator,2,offload,0.5167526965444821,46.2146,32.9878,32.9878,34.8768,30.9793,167.274,167.274,185.3287,92.899
212,cnn,nsson,jetson_emulator,2,offload,0.5226890022508129,46.0303,33.3674,33.3674,34.8256,30.9793,167.274,167.274,185.4689,92.9449
213,cnn,nsson,jetson_emulator,2,offload,0.5163618563103496,46.0873,33.4978,33.4978,34.8257,30.9793,167.274,167.274,185.6091,92.9383
214,cnn,nsson,jetson_emulator,2,local,0.5096503014077775,46.0779,32.9415,46.0779,46.8388,30.4974,167.274,167.274,185.8606,92.9476
215,cnn,nsson,jetson_emulator,2,offload,0.5122427398325283,46.8278,33.7033,33.7033,34.9758,30.9793,167.274,167.274,185.8894,92.8747
216,cnn,nsson,jetson_emulator,2,offload,0.509044152768363,46.4642,33.6084,33.6084,35.4265,30.9793,167.274,167.274,186.0296,92.9364
217,cnn,nsson,jetson_emulator,2,local,0.516343735725638,46.2319,33.8448,46.2319,48.062,30.4767,167.274,167.274,186.2813,92.8326
218,cnn,nsson,jetson_emulator,2,local,0.5109635486954855,46.7618,35.7422,46.7618,48.7758,30.4058,167.274,167.274,186.4216,92.8547
219,cnn,nsson,jetson_emulator,2,offload,0.5004458534658853,46.2898,34.0921,34.0921,35.644,30.9793,167.274,167.274,186.4501,92.8837
220,cnn,nsson,jetson_emulator,2,offload,0.502427596184655,46.5316,33.5371,33.5371,35.6085,30.9793,167.274,167.274,186.5903,92.9099
221,cnn,nsson,jetson_emulator,2,offload,0.5050647971463721,46.3777,33.6735,33.6735,36.3649,30.9793,167.274,167.274,186.7305,92.8544
222,cnn,nsson,jetson_emulator,2,local,0.5021057719846724,46.5666,33.8485,46.5666,48.8903,30.4319,167.274,167.274,186.9826,92.9348
223,cnn,nsson,jetson_emulator,2,offload,0.5015534314018245,46.8009,33.2729,33.2729,35.4104,30.9793,167.274,167.274,187.0108,92.8584
224,cnn,nsson,jetson_emulator,2,offload,0.49623066476028654,46.5406,33.7237,33.7237,34.771,30.9793,167.274,167.274,187.151,92.9495
225,cnn,nsson,jetson_emulator,2,offload,0.49624134572145306,46.6593,33.8346,33.8346,35.6624,30.9793,167.274,167.274,187.2912,92.9346
226,cnn,nsson,jetson_emulator,2,local,0.5003930198738099,46.8549,33.5327,46.8549,48.1736,30.3934,167.274,167.274,187.5437,92.8722
227,cnn,nsson,jetson_emulator,2,offload,0.5097977513369956,46.9169,34.4895,34.4895,35.9409,30.9793,167.274,167.274,187.5715,92.9169
228,cnn,nsson,jetson_emulator,2,local,0.5131703851222643,47.0793,34.4534,47.0793,49.193,30.3635,167.274,167.274,187.8242,92.9197
229,cnn,nsson,jetson_emulator,2,local,0.5122080844605699,46.7548,33.3422,46.7548,48.1693,30.4067,167.274,167.274,187.9645,92.8834
230,cnn,nsson,jetson_emulator,2,offload,0.5150336364391861,46.6589,33.5635,33.5635,35.5495,30.9793,167.274,167.274,187.9921,92.9583
231,cnn,nsson,jetson_emulator,2,local,0.5053770736350938,47.3031,33.8354,47.3031,49.39,30.3337,167.274,167.274,188.245,92.8554
232,cnn,nsson,jetson_emulator,2,local,0.5109502627745737,47.2114,35.6338,47.2114,48.7741,30.3459,167.274,167.274,188.3852,92.8421
233,cnn,nsson,jetson_emulator,2,local,0.5093147380462728,47.9402,34.2926,47.9402,49.5439,30.2493,167.274,167.274,188.5255,92.9585
234,cnn,nsson,jetson_emulator,2,offload,0.5043245765761356,47.1971,34.0026,34.0026,35.8472,30.9793,167.274,167.274,188.5528,92.9256
235,cnn,nsson,jetson_emulator,2,offload,0.5024131072220003,46.9172,34.0228,34.0228,35.4924,30.9793,167.274,167.274,188.6929,92.9128
236,cnn,nsson,jetson_emulator,2,local,0.5032631650550787,47.6945,34.7805,47.6945,50.1183,30.2818,167.274,167.274,188.9463,92.8632
237,cnn,nsson,jetson_emulator,2,offload,0.5050745192619455,47.2354,33.9886,33.9886,35.1992,30.9793,167.274,167.274,188.9733,92.8982
238,cnn,nsson,jetson_emulator,2,offload,0.5139591901232429,48.1628,34.5085,34.5085,36.2617,30.9793,167.274,167.274,189.1135,92.9076
239,cnn,nsson,jetson_emulator,2,offload,0.5113207096591986,47.1484,33.9751,33.9751,35.6571,30.9793,167.274,167.274,189.2536,92.964
240,cnn,nsson,jetson_emulator,2,offload,0.5124103168380338,47.2316,33.8632,33.8632,36.3866,30.9793,167.274,167.274,189.3938,92.9326
241,cnn,nsson,jetson_emulator,2,offload,0.5147384384508911,47.316,35.819,35.819,37.6913,30.9793,167.274,167.274,189.534,92.9307
242,cnn,nsson,jetson_emulator,2,local,0.5203681637387052,47.6937,34.2082,47.6937,48.6903,30.2819,167.274,167.274,189.7878,92.9453
243,cnn,nsson,jetson_emulator,2,offload,0.5108291493801401,47.5716,36.1128,36.1128,38.3282,30.9793,167.274,167.274,189.8144,92.9882
244,cnn,nsson,jetson_emulator,2,local,0.5024681990552129,47.5369,34.2563,47.5369,48.8682,30.3027,167.274,167.274,190.0684,92.9615
245,cnn,nsson,jetson_emulator,2,local,0.5145313373341315,48.1349,35.4502,48.1349,48.8086,30.2236,167.274,167.274,190.2086,92.9184
246,cnn,nsson,jetson_emulator,2,offload,0.5143371482408234,48.0514,35.9095,35.9095,37.3416,30.9793,167.274,167.274,190.2349,92.816
247,cnn,nsson,jetson_emulator,2,offload,0.5186450212203289,47.7813,34.7465,34.7465,35.9435,30.9793,167.274,167.274,190.3751,92.9388
248,cnn,nsson,jetson_emulator,2,local,0.5126514303707295,47.9644,34.7235,47.9644,50.0536,30.2461,167.274,167.274,190.6294,92.8893
249,cnn,nsson,jetson_emulator,2,offload,0.5098279981760927,48.2758,34.3771,34.3771,34.9769,30.9793,167.274,167.274,190.6554,92.8402
250,cnn,nsson,jetson_emulator,2,offload,0.5005314118629807,48.6087,34.821,34.821,36.4041,30.9793,167.274,167.274,190.7956,92.9007
251,cnn,nsson,jetson_emulator,2,offload,0.5007240825284645,48.2847,34.5913,34.5913,37.2237,30.9793,167.274,167.274,190.9358,92.9468
252,cnn,nsson,jetson_emulator,2,offload,0.5167023440366472,48.0383,34.3698,34.3698,36.4808,30.9793,167.274,167.274,191.0759,92.9501
253,cnn,nsson,jetson_emulator,2,offload,0.5090918871147865,48.4359,34.5185,34.5185,36.4261,30.9793,167.274,167.274,191.2161,92.9262
254,cnn,nsson,jetson_emulator,2,offload,0.5165644174993846,48.5007,35.7714,35.7714,36.3034,30.9793,167.274,167.274,191.3563,92.9454
255,cnn,nsson,jetson_emulator,2,offload,0.5097744286636511,48.8016,35.2247,35.2247,37.8019,30.9793,167.274,167.274,191.4965,92.853
256,cnn,nsson,jetson_emulator,2,offload,0.5091426309844229,48.9585,35.4656,35.4656,37.2996,30.9793,167.274,167.274,191.6366,92.9249
257,cnn,nsson,jetson_emulator,2,local,0.5154533812354959,48.4585,35.0838,48.4585,50.3229,30.181,167.274,167.274,191.8917,92.9151
258,cnn,nsson,jetson_emulator,2,offload,0.508356048038062,48.8052,34.753,34.753,36.6128,30.9793,167.274,167.274,191.917,92.8486
259,cnn,nsson,jetson_emulator,2,local,0.5045365637426471,48.8063,35.9034,48.8063,49.8724,30.1353,167.274,167.274,192.1723,92.9071
260,cnn,nsson,jetson_emulator,2,offload,0.5012840001592571,49.0708,35.6361,35.6361,36.9047,30.9793,167.274,167.274,192.1973,92.9212
261,cnn,nsson,jetson_emulator,2,local,0.5148514107981103,49.4866,35.7101,49.4866,51.7883,30.0464,167.274,167.274,192.4528,92.8958
262,cnn,nsson,jetson_emulator,2,local,0.5232623211689273,48.9372,35.1158,48.9372,50.8234,30.1181,167.274,167.274,192.593,92.8746
263,cnn,nsson,jetson_emulator,2,offload,0.5332997617949616,49.0306,35.4386,35.4386,36.9237,30.9793,167.274,167.274,192.6179,92.9085
264,cnn,nsson,jetson_emulator,2,offload,0.5336821562728913,49.1682,35.3675,35.3675,35.8845,30.9793,167.274,167.274,192.7581,92.852
265,cnn,nsson,jetson_emulator,2,local,0.5405947880663278,50.2334,35.7479,50.2334,52.4912,29.9493,167.274,167.274,193.0138,92.9589
266,cnn,nsson,jetson_emulator,2,offload,0.5289523722142003,49.2859,35.427,35.427,37.5377,30.9793,167.274,167.274,193.0384,92.9506
267,cnn,nsson,jetson_emulator,2,offload,0.5349723230139762,49.4664,35.7776,35.7776,37.812,30.9793,167.274,167.274,193.1786,92.901
268,cnn,nsson,jetson_emulator,2,local,0.5327109850658563,49.4625,36.2552,49.4625,51.5032,30.0495,167.274,167.274,193.4346,92.9494
269,cnn,nsson,jetson_emulator,2,offload,0.5311215307387541,49.7964,37.1243,37.1243,38.5678,30.9793,167.274,167.274,193.4589,92.8303
270,cnn,nsson,jetson_emulator,2,offload,0.5396403893899795,50.0055,35.9191,35.9191,37.1752,30.9793,167.274,167.274,193.5991,92.8638
271,cnn,nsson,jetson_emulator,2,offload,0.5408193869162737,50.449,35.8331,35.8331,36.8894,30.9793,167.274,167.274,193.7393,92.9612
272,cnn,nsson,jetson_emulator,2,offload,0.5333414052133365,50.1837,35.9413,35.9413,37.3784,30.9793,167.274,167.274,193.8795,92.9798
273,cnn,nsson,jetson_emulator,2,offload,0.526891228136833,49.9963,35.9942,35.9942,38.0998,30.9793,167.274,167.274,194.0196,92.8593
274,cnn,nsson,jetson_emulator,2,local,0.5163013702350929,50.9968,37.3235,50.9968,52.3816,29.8508,167.274,167.274,194.2762,92.7912
275,cnn,nsson,jetson_emulator,2,offload,0.5203307013296875,50.1339,36.3897,36.3897,37.8606,30.9793,167.274,167.274,194.3,92.8578
276,cnn,nsson,jetson_emulator,2,offload,0.522092432708602,51.0361,36.1551,36.1551,37.7675,30.9793,167.274,167.274,194.4402,92.9621
277,cnn,nsson,jetson_emulator,2,local,0.5179876097548601,50.2863,36.0504,50.2863,51.8861,29.9425,167.274,167.274,194.697,92.9756
278,cnn,nsson,jetson_emulator,2,local,0.5174389229341166,50.7619,36.5231,50.7619,52.8137,29.881,167.274,167.274,194.8372,92.8797
279,cnn,nsson,jetson_emulator,2,local,0.5047399822801228,51.2733,36.146,51.2733,53.3822,29.8152,167.274,167.274,194.9775,92.9392
280,cnn,nsson,jetson_emulator,2,local,0.5113144716114295,51.4775,36.4139,51.4775,52.5948,29.7891,167.274,167.274,195.1177,92.9963
281,cnn,nsson,jetson_emulator,2,local,0.5134046231622474,51.6409,36.9865,51.6409,53.8673,29.7681,167.274,167.274,195.258,92.8993
282,cnn,nsson,jetson_emulator,2,local,0.5143762037498203,50.9858,36.9688,50.9858,52.4586,29.8522,167.274,167.274,195.3983,92.9441
283,cnn,nsson,jetson_emulator,2,local,0.5121359173822843,51.0369,36.4362,51.0369,52.3067,29.8456,167.274,167.274,195.5385,92.945
284,cnn,nsson,jetson_emulator,2,offload,0.5045944514714318,51.518,37.0905,37.0905,39.1813,30.9793,167.274,167.274,195.5616,92.9618
285,cnn,nsson,jetson_emulator,2,offload,0.5094919397883897,51.3277,36.6999,36.6999,38.0389,30.9793,167.274,167.274,195.7018,92.9619
286,cnn,nsson,jetson_emulator,2,offload,0.5154553343467055,52.0798,37.6428,37.6428,40.1843,30.9793,167.274,167.274,195.8419,93.0776
287,cnn,nsson,jetson_emulator,2,local,0.5103283233611855,51.6344,36.7087,51.6344,53.8253,29.769,167.274,167.274,196.0996,92.8824
288,cnn,nsson,jetson_emulator,2,offload,0.5091612918578469,51.4768,37.0051,37.0051,38.8014,30.9793,167.274,167.274,196.1223,92.8321
289,cnn,nsson,jetson_emulator,2,local,0.5178650480846859,51.9079,37.1202,51.9079,53.0925,29.734,167.274,167.274,196.3801,92.9709
290,cnn,nsson,jetson_emulator,2,local,0.5136235460763242,52.179,37.4077,52.179,53.53,29.6994,167.274,167.274,196.5203,92.8726
291,cnn,nsson,jetson_emulator,2,offload,0.5106776683249701,52.2611,37.0979,37.0979,39.194,30.9793,167.274,167.274,196.5428,93.0272
292,cnn,nsson,jetson_emulator,2,offload,0.5104146871722958,52.4858,37.0771,37.0771,39.0022,30.9793,167.274,167.274,196.683,92.8765
293,cnn,nsson,jetson_emulator,2,local,0.5000471027684094,52.2405,37.691,52.2405,53.9025,29.6916,167.274,167.274,196.9411,92.9375
294,cnn,nsson,jetson_emulator,2,offload,0.49227393517793255,52.3155,37.5483,37.5483,39.021,30.9793,167.274,167.274,196.9633,92.9281
295,cnn,nsson,jetson_emulator,2,local,0.49165248449125865,52.6818,37.4007,52.6818,54.3363,29.6355,167.274,167.274,197.2216,92.8765
296,cnn,nsson,jetson_emulator,2,local,0.4960907399535835,52.7557,38.1262,52.7557,54.675,29.6262,167.274,167.274,197.3619,92.9312
297,cnn,nsson,jetson_emulator,2,local,0.5010554288424555,52.7514,38.384,52.7514,55.0044,29.6267,167.274,167.274,197.5022,92.9012
298,cnn,nsson,jetson_emulator,2,offload,0.4905016217526961,52.6953,38.0589,38.0589,39.8849,30.9793,167.274,167.274,197.524,92.8581
299,cnn,nsson,jetson_emulator,2,offload,0.49549860117254485,52.9519,37.6663,37.6663,39.0882,30.9793,167.274,167.274,197.6642,92.9673
300,cnn,nsson,jetson_emulator,2,offload,0.5082231018284195,53.1568,37.7591,37.7591,38.3089,30.9793,167.274,167.274,197.8044,92.9231
301,cnn,nsson,jetson_emulator,2,offload,0.5034600325415091,53.0374,38.6965,38.6965,40.372,30.9793,167.274,167.274,197.9446,92.9167
302,cnn,nsson,jetson_emulator,2,offload,0.5066907130431977,53.3609,37.9676,37.9676,39.5488,30.9793,167.274,167.274,198.0848,92.9384
303,cnn,nsson,jetson_emulator,2,local,0.5012687656220587,53.6788,37.8436,53.6788,55.9686,29.5097,167.274,167.274,198.3437,92.8972
304,cnn,nsson,jetson_emulator,2,offload,0.5105204919978323,53.5146,38.9972,38.9972,39.9136,30.9793,167.274,167.274,198.3651,92.8089
305,cnn,nsson,jetson_emulator,2,offload,0.5098338853133774,53.4225,38.5995,38.5995,40.512,30.9793,167.274,167.274,198.5053,92.9568
306,cnn,nsson,jetson_emulator,2,offload,0.5092298249565916,53.8952,39.0124,39.0124,40.109,30.9793,167.274,167.274,198.6455,92.8605
307,cnn,nsson,jetson_emulator,2,offload,0.5081161344685869,54.576,38.3925,38.3925,39.9543,30.9793,167.274,167.274,198.7856,92.9579
308,cnn,nsson,jetson_emulator,2,offload,0.5041283600120388,55.0647,39.6241,39.6241,41.8284,30.9793,167.274,167.274,198.9258,92.9502
309,cnn,nsson,jetson_emulator,2,offload,0.5046662359258183,53.6821,38.6375,38.6375,40.2114,30.9793,167.274,167.274,199.066,92.9013
310,cnn,nsson,jetson_emulator,2,local,0.5053693208967286,53.7959,39.6354,53.7959,55.19,29.4949,167.274,167.274,199.3255,92.8954
311,cnn,nsson,jetson_emulator,2,offload,0.5013897919197816,54.055,38.5235,38.5235,40.5591,30.9793,167.274,167.274,199.3463,92.908
312,cnn,nsson,jetson_emulator,2,local,0.49949331926026597,54.4186,38.798,54.4186,56.5586,29.4169,167.274,167.274,199.6061,92.8229
313,cnn,nsson,jetson_emulator,2,local,0.49343863047428177,54.5286,39.038,54.5286,56.2391,29.4032,167.274,167.274,199.7463,92.915
314,cnn,nsson,jetson_emulator,2,local,0.4971789095833814,54.142,38.7728,54.142,56.1129,29.4515,167.274,167.274,199.8866,93.0112
315,cnn,nsson,jetson_emulator,2,offload,0.49605171239484586,54.4723,39.4474,39.4474,40.5599,30.9793,167.274,167.274,199.907,92.828
316,cnn,nsson,jetson_emulator,2,offload,0.4904699259982138,55.1222,39.991,39.991,41.0934,30.9793,167.274,167.274,200.0472,92.8951
317,cnn,nsson,jetson_emulator,2,local,0.4894834010593469,54.4283,39.4147,54.4283,56.2379,29.4157,167.274,167.274,200.3074,92.8377
318,cnn,nsson,jetson_emulator,2,offload,0.48093753134367534,55.1348,39.1848,39.1848,40.7609,30.9793,167.274,167.274,200.3276,92.9014
319,cnn,nsson,jetson_emulator,2,offload,0.4897067813715516,54.8164,39.9071,39.9071,40.9264,30.9793,167.274,167.274,200.4678,92.9756
320,cnn,nsson,jetson_emulator,2,local,0.47740039428213454,54.7415,39.06,54.7415,55.8127,29.3766,167.274,167.274,200.7281,92.9996
321,cnn,nsson,jetson_emulator,2,offload,0.47027169738749725,55.5126,39.37,39.37,41.7963,30.9793,167.274,167.274,200.7481,92.8999
322,cnn,nsson,jetson_emulator,2,offload,0.4568211466907407,54.8964,39.5799,39.5799,40.6085,30.9793,167.274,167.274,200.8883,92.8878
323,cnn,nsson,jetson_emulator,2,offload,0.4537765160786632,55.6407,39.4669,39.4669,41.267,30.9793,167.274,167.274,201.0285,92.9933
324,cnn,nsson,jetson_emulator,2,offload,0.4499083012003057,55.7205,40.3378,40.3378,42.689,30.9793,167.274,167.274,201.1686,92.8858
325,cnn,nsson,jetson_emulator,2,offload,0.45523910572913506,55.5404,39.4342,39.4342,40.681,30.9793,167.274,167.274,201.3088,92.9968
326,cnn,nsson,jetson_emulator,2,offload,0.456977493871117,56.1246,40.1506,40.1506,41.9331,30.9793,167.274,167.274,201.449,92.9961
327,cnn,nsson,jetson_emulator,2,offload,0.4500981773515928,55.9064,39.7187,39.7187,41.5649,30.9793,167.274,167.274,201.5892,92.917
328,cnn,nsson,jetson_emulator,2,offload,0.44707602694957405,55.561,39.9442,39.9442,41.3799,30.9793,167.274,167.274,201.7293,92.9617
329,cnn,nsson,jetson_emulator,2,local,0.4441266768120961,55.5525,40.3945,55.5525,58.3309,29.2759,167.274,167.274,201.9905,92.9479
330,cnn,nsson,jetson_emulator,2,offload,0.4436680347513989,55.555,40.0818,40.0818,42.3058,30.9793,167.274,167.274,202.0097,92.916
331,cnn,nsson,jetson_emulator,2,offload,0.4525629210609253,56.977,40.5156,40.5156,42.2493,30.9793,167.274,167.274,202.1499,92.8602
332,cnn,nsson,jetson_emulator,2,local,0.4456520151405365,55.9264,40.1724,55.9264,57.7046,29.2297,167.274,167.274,202.4113,92.8952
333,cnn,nsson,jetson_emulator,2,local,0.4487803453287451,56.5479,40.3536,56.5479,58.5875,29.1533,167.274,167.274,202.5515,92.8918
334,cnn,nsson,jetson_emulator,2,local,0.4428029378268832,56.1348,41.6789,56.1348,58.0413,29.204,167.274,167.274,202.6918,92.9125
335,cnn,nsson,jetson_emulator,2,local,0.4402480733946286,56.1141,39.9946,56.1141,58.2757,29.2066,167.274,167.274,202.8321,92.9147
336,cnn,nsson,jetson_emulator,2,local,0.4489449798755402,56.2065,40.176,56.2065,57.9814,29.1952,167.274,167.274,202.9723,92.9216
337,cnn,nsson,jetson_emulator,2,offload,0.45455092542649017,56.3207,40.2917,40.2917,42.3987,30.9793,167.274,167.274,202.9909,92.9364
338,cnn,nsson,jetson_emulator,2,offload,0.4526525203131148,56.6342,40.8105,40.8105,42.2889,30.9793,167.274,167.274,203.1311,92.8981
339,cnn,nsson,jetson_emulator,2,offload,0.4591765273611524,56.8558,40.3614,40.3614,41.9754,30.9793,167.274,167.274,203.2713,92.9348
340,cnn,nsson,jetson_emulator,2,offload,0.45797342515349665,57.4921,40.679,40.679,42.5791,30.9793,167.274,167.274,203.4115,92.9386
341,cnn,nsson,jetson_emulator,2,offload,0.45699961957232693,56.3889,40.6193,40.6193,42.5085,30.9793,167.274,167.274,203.5516,92.9829
342,cnn,nsson,jetson_emulator,2,local,0.455849242588929,56.4639,41.6467,56.4639,58.7024,29.1636,167.274,167.274,203.8139,92.943
343,cnn,nsson,jetson_emulator,2,local,0.46104610588529016,56.7496,42.0138,56.7496,58.4831,29.1285,167.274,167.274,203.9541,92.8903
344,cnn,nsson,jetson_emulator,2,local,0.461947234192289,56.9386,41.0516,56.9386,58.2924,29.1054,167.274,167.274,204.0944,92.932
345,cnn,nsson,jetson_emulator,2,offload,0.4698500804022989,56.6486,41.3306,41.3306,43.6327,30.9793,167.274,167.274,204.1123,92.8804
346,cnn,nsson,jetson_emulator,2,local,0.4711169995106741,58.2299,40.6831,58.2299,59.8974,28.9483,167.274,167.274,204.3749,92.8473
347,cnn,nsson,jetson_emulator,2,offload,0.48563831241550043,56.9442,41.5027,41.5027,43.7849,30.9793,167.274,167.274,204.3927,92.9889
348,cnn,nsson,jetson_emulator,2,offload,0.4904902271770873,56.9985,40.7398,40.7398,42.5251,30.9793,167.274,167.274,204.5329,92.997
349,cnn,nsson,jetson_emulator,2,offload,0.5009900409492892,57.1784,41.8467,41.8467,43.698,30.9793,167.274,167.274,204.673,92.8423
350,cnn,nsson,jetson_emulator,2,local,0.5059877070312562,57.1546,41.7259,57.1546,58.8915,29.079,167.274,167.274,204.936,92.8509
351,cnn,nsson,jetson_emulator,2,local,0.5049907275119527,57.4023,41.0906,57.4023,59.11,29.0488,167.274,167.274,205.0762,92.883
352,cnn,nsson,jetson_emulator,2,local,0.5124706371973525,57.3604,41.0876,57.3604,59.288,29.0539,167.274,167.274,205.2165,92.9005
353,cnn,nsson,jetson_emulator,2,local,0.5146790002758314,57.183,40.8991,57.183,59.1763,29.0755,167.274,167.274,205.3567,92.9396
354,cnn,nsson,jetson_emulator,2,offload,0.5155477538376134,57.3462,41.076,41.076,42.9612,30.9793,167.274,167.274,205.3739,92.9342
355,cnn,nsson,jetson_emulator,2,local,0.5145916693811856,57.6237,42.8403,57.6237,59.4379,29.0218,167.274,167.274,205.6373,92.9302
356,cnn,nsson,jetson_emulator,2,local,0.5182701000116388,58.5498,41.0882,58.5498,59.456,28.9097,167.274,167.274,205.7775,92.8644
357,cnn,nsson,jetson_emulator,2,local,0.5227907143540892,57.4637,42.1314,57.4637,59.1281,29.0413,167.274,167.274,205.9178,92.9376
358,cnn,nsson,jetson_emulator,2,offload,0.5139432413837067,57.5946,41.9612,41.9612,43.1156,30.9793,167.274,167.274,205.9346,92.9698
359,cnn,nsson,jetson_emulator,2,offload,0.5240293186037366,57.5315,41.6114,41.6114,43.4013,30.9793,167.274,167.274,206.0748,92.862
360,cnn,nsson,jetson_emulator,2,offload,0.5208512939025747,58.1072,43.2217,43.2217,45.0052,30.9793,167.274,167.274,206.215,92.9513
361,cnn,nsson,jetson_emulator,2,local,0.5160326549696217,57.7119,42.3624,57.7119,59.2626,29.0111,167.274,167.274,206.4788,92.9676
362,cnn,nsson,jetson_emulator,2,local,0.517509001317638,59.1223,41.4911,59.1223,60.9243,28.8407,167.274,167.274,206.6191,92.9
363,cnn,nsson,jetson_emulator,2,local,0.5151982237374847,58.0657,41.4086,58.0657,59.5216,28.9682,167.274,167.274,206.7593,92.8629
364,cnn,nsson,jetson_emulator,2,offload,0.5038939284558701,57.8536,41.4121,41.4121,43.0277,30.9793,167.274,167.274,206.7757,92.9386
365,cnn,nsson,jetson_emulator,2,offload,0.4963379892349157,58.8038,41.4175,41.4175,42.4575,30.9793,167.274,167.274,206.9159,92.8466
366,cnn,nsson,jetson_emulator,2,offload,0.4983410014080147,57.9904,41.4486,41.4486,43.0344,30.9793,167.274,167.274,207.056,92.9825
367,cnn,nsson,jetson_emulator,2,offload,0.48742717087575926,57.9641,42.1809,42.1809,43.6303,30.9793,167.274,167.274,207.1962,92.9847
368,cnn,nsson,jetson_emulator,2,local,0.4876296352683117,58.5151,41.4995,58.5151,60.6973,28.9138,167.274,167.274,207.4606,92.9237
369,cnn,nsson,jetson_emulator,2,offload,0.48926915945973276,58.0917,42.138,42.138,44.2857,30.9793,167.274,167.274,207.4766,92.7929
370,cnn,nsson,jetson_emulator,2,offload,0.48817308751093785,59.3049,41.8195,41.8195,43.3667,30.9793,167.274,167.274,207.6167,92.9289
371,cnn,nsson,jetson_emulator,2,local,0.499891086061302,58.3701,42.3094,58.3701,60.369,28.9314,167.274,167.274,207.8814,92.865
372,cnn,nsson,jetson_emulator,2,local,0.4952521544844041,58.3124,42.3604,58.3124,60.171,28.9383,167.274,167.274,208.0217,92.9155
373,cnn,nsson,jetson_emulator,2,local,0.49632189475646155,58.3102,42.0862,58.3102,59.9065,28.9386,167.274,167.274,208.1619,92.9473
374,cnn,nsson,jetson_emulator,2,offload,0.49202352754451445,58.177,43.2426,43.2426,45.0587,30.9793,167.274,167.274,208.1775,92.9107
375,cnn,nsson,jetson_emulator,2,local,0.5002297696662708,58.5188,42.1406,58.5188,59.8053,28.9134,167.274,167.274,208.4425,92.8437
376,cnn,nsson,jetson_emulator,2,local,0.4996727502496445,58.2488,41.6417,58.2488,59.9762,28.946,167.274,167.274,208.5827,92.8733
377,cnn,nsson,jetson_emulator,2,local,0.4981318135788934,58.5006,42.2312,58.5006,59.4881,28.9156,167.274,167.274,208.723,92.8643
378,cnn,nsson,jetson_emulator,2,local,0.49380167770480693,59.1998,41.7613,59.1998,61.4107,28.8314,167.274,167.274,208.8633,92.8584
379,cnn,nsson,jetson_emulator,2,local,0.4865145280601876,59.3735,42.1789,59.3735,61.213,28.8106,167.274,167.274,209.0035,92.9332
380,cnn,nsson,jetson_emulator,2,local,0.47846535806404594,58.6395,42.0296,58.6395,60.1904,28.8988,167.274,167.274,209.1438,93.0325
381,cnn,nsson,jetson_emulator,2,offload,0.48495087238384776,58.3003,43.324,43.324,44.8576,30.9793,167.274,167.274,209.1587,92.9617
382,cnn,nsson,jetson_emulator,2,offload,0.48641327708289933,58.6821,42.7191,42.7191,44.66,30.9793,167.274,167.274,209.2989,92.9335
383,cnn,nsson,jetson_emulator,2,offload,0.4876694691466134,58.5384,41.8344,41.8344,43.7436,30.9793,167.274,167.274,209.439,92.8643
384,cnn,nsson,jetson_emulator,2,offload,0.4839857695014819,58.5015,42.0643,42.0643,43.9788,30.9793,167.274,167.274,209.5792,92.9357
385,cnn,nsson,jetson_emulator,2,offload,0.4815427429848665,58.6,41.7815,41.7815,44.6786,30.9793,167.274,167.274,209.7194,92.8719
386,cnn,nsson,jetson_emulator,2,offload,0.4795652736404477,59.252,42.8045,42.8045,44.5428,30.9793,167.274,167.274,209.8596,92.93
387,cnn,nsson,jetson_emulator,2,local,0.4809315366637298,58.6156,41.8561,58.6156,60.5786,28.9017,167.274,167.274,210.1256,92.9698
388,cnn,nsson,jetson_emulator,2,offload,0.47861025886938585,59.1917,43.3272,43.3272,44.9807,30.9793,167.274,167.274,210.1399,92.8734
389,cnn,nsson,jetson_emulator,2,offload,0.4719516940586877,58.6278,43.2459,43.2459,46.2751,30.9793,167.274,167.274,210.2801,92.9793
390,cnn,nsson,jetson_emulator,2,local,0.4753380843704401,59.8584,41.9418,59.8584,61.886,28.7526,167.274,167.274,210.5464,92.9747
391,cnn,nsson,jetson_emulator,2,offload,0.4653743598816004,58.8692,41.8335,41.8335,43.1576,30.9793,167.274,167.274,210.5604,92.891
392,cnn,nsson,jetson_emulator,2,local,0.4681383519065353,58.782,43.4751,58.782,60.1455,28.8817,167.274,167.274,210.8269,92.9576
393,cnn,nsson,jetson_emulator,2,local,0.4676858794604297,58.5084,43.6329,58.5084,59.7849,28.9146,167.274,167.274,210.9672,92.9009
394,cnn,nsson,jetson_emulator,2,offload,0.4740818954945046,58.6582,42.7434,42.7434,44.6613,30.9793,167.274,167.274,210.981,92.9927
395,cnn,nsson,jetson_emulator,2,offload,0.47335759830727053,59.6575,43.2184,43.2184,45.6941,30.9793,167.274,167.274,211.1212,92.9683
396,cnn,nsson,jetson_emulator,2,offload,0.47868423851254405,58.7403,42.2011,42.2011,43.0053,30.9793,167.274,167.274,211.2613,93.0032
397,cnn,nsson,jetson_emulator,2,offload,0.4785092883650671,58.9387,42.0544,42.0544,44.0758,30.9793,167.274,167.274,211.4015,92.943
398,cnn,nsson,jetson_emulator,2,offload,0.47207737859643784,58.7857,42.0244,42.0244,43.8072,30.9793,167.274,167.274,211.5417,92.9022
399,cnn,nsson,jetson_emulator,2,local,0.4688813638772359,59.5243,42.5409,59.5243,60.6811,28.7925,167.274,167.274,211.8087,92.9229
400,cnn,nsson,jetson_emulator,2,offload,0.4691668752373457,58.9091,42.3149,42.3149,43.7955,30.9793,167.274,167.274,211.822,92.9362
401,cnn,nsson,jetson_emulator,2,offload,0.4703867793583944,58.6228,42.4185,42.4185,44.1684,30.9793,167.274,167.274,211.9622,92.9912
402,cnn,nsson,jetson_emulator,2,local,0.4698111346330567,59.4529,42.0849,59.4529,60.7712,28.8011,167.274,167.274,212.2295,92.8996
403,cnn,nsson,jetson_emulator,2,local,0.4750178663853287,59.0265,42.0088,59.0265,61.1833,28.8522,167.274,167.274,212.3698,92.7844
404,cnn,nsson,jetson_emulator,2,offload,0.47522604958548276,59.1372,41.9543,41.9543,42.7587,30.9793,167.274,167.274,212.3827,92.9091
405,cnn,nsson,jetson_emulator,2,offload,0.48397094877425884,58.6849,42.3095,42.3095,44.325,30.9793,167.274,167.274,212.5229,92.9476
406,cnn,nsson,jetson_emulator,2,offload,0.47182735840405704,59.099,43.153,43.153,45.1937,30.9793,167.274,167.274,212.6631,93.009
407,cnn,nsson,jetson_emulator,2,offload,0.4732335211016467,58.6781,41.9576,41.9576,43.9799,30.9793,167.274,167.274,212.8033,92.9166
408,cnn,nsson,jetson_emulator,2,offload,0.48531970055742507,59.3707,41.9819,41.9819,43.4089,30.9793,167.274,167.274,212.9434,92.9381
409,cnn,nsson,jetson_emulator,2,local,0.4914815226397029,58.7279,42.0674,58.7279,60.7236,28.8882,167.274,167.274,213.2113,92.8888
410,cnn,nsson,jetson_emulator,2,local,0.48554429587229153,58.9962,42.1282,58.9962,60.3164,28.8559,167.274,167.274,213.3516,92.8852
411,cnn,nsson,jetson_emulator,2,offload,0.4862754370153211,59.0725,42.5694,42.5694,44.6204,30.9793,167.274,167.274,213.364,92.8273
412,cnn,nsson,jetson_emulator,2,offload,0.47644395112574234,59.8041,42.0591,42.0591,44.1358,30.9793,167.274,167.274,213.5042,92.9551
413,cnn,nsson,jetson_emulator,2,local,0.477862907947328,59.7466,42.9592,59.7466,60.7962,28.7659,167.274,167.274,213.7724,92.9886
414,cnn,nsson,jetson_emulator,2,local,0.4863864896267806,58.9949,42.466,58.9949,61.0848,28.856,167.274,167.274,213.9126,92.9771
415,cnn,nsson,jetson_emulator,2,offload,0.4956631216467947,58.8723,42.969,42.969,45.0858,30.9793,167.274,167.274,213.9247,92.9103
416,cnn,nsson,jetson_emulator,2,offload,0.4922565382882697,58.8048,42.669,42.669,44.4183,30.9793,167.274,167.274,214.0649,92.9046
417,cnn,nsson,jetson_emulator,2,offload,0.4818473734910016,59.3559,42.7375,42.7375,44.22,30.9793,167.274,167.274,214.205,92.8945
418,cnn,nsson,jetson_emulator,2,offload,0.48849551055554485,58.7289,42.6457,42.6457,44.1528,30.9793,167.274,167.274,214.3452,92.9252
419,cnn,nsson,jetson_emulator,2,local,0.49066132076188496,58.7465,42.6826,58.7465,59.8671,28.8859,167.274,167.274,214.6139,92.8342
420,cnn,nsson,jetson_emulator,2,offload,0.482498356576299,59.2368,42.277,42.277,44.7203,30.9793,167.274,167.274,214.6256,92.8819
421,cnn,nsson,jetson_emulator,2,offload,0.48738307559573285,61.3047,41.9674,41.9674,43.9,30.9793,167.274,167.274,214.7657,92.9271
422,cnn,nsson,jetson_emulator,2,offload,0.4793951578853173,58.7576,42.2661,42.2661,44.5462,30.9793,167.274,167.274,214.9059,92.9848
423,cnn,nsson,jetson_emulator,2,local,0.48578615497790445,58.7523,42.585,58.7523,61.2736,28.8852,167.274,167.274,215.175,92.9378
424,cnn,nsson,jetson_emulator,2,offload,0.48658339397588374,58.5569,42.5079,42.5079,42.7963,30.9793,167.274,167.274,215.1863,92.9145
425,cnn,nsson,jetson_emulator,2,local,0.48786770749722874,58.9204,42.2536,58.9204,60.6521,28.865,167.274,167.274,215.4555,92.9221
426,cnn,nsson,jetson_emulator,2,local,0.4800685124102967,59.6467,42.0641,59.6467,61.8416,28.7779,167.274,167.274,215.5957,92.8185
427,cnn,nsson,jetson_emulator,2,offload,0.4809963041481164,59.869,42.8573,42.8573,44.573,30.9793,167.274,167.274,215.6068,93.022
428,cnn,nsson,jetson_emulator,2,local,0.4818375485509587,58.8444,41.9004,58.8444,60.2443,28.8741,167.274,167.274,215.8763,92.9104
429,cnn,nsson,jetson_emulator,2,offload,0.48525114391071633,58.5478,42.2087,42.2087,43.9083,30.9793,167.274,167.274,215.8872,92.9234
430,cnn,nsson,jetson_emulator,2,offload,0.4829112916370366,58.9699,42.3386,42.3386,43.9221,30.9793,167.274,167.274,216.0273,92.939
431,cnn,nsson,jetson_emulator,2,local,0.4886098443866199,58.6776,42.5393,58.6776,60.7661,28.8942,167.274,167.274,216.297,92.9927
432,cnn,nsson,jetson_emulator,2,local,0.49356590041175047,59.5569,42.3206,59.5569,60.8646,28.7886,167.274,167.274,216.4373,92.8923
433,cnn,nsson,jetson_emulator,2,offload,0.48347980139758967,58.6631,43.2753,43.2753,44.7387,30.9793,167.274,167.274,216.4479,92.9289
434,cnn,nsson,jetson_emulator,2,local,0.47881731264093774,58.6975,42.0178,58.6975,60.7141,28.8918,167.274,167.274,216.7178,92.8595
435,cnn,nsson,jetson_emulator,2,local,0.46518409761316093,58.6099,42.5869,58.6099,60.8661,28.9024,167.274,167.274,216.8581,92.881
436,cnn,nsson,jetson_emulator,2,offload,0.46426697656366145,59.9868,43.8494,43.8494,45.963,30.9793,167.274,167.274,216.8684,92.917
437,cnn,nsson,jetson_emulator,2,offload,0.44925102768818875,59.0732,43.0969,43.0969,44.2057,30.9793,167.274,167.274,217.0086,92.8712
438,cnn,nsson,jetson_emulator,2,offload,0.4468336660632725,58.6872,42.2485,42.2485,44.3502,30.9793,167.274,167.274,217.1487,92.9289
439,cnn,nsson,jetson_emulator,2,offload,0.4387721405637181,58.5474,42.2518,42.2518,44.525,30.9793,167.274,167.274,217.2889,92.8699
440,cnn,nsson,jetson_emulator,2,local,0.43477726263027056,58.6893,41.9693,58.6893,59.5722,28.8928,167.274,167.274,217.5594,92.967
441,cnn,nsson,jetson_emulator,2,offload,0.43112724767671456,59.2373,43.4054,43.4054,45.167,30.9793,167.274,167.274,217.5693,92.9255
442,cnn,nsson,jetson_emulator,2,offload,0.4371941434384703,58.5792,42.3135,42.3135,44.0816,30.9793,167.274,167.274,217.7094,93.0023
443,cnn,nsson,jetson_emulator,2,offload,0.4432942801673983,58.5749,42.8528,42.8528,45.222,30.9793,167.274,167.274,217.8496,92.8894
444,cnn,nsson,jetson_emulator,2,local,0.4320085007226049,58.5762,42.8293,58.5762,59.7936,28.9065,167.274,167.274,218.1204,92.8909
445,cnn,nsson,jetson_emulator,2,local,0.42710587010766876,58.9821,42.1283,58.9821,60.8484,28.8576,167.274,167.274,218.2607,92.8591
446,cnn,nsson,jetson_emulator,2,local,0.44030796495997265,58.9735,41.971,58.9735,59.9813,28.8586,167.274,167.274,218.401,92.8997
447,cnn,nsson,jetson_emulator,2,offload,0.4360415038287628,58.6187,42.7925,42.7925,44.0697,30.9793,167.274,167.274,218.4103,92.8965
448,cnn,nsson,jetson_emulator,2,offload,0.441459908100047,59.1759,42.5004,42.5004,44.3212,30.9793,167.274,167.274,218.5505,92.8821
449,cnn,nsson,jetson_emulator,2,offload,0.442728120542719,59.5903,42.0528,42.0528,43.5282,30.9793,167.274,167.274,218.6907,92.8826
450,cnn,nsson,jetson_emulator,2,offload,0.4543514946551131,58.5518,42.9319,42.9319,45.4343,30.9793,167.274,167.274,218.8309,92.8788
451,cnn,nsson,jetson_emulator,2,local,0.46287498711279534,58.7889,42.0473,58.7889,59.4612,28.8808,167.274,167.274,219.1023,92.9577
452,cnn,nsson,jetson_emulator,2,local,0.4695899605161564,58.534,43.5097,58.534,59.6676,28.9116,167.274,167.274,219.2425,92.9975
453,cnn,nsson,jetson_emulator,2,local,0.4713820280723983,59.1833,42.2264,59.1833,61.0925,28.8334,167.274,167.274,219.3828,92.8992
454,cnn,nsson,jetson_emulator,2,local,0.46425035918147867,59.0659,41.8525,59.0659,61.0565,28.8475,167.274,167.274,219.523,92.8679
455,cnn,nsson,jetson_emulator,2,local,0.46115136561375114,59.1043,42.0873,59.1043,60.8252,28.8429,167.274,167.274,219.6633,92.942
456,cnn,nsson,jetson_emulator,2,offload,0.4519502259295952,58.439,42.195,42.195,43.7484,30.9793,167.274,167.274,219.6719,92.8839
457,cnn,nsson,jetson_emulator,2,offload,0.4377934106852189,58.8642,41.8034,41.8034,44.3211,30.9793,167.274,167.274,219.8121,92.9646
458,cnn,nsson,jetson_emulator,2,local,0.4452364375661231,58.9267,41.8456,58.9267,60.1637,28.8642,167.274,167.274,220.0841,92.939
459,cnn,nsson,jetson_emulator,2,local,0.435386904228196,58.4659,43.1489,58.4659,60.4238,28.9198,167.274,167.274,220.2243,93.0457
460,cnn,nsson,jetson_emulator,2,local,0.4308742390521993,58.3654,43.361,58.3654,60.3193,28.9319,167.274,167.274,220.3646,92.9277
461,cnn,nsson,jetson_emulator,2,local,0.42497581468648027,58.4209,42.3421,58.4209,59.895,28.9252,167.274,167.274,220.5049,93.0166
462,cnn,nsson,jetson_emulator,2,local,0.42688475883937144,58.9065,42.5644,58.9065,60.9106,28.8667,167.274,167.274,220.6451,92.9252
463,cnn,nsson,jetson_emulator,2,local,0.4296645141929178,59.2248,41.8386,59.2248,60.6381,28.8284,167.274,167.274,220.7854,92.9199
464,cnn,nsson,jetson_emulator,2,local,0.43063184974378077,59.3022,42.0793,59.3022,60.5304,28.8191,167.274,167.274,220.9256,92.9063
465,cnn,nsson,jetson_emulator,2,local,0.4336602085121896,58.5275,42.4941,58.5275,60.4121,28.9123,167.274,167.274,221.0659,92.9697
466,cnn,nsson,jetson_emulator,2,offload,0.4415798956317127,58.4677,42.4327,42.4327,44.0922,30.9793,167.274,167.274,221.0737,92.9786
467,cnn,nsson,jetson_emulator,2,offload,0.4330997440591596,58.4419,44.0059,44.0059,44.6226,30.9793,167.274,167.274,221.2139,92.9907
468,cnn,nsson,jetson_emulator,2,local,0.42207507033092007,59.2525,41.9536,59.2525,61.5741,28.8251,167.274,167.274,221.4867,92.9068
469,cnn,nsson,jetson_emulator,2,local,0.4109010964957168,59.2024,42.3343,59.2024,60.8766,28.8311,167.274,167.274,221.6269,92.9416
470,cnn,nsson,jetson_emulator,2,local,0.41146860398707635,59.3174,42.1073,59.3174,60.219,28.8173,167.274,167.274,221.7672,92.8686
471,cnn,nsson,jetson_emulator,2,local,0.41322225869874685,58.6055,42.7487,58.6055,60.0166,28.9029,167.274,167.274,221.9075,92.9167
472,cnn,nsson,jetson_emulator,2,offload,0.4084892015684754,58.5732,42.0886,42.0886,44.5841,30.9793,167.274,167.274,221.9147,92.899
473,cnn,nsson,jetson_emulator,2,local,0.4048884477000012,58.5521,42.0131,58.5521,60.3763,28.9094,167.274,167.274,222.188,92.8547
474,cnn,nsson,jetson_emulator,2,local,0.4152380833740951,59.9293,42.0075,59.9293,62.7435,28.7441,167.274,167.274,222.3282,92.8799
475,cnn,nsson,jetson_emulator,2,offload,0.4217382679103545,58.8864,42.0065,42.0065,43.2847,30.9793,167.274,167.274,222.3353,92.8761
476,cnn,nsson,jetson_emulator,2,offload,0.429919307027451,59.1171,42.1587,42.1587,43.1138,30.9793,167.274,167.274,222.4754,92.9267
477,cnn,nsson,jetson_emulator,2,local,0.43352319226598457,58.7453,42.0699,58.7453,59.824,28.8861,167.274,167.274,222.749,92.9252
478,cnn,nsson,jetson_emulator,2,local,0.43032757922324494,58.6508,42.0639,58.6508,60.7818,28.8975,167.274,167.274,222.8893,92.9264
479,cnn,nsson,jetson_emulator,2,local,0.42338780709097673,58.7361,42.5346,58.7361,60.5929,28.8872,167.274,167.274,223.0295,92.9181
480,cnn,nsson,jetson_emulator,2,offload,0.4222109820422828,58.9582,44.1455,44.1455,46.2513,30.9793,167.274,167.274,223.0361,92.9717
481,cnn,nsson,jetson_emulator,2,local,0.4206995739574505,58.9509,41.996,58.9509,60.6992,28.8613,167.274,167.274,223.3101,92.9157
482,cnn,nsson,jetson_emulator,2,local,0.4148214536854491,59.0456,42.9545,59.0456,60.8979,28.8499,167.274,167.274,223.4503,92.876
483,cnn,nsson,jetson_emulator,2,local,0.4110744362044329,59.4236,42.0024,59.4236,61.0631,28.8046,167.274,167.274,223.5906,92.89
484,cnn,nsson,jetson_emulator,2,local,0.4139249572128046,59.7931,42.7566,59.7931,61.6224,28.7604,167.274,167.274,223.7308,92.9738
485,cnn,nsson,jetson_emulator,2,local,0.4103802313138795,58.8999,42.5099,58.8999,59.9307,28.8675,167.274,167.274,223.8711,93.0519
486,cnn,nsson,jetson_emulator,2,offload,0.41194537420943605,59.3301,42.3226,42.3226,43.8955,30.9793,167.274,167.274,223.8772,92.8803
487,cnn,nsson,jetson_emulator,2,local,0.41153011167127634,59.2252,43.9412,59.2252,61.2871,28.8284,167.274,167.274,224.1516,92.8713
488,cnn,nsson,jetson_emulator,2,offload,0.42645494486584007,59.3667,42.6606,42.6606,43.8318,30.9793,167.274,167.274,224.1576,92.8764
489,cnn,nsson,jetson_emulator,2,local,0.43684927398097567,58.955,42.2477,58.955,60.2382,28.8608,167.274,167.274,224.4321,92.901
490,cnn,nsson,jetson_emulator,2,local,0.44287179972702484,59.3507,43.6668,59.3507,61.018,28.8133,167.274,167.274,224.5724,93.0305
491,cnn,nsson,jetson_emulator,2,local,0.4422387004032907,59.1624,42.5521,59.1624,60.2454,28.8359,167.274,167.274,224.7127,92.8732
492,cnn,nsson,jetson_emulator,2,offload,0.4481587790158709,59.6103,42.5968,42.5968,43.5595,30.9793,167.274,167.274,224.7183,92.836
493,cnn,nsson,jetson_emulator,2,local,0.44199746167568504,60.4828,42.5191,60.4828,62.8885,28.6783,167.274,167.274,224.9932,92.923
494,cnn,nsson,jetson_emulator,2,local,0.4402031833470529,59.383,42.2715,59.383,60.5024,28.8094,167.274,167.274,225.1335,92.8913
495,cnn,nsson,jetson_emulator,2,offload,0.44546341023232094,59.2361,42.2567,42.2567,43.7885,30.9793,167.274,167.274,225.1388,92.8608
496,cnn,nsson,jetson_emulator,2,offload,0.44300509781271763,59.2114,42.7851,42.7851,43.9649,30.9793,167.274,167.274,225.279,92.9329
497,cnn,nsson,jetson_emulator,2,offload,0.45388215087731293,59.5735,42.5867,42.5867,44.4555,30.9793,167.274,167.274,225.4191,92.8659
498,cnn,nsson,jetson_emulator,2,offload,0.4609328404975707,59.7259,42.3779,42.3779,43.3977,30.9793,167.274,167.274,225.5593,92.9004
499,cnn,nsson,jetson_emulator,2,local,0.4711407542738938,59.7232,43.2984,59.7232,61.0546,28.7687,167.274,167.274,225.8348,92.8782
500,cnn,nsson,jetson_emulator,2,offload,0.47594377573730584,60.5634,42.8877,42.8877,45.5592,30.9793,167.274,167.274,225.8397,92.9307
501,cnn,nsson,jetson_emulator,2,offload,0.4718094821332194,60.1441,42.685,42.685,44.7649,30.9793,167.274,167.274,225.9798,92.963
502,cnn,nsson,jetson_emulator,2,offload,0.48413677424605667,60.0851,42.6595,42.6595,44.4113,30.9793,167.274,167.274,226.12,92.8914
503,cnn,nsson,jetson_emulator,2,local,0.4934303904005964,59.5678,42.635,59.5678,60.8155,28.7873,167.274,167.274,226.3958,92.8962
504,cnn,nsson,jetson_emulator,2,local,0.49425682536377696,60.7957,43.8021,60.7957,62.7044,28.6411,167.274,167.274,226.5361,92.9456
505,cnn,nsson,jetson_emulator,2,local,0.4904456765433112,59.6525,42.9353,59.6525,61.0069,28.7772,167.274,167.274,226.6763,92.9618
506,cnn,nsson,jetson_emulator,2,local,0.4877898884854875,60.99,44.1895,60.99,62.8775,28.6181,167.274,167.274,226.8166,92.9956
507,cnn,nsson,jetson_emulator,2,offload,0.47698086341553053,59.8106,42.6654,42.6654,44.3579,30.9793,167.274,167.274,226.8209,92.8845
508,cnn,nsson,jetson_emulator,2,offload,0.4773303906615344,60.5647,43.4901,43.4901,45.6889,30.9793,167.274,167.274,226.9611,92.8412
509,cnn,nsson,jetson_emulator,2,local,0.48528976651333355,59.9694,43.9089,59.9694,61.9591,28.7393,167.274,167.274,227.2374,92.9217
510,cnn,nsson,jetson_emulator,2,offload,0.48215382471415863,61.0657,43.1991,43.1991,45.2368,30.9793,167.274,167.274,227.2414,92.8524
511,cnn,nsson,jetson_emulator,2,offload,0.4771348170614396,59.9003,43.3284,43.3284,45.3486,30.9793,167.274,167.274,227.3816,92.8949
512,cnn,nsson,jetson_emulator,2,local,0.4729196578272095,60.0248,43.6806,60.0248,61.6843,28.7327,167.274,167.274,227.6581,92.8586
513,cnn,nsson,jetson_emulator,2,local,0.47350510246063016,60.2662,43.8367,60.2662,62.1541,28.704,167.274,167.274,227.7984,92.8887
514,cnn,nsson,jetson_emulator,2,local,0.48070770587005124,60.188,43.7178,60.188,61.2404,28.7133,167.274,167.274,227.9387,92.8812
515,cnn,nsson,jetson_emulator,2,offload,0.474285631171597,60.2977,43.1674,43.1674,45.1538,30.9793,167.274,167.274,227.9423,92.8757
516,cnn,nsson,jetson_emulator,2,local,0.4729006461114939,60.3564,43.4561,60.3564,62.677,28.6933,167.274,167.274,228.2192,92.9386
517,cnn,nsson,jetson_emulator,2,local,0.47270356794977764,60.2626,43.4928,60.2626,61.818,28.7044,167.274,167.274,228.3594,92.9265
518,cnn,nsson,jetson_emulator,2,local,0.4703422784308493,60.3634,43.159,60.3634,61.1917,28.6924,167.274,167.274,228.4997,92.9484
519,cnn,nsson,jetson_emulator,2,offload,0.4710634084532398,60.7863,43.7271,43.7271,45.0775,30.9793,167.274,167.274,228.503,92.9207
520,cnn,nsson,jetson_emulator,2,local,0.47268517547994965,61.8141,43.8666,61.8141,63.1627,28.521,167.274,167.274,228.7802,92.8636
521,cnn,nsson,jetson_emulator,2,offload,0.47751602360879963,61.3654,44.129,44.129,46.1455,30.9793,167.274,167.274,228.7834,92.8824
522,cnn,nsson,jetson_emulator,2,local,0.47691570896212626,61.6157,43.3439,61.6157,63.2941,28.5443,167.274,167.274,229.0607,92.9606
523,cnn,nsson,jetson_emulator,2,offload,0.4754074703503344,61.0883,44.2166,44.2166,46.5184,30.9793,167.274,167.274,229.0637,93.0108
524,cnn,nsson,jetson_emulator,2,offload,0.4688103850686331,61.5369,43.6718,43.6718,44.54,30.9793,167.274,167.274,229.2039,92.9662
525,cnn,nsson,jetson_emulator,2,offload,0.4637424049144189,61.2819,44.0353,44.0353,45.2196,30.9793,167.274,167.274,229.3441,92.9527
526,cnn,nsson,jetson_emulator,2,offload,0.46150013038641163,61.2943,45.7078,45.7078,46.8734,30.9793,167.274,167.274,229.4843,92.9381
527,cnn,nsson,jetson_emulator,2,offload,0.4546624797089903,61.4944,44.3321,44.3321,45.3391,30.9793,167.274,167.274,229.6244,92.9319
528,cnn,nsson,jetson_emulator,2,local,0.4516629926947613,61.1833,44.8217,61.1833,63.5705,28.5953,167.274,167.274,229.9023,92.971
529,cnn,nsson,jetson_emulator,2,offload,0.45104314670654466,61.6049,44.2628,44.2628,45.4014,30.9793,167.274,167.274,229.9048,92.8705
530,cnn,nsson,jetson_emulator,2,local,0.4611259779265078,61.3613,44.7365,61.3613,62.8764,28.5743,167.274,167.274,230.1828,92.9529
531,cnn,nsson,jetson_emulator,2,offload,0.4640342179264789,62.1079,45.153,45.153,47.0242,30.9793,167.274,167.274,230.1851,92.8878
532,cnn,nsson,jetson_emulator,2,offload,0.4698507754609967,61.6871,44.7302,44.7302,45.4485,30.9793,167.274,167.274,230.3253,92.9208
533,cnn,nsson,jetson_emulator,2,local,0.47221126251524126,61.8115,45.3558,61.8115,62.9798,28.5213,167.274,167.274,230.6036,92.9627
534,cnn,nsson,jetson_emulator,2,local,0.472702553326278,61.9576,44.4148,61.9576,63.8863,28.5042,167.274,167.274,230.7439,92.8483
535,cnn,nsson,jetson_emulator,2,offload,0.4857396474332398,61.9829,44.652,44.652,46.6779,30.9793,167.274,167.274,230.7458,92.8902
536,cnn,nsson,jetson_emulator,2,offload,0.48208292322992685,62.2286,44.6821,44.6821,46.015,30.9793,167.274,167.274,230.886,92.8549
537,cnn,nsson,jetson_emulator,2,local,0.4787241746199643,62.5726,45.1479,62.5726,64.2934,28.4322,167.274,167.274,231.1646,92.9259
538,cnn,nsson,jetson_emulator,2,local,0.47972935807365696,62.0468,44.2575,62.0468,63.64,28.4937,167.274,167.274,231.3049,92.9468
539,cnn,nsson,jetson_emulator,2,local,0.4717906594939211,62.231,45.0379,62.231,63.8886,28.4721,167.274,167.274,231.4452,92.9116
540,cnn,nsson,jetson_emulator,2,offload,0.47595618151009245,62.6963,46.2716,46.2716,47.5004,30.9793,167.274,167.274,231.4467,93.0053
541,cnn,nsson,jetson_emulator,2,local,0.4789226861039024,62.9971,45.5075,62.9971,64.311,28.3828,167.274,167.274,231.7257,92.8748
542,cnn,nsson,jetson_emulator,2,local,0.48140068633940225,63.0988,45.5872,63.0988,64.9935,28.3709,167.274,167.274,231.8659,92.8954
543,cnn,nsson,jetson_emulator,2,local,0.48135312663235413,62.904,44.7893,62.904,64.9518,28.3936,167.274,167.274,232.0062,92.8929
544,cnn,nsson,jetson_emulator,2,local,0.4852862771348357,62.7302,45.7892,62.7302,64.5208,28.4138,167.274,167.274,232.1465,92.8827
545,cnn,nsson,jetson_emulator,2,offload,0.48369198755432447,62.734,44.9653,44.9653,46.1423,30.9793,167.274,167.274,232.1476,92.8681
546,cnn,nsson,jetson_emulator,2,offload,0.4819517930344657,62.8119,45.0189,45.0189,46.1224,30.9793,167.274,167.274,232.2878,92.9819
547,cnn,nsson,jetson_emulator,2,local,0.4842106020714895,62.7295,45.205,62.7295,63.6866,28.4139,167.274,167.274,232.5672,92.9443
548,cnn,nsson,jetson_emulator,2,offload,0.4889552030850932,62.9189,45.4702,45.4702,47.8848,30.9793,167.274,167.274,232.5681,92.9737
549,cnn,nsson,jetson_emulator,2,local,0.4969861820131249,63.6626,45.7031,63.6626,65.1086,28.3056,167.274,167.274,232.8478,92.9911
550,cnn,nsson,jetson_emulator,2,local,0.4960770414879298,63.4569,45.3508,63.4569,64.3482,28.3294,167.274,167.274,232.988,92.9729
551,cnn,nsson,jetson_emulator,2,offload,0.4904492844473948,63.3114,46.0028,46.0028,48.437,30.9793,167.274,167.274,232.9887,92.8435
552,cnn,nsson,jetson_emulator,2,offload,0.48265841414283234,63.5415,45.8259,45.8259,47.6308,30.9793,167.274,167.274,233.1288,92.8928
553,cnn,nsson,jetson_emulator,2,local,0.47935923156845783,63.9716,46.0705,63.9716,65.5532,28.2699,167.274,167.274,233.4088,92.8971
554,cnn,nsson,jetson_emulator,2,offload,0.4769092958021761,63.8629,46.2004,46.2004,47.9274,30.9793,167.274,167.274,233.4092,92.9533
555,cnn,nsson,jetson_emulator,2,local,0.4792181414143492,63.6472,45.6268,63.6472,65.5697,28.3073,167.274,167.274,233.6893,92.8903
556,cnn,nsson,jetson_emulator,2,offload,0.48347521976134705,64.1807,45.4267,45.4267,47.6483,30.9793,167.274,167.274,233.6895,92.8585
557,cnn,nsson,jetson_emulator,2,offload,0.48104380390789736,64.2078,46.4753,46.4753,48.2345,30.9793,167.274,167.274,233.8297,92.9955
558,cnn,nsson,jetson_emulator,2,local,0.4764698772532349,64.9021,45.9109,64.9021,67.0001,28.1629,167.274,167.274,234.1101,92.9735
559,cnn,nsson,jetson_emulator,2,offload,0.47944415353818615,64.6685,46.297,46.297,47.6906,30.9793,167.274,167.274,234.1101,92.9438
560,cnn,nsson,jetson_emulator,2,local,0.47652268027357697,64.7962,45.8807,64.7962,66.4658,28.175,167.274,167.274,234.3906,92.9293
561,cnn,nsson,jetson_emulator,2,offload,0.467179581366648,64.5064,46.4202,46.4202,47.669,30.9793,167.274,167.274,234.3904,92.926
562,cnn,nsson,jetson_emulator,2,local,0.46800796239078385,65.0361,46.4746,65.0361,66.22,28.1476,167.274,167.274,234.6712,92.9499
563,cnn,nsson,jetson_emulator,2,offload,0.4655951543625807,65.3418,46.4124,46.4124,49.0762,30.9793,167.274,167.274,234.6708,92.9217
564,cnn,nsson,jetson_emulator,2,offload,0.47543854571906524,65.4403,46.4841,46.4841,48.2818,30.9793,167.274,167.274,234.811,92.7569
565,cnn,nsson,jetson_emulator,2,local,0.48503070663105496,65.1926,47.6582,65.1926,66.735,28.1297,167.274,167.274,235.0919,92.9204
566,cnn,nsson,jetson_emulator,2,local,0.48214751917413906,64.6182,47.1252,64.6182,66.0016,28.1954,167.274,167.274,235.2322,92.878
567,cnn,nsson,jetson_emulator,2,local,0.47912727799524546,64.9388,46.3712,64.9388,66.7752,28.1587,167.274,167.274,235.3725,92.9164
568,cnn,nsson,jetson_emulator,2,offload,0.4837819330204791,64.7819,47.0423,47.0423,49.1182,30.9793,167.274,167.274,235.3717,92.8952
569,cnn,nsson,jetson_emulator,2,local,0.4758457556246029,65.0362,46.8431,65.0362,66.9695,28.1475,167.274,167.274,235.653,92.9086
570,cnn,nsson,jetson_emulator,2,offload,0.46744625344774976,65.186,46.7114,46.7114,48.9431,30.9793,167.274,167.274,235.652,92.9354
571,cnn,nsson,jetson_emulator,2,offload,0.47524188790856225,65.1378,46.7041,46.7041,48.0577,30.9793,167.274,167.274,235.7922,92.9297
572,cnn,nsson,jetson_emulator,2,offload,0.48214917751411374,65.6781,46.6181,46.6181,47.5591,30.9793,167.274,167.274,235.9324,92.9269
573,cnn,nsson,jetson_emulator,2,offload,0.49171448973234994,66.3681,46.7796,46.7796,48.2587,30.9793,167.274,167.274,236.0725,93.0043
574,cnn,nsson,jetson_emulator,2,offload,0.4970549582153698,65.6769,46.853,46.853,48.8272,30.9793,167.274,167.274,236.2127,92.931
575,cnn,nsson,jetson_emulator,2,local,0.5007753198229838,65.4962,47.081,65.4962,67.5071,28.095,167.274,167.274,236.4945,92.9182
576,cnn,nsson,jetson_emulator,2,offload,0.5033522503339455,65.845,46.7627,46.7627,48.6708,30.9793,167.274,167.274,236.4931,92.9346
577,cnn,nsson,jetson_emulator,2,offload,0.5028796768448469,65.6244,46.8229,46.8229,48.9082,30.9793,167.274,167.274,236.6333,92.9292
578,cnn,nsson,jetson_emulator,2,offload,0.5105092696037802,65.5841,47.6573,47.6573,49.1004,30.9793,167.274,167.274,236.7734,92.8868
579,cnn,nsson,jetson_emulator,2,local,0.5034513173346936,65.925,47.2336,65.925,67.9452,28.0462,167.274,167.274,237.0556,92.8688
580,cnn,nsson,jetson_emulator,2,offload,0.4948149017777704,66.0885,47.3678,47.3678,49.0508,30.9793,167.274,167.274,237.0538,92.9459
581,cnn,nsson,jetson_emulator,2,offload,0.48364478143189,66.4825,47.3299,47.3299,48.7547,30.9793,167.274,167.274,237.194,92.9173
582,cnn,nsson,jetson_emulator,2,offload,0.47854954662750543,66.1013,48.1018,48.1018,50.6142,30.9793,167.274,167.274,237.3341,92.8794
583,cnn,nsson,jetson_emulator,2,offload,0.47580424498169727,66.7105,48.5751,48.5751,50.2052,30.9793,167.274,167.274,237.4743,92.9968
584,cnn,nsson,jetson_emulator,2,offload,0.47553666172365644,66.1098,47.5559,47.5559,49.2527,30.9793,167.274,167.274,237.6145,92.8295
585,cnn,nsson,jetson_emulator,2,local,0.47950262301299906,66.5364,47.8915,66.5364,68.3591,27.977,167.274,167.274,237.8971,92.9631
586,cnn,nsson,jetson_emulator,2,local,0.482921801704689,66.6548,48.6106,66.6548,69.2513,27.9636,167.274,167.274,238.0374,92.8416
587,cnn,nsson,jetson_emulator,2,offload,0.4826694551634008,66.9145,47.8846,47.8846,50.12,30.9793,167.274,167.274,238.035,92.8139
588,cnn,nsson,jetson_emulator,2,local,0.48969303455433716,67.4189,47.6583,67.4189,69.3152,27.8776,167.274,167.274,238.3179,92.9324
589,cnn,nsson,jetson_emulator,2,offload,0.48726132486322915,66.6086,48.472,48.472,50.2567,30.9793,167.274,167.274,238.3154,92.9081
590,cnn,nsson,jetson_emulator,2,offload,0.4858538424974406,67.151,48.827,48.827,50.4939,30.9793,167.274,167.274,238.4555,93.0043
591,cnn,nsson,jetson_emulator,2,offload,0.4887409022227729,66.8665,48.0767,48.0767,49.6253,30.9793,167.274,167.274,238.5957,92.907
592,cnn,nsson,jetson_emulator,2,local,0.4959117080262114,67.7875,47.8484,67.7875,69.8322,27.8363,167.274,167.274,238.879,92.9311
593,cnn,nsson,jetson_emulator,2,offload,0.48646407465987923,67.8069,48.1586,48.1586,50.1498,30.9793,167.274,167.274,238.8761,92.873
594,cnn,nsson,jetson_emulator,2,offload,0.4933491531591183,67.2057,48.9225,48.9225,50.8371,30.9793,167.274,167.274,239.0162,92.9732
595,cnn,nsson,jetson_emulator,2,local,0.4855645722960868,67.2513,48.214,67.2513,68.984,27.8964,167.274,167.274,239.2997,92.9904
596,cnn,nsson,jetson_emulator,2,local,0.49102143344018023,67.3533,48.6707,67.3533,69.6688,27.8849,167.274,167.274,239.44,92.8601
597,cnn,nsson,jetson_emulator,2,local,0.5012470083653373,67.4799,49.7325,67.4799,69.7091,27.8707,167.274,167.274,239.5803,92.941
598,cnn,nsson,jetson_emulator,2,local,0.5049588393395271,67.3595,49.221,67.3595,69.798,27.8842,167.274,167.274,239.7205,92.8955
599,cnn,nsson,jetson_emulator,2,offload,0.5135709646490676,67.5938,48.328,48.328,48.9154,30.9793,167.274,167.274,239.7171,92.8059
600,cnn,nsson,jetson_emulator,2,local,0.49853835764876814,67.4169,49.0632,67.4169,69.4608,27.8778,167.274,167.274,240.001,92.9209
601,cnn,nsson,jetson_emulator,2,local,0.49953615728609985,67.4185,49.1575,67.4185,69.3026,27.8776,167.274,167.274,240.1413,92.9592
602,cnn,nsson,jetson_emulator,2,offload,0.4916785790356255,68.0935,49.2216,49.2216,50.6676,30.9793,167.274,167.274,240.1377,92.9207
603,cnn,nsson,jetson_emulator,2,local,0.48874589713646105,68.5789,49.1623,68.5789,70.1877,27.748,167.274,167.274,240.4218,92.9003
604,cnn,nsson,jetson_emulator,2,local,0.4959474750214013,68.4162,48.8078,68.4162,70.4348,27.7661,167.274,167.274,240.5621,92.8042
605,cnn,nsson,jetson_emulator,2,offload,0.49538732653175904,67.7767,49.743,49.743,50.8634,30.9134,167.274,167.274,240.5582,92.9218
606,cnn,nsson,jetson_emulator,2,local,0.4887080074113472,67.8253,48.5876,67.8253,69.0013,27.8321,167.274,167.274,240.8426,93.0205
607,cnn,nsson,jetson_emulator,2,offload,0.4854721730045507,68.1149,49.0206,49.0206,50.3689,30.9793,167.274,167.274,240.8385,92.9076
608,cnn,nsson,jetson_emulator,2,offload,0.4877516814719846,68.4561,48.7253,48.7253,50.3774,30.9793,167.274,167.274,240.9787,92.924
609,cnn,nsson,jetson_emulator,2,offload,0.4959857215582815,68.1571,49.2962,49.2962,51.4312,30.9733,167.274,167.274,241.1189,93.0037
610,cnn,nsson,jetson_emulator,2,offload,0.4896562553579068,68.1798,49.0574,49.0574,51.4718,30.9793,167.274,167.274,241.2591,92.9511
611,cnn,nsson,jetson_emulator,2,offload,0.4802839586553107,67.9945,49.4319,49.4319,52.2605,30.9551,167.274,167.274,241.3992,92.9582
612,cnn,nsson,jetson_emulator,2,offload,0.4755089281073948,68.0997,49.809,49.809,51.3486,30.9045,167.274,167.274,241.5394,92.9427
613,cnn,nsson,jetson_emulator,2,local,0.4785691269290472,68.3953,49.6179,68.3953,70.4476,27.7685,167.274,167.274,241.8244,92.8565
614,cnn,nsson,jetson_emulator,2,offload,0.47602839156886445,69.5083,49.2618,49.2618,50.8647,30.978,167.274,167.274,241.8198,92.8663
615,cnn,nsson,jetson_emulator,2,offload,0.473330596524243,68.9257,49.5741,49.5741,51.5064,30.936,167.274,167.274,241.96,92.8474
616,cnn,nsson,jetson_emulator,2,local,0.47892353884737315,68.4784,48.9656,68.4784,70.3591,27.7592,167.274,167.274,242.2452,92.8427
617,cnn,nsson,jetson_emulator,2,offload,0.4783540475348321,68.5181,49.4307,49.4307,50.8045,30.9552,167.274,167.274,242.2403,92.9728
618,cnn,nsson,jetson_emulator,2,local,0.47158318995621945,68.6772,50.0772,68.6772,71.1851,27.7371,167.274,167.274,242.5257,92.9867
619,cnn,nsson,jetson_emulator,2,local,0.47341183545220794,68.5351,49.6609,68.5351,69.6479,27.7529,167.274,167.274,242.666,92.8999
620,cnn,nsson,jetson_emulator,2,offload,0.46648673815664854,68.669,49.5746,49.5746,52.0076,30.9359,167.274,167.274,242.6608,92.9346
621,cnn,nsson,jetson_emulator,2,local,0.4706604344584747,68.8925,50.2167,68.8925,70.2059,27.7132,167.274,167.274,242.9465,92.8578
622,cnn,nsson,jetson_emulator,2,offload,0.46112825339906827,68.7994,49.1537,49.1537,50.8316,30.9793,167.274,167.274,242.9412,92.9199
623,cnn,nsson,jetson_emulator,2,offload,0.457370663245676,68.6383,49.0977,49.0977,51.2178,30.9793,167.274,167.274,243.0814,92.772
624,cnn,nsson,jetson_emulator,2,local,0.45149894679569297,68.8831,50.2786,68.8831,70.6698,27.7142,167.274,167.274,243.3673,92.8308
625,cnn,nsson,jetson_emulator,2,offload,0.4530138130265078,68.8316,50.0209,50.0209,51.9628,30.8762,167.274,167.274,243.3617,92.9314
626,cnn,nsson,jetson_emulator,2,offload,0.4516219821969622,69.6832,49.7823,49.7823,51.5963,30.9081,167.274,167.274,243.5019,92.8601
627,cnn,nsson,jetson_emulator,2,local,0.4568449188188826,69.2003,50.0825,69.2003,71.0655,27.6791,167.274,167.274,243.7881,92.9473
628,cnn,nsson,jetson_emulator,2,local,0.46299621214751857,68.9349,49.7637,68.9349,70.2978,27.7085,167.274,167.274,243.9283,92.9355
629,cnn,nsson,jetson_emulator,2,local,0.46513952100023653,68.7966,49.8253,68.7966,71.1639,27.7238,167.274,167.274,244.0686,92.8917
630,cnn,nsson,jetson_emulator,2,offload,0.46590431844624897,69.0949,49.2336,49.2336,51.4439,30.9793,167.274,167.274,244.0626,92.8984
631,cnn,nsson,jetson_emulator,2,offload,0.4672723983079634,69.0276,49.3013,49.3013,51.185,30.9726,167.274,167.274,244.2028,92.8928
632,cnn,nsson,jetson_emulator,2,local,0.4640983117181828,69.4968,50.4587,69.4968,70.4319,27.6464,167.274,167.274,244.4894,92.9554
633,cnn,nsson,jetson_emulator,2,offload,0.46719222378654096,69.4522,49.9439,49.9439,51.2323,30.8865,167.274,167.274,244.4831,92.84
634,cnn,nsson,jetson_emulator,2,local,0.4643505114168249,69.6395,49.8018,69.6395,71.4651,27.6306,167.274,167.274,244.7699,92.903
635,cnn,nsson,jetson_emulator,2,offload,0.46535196036420173,69.1419,49.3764,49.3764,50.5881,30.9625,167.274,167.274,244.7635,92.9357
636,cnn,nsson,jetson_emulator,2,local,0.46407933125855866,69.3627,50.82,69.3627,71.1577,27.6612,167.274,167.274,245.0504,92.9518
637,cnn,nsson,jetson_emulator,2,offload,0.4815713685759587,69.7693,50.3164,50.3164,51.949,30.8367,167.274,167.274,245.0438,92.8961
638,cnn,nsson,jetson_emulator,2,local,0.47656171242691325,69.0727,50.035,69.0727,70.4981,27.6932,167.274,167.274,245.3309,92.8596
639,cnn,nsson,jetson_emulator,2,local,0.4810431955931564,69.2491,49.333,69.2491,71.2702,27.6737,167.274,167.274,245.4712,92.9165
640,cnn,nsson,jetson_emulator,2,local,0.4748737417108348,68.9516,49.4088,68.9516,70.4976,27.7067,167.274,167.274,245.6115,92.8595
641,cnn,nsson,jetson_emulator,2,offload,0.4790518704846991,69.0225,51.1171,51.1171,52.7343,30.7304,167.274,167.274,245.6045,92.9367
642,cnn,nsson,jetson_emulator,2,local,0.48262258854202367,69.1247,49.9424,69.1247,71.0489,27.6875,167.274,167.274,245.892,92.868
643,cnn,nsson,jetson_emulator,2,offload,0.47891742040393787,69.2394,49.4096,49.4096,50.6799,30.9581,167.274,167.274,245.8849,92.9147
644,cnn,nsson,jetson_emulator,2,local,0.4797166688469057,69.3696,49.7514,69.3696,71.1751,27.6604,167.274,167.274,246.1725,92.8854
645,cnn,nsson,jetson_emulator,2,local,0.482972117621166,69.6142,49.5604,69.6142,71.1129,27.6334,167.274,167.274,246.3128,92.8424
646,cnn,nsson,jetson_emulator,2,offload,0.47413072800212736,69.3965,49.4946,49.4946,51.4126,30.9467,167.274,167.274,246.3054,92.9627
647,cnn,nsson,jetson_emulator,2,local,0.471607153205873,69.2325,50.5744,69.2325,70.1221,27.6755,167.274,167.274,246.5933,92.9709
648,cnn,nsson,jetson_emulator,2,offload,0.4622153930881313,69.006,49.7654,49.7654,51.6339,30.9104,167.274,167.274,246.5858,92.9032
649,cnn,nsson,jetson_emulator,2,local,0.4616343981867934,69.3985,49.6896,69.3985,71.7748,27.6572,167.274,167.274,246.8738,92.8996
650,cnn,nsson,jetson_emulator,2,offload,0.4614350696124919,70.133,49.424,49.424,52.0959,30.9562,167.274,167.274,246.8661,92.8839
651,cnn,nsson,jetson_emulator,2,offload,0.4647998056500264,69.2356,49.805,49.805,51.9439,30.9051,167.274,167.274,247.0063,92.9422
652,cnn,nsson,jetson_emulator,2,local,0.4734635940345456,69.7507,49.4505,69.7507,71.8193,27.6184,167.274,167.274,247.2946,92.9036
653,cnn,nsson,jetson_emulator,2,offload,0.48296730201566185,69.1583,50.2322,50.2322,51.4158,30.848,167.274,167.274,247.2867,92.9211
654,cnn,nsson,jetson_emulator,2,offload,0.47861861629475283,69.4136,49.4539,49.4539,52.1366,30.9521,167.274,167.274,247.4268,92.9223
655,cnn,nsson,jetson_emulator,2,local,0.48008871738126946,70.0816,50.4249,70.0816,72.1953,27.582,167.274,167.274,247.7154,92.82
656,cnn,nsson,jetson_emulator,2,offload,0.4870166014435961,69.3666,49.44,49.44,51.042,30.954,167.274,167.274,247.7072,92.9276
657,cnn,nsson,jetson_emulator,2,offload,0.48289808890567304,68.9123,49.8171,49.8171,50.9719,30.9034,167.274,167.274,247.8474,92.9796
658,cnn,nsson,jetson_emulator,2,offload,0.4710487622805651,68.8291,49.3967,49.3967,51.8274,30.9598,167.274,167.274,247.9875,92.9804
659,cnn,nsson,jetson_emulator,2,local,0.47594605305242244,69.2379,50.0643,69.2379,71.1277,27.675,167.274,167.274,248.2764,92.8876
660,cnn,nsson,jetson_emulator,2,offload,0.4805119501722845,68.9293,49.3491,49.3491,51.6127,30.9662,167.274,167.274,248.2679,92.8779
661,cnn,nsson,jetson_emulator,2,offload,0.4780292835885901,69.1097,51.2134,51.2134,53.0642,30.7176,167.274,167.274,248.4081,92.9082
662,cnn,nsson,jetson_emulator,2,offload,0.47300970853129215,69.5479,49.8844,49.8844,50.9968,30.8944,167.274,167.274,248.5482,92.9278
663,cnn,nsson,jetson_emulator,2,offload,0.46707225894508164,69.2668,49.213,49.213,50.4463,30.9793,167.274,167.274,248.6884,92.9681
664,cnn,nsson,jetson_emulator,2,local,0.47246849322356926,68.7433,49.5911,68.7433,70.486,27.7298,167.274,167.274,248.9777,92.8383
665,cnn,nsson,jetson_emulator,2,offload,0.46958173173164286,68.9382,49.6916,49.6916,51.4658,30.9202,167.274,167.274,248.9688,92.8889
666,cnn,nsson,jetson_emulator,2,offload,0.46878016745421125,68.6815,49.9505,49.9505,52.0287,30.8856,167.274,167.274,249.1089,92.952
667,cnn,nsson,jetson_emulator,2,local,0.4791277876551543,68.6607,49.5377,68.6607,70.769,27.7389,167.274,167.274,249.3985,92.9196
668,cnn,nsson,jetson_emulator,2,offload,0.4744643420635632,68.7968,49.3116,49.3116,51.0716,30.9713,167.274,167.274,249.3893,92.9453
669,cnn,nsson,jetson_emulator,2,offload,0.47113725094120473,68.8474,50.6895,50.6895,53.1943,30.7871,167.274,167.274,249.5295,92.9752
670,cnn,nsson,jetson_emulator,2,local,0.476661268659713,68.827,49.1189,68.827,69.7785,27.7205,167.274,167.274,249.8193,92.9131
671,cnn,nsson,jetson_emulator,2,local,0.47826882927920755,69.3815,49.2643,69.3815,71.3822,27.6591,167.274,167.274,249.9595,92.9949
672,cnn,nsson,jetson_emulator,2,offload,0.4781155248664892,68.5651,50.0634,50.0634,52.0217,30.8705,167.274,167.274,249.95,92.9599
673,cnn,nsson,jetson_emulator,2,local,0.4841424616855835,70.341,49.224,70.341,72.6575,27.5535,167.274,167.274,250.2401,92.8871
674,cnn,nsson,jetson_emulator,2,local,0.48583689609764386,68.4133,49.1853,68.4133,69.9156,27.7664,167.274,167.274,250.3803,92.9179
675,cnn,nsson,jetson_emulator,2,offload,0.48365273573062456,68.3805,48.9888,48.9888,51.2114,30.9793,167.274,167.274,250.3705,92.8333
676,cnn,nsson,jetson_emulator,2,local,0.47845692637982584,68.5822,50.258,68.5822,69.9043,27.7477,167.274,167.274,250.6608,92.9597
677,cnn,nsson,jetson_emulator,2,local,0.4813030613839382,69.6059,48.8711,69.6059,72.0246,27.6343,167.274,167.274,250.8011,92.8886
678,cnn,nsson,jetson_emulator,2,offload,0.4844511436399513,68.2793,49.1867,49.1867,50.4747,30.9793,167.274,167.274,250.7911,92.9426
679,cnn,nsson,jetson_emulator,2,offload,0.4867093854836652,68.6044,49.227,49.227,49.889,30.9793,167.274,167.274,250.9312,92.9533
680,cnn,nsson,jetson_emulator,2,local,0.48621481742391026,68.3645,49.6898,68.3645,70.2495,27.7719,167.274,167.274,251.2219,92.8325
681,cnn,nsson,jetson_emulator,2,offload,0.4861160634922635,68.6401,50.5182,50.5182,51.8795,30.8099,167.274,167.274,251.2116,92.9155
682,cnn,nsson,jetson_emulator,2,local,0.48619126515468364,68.1327,49.145,68.1327,69.3177,27.7977,167.274,167.274,251.5024,92.9528
683,cnn,nsson,jetson_emulator,2,local,0.48659487364453385,68.1169,48.8774,68.1169,69.7925,27.7995,167.274,167.274,251.6427,92.9661
684,cnn,nsson,jetson_emulator,2,offload,0.4850114652870895,68.3356,49.3667,49.3667,51.6658,30.9638,167.274,167.274,251.6321,92.8637
685,cnn,nsson,jetson_emulator,2,local,0.4801701667342134,68.8302,48.9432,68.8302,71.3415,27.7201,167.274,167.274,251.9232,92.98
686,cnn,nsson,jetson_emulator,2,offload,0.47835487563652235,67.8819,49.315,49.315,51.5681,30.9708,167.274,167.274,251.9125,92.9887
687,cnn,nsson,jetson_emulator,2,local,0.47698351181635884,67.7922,49.5383,67.7922,69.9513,27.8358,167.274,167.274,252.2037,92.8841
688,cnn,nsson,jetson_emulator,2,local,0.4711535988764559,67.9898,48.8742,67.9898,69.8132,27.8137,167.274,167.274,252.344,92.8856
689,cnn,nsson,jetson_emulator,2,local,0.4728008864188238,68.206,49.0601,68.206,69.8035,27.7895,167.274,167.274,252.4842,92.8695
690,cnn,nsson,jetson_emulator,2,offload,0.4663614018816583,67.8771,49.6863,49.6863,50.6389,30.921,167.274,167.274,252.4732,92.9169
691,cnn,nsson,jetson_emulator,2,local,0.47287728021105346,67.8284,48.9699,67.8284,69.1536,27.8317,167.274,167.274,252.7647,92.9148
692,cnn,nsson,jetson_emulator,2,offload,0.4794863954305816,68.5099,48.2952,48.2952,49.7503,30.9793,167.274,167.274,252.7535,92.9234
693,cnn,nsson,jetson_emulator,2,local,0.4832326123664616,67.7773,48.3908,67.7773,69.4161,27.8374,167.274,167.274,253.0453,92.887
694,cnn,nsson,jetson_emulator,2,offload,0.4724867915858907,68.3426,48.8711,48.8711,50.8701,30.9793,167.274,167.274,253.0339,92.9752
695,cnn,nsson,jetson_emulator,2,offload,0.45401814047080463,67.7489,48.8324,48.8324,49.9387,30.9793,167.274,167.274,253.1741,92.8506
696,cnn,nsson,jetson_emulator,2,offload,0.4536055898964885,67.6201,48.9339,48.9339,50.3551,30.9793,167.274,167.274,253.3142,92.8125
697,cnn,nsson,jetson_emulator,2,local,0.4520564288848136,67.4428,48.7306,67.4428,69.2781,27.8749,167.274,167.274,253.6063,92.8838
698,cnn,nsson,jetson_emulator,2,offload,0.4516998770068383,68.1634,48.6575,48.6575,49.6985,30.9793,167.274,167.274,253.5946,92.8411
699,cnn,nsson,jetson_emulator,2,offload,0.45061488212094347,67.3301,48.5418,48.5418,50.3566,30.9793,167.274,167.274,253.7348,92.9541
700,cnn,nsson,jetson_emulator,2,local,0.45211835914404536,67.2919,48.7945,67.2919,69.5443,27.8918,167.274,167.274,254.0271,92.8621
701,cnn,nsson,jetson_emulator,2,local,0.45192174372384986,67.2534,48.8844,67.2534,68.925,27.8962,167.274,167.274,254.1673,92.9303
702,cnn,nsson,jetson_emulator,2,offload,0.4554972281578764,67.6873,48.1952,48.1952,49.3694,30.9793,167.274,167.274,254.1553,92.9324
703,cnn,nsson,jetson_emulator,2,offload,0.4711557256994489,67.0639,48.0075,48.0075,49.52,30.9793,167.274,167.274,254.2955,92.905
704,cnn,nsson,jetson_emulator,2,local,0.4688920889014273,67.1669,48.7747,67.1669,69.3092,27.9059,167.274,167.274,254.5881,92.9256
705,cnn,nsson,jetson_emulator,2,local,0.4777711145794125,66.9163,48.8756,66.9163,68.6555,27.9341,167.274,167.274,254.7284,92.8522
706,cnn,nsson,jetson_emulator,2,local,0.4803824984864817,66.9811,48.3406,66.9811,68.2471,27.9268,167.274,167.274,254.8686,92.9252
707,cnn,nsson,jetson_emulator,2,local,0.4886807985682393,67.3872,48.4705,67.3872,69.2015,27.8811,167.274,167.274,255.0089,92.9332
708,cnn,nsson,jetson_emulator,2,local,0.4881111035863121,66.6239,48.2328,66.6239,66.7494,27.9671,167.274,167.274,255.1492,92.9199
709,cnn,nsson,jetson_emulator,2,local,0.49126779612449467,66.8675,48.1613,66.8675,68.6989,27.9396,167.274,167.274,255.2894,92.8332
710,cnn,nsson,jetson_emulator,2,local,0.49455236499454314,66.8497,47.699,66.8497,68.4278,27.9416,167.274,167.274,255.4297,92.9256
711,cnn,nsson,jetson_emulator,2,offload,0.4884479078872197,67.4481,48.0091,48.0091,50.0216,30.9793,167.274,167.274,255.4169,92.8358
712,cnn,nsson,jetson_emulator,2,offload,0.4932432616290875,66.4384,48.3667,48.3667,49.9071,30.9793,167.274,167.274,255.5571,92.8989
713,cnn,nsson,jetson_emulator,2,local,0.4863540725809144,67.1116,49.0436,67.1116,68.4908,27.9121,167.274,167.274,255.8505,92.8943
714,cnn,nsson,jetson_emulator,2,offload,0.4872074057071748,66.7332,47.6686,47.6686,49.644,30.9793,167.274,167.274,255.8374,92.8988
715,cnn,nsson,jetson_emulator,2,local,0.48241288768183466,66.8506,47.6877,66.8506,68.1542,27.9415,167.274,167.274,256.131,92.8672
716,cnn,nsson,jetson_emulator,2,local,0.46804549415653374,66.4847,47.9605,66.4847,69.1674,27.9828,167.274,167.274,256.2712,92.9601
717,cnn,nsson,jetson_emulator,2,local,0.47090376826862584,66.3149,47.3098,66.3149,68.137,28.002,167.274,167.274,256.4115,92.9656
718,cnn,nsson,jetson_emulator,2,local,0.4769488388885883,66.4172,48.0119,66.4172,68.1279,27.9904,167.274,167.274,256.5518,92.8824
719,cnn,nsson,jetson_emulator,2,local,0.4735432868103256,66.4295,47.9705,66.4295,67.6474,27.9891,167.274,167.274,256.692,92.9631
720,cnn,nsson,jetson_emulator,2,local,0.4782190723781728,66.1701,48.1516,66.1701,68.3507,28.0184,167.274,167.274,256.8323,92.9818
721,cnn,nsson,jetson_emulator,2,local,0.47516644415522324,66.6739,48.3456,66.6739,68.7416,27.9614,167.274,167.274,256.9726,92.885
722,cnn,nsson,jetson_emulator,2,offload,0.46916775046916903,65.9864,48.4582,48.4582,51.0682,30.9793,167.274,167.274,256.9588,92.9374
723,cnn,nsson,jetson_emulator,2,local,0.47601719071693704,66.8269,47.2555,66.8269,68.6792,27.9442,167.274,167.274,257.2531,93.0389
724,cnn,nsson,jetson_emulator,2,local,0.46738473965157407,66.2169,47.4474,66.2169,67.8759,28.0131,167.274,167.274,257.3933,92.9487
725,cnn,nsson,jetson_emulator,2,local,0.4691304450101836,66.0142,47.0785,66.0142,68.0911,28.0361,167.274,167.274,257.5336,92.8476
726,cnn,nsson,jetson_emulator,2,offload,0.4685200120728157,66.2112,47.0131,47.0131,48.5418,30.9793,167.274,167.274,257.5195,92.927
727,cnn,nsson,jetson_emulator,2,offload,0.47004640307906015,65.8462,47.3319,47.3319,49.2662,30.9793,167.274,167.274,257.6597,92.915
728,cnn,nsson,jetson_emulator,2,local,0.47842807804973236,66.4539,47.5912,66.4539,67.4636,27.9863,167.274,167.274,257.9544,92.9935
729,cnn,nsson,jetson_emulator,2,offload,0.4665316286767756,65.855,47.8273,47.8273,50.5813,30.9793,167.274,167.274,257.9401,92.9476
730,cnn,nsson,jetson_emulator,2,offload,0.47757645797406095,66.14,47.0492,47.0492,49.243,30.9793,167.274,167.274,258.0802,92.9975
731,cnn,nsson,jetson_emulator,2,local,0.4694565465819815,66.217,46.9196,66.217,68.2755,28.0131,167.274,167.274,258.3752,92.9893
732,cnn,nsson,jetson_emulator,2,offload,0.4711720697797458,66.0715,47.9499,47.9499,49.2216,30.9793,167.274,167.274,258.3606,92.9958
733,cnn,nsson,jetson_emulator,2,local,0.48557625455028564,65.4667,47.8553,65.4667,67.1486,28.0984,167.274,167.274,258.6557,92.8945
734,cnn,nsson,jetson_emulator,2,offload,0.46967174906029724,65.5878,47.0216,47.0216,48.8077,30.9793,167.274,167.274,258.6409,92.9519
735,cnn,nsson,jetson_emulator,2,offload,0.47575577748404607,66.5593,46.8541,46.8541,48.2114,30.9793,167.274,167.274,258.7811,92.9151
736,cnn,nsson,jetson_emulator,2,local,0.4768279356460541,66.3778,47.662,66.3778,67.9097,27.9949,167.274,167.274,259.0765,92.9484
737,cnn,nsson,jetson_emulator,2,local,0.4792350985264695,65.7826,48.1518,65.7826,68.0351,28.0624,167.274,167.274,259.2167,92.8616
738,cnn,nsson,jetson_emulator,2,local,0.48033878282558873,66.4373,47.3175,66.4373,68.0068,27.9882,167.274,167.274,259.357,92.8774
739,cnn,nsson,jetson_emulator,2,offload,0.4933424934144776,66.0263,47.6149,47.6149,49.1206,30.9793,167.274,167.274,259.3418,92.8759
740,cnn,nsson,jetson_emulator,2,offload,0.4826682488552542,66.1208,47.1584,47.1584,48.3097,30.9793,167.274,167.274,259.482,92.8967
741,cnn,nsson,jetson_emulator,2,offload,0.4871238173581644,66.2291,46.6262,46.6262,47.9342,30.9793,167.274,167.274,259.6222,92.8823
742,cnn,nsson,jetson_emulator,2,offload,0.49431246092447473,65.8835,46.7885,46.7885,48.6284,30.9793,167.274,167.274,259.7623,92.9678
743,cnn,nsson,jetson_emulator,2,local,0.49155038309371235,65.64,47.1336,65.64,67.4427,28.0786,167.274,167.274,260.0583,92.8853
744,cnn,nsson,jetson_emulator,2,local,0.48453354295624135,65.2402,46.9739,65.2402,68.0065,28.1242,167.274,167.274,260.1985,92.9597
745,cnn,nsson,jetson_emulator,2,local,0.4884887618559145,65.7477,47.3238,65.7477,67.613,28.0664,167.274,167.274,260.3388,92.9436
746,cnn,nsson,jetson_emulator,2,local,0.4968727646432433,65.5892,47.3604,65.5892,67.005,28.0844,167.274,167.274,260.4791,92.8655
747,cnn,nsson,jetson_emulator,2,local,0.4911465515666935,66.3929,47.7572,66.3929,67.3797,27.9932,167.274,167.274,260.6193,92.9396
748,cnn,nsson,jetson_emulator,2,offload,0.492849742442769,65.3232,47.4146,47.4146,48.9149,30.9793,167.274,167.274,260.6034,92.8824
749,cnn,nsson,jetson_emulator,2,local,0.49738394771583594,65.1163,48.6605,65.1163,67.3818,28.1384,167.274,167.274,260.8998,92.843
750,cnn,nsson,jetson_emulator,2,local,0.4959418258922219,65.4776,47.7119,65.4776,66.4096,28.0971,167.274,167.274,261.0401,92.8833
751,cnn,nsson,jetson_emulator,2,offload,0.501629742391489,65.1904,47.3904,47.3904,49.1097,30.9793,167.274,167.274,261.0239,92.9272
752,cnn,nsson,jetson_emulator,2,local,0.4993563445766897,65.312,46.8428,65.312,67.0646,28.116,167.274,167.274,261.3206,92.9577
753,cnn,nsson,jetson_emulator,2,offload,0.5044176105513635,65.2517,47.1181,47.1181,48.5424,30.9793,167.274,167.274,261.3043,92.8647
754,cnn,nsson,jetson_emulator,2,offload,0.4882153892839581,65.8233,46.8867,46.8867,48.6842,30.9793,167.274,167.274,261.4445,92.9084
755,cnn,nsson,jetson_emulator,2,local,0.4801260607405489,65.3348,47.0804,65.3348,67.0764,28.1134,167.274,167.274,261.7414,92.9287
756,cnn,nsson,jetson_emulator,2,offload,0.4805671124281374,65.1681,47.2434,47.2434,48.4357,30.9793,167.274,167.274,261.7248,92.8956
757,cnn,nsson,jetson_emulator,2,offload,0.4740396792773487,65.3667,46.4044,46.4044,48.7162,30.9793,167.274,167.274,261.865,92.9241
758,cnn,nsson,jetson_emulator,2,offload,0.4716332054494379,65.0523,46.6461,46.6461,48.5605,30.9793,167.274,167.274,262.0052,92.9
759,cnn,nsson,jetson_emulator,2,offload,0.47266382023124137,65.4144,46.7586,46.7586,47.8631,30.9793,167.274,167.274,262.1453,92.9486
760,cnn,nsson,jetson_emulator,2,offload,0.47778286351055393,66.0869,47.6687,47.6687,49.0644,30.9793,167.274,167.274,262.2855,92.9469
761,cnn,nsson,jetson_emulator,2,local,0.4728606560442317,65.182,47.1196,65.182,67.3766,28.1309,167.274,167.274,262.583,92.8955
762,cnn,nsson,jetson_emulator,2,local,0.4758679574950657,65.1628,47.265,65.1628,67.2369,28.1331,167.274,167.274,262.7232,92.9023
763,cnn,nsson,jetson_emulator,2,offload,0.47597643734076167,65.1643,46.6601,46.6601,48.956,30.9793,167.274,167.274,262.7061,92.9954
764,cnn,nsson,jetson_emulator,2,offload,0.4849537972812096,65.4037,46.9236,46.9236,48.1935,30.9793,167.274,167.274,262.8462,92.9089
765,cnn,nsson,jetson_emulator,2,offload,0.4876031232597557,65.2252,46.8163,46.8163,48.2135,30.9793,167.274,167.274,262.9864,92.9721
766,cnn,nsson,jetson_emulator,2,local,0.48419673996518714,65.128,47.1051,65.128,66.6434,28.137,167.274,167.274,263.2843,92.8503
767,cnn,nsson,jetson_emulator,2,local,0.49000007923778854,65.196,47.5032,65.196,67.1557,28.1293,167.274,167.274,263.4245,92.9272
768,cnn,nsson,jetson_emulator,2,offload,0.49072360589313335,65.5899,46.8945,46.8945,49.0304,30.9793,167.274,167.274,263.4069,92.9061
769,cnn,nsson,jetson_emulator,2,offload,0.4954182973350864,65.0757,47.4676,47.4676,48.4794,30.9793,167.274,167.274,263.5471,92.9333
770,cnn,nsson,jetson_emulator,2,offload,0.5007377718440601,65.5295,46.54,46.54,48.1006,30.9793,167.274,167.274,263.6873,92.9396
771,cnn,nsson,jetson_emulator,2,local,0.5101092130275033,66.2086,46.5947,66.2086,68.0916,28.0141,167.274,167.274,263.9856,92.9526
772,cnn,nsson,jetson_emulator,2,local,0.5068878245383801,65.6121,47.249,65.6121,67.9377,28.0818,167.274,167.274,264.1258,92.9213
773,cnn,nsson,jetson_emulator,2,offload,0.5112679858237517,65.3479,48.5615,48.5615,50.313,30.9793,167.274,167.274,264.1078,92.8304
774,cnn,nsson,jetson_emulator,2,offload,0.5161166947076721,65.6853,47.6852,47.6852,49.4742,30.9793,167.274,167.274,264.248,92.8816
775,cnn,nsson,jetson_emulator,2,local,0.520392422540182,66.0786,48.7824,66.0786,67.4746,28.0288,167.274,167.274,264.5466,92.893
776,cnn,nsson,jetson_emulator,2,offload,0.5189042171302052,65.4535,47.4814,47.4814,49.5766,30.9793,167.274,167.274,264.5283,92.885
777,cnn,nsson,jetson_emulator,2,local,0.5156966278510277,65.7539,47.2551,65.7539,68.4293,28.0657,167.274,167.274,264.8271,92.8972
778,cnn,nsson,jetson_emulator,2,offload,0.5124319533413528,65.7288,46.9977,46.9977,48.5662,30.9793,167.274,167.274,264.8087,92.9644
779,cnn,nsson,jetson_emulator,2,offload,0.5154514992716213,66.2594,47.0521,47.0521,48.3621,30.9793,167.274,167.274,264.9489,92.8642
780,cnn,nsson,jetson_emulator,2,offload,0.5114748388899552,65.8872,46.772,46.772,48.2412,30.9793,167.274,167.274,265.089,92.8963
781,cnn,nsson,jetson_emulator,2,offload,0.5071733424434373,66.8443,46.9556,46.9556,48.1391,30.9793,167.274,167.274,265.2292,92.9767
782,cnn,nsson,jetson_emulator,2,local,0.5089205149427062,65.6027,46.9419,65.6027,67.3569,28.0829,167.274,167.274,265.5284,92.9647
783,cnn,nsson,jetson_emulator,2,offload,0.5079388215758717,65.7203,47.4572,47.4572,49.7309,30.9793,167.274,167.274,265.5096,92.9215
784,cnn,nsson,jetson_emulator,2,offload,0.5123221727731369,66.2479,47.2339,47.2339,48.9475,30.9793,167.274,167.274,265.6498,92.9288
785,cnn,nsson,jetson_emulator,2,offload,0.5066606459217013,66.7016,46.9792,46.9792,47.8302,30.9793,167.274,167.274,265.7899,92.8905
786,cnn,nsson,jetson_emulator,2,local,0.5221687028650588,66.1137,47.7169,66.1137,68.9044,28.0248,167.274,167.274,266.0895,92.9291
787,cnn,nsson,jetson_emulator,2,local,0.5167854910813067,66.008,47.9817,66.008,67.142,28.0368,167.274,167.274,266.2297,92.9709
788,cnn,nsson,jetson_emulator,2,local,0.5223014976548243,66.1387,47.7348,66.1387,67.968,28.022,167.274,167.274,266.37,92.913
789,cnn,nsson,jetson_emulator,2,offload,0.5355253580938975,66.2044,47.5645,47.5645,49.9775,30.9793,167.274,167.274,266.3506,92.965
790,cnn,nsson,jetson_emulator,2,offload,0.5371466513518341,66.1434,47.8072,47.8072,49.2911,30.9793,167.274,167.274,266.4908,92.921
791,cnn,nsson,jetson_emulator,2,offload,0.5402770220523839,66.9851,47.7395,47.7395,49.7124,30.9793,167.274,167.274,266.631,93.0022
792,cnn,nsson,jetson_emulator,2,local,0.5427263789818249,66.0606,47.5455,66.0606,67.3931,28.0308,167.274,167.274,266.931,92.8494
793,cnn,nsson,jetson_emulator,2,offload,0.5443592140418944,66.1241,48.8926,48.8926,50.3604,30.9793,167.274,167.274,266.9113,92.9069
794,cnn,nsson,jetson_emulator,2,offload,0.5581555535918519,67.2095,47.6224,47.6224,49.5726,30.9793,167.274,167.274,267.0515,92.9104
795,cnn,nsson,jetson_emulator,2,offload,0.5674988070604622,67.2646,47.6341,47.6341,49.7037,30.9793,167.274,167.274,267.1917,92.9302
796,cnn,nsson,jetson_emulator,2,offload,0.5702252721614912,67.081,48.517,48.517,50.3882,30.9793,167.274,167.274,267.3319,92.8924
797,cnn,nsson,jetson_emulator,2,local,0.577529296264605,66.8616,49.1921,66.8616,68.5266,27.9403,167.274,167.274,267.6323,92.9298
798,cnn,nsson,jetson_emulator,2,local,0.5789440542358731,66.8848,47.6292,66.8848,69.817,27.9376,167.274,167.274,267.7726,92.8938
799,cnn,nsson,jetson_emulator,2,offload,0.572401265925269,67.0926,47.7672,47.7672,49.3896,30.9793,167.274,167.274,267.7524,92.9227
800,cnn,nsson,jetson_emulator,2,offload,0.5697265318720179,66.9314,48.493,48.493,49.9806,30.9793,167.274,167.274,267.8926,92.8562
801,cnn,nsson,jetson_emulator,2,offload,0.5645768680199332,67.1992,48.3458,48.3458,50.5048,30.9793,167.274,167.274,268.0328,92.9154
802,cnn,nsson,jetson_emulator,2,offload,0.5575486974759727,67.067,47.8199,47.8199,49.9016,30.9793,167.274,167.274,268.1729,92.9032
803,cnn,nsson,jetson_emulator,2,offload,0.5617278992919598,67.1915,49.0313,49.0313,50.9656,30.9793,167.274,167.274,268.3131,92.8484
804,cnn,nsson,jetson_emulator,2,local,0.5617121954290155,67.5099,47.9644,67.5099,69.8606,27.8674,167.274,167.274,268.6142,92.8111
805,cnn,nsson,jetson_emulator,2,local,0.5612297393606451,68.1464,49.12,68.1464,70.1007,27.7962,167.274,167.274,268.7544,92.9139
806,cnn,nsson,jetson_emulator,2,offload,0.5634068311812318,67.6208,49.668,49.668,51.734,30.9234,167.274,167.274,268.7336,92.9168
807,cnn,nsson,jetson_emulator,2,offload,0.5592366689308299,67.3066,48.3415,48.3415,50.2719,30.9793,167.274,167.274,268.8738,92.9761
808,cnn,nsson,jetson_emulator,2,offload,0.5687252304791514,67.4512,48.8133,48.8133,50.3673,30.9793,167.274,167.274,269.014,92.9008
809,cnn,nsson,jetson_emulator,2,offload,0.5637106922263357,68.4051,48.8744,48.8744,50.4454,30.9793,167.274,167.274,269.1542,92.916
810,cnn,nsson,jetson_emulator,2,offload,0.5523228740791156,67.6177,48.9801,48.9801,50.3539,30.9793,167.274,167.274,269.2943,92.9439
811,cnn,nsson,jetson_emulator,2,local,0.5576231428378166,68.2255,48.7555,68.2255,69.8425,27.7874,167.274,167.274,269.596,92.8998
812,cnn,nsson,jetson_emulator,2,local,0.5490269409902326,67.8487,49.4614,67.8487,69.9559,27.8294,167.274,167.274,269.7362,92.9375
813,cnn,nsson,jetson_emulator,2,offload,0.5430207840585302,68.376,48.8795,48.8795,50.3583,30.9793,167.274,167.274,269.7149,92.9013
814,cnn,nsson,jetson_emulator,2,local,0.5455412210127377,68.3337,49.9769,68.3337,70.0833,27.7753,167.274,167.274,270.0168,92.9009
815,cnn,nsson,jetson_emulator,2,offload,0.535430055677857,68.7453,49.4708,49.4708,51.9031,30.9499,167.274,167.274,269.9952,92.9872
816,cnn,nsson,jetson_emulator,2,local,0.5347588696092546,68.6707,49.5184,68.6707,70.4623,27.7378,167.274,167.274,270.2973,92.8903
817,cnn,nsson,jetson_emulator,2,local,0.5411093422238192,68.827,50.3872,68.827,70.0891,27.7205,167.274,167.274,270.4375,92.9094
818,cnn,nsson,jetson_emulator,2,local,0.5553872645827314,69.8469,49.1901,69.8469,71.5692,27.6078,167.274,167.274,270.5778,92.8779
819,cnn,nsson,jetson_emulator,2,offload,0.5525654976276806,69.0427,49.4592,49.4592,50.255,30.9514,167.274,167.274,270.5559,92.9598
820,cnn,nsson,jetson_emulator,2,local,0.551695813829169,69.6699,49.362,69.6699,71.623,27.6273,167.274,167.274,270.8583,92.8406
821,cnn,nsson,jetson_emulator,2,local,0.5421488674196294,68.9839,50.3749,68.9839,70.9805,27.7031,167.274,167.274,270.9986,92.842
822,cnn,nsson,jetson_emulator,2,local,0.5374893718681901,69.0047,49.3728,69.0047,70.3632,27.7008,167.274,167.274,271.1388,92.9088
823,cnn,nsson,jetson_emulator,2,offload,0.5423477340342622,69.3694,49.7914,49.7914,51.6385,30.9069,167.274,167.274,271.1166,92.865
824,cnn,nsson,jetson_emulator,2,offload,0.5522416848027649,70.263,50.3395,50.3395,52.6556,30.8337,167.274,167.274,271.2568,92.8817
825,cnn,nsson,jetson_emulator,2,offload,0.5531651207170261,70.3482,50.5531,50.5531,52.4655,30.8052,167.274,167.274,271.397,92.8905
826,cnn,nsson,jetson_emulator,2,local,0.5571201747800962,69.8726,50.4489,69.8726,71.4225,27.6049,167.274,167.274,271.6999,92.8767
827,cnn,nsson,jetson_emulator,2,offload,0.5582445573503797,70.073,50.7776,50.7776,52.2276,30.7754,167.274,167.274,271.6773,92.9674
828,cnn,nsson,jetson_emulator,2,offload,0.5588412562377327,69.7124,50.7694,50.7694,52.3705,30.7765,167.274,167.274,271.8175,92.8848
829,cnn,nsson,jetson_emulator,2,offload,0.5519023388978299,70.065,50.1036,50.1036,51.4623,30.8651,167.274,167.274,271.9577,92.902
830,cnn,nsson,jetson_emulator,2,offload,0.5556797278803235,70.2556,50.8514,50.8514,51.5846,30.7656,167.274,167.274,272.0979,92.8681
831,cnn,nsson,jetson_emulator,2,offload,0.5502992885259675,70.0954,52.2832,52.2832,53.4277,30.5768,167.274,167.274,272.238,92.9547
832,cnn,nsson,jetson_emulator,2,local,0.5506235385622277,70.376,51.3758,70.376,72.1852,27.5497,167.274,167.274,272.5415,92.9235
833,cnn,nsson,jetson_emulator,2,local,0.5583397491147217,71.0811,51.0947,71.0811,73.7421,27.4726,167.274,167.274,272.6817,92.8615
834,cnn,nsson,jetson_emulator,2,offload,0.5639232796529908,71.3327,50.6448,50.6448,52.7702,30.793,167.274,167.274,272.6586,92.9028
835,cnn,nsson,jetson_emulator,2,local,0.572212415493369,71.5292,50.5144,71.5292,73.3666,27.4239,167.274,167.274,272.9622,93.0251
836,cnn,nsson,jetson_emulator,2,local,0.5692860613907613,71.5407,50.8987,71.5407,73.0729,27.4226,167.274,167.274,273.1025,93.0481
837,cnn,nsson,jetson_emulator,2,offload,0.5851343805406053,71.7233,51.793,51.793,53.3949,30.6412,167.274,167.274,273.0791,92.9573
838,cnn,nsson,jetson_emulator,2,local,0.5740667378264553,71.1717,51.2098,71.1717,72.3064,27.4627,167.274,167.274,273.383,92.8767
839,cnn,nsson,jetson_emulator,2,offload,0.5611103895363779,71.5975,51.9215,51.9215,53.7189,30.6243,167.274,167.274,273.3595,92.841
840,cnn,nsson,jetson_emulator,2,local,0.564205331532951,71.3601,51.4523,71.3601,72.0522,27.4422,167.274,167.274,273.6635,92.9302
841,cnn,nsson,jetson_emulator,2,offload,0.5699480987862275,72.6227,51.4011,51.4011,52.2613,30.6928,167.274,167.274,273.6398,92.9188
842,cnn,nsson,jetson_emulator,2,local,0.5733167777310695,71.8327,51.4774,71.8327,73.0311,27.3909,167.274,167.274,273.9441,92.9019
843,cnn,nsson,jetson_emulator,2,local,0.5786951478462814,72.3925,51.9582,72.3925,73.9147,27.3304,167.274,167.274,274.0843,92.9267
844,cnn,nsson,jetson_emulator,2,local,0.5740773554340447,72.1213,53.2576,72.1213,73.6894,27.3597,167.274,167.274,274.2246,92.8395
845,cnn,nsson,jetson_emulator,2,offload,0.5749718589155584,72.502,52.4167,52.4167,54.7184,30.5593,167.274,167.274,274.2005,92.9464
846,cnn,nsson,jetson_emulator,2,local,0.5761673310686835,72.8452,51.8657,72.8452,74.5534,27.2817,167.274,167.274,274.5051,93.0229
847,cnn,nsson,jetson_emulator,2,local,0.5724643691450199,72.5291,51.9895,72.5291,74.5227,27.3157,167.274,167.274,274.6454,92.9307
848,cnn,nsson,jetson_emulator,2,local,0.5727228442250989,72.5232,52.6593,72.5232,75.0552,27.3164,167.274,167.274,274.7856,92.8678
849,cnn,nsson,jetson_emulator,2,local,0.5778836656501498,72.7205,53.0509,72.7205,74.5497,27.2951,167.274,167.274,274.9259,92.9302
850,cnn,nsson,jetson_emulator,2,offload,0.5875923097454768,72.7833,52.8364,52.8364,54.1539,30.5044,167.274,167.274,274.9014,92.9596
851,cnn,nsson,jetson_emulator,2,local,0.5900660972543756,73.1128,52.9394,73.1128,74.895,27.253,167.274,167.274,275.2064,93.0068
852,cnn,nsson,jetson_emulator,2,offload,0.5882030293480127,73.8913,53.7856,53.7856,55.6022,30.3811,167.274,167.274,275.1817,92.9484
853,cnn,nsson,jetson_emulator,2,offload,0.5898480715916192,74.1928,53.3216,53.3216,54.8893,30.4413,167.274,167.274,275.3219,92.9762
854,cnn,nsson,jetson_emulator,2,local,0.5930499165990157,73.326,52.9207,73.326,74.4473,27.2301,167.274,167.274,275.6272,93.0033
855,cnn,nsson,jetson_emulator,2,offload,0.6000971515033151,73.5103,52.6185,52.6185,54.6759,30.5329,167.274,167.274,275.6023,92.9152
856,cnn,nsson,jetson_emulator,2,local,0.6039505974256781,73.6972,53.158,73.6972,75.0855,27.1904,167.274,167.274,275.9077,92.8659
857,cnn,nsson,jetson_emulator,2,local,0.6028666633246712,74.2322,54.3141,74.2322,76.1858,27.1334,167.274,167.274,276.048,92.9273
858,cnn,nsson,jetson_emulator,2,local,0.6174616676178446,74.0241,53.9102,74.0241,74.9829,27.1556,167.274,167.274,276.1882,92.8591
859,cnn,nsson,jetson_emulator,2,offload,0.6241237751287704,74.2758,54.3621,54.3621,55.8082,30.3067,167.274,167.274,276.163,92.9467
860,cnn,nsson,jetson_emulator,2,local,0.6270724430859129,74.2401,53.3977,74.2401,76.3959,27.1326,167.274,167.274,276.4687,92.9046
861,cnn,nsson,jetson_emulator,2,local,0.6273327154022994,75.2788,53.855,75.2788,76.9506,27.0227,167.274,167.274,276.609,92.9801
862,cnn,nsson,jetson_emulator,2,local,0.6284361489209959,75.1069,53.958,75.1069,76.957,27.0408,167.274,167.274,276.7493,92.9362
863,cnn,nsson,jetson_emulator,2,local,0.631383308606985,75.8875,53.4099,75.8875,76.7961,26.9586,167.274,167.274,276.8895,92.8559
864,cnn,nsson,jetson_emulator,2,local,0.6171424270583744,75.2901,53.6271,75.2901,78.1481,27.0215,167.274,167.274,277.0298,92.9692
865,cnn,nsson,jetson_emulator,2,local,0.6209610488636967,75.1252,54.0674,75.1252,77.3467,27.0389,167.274,167.274,277.17,92.9258
866,cnn,nsson,jetson_emulator,2,local,0.6283879727528572,75.7317,53.9533,75.7317,77.7663,26.975,167.274,167.274,277.3103,92.854
867,cnn,nsson,jetson_emulator,2,local,0.6303147529637864,75.1592,54.4894,75.1592,77.0698,27.0353,167.274,167.274,277.4506,92.9915
868,cnn,nsson,jetson_emulator,2,offload,0.6309466407065195,75.3737,53.9385,53.9385,55.8727,30.3613,167.274,167.274,277.4246,92.9302
869,cnn,nsson,jetson_emulator,2,local,0.6315819895990046,75.6604,55.4556,75.6604,77.3672,26.9825,167.274,167.274,277.7311,92.902
870,cnn,nsson,jetson_emulator,2,local,0.6219268607858655,76.1812,56.0343,76.1812,78.5306,26.9278,167.274,167.274,277.8713,92.8647
871,cnn,nsson,jetson_emulator,2,local,0.633396042227351,75.8933,54.7003,75.8933,78.8674,26.958,167.274,167.274,278.0116,92.9514
872,cnn,nsson,jetson_emulator,2,local,0.6372998325748445,76.268,54.9476,76.268,78.0948,26.9188,167.274,167.274,278.1519,92.8487
873,cnn,nsson,jetson_emulator,2,offload,0.6319026729039062,76.9163,55.8413,55.8413,57.9774,30.1174,167.274,167.274,278.1254,92.9221
874,cnn,nsson,jetson_emulator,2,offload,0.6326395237141543,76.1647,55.2183,55.2183,56.716,30.1969,167.274,167.274,278.2656,92.8267
875,cnn,nsson,jetson_emulator,2,local,0.629457470235367,76.4058,54.5842,76.4058,77.3879,26.9043,167.274,167.274,278.5726,92.9472
876,cnn,nsson,jetson_emulator,2,offload,0.6411014907000424,76.6951,55.742,55.742,57.4342,30.1301,167.274,167.274,278.546,92.9094
877,cnn,nsson,jetson_emulator,2,offload,0.6371826722117633,76.7674,55.1174,55.1174,56.8733,30.2098,167.274,167.274,278.6862,92.9064
878,cnn,nsson,jetson_emulator,2,offload,0.6407069259100452,77.4231,54.8732,54.8732,57.1654,30.241,167.274,167.274,278.8263,92.968
879,cnn,nsson,jetson_emulator,2,offload,0.6373294288045152,76.9866,55.4323,55.4323,57.0458,30.1695,167.274,167.274,278.9665,92.923
880,cnn,nsson,jetson_emulator,2,offload,0.641683062613138,77.5115,57.1016,57.1016,59.0486,29.958,167.274,167.274,279.1067,92.9339
881,cnn,nsson,jetson_emulator,2,local,0.6507903680555485,77.3589,55.6037,77.3589,78.2845,26.8051,167.274,167.274,279.4142,92.9056
882,cnn,nsson,jetson_emulator,2,local,0.6525799625374749,77.8493,55.767,77.8493,80.2617,26.7543,167.274,167.274,279.5545,92.9504
883,cnn,nsson,jetson_emulator,2,local,0.6522648194074647,77.859,55.7085,77.859,79.3553,26.7533,167.274,167.274,279.6947,92.8866
884,cnn,nsson,jetson_emulator,2,offload,0.6405297032511641,77.6378,55.9098,55.9098,58.5432,30.1087,167.274,167.274,279.6674,92.9761
885,cnn,nsson,jetson_emulator,2,offload,0.6408665974852445,78.2151,56.2649,56.2649,57.7731,30.0637,167.274,167.274,279.8076,92.8403
886,cnn,nsson,jetson_emulator,2,offload,0.6479355804852296,78.2871,56.9543,56.9543,58.7288,29.9766,167.274,167.274,279.9477,92.8096
887,cnn,nsson,jetson_emulator,2,local,0.6481437429818104,78.8574,56.0518,78.8574,80.5896,26.6505,167.274,167.274,280.2558,92.9565
888,cnn,nsson,jetson_emulator,2,offload,0.6471005908796634,78.7734,56.3321,56.3321,58.1735,30.0552,167.274,167.274,280.2281,92.9314
889,cnn,nsson,jetson_emulator,2,local,0.6517279901951195,78.3647,56.0966,78.3647,79.9067,26.7012,167.274,167.274,280.5363,92.8159
890,cnn,nsson,jetson_emulator,2,offload,0.6606974233147273,78.2164,56.6792,56.6792,58.5445,30.0113,167.274,167.274,280.5084,92.8794
891,cnn,nsson,jetson_emulator,2,local,0.6559850396164227,78.2739,56.5367,78.2739,80.2693,26.7105,167.274,167.274,280.8168,92.961
892,cnn,nsson,jetson_emulator,2,offload,0.6613178054089247,78.3729,56.7072,56.7072,58.458,30.0077,167.274,167.274,280.7888,92.9691
893,cnn,nsson,jetson_emulator,2,local,0.6671649269018681,78.7519,56.4845,78.7519,79.882,26.6614,167.274,167.274,281.0973,92.9733
894,cnn,nsson,jetson_emulator,2,offload,0.6705304621452045,78.6307,57.0503,57.0503,58.2773,29.9645,167.274,167.274,281.0692,92.8316
895,cnn,nsson,jetson_emulator,2,local,0.6665905963459129,78.6926,58.1626,78.6926,80.7218,26.6674,167.274,167.274,281.3779,92.9445
896,cnn,nsson,jetson_emulator,2,local,0.6695757200548718,80.2927,57.0136,80.2927,81.531,26.5042,167.274,167.274,281.5181,92.9103
897,cnn,nsson,jetson_emulator,2,local,0.6710002820112587,79.0008,56.7812,79.0008,80.6035,26.6358,167.274,167.274,281.6584,92.8436
898,cnn,nsson,jetson_emulator,2,offload,0.6680919641687242,79.1974,57.1365,57.1365,59.3562,29.9536,167.274,167.274,281.6299,92.9846
899,cnn,nsson,jetson_emulator,2,local,0.6723282114724171,79.2601,58.0748,79.2601,80.6472,26.6093,167.274,167.274,281.9389,92.9088
900,cnn,nsson,jetson_emulator,2,offload,0.68,79.9783,56.8907,56.8907,58.8446,29.9846,167.274,167.274,281.9102,92.9144
901,cnn,nsson,jetson_emulator,2,offload,0.6794382983149089,80.4778,57.1513,57.1513,59.0859,29.9518,167.274,167.274,282.0504,92.9038
902,cnn,nsson,jetson_emulator,2,local,0.6778326044803986,79.5498,58.4025,79.5498,81.2016,26.5797,167.274,167.274,282.3597,93.0029
903,cnn,nsson,jetson_emulator,2,local,0.6772299522859528,79.7776,57.5514,79.7776,80.4057,26.5565,167.274,167.274,282.4999,92.8864
904,cnn,nsson,jetson_emulator,2,local,0.6741444018727815,80.4477,57.0553,80.4477,82.6111,26.4884,167.274,167.274,282.6402,92.8885
905,cnn,nsson,jetson_emulator,2,offload,0.6740651195958601,79.8835,57.6722,57.6722,58.9339,29.8864,167.274,167.274,282.6111,92.9279
906,cnn,nsson,jetson_emulator,2,local,0.6730630427383236,80.1765,57.2238,80.1765,81.8504,26.5159,167.274,167.274,282.9207,92.854
907,cnn,nsson,jetson_emulator,2,offload,0.6736844924310362,80.2202,57.5747,57.5747,60.2816,29.8986,167.274,167.274,282.8914,92.9098
908,cnn,nsson,jetson_emulator,2,offload,0.6642956958780101,80.4866,57.2299,57.2299,59.6026,29.9419,167.274,167.274,283.0316,92.9759
909,cnn,nsson,jetson_emulator,2,offload,0.6609833651050994,80.43,57.711,57.711,59.1231,29.8816,167.274,167.274,283.1718,92.9202
910,cnn,nsson,jetson_emulator,2,local,0.6657888627349401,80.2313,57.4134,80.2313,81.9333,26.5104,167.274,167.274,283.4818,92.9669
911,cnn,nsson,jetson_emulator,2,offload,0.6677205017138951,81.1861,58.3257,58.3257,60.36,29.8048,167.274,167.274,283.4522,92.9317
912,cnn,nsson,jetson_emulator,2,local,0.6712346601489824,81.5425,57.962,81.5425,83.4865,26.378,167.274,167.274,283.7623,92.7811
913,cnn,nsson,jetson_emulator,2,offload,0.6795427226509838,81.0576,58.858,58.858,61.1275,29.7387,167.274,167.274,283.7325,92.9002
914,cnn,nsson,jetson_emulator,2,offload,0.6761224064638401,81.1079,57.5341,57.5341,59.1731,29.9037,167.274,167.274,283.8727,92.9849
915,cnn,nsson,jetson_emulator,2,offload,0.6618082770032275,80.6851,57.6044,57.6044,60.2319,29.8949,167.274,167.274,284.0129,92.9407
916,cnn,nsson,jetson_emulator,2,local,0.6588762458772975,81.4193,58.9157,81.4193,83.3334,26.3904,167.274,167.274,284.3233,92.8883
917,cnn,nsson,jetson_emulator,2,offload,0.6596930522824052,81.0127,58.777,58.777,60.2486,29.7487,167.274,167.274,284.2932,92.9141
918,cnn,nsson,jetson_emulator,2,offload,0.6662152020083546,80.7632,59.6534,59.6534,61.0254,29.6404,167.274,167.274,284.4334,92.9875
919,cnn,nsson,jetson_emulator,2,offload,0.6639545238522497,81.4219,58.6383,58.6383,60.305,29.7659,167.274,167.274,284.5736,92.8993
920,cnn,nsson,jetson_emulator,2,local,0.6724572081646778,81.0018,58.4253,81.0018,82.7445,26.4324,167.274,167.274,284.8844,92.9095
921,cnn,nsson,jetson_emulator,2,offload,0.6705338877579408,81.6266,58.6183,58.6183,60.5821,29.7684,167.274,167.274,284.8539,92.9507
922,cnn,nsson,jetson_emulator,2,offload,0.6677431004963608,81.17,58.138,58.138,59.7534,29.8282,167.274,167.274,284.9941,92.991
923,cnn,nsson,jetson_emulator,2,local,0.6675684941623374,82.0483,59.7707,82.0483,82.9149,26.3273,167.274,167.274,285.3051,92.9103
924,cnn,nsson,jetson_emulator,2,offload,0.6677213020706145,82.457,59.0007,59.0007,60.2648,29.721,167.274,167.274,285.2744,92.8721
925,cnn,nsson,jetson_emulator,2,offload,0.6764852140730648,81.7415,58.5319,58.5319,61.0274,29.7792,167.274,167.274,285.4146,92.9404
926,cnn,nsson,jetson_emulator,2,offload,0.6748878457617535,82.1388,58.5977,58.5977,60.7717,29.771,167.274,167.274,285.5548,92.8811
927,cnn,nsson,jetson_emulator,2,offload,0.6700391766693568,81.4081,58.3513,58.3513,60.9006,29.8016,167.274,167.274,285.695,92.9241
928,cnn,nsson,jetson_emulator,2,offload,0.6659285148735219,81.7093,58.2186,58.2186,59.6239,29.8182,167.274,167.274,285.8351,92.8721
929,cnn,nsson,jetson_emulator,2,offload,0.6666184776960782,82.1093,58.4482,58.4482,60.6338,29.7896,167.274,167.274,285.9753,92.8993
930,cnn,nsson,jetson_emulator,2,offload,0.6661202608584466,81.648,59.7387,59.7387,61.6176,29.6299,167.274,167.274,286.1155,92.8483
931,cnn,nsson,jetson_emulator,2,offload,0.6626097560901828,81.8705,58.338,58.338,60.5596,29.8033,167.274,167.274,286.2557,92.8921
932,cnn,nsson,jetson_emulator,2,offload,0.6689465674643034,82.0934,59.4782,59.4782,60.738,29.662,167.274,167.274,286.3959,92.851
933,cnn,nsson,jetson_emulator,2,local,0.6660882207434986,82.6347,59.5222,82.6347,83.9238,26.2687,167.274,167.274,286.7077,92.9399
934,cnn,nsson,jetson_emulator,2,offload,0.6700297518017696,82.1722,58.8844,58.8844,60.0416,29.7354,167.274,167.274,286.6762,92.9079
935,cnn,nsson,jetson_emulator,2,offload,0.6711248810704608,81.8049,58.982,58.982,60.0834,29.7233,167.274,167.274,286.8164,92.9172
936,cnn,nsson,jetson_emulator,2,local,0.6719585565134508,82.6172,58.7615,82.6172,84.3876,26.2705,167.274,167.274,287.1285,92.8662
937,cnn,nsson,jetson_emulator,2,offload,0.6716044357235467,82.057,58.8493,58.8493,60.2566,29.7398,167.274,167.274,287.0967,92.8883
938,cnn,nsson,jetson_emulator,2,local,0.6626164594916002,82.5453,58.8407,82.5453,84.3662,26.2776,167.274,167.274,287.409,92.9046
939,cnn,nsson,jetson_emulator,2,offload,0.6761758653779335,81.821,59.4062,59.4062,60.5749,29.6709,167.274,167.274,287.3771,92.8512
940,cnn,nsson,jetson_emulator,2,local,0.668187537698978,83.0637,58.6904,83.0637,83.8549,26.226,167.274,167.274,287.6896,92.9949
941,cnn,nsson,jetson_emulator,2,offload,0.670174974368921,82.1735,58.9532,58.9532,61.3724,29.7269,167.274,167.274,287.6574,92.8947
942,cnn,nsson,jetson_emulator,2,offload,0.6584590339677286,82.4195,58.6473,58.6473,60.1048,29.7648,167.274,167.274,287.7976,93.0218
943,cnn,nsson,jetson_emulator,2,local,0.6607123493956375,82.735,59.2478,82.735,84.0629,26.2587,167.274,167.274,288.1103,92.8723
944,cnn,nsson,jetson_emulator,2,local,0.6591970043058657,81.9754,59.1039,81.9754,84.2115,26.3346,167.274,167.274,288.2506,92.8798
945,cnn,nsson,jetson_emulator,2,local,0.6538168967337266,82.4974,59.2656,82.4974,83.9052,26.2824,167.274,167.274,288.3909,92.7932
946,cnn,nsson,jetson_emulator,2,offload,0.6592704851616275,83.2039,58.6608,58.6608,61.1734,29.7631,167.274,167.274,288.3583,92.9513
947,cnn,nsson,jetson_emulator,2,offload,0.6623186164152446,82.7503,59.5081,59.5081,60.9864,29.6583,167.274,167.274,288.4985,92.8085
948,cnn,nsson,jetson_emulator,2,offload,0.6541834646285255,82.8135,59.1509,59.1509,61.0193,29.7024,167.274,167.274,288.6387,92.8389
949,cnn,nsson,jetson_emulator,2,offload,0.6622291850501475,82.244,59.4427,59.4427,61.6492,29.6664,167.274,167.274,288.7789,92.8756
950,cnn,nsson,jetson_emulator,2,offload,0.669167692595381,82.207,58.7663,58.7663,61.1963,29.75,167.274,167.274,288.919,93.0007
951,cnn,nsson,jetson_emulator,2,offload,0.6676439207317695,82.2926,58.7077,58.7077,60.6424,29.7573,167.274,167.274,289.0592,92.8286
952,cnn,nsson,jetson_emulator,2,offload,0.6712780091797541,82.1444,58.766,58.766,59.9944,29.7501,167.274,167.274,289.1994,92.9281
953,cnn,nsson,jetson_emulator,2,local,0.661365884152794,82.0012,59.1821,82.0012,83.0428,26.332,167.274,167.274,289.513,92.9019
954,cnn,nsson,jetson_emulator,2,local,0.6546301491898384,82.2415,59.233,82.2415,83.9745,26.3079,167.274,167.274,289.6532,92.9253
955,cnn,nsson,jetson_emulator,2,offload,0.6587864992974606,82.738,58.7723,58.7723,60.2762,29.7493,167.274,167.274,289.6199,92.8998
956,cnn,nsson,jetson_emulator,2,offload,0.6585415385579494,82.2654,59.3196,59.3196,60.9434,29.6816,167.274,167.274,289.7601,92.9646
957,cnn,nsson,jetson_emulator,2,local,0.6688536532067054,82.2572,59.4183,82.2572,84.1297,26.3064,167.274,167.274,290.074,92.8992
958,cnn,nsson,jetson_emulator,2,local,0.6714138999608119,83.2236,60.0865,83.2236,84.9277,26.2102,167.274,167.274,290.2143,92.9238
959,cnn,nsson,jetson_emulator,2,local,0.6663407444336858,82.0085,58.9625,82.0085,83.7448,26.3313,167.274,167.274,290.3545,92.8794
960,cnn,nsson,jetson_emulator,2,local,0.670605692128905,82.7683,60.0112,82.7683,84.458,26.2554,167.274,167.274,290.4948,92.9497
961,cnn,nsson,jetson_emulator,2,offload,0.6751156386374902,82.8069,58.6714,58.6714,60.6608,29.7618,167.274,167.274,290.461,92.9095
962,cnn,nsson,jetson_emulator,2,local,0.678313569354415,82.3861,58.5746,82.3861,84.1999,26.2935,167.274,167.274,290.7753,92.8785
963,cnn,nsson,jetson_emulator,2,local,0.6788385707324249,81.8836,58.622,81.8836,83.3696,26.3438,167.274,167.274,290.9156,92.8659
964,cnn,nsson,jetson_emulator,2,offload,0.68,81.9034,58.7494,58.7494,60.6253,29.7521,167.274,167.274,290.8815,92.9749
965,cnn,nsson,jetson_emulator,2,offload,0.68,82.2503,58.8217,58.8217,60.0423,29.7432,167.274,167.274,291.0217,92.8542
966,cnn,nsson,jetson_emulator,2,offload,0.6700150560668919,82.4649,58.76,58.76,60.0395,29.7508,167.274,167.274,291.1618,92.7685
967,cnn,nsson,jetson_emulator,2,offload,0.6685160293165984,81.8965,59.4364,59.4364,61.7049,29.6672,167.274,167.274,291.302,92.9211
968,cnn,nsson,jetson_emulator,2,offload,0.6691585699453659,82.3148,59.7406,59.7406,61.8025,29.6297,167.274,167.274,291.4422,92.8311
969,cnn,nsson,jetson_emulator,2,local,0.6700662945782204,81.987,59.4981,81.987,84.2537,26.3334,167.274,167.274,291.7571,92.9198
970,cnn,nsson,jetson_emulator,2,local,0.6713259080977334,82.4082,58.8741,82.4082,84.8259,26.2913,167.274,167.274,291.8974,92.9378
971,cnn,nsson,jetson_emulator,2,local,0.6771196032664931,81.946,59.5659,81.946,83.8978,26.3375,167.274,167.274,292.0376,92.9497
972,cnn,nsson,jetson_emulator,2,local,0.68,81.8981,58.7239,81.8981,83.7737,26.3423,167.274,167.274,292.1779,92.8642
973,cnn,nsson,jetson_emulator,2,local,0.6731297806708757,82.5484,58.6259,82.5484,83.6936,26.2773,167.274,167.274,292.3182,92.8743
974,cnn,nsson,jetson_emulator,2,offload,0.6749715862670445,81.7831,59.0779,59.0779,61.5929,29.7114,167.274,167.274,292.2833,92.9536
975,cnn,nsson,jetson_emulator,2,offload,0.6744964143022631,81.6131,60.083,60.083,61.7817,29.5876,167.274,167.274,292.4234,92.9382
976,cnn,nsson,jetson_emulator,2,local,0.6725799399362803,81.9266,58.6411,81.9266,83.6974,26.3395,167.274,167.274,292.7389,92.9223
977,cnn,nsson,jetson_emulator,2,offload,0.68,82.1244,58.4833,58.4833,59.995,29.7852,167.274,167.274,292.7038,92.8902
978,cnn,nsson,jetson_emulator,2,offload,0.6758253430976429,81.8728,58.7707,58.7707,60.641,29.7495,167.274,167.274,292.844,92.9038
979,cnn,nsson,jetson_emulator,2,offload,0.68,82.1544,58.4516,58.4516,59.6378,29.7891,167.274,167.274,292.9841,92.8569
980,cnn,nsson,jetson_emulator,2,offload,0.68,81.8286,58.7879,58.7879,60.8972,29.7474,167.274,167.274,293.1243,92.9589
981,cnn,nsson,jetson_emulator,2,local,0.68,82.1339,58.4839,82.1339,83.8959,26.3187,167.274,167.274,293.4402,92.8538
982,cnn,nsson,jetson_emulator,2,local,0.6758005004922684,81.4295,58.3269,81.4295,82.4809,26.3894,167.274,167.274,293.5805,92.9184
983,cnn,nsson,jetson_emulator,2,local,0.6736626748472828,82.0188,58.8143,82.0188,83.786,26.3302,167.274,167.274,293.7208,92.9208
984,cnn,nsson,jetson_emulator,2,local,0.6768703128926674,82.1937,58.699,82.1937,83.2889,26.3127,167.274,167.274,293.861,92.9609
985,cnn,nsson,jetson_emulator,2,offload,0.6699850604106483,82.1886,58.362,58.362,59.9485,29.8003,167.274,167.274,293.8252,92.8753
986,cnn,nsson,jetson_emulator,2,local,0.6636546940511009,81.3618,58.1388,81.3618,83.3845,26.3962,167.274,167.274,294.1415,93.0301
987,cnn,nsson,jetson_emulator,2,offload,0.6610723942732388,81.6124,58.6176,58.6176,60.2127,29.7685,167.274,167.274,294.1056,92.8896
988,cnn,nsson,jetson_emulator,2,local,0.6589123951781422,81.8108,59.1541,81.8108,83.3982,26.3511,167.274,167.274,294.4221,92.8989
989,cnn,nsson,jetson_emulator,2,offload,0.655874465669362,81.3473,58.2749,58.2749,59.4425,29.8111,167.274,167.274,294.3859,92.921
990,cnn,nsson,jetson_emulator,2,offload,0.6611337075074581,81.0852,59.4053,59.4053,61.2315,29.671,167.274,167.274,294.5261,92.866
991,cnn,nsson,jetson_emulator,2,local,0.6648085976331805,81.0922,58.2887,81.0922,81.9809,26.4233,167.274,167.274,294.8428,92.8849
992,cnn,nsson,jetson_emulator,2,offload,0.6684912075192232,81.5435,58.6775,58.6775,61.0986,29.7611,167.274,167.274,294.8064,92.9461
993,cnn,nsson,jetson_emulator,2,offload,0.6656212641497411,81.5238,58.6418,58.6418,59.7983,29.7655,167.274,167.274,294.9466,92.9114
994,cnn,nsson,jetson_emulator,2,offload,0.6719956894799534,81.1564,58.6254,58.6254,60.4907,29.7675,167.274,167.274,295.0868,92.93
995,cnn,nsson,jetson_emulator,2,local,0.6642279032510999,81.2591,58.9051,81.2591,82.4501,26.4065,167.274,167.274,295.4039,92.9102
996,cnn,nsson,jetson_emulator,2,local,0.669766023689191,81.0036,58.6566,81.0036,82.0237,26.4322,167.274,167.274,295.5441,92.986
997,cnn,nsson,jetson_emulator,2,offload,0.6601100536070459,81.5147,59.4998,59.4998,61.7624,29.6593,167.274,167.274,295.5073,92.8897
998,cnn,nsson,jetson_emulator,2,local,0.6657928968322456,80.8132,57.7785,80.8132,82.377,26.4515,167.274,167.274,295.8247,92.8411
999,cnn,nsson,jetson_emulator,2,offload,0.6642111066648857,81.2165,58.2698,58.2698,60.4516,29.8118,167.274,167.274,295.7877,92.9642
1000,cnn,nsson,jetson_emulator,2,offload,0.6603477851679243,80.7293,57.7385,57.7385,59.0607,29.8781,167.274,167.274,295.9278,92.8713
1001,cnn,nsson,jetson_emulator,2,local,0.6552637547035963,80.9204,57.9769,80.9204,82.4568,26.4406,167.274,167.274,296.2455,92.953
1002,cnn,nsson,jetson_emulator,2,local,0.6539052832650145,80.7433,58.2411,80.7433,82.8666,26.4585,167.274,167.274,296.3857,93.0203
1003,cnn,nsson,jetson_emulator,2,local,0.6553835902728891,80.9884,58.8332,80.9884,83.0605,26.4338,167.274,167.274,296.526,92.8507
1004,cnn,nsson,jetson_emulator,2,offload,0.6424965119563467,81.134,58.6344,58.6344,61.2012,29.7664,167.274,167.274,296.4886,92.8283
1005,cnn,nsson,jetson_emulator,2,offload,0.6402553432056773,81.0427,58.2117,58.2117,59.7083,29.819,167.274,167.274,296.6287,92.908
1006,cnn,nsson,jetson_emulator,2,offload,0.6445727044068849,81.7629,57.6295,57.6295,59.142,29.8918,167.274,167.274,296.7689,92.85
1007,cnn,nsson,jetson_emulator,2,offload,0.642545845057779,80.485,57.6743,57.6743,59.8413,29.8862,167.274,167.274,296.9091,92.9609
1008,cnn,nsson,jetson_emulator,2,offload,0.64118685613389,80.6779,57.794,57.794,59.7423,29.8712,167.274,167.274,297.0493,92.9358
1009,cnn,nsson,jetson_emulator,2,offload,0.636192112124478,80.9916,58.8883,58.8883,61.0646,29.7349,167.274,167.274,297.1894,92.9656
1010,cnn,nsson,jetson_emulator,2,local,0.6319376836793235,80.8386,59.4438,80.8386,83.3657,26.4489,167.274,167.274,297.5078,92.9411
1011,cnn,nsson,jetson_emulator,2,offload,0.6350068436278512,80.4677,57.4248,57.4248,59.1097,29.9174,167.274,167.274,297.4698,92.9782
1012,cnn,nsson,jetson_emulator,2,local,0.629952857266161,80.9723,57.7303,80.9723,82.4592,26.4354,167.274,167.274,297.7883,92.9671
1013,cnn,nsson,jetson_emulator,2,offload,0.6337908442035296,80.3867,57.9266,57.9266,60.254,29.8546,167.274,167.274,297.7501,92.8827
1014,cnn,nsson,jetson_emulator,2,offload,0.6213945254192575,80.3901,57.5884,57.5884,59.3984,29.8969,167.274,167.274,297.8903,92.9144
1015,cnn,nsson,jetson_emulator,2,local,0.6313896367761229,80.6601,57.6917,80.6601,81.7474,26.4669,167.274,167.274,298.2091,92.8687
1016,cnn,nsson,jetson_emulator,2,local,0.6381023687946654,80.3897,57.7727,80.3897,81.3317,26.4943,167.274,167.274,298.3494,92.8229
1017,cnn,nsson,jetson_emulator,2,offload,0.6277421016290319,80.0565,58.5226,58.5226,61.0746,29.7803,167.274,167.274,298.3108,93.0754
1018,cnn,nsson,jetson_emulator,2,local,0.6332419088078515,80.1279,58.1795,80.1279,81.2597,26.5209,167.274,167.274,298.6299,92.8302
1019,cnn,nsson,jetson_emulator,2,local,0.634321727817443,80.485,57.6503,80.485,82.5902,26.4847,167.274,167.274,298.7701,92.919
1020,cnn,nsson,jetson_emulator,2,local,0.6316032393750793,80.0993,57.2348,80.0993,81.2158,26.5238,167.274,167.274,298.9104,92.9676
1021,cnn,nsson,jetson_emulator,2,offload,0.6321267279323157,80.5906,57.9344,57.9344,60.3959,29.8536,167.274,167.274,298.8715,92.866
1022,cnn,nsson,jetson_emulator,2,offload,0.6248679407924187,79.9195,57.2763,57.2763,58.611,29.9361,167.274,167.274,299.0117,93.0075
1023,cnn,nsson,jetson_emulator,2,local,0.624943343521299,80.1878,57.5101,80.1878,82.0106,26.5148,167.274,167.274,299.3312,92.9116
1024,cnn,nsson,jetson_emulator,2,local,0.617863774722308,79.8728,58.4701,79.8728,81.1124,26.5468,167.274,167.274,299.4714,92.8823
1025,cnn,nsson,jetson_emulator,2,local,0.617956894645537,80.1442,57.0496,80.1442,81.8099,26.5192,167.274,167.274,299.6117,93.0032
1026,cnn,nsson,jetson_emulator,2,local,0.6259660941095463,80.673,57.6389,80.673,81.4994,26.4656,167.274,167.274,299.752,92.8951
1027,cnn,nsson,jetson_emulator,2,local,0.6203015768464224,80.9843,57.0389,80.9843,83.1423,26.4342,167.274,167.274,299.8922,92.9635
1028,cnn,nsson,jetson_emulator,2,local,0.6165316145805753,79.9731,57.4729,79.9731,81.3403,26.5366,167.274,167.274,300.0325,92.9215
1029,cnn,nsson,jetson_emulator,2,offload,0.625286906781156,80.2006,57.9554,57.9554,59.9153,29.851,167.274,167.274,299.993,92.8795
1030,cnn,nsson,jetson_emulator,2,offload,0.6186111988903912,80.4886,57.1383,57.1383,58.8807,29.9534,167.274,167.274,300.1331,92.9438
1031,cnn,nsson,jetson_emulator,2,offload,0.6109920469786269,79.882,56.9192,56.9192,59.0763,29.981,167.274,167.274,300.2733,93.0119
1032,cnn,nsson,jetson_emulator,2,offload,0.6143389953561871,80.3577,57.973,57.973,59.3858,29.8488,167.274,167.274,300.4135,92.9283
1033,cnn,nsson,jetson_emulator,2,offload,0.6140170718598912,79.7284,57.3217,57.3217,58.5504,29.9304,167.274,167.274,300.5537,92.9187
1034,cnn,nsson,jetson_emulator,2,offload,0.6149024831603199,80.048,57.0145,57.0145,59.1157,29.969,167.274,167.274,300.6938,92.7912
1035,cnn,nsson,jetson_emulator,2,local,0.6155001474846802,80.4414,57.5074,80.4414,82.0344,26.4891,167.274,167.274,301.0143,92.8712
1036,cnn,nsson,jetson_emulator,2,local,0.6201672961998944,79.7083,59.0093,79.7083,80.8637,26.5636,167.274,167.274,301.1546,92.8797
1037,cnn,nsson,jetson_emulator,2,offload,0.6224820404347924,79.7319,58.2293,58.2293,60.5339,29.8168,167.274,167.274,301.1144,92.8839
1038,cnn,nsson,jetson_emulator,2,offload,0.6134392349612497,79.7255,57.2681,57.2681,58.9123,29.9371,167.274,167.274,301.2545,92.8572
1039,cnn,nsson,jetson_emulator,2,local,0.6059050781230236,80.1942,57.6254,80.1942,81.7981,26.5141,167.274,167.274,301.5753,92.974
1040,cnn,nsson,jetson_emulator,2,offload,0.6087756084864702,80.8919,57.1627,57.1627,58.4596,29.9504,167.274,167.274,301.5349,92.9371
1041,cnn,nsson,jetson_emulator,2,offload,0.6102795635073782,80.5778,58.6514,58.6514,61.191,29.7643,167.274,167.274,301.6751,92.9168
1042,cnn,nsson,jetson_emulator,2,local,0.6117998721869254,79.7209,57.9021,79.7209,81.548,26.5623,167.274,167.274,301.9961,92.9397
1043,cnn,nsson,jetson_emulator,2,local,0.608255364998014,79.8688,57.2575,79.8688,81.7605,26.5472,167.274,167.274,302.1364,92.9363
1044,cnn,nsson,jetson_emulator,2,offload,0.6074578933036682,79.8148,57.4434,57.4434,58.7624,29.9151,167.274,167.274,302.0956,92.8705
1045,cnn,nsson,jetson_emulator,2,local,0.6091888621467594,79.6456,57.2972,79.6456,81.9241,26.57,167.274,167.274,302.4169,92.9102
1046,cnn,nsson,jetson_emulator,2,local,0.6064419267245577,79.4655,57.6478,79.4655,81.3772,26.5883,167.274,167.274,302.5572,92.9737
1047,cnn,nsson,jetson_emulator,2,local,0.6057385479593648,79.9941,58.0385,79.9941,81.2161,26.5345,167.274,167.274,302.6974,92.8909
1048,cnn,nsson,jetson_emulator,2,local,0.6057220149938907,80.6058,57.1557,80.6058,82.2514,26.4724,167.274,167.274,302.8377,92.8665
1049,cnn,nsson,jetson_emulator,2,offload,0.6218091305238711,80.0517,57.4587,57.4587,59.6113,29.9132,167.274,167.274,302.7965,92.8135
1050,cnn,nsson,jetson_emulator,2,offload,0.6239550929431601,79.9921,57.5621,57.5621,59.1538,29.9002,167.274,167.274,302.9367,92.937
1051,cnn,nsson,jetson_emulator,2,offload,0.6269293065333271,79.6976,58.9426,58.9426,60.549,29.7282,167.274,167.274,303.0768,92.9099
1052,cnn,nsson,jetson_emulator,2,local,0.6329139278856958,79.9133,57.7621,79.9133,82.197,26.5427,167.274,167.274,303.3987,92.8324
1053,cnn,nsson,jetson_emulator,2,offload,0.6364833860450532,80.1803,57.5217,57.5217,58.8558,29.9053,167.274,167.274,303.3572,92.9392
1054,cnn,nsson,jetson_emulator,2,offload,0.6319762020838016,80.0528,56.9029,56.9029,58.7271,29.9831,167.274,167.274,303.4974,92.9163
1055,cnn,nsson,jetson_emulator,2,offload,0.6331238706931603,79.8462,57.8146,57.8146,59.2045,29.8686,167.274,167.274,303.6375,92.895
1056,cnn,nsson,jetson_emulator,2,offload,0.6328912043559815,80.458,57.4073,57.4073,58.6817,29.9196,167.274,167.274,303.7777,92.9298
1057,cnn,nsson,jetson_emulator,2,offload,0.6326811467102763,80.1523,58.4321,58.4321,59.28,29.7916,167.274,167.274,303.9179,92.8563
1058,cnn,nsson,jetson_emulator,2,offload,0.6398315320110437,79.6585,57.7753,57.7753,59.7887,29.8735,167.274,167.274,304.0581,92.9104
1059,cnn,nsson,jetson_emulator,2,local,0.6436187448494163,80.2518,58.4018,80.2518,81.6343,26.5083,167.274,167.274,304.3806,92.9604
1060,cnn,nsson,jetson_emulator,2,offload,0.6423988022148454,79.7004,57.131,57.131,58.845,29.9543,167.274,167.274,304.3384,92.885
1061,cnn,nsson,jetson_emulator,2,local,0.6533037591309038,80.1302,57.3827,80.1302,81.9161,26.5206,167.274,167.274,304.6611,92.9724
1062,cnn,nsson,jetson_emulator,2,local,0.6518428483960322,80.0078,57.6537,80.0078,80.846,26.5331,167.274,167.274,304.8013,92.9765
1063,cnn,nsson,jetson_emulator,2,offload,0.6423934291389092,79.8673,57.7455,57.7455,59.6339,29.8772,167.274,167.274,304.759,92.9167
1064,cnn,nsson,jetson_emulator,2,offload,0.6458390189488301,80.0166,57.6647,57.6647,58.7464,29.8874,167.274,167.274,304.8991,92.8658
1065,cnn,nsson,jetson_emulator,2,offload,0.653908404492207,80.0842,57.0047,57.0047,58.7768,29.9702,167.274,167.274,305.0393,92.9411
1066,cnn,nsson,jetson_emulator,2,offload,0.660306584026112,80.3824,57.061,57.061,58.4773,29.9632,167.274,167.274,305.1795,92.9723
1067,cnn,nsson,jetson_emulator,2,local,0.6671147484581574,79.7542,57.2134,79.7542,80.6698,26.5589,167.274,167.274,305.5026,92.9664
1068,cnn,nsson,jetson_emulator,2,offload,0.6554760631883408,80.0373,58.7096,58.7096,60.5411,29.7571,167.274,167.274,305.4598,92.9275
1069,cnn,nsson,jetson_emulator,2,offload,0.6664975272850188,80.5269,58.1812,58.1812,59.7943,29.8228,167.274,167.274,305.6,92.8985
1070,cnn,nsson,jetson_emulator,2,offload,0.6664076761358443,80.0002,57.3328,57.3328,58.718,29.929,167.274,167.274,305.7402,92.9307
1071,cnn,nsson,jetson_emulator,2,offload,0.677032190829589,80.3577,57.7568,57.7568,59.3674,29.8758,167.274,167.274,305.8804,92.8803
1072,cnn,nsson,jetson_emulator,2,local,0.68,80.469,59.341,80.469,81.6766,26.4863,167.274,167.274,306.2039,92.9311
1073,cnn,nsson,jetson_emulator,2,offload,0.6771873528759239,80.3888,57.8188,57.8188,60.0643,29.8681,167.274,167.274,306.1607,92.9354
1074,cnn,nsson,jetson_emulator,2,offload,0.6794155013221911,80.224,57.6775,57.6775,59.5698,29.8858,167.274,167.274,306.3009,92.9577
1075,cnn,nsson,jetson_emulator,2,offload,0.671684488348817,80.2052,57.7767,57.7767,59.1258,29.8733,167.274,167.274,306.4411,92.8976
1076,cnn,nsson,jetson_emulator,2,offload,0.6798863460471257,80.7887,57.6819,57.6819,59.6946,29.8852,167.274,167.274,306.5812,92.9784
1077,cnn,nsson,jetson_emulator,2,local,0.667291991605291,80.2802,58.26,80.2802,81.7675,26.5054,167.274,167.274,306.9052,92.9099
1078,cnn,nsson,jetson_emulator,2,offload,0.6644695421626889,80.3573,58.3904,58.3904,60.5785,29.7968,167.274,167.274,306.8616,92.9646
1079,cnn,nsson,jetson_emulator,2,local,0.6714826911670421,80.8792,58.4295,80.8792,82.3126,26.4448,167.274,167.274,307.1858,92.9542
1080,cnn,nsson,jetson_emulator,2,local,0.6709506901603507,80.8392,58.1452,80.8392,81.7463,26.4488,167.274,167.274,307.326,92.9643
1081,cnn,nsson,jetson_emulator,2,offload,0.6640212041591658,80.3796,58.557,58.557,61.1275,29.776,167.274,167.274,307.2821,92.9551
1082,cnn,nsson,jetson_emulator,2,offload,0.6601453544777927,80.6485,58.3479,58.3479,60.3471,29.8021,167.274,167.274,307.4223,92.9962
1083,cnn,nsson,jetson_emulator,2,offload,0.668024964847516,81.2675,58.7793,58.7793,60.4811,29.7484,167.274,167.274,307.5625,92.9114
1084,cnn,nsson,jetson_emulator,2,offload,0.6677665188791557,81.038,58.0736,58.0736,59.701,29.8362,167.274,167.274,307.7027,92.8854
1085,cnn,nsson,jetson_emulator,2,local,0.6606777109602171,80.6075,57.8537,80.6075,83.6063,26.4723,167.274,167.274,308.0273,92.9231
1086,cnn,nsson,jetson_emulator,2,local,0.6645058099685466,80.9582,58.0739,80.9582,82.7569,26.4368,167.274,167.274,308.1676,92.9472
1087,cnn,nsson,jetson_emulator,2,offload,0.6632117152356257,81.024,58.8142,58.8142,60.5032,29.7441,167.274,167.274,308.1232,92.8865
1088,cnn,nsson,jetson_emulator,2,local,0.6620559849124175,80.8405,58.7922,80.8405,83.14,26.4487,167.274,167.274,308.4481,92.858
1089,cnn,nsson,jetson_emulator,2,offload,0.6692447285488975,81.053,58.2764,58.2764,60.4296,29.811,167.274,167.274,308.4035,92.931
1090,cnn,nsson,jetson_emulator,2,local,0.6771667404751815,81.1896,58.1013,81.1896,83.1934,26.4135,167.274,167.274,308.7286,92.8852
1091,cnn,nsson,jetson_emulator,2,offload,0.6764074603154144,81.0095,58.3272,58.3272,60.705,29.8046,167.274,167.274,308.6839,93.0274
1092,cnn,nsson,jetson_emulator,2,offload,0.6718147676104871,81.503,59.0993,59.0993,61.4863,29.7088,167.274,167.274,308.8241,92.9059
1093,cnn,nsson,jetson_emulator,2,local,0.667619944657415,81.959,58.1233,81.959,84.3951,26.3362,167.274,167.274,309.1494,92.8825
1094,cnn,nsson,jetson_emulator,2,local,0.6624782511311709,81.5019,59.1172,81.5019,83.0402,26.3821,167.274,167.274,309.2897,92.9413
1095,cnn,nsson,jetson_emulator,2,local,0.655645001760625,81.5884,59.2802,81.5884,83.8559,26.3734,167.274,167.274,309.4299,92.8451
1096,cnn,nsson,jetson_emulator,2,offload,0.6514845583603691,81.8408,58.491,58.491,60.4304,29.7842,167.274,167.274,309.3848,92.9294
1097,cnn,nsson,jetson_emulator,2,offload,0.6583439866406989,82.3856,60.0082,60.0082,62.2547,29.5968,167.274,167.274,309.525,92.8882
1098,cnn,nsson,jetson_emulator,2,offload,0.6580400529726865,81.7595,58.3687,58.3687,60.1821,29.7995,167.274,167.274,309.6651,92.92
1099,cnn,nsson,jetson_emulator,2,local,0.6590827010749856,82.1824,59.0515,82.1824,84.0617,26.3139,167.274,167.274,309.991,92.9065
1100,cnn,nsson,jetson_emulator,2,offload,0.6569651812639117,82.8986,59.0303,59.0303,60.6063,29.7173,167.274,167.274,309.9455,92.9227
1101,cnn,nsson,jetson_emulator,2,offload,0.6613457407715598,81.843,59.0559,59.0559,60.9433,29.7142,167.274,167.274,310.0857,92.929
1102,cnn,nsson,jetson_emulator,2,local,0.662500328130362,82.5926,58.9044,82.5926,84.2498,26.2729,167.274,167.274,310.4117,92.9456
1103,cnn,nsson,jetson_emulator,2,offload,0.6605091782154616,81.9737,59.0466,59.0466,61.1905,29.7153,167.274,167.274,310.366,92.8737
1104,cnn,nsson,jetson_emulator,2,offload,0.6623682343206243,82.0666,60.7987,60.7987,62.2161,29.5,167.274,167.274,310.5062,92.9046
1105,cnn,nsson,jetson_emulator,2,local,0.6652736047530693,82.1977,60.2899,82.1977,83.4178,26.3123,167.274,167.274,310.8325,92.9768
1106,cnn,nsson,jetson_emulator,2,local,0.6606795356885588,82.8885,58.881,82.8885,84.2707,26.2435,167.274,167.274,310.9728,92.9464
1107,cnn,nsson,jetson_emulator,2,local,0.6597096498549893,82.8769,60.4817,82.8769,84.576,26.2446,167.274,167.274,311.113,92.9158
1108,cnn,nsson,jetson_emulator,2,offload,0.6623498402547212,82.6952,59.8294,59.8294,61.5287,29.6187,167.274,167.274,311.0669,92.9315
1109,cnn,nsson,jetson_emulator,2,offload,0.6627256828913645,82.8999,59.648,59.648,61.307,29.6411,167.274,167.274,311.2071,92.7915
1110,cnn,nsson,jetson_emulator,2,local,0.6686233711057106,83.4196,61.6758,83.4196,85.2447,26.1907,167.274,167.274,311.5338,92.922
1111,cnn,nsson,jetson_emulator,2,offload,0.668120375147192,83.4764,59.4283,59.4283,60.7284,29.6681,167.274,167.274,311.4874,92.862
1112,cnn,nsson,jetson_emulator,2,offload,0.6642443268181459,82.9491,60.0502,60.0502,61.402,29.5916,167.274,167.274,311.6276,92.872
1113,cnn,nsson,jetson_emulator,2,local,0.664914393830383,83.3062,59.6259,83.3062,85.0591,26.202,167.274,167.274,311.9546,92.9649
1114,cnn,nsson,jetson_emulator,2,local,0.6685318912775412,83.6255,59.7138,83.6255,85.1645,26.1704,167.274,167.274,312.0949,92.9074
1115,cnn,nsson,jetson_emulator,2,offload,0.6690631454540743,83.0437,59.4924,59.4924,60.3919,29.6602,167.274,167.274,312.0481,92.8699
1116,cnn,nsson,jetson_emulator,2,offload,0.6700408596730094,83.3145,59.6778,59.6778,61.124,29.6374,167.274,167.274,312.1883,92.8989
1117,cnn,nsson,jetson_emulator,2,offload,0.672188758351596,83.7042,59.7601,59.7601,61.5722,29.6273,167.274,167.274,312.3285,92.929
1118,cnn,nsson,jetson_emulator,2,offload,0.68,83.3596,60.3191,60.3191,61.9308,29.5586,167.274,167.274,312.4687,92.9518
1119,cnn,nsson,jetson_emulator,2,local,0.677290506371256,83.927,60.2482,83.927,86.2403,26.1406,167.274,167.274,312.7962,92.8529
1120,cnn,nsson,jetson_emulator,2,local,0.6656190545865216,84.3729,60.04,84.3729,87.227,26.0967,167.274,167.274,312.9364,92.8914
1121,cnn,nsson,jetson_emulator,2,local,0.6619195331631175,83.8758,60.3149,83.8758,85.0356,26.1456,167.274,167.274,313.0767,92.966
1122,cnn,nsson,jetson_emulator,2,offload,0.6537206027489076,84.6627,60.5444,60.5444,62.843,29.5311,167.274,167.274,313.0294,92.9144
1123,cnn,nsson,jetson_emulator,2,offload,0.6517771880594774,84.8968,60.0002,60.0002,61.6686,29.5977,167.274,167.274,313.1695,92.9557
1124,cnn,nsson,jetson_emulator,2,offload,0.6536795941360892,83.9899,60.2157,60.2157,61.9114,29.5713,167.274,167.274,313.3097,92.9786
1125,cnn,nsson,jetson_emulator,2,local,0.6459813966773631,84.1469,60.3143,84.1469,85.1604,26.1189,167.274,167.274,313.6377,92.9728
1126,cnn,nsson,jetson_emulator,2,offload,0.6365550472471524,84.2143,60.8462,60.8462,63.2006,29.4942,167.274,167.274,313.5901,92.995
1127,cnn,nsson,jetson_emulator,2,local,0.6467123210592561,85.1659,60.5902,85.1659,86.9402,26.0189,167.274,167.274,313.9183,92.8967
1128,cnn,nsson,jetson_emulator,2,offload,0.6492359453308125,84.526,60.9632,60.9632,62.5644,29.48,167.274,167.274,313.8704,92.9238
1129,cnn,nsson,jetson_emulator,2,local,0.6568390108815486,84.694,60.8757,84.694,86.8885,26.0651,167.274,167.274,314.1988,92.8348
1130,cnn,nsson,jetson_emulator,2,offload,0.6475143696626644,84.5227,60.9578,60.9578,62.7927,29.4806,167.274,167.274,314.1508,92.8712
1131,cnn,nsson,jetson_emulator,2,offload,0.6512973316425813,85.1589,60.5748,60.5748,63.1354,29.5274,167.274,167.274,314.2909,92.9874
1132,cnn,nsson,jetson_emulator,2,offload,0.66496408824747,85.0162,61.0487,61.0487,62.7951,29.4696,167.274,167.274,314.4311,92.9017
1133,cnn,nsson,jetson_emulator,2,offload,0.6722242739833716,85.3449,60.8098,60.8098,61.9128,29.4987,167.274,167.274,314.5713,92.8748
1134,cnn,nsson,jetson_emulator,2,offload,0.6717381337234737,85.2705,61.0313,61.0313,62.9036,29.4717,167.274,167.274,314.7115,92.806
1135,cnn,nsson,jetson_emulator,2,local,0.6692474161972247,85.4871,60.9075,85.4871,86.7293,25.9876,167.274,167.274,315.0403,92.893
1136,cnn,nsson,jetson_emulator,2,offload,0.6690431324935425,86.1364,60.8619,60.8619,62.5999,29.4923,167.274,167.274,314.9918,92.9253
1137,cnn,nsson,jetson_emulator,2,offload,0.6674240765048524,85.9524,60.945,60.945,62.441,29.4822,167.274,167.274,315.132,92.9698
1138,cnn,nsson,jetson_emulator,2,offload,0.6633865053459254,85.4335,61.0941,61.0941,62.4349,29.464,167.274,167.274,315.2722,92.9386
1139,cnn,nsson,jetson_emulator,2,offload,0.6663774366529183,86.3932,61.9721,61.9721,64.2495,29.3576,167.274,167.274,315.4124,92.9028
1140,cnn,nsson,jetson_emulator,2,offload,0.6616560022047449,86.0054,62.264,62.264,63.4527,29.3223,167.274,167.274,315.5525,92.9856
1141,cnn,nsson,jetson_emulator,2,local,0.6612057284905402,86.036,61.8215,86.036,87.4963,25.9342,167.274,167.274,315.8819,92.839
1142,cnn,nsson,jetson_emulator,2,local,0.657583735342143,85.8016,62.7265,85.8016,87.7542,25.9569,167.274,167.274,316.0222,92.9635
1143,cnn,nsson,jetson_emulator,2,offload,0.6530469721836472,86.3919,62.2063,62.2063,63.2527,29.3293,167.274,167.274,315.9731,92.9506
1144,cnn,nsson,jetson_emulator,2,offload,0.6545210153436948,86.3876,61.9814,61.9814,63.5979,29.3564,167.274,167.274,316.1132,92.8739
1145,cnn,nsson,jetson_emulator,2,offload,0.6632045518596215,86.4238,61.5036,61.5036,63.5458,29.4143,167.274,167.274,316.2534,92.9083
1146,cnn,nsson,jetson_emulator,2,offload,0.6674328626789381,86.1995,61.5883,61.5883,63.1798,29.404,167.274,167.274,316.3936,92.8832
1147,cnn,nsson,jetson_emulator,2,local,0.6684978338721109,86.3564,62.9071,86.3564,89.0045,25.9031,167.274,167.274,316.7235,92.9439
1148,cnn,nsson,jetson_emulator,2,offload,0.6598380915809712,86.8513,62.1717,62.1717,64.6479,29.3335,167.274,167.274,316.6739,92.9251
1149,cnn,nsson,jetson_emulator,2,local,0.6641929231804837,87.6297,62.158,87.6297,89.6171,25.7803,167.274,167.274,317.004,92.9368
1150,cnn,nsson,jetson_emulator,2,local,0.6734460271918601,86.5501,62.9738,86.5501,88.6297,25.8843,167.274,167.274,317.1442,92.9721
1151,cnn,nsson,jetson_emulator,2,offload,0.6696630938465955,87.6878,63.1732,63.1732,64.9143,29.2132,167.274,167.274,317.0945,92.8638
1152,cnn,nsson,jetson_emulator,2,offload,0.6682515113705968,87.274,63.0051,63.0051,63.8274,29.2333,167.274,167.274,317.2347,92.8371
1153,cnn,nsson,jetson_emulator,2,offload,0.6722738772181381,87.1864,63.0514,63.0514,64.127,29.2277,167.274,167.274,317.3748,92.9522
1154,cnn,nsson,jetson_emulator,2,local,0.6753777274013565,88.0277,62.9613,88.0277,89.2748,25.7422,167.274,167.274,317.7053,92.8802
1155,cnn,nsson,jetson_emulator,2,offload,0.68,87.238,63.4031,63.4031,64.9998,29.1857,167.274,167.274,317.6552,92.9382
1156,cnn,nsson,jetson_emulator,2,local,0.6687226018272978,87.0768,62.3214,87.0768,88.3951,25.8335,167.274,167.274,317.9858,92.955
1157,cnn,nsson,jetson_emulator,2,local,0.6737800144693151,87.1624,62.5165,87.1624,88.368,25.8252,167.274,167.274,318.1261,92.9299
1158,cnn,nsson,jetson_emulator,2,offload,0.68,87.643,63.4105,63.4105,65.1411,29.1848,167.274,167.274,318.0757,92.9682
1159,cnn,nsson,jetson_emulator,2,local,0.6774747944206115,87.6442,62.4615,87.6442,89.7521,25.7789,167.274,167.274,318.4066,92.8949
1160,cnn,nsson,jetson_emulator,2,offload,0.676844103826665,87.8587,62.9122,62.9122,64.3475,29.2444,167.274,167.274,318.3561,92.9063
1161,cnn,nsson,jetson_emulator,2,offload,0.68,87.5138,63.7433,63.7433,65.5348,29.1451,167.274,167.274,318.4962,92.8306
1162,cnn,nsson,jetson_emulator,2,offload,0.676921545140053,88.1787,63.1295,63.1295,64.3327,29.2184,167.274,167.274,318.6364,92.9261
1163,cnn,nsson,jetson_emulator,2,local,0.68,87.6219,63.1507,87.6219,89.7147,25.781,167.274,167.274,318.9676,92.8952
1164,cnn,nsson,jetson_emulator,2,local,0.68,87.89,62.8454,87.89,89.5583,25.7553,167.274,167.274,319.1079,92.877
1165,cnn,nsson,jetson_emulator,2,local,0.6787244490766686,88.783,63.2756,88.783,90.8882,25.6701,167.274,167.274,319.2481,92.8745
1166,cnn,nsson,jetson_emulator,2,offload,0.6799970232998348,88.1193,63.089,63.089,65.143,29.2232,167.274,167.274,319.1971,92.8981
1167,cnn,nsson,jetson_emulator,2,offload,0.6786031495001255,89.2812,63.5719,63.5719,65.1501,29.1655,167.274,167.274,319.3373,92.8871
1168,cnn,nsson,jetson_emulator,2,offload,0.68,88.2776,63.2035,63.2035,64.9959,29.2095,167.274,167.274,319.4775,92.9407
1169,cnn,nsson,jetson_emulator,2,offload,0.6776379265914039,88.7608,63.0141,63.0141,64.8321,29.2322,167.274,167.274,319.6176,92.8499
1170,cnn,nsson,jetson_emulator,2,local,0.6758867856187872,88.3314,63.5635,88.3314,90.1373,25.7131,167.274,167.274,319.9494,92.9335
1171,cnn,nsson,jetson_emulator,2,local,0.6719102163840645,88.5594,63.7679,88.5594,90.1873,25.6914,167.274,167.274,320.0897,92.9254
1172,cnn,nsson,jetson_emulator,2,local,0.6655227068023031,88.5727,63.2472,88.5727,90.7473,25.6901,167.274,167.274,320.23,92.8629
1173,cnn,nsson,jetson_emulator,2,offload,0.6633618772998542,88.5066,63.5544,63.5544,64.8077,29.1676,167.274,167.274,320.1784,92.9649
1174,cnn,nsson,jetson_emulator,2,offload,0.6680928086677425,89.9242,64.4336,64.4336,66.0889,29.0631,167.274,167.274,320.3185,92.8719
1175,cnn,nsson,jetson_emulator,2,offload,0.6666917431928411,88.4908,64.0866,64.0866,65.0719,29.1043,167.274,167.274,320.4587,92.9319
1176,cnn,nsson,jetson_emulator,2,local,0.6643755050279951,89.1028,63.5367,89.1028,90.6522,25.6397,167.274,167.274,320.791,92.9268
1177,cnn,nsson,jetson_emulator,2,offload,0.6617011580145046,89.224,64.1022,64.1022,66.4572,29.1024,167.274,167.274,320.7391,92.9712
1178,cnn,nsson,jetson_emulator,2,local,0.65328949612985,89.07,64.1006,89.07,91.1245,25.6428,167.274,167.274,321.0715,92.9046
1179,cnn,nsson,jetson_emulator,2,offload,0.6511831360591668,89.3575,63.6803,63.6803,65.4734,29.1526,167.274,167.274,321.0194,92.8849
1180,cnn,nsson,jetson_emulator,2,offload,0.6511653319710695,89.0116,63.8899,63.8899,65.8518,29.1277,167.274,167.274,321.1596,92.9159
1181,cnn,nsson,jetson_emulator,2,offload,0.6452549539871798,88.9134,63.7917,63.7917,65.2422,29.1393,167.274,167.274,321.2998,92.9166
1182,cnn,nsson,jetson_emulator,2,offload,0.6473842539286456,89.2027,65.2761,65.2761,67.2081,28.9637,167.274,167.274,321.4399,92.8246
1183,cnn,nsson,jetson_emulator,2,offload,0.6504291778923456,89.6749,63.8848,63.8848,65.4654,29.1283,167.274,167.274,321.5801,92.8967
1184,cnn,nsson,jetson_emulator,2,offload,0.651440021997938,89.1999,63.7991,63.7991,65.8315,29.1385,167.274,167.274,321.7203,92.8823
1185,cnn,nsson,jetson_emulator,2,offload,0.6584357466315398,89.4804,64.0038,64.0038,66.3424,29.1141,167.274,167.274,321.8605,93.0306
1186,cnn,nsson,jetson_emulator,2,offload,0.6502258482343046,89.1302,63.6951,63.6951,64.9167,29.1509,167.274,167.274,322.0006,92.8946
1187,cnn,nsson,jetson_emulator,2,local,0.6491570670815722,89.7215,64.8232,89.7215,90.9602,25.5811,167.274,167.274,322.3339,92.9164
1188,cnn,nsson,jetson_emulator,2,offload,0.6506393427076388,90.1766,65.6123,65.6123,67.6585,28.9242,167.274,167.274,322.281,92.8164
1189,cnn,nsson,jetson_emulator,2,offload,0.6541712872764645,89.3831,64.525,64.525,66.8628,29.0523,167.274,167.274,322.4212,92.8214
1190,cnn,nsson,jetson_emulator,2,offload,0.6533647784243753,89.677,63.9354,63.9354,65.204,29.1223,167.274,167.274,322.5614,92.8938
1191,cnn,nsson,jetson_emulator,2,offload,0.6650001782789456,89.6482,63.8157,63.8157,66.1786,29.1365,167.274,167.274,322.7015,92.8306
1192,cnn,nsson,jetson_emulator,2,offload,0.6603049461790969,89.4656,64.1266,64.1266,65.8153,29.0995,167.274,167.274,322.8417,92.8806
1193,cnn,nsson,jetson_emulator,2,offload,0.6764588719699395,89.8903,63.9559,63.9559,65.7005,29.1198,167.274,167.274,322.9819,92.8413
1194,cnn,nsson,jetson_emulator,2,offload,0.6759481093627604,89.4318,63.9086,63.9086,65.7243,29.1254,167.274,167.274,323.1221,92.8971
1195,cnn,nsson,jetson_emulator,2,offload,0.6722495169096095,90.1015,65.9292,65.9292,67.406,28.8871,167.274,167.274,323.2622,92.9447
1196,cnn,nsson,jetson_emulator,2,offload,0.68,90.1794,63.9807,63.9807,65.5392,29.1169,167.274,167.274,323.4024,92.8734
1197,cnn,nsson,jetson_emulator,2,offload,0.6797022651157052,90.7183,64.704,64.704,66.8793,29.0312,167.274,167.274,323.5426,92.8947
1198,cnn,nsson,jetson_emulator,2,local,0.6720550042843144,89.6038,64.0606,89.6038,91.129,25.5922,167.274,167.274,323.8767,92.9637
1199,cnn,nsson,jetson_emulator,2,local,0.679472525011272,89.9331,64.2334,89.9331,91.2846,25.5611,167.274,167.274,324.017,92.8885
1200,cnn,nsson,jetson_emulator,2,local,0.6788036239968204,90.6485,64.0906,90.6485,93.4296,25.4938,167.274,167.274,324.1573,92.8936
