cycle_id,model,architecture,profile,nodes,decision,threshold,local_latency_ms,offload_latency_ms,total_latency_ms,rtt_ms,throughput_fps,local_power_mw,offload_power_mw,effective_power_mw,accuracy_step
1,cnn,nsson,jetson_emulator,100,offload,0.5066019376353901,51.5931,36.9777,36.9777,40.1645,22.8624,167.274,167.274,165.0471,92.7716
2,cnn,nsson,jetson_emulator,100,offload,0.5039985574680786,51.1799,36.9522,36.9522,38.0848,22.8643,167.274,167.274,165.1955,92.9018
3,cnn,nsson,jetson_emulator,100,offload,0.5063076102156387,51.651,37.1565,37.1565,39.4893,22.8493,167.274,167.274,165.3439,92.8691
4,cnn,nsson,jetson_emulator,100,local,0.5052798171015128,50.9965,37.3703,50.9965,53.1503,21.2422,167.274,167.274,170.1761,92.8473
5,cnn,nsson,jetson_emulator,100,offload,0.5025431825268246,51.6119,36.6393,36.6393,39.1069,22.8873,167.274,167.274,165.6408,92.7978
6,cnn,nsson,jetson_emulator,100,local,0.505613952737016,51.2155,36.7873,51.2155,53.5623,21.2279,167.274,167.274,170.4813,92.9036
7,cnn,nsson,jetson_emulator,100,local,0.5048337354714052,51.0064,37.566,51.0064,52.7446,21.2415,167.274,167.274,170.6339,92.7728
8,cnn,nsson,jetson_emulator,100,local,0.4966836914490795,52.2076,37.9289,52.2076,53.7908,21.1635,167.274,167.274,170.7865,92.9004
9,cnn,nsson,jetson_emulator,100,local,0.4944360548804356,51.5095,37.3923,51.5095,54.0546,21.2088,167.274,167.274,170.9391,92.8204
10,cnn,nsson,jetson_emulator,100,offload,0.49495547372633175,51.3574,37.7815,37.7815,39.5029,22.8037,167.274,167.274,166.3828,92.9284
11,cnn,nsson,jetson_emulator,100,local,0.4928569022445064,51.5109,37.0459,51.5109,54.793,21.2087,167.274,167.274,171.2444,92.927
12,cnn,nsson,jetson_emulator,100,local,0.49212711236984624,52.1861,36.9697,52.1861,54.0543,21.1649,167.274,167.274,171.397,92.7738
13,cnn,nsson,jetson_emulator,100,offload,0.4970100198551499,52.3424,38.217,38.217,40.8565,22.772,167.274,167.274,166.828,92.873
14,cnn,nsson,jetson_emulator,100,local,0.49861831879724827,52.0763,37.183,52.0763,53.4117,21.172,167.274,167.274,171.7022,92.8529
15,cnn,nsson,jetson_emulator,100,offload,0.48709482615373956,52.1493,37.0697,37.0697,38.9023,22.8557,167.274,167.274,167.1248,92.8635
16,cnn,nsson,jetson_emulator,100,local,0.4937450554265348,52.2908,37.2163,52.2908,54.2093,21.1582,167.274,167.274,172.0074,92.8697
17,cnn,nsson,jetson_emulator,100,offload,0.493874447852595,52.982,37.4898,37.4898,40.1933,22.825,167.274,167.274,167.4217,92.8047
18,cnn,nsson,jetson_emulator,100,local,0.4944512398757326,52.9773,39.7134,52.9773,54.9854,21.1139,167.274,167.274,172.3126,92.8396
19,cnn,nsson,jetson_emulator,100,offload,0.4879565389981322,52.7022,38.5636,38.5636,40.4134,22.7468,167.274,167.274,167.7185,92.8884
20,cnn,nsson,jetson_emulator,100,offload,0.4943546932998299,52.9927,38.0569,38.0569,39.6271,22.7836,167.274,167.274,167.8669,92.9405
21,cnn,nsson,jetson_emulator,100,offload,0.49325586539949035,52.6124,37.8133,37.8133,39.6706,22.8014,167.274,167.274,168.0153,92.8836
22,cnn,nsson,jetson_emulator,100,offload,0.4913137360022587,52.92,38.4612,38.4612,40.491,22.7543,167.274,167.274,168.1637,92.9189
23,cnn,nsson,jetson_emulator,100,offload,0.477026934954574,53.5899,38.1072,38.1072,40.3857,22.78,167.274,167.274,168.3121,92.9338
24,cnn,nsson,jetson_emulator,100,offload,0.4821535111002353,53.3094,38.029,38.029,40.0815,22.7857,167.274,167.274,168.4605,92.8218
25,cnn,nsson,jetson_emulator,100,offload,0.47656880383165884,53.3905,39.1309,39.1309,41.3845,22.7058,167.274,167.274,168.6089,92.9089
26,cnn,nsson,jetson_emulator,100,local,0.470907212170351,53.1847,38.8487,53.1847,55.2884,21.1005,167.274,167.274,173.5335,92.8839
27,cnn,nsson,jetson_emulator,100,local,0.480258616128732,52.8895,38.0283,52.8895,54.6989,21.1195,167.274,167.274,173.6861,92.8289
28,cnn,nsson,jetson_emulator,100,offload,0.4754580305503326,53.0338,38.3789,38.3789,41.2301,22.7602,167.274,167.274,169.0542,92.8942
29,cnn,nsson,jetson_emulator,100,offload,0.46943968919375545,53.1339,39.6978,39.6978,41.4589,22.6649,167.274,167.274,169.2026,92.8768
30,cnn,nsson,jetson_emulator,100,local,0.468604626461228,53.5281,38.3193,53.5281,54.3566,21.0785,167.274,167.274,174.1439,92.8433
31,cnn,nsson,jetson_emulator,100,offload,0.4742681426371002,53.8822,38.3254,38.3254,40.5055,22.7641,167.274,167.274,169.4994,92.8345
32,cnn,nsson,jetson_emulator,100,offload,0.4764466235837491,53.5962,40.6786,40.6786,42.203,22.5945,167.274,167.274,169.6478,92.9367
33,cnn,nsson,jetson_emulator,100,offload,0.47264818594704333,54.6253,39.159,39.159,41.5924,22.7037,167.274,167.274,169.7962,92.8701
34,cnn,nsson,jetson_emulator,100,offload,0.47125029466378177,54.211,38.3765,38.3765,40.3956,22.7604,167.274,167.274,169.9446,92.8642
35,cnn,nsson,jetson_emulator,100,offload,0.46727730877310963,53.5702,38.5832,38.5832,41.0369,22.7454,167.274,167.274,170.093,92.9037
36,cnn,nsson,jetson_emulator,100,offload,0.47173937016024925,53.9834,38.3937,38.3937,40.5068,22.7592,167.274,167.274,170.2414,92.8109
37,cnn,nsson,jetson_emulator,100,offload,0.47035212311270125,54.3374,40.4702,40.4702,42.5989,22.6094,167.274,167.274,170.3898,92.7769
38,cnn,nsson,jetson_emulator,100,offload,0.47085020950448986,54.9018,39.7907,39.7907,41.5817,22.6582,167.274,167.274,170.5382,92.9054
39,cnn,nsson,jetson_emulator,100,offload,0.47182219455699737,54.4426,39.0558,39.0558,41.4225,22.7112,167.274,167.274,170.6867,92.9053
40,cnn,nsson,jetson_emulator,100,offload,0.46651809971120034,54.826,38.6441,38.6441,40.4104,22.741,167.274,167.274,170.8351,92.909
41,cnn,nsson,jetson_emulator,100,offload,0.4727120836640126,54.4067,39.2412,39.2412,41.1849,22.6978,167.274,167.274,170.9835,92.7789
42,cnn,nsson,jetson_emulator,100,local,0.4712645699536226,54.7493,40.2584,54.7493,57.3579,21.0004,167.274,167.274,175.9752,92.9276
43,cnn,nsson,jetson_emulator,100,local,0.4727312697632863,54.3143,39.0121,54.3143,56.3343,21.0282,167.274,167.274,176.1278,92.8279
44,cnn,nsson,jetson_emulator,100,offload,0.471453725267387,55.0013,39.2667,39.2667,41.9723,22.6959,167.274,167.274,171.4287,92.802
45,cnn,nsson,jetson_emulator,100,local,0.474924796089039,55.2386,40.1945,55.2386,57.3477,20.9693,167.274,167.274,176.4331,92.9208
46,cnn,nsson,jetson_emulator,100,offload,0.4917660123275672,54.3306,39.7646,39.7646,41.2545,22.66,167.274,167.274,171.7255,92.8427
47,cnn,nsson,jetson_emulator,100,local,0.4904768051024148,55.4793,39.1225,55.4793,57.1552,20.9541,167.274,167.274,176.7383,92.8079
48,cnn,nsson,jetson_emulator,100,local,0.48393674351684635,54.543,39.4394,54.543,55.8502,21.0136,167.274,167.274,176.8909,92.9205
49,cnn,nsson,jetson_emulator,100,offload,0.48651744786580176,54.5583,39.8625,39.8625,42.3207,22.653,167.274,167.274,172.1707,92.9495
50,cnn,nsson,jetson_emulator,100,local,0.49871913674446894,55.6553,40.0629,55.6553,58.2804,20.9429,167.274,167.274,177.1961,92.9189
51,cnn,nsson,jetson_emulator,100,offload,0.4961835617589813,54.9675,39.6848,39.6848,41.8638,22.6658,167.274,167.274,172.4676,92.9336
52,cnn,nsson,jetson_emulator,100,offload,0.4972593690991504,54.7985,39.4165,39.4165,41.8531,22.6851,167.274,167.274,172.616,92.8891
53,cnn,nsson,jetson_emulator,100,local,0.5000124154997874,55.1491,39.9058,55.1491,56.9684,20.975,167.274,167.274,177.6539,92.8039
54,cnn,nsson,jetson_emulator,100,local,0.5037566217408517,55.3054,40.2178,55.3054,56.9556,20.9651,167.274,167.274,177.8065,92.8321
55,cnn,nsson,jetson_emulator,100,local,0.5157905977996652,55.0229,40.4272,55.0229,56.5981,20.983,167.274,167.274,177.9592,92.9124
56,cnn,nsson,jetson_emulator,100,offload,0.532031293186572,55.3811,40.2674,40.2674,42.6343,22.6239,167.274,167.274,173.2096,92.857
57,cnn,nsson,jetson_emulator,100,offload,0.5266929347881069,55.3019,39.7734,39.7734,42.0775,22.6594,167.274,167.274,173.358,92.8005
58,cnn,nsson,jetson_emulator,100,local,0.5250370423412762,55.179,39.9963,55.179,57.0439,20.9731,167.274,167.274,178.417,92.7288
59,cnn,nsson,jetson_emulator,100,offload,0.5232249009867557,56.5918,40.4573,40.4573,43.0342,22.6103,167.274,167.274,173.6548,92.953
60,cnn,nsson,jetson_emulator,100,offload,0.5285172538606164,56.4929,40.2425,40.2425,43.1831,22.6257,167.274,167.274,173.8032,92.7781
61,cnn,nsson,jetson_emulator,100,offload,0.5261402889595703,55.4919,40.3205,40.3205,42.4649,22.6201,167.274,167.274,173.9516,92.9549
62,cnn,nsson,jetson_emulator,100,local,0.5294936735157654,55.8176,39.6068,55.8176,57.1342,20.9326,167.274,167.274,179.0274,92.8774
63,cnn,nsson,jetson_emulator,100,offload,0.5288771929414369,55.3676,39.5552,39.5552,42.1415,22.6751,167.274,167.274,174.2485,92.8206
64,cnn,nsson,jetson_emulator,100,offload,0.5264275413613468,55.8684,39.9782,39.9782,41.5896,22.6447,167.274,167.274,174.3969,92.859
65,cnn,nsson,jetson_emulator,100,offload,0.5243381896515745,55.6083,40.0082,40.0082,42.2834,22.6425,167.274,167.274,174.5453,92.7947
66,cnn,nsson,jetson_emulator,100,local,0.5127519964525743,55.6128,41.1336,55.6128,58.1024,20.9456,167.274,167.274,179.6379,92.8709
67,cnn,nsson,jetson_emulator,100,offload,0.5141814169135381,55.6095,41.2017,41.2017,43.5834,22.5571,167.274,167.274,174.8421,92.8939
68,cnn,nsson,jetson_emulator,100,offload,0.511368604829705,55.7287,39.9248,39.9248,42.3478,22.6485,167.274,167.274,174.9905,92.8214
69,cnn,nsson,jetson_emulator,100,offload,0.5163572350129787,56.3903,40.0027,40.0027,42.2337,22.6429,167.274,167.274,175.1389,92.9075
70,cnn,nsson,jetson_emulator,100,offload,0.5238209947113845,55.6806,39.8778,39.8778,42.7011,22.6519,167.274,167.274,175.2873,92.8983
71,cnn,nsson,jetson_emulator,100,local,0.5269367659143012,56.053,39.99,56.053,58.9522,20.9177,167.274,167.274,180.4009,92.7773
72,cnn,nsson,jetson_emulator,100,local,0.5238077564270502,55.984,40.9962,55.984,58.6372,20.9221,167.274,167.274,180.5535,92.8218
73,cnn,nsson,jetson_emulator,100,offload,0.5229404792815308,56.4402,40.2702,40.2702,42.5183,22.6237,167.274,167.274,175.7326,92.9072
74,cnn,nsson,jetson_emulator,100,local,0.522944397482013,55.7412,39.8838,55.7412,58.0746,20.9375,167.274,167.274,180.8587,92.8827
75,cnn,nsson,jetson_emulator,100,offload,0.5095223886005774,55.6971,40.9789,40.9789,42.9952,22.573,167.274,167.274,176.0294,92.8496
76,cnn,nsson,jetson_emulator,100,offload,0.5001142929757452,55.8324,41.3949,41.3949,43.2521,22.5433,167.274,167.274,176.1778,92.8944
77,cnn,nsson,jetson_emulator,100,offload,0.5008169899160345,56.1244,40.4456,40.4456,43.1597,22.6111,167.274,167.274,176.3262,92.8013
78,cnn,nsson,jetson_emulator,100,local,0.5011308535665263,55.9851,40.7448,55.9851,58.2887,20.922,167.274,167.274,181.4692,92.8924
79,cnn,nsson,jetson_emulator,100,offload,0.5023999541054575,56.1304,40.5574,40.5574,43.236,22.6031,167.274,167.274,176.623,92.7629
80,cnn,nsson,jetson_emulator,100,local,0.5091632268653549,55.7725,39.9045,55.7725,58.0152,20.9355,167.274,167.274,181.7744,92.8458
81,cnn,nsson,jetson_emulator,100,local,0.5152970158360907,56.056,40.4354,56.056,57.9626,20.9176,167.274,167.274,181.927,92.8665
82,cnn,nsson,jetson_emulator,100,local,0.5098295944694735,55.8805,41.3077,55.8805,58.5767,20.9287,167.274,167.274,182.0796,92.9333
83,cnn,nsson,jetson_emulator,100,local,0.5052137218033107,56.454,40.6522,56.454,59.3526,20.8924,167.274,167.274,182.2322,92.8777
84,cnn,nsson,jetson_emulator,100,local,0.5053366995566676,57.0516,40.4845,57.0516,58.6278,20.8548,167.274,167.274,182.3848,92.8158
85,cnn,nsson,jetson_emulator,100,offload,0.49633545316443173,56.8565,40.8207,40.8207,42.9732,22.5843,167.274,167.274,177.5135,92.8987
86,cnn,nsson,jetson_emulator,100,offload,0.4952351964170436,55.8679,40.1273,40.1273,42.1638,22.634,167.274,167.274,177.6619,92.7866
87,cnn,nsson,jetson_emulator,100,offload,0.4953133681577043,56.5888,40.9358,40.9358,42.8543,22.5761,167.274,167.274,177.8103,92.9035
88,cnn,nsson,jetson_emulator,100,offload,0.5027597528823416,55.8852,40.5616,40.5616,43.154,22.6028,167.274,167.274,177.9587,92.9012
89,cnn,nsson,jetson_emulator,100,offload,0.5124688733301723,56.2729,40.031,40.031,41.2701,22.6409,167.274,167.274,178.1071,92.8616
90,cnn,nsson,jetson_emulator,100,offload,0.5220065209130687,56.5045,40.6908,40.6908,43.4921,22.5936,167.274,167.274,178.2555,92.8283
91,cnn,nsson,jetson_emulator,100,offload,0.5153227322421557,56.0834,40.6877,40.6877,43.2514,22.5938,167.274,167.274,178.4039,92.8963
92,cnn,nsson,jetson_emulator,100,offload,0.5184460226483086,56.3487,40.685,40.685,42.6913,22.594,167.274,167.274,178.5523,92.8161
93,cnn,nsson,jetson_emulator,100,local,0.5116291010609942,56.2504,41.2152,56.2504,58.1614,20.9053,167.274,167.274,183.7583,92.8251
94,cnn,nsson,jetson_emulator,100,local,0.510243623778052,55.9017,41.6228,55.9017,57.9933,20.9273,167.274,167.274,183.9109,92.9163
95,cnn,nsson,jetson_emulator,100,local,0.5085023258200054,56.5448,40.0319,56.5448,58.2982,20.8867,167.274,167.274,184.0635,92.8675
96,cnn,nsson,jetson_emulator,100,offload,0.5079038591252433,56.0739,41.3526,41.3526,43.7061,22.5463,167.274,167.274,179.146,92.8523
97,cnn,nsson,jetson_emulator,100,offload,0.5009729077974111,56.4937,40.165,40.165,41.5632,22.6313,167.274,167.274,179.2944,92.8883
98,cnn,nsson,jetson_emulator,100,local,0.5026333215283206,56.5669,40.7101,56.5669,59.6098,20.8853,167.274,167.274,184.5213,92.8897
99,cnn,nsson,jetson_emulator,100,local,0.5020446178316309,56.3755,40.858,56.3755,58.9123,20.8974,167.274,167.274,184.674,92.8779
100,cnn,nsson,jetson_emulator,100,local,0.49539769588703564,56.0093,41.1834,56.0093,57.7242,20.9205,167.274,167.274,184.8266,92.8188
101,cnn,nsson,jetson_emulator,100,offload,0.49406448844044437,55.9271,40.2281,40.2281,42.8453,22.6267,167.274,167.274,179.888,92.9151
102,cnn,nsson,jetson_emulator,100,offload,0.4966166682701397,55.9032,40.3332,40.3332,43.0745,22.6192,167.274,167.274,180.0364,92.9097
103,cnn,nsson,jetson_emulator,100,offload,0.49747057068360134,56.4885,40.9219,40.9219,43.7048,22.5771,167.274,167.274,180.1848,92.8237
104,cnn,nsson,jetson_emulator,100,offload,0.5003500917175058,56.4989,40.6646,40.6646,43.175,22.5955,167.274,167.274,180.3332,92.8202
105,cnn,nsson,jetson_emulator,100,offload,0.49949946798705064,56.3415,40.2745,40.2745,42.3603,22.6234,167.274,167.274,180.4816,92.9087
106,cnn,nsson,jetson_emulator,100,local,0.4883090016750772,56.5936,40.9643,56.5936,57.7775,20.8837,167.274,167.274,185.7422,92.9374
107,cnn,nsson,jetson_emulator,100,offload,0.48754622473337794,55.9907,40.7033,40.7033,42.4383,22.5927,167.274,167.274,180.7785,92.8513
108,cnn,nsson,jetson_emulator,100,local,0.49653206160518853,56.4801,40.4522,56.4801,59.27,20.8908,167.274,167.274,186.0474,92.9009
109,cnn,nsson,jetson_emulator,100,local,0.49715946321579,56.2665,40.0153,56.2665,57.9622,20.9043,167.274,167.274,186.2,92.9028
110,cnn,nsson,jetson_emulator,100,offload,0.4941560474051893,55.8739,41.6292,41.6292,43.9015,22.5266,167.274,167.274,181.2237,92.858
111,cnn,nsson,jetson_emulator,100,local,0.4970664546556236,55.9101,40.2728,55.9101,58.6085,20.9268,167.274,167.274,186.5053,92.823
112,cnn,nsson,jetson_emulator,100,local,0.49765381564526595,55.8828,40.7509,55.8828,58.2095,20.9285,167.274,167.274,186.6579,92.9
113,cnn,nsson,jetson_emulator,100,offload,0.49677801436190905,56.2427,41.656,41.656,43.9622,22.5247,167.274,167.274,181.6689,92.856
114,cnn,nsson,jetson_emulator,100,offload,0.5025535090650626,56.8733,40.4061,40.4061,43.3952,22.614,167.274,167.274,181.8173,92.8752
115,cnn,nsson,jetson_emulator,100,local,0.5034790164383115,56.5063,41.8602,56.5063,57.9144,20.8892,167.274,167.274,187.1157,92.8487
116,cnn,nsson,jetson_emulator,100,offload,0.5097201900377851,55.902,40.5583,40.5583,42.6799,22.6031,167.274,167.274,182.1141,92.8838
117,cnn,nsson,jetson_emulator,100,offload,0.4970843493088174,55.7297,40.7401,40.7401,42.7676,22.59,167.274,167.274,182.2625,92.9219
118,cnn,nsson,jetson_emulator,100,local,0.49370489069591295,55.91,41.8326,55.91,58.9602,20.9268,167.274,167.274,187.5735,92.8254
119,cnn,nsson,jetson_emulator,100,offload,0.48768582924474196,55.9248,40.7343,40.7343,43.7132,22.5905,167.274,167.274,182.5594,92.8367
120,cnn,nsson,jetson_emulator,100,local,0.4955179653058312,55.9072,40.8532,55.9072,57.8957,20.927,167.274,167.274,187.8787,92.9448
121,cnn,nsson,jetson_emulator,100,offload,0.4994909712625253,55.4766,40.5967,40.5967,43.4234,22.6003,167.274,167.274,182.8562,92.8077
122,cnn,nsson,jetson_emulator,100,offload,0.5013813319263549,55.7603,40.1172,40.1172,41.9729,22.6347,167.274,167.274,183.0046,92.8577
123,cnn,nsson,jetson_emulator,100,offload,0.48979283168899496,55.9128,40.5657,40.5657,42.6588,22.6025,167.274,167.274,183.153,92.9329
124,cnn,nsson,jetson_emulator,100,offload,0.4904301887308355,55.7939,39.7729,39.7729,41.9023,22.6594,167.274,167.274,183.3014,92.9069
125,cnn,nsson,jetson_emulator,100,local,0.49110081733625677,55.5953,39.8601,55.5953,57.772,20.9467,167.274,167.274,188.6418,92.8314
126,cnn,nsson,jetson_emulator,100,local,0.4884774366037266,55.8406,40.2068,55.8406,58.2908,20.9312,167.274,167.274,188.7944,92.8578
127,cnn,nsson,jetson_emulator,100,offload,0.4857980616950292,55.7625,40.4048,40.4048,42.0336,22.6141,167.274,167.274,183.7466,92.9378
128,cnn,nsson,jetson_emulator,100,offload,0.4942198934568977,55.3328,39.789,39.789,42.136,22.6583,167.274,167.274,183.895,92.8988
129,cnn,nsson,jetson_emulator,100,offload,0.49308382447718846,55.7164,39.8293,39.8293,41.75,22.6554,167.274,167.274,184.0434,92.7041
130,cnn,nsson,jetson_emulator,100,offload,0.4845418760435308,55.8954,39.5822,39.5822,41.7895,22.6732,167.274,167.274,184.1919,92.8357
131,cnn,nsson,jetson_emulator,100,offload,0.4883370732978927,56.5681,40.4564,40.4564,42.4856,22.6104,167.274,167.274,184.3403,92.8316
132,cnn,nsson,jetson_emulator,100,offload,0.49015748889240107,55.3694,40.6348,40.6348,42.581,22.5976,167.274,167.274,184.4887,92.8953
133,cnn,nsson,jetson_emulator,100,local,0.49155338929496434,55.155,40.6006,55.155,57.3225,20.9746,167.274,167.274,189.8627,92.9497
134,cnn,nsson,jetson_emulator,100,offload,0.48589961456010355,55.2573,39.7299,39.7299,41.5933,22.6625,167.274,167.274,184.7855,92.8685
135,cnn,nsson,jetson_emulator,100,offload,0.4831606646716144,55.6938,39.364,39.364,41.2656,22.6889,167.274,167.274,184.9339,92.9519
136,cnn,nsson,jetson_emulator,100,offload,0.4784296005510045,55.2036,39.8026,39.8026,42.8265,22.6573,167.274,167.274,185.0823,92.9065
137,cnn,nsson,jetson_emulator,100,local,0.4855218951790472,55.9765,39.8272,55.9765,58.5867,20.9226,167.274,167.274,190.4731,92.8082
138,cnn,nsson,jetson_emulator,100,offload,0.494894072296331,55.6032,40.3226,40.3226,42.2213,22.62,167.274,167.274,185.3791,92.8823
139,cnn,nsson,jetson_emulator,100,offload,0.4968531628305505,56.0709,40.4071,40.4071,42.3214,22.6139,167.274,167.274,185.5275,92.8732
140,cnn,nsson,jetson_emulator,100,local,0.5036976790043485,54.8523,39.7619,54.8523,57.285,20.9939,167.274,167.274,190.9309,92.8512
141,cnn,nsson,jetson_emulator,100,offload,0.4992173922523375,54.8638,39.7915,39.7915,41.1824,22.6581,167.274,167.274,185.8244,92.8681
142,cnn,nsson,jetson_emulator,100,local,0.4949145963580955,55.0571,39.2106,55.0571,57.4263,20.9809,167.274,167.274,191.2361,92.8368
143,cnn,nsson,jetson_emulator,100,offload,0.482228562632482,55.4167,39.5445,39.5445,42.227,22.6759,167.274,167.274,186.1212,92.8117
144,cnn,nsson,jetson_emulator,100,offload,0.4737326691406434,55.0057,40.3165,40.3165,42.0846,22.6204,167.274,167.274,186.2696,92.8102
145,cnn,nsson,jetson_emulator,100,local,0.4738637128979023,54.9646,39.8427,54.9646,58.1363,20.9867,167.274,167.274,191.694,92.8448
146,cnn,nsson,jetson_emulator,100,offload,0.468559457856986,54.8349,39.4626,39.4626,41.1758,22.6818,167.274,167.274,186.5664,92.812
147,cnn,nsson,jetson_emulator,100,offload,0.47332914574324386,54.9493,40.4748,40.4748,42.347,22.609,167.274,167.274,186.7148,92.8395
148,cnn,nsson,jetson_emulator,100,local,0.4769082269401873,54.8801,40.1253,54.8801,56.896,20.9921,167.274,167.274,192.1518,92.934
149,cnn,nsson,jetson_emulator,100,offload,0.48600507138039256,54.9047,40.0065,40.0065,41.8498,22.6427,167.274,167.274,187.0116,92.9667
150,cnn,nsson,jetson_emulator,100,offload,0.48433636140615827,55.2789,38.9375,38.9375,41.2323,22.7197,167.274,167.274,187.16,92.9093
151,cnn,nsson,jetson_emulator,100,offload,0.4906477349884002,54.763,39.2251,39.2251,41.31,22.6989,167.274,167.274,187.3084,92.9521
152,cnn,nsson,jetson_emulator,100,offload,0.48460997061243577,54.8519,39.5618,39.5618,41.8334,22.6747,167.274,167.274,187.4569,92.8667
153,cnn,nsson,jetson_emulator,100,local,0.4881183311728386,55.102,39.7855,55.102,57.463,20.978,167.274,167.274,192.9148,92.9158
154,cnn,nsson,jetson_emulator,100,local,0.48409875208866404,54.7601,39.8884,54.7601,56.3668,20.9997,167.274,167.274,193.0675,92.847
155,cnn,nsson,jetson_emulator,100,offload,0.4820973657763454,54.8111,39.3596,39.3596,40.94,22.6892,167.274,167.274,187.9021,92.8218
156,cnn,nsson,jetson_emulator,100,offload,0.48070572671327394,54.5021,40.4025,40.4025,42.7258,22.6142,167.274,167.274,188.0505,92.9127
157,cnn,nsson,jetson_emulator,100,offload,0.4892899995539762,54.233,39.3354,39.3354,40.9713,22.691,167.274,167.274,188.1989,92.8627
158,cnn,nsson,jetson_emulator,100,offload,0.48905468016102505,54.2069,39.8,39.8,42.5859,22.6575,167.274,167.274,188.3473,92.8378
159,cnn,nsson,jetson_emulator,100,offload,0.4965976304701482,54.1519,40.1331,40.1331,42.1072,22.6336,167.274,167.274,188.4957,92.8239
160,cnn,nsson,jetson_emulator,100,offload,0.4964978614180871,54.3961,39.1355,39.1355,41.5424,22.7054,167.274,167.274,188.6441,92.9061
161,cnn,nsson,jetson_emulator,100,local,0.48950812113992326,54.9351,38.7631,54.9351,56.9917,20.9886,167.274,167.274,194.1357,92.9189
162,cnn,nsson,jetson_emulator,100,offload,0.48780568915909767,54.2795,38.6864,38.6864,40.7618,22.7379,167.274,167.274,188.9409,92.9184
163,cnn,nsson,jetson_emulator,100,local,0.4887043370319676,55.1966,39.734,55.1966,57.5572,20.972,167.274,167.274,194.4409,92.9015
164,cnn,nsson,jetson_emulator,100,local,0.49021888529820656,54.3558,39.0394,54.3558,56.9201,21.0255,167.274,167.274,194.5935,92.8166
165,cnn,nsson,jetson_emulator,100,offload,0.4783944020934776,54.6163,39.3137,39.3137,41.887,22.6926,167.274,167.274,189.3862,92.8152
166,cnn,nsson,jetson_emulator,100,local,0.46786579774165654,53.9068,39.7072,53.9068,55.7606,21.0542,167.274,167.274,194.8988,92.8287
167,cnn,nsson,jetson_emulator,100,offload,0.47011439025453206,53.9405,39.5015,39.5015,42.3327,22.679,167.274,167.274,189.683,92.9165
168,cnn,nsson,jetson_emulator,100,local,0.4747199364907389,54.5264,38.5417,54.5264,57.0248,21.0146,167.274,167.274,195.204,92.8215
169,cnn,nsson,jetson_emulator,100,local,0.47951055792834146,53.8579,39.4176,53.8579,56.0446,21.0574,167.274,167.274,195.3566,92.8471
170,cnn,nsson,jetson_emulator,100,local,0.47921559679367415,54.3129,39.3817,54.3129,56.5272,21.0283,167.274,167.274,195.5092,92.776
171,cnn,nsson,jetson_emulator,100,offload,0.4787508300379465,54.5616,39.3706,39.3706,40.9291,22.6884,167.274,167.274,190.2766,92.8968
172,cnn,nsson,jetson_emulator,100,local,0.4841265080368247,54.0894,38.5402,54.0894,56.5395,21.0425,167.274,167.274,195.8144,92.787
173,cnn,nsson,jetson_emulator,100,local,0.4837272386233007,53.9437,38.5615,53.9437,55.7571,21.0519,167.274,167.274,195.967,92.8926
174,cnn,nsson,jetson_emulator,100,offload,0.48608756520972285,53.9735,39.2087,39.2087,42.2543,22.7001,167.274,167.274,190.7218,92.7932
175,cnn,nsson,jetson_emulator,100,local,0.4833541731741944,54.0179,39.0021,54.0179,56.0175,21.0471,167.274,167.274,196.2722,92.8631
176,cnn,nsson,jetson_emulator,100,offload,0.4872013859370933,53.8599,38.7927,38.7927,40.5566,22.7302,167.274,167.274,191.0187,92.7898
177,cnn,nsson,jetson_emulator,100,offload,0.4817910008265708,54.4437,39.0392,39.0392,41.1981,22.7124,167.274,167.274,191.1671,92.8738
178,cnn,nsson,jetson_emulator,100,local,0.4792737708056795,54.9311,38.3999,54.9311,57.2476,20.9889,167.274,167.274,196.7301,92.8139
179,cnn,nsson,jetson_emulator,100,local,0.47924748439399684,54.0567,39.7461,54.0567,56.3354,21.0446,167.274,167.274,196.8827,92.8837
180,cnn,nsson,jetson_emulator,100,local,0.4729521506826865,53.8878,38.8846,53.8878,56.4663,21.0554,167.274,167.274,197.0353,92.9117
181,cnn,nsson,jetson_emulator,100,offload,0.4704457754706326,53.9323,38.4013,38.4013,40.972,22.7586,167.274,167.274,191.7607,92.9265
182,cnn,nsson,jetson_emulator,100,offload,0.46669895079623464,54.2444,38.7937,38.7937,40.7457,22.7301,167.274,167.274,191.9091,92.8375
183,cnn,nsson,jetson_emulator,100,offload,0.4664555471092656,53.6169,38.9199,38.9199,40.8177,22.721,167.274,167.274,192.0575,92.8878
184,cnn,nsson,jetson_emulator,100,offload,0.47711581907822426,54.5431,38.5208,38.5208,40.2453,22.7499,167.274,167.274,192.2059,92.8551
185,cnn,nsson,jetson_emulator,100,offload,0.4782638794729501,54.2205,38.8872,38.8872,41.0211,22.7234,167.274,167.274,192.3543,92.883
186,cnn,nsson,jetson_emulator,100,offload,0.4784151044022892,53.6018,38.6889,38.6889,40.3403,22.7377,167.274,167.274,192.5028,92.8539
187,cnn,nsson,jetson_emulator,100,offload,0.47192686224321273,53.5604,38.2435,38.2435,40.2334,22.7701,167.274,167.274,192.6512,92.8802
188,cnn,nsson,jetson_emulator,100,offload,0.46934352377153354,53.6604,39.4666,39.4666,41.8355,22.6815,167.274,167.274,192.7996,92.8588
189,cnn,nsson,jetson_emulator,100,offload,0.46578619198097126,54.0262,38.4705,38.4705,41.675,22.7536,167.274,167.274,192.948,92.9291
190,cnn,nsson,jetson_emulator,100,offload,0.4680997751479835,53.995,38.7353,38.7353,40.5611,22.7344,167.274,167.274,193.0964,92.9341
191,cnn,nsson,jetson_emulator,100,local,0.46431704895903203,53.7815,39.245,53.7815,56.1664,21.0622,167.274,167.274,198.714,92.779
192,cnn,nsson,jetson_emulator,100,offload,0.47046971361905454,53.6588,38.4739,38.4739,40.1055,22.7533,167.274,167.274,193.3932,92.9292
193,cnn,nsson,jetson_emulator,100,offload,0.4694977629281069,54.3414,38.5735,38.5735,40.8464,22.7461,167.274,167.274,193.5416,92.869
194,cnn,nsson,jetson_emulator,100,offload,0.4615169912969352,54.1421,39.2918,39.2918,41.4171,22.6941,167.274,167.274,193.69,92.8329
195,cnn,nsson,jetson_emulator,100,offload,0.4544673641554232,54.1847,38.6501,38.6501,39.6347,22.7406,167.274,167.274,193.8384,92.935
196,cnn,nsson,jetson_emulator,100,offload,0.45457810522479797,53.9359,38.5365,38.5365,41.0896,22.7488,167.274,167.274,193.9868,92.8971
197,cnn,nsson,jetson_emulator,100,offload,0.44494190860009936,54.2185,38.7783,38.7783,40.5157,22.7313,167.274,167.274,194.1353,92.9768
198,cnn,nsson,jetson_emulator,100,offload,0.4441744788439149,54.6578,39.0537,39.0537,41.7583,22.7113,167.274,167.274,194.2837,92.8853
199,cnn,nsson,jetson_emulator,100,offload,0.4458405750382985,54.5893,38.5554,38.5554,41.7425,22.7474,167.274,167.274,194.4321,92.9081
200,cnn,nsson,jetson_emulator,100,local,0.4444321572585048,53.8768,38.3507,53.8768,56.5561,21.0561,167.274,167.274,200.0875,92.9108
201,cnn,nsson,jetson_emulator,100,local,0.44898240842125503,54.9669,38.5276,54.9669,57.272,20.9866,167.274,167.274,200.2401,92.9079
202,cnn,nsson,jetson_emulator,100,offload,0.44604433194737575,54.6329,38.4371,38.4371,40.917,22.756,167.274,167.274,194.8773,92.8715
203,cnn,nsson,jetson_emulator,100,offload,0.44703315876838723,53.7918,39.198,39.198,41.8675,22.7009,167.274,167.274,195.0257,92.7701
204,cnn,nsson,jetson_emulator,100,local,0.4463302300556503,53.598,38.4672,53.598,56.3349,21.074,167.274,167.274,200.6979,92.8237
205,cnn,nsson,jetson_emulator,100,local,0.44986560508076734,54.1733,38.9708,54.1733,56.3099,21.0372,167.274,167.274,200.8505,92.8894
206,cnn,nsson,jetson_emulator,100,local,0.4537529855628896,53.8149,39.3567,53.8149,55.7097,21.0601,167.274,167.274,201.0031,92.9547
207,cnn,nsson,jetson_emulator,100,offload,0.4437247299856053,54.0653,38.9318,38.9318,41.0625,22.7202,167.274,167.274,195.6193,92.8549
208,cnn,nsson,jetson_emulator,100,offload,0.4388656159306692,54.0833,39.6871,39.6871,42.5103,22.6656,167.274,167.274,195.7677,92.9221
209,cnn,nsson,jetson_emulator,100,offload,0.4350827288700264,53.6794,39.6703,39.6703,41.8345,22.6668,167.274,167.274,195.9162,92.7561
210,cnn,nsson,jetson_emulator,100,local,0.435515309811558,53.8568,39.6224,53.8568,56.4386,21.0574,167.274,167.274,201.6136,92.7819
211,cnn,nsson,jetson_emulator,100,local,0.4436181438563314,54.5507,39.5327,54.5507,56.9149,21.0131,167.274,167.274,201.7662,92.936
212,cnn,nsson,jetson_emulator,100,local,0.4445701557417614,54.1113,40.269,54.1113,56.4311,21.0411,167.274,167.274,201.9188,92.8335
213,cnn,nsson,jetson_emulator,100,offload,0.4434457283433466,54.3076,39.3099,39.3099,41.8781,22.6928,167.274,167.274,196.5098,92.8849
214,cnn,nsson,jetson_emulator,100,local,0.4346162601225486,55.3391,39.0128,55.3391,56.6814,20.9629,167.274,167.274,202.224,92.7901
215,cnn,nsson,jetson_emulator,100,offload,0.4366179974388377,54.9444,38.6425,38.6425,39.9834,22.7411,167.274,167.274,196.8066,92.7519
216,cnn,nsson,jetson_emulator,100,offload,0.4365929819564015,54.0493,38.9397,38.9397,40.4284,22.7196,167.274,167.274,196.955,92.8923
217,cnn,nsson,jetson_emulator,100,offload,0.44210046119869234,55.0288,38.6977,38.6977,41.5324,22.7371,167.274,167.274,197.1034,92.9459
218,cnn,nsson,jetson_emulator,100,offload,0.43786130243908794,54.819,39.1975,39.1975,41.5571,22.7009,167.274,167.274,197.2518,92.9246
219,cnn,nsson,jetson_emulator,100,offload,0.44489705596039253,54.4503,40.8375,40.8375,43.5501,22.5831,167.274,167.274,197.4002,92.9036
220,cnn,nsson,jetson_emulator,100,offload,0.441538184068399,54.8389,39.6172,39.6172,41.878,22.6707,167.274,167.274,197.5487,92.9462
221,cnn,nsson,jetson_emulator,100,offload,0.44447010906884155,54.5401,39.5926,39.5926,41.5628,22.6724,167.274,167.274,197.6971,92.8762
222,cnn,nsson,jetson_emulator,100,local,0.45121733610449893,54.7914,38.9571,54.7914,57.4675,20.9978,167.274,167.274,203.4449,92.8204
223,cnn,nsson,jetson_emulator,100,offload,0.4510332609151571,54.3362,39.5444,39.5444,41.875,22.6759,167.274,167.274,197.9939,92.8399
224,cnn,nsson,jetson_emulator,100,offload,0.46068192377875244,54.3691,39.0306,39.0306,41.7022,22.713,167.274,167.274,198.1423,92.8336
225,cnn,nsson,jetson_emulator,100,offload,0.45922805137037637,54.5942,39.9516,39.9516,42.1234,22.6466,167.274,167.274,198.2907,92.8936
226,cnn,nsson,jetson_emulator,100,offload,0.4553673471470003,54.8385,39.0012,39.0012,40.6044,22.7151,167.274,167.274,198.4391,92.8629
227,cnn,nsson,jetson_emulator,100,offload,0.4466035736643052,54.6712,39.612,39.612,41.9883,22.671,167.274,167.274,198.5875,92.8078
228,cnn,nsson,jetson_emulator,100,offload,0.4483615163067433,55.4798,39.3452,39.3452,41.7601,22.6903,167.274,167.274,198.7359,92.9249
229,cnn,nsson,jetson_emulator,100,offload,0.4622383681599005,55.8242,40.4329,40.4329,42.6492,22.612,167.274,167.274,198.8843,92.8556
230,cnn,nsson,jetson_emulator,100,local,0.45632353910969337,54.9415,39.5103,54.9415,56.9795,20.9882,167.274,167.274,204.6657,92.7839
231,cnn,nsson,jetson_emulator,100,offload,0.45395147396208985,55.4201,39.415,39.415,41.8056,22.6852,167.274,167.274,199.1812,92.7839
232,cnn,nsson,jetson_emulator,100,local,0.4560103414518183,55.1186,40.2612,55.1186,57.9778,20.9769,167.274,167.274,204.971,92.7968
233,cnn,nsson,jetson_emulator,100,offload,0.45442246713464307,55.0059,39.3586,39.3586,41.7882,22.6893,167.274,167.274,199.478,92.8945
234,cnn,nsson,jetson_emulator,100,local,0.458476414800258,55.2832,40.2031,55.2832,57.6998,20.9665,167.274,167.274,205.2762,92.8576
235,cnn,nsson,jetson_emulator,100,offload,0.4590269108241866,55.0673,40.893,40.893,43.2019,22.5791,167.274,167.274,199.7748,92.8663
236,cnn,nsson,jetson_emulator,100,local,0.45856092184049513,55.0804,39.3693,55.0804,58.1402,20.9794,167.274,167.274,205.5814,92.8128
237,cnn,nsson,jetson_emulator,100,offload,0.4601483592612102,55.1408,39.9232,39.9232,41.7716,22.6486,167.274,167.274,200.0716,92.8809
238,cnn,nsson,jetson_emulator,100,offload,0.4606026995418357,55.0759,39.4729,39.4729,41.8366,22.6811,167.274,167.274,200.22,92.7868
239,cnn,nsson,jetson_emulator,100,offload,0.47036114248318395,55.2712,40.1566,40.1566,42.5705,22.6319,167.274,167.274,200.3684,92.9595
240,cnn,nsson,jetson_emulator,100,offload,0.4756071889260649,56.3096,40.3072,40.3072,42.8233,22.6211,167.274,167.274,200.5168,92.8652
241,cnn,nsson,jetson_emulator,100,offload,0.48618770301791314,55.5234,39.8906,39.8906,42.6859,22.651,167.274,167.274,200.6652,92.8645
242,cnn,nsson,jetson_emulator,100,local,0.48995725159009784,55.8998,40.1319,55.8998,57.9613,20.9274,167.274,167.274,206.4971,92.8393
243,cnn,nsson,jetson_emulator,100,offload,0.48754470907555436,55.9459,39.7519,39.7519,42.2799,22.661,167.274,167.274,200.9621,92.8254
244,cnn,nsson,jetson_emulator,100,local,0.4961732678020354,56.3036,40.0396,56.3036,57.4668,20.9019,167.274,167.274,206.8023,92.8873
245,cnn,nsson,jetson_emulator,100,offload,0.49414627929708305,55.6095,39.9364,39.9364,41.8325,22.6477,167.274,167.274,201.2589,92.9248
246,cnn,nsson,jetson_emulator,100,offload,0.5029840804103064,57.3656,39.8846,39.8846,42.2139,22.6514,167.274,167.274,201.4073,92.8469
247,cnn,nsson,jetson_emulator,100,offload,0.5062302900821667,55.9096,41.4249,41.4249,43.6146,22.5412,167.274,167.274,201.5557,92.7975
248,cnn,nsson,jetson_emulator,100,local,0.5081222276119051,55.9687,40.5821,55.9687,58.1102,20.9231,167.274,167.274,207.4127,92.905
249,cnn,nsson,jetson_emulator,100,offload,0.5073751604032067,56.0346,41.3447,41.3447,43.8603,22.5469,167.274,167.274,201.8525,92.9048
250,cnn,nsson,jetson_emulator,100,local,0.5138540366511645,56.7372,40.091,56.7372,59.7261,20.8746,167.274,167.274,207.7179,92.7871
251,cnn,nsson,jetson_emulator,100,local,0.5246614173931003,56.2423,40.8118,56.2423,58.5757,20.9058,167.274,167.274,207.8705,92.9088
252,cnn,nsson,jetson_emulator,100,local,0.5243924283530166,56.2897,41.1737,56.2897,57.2631,20.9028,167.274,167.274,208.0231,92.911
253,cnn,nsson,jetson_emulator,100,local,0.526934129346685,56.8958,41.2402,56.8958,59.3019,20.8646,167.274,167.274,208.1758,92.8364
254,cnn,nsson,jetson_emulator,100,offload,0.517294164999829,57.2474,40.6139,40.6139,42.9315,22.5991,167.274,167.274,202.5946,92.9515
255,cnn,nsson,jetson_emulator,100,local,0.5237834633938812,56.5275,41.0728,56.5275,59.0511,20.8878,167.274,167.274,208.481,92.817
256,cnn,nsson,jetson_emulator,100,local,0.5134125197252872,57.555,41.181,57.555,59.707,20.8233,167.274,167.274,208.6336,92.7786
257,cnn,nsson,jetson_emulator,100,local,0.5102268584327377,57.0045,41.9004,57.0045,58.4414,20.8578,167.274,167.274,208.7862,92.9108
258,cnn,nsson,jetson_emulator,100,offload,0.5093856598549187,57.5974,40.7632,40.7632,43.3517,22.5884,167.274,167.274,203.1882,92.9451
259,cnn,nsson,jetson_emulator,100,offload,0.5153379323549822,57.3042,40.8566,40.8566,43.0186,22.5817,167.274,167.274,203.3366,92.8101
260,cnn,nsson,jetson_emulator,100,offload,0.5217703981902035,57.7143,41.4451,41.4451,43.5732,22.5397,167.274,167.274,203.485,92.8598
261,cnn,nsson,jetson_emulator,100,offload,0.5198772484740203,58.0004,43.1917,43.1917,46.3705,22.416,167.274,167.274,203.6334,92.8513
262,cnn,nsson,jetson_emulator,100,local,0.5162029914709648,57.2847,41.5855,57.2847,59.3116,20.8402,167.274,167.274,209.5492,92.9114
263,cnn,nsson,jetson_emulator,100,offload,0.5175712272951949,58.5169,41.9335,41.9335,43.5023,22.505,167.274,167.274,203.9302,92.8591
264,cnn,nsson,jetson_emulator,100,offload,0.5152060607932398,58.2149,41.4638,41.4638,43.5464,22.5384,167.274,167.274,204.0786,92.9066
265,cnn,nsson,jetson_emulator,100,offload,0.5139791202085895,58.0325,42.0497,42.0497,44.0753,22.4968,167.274,167.274,204.2271,92.8947
266,cnn,nsson,jetson_emulator,100,local,0.5116488025718132,58.0262,43.4403,58.0262,61.0358,20.7938,167.274,167.274,210.1597,92.8877
267,cnn,nsson,jetson_emulator,100,offload,0.5067739450228412,57.8121,42.2118,42.2118,44.3869,22.4853,167.274,167.274,204.5239,92.8623
268,cnn,nsson,jetson_emulator,100,offload,0.5056790424436235,58.6414,41.3684,41.3684,43.593,22.5452,167.274,167.274,204.6723,92.8505
269,cnn,nsson,jetson_emulator,100,offload,0.5122366476825808,58.2091,42.2723,42.2723,43.7357,22.481,167.274,167.274,204.8207,92.8878
270,cnn,nsson,jetson_emulator,100,offload,0.4973364213294935,58.2644,42.3781,42.3781,44.2598,22.4735,167.274,167.274,204.9691,92.864
271,cnn,nsson,jetson_emulator,100,offload,0.5079578913063004,58.4678,41.6514,41.6514,43.4766,22.525,167.274,167.274,205.1175,92.8731
272,cnn,nsson,jetson_emulator,100,offload,0.507039436312394,59.3367,42.9932,42.9932,45.1391,22.43,167.274,167.274,205.2659,92.8428
273,cnn,nsson,jetson_emulator,100,offload,0.5105586877359896,58.7554,42.536,42.536,45.0437,22.4623,167.274,167.274,205.4143,92.9016
274,cnn,nsson,jetson_emulator,100,offload,0.5164668293044967,58.5809,42.2449,42.2449,45.0996,22.4829,167.274,167.274,205.5627,92.8924
275,cnn,nsson,jetson_emulator,100,offload,0.5206970403274574,59.0415,42.1315,42.1315,45.0757,22.491,167.274,167.274,205.7111,92.8256
276,cnn,nsson,jetson_emulator,100,offload,0.5231050830042304,59.4827,42.3291,42.3291,45.5898,22.4769,167.274,167.274,205.8595,92.8516
277,cnn,nsson,jetson_emulator,100,offload,0.5225778530018582,58.9742,42.526,42.526,44.5302,22.463,167.274,167.274,206.008,92.9075
278,cnn,nsson,jetson_emulator,100,offload,0.5234324350627894,59.4493,43.0183,43.0183,45.4256,22.4282,167.274,167.274,206.1564,92.7805
279,cnn,nsson,jetson_emulator,100,offload,0.5280789967570355,59.9868,42.296,42.296,45.0731,22.4793,167.274,167.274,206.3048,92.8116
280,cnn,nsson,jetson_emulator,100,offload,0.5369536943526517,59.6131,42.7121,42.7121,44.4879,22.4499,167.274,167.274,206.4532,92.8535
281,cnn,nsson,jetson_emulator,100,offload,0.538773134172645,59.559,43.0363,43.0363,45.7454,22.427,167.274,167.274,206.6016,92.8626
282,cnn,nsson,jetson_emulator,100,offload,0.529598334225251,60.9495,43.1856,43.1856,45.34,22.4165,167.274,167.274,206.75,92.8782
283,cnn,nsson,jetson_emulator,100,offload,0.5316799911580685,59.5845,43.7991,43.7991,46.247,22.3733,167.274,167.274,206.8984,92.8634
284,cnn,nsson,jetson_emulator,100,offload,0.537101725220095,60.0347,43.5013,43.5013,45.482,22.3942,167.274,167.274,207.0468,92.8654
285,cnn,nsson,jetson_emulator,100,offload,0.5403603706015682,60.0364,44.9876,44.9876,47.9766,22.2902,167.274,167.274,207.1952,92.8898
286,cnn,nsson,jetson_emulator,100,local,0.5449230402884243,60.2422,43.0524,60.2422,62.6725,20.6564,167.274,167.274,213.2119,92.8438
287,cnn,nsson,jetson_emulator,100,offload,0.5424250860053904,60.2769,43.2965,43.2965,45.4851,22.4086,167.274,167.274,207.492,92.8185
288,cnn,nsson,jetson_emulator,100,local,0.5315702894560507,61.2526,43.7205,61.2526,63.5087,20.5943,167.274,167.274,213.5171,92.8264
289,cnn,nsson,jetson_emulator,100,local,0.5322402111879411,60.3791,43.353,60.3791,62.3258,20.648,167.274,167.274,213.6697,92.9169
290,cnn,nsson,jetson_emulator,100,offload,0.5327991994089681,62.0301,43.3732,43.3732,45.5326,22.4032,167.274,167.274,207.9373,92.8263
291,cnn,nsson,jetson_emulator,100,offload,0.5436548482461977,61.7942,45.3198,45.3198,47.5414,22.2671,167.274,167.274,208.0857,92.8292
292,cnn,nsson,jetson_emulator,100,local,0.5560276671861898,61.6224,43.5441,61.6224,63.4298,20.5717,167.274,167.274,214.1275,92.8996
293,cnn,nsson,jetson_emulator,100,local,0.5644885181160892,62.1329,44.0205,62.1329,64.7222,20.5406,167.274,167.274,214.2801,92.9114
294,cnn,nsson,jetson_emulator,100,local,0.5705307587144239,60.9941,43.9971,60.9941,62.8249,20.6102,167.274,167.274,214.4327,92.8777
295,cnn,nsson,jetson_emulator,100,offload,0.5680961302063805,62.0979,45.0974,45.0974,47.3818,22.2826,167.274,167.274,208.6793,92.8933
296,cnn,nsson,jetson_emulator,100,offload,0.5671928888769193,61.7559,44.041,44.041,46.2775,22.3564,167.274,167.274,208.8277,92.8659
297,cnn,nsson,jetson_emulator,100,local,0.5667003278190608,61.8569,44.2855,61.8569,63.3061,20.5574,167.274,167.274,214.8906,92.9403
298,cnn,nsson,jetson_emulator,100,local,0.5692435787139403,62.5755,44.2852,62.5755,64.5985,20.5136,167.274,167.274,215.0432,92.8983
299,cnn,nsson,jetson_emulator,100,offload,0.576264042812574,61.9492,44.0432,44.0432,46.313,22.3562,167.274,167.274,209.273,92.8905
300,cnn,nsson,jetson_emulator,100,local,0.5760717301220027,62.0658,44.9584,62.0658,64.6947,20.5447,167.274,167.274,215.3484,92.9066
301,cnn,nsson,jetson_emulator,100,offload,0.5768661541333366,61.8891,45.0226,45.0226,46.9917,22.2878,167.274,167.274,209.5698,92.8414
302,cnn,nsson,jetson_emulator,100,offload,0.5764853449710546,61.8412,44.4755,44.4755,46.8838,22.326,167.274,167.274,209.7182,92.8397
303,cnn,nsson,jetson_emulator,100,offload,0.5658743152286957,62.1775,44.3555,44.3555,47.2624,22.3343,167.274,167.274,209.8666,92.9115
304,cnn,nsson,jetson_emulator,100,offload,0.5654818333368821,62.2091,45.3216,45.3216,47.8839,22.267,167.274,167.274,210.015,92.8961
305,cnn,nsson,jetson_emulator,100,local,0.5596110018955496,62.386,44.7009,62.386,64.6609,20.5252,167.274,167.274,216.1114,92.9754
306,cnn,nsson,jetson_emulator,100,offload,0.5583930973161172,62.6701,45.6486,45.6486,47.5843,22.2443,167.274,167.274,210.3118,92.8827
307,cnn,nsson,jetson_emulator,100,offload,0.5573295589633347,62.4406,45.5245,45.5245,48.2441,22.2529,167.274,167.274,210.4602,92.8929
308,cnn,nsson,jetson_emulator,100,offload,0.5624182116396838,62.7995,45.2489,45.2489,47.9305,22.272,167.274,167.274,210.6086,92.8479
309,cnn,nsson,jetson_emulator,100,local,0.5528193328566589,63.7715,46.6384,63.7715,65.7208,20.4412,167.274,167.274,216.7219,92.8171
310,cnn,nsson,jetson_emulator,100,local,0.5516931716970446,63.402,45.0814,63.402,65.7682,20.4635,167.274,167.274,216.8745,92.9628
311,cnn,nsson,jetson_emulator,100,offload,0.5431280922785264,63.658,45.2478,45.2478,47.381,22.2721,167.274,167.274,211.0539,92.8076
312,cnn,nsson,jetson_emulator,100,local,0.5472004861102485,63.5616,45.7697,63.5616,65.0992,20.4539,167.274,167.274,217.1797,92.7856
313,cnn,nsson,jetson_emulator,100,offload,0.5462882018408034,63.2325,45.7923,45.7923,48.0889,22.2343,167.274,167.274,211.3507,92.8589
314,cnn,nsson,jetson_emulator,100,local,0.532668108717122,63.4227,46.2712,63.4227,67.0222,20.4623,167.274,167.274,217.4849,92.8771
315,cnn,nsson,jetson_emulator,100,local,0.5235360418795937,63.4432,45.5447,63.4432,65.8077,20.461,167.274,167.274,217.6375,92.7991
316,cnn,nsson,jetson_emulator,100,local,0.5121297610932367,64.6238,45.7478,64.6238,65.9654,20.3899,167.274,167.274,217.7901,92.8485
317,cnn,nsson,jetson_emulator,100,local,0.5120499696219644,63.7688,45.8779,63.7688,65.859,20.4414,167.274,167.274,217.9427,92.7904
318,cnn,nsson,jetson_emulator,100,local,0.5026043089008218,65.1409,45.9152,65.1409,66.7245,20.3589,167.274,167.274,218.0953,92.7653
319,cnn,nsson,jetson_emulator,100,local,0.49138790290062734,63.8791,46.3051,63.8791,66.3787,20.4347,167.274,167.274,218.248,92.793
320,cnn,nsson,jetson_emulator,100,offload,0.4840262442215474,64.5103,46.0375,46.0375,48.4312,22.2173,167.274,167.274,212.3895,92.7632
321,cnn,nsson,jetson_emulator,100,offload,0.4783970337792547,64.1189,45.9007,45.9007,48.2313,22.2268,167.274,167.274,212.5379,92.8027
322,cnn,nsson,jetson_emulator,100,offload,0.46941635449348695,64.4528,46.2062,46.2062,48.4814,22.2057,167.274,167.274,212.6864,92.8098
323,cnn,nsson,jetson_emulator,100,local,0.474056946421076,64.896,46.8667,64.896,67.6062,20.3736,167.274,167.274,218.8584,92.9051
324,cnn,nsson,jetson_emulator,100,offload,0.4829231137129366,64.9872,46.3551,46.3551,48.9903,22.1954,167.274,167.274,212.9832,92.9026
325,cnn,nsson,jetson_emulator,100,offload,0.48667463672473693,65.9777,46.6664,46.6664,48.6881,22.1739,167.274,167.274,213.1316,92.8478
326,cnn,nsson,jetson_emulator,100,offload,0.4902993094227029,64.9173,47.7614,47.7614,49.7169,22.0987,167.274,167.274,213.28,92.7736
327,cnn,nsson,jetson_emulator,100,local,0.4862629091842051,65.3187,46.4045,65.3187,67.007,20.3483,167.274,167.274,219.4688,92.8612
328,cnn,nsson,jetson_emulator,100,local,0.4861726402972934,66.3842,46.4893,66.3842,68.3813,20.2848,167.274,167.274,219.6214,92.9517
329,cnn,nsson,jetson_emulator,100,local,0.4931629143272142,64.9369,46.5548,64.9369,67.3028,20.3712,167.274,167.274,219.774,92.8636
330,cnn,nsson,jetson_emulator,100,offload,0.49763959215570724,65.4658,48.1553,48.1553,50.5734,22.0718,167.274,167.274,213.8736,92.9211
331,cnn,nsson,jetson_emulator,100,local,0.4965881386119273,65.371,47.2361,65.371,67.4226,20.3452,167.274,167.274,220.0793,92.847
332,cnn,nsson,jetson_emulator,100,offload,0.49608693604808624,65.3643,47.7512,47.7512,49.8652,22.0994,167.274,167.274,214.1704,92.8496
333,cnn,nsson,jetson_emulator,100,offload,0.4917037765024346,65.3731,47.7159,47.7159,50.4783,22.1018,167.274,167.274,214.3189,92.7775
334,cnn,nsson,jetson_emulator,100,offload,0.4963882760393567,65.8154,47.2294,47.2294,49.508,22.1352,167.274,167.274,214.4673,92.9138
335,cnn,nsson,jetson_emulator,100,offload,0.48655959992462733,66.0694,47.7198,47.7198,49.7926,22.1015,167.274,167.274,214.6157,92.8333
336,cnn,nsson,jetson_emulator,100,offload,0.49703344952366596,65.9668,47.0849,47.0849,49.6068,22.1451,167.274,167.274,214.7641,92.8752
337,cnn,nsson,jetson_emulator,100,offload,0.49745483560253473,65.711,47.3464,47.3464,49.8724,22.1271,167.274,167.274,214.9125,92.8947
338,cnn,nsson,jetson_emulator,100,offload,0.508723737412136,65.9303,47.9914,47.9914,49.59,22.083,167.274,167.274,215.0609,92.8732
339,cnn,nsson,jetson_emulator,100,local,0.5119221614224905,65.9079,47.9584,65.9079,68.7615,20.3131,167.274,167.274,221.3001,92.8372
340,cnn,nsson,jetson_emulator,100,offload,0.5015968522554193,66.1597,47.3945,47.3945,49.8356,22.1238,167.274,167.274,215.3577,92.8163
341,cnn,nsson,jetson_emulator,100,local,0.5014303903048065,65.9994,48.275,65.9994,68.0325,20.3077,167.274,167.274,221.6054,92.9099
342,cnn,nsson,jetson_emulator,100,offload,0.5054674814916846,66.4838,49.39,49.39,50.8744,21.9878,167.274,167.274,215.6545,92.8475
343,cnn,nsson,jetson_emulator,100,local,0.5067657771770508,66.5432,48.0366,66.5432,68.8116,20.2754,167.274,167.274,221.9106,92.8904
344,cnn,nsson,jetson_emulator,100,local,0.49984027771455075,66.5135,48.4717,66.5135,68.3991,20.2771,167.274,167.274,222.0632,92.8506
345,cnn,nsson,jetson_emulator,100,local,0.492013705984193,66.3113,48.6002,66.3113,68.5367,20.2891,167.274,167.274,222.2158,92.8403
346,cnn,nsson,jetson_emulator,100,local,0.4799735812138748,67.2079,47.9912,67.2079,69.1341,20.236,167.274,167.274,222.3684,92.8465
347,cnn,nsson,jetson_emulator,100,offload,0.4806907618163597,67.6389,47.9894,47.9894,49.9974,22.0831,167.274,167.274,216.3966,92.8476
348,cnn,nsson,jetson_emulator,100,local,0.4760539139893922,66.6301,48.2388,66.6301,69.0196,20.2702,167.274,167.274,222.6736,92.9747
349,cnn,nsson,jetson_emulator,100,offload,0.4706886679676731,66.9088,48.0576,48.0576,49.8716,22.0784,167.274,167.274,216.6934,92.8624
350,cnn,nsson,jetson_emulator,100,offload,0.46420628844650313,66.6877,48.1193,48.1193,50.4619,22.0742,167.274,167.274,216.8418,92.8814
351,cnn,nsson,jetson_emulator,100,local,0.4597847289876981,66.997,47.9389,66.997,69.8772,20.2485,167.274,167.274,223.1314,92.8163
352,cnn,nsson,jetson_emulator,100,offload,0.45347646715811885,67.9856,48.5349,48.5349,49.8423,22.0459,167.274,167.274,217.1386,92.8665
353,cnn,nsson,jetson_emulator,100,offload,0.4583571637782567,67.0692,47.9001,47.9001,50.386,22.0892,167.274,167.274,217.287,92.8967
354,cnn,nsson,jetson_emulator,100,local,0.459383989086259,67.2612,48.5432,67.2612,69.4685,20.2328,167.274,167.274,223.5893,92.8534
355,cnn,nsson,jetson_emulator,100,offload,0.46065083810849633,67.94,48.0037,48.0037,49.954,22.0821,167.274,167.274,217.5838,92.813
356,cnn,nsson,jetson_emulator,100,offload,0.4647702456059676,67.5856,49.6532,49.6532,51.2368,21.9699,167.274,167.274,217.7323,92.8517
357,cnn,nsson,jetson_emulator,100,offload,0.46444588861878744,67.2733,48.9823,48.9823,52.0566,22.0154,167.274,167.274,217.8807,92.9147
358,cnn,nsson,jetson_emulator,100,offload,0.4567633475540773,67.3666,48.0572,48.0572,50.8079,22.0785,167.274,167.274,218.0291,92.8587
359,cnn,nsson,jetson_emulator,100,offload,0.44973642301070377,67.6466,48.7654,48.7654,51.7601,22.0302,167.274,167.274,218.1775,92.8573
360,cnn,nsson,jetson_emulator,100,local,0.43589703126466756,67.7862,49.8647,67.7862,69.41,20.2018,167.274,167.274,224.5049,92.8524
361,cnn,nsson,jetson_emulator,100,local,0.43116640897994185,67.469,48.5014,67.469,69.5586,20.2206,167.274,167.274,224.6575,92.8481
362,cnn,nsson,jetson_emulator,100,local,0.4206011105107161,68.0545,49.3079,68.0545,70.5076,20.186,167.274,167.274,224.8101,92.9125
363,cnn,nsson,jetson_emulator,100,offload,0.42422136762353707,67.5816,50.1896,50.1896,51.791,21.9337,167.274,167.274,218.7711,92.9335
364,cnn,nsson,jetson_emulator,100,local,0.4198124221839079,67.6263,48.5464,67.6263,69.6642,20.2113,167.274,167.274,225.1154,92.8015
365,cnn,nsson,jetson_emulator,100,local,0.42083922903765236,68.1565,48.8659,68.1565,69.7678,20.18,167.274,167.274,225.268,92.7901
366,cnn,nsson,jetson_emulator,100,offload,0.4096185303753764,67.8829,48.3882,48.3882,51.3029,22.0559,167.274,167.274,219.2163,92.8539
367,cnn,nsson,jetson_emulator,100,offload,0.411584339156037,68.1438,48.7826,48.7826,50.5286,22.029,167.274,167.274,219.3648,92.8627
368,cnn,nsson,jetson_emulator,100,offload,0.40369820224087155,68.3502,48.8285,48.8285,51.2146,22.0259,167.274,167.274,219.5132,92.8712
369,cnn,nsson,jetson_emulator,100,offload,0.41388946788428,68.1525,48.9419,48.9419,51.802,22.0182,167.274,167.274,219.6616,92.8848
370,cnn,nsson,jetson_emulator,100,local,0.41018392088762257,68.2725,49.1374,68.2725,70.2002,20.1732,167.274,167.274,226.031,92.7885
371,cnn,nsson,jetson_emulator,100,offload,0.41335323404304974,68.0241,48.5887,48.5887,51.3834,22.0422,167.274,167.274,219.9584,92.8153
372,cnn,nsson,jetson_emulator,100,offload,0.4188462642908019,68.3941,49.0381,49.0381,50.6509,22.0116,167.274,167.274,220.1068,92.8903
373,cnn,nsson,jetson_emulator,100,local,0.4278051931594504,67.9749,49.9037,67.9749,70.4626,20.1907,167.274,167.274,226.4888,92.8237
374,cnn,nsson,jetson_emulator,100,local,0.4374874576333293,69.1783,49.5516,69.1783,71.654,20.1201,167.274,167.274,226.6415,92.8766
375,cnn,nsson,jetson_emulator,100,local,0.4391233807630377,68.054,49.2467,68.054,70.4044,20.1861,167.274,167.274,226.7941,92.9266
376,cnn,nsson,jetson_emulator,100,offload,0.4327234587231473,68.1695,50.3177,50.3177,52.4323,21.9251,167.274,167.274,220.7004,92.8081
377,cnn,nsson,jetson_emulator,100,offload,0.42440544456113216,68.4579,49.5354,49.5354,50.966,21.9779,167.274,167.274,220.8488,92.894
378,cnn,nsson,jetson_emulator,100,local,0.4214343420360257,69.0357,48.9885,69.0357,71.1138,20.1285,167.274,167.274,227.2519,92.8389
379,cnn,nsson,jetson_emulator,100,offload,0.41730511174920715,69.1145,49.2052,49.2052,51.6842,22.0003,167.274,167.274,221.1457,92.8975
380,cnn,nsson,jetson_emulator,100,local,0.4061808684499936,68.4566,49.8946,68.4566,70.5897,20.1624,167.274,167.274,227.5571,92.8104
381,cnn,nsson,jetson_emulator,100,offload,0.39609359579522196,68.7412,49.0497,49.0497,51.7637,22.0109,167.274,167.274,221.4425,92.8155
382,cnn,nsson,jetson_emulator,100,offload,0.40069049005440716,68.9555,50.0432,50.0432,52.2425,21.9436,167.274,167.274,221.5909,92.879
383,cnn,nsson,jetson_emulator,100,offload,0.40344350610056434,68.575,49.1504,49.1504,51.2046,22.004,167.274,167.274,221.7393,92.8281
384,cnn,nsson,jetson_emulator,100,offload,0.40777239484168865,68.6046,49.4192,49.4192,51.0986,21.9858,167.274,167.274,221.8877,92.8332
385,cnn,nsson,jetson_emulator,100,offload,0.41470449728380726,69.2106,49.1077,49.1077,51.8637,22.0069,167.274,167.274,222.0361,92.8409
386,cnn,nsson,jetson_emulator,100,offload,0.41679249555601616,68.7355,49.2169,49.2169,51.3733,21.9995,167.274,167.274,222.1845,92.8867
387,cnn,nsson,jetson_emulator,100,local,0.4238247684739176,68.5514,49.3448,68.5514,70.7008,20.1569,167.274,167.274,228.6254,92.8074
388,cnn,nsson,jetson_emulator,100,offload,0.41692499201542044,69.3118,50.0068,50.0068,52.3859,21.946,167.274,167.274,222.4813,92.8715
389,cnn,nsson,jetson_emulator,100,offload,0.4140464232676412,68.9082,50.3394,50.3394,52.5474,21.9236,167.274,167.274,222.6297,92.8988
390,cnn,nsson,jetson_emulator,100,offload,0.4119540853562068,69.1069,49.1116,49.1116,50.7487,22.0066,167.274,167.274,222.7782,92.888
391,cnn,nsson,jetson_emulator,100,offload,0.4073969692887952,69.0137,48.9912,48.9912,50.5776,22.0148,167.274,167.274,222.9266,92.8306
392,cnn,nsson,jetson_emulator,100,offload,0.4067129119226786,68.5729,49.7876,49.7876,52.3873,21.9609,167.274,167.274,223.075,92.9298
393,cnn,nsson,jetson_emulator,100,offload,0.40685655606422383,69.0878,50.299,50.299,52.9169,21.9263,167.274,167.274,223.2234,92.9888
394,cnn,nsson,jetson_emulator,100,local,0.40277695359799065,68.5973,50.7844,68.5973,70.3531,20.1542,167.274,167.274,229.6936,92.8888
395,cnn,nsson,jetson_emulator,100,local,0.40629961746687665,68.7629,50.3524,68.7629,70.9845,20.1445,167.274,167.274,229.8462,92.8317
396,cnn,nsson,jetson_emulator,100,local,0.4173573892042789,68.706,49.1454,68.706,70.6504,20.1478,167.274,167.274,229.9989,92.9723
397,cnn,nsson,jetson_emulator,100,local,0.43080040482219917,69.1698,49.8165,69.1698,71.3359,20.1206,167.274,167.274,230.1515,92.9016
398,cnn,nsson,jetson_emulator,100,local,0.43664781118942086,68.7501,49.4683,68.7501,70.1341,20.1452,167.274,167.274,230.3041,92.7689
399,cnn,nsson,jetson_emulator,100,offload,0.43095763417856087,68.7036,49.3448,49.3448,51.7623,21.9908,167.274,167.274,224.1138,92.8649
400,cnn,nsson,jetson_emulator,100,offload,0.4309616072653369,68.6246,50.1909,50.1909,52.543,21.9336,167.274,167.274,224.2622,92.9598
401,cnn,nsson,jetson_emulator,100,offload,0.426109748232155,69.3766,49.614,49.614,52.1424,21.9726,167.274,167.274,224.4107,92.8868
402,cnn,nsson,jetson_emulator,100,offload,0.4169456150252299,68.7861,50.0962,50.0962,51.6954,21.94,167.274,167.274,224.5591,92.9297
403,cnn,nsson,jetson_emulator,100,local,0.41425322975293927,70.1218,49.489,70.1218,71.5319,20.0651,167.274,167.274,231.0671,92.8626
404,cnn,nsson,jetson_emulator,100,offload,0.4284494547926381,69.2157,50.517,50.517,52.9479,21.9116,167.274,167.274,224.8559,92.8752
405,cnn,nsson,jetson_emulator,100,local,0.4303374887532464,69.0716,49.1007,69.0716,71.7823,20.1264,167.274,167.274,231.3723,92.8916
406,cnn,nsson,jetson_emulator,100,offload,0.42470658533125083,68.7414,50.4869,50.4869,53.122,21.9137,167.274,167.274,225.1527,92.8521
407,cnn,nsson,jetson_emulator,100,offload,0.420070187590249,69.3108,49.8071,49.8071,51.8137,21.9595,167.274,167.274,225.3011,92.8499
408,cnn,nsson,jetson_emulator,100,offload,0.4119332192216497,68.9533,50.7847,50.7847,53.2949,21.8936,167.274,167.274,225.4495,92.9022
409,cnn,nsson,jetson_emulator,100,offload,0.4149059048085815,68.9764,49.5605,49.5605,51.7778,21.9762,167.274,167.274,225.5979,92.9075
410,cnn,nsson,jetson_emulator,100,local,0.41017468091197545,69.3678,49.553,69.3678,71.8332,20.1091,167.274,167.274,232.1354,92.9002
411,cnn,nsson,jetson_emulator,100,offload,0.4059513274771987,68.5829,49.4032,49.4032,50.9297,21.9869,167.274,167.274,225.8947,92.8427
412,cnn,nsson,jetson_emulator,100,offload,0.4203902701291185,68.7619,49.7732,49.7732,52.4142,21.9618,167.274,167.274,226.0432,92.83
413,cnn,nsson,jetson_emulator,100,offload,0.42084733949387937,68.7935,51.5361,51.5361,53.692,21.8433,167.274,167.274,226.1916,92.9187
414,cnn,nsson,jetson_emulator,100,local,0.4245209400708236,68.7005,49.5551,68.7005,71.4121,20.1481,167.274,167.274,232.7458,92.9577
415,cnn,nsson,jetson_emulator,100,offload,0.41541175869868235,68.8302,49.0332,49.0332,51.2272,22.012,167.274,167.274,226.4884,92.8451
416,cnn,nsson,jetson_emulator,100,local,0.41636468428488027,68.9761,50.5493,68.9761,70.9157,20.132,167.274,167.274,233.051,92.868
417,cnn,nsson,jetson_emulator,100,local,0.41287139308043813,69.0727,49.5413,69.0727,71.0058,20.1263,167.274,167.274,233.2036,92.8139
418,cnn,nsson,jetson_emulator,100,offload,0.408561635581866,69.3726,49.1567,49.1567,51.7262,22.0036,167.274,167.274,226.9336,92.8414
419,cnn,nsson,jetson_emulator,100,local,0.4073984114087802,68.6622,49.0828,68.6622,69.9957,20.1504,167.274,167.274,233.5089,92.8548
420,cnn,nsson,jetson_emulator,100,offload,0.40285762946270465,68.8261,49.1796,49.1796,51.4708,22.002,167.274,167.274,227.2304,92.8704
421,cnn,nsson,jetson_emulator,100,local,0.4106730985880974,69.2245,49.0665,69.2245,71.4509,20.1174,167.274,167.274,233.8141,92.8741
422,cnn,nsson,jetson_emulator,100,local,0.4248227161405355,69.1119,49.9003,69.1119,70.0677,20.124,167.274,167.274,233.9667,92.9599
423,cnn,nsson,jetson_emulator,100,offload,0.42636555290004635,68.5314,48.9722,48.9722,50.7643,22.0161,167.274,167.274,227.6756,92.8196
424,cnn,nsson,jetson_emulator,100,offload,0.43297259238784397,68.8045,48.976,48.976,51.3144,22.0159,167.274,167.274,227.8241,92.8318
425,cnn,nsson,jetson_emulator,100,local,0.4333011850410335,68.5654,49.4119,68.5654,71.7249,20.156,167.274,167.274,234.4245,92.8308
426,cnn,nsson,jetson_emulator,100,offload,0.43302527603102303,69.986,49.6197,49.6197,52.9111,21.9722,167.274,167.274,228.1209,92.8681
427,cnn,nsson,jetson_emulator,100,offload,0.4284987828115161,69.0539,49.196,49.196,51.1416,22.0009,167.274,167.274,228.2693,92.9171
428,cnn,nsson,jetson_emulator,100,offload,0.4323205924271648,68.6805,49.2664,49.2664,51.9164,21.9961,167.274,167.274,228.4177,92.9882
429,cnn,nsson,jetson_emulator,100,offload,0.43065112986469267,68.436,48.9983,48.9983,51.4736,22.0143,167.274,167.274,228.5661,92.8818
430,cnn,nsson,jetson_emulator,100,offload,0.44685162051579264,69.1422,49.0126,49.0126,51.5974,22.0134,167.274,167.274,228.7145,92.8646
431,cnn,nsson,jetson_emulator,100,offload,0.44055969583572724,68.8342,51.1486,51.1486,53.4748,21.8692,167.274,167.274,228.8629,92.8791
432,cnn,nsson,jetson_emulator,100,offload,0.4360503557995302,68.9352,49.1011,49.1011,51.1192,22.0074,167.274,167.274,229.0113,92.871
433,cnn,nsson,jetson_emulator,100,offload,0.4268430915064731,68.7571,49.2887,49.2887,51.5263,21.9946,167.274,167.274,229.1597,92.8503
434,cnn,nsson,jetson_emulator,100,local,0.4339184047627538,69.62,49.1445,69.62,71.4689,20.0944,167.274,167.274,235.798,92.9822
435,cnn,nsson,jetson_emulator,100,offload,0.433690740700672,68.6418,49.5407,49.5407,51.9548,21.9776,167.274,167.274,229.4566,92.7789
436,cnn,nsson,jetson_emulator,100,local,0.43901205354717804,69.5526,49.4994,69.5526,71.6217,20.0983,167.274,167.274,236.1032,92.9007
437,cnn,nsson,jetson_emulator,100,offload,0.4305115859888429,68.7258,49.4432,49.4432,51.034,21.9842,167.274,167.274,229.7534,92.9367
438,cnn,nsson,jetson_emulator,100,local,0.4289059011674246,69.6846,49.7136,69.6846,71.3602,20.0906,167.274,167.274,236.4084,92.8994
439,cnn,nsson,jetson_emulator,100,offload,0.4305198175628915,69.0633,49.5749,49.5749,51.9466,21.9752,167.274,167.274,230.0502,92.8078
440,cnn,nsson,jetson_emulator,100,local,0.4366965024262529,68.8633,49.8955,68.8633,71.1541,20.1386,167.274,167.274,236.7137,92.784
441,cnn,nsson,jetson_emulator,100,offload,0.44373923127380227,69.1485,51.1568,51.1568,52.982,21.8687,167.274,167.274,230.347,92.8919
442,cnn,nsson,jetson_emulator,100,offload,0.45047544780941784,68.8146,49.2065,49.2065,51.4021,22.0002,167.274,167.274,230.4954,92.8434
443,cnn,nsson,jetson_emulator,100,offload,0.46134675938516245,68.3612,48.8544,48.8544,51.4892,22.0241,167.274,167.274,230.6438,92.8419
444,cnn,nsson,jetson_emulator,100,local,0.4685185621687758,68.7821,49.8263,68.7821,71.2094,20.1433,167.274,167.274,237.3241,92.7836
445,cnn,nsson,jetson_emulator,100,offload,0.4744553613879947,68.5923,49.75,49.75,51.6322,21.9634,167.274,167.274,230.9406,92.8116
446,cnn,nsson,jetson_emulator,100,offload,0.46967761749921677,68.472,49.3017,49.3017,52.1338,21.9938,167.274,167.274,231.0891,92.887
447,cnn,nsson,jetson_emulator,100,local,0.4630747742915627,68.3325,49.9641,68.3325,71.3397,20.1697,167.274,167.274,237.7819,92.864
448,cnn,nsson,jetson_emulator,100,offload,0.45750533387179654,68.9293,49.017,49.017,50.748,22.0131,167.274,167.274,231.3859,92.9381
449,cnn,nsson,jetson_emulator,100,offload,0.4509933269881778,68.3904,48.8776,48.8776,51.4412,22.0225,167.274,167.274,231.5343,92.83
450,cnn,nsson,jetson_emulator,100,local,0.45089024660760574,68.6631,48.9023,68.6631,71.1804,20.1503,167.274,167.274,238.2397,92.9598
451,cnn,nsson,jetson_emulator,100,offload,0.442490317033927,68.3084,49.3163,49.3163,51.9788,21.9928,167.274,167.274,231.8311,92.9347
452,cnn,nsson,jetson_emulator,100,offload,0.44538610660397476,68.354,49.4348,49.4348,51.7804,21.9847,167.274,167.274,231.9795,92.9318
453,cnn,nsson,jetson_emulator,100,offload,0.45052663317409297,68.8432,49.3203,49.3203,51.4528,21.9925,167.274,167.274,232.1279,92.907
454,cnn,nsson,jetson_emulator,100,offload,0.4521878846029921,68.3463,49.0737,49.0737,51.521,22.0092,167.274,167.274,232.2763,92.8979
455,cnn,nsson,jetson_emulator,100,offload,0.4461019427417984,68.814,50.2968,50.2968,51.8314,21.9265,167.274,167.274,232.4247,92.8857
456,cnn,nsson,jetson_emulator,100,local,0.4440446245470274,68.8959,49.6439,68.8959,71.785,20.1367,167.274,167.274,239.1554,92.9169
457,cnn,nsson,jetson_emulator,100,offload,0.4426859241851978,68.4534,49.8399,49.8399,51.6659,21.9573,167.274,167.274,232.7215,92.9272
458,cnn,nsson,jetson_emulator,100,offload,0.4498564896687417,68.2843,49.5249,49.5249,51.4553,21.9786,167.274,167.274,232.87,92.7589
459,cnn,nsson,jetson_emulator,100,local,0.45320486547967814,68.4096,48.8383,68.4096,70.411,20.1652,167.274,167.274,239.6132,92.8106
460,cnn,nsson,jetson_emulator,100,local,0.45147120247370387,69.0568,49.5149,69.0568,71.4296,20.1272,167.274,167.274,239.7658,92.9489
461,cnn,nsson,jetson_emulator,100,local,0.44306365635861156,68.6016,49.4031,68.6016,71.6641,20.1539,167.274,167.274,239.9184,92.7872
462,cnn,nsson,jetson_emulator,100,offload,0.44030256362398057,68.5074,49.0296,49.0296,51.2403,22.0122,167.274,167.274,233.4636,92.8735
463,cnn,nsson,jetson_emulator,100,offload,0.4426798940089865,68.9451,49.3978,49.3978,51.4653,21.9872,167.274,167.274,233.612,92.8689
464,cnn,nsson,jetson_emulator,100,offload,0.4428444743610395,68.4145,49.3694,49.3694,50.7879,21.9892,167.274,167.274,233.7604,92.8702
465,cnn,nsson,jetson_emulator,100,local,0.44084963468247856,70.0467,49.3691,70.0467,72.8485,20.0695,167.274,167.274,240.5289,92.8763
466,cnn,nsson,jetson_emulator,100,local,0.4433975668223637,68.993,49.8891,68.993,70.8929,20.131,167.274,167.274,240.6815,92.8738
467,cnn,nsson,jetson_emulator,100,local,0.44176295530806176,68.7633,49.1555,68.7633,71.3687,20.1444,167.274,167.274,240.8341,92.915
468,cnn,nsson,jetson_emulator,100,local,0.4376108777862295,69.0639,49.062,69.0639,71.5378,20.1268,167.274,167.274,240.9867,92.8502
469,cnn,nsson,jetson_emulator,100,local,0.43562698346460504,69.2033,49.7935,69.2033,70.8085,20.1187,167.274,167.274,241.1393,92.8802
470,cnn,nsson,jetson_emulator,100,offload,0.4445472265888224,68.3935,49.2356,49.2356,51.75,21.9982,167.274,167.274,234.6509,92.9224
471,cnn,nsson,jetson_emulator,100,local,0.44450110700386886,69.2265,49.5912,69.2265,71.474,20.1173,167.274,167.274,241.4445,92.8408
472,cnn,nsson,jetson_emulator,100,offload,0.43463486889600134,68.4862,49.4755,49.4755,52.0089,21.982,167.274,167.274,234.9477,92.79
473,cnn,nsson,jetson_emulator,100,offload,0.43461494187655025,69.488,49.2365,49.2365,50.8826,21.9982,167.274,167.274,235.0961,92.9696
474,cnn,nsson,jetson_emulator,100,local,0.4426952024976731,68.4993,49.1083,68.4993,71.4354,20.1599,167.274,167.274,241.9024,92.8178
475,cnn,nsson,jetson_emulator,100,local,0.4530981575443238,68.5019,49.2436,68.5019,70.6489,20.1598,167.274,167.274,242.055,92.8453
476,cnn,nsson,jetson_emulator,100,offload,0.45156362950284484,68.6574,49.2523,49.2523,51.5874,21.9971,167.274,167.274,235.5413,92.8829
477,cnn,nsson,jetson_emulator,100,local,0.4499696738675109,69.0002,49.9212,69.0002,71.9101,20.1306,167.274,167.274,242.3602,92.92
478,cnn,nsson,jetson_emulator,100,offload,0.452766663242477,68.9588,49.4299,49.4299,51.7216,21.9851,167.274,167.274,235.8381,92.949
479,cnn,nsson,jetson_emulator,100,offload,0.4446196215788696,68.6915,49.1611,49.1611,51.7544,22.0033,167.274,167.274,235.9865,92.7978
480,cnn,nsson,jetson_emulator,100,offload,0.437748243290482,69.0257,49.9369,49.9369,51.8842,21.9508,167.274,167.274,236.135,92.8474
481,cnn,nsson,jetson_emulator,100,local,0.43314343003568334,69.8147,49.8519,69.8147,71.8357,20.083,167.274,167.274,242.9706,92.8312
482,cnn,nsson,jetson_emulator,100,offload,0.4366802966734662,68.977,49.4696,49.4696,51.6362,21.9824,167.274,167.274,236.4318,92.8213
483,cnn,nsson,jetson_emulator,100,local,0.43693625371076755,68.7331,49.7167,68.7331,71.1548,20.1462,167.274,167.274,243.2758,92.8085
484,cnn,nsson,jetson_emulator,100,local,0.4296500815918637,68.8762,49.6304,68.8762,71.2365,20.1378,167.274,167.274,243.4285,92.8101
485,cnn,nsson,jetson_emulator,100,offload,0.4325062631560291,69.2239,49.3051,49.3051,51.4196,21.9935,167.274,167.274,236.877,92.7741
486,cnn,nsson,jetson_emulator,100,local,0.4370684222437076,70.3604,49.6875,70.3604,72.2484,20.0513,167.274,167.274,243.7337,92.8773
487,cnn,nsson,jetson_emulator,100,offload,0.44325541894545206,69.6261,50.8671,50.8671,53.3526,21.8881,167.274,167.274,237.1738,92.846
488,cnn,nsson,jetson_emulator,100,offload,0.4384612813940579,69.0976,49.8187,49.8187,52.1985,21.9587,167.274,167.274,237.3222,92.831
489,cnn,nsson,jetson_emulator,100,local,0.439143394489668,69.0926,50.3002,69.0926,70.3217,20.1252,167.274,167.274,244.1915,92.9454
490,cnn,nsson,jetson_emulator,100,offload,0.4384853186092166,70.0798,50.5626,50.5626,52.7905,21.9086,167.274,167.274,237.619,92.9403
491,cnn,nsson,jetson_emulator,100,offload,0.4433702090727656,70.6111,49.4526,49.4526,51.741,21.9835,167.274,167.274,237.7674,92.9124
492,cnn,nsson,jetson_emulator,100,offload,0.44812031805602237,69.9643,49.5751,49.5751,51.8208,21.9752,167.274,167.274,237.9159,92.9779
493,cnn,nsson,jetson_emulator,100,offload,0.44064627204091117,69.8469,49.8248,49.8248,52.7504,21.9583,167.274,167.274,238.0643,92.8011
494,cnn,nsson,jetson_emulator,100,offload,0.4484517953051829,70.8515,49.847,49.847,51.7008,21.9568,167.274,167.274,238.2127,92.8203
495,cnn,nsson,jetson_emulator,100,local,0.4502925410520161,70.3645,49.6781,70.3645,72.319,20.0511,167.274,167.274,245.1072,92.7944
496,cnn,nsson,jetson_emulator,100,offload,0.44666961501631414,69.2464,49.5532,49.5532,51.2234,21.9767,167.274,167.274,238.5095,92.8651
497,cnn,nsson,jetson_emulator,100,local,0.4416077868126729,70.6706,50.9779,70.6706,72.5214,20.0333,167.274,167.274,245.4124,92.8322
498,cnn,nsson,jetson_emulator,100,local,0.4381825144560128,69.6563,49.9287,69.6563,71.3094,20.0922,167.274,167.274,245.565,92.8584
499,cnn,nsson,jetson_emulator,100,offload,0.4404626082931105,69.6663,50.033,50.033,52.2398,21.9443,167.274,167.274,238.9547,92.8492
500,cnn,nsson,jetson_emulator,100,local,0.4359105900499315,69.6683,49.7744,69.6683,72.1811,20.0915,167.274,167.274,245.8702,92.8742
501,cnn,nsson,jetson_emulator,100,offload,0.4417465455452157,70.2373,50.3343,50.3343,53.2243,21.924,167.274,167.274,239.2515,92.8746
502,cnn,nsson,jetson_emulator,100,offload,0.43598048328722666,70.1491,49.7641,49.7641,52.2567,21.9624,167.274,167.274,239.3999,92.8453
503,cnn,nsson,jetson_emulator,100,offload,0.4394942348170475,70.86,50.2922,50.2922,52.6477,21.9268,167.274,167.274,239.5484,92.8244
504,cnn,nsson,jetson_emulator,100,offload,0.429355437396979,70.1373,50.1616,50.1616,51.9945,21.9356,167.274,167.274,239.6968,92.884
505,cnn,nsson,jetson_emulator,100,offload,0.4235689447687856,69.7337,50.4717,50.4717,52.9,21.9147,167.274,167.274,239.8452,92.7923
506,cnn,nsson,jetson_emulator,100,local,0.43460479890148873,70.772,50.2202,70.772,72.9341,20.0274,167.274,167.274,246.7859,92.8459
507,cnn,nsson,jetson_emulator,100,offload,0.43352767985067814,70.8256,51.3596,51.3596,53.7186,21.8551,167.274,167.274,240.142,92.8304
508,cnn,nsson,jetson_emulator,100,offload,0.43775616698414904,70.2182,50.1826,50.1826,52.8508,21.9342,167.274,167.274,240.2904,92.855
509,cnn,nsson,jetson_emulator,100,offload,0.4377798574769331,70.3635,50.175,50.175,53.342,21.9347,167.274,167.274,240.4388,92.9318
510,cnn,nsson,jetson_emulator,100,offload,0.4421188987126092,70.8188,50.1271,50.1271,52.6999,21.9379,167.274,167.274,240.5872,92.9185
511,cnn,nsson,jetson_emulator,100,offload,0.4383387610860833,70.3607,50.1138,50.1138,52.4671,21.9388,167.274,167.274,240.7356,92.8897
512,cnn,nsson,jetson_emulator,100,local,0.43970908754505716,70.2451,51.3756,70.2451,71.735,20.058,167.274,167.274,247.7015,92.7911
513,cnn,nsson,jetson_emulator,100,offload,0.44812079388260756,70.8142,50.5745,50.5745,52.2091,21.9078,167.274,167.274,241.0324,92.9649
514,cnn,nsson,jetson_emulator,100,offload,0.4550757504359457,71.6417,51.0559,51.0559,52.8876,21.8754,167.274,167.274,241.1809,92.8721
515,cnn,nsson,jetson_emulator,100,offload,0.46461635933828405,71.3095,50.9976,50.9976,53.1175,21.8793,167.274,167.274,241.3293,92.8335
516,cnn,nsson,jetson_emulator,100,local,0.4554837541366807,70.993,50.5775,70.993,73.745,20.0146,167.274,167.274,248.3119,92.8701
517,cnn,nsson,jetson_emulator,100,offload,0.45545306774526595,71.0423,50.7366,50.7366,52.8324,21.8969,167.274,167.274,241.6261,92.8361
518,cnn,nsson,jetson_emulator,100,local,0.4616128036590249,70.8878,52.0501,70.8878,73.0943,20.0207,167.274,167.274,248.6172,92.7933
519,cnn,nsson,jetson_emulator,100,local,0.4641336063401404,71.3451,51.0448,71.3451,73.448,19.9943,167.274,167.274,248.7698,92.8201
520,cnn,nsson,jetson_emulator,100,offload,0.4750941060380439,71.4521,51.5799,51.5799,55.0868,21.8403,167.274,167.274,242.0713,92.9588
521,cnn,nsson,jetson_emulator,100,offload,0.47175912907712214,71.84,50.8878,50.8878,54.0354,21.8867,167.274,167.274,242.2197,92.9006
522,cnn,nsson,jetson_emulator,100,offload,0.46389485355416815,71.0915,52.468,52.468,53.6567,21.7811,167.274,167.274,242.3681,92.8752
523,cnn,nsson,jetson_emulator,100,offload,0.4693257977392702,71.3755,50.8525,50.8525,52.8287,21.8891,167.274,167.274,242.5165,92.9244
524,cnn,nsson,jetson_emulator,100,offload,0.4728852232544549,71.3373,51.5651,51.5651,53.4042,21.8413,167.274,167.274,242.6649,92.8082
525,cnn,nsson,jetson_emulator,100,offload,0.48048762920488053,71.8022,51.8231,51.8231,54.4834,21.8241,167.274,167.274,242.8133,92.8366
526,cnn,nsson,jetson_emulator,100,offload,0.4777182939616432,71.29,51.2168,51.2168,53.9977,21.8646,167.274,167.274,242.9618,92.8788
527,cnn,nsson,jetson_emulator,100,offload,0.4837610881458241,71.8302,51.427,51.427,53.9082,21.8506,167.274,167.274,243.1102,92.8002
528,cnn,nsson,jetson_emulator,100,offload,0.49382220334195026,71.8397,51.5318,51.5318,53.4681,21.8436,167.274,167.274,243.2586,92.888
529,cnn,nsson,jetson_emulator,100,offload,0.49986627708797715,72.1192,51.628,51.628,54.1479,21.8371,167.274,167.274,243.407,92.8653
530,cnn,nsson,jetson_emulator,100,offload,0.5068025782074518,72.733,52.1199,52.1199,53.421,21.8043,167.274,167.274,243.5554,92.8599
531,cnn,nsson,jetson_emulator,100,local,0.5113487086665608,72.6839,51.9051,72.6839,75.1174,19.9173,167.274,167.274,250.6011,92.9428
532,cnn,nsson,jetson_emulator,100,offload,0.5070619345007858,72.034,52.5121,52.5121,53.8154,21.7782,167.274,167.274,243.8522,92.8542
533,cnn,nsson,jetson_emulator,100,local,0.5148382372509464,73.2685,52.4487,73.2685,75.7723,19.8839,167.274,167.274,250.9063,92.7688
534,cnn,nsson,jetson_emulator,100,local,0.5186848999246542,72.2915,51.5781,72.2915,73.9409,19.9398,167.274,167.274,251.0589,92.8411
535,cnn,nsson,jetson_emulator,100,local,0.5088146724692431,72.4325,51.749,72.4325,74.5587,19.9317,167.274,167.274,251.2115,92.9306
536,cnn,nsson,jetson_emulator,100,local,0.5042350588875874,72.7421,52.2266,72.7421,74.993,19.914,167.274,167.274,251.3641,92.873
537,cnn,nsson,jetson_emulator,100,local,0.49907800821739884,72.7773,52.2409,72.7773,74.9995,19.912,167.274,167.274,251.5167,92.8333
538,cnn,nsson,jetson_emulator,100,offload,0.5002142091895563,72.5053,53.3275,53.3275,55.3097,21.7241,167.274,167.274,244.7427,92.861
539,cnn,nsson,jetson_emulator,100,offload,0.501670256009846,73.493,51.9959,51.9959,53.9819,21.8126,167.274,167.274,244.8911,92.821
540,cnn,nsson,jetson_emulator,100,local,0.5123845775351796,72.8653,52.5511,72.8653,75.0102,19.9069,167.274,167.274,251.9746,92.8204
541,cnn,nsson,jetson_emulator,100,local,0.5210320637228214,73.7079,52.2506,73.7079,74.8824,19.8588,167.274,167.274,252.1272,92.8202
542,cnn,nsson,jetson_emulator,100,local,0.5157807871452913,73.483,52.5144,73.483,75.8277,19.8716,167.274,167.274,252.2798,92.9005
543,cnn,nsson,jetson_emulator,100,offload,0.5148317485946365,73.6937,52.8623,52.8623,54.7487,21.7549,167.274,167.274,245.4847,92.8502
544,cnn,nsson,jetson_emulator,100,offload,0.5040632225315206,73.5111,53.3423,53.3423,55.0122,21.7231,167.274,167.274,245.6331,92.9351
545,cnn,nsson,jetson_emulator,100,local,0.48656070434937,74.0559,52.9002,74.0559,76.4544,19.839,167.274,167.274,252.7376,92.8614
546,cnn,nsson,jetson_emulator,100,offload,0.49301213914192743,74.1635,53.1433,53.1433,56.0503,21.7363,167.274,167.274,245.9299,92.8733
547,cnn,nsson,jetson_emulator,100,local,0.4997668478132197,73.9344,52.8005,73.9344,75.8567,19.8459,167.274,167.274,253.0428,92.846
548,cnn,nsson,jetson_emulator,100,offload,0.5011691427468289,74.2279,53.5566,53.5566,55.6008,21.709,167.274,167.274,246.2268,92.8876
549,cnn,nsson,jetson_emulator,100,local,0.4987950409107087,73.6371,53.8693,73.6371,75.8783,19.8629,167.274,167.274,253.348,92.9341
550,cnn,nsson,jetson_emulator,100,offload,0.4929687167527913,73.7416,53.2519,53.2519,55.4347,21.7291,167.274,167.274,246.5236,92.8714
551,cnn,nsson,jetson_emulator,100,offload,0.48901794363098045,73.8991,52.9337,52.9337,56.0068,21.7502,167.274,167.274,246.672,92.9255
552,cnn,nsson,jetson_emulator,100,offload,0.47684729740079745,73.9385,53.1968,53.1968,55.5361,21.7328,167.274,167.274,246.8204,92.879
553,cnn,nsson,jetson_emulator,100,offload,0.4707808168722775,75.5822,53.653,53.653,56.4036,21.7026,167.274,167.274,246.9688,92.9026
554,cnn,nsson,jetson_emulator,100,offload,0.4769382495559212,74.1493,53.2447,53.2447,55.4904,21.7296,167.274,167.274,247.1172,92.8636
555,cnn,nsson,jetson_emulator,100,offload,0.4705242033651268,74.7281,53.2916,53.2916,55.9872,21.7265,167.274,167.274,247.2656,92.8657
556,cnn,nsson,jetson_emulator,100,offload,0.47050363755665475,74.8692,54.2863,54.2863,57.6389,21.6609,167.274,167.274,247.414,92.9321
557,cnn,nsson,jetson_emulator,100,local,0.47485322758769116,74.7354,54.8308,74.7354,77.0025,19.8005,167.274,167.274,254.5689,92.8154
558,cnn,nsson,jetson_emulator,100,local,0.4831106660181813,74.6392,53.6043,74.6392,77.1802,19.8059,167.274,167.274,254.7215,92.827
559,cnn,nsson,jetson_emulator,100,offload,0.48955002896187333,74.9681,54.8046,54.8046,57.2623,21.6268,167.274,167.274,247.8592,92.7635
560,cnn,nsson,jetson_emulator,100,offload,0.49884253371795484,74.8172,54.6329,54.6329,57.3151,21.6381,167.274,167.274,248.0077,92.8277
561,cnn,nsson,jetson_emulator,100,offload,0.49854375749209806,75.4239,54.015,54.015,56.5059,21.6787,167.274,167.274,248.1561,92.8718
562,cnn,nsson,jetson_emulator,100,offload,0.4931994372947264,76.4963,53.8034,53.8034,56.355,21.6927,167.274,167.274,248.3045,92.8758
563,cnn,nsson,jetson_emulator,100,offload,0.49308905541041664,75.7401,54.6443,54.6443,56.4279,21.6373,167.274,167.274,248.4529,92.8928
564,cnn,nsson,jetson_emulator,100,local,0.4962033416958456,76.0255,53.7783,76.0255,78.413,19.7277,167.274,167.274,255.6372,92.8665
565,cnn,nsson,jetson_emulator,100,local,0.4929595412149345,75.4345,54.2739,75.4345,77.7444,19.761,167.274,167.274,255.7898,92.9676
566,cnn,nsson,jetson_emulator,100,local,0.48735761414934986,75.7228,54.218,75.7228,78.1715,19.7448,167.274,167.274,255.9424,92.7537
567,cnn,nsson,jetson_emulator,100,local,0.487519564955123,76.0236,54.0728,76.0236,77.5356,19.7278,167.274,167.274,256.095,92.8397
568,cnn,nsson,jetson_emulator,100,offload,0.4886690509890583,75.6697,55.1439,55.1439,57.0916,21.6046,167.274,167.274,249.1949,92.9836
569,cnn,nsson,jetson_emulator,100,offload,0.493707081035308,76.1978,55.5859,55.5859,57.765,21.5757,167.274,167.274,249.3433,92.8677
570,cnn,nsson,jetson_emulator,100,offload,0.4865222771432345,75.8949,54.3887,54.3887,56.3843,21.6541,167.274,167.274,249.4917,92.7446
571,cnn,nsson,jetson_emulator,100,offload,0.4907138646037828,76.8889,54.6919,54.6919,56.8282,21.6342,167.274,167.274,249.6402,92.858
572,cnn,nsson,jetson_emulator,100,local,0.5040185122131623,76.2861,54.7669,76.2861,79.1732,19.7131,167.274,167.274,256.8581,92.8675
573,cnn,nsson,jetson_emulator,100,offload,0.5070322727698263,77.1287,54.5497,54.5497,56.6409,21.6435,167.274,167.274,249.937,92.8765
574,cnn,nsson,jetson_emulator,100,offload,0.510834351427895,77.2827,55.0042,55.0042,57.8481,21.6137,167.274,167.274,250.0854,92.8803
575,cnn,nsson,jetson_emulator,100,offload,0.5071540230787803,76.4038,55.7972,55.7972,58.4849,21.5619,167.274,167.274,250.2338,92.8301
576,cnn,nsson,jetson_emulator,100,offload,0.4980915214576812,76.5739,56.2113,56.2113,58.7566,21.535,167.274,167.274,250.3822,92.8394
577,cnn,nsson,jetson_emulator,100,offload,0.49937764737369505,77.6965,55.2436,55.2436,57.2979,21.5981,167.274,167.274,250.5306,92.8056
578,cnn,nsson,jetson_emulator,100,offload,0.49791718922148565,77.1373,54.8638,54.8638,57.0127,21.6229,167.274,167.274,250.679,92.8303
579,cnn,nsson,jetson_emulator,100,offload,0.49757558288908693,77.5803,56.7028,56.7028,58.3832,21.5031,167.274,167.274,250.8274,92.8927
580,cnn,nsson,jetson_emulator,100,local,0.49882910189465846,76.9957,55.5087,76.9957,79.5964,19.6734,167.274,167.274,258.0789,92.8277
581,cnn,nsson,jetson_emulator,100,local,0.49431890857971433,77.2699,55.1313,77.2699,78.4764,19.658,167.274,167.274,258.2315,92.8196
582,cnn,nsson,jetson_emulator,100,offload,0.4903745304514175,77.3789,56.0696,56.0696,58.2363,21.5442,167.274,167.274,251.2727,92.893
583,cnn,nsson,jetson_emulator,100,offload,0.4961326966541205,77.8337,55.4529,55.4529,57.806,21.5844,167.274,167.274,251.4211,92.8082
584,cnn,nsson,jetson_emulator,100,offload,0.4895774621848672,77.5524,55.4652,55.4652,57.973,21.5836,167.274,167.274,251.5695,92.9379
585,cnn,nsson,jetson_emulator,100,offload,0.48914141872796546,78.7135,55.4302,55.4302,57.5767,21.5859,167.274,167.274,251.7179,92.8629
586,cnn,nsson,jetson_emulator,100,offload,0.4918934336280428,78.1445,55.6385,55.6385,57.5205,21.5723,167.274,167.274,251.8663,92.8717
587,cnn,nsson,jetson_emulator,100,local,0.4886213517865937,78.2608,55.5269,78.2608,80.743,19.6029,167.274,167.274,259.1472,92.8413
588,cnn,nsson,jetson_emulator,100,offload,0.4884771412936448,78.1183,56.5777,56.5777,59.6312,21.5112,167.274,167.274,252.1631,92.8535
589,cnn,nsson,jetson_emulator,100,offload,0.4911736266205334,78.3685,55.9325,55.9325,57.8135,21.5531,167.274,167.274,252.3115,92.8519
590,cnn,nsson,jetson_emulator,100,offload,0.4842634735904672,78.4991,56.3854,56.3854,58.4158,21.5237,167.274,167.274,252.4599,92.8762
591,cnn,nsson,jetson_emulator,100,offload,0.4745776099378647,78.1589,56.444,56.444,58.5323,21.5199,167.274,167.274,252.6083,92.8341
592,cnn,nsson,jetson_emulator,100,offload,0.47715028066862414,78.5999,57.2853,57.2853,59.5246,21.4654,167.274,167.274,252.7567,92.9018
593,cnn,nsson,jetson_emulator,100,offload,0.47888230939942183,78.7476,56.9644,56.9644,59.0876,21.4861,167.274,167.274,252.9052,92.7632
594,cnn,nsson,jetson_emulator,100,offload,0.47944047130548423,78.9693,57.3191,57.3191,59.2994,21.4632,167.274,167.274,253.0536,92.8377
595,cnn,nsson,jetson_emulator,100,local,0.4751645383906033,78.6352,56.1654,78.6352,81.2328,19.5822,167.274,167.274,260.3681,92.8479
596,cnn,nsson,jetson_emulator,100,offload,0.4737747943860428,78.7607,56.9184,56.9184,58.9852,21.4891,167.274,167.274,253.3504,92.8653
597,cnn,nsson,jetson_emulator,100,local,0.47427142353014334,78.8592,56.9062,78.8592,81.0759,19.5698,167.274,167.274,260.6733,92.95
598,cnn,nsson,jetson_emulator,100,offload,0.4709069413867596,78.7941,57.0021,57.0021,58.9429,21.4837,167.274,167.274,253.6472,92.8308
599,cnn,nsson,jetson_emulator,100,offload,0.46781732345042354,78.8059,56.5847,56.5847,59.2893,21.5107,167.274,167.274,253.7956,92.8715
600,cnn,nsson,jetson_emulator,100,local,0.4641556005258724,79.7698,58.0349,79.7698,81.343,19.5195,167.274,167.274,261.1311,92.8971
601,cnn,nsson,jetson_emulator,100,offload,0.46391544256819406,79.4159,57.7678,57.7678,59.9858,21.4343,167.274,167.274,254.0924,92.8617
602,cnn,nsson,jetson_emulator,100,local,0.4717129770923051,78.998,57.3799,78.998,80.7217,19.5621,167.274,167.274,261.4363,92.885
603,cnn,nsson,jetson_emulator,100,offload,0.46949922313600384,79.6315,57.8816,57.8816,60.8847,21.4269,167.274,167.274,254.3892,92.8528
604,cnn,nsson,jetson_emulator,100,offload,0.4691056042092715,79.3794,57.2478,57.2478,58.6193,21.4678,167.274,167.274,254.5376,92.9725
605,cnn,nsson,jetson_emulator,100,offload,0.471501198246525,79.4132,56.8901,56.8901,59.1479,21.4909,167.274,167.274,254.6861,92.8667
606,cnn,nsson,jetson_emulator,100,local,0.4687017889897792,79.494,56.9602,79.494,81.3281,19.5347,167.274,167.274,262.0468,92.8551
607,cnn,nsson,jetson_emulator,100,offload,0.46979070250234284,79.5191,57.7575,57.7575,60.5798,21.4349,167.274,167.274,254.9829,92.8027
608,cnn,nsson,jetson_emulator,100,offload,0.4857017465451553,79.9809,57.468,57.468,60.1159,21.4536,167.274,167.274,255.1313,92.8744
609,cnn,nsson,jetson_emulator,100,local,0.48530110073823257,79.8878,57.8817,79.8878,81.7058,19.5131,167.274,167.274,262.5046,92.8511
610,cnn,nsson,jetson_emulator,100,local,0.4750092919964753,80.7311,57.2175,80.7311,83.2832,19.4668,167.274,167.274,262.6572,92.9255
611,cnn,nsson,jetson_emulator,100,offload,0.47176849434906254,79.9321,57.1462,57.1462,59.3536,21.4744,167.274,167.274,255.5765,92.9095
612,cnn,nsson,jetson_emulator,100,local,0.4714505081853027,79.7876,57.033,79.7876,82.085,19.5186,167.274,167.274,262.9624,92.9363
613,cnn,nsson,jetson_emulator,100,local,0.46583765366442575,80.5101,57.502,80.5101,82.6017,19.4789,167.274,167.274,263.115,92.9307
614,cnn,nsson,jetson_emulator,100,offload,0.4573443055851909,81.9683,57.4425,57.4425,59.8449,21.4552,167.274,167.274,256.0217,92.8877
615,cnn,nsson,jetson_emulator,100,offload,0.45586042895556894,80.1151,57.9353,57.9353,60.0979,21.4235,167.274,167.274,256.1701,92.9356
616,cnn,nsson,jetson_emulator,100,local,0.45094969081939884,79.931,57.1368,79.931,82.8496,19.5107,167.274,167.274,263.5729,92.9173
617,cnn,nsson,jetson_emulator,100,local,0.45128415875854855,80.0038,57.7096,80.0038,82.642,19.5067,167.274,167.274,263.7255,92.8974
618,cnn,nsson,jetson_emulator,100,offload,0.4505507396554164,80.1174,58.7131,58.7131,61.7173,21.3736,167.274,167.274,256.6154,92.8803
619,cnn,nsson,jetson_emulator,100,local,0.4550077773815212,80.6077,57.8951,80.6077,82.8209,19.4736,167.274,167.274,264.0307,92.7576
620,cnn,nsson,jetson_emulator,100,offload,0.46252572988162904,80.578,58.4078,58.4078,60.5679,21.3931,167.274,167.274,256.9122,92.8137
621,cnn,nsson,jetson_emulator,100,local,0.4700007651039466,80.5922,57.6441,80.5922,82.7815,19.4744,167.274,167.274,264.3359,92.9275
622,cnn,nsson,jetson_emulator,100,offload,0.46899571220514585,80.6558,57.388,57.388,59.4355,21.4588,167.274,167.274,257.209,92.8504
623,cnn,nsson,jetson_emulator,100,local,0.4596611555914944,81.1173,57.4687,81.1173,83.1705,19.4457,167.274,167.274,264.6411,92.809
624,cnn,nsson,jetson_emulator,100,offload,0.4524385187885941,80.5291,58.2502,58.2502,60.2386,21.4032,167.274,167.274,257.5058,92.8641
625,cnn,nsson,jetson_emulator,100,offload,0.45752448936146506,80.8046,57.5672,57.5672,59.5041,21.4472,167.274,167.274,257.6542,92.8668
626,cnn,nsson,jetson_emulator,100,offload,0.45219460592651106,81.1883,57.9306,57.9306,59.0499,21.4238,167.274,167.274,257.8026,92.8341
627,cnn,nsson,jetson_emulator,100,offload,0.459844457759664,80.3957,58.0278,58.0278,61.2252,21.4175,167.274,167.274,257.9511,92.9074
628,cnn,nsson,jetson_emulator,100,local,0.4503006919080589,80.7999,58.2937,80.7999,82.8362,19.463,167.274,167.274,265.4042,92.8937
629,cnn,nsson,jetson_emulator,100,offload,0.4583932157573719,80.6648,57.6302,57.6302,59.4897,21.4431,167.274,167.274,258.2479,92.8583
630,cnn,nsson,jetson_emulator,100,local,0.46617594446844,81.0149,59.4028,81.0149,83.1038,19.4513,167.274,167.274,265.7094,92.8432
631,cnn,nsson,jetson_emulator,100,local,0.4599595932557383,81.0282,58.2035,81.0282,83.2053,19.4506,167.274,167.274,265.862,92.8172
632,cnn,nsson,jetson_emulator,100,offload,0.4653307170839928,80.9467,57.6544,57.6544,59.5116,21.4416,167.274,167.274,258.6931,92.8367
633,cnn,nsson,jetson_emulator,100,offload,0.4560622114789936,80.8067,57.9484,57.9484,60.0812,21.4226,167.274,167.274,258.8415,92.9468
634,cnn,nsson,jetson_emulator,100,local,0.4529376804301198,81.762,57.811,81.762,83.3718,19.4106,167.274,167.274,266.3198,92.7857
635,cnn,nsson,jetson_emulator,100,local,0.4586607511391473,80.9852,58.0124,80.9852,83.6339,19.4529,167.274,167.274,266.4724,92.8277
636,cnn,nsson,jetson_emulator,100,offload,0.4494917933705612,81.3561,58.6213,58.6213,60.53,21.3794,167.274,167.274,259.2867,92.8505
637,cnn,nsson,jetson_emulator,100,local,0.44202619913496843,81.0507,58.0301,81.0507,83.2221,19.4493,167.274,167.274,266.7776,92.9403
638,cnn,nsson,jetson_emulator,100,offload,0.43585642743077724,81.5253,57.8348,57.8348,59.8024,21.43,167.274,167.274,259.5835,92.8527
639,cnn,nsson,jetson_emulator,100,offload,0.44339457586971154,81.3184,58.0129,58.0129,60.1955,21.4185,167.274,167.274,259.732,92.9739
640,cnn,nsson,jetson_emulator,100,local,0.4364665535662644,81.0214,57.8144,81.0214,82.528,19.4509,167.274,167.274,267.2355,92.8493
641,cnn,nsson,jetson_emulator,100,local,0.43129301653082064,81.5338,57.9627,81.5338,83.2052,19.423,167.274,167.274,267.3881,92.8936
642,cnn,nsson,jetson_emulator,100,offload,0.42386222776609395,80.9171,58.5278,58.5278,59.8445,21.3854,167.274,167.274,260.1772,92.9254
643,cnn,nsson,jetson_emulator,100,offload,0.4210163938873469,80.9553,57.8655,57.8655,60.0458,21.428,167.274,167.274,260.3256,92.8172
644,cnn,nsson,jetson_emulator,100,local,0.4246900356520023,80.9162,57.8217,80.9162,83.3863,19.4567,167.274,167.274,267.8459,92.9134
645,cnn,nsson,jetson_emulator,100,offload,0.42930104498256,81.7707,58.5631,58.5631,60.8777,21.3832,167.274,167.274,260.6224,92.9203
646,cnn,nsson,jetson_emulator,100,offload,0.42141284545289137,80.8104,57.7245,57.7245,58.6308,21.4371,167.274,167.274,260.7708,92.8637
647,cnn,nsson,jetson_emulator,100,local,0.4247717423639319,81.1374,58.2706,81.1374,83.5723,19.4446,167.274,167.274,268.3037,92.9032
648,cnn,nsson,jetson_emulator,100,offload,0.4225894154260231,80.8349,58.2092,58.2092,60.7172,21.4059,167.274,167.274,261.0676,93.0059
649,cnn,nsson,jetson_emulator,100,offload,0.4198037678036722,80.8298,58.1,58.1,59.3861,21.4129,167.274,167.274,261.216,92.7924
650,cnn,nsson,jetson_emulator,100,offload,0.4198464947813572,81.0961,59.2279,59.2279,60.857,21.3406,167.274,167.274,261.3645,92.8318
651,cnn,nsson,jetson_emulator,100,offload,0.4279258982746422,81.9094,58.3891,58.3891,60.6874,21.3943,167.274,167.274,261.5129,92.9362
652,cnn,nsson,jetson_emulator,100,offload,0.4232802376104003,81.3296,58.2106,58.2106,60.8871,21.4058,167.274,167.274,261.6613,92.7948
653,cnn,nsson,jetson_emulator,100,offload,0.42863288574146186,80.6767,57.7207,57.7207,59.14,21.4373,167.274,167.274,261.8097,92.9073
654,cnn,nsson,jetson_emulator,100,local,0.4358212444420771,82.1133,58.0054,82.1133,84.454,19.3915,167.274,167.274,269.372,92.8598
655,cnn,nsson,jetson_emulator,100,offload,0.4394822711993442,81.2499,58.8017,58.8017,61.2481,21.3679,167.274,167.274,262.1065,92.8059
656,cnn,nsson,jetson_emulator,100,local,0.43980813899885357,80.9433,58.3908,80.9433,83.3998,19.4552,167.274,167.274,269.6772,92.8733
657,cnn,nsson,jetson_emulator,100,local,0.44120356146017653,81.148,58.8953,81.148,83.772,19.444,167.274,167.274,269.8298,92.8694
658,cnn,nsson,jetson_emulator,100,offload,0.44805556424019327,80.5844,58.3827,58.3827,61.0035,21.3947,167.274,167.274,262.5517,92.8227
659,cnn,nsson,jetson_emulator,100,local,0.4484554702815663,80.8281,58.9818,80.8281,82.2735,19.4615,167.274,167.274,270.135,92.8624
660,cnn,nsson,jetson_emulator,100,local,0.45692049923514494,80.579,58.2565,80.579,82.7627,19.4751,167.274,167.274,270.2877,92.9275
661,cnn,nsson,jetson_emulator,100,offload,0.4684906332699588,80.7018,58.2537,58.2537,60.3853,21.403,167.274,167.274,262.997,92.8588
662,cnn,nsson,jetson_emulator,100,offload,0.47247727486748736,80.5923,58.4421,58.4421,60.2323,21.3909,167.274,167.274,263.1454,92.8164
663,cnn,nsson,jetson_emulator,100,local,0.4696866587091444,80.456,58.0728,80.456,82.3282,19.4819,167.274,167.274,270.7455,92.8309
664,cnn,nsson,jetson_emulator,100,offload,0.4728232701503609,80.4451,58.2334,58.2334,61.2494,21.4043,167.274,167.274,263.4422,92.7963
665,cnn,nsson,jetson_emulator,100,local,0.4714639200516053,81.1901,57.6427,81.1901,83.7631,19.4417,167.274,167.274,271.0507,92.952
666,cnn,nsson,jetson_emulator,100,offload,0.4623286862639197,80.4549,58.6543,58.6543,60.995,21.3773,167.274,167.274,263.739,92.9182
667,cnn,nsson,jetson_emulator,100,offload,0.4605944537682736,80.7174,58.0091,58.0091,60.0179,21.4187,167.274,167.274,263.8874,92.753
668,cnn,nsson,jetson_emulator,100,local,0.46393882159036653,80.5109,57.8701,80.5109,82.248,19.4789,167.274,167.274,271.5085,92.8811
669,cnn,nsson,jetson_emulator,100,local,0.4664259454065234,80.76,58.114,80.76,82.3821,19.4652,167.274,167.274,271.6611,92.8678
670,cnn,nsson,jetson_emulator,100,local,0.464430711622818,81.1242,57.9329,81.1242,83.6353,19.4453,167.274,167.274,271.8137,92.814
671,cnn,nsson,jetson_emulator,100,offload,0.45383942199576294,80.1497,57.4288,57.4288,59.536,21.4561,167.274,167.274,264.481,92.8251
672,cnn,nsson,jetson_emulator,100,offload,0.4489904316630158,81.2827,58.2592,58.2592,60.9433,21.4027,167.274,167.274,264.6294,92.8996
673,cnn,nsson,jetson_emulator,100,offload,0.45339557819203113,80.8282,57.3591,57.3591,59.0934,21.4606,167.274,167.274,264.7779,92.8869
674,cnn,nsson,jetson_emulator,100,local,0.4501276068685808,80.4282,57.4531,80.4282,82.5425,19.4834,167.274,167.274,272.4242,92.8544
675,cnn,nsson,jetson_emulator,100,local,0.4586028396946162,80.4783,58.4065,80.4783,83.0285,19.4806,167.274,167.274,272.5768,92.8763
676,cnn,nsson,jetson_emulator,100,offload,0.4685601143833566,80.1646,58.1727,58.1727,59.4593,21.4082,167.274,167.274,265.2231,92.9812
677,cnn,nsson,jetson_emulator,100,offload,0.46179715605611316,80.1502,57.5555,57.5555,59.616,21.448,167.274,167.274,265.3715,92.8134
678,cnn,nsson,jetson_emulator,100,offload,0.462693075883411,80.0955,57.0939,57.0939,59.5978,21.4778,167.274,167.274,265.5199,92.9042
679,cnn,nsson,jetson_emulator,100,offload,0.45588723555307475,80.5682,57.2417,57.2417,59.8621,21.4682,167.274,167.274,265.6683,92.862
680,cnn,nsson,jetson_emulator,100,local,0.45717081692084094,80.0632,57.809,80.0632,81.634,19.5034,167.274,167.274,273.3398,92.8167
681,cnn,nsson,jetson_emulator,100,offload,0.46734827163454407,80.1731,59.0003,59.0003,60.9534,21.3552,167.274,167.274,265.9651,92.8909
682,cnn,nsson,jetson_emulator,100,offload,0.45947683411193935,79.8559,57.1088,57.1088,59.1624,21.4768,167.274,167.274,266.1135,92.8934
683,cnn,nsson,jetson_emulator,100,offload,0.45928682737268034,79.6962,57.4374,57.4374,59.2571,21.4556,167.274,167.274,266.2619,92.8635
684,cnn,nsson,jetson_emulator,100,offload,0.46734374370619525,79.6872,58.4778,58.4778,60.6258,21.3886,167.274,167.274,266.4104,92.9087
685,cnn,nsson,jetson_emulator,100,local,0.4740228687532529,79.9099,57.2067,79.9099,82.3384,19.5118,167.274,167.274,274.1029,92.8636
686,cnn,nsson,jetson_emulator,100,offload,0.45910644495081876,79.8391,58.2186,58.2186,59.7552,21.4053,167.274,167.274,266.7072,92.8851
687,cnn,nsson,jetson_emulator,100,local,0.4579020509429099,80.1239,58.2154,80.1239,81.9105,19.5001,167.274,167.274,274.4081,92.861
688,cnn,nsson,jetson_emulator,100,local,0.4665311601618303,80.71,57.0477,80.71,81.9255,19.468,167.274,167.274,274.5607,92.8704
689,cnn,nsson,jetson_emulator,100,offload,0.4708438758430668,80.572,57.0641,57.0641,58.414,21.4797,167.274,167.274,267.1524,92.8938
690,cnn,nsson,jetson_emulator,100,offload,0.469417412153493,80.33,57.1607,57.1607,59.2889,21.4734,167.274,167.274,267.3008,92.8973
691,cnn,nsson,jetson_emulator,100,local,0.4762275786366649,79.2861,56.5619,79.2861,81.5057,19.5462,167.274,167.274,275.0185,92.9078
692,cnn,nsson,jetson_emulator,100,local,0.4758849048650391,79.5085,56.5651,79.5085,81.6972,19.5339,167.274,167.274,275.1711,92.8311
693,cnn,nsson,jetson_emulator,100,offload,0.46706423530206465,79.2255,57.3285,57.3285,58.5671,21.4626,167.274,167.274,267.746,92.8013
694,cnn,nsson,jetson_emulator,100,offload,0.4710204621018171,79.3669,56.7207,56.7207,58.0582,21.5019,167.274,167.274,267.8944,92.875
695,cnn,nsson,jetson_emulator,100,local,0.47201547467426935,79.1858,57.35,79.1858,81.749,19.5517,167.274,167.274,275.629,92.8952
696,cnn,nsson,jetson_emulator,100,offload,0.4742021325187968,78.8089,56.322,56.322,58.4139,21.5278,167.274,167.274,268.1913,92.9135
697,cnn,nsson,jetson_emulator,100,offload,0.47584863087245977,79.5834,56.3089,56.3089,58.2179,21.5286,167.274,167.274,268.3397,92.7435
698,cnn,nsson,jetson_emulator,100,local,0.48132160199686896,79.9892,56.7463,79.9892,81.953,19.5075,167.274,167.274,276.0868,92.8454
699,cnn,nsson,jetson_emulator,100,offload,0.4693415881791226,78.6963,56.8472,56.8472,58.3262,21.4937,167.274,167.274,268.6365,92.8347
700,cnn,nsson,jetson_emulator,100,offload,0.4658556367718294,78.7999,57.3633,57.3633,59.4805,21.4604,167.274,167.274,268.7849,92.8934
701,cnn,nsson,jetson_emulator,100,local,0.4651332918949928,79.2149,56.6679,79.2149,81.7221,19.5501,167.274,167.274,276.5446,92.8468
702,cnn,nsson,jetson_emulator,100,local,0.4758466826311384,79.9609,56.3927,79.9609,82.1263,19.509,167.274,167.274,276.6972,92.8229
703,cnn,nsson,jetson_emulator,100,offload,0.46994674509520074,78.4233,56.1592,56.1592,58.7337,21.5384,167.274,167.274,269.2301,92.933
704,cnn,nsson,jetson_emulator,100,offload,0.4710562455649506,78.3907,57.3631,57.3631,59.4691,21.4604,167.274,167.274,269.3785,92.8351
705,cnn,nsson,jetson_emulator,100,offload,0.46989870889943564,78.3416,56.4544,56.4544,59.1204,21.5192,167.274,167.274,269.5269,92.9085
706,cnn,nsson,jetson_emulator,100,offload,0.4711935041381466,79.8685,56.0356,56.0356,57.6919,21.5464,167.274,167.274,269.6753,92.7878
707,cnn,nsson,jetson_emulator,100,local,0.4735284721404543,78.3742,57.5662,78.3742,80.7533,19.5966,167.274,167.274,277.4603,92.7824
708,cnn,nsson,jetson_emulator,100,local,0.46311691996151033,78.5765,57.1555,78.5765,80.7508,19.5854,167.274,167.274,277.6129,92.9281
709,cnn,nsson,jetson_emulator,100,offload,0.4639195759175157,78.3807,56.4029,56.4029,59.1215,21.5225,167.274,167.274,270.1206,92.8774
710,cnn,nsson,jetson_emulator,100,local,0.46659273804946194,78.6449,57.0372,78.6449,80.7401,19.5816,167.274,167.274,277.9181,92.791
711,cnn,nsson,jetson_emulator,100,local,0.45693972090263124,79.0748,57.093,79.0748,81.813,19.5578,167.274,167.274,278.0707,92.9128
712,cnn,nsson,jetson_emulator,100,offload,0.453154756835224,78.7365,56.0627,56.0627,57.472,21.5446,167.274,167.274,270.5658,92.8835
713,cnn,nsson,jetson_emulator,100,local,0.45822864670936214,77.7069,56.8088,77.7069,80.4432,19.6337,167.274,167.274,278.3759,92.8277
714,cnn,nsson,jetson_emulator,100,offload,0.4492924949863472,77.9842,56.2067,56.2067,58.3838,21.5353,167.274,167.274,270.8626,92.8441
715,cnn,nsson,jetson_emulator,100,offload,0.4491319684069734,77.7366,56.7394,56.7394,59.236,21.5007,167.274,167.274,271.011,92.9206
716,cnn,nsson,jetson_emulator,100,offload,0.4467589623416025,77.9262,55.4391,55.4391,57.4916,21.5853,167.274,167.274,271.1594,92.8443
717,cnn,nsson,jetson_emulator,100,local,0.4362879313085866,77.9069,57.7061,77.9069,79.1835,19.6226,167.274,167.274,278.9864,92.8723
718,cnn,nsson,jetson_emulator,100,offload,0.4430181669913024,77.5776,55.856,55.856,57.5444,21.5581,167.274,167.274,271.4563,92.8555
719,cnn,nsson,jetson_emulator,100,local,0.4368534918466933,77.3511,55.7016,77.3511,79.8275,19.6535,167.274,167.274,279.2916,92.9323
720,cnn,nsson,jetson_emulator,100,local,0.4274003286231731,78.5049,55.4369,78.5049,80.6969,19.5894,167.274,167.274,279.4442,92.7942
721,cnn,nsson,jetson_emulator,100,local,0.4251691796855166,78.5266,55.2713,78.5266,80.4831,19.5882,167.274,167.274,279.5968,92.8788
722,cnn,nsson,jetson_emulator,100,offload,0.43207171337879935,77.3162,55.78,55.78,58.621,21.5631,167.274,167.274,272.0499,92.8217
723,cnn,nsson,jetson_emulator,100,local,0.4424184215903296,78.2333,56.117,78.2333,80.7439,19.6044,167.274,167.274,279.902,92.888
724,cnn,nsson,jetson_emulator,100,offload,0.43463861171652307,77.1236,55.6263,55.6263,57.5913,21.5731,167.274,167.274,272.3467,92.8803
725,cnn,nsson,jetson_emulator,100,offload,0.441433577807342,77.4852,57.0413,57.0413,59.9137,21.4812,167.274,167.274,272.4951,92.7958
726,cnn,nsson,jetson_emulator,100,local,0.43903457096713777,77.2773,55.9733,77.2773,79.2363,19.6576,167.274,167.274,280.3599,92.9082
727,cnn,nsson,jetson_emulator,100,local,0.43592132573568354,77.5844,55.6014,77.5844,79.7022,19.6405,167.274,167.274,280.5125,92.861
728,cnn,nsson,jetson_emulator,100,local,0.4125026117235186,77.6962,54.9373,77.6962,80.4763,19.6343,167.274,167.274,280.6651,92.8281
729,cnn,nsson,jetson_emulator,100,offload,0.4017680490561997,78.1104,56.0944,56.0944,58.2202,21.5426,167.274,167.274,273.0888,92.7987
730,cnn,nsson,jetson_emulator,100,local,0.39199472535974916,77.4581,55.9633,77.4581,80.0376,19.6476,167.274,167.274,280.9703,92.8772
731,cnn,nsson,jetson_emulator,100,offload,0.39031713821549396,77.2337,54.9277,54.9277,56.403,21.6188,167.274,167.274,273.3856,92.9
732,cnn,nsson,jetson_emulator,100,local,0.3952382573275972,76.8024,55.4683,76.8024,78.8236,19.6842,167.274,167.274,281.2755,92.8584
733,cnn,nsson,jetson_emulator,100,offload,0.39078634750980284,77.0946,54.9185,54.9185,56.9703,21.6194,167.274,167.274,273.6824,92.9429
734,cnn,nsson,jetson_emulator,100,local,0.39058178336761684,76.747,55.3723,76.747,78.9779,19.6873,167.274,167.274,281.5807,92.9755
735,cnn,nsson,jetson_emulator,100,local,0.3938858836513284,77.2538,54.9998,77.2538,79.8043,19.6589,167.274,167.274,281.7333,92.886
736,cnn,nsson,jetson_emulator,100,offload,0.39167468714974213,77.2288,55.6501,55.6501,57.7642,21.5715,167.274,167.274,274.1276,92.8257
737,cnn,nsson,jetson_emulator,100,local,0.39791909515203344,76.6717,55.5782,76.6717,78.9093,19.6915,167.274,167.274,282.0386,92.8897
738,cnn,nsson,jetson_emulator,100,offload,0.39297657071636055,77.1161,54.955,54.955,56.4973,21.617,167.274,167.274,274.4244,92.8506
739,cnn,nsson,jetson_emulator,100,offload,0.3963566451699267,76.6189,55.6139,55.6139,58.5946,21.5739,167.274,167.274,274.5728,92.9218
740,cnn,nsson,jetson_emulator,100,local,0.39772660821779704,77.2115,55.2083,77.2115,78.9751,19.6613,167.274,167.274,282.4964,92.9246
741,cnn,nsson,jetson_emulator,100,local,0.39942643120127075,77.1221,54.9796,77.1221,78.2273,19.6663,167.274,167.274,282.649,92.8402
742,cnn,nsson,jetson_emulator,100,offload,0.40061935862306375,76.4087,55.4708,55.4708,58.2118,21.5832,167.274,167.274,275.0181,92.8771
743,cnn,nsson,jetson_emulator,100,offload,0.3980475177820051,76.7907,55.699,55.699,57.812,21.5683,167.274,167.274,275.1665,92.9119
744,cnn,nsson,jetson_emulator,100,local,0.4110029886820415,76.2935,54.4705,76.2935,78.3241,19.7127,167.274,167.274,283.1068,92.9004
745,cnn,nsson,jetson_emulator,100,local,0.4127666188584459,77.1162,54.7074,77.1162,79.9698,19.6666,167.274,167.274,283.2594,92.8241
746,cnn,nsson,jetson_emulator,100,offload,0.4136993537654343,76.6269,54.5056,54.5056,57.3691,21.6464,167.274,167.274,275.6117,92.8914
747,cnn,nsson,jetson_emulator,100,local,0.4252278065385424,76.3226,54.5962,76.3226,78.2841,19.711,167.274,167.274,283.5646,92.8506
748,cnn,nsson,jetson_emulator,100,local,0.4248869998348026,76.4752,54.9736,76.4752,78.8248,19.7025,167.274,167.274,283.7173,92.8438
749,cnn,nsson,jetson_emulator,100,offload,0.4298461230945701,76.0859,54.8997,54.8997,56.8234,21.6206,167.274,167.274,276.0569,92.8021
750,cnn,nsson,jetson_emulator,100,offload,0.4514694897951905,76.0579,55.0865,55.0865,57.084,21.6084,167.274,167.274,276.2053,92.8058
751,cnn,nsson,jetson_emulator,100,offload,0.4532948233769069,76.5319,54.5511,54.5511,56.5792,21.6435,167.274,167.274,276.3537,92.891
752,cnn,nsson,jetson_emulator,100,offload,0.43872121495014604,75.9937,55.133,55.133,57.7622,21.6053,167.274,167.274,276.5022,92.9289
753,cnn,nsson,jetson_emulator,100,local,0.44450515176191285,76.4515,54.5506,76.4515,79.0749,19.7038,167.274,167.274,284.4803,92.8773
754,cnn,nsson,jetson_emulator,100,offload,0.45168183201717493,76.2847,55.2755,55.2755,57.72,21.596,167.274,167.274,276.799,92.8507
755,cnn,nsson,jetson_emulator,100,offload,0.4375202588512163,76.5795,54.5974,54.5974,56.8975,21.6404,167.274,167.274,276.9474,92.9811
756,cnn,nsson,jetson_emulator,100,offload,0.44039888507532826,76.3227,55.6088,55.6088,57.837,21.5742,167.274,167.274,277.0958,92.9426
757,cnn,nsson,jetson_emulator,100,offload,0.44260200056402066,75.9807,54.4404,54.4404,57.2244,21.6507,167.274,167.274,277.2442,92.8467
758,cnn,nsson,jetson_emulator,100,offload,0.4404271346025329,77.2048,54.7269,54.7269,57.1654,21.6319,167.274,167.274,277.3926,92.8027
759,cnn,nsson,jetson_emulator,100,offload,0.4461251567431077,76.4516,55.8693,55.8693,57.6787,21.5572,167.274,167.274,277.541,92.8299
760,cnn,nsson,jetson_emulator,100,offload,0.4516500955213875,76.9676,55.6907,55.6907,57.6701,21.5689,167.274,167.274,277.6894,92.8587
761,cnn,nsson,jetson_emulator,100,offload,0.45668109601290974,76.0324,54.6733,54.6733,56.9721,21.6354,167.274,167.274,277.8378,92.9117
762,cnn,nsson,jetson_emulator,100,offload,0.446084549385961,76.0073,54.3929,54.3929,56.9933,21.6539,167.274,167.274,277.9862,92.7805
763,cnn,nsson,jetson_emulator,100,offload,0.44162345709626355,76.2902,54.537,54.537,57.5947,21.6444,167.274,167.274,278.1347,92.8989
764,cnn,nsson,jetson_emulator,100,offload,0.4431198353950443,76.173,55.4011,55.4011,57.6094,21.5878,167.274,167.274,278.2831,92.7654
765,cnn,nsson,jetson_emulator,100,offload,0.4445152011224447,76.9885,55.7816,55.7816,58.0088,21.563,167.274,167.274,278.4315,92.8946
766,cnn,nsson,jetson_emulator,100,local,0.4474383013838907,77.7278,54.5398,77.7278,79.4109,19.6325,167.274,167.274,286.4642,92.9119
767,cnn,nsson,jetson_emulator,100,local,0.4565058301913592,76.9049,55.4327,76.9049,78.3933,19.6784,167.274,167.274,286.6168,92.8403
768,cnn,nsson,jetson_emulator,100,local,0.4498017856292962,77.4594,55.3145,77.4594,79.9439,19.6475,167.274,167.274,286.7694,92.8737
769,cnn,nsson,jetson_emulator,100,local,0.45066146928049056,76.4221,55.2444,76.4221,78.2023,19.7055,167.274,167.274,286.922,92.9096
770,cnn,nsson,jetson_emulator,100,offload,0.4411165866246456,77.0733,55.2814,55.2814,57.6024,21.5956,167.274,167.274,279.1735,92.8618
771,cnn,nsson,jetson_emulator,100,offload,0.4338464646532151,76.2636,55.0385,55.0385,57.5372,21.6115,167.274,167.274,279.3219,92.8863
772,cnn,nsson,jetson_emulator,100,local,0.43113015996562065,76.4928,54.5645,76.4928,78.3217,19.7015,167.274,167.274,287.3799,92.8259
773,cnn,nsson,jetson_emulator,100,offload,0.4271071468816816,76.3868,54.5885,54.5885,57.1,21.641,167.274,167.274,279.6187,92.7822
774,cnn,nsson,jetson_emulator,100,offload,0.4325865138802045,77.5042,54.7282,54.7282,56.7526,21.6318,167.274,167.274,279.7672,92.8511
775,cnn,nsson,jetson_emulator,100,local,0.4368656926649537,77.062,55.3401,77.062,79.4248,19.6697,167.274,167.274,287.8377,92.8199
776,cnn,nsson,jetson_emulator,100,local,0.43656056912653834,76.6626,55.6005,76.6626,79.4512,19.692,167.274,167.274,287.9903,92.902
777,cnn,nsson,jetson_emulator,100,offload,0.42959161466900603,76.7807,54.8721,54.8721,57.6454,21.6224,167.274,167.274,280.2124,92.908
778,cnn,nsson,jetson_emulator,100,offload,0.41873897456843184,77.0835,55.8253,55.8253,57.5261,21.5601,167.274,167.274,280.3608,92.8973
779,cnn,nsson,jetson_emulator,100,local,0.4138381153364593,77.1329,54.9536,77.1329,78.9531,19.6657,167.274,167.274,288.4481,92.8044
780,cnn,nsson,jetson_emulator,100,local,0.43073076241143876,76.6772,54.9681,76.6772,79.3282,19.6912,167.274,167.274,288.6007,92.8331
781,cnn,nsson,jetson_emulator,100,offload,0.42994301801296003,77.5388,55.1137,55.1137,58.0562,21.6066,167.274,167.274,280.806,92.88
782,cnn,nsson,jetson_emulator,100,local,0.43037951143834735,76.7257,55.8683,76.7257,78.5393,19.6885,167.274,167.274,288.906,92.8727
783,cnn,nsson,jetson_emulator,100,offload,0.4301773036357262,76.8484,55.7757,55.7757,58.3618,21.5633,167.274,167.274,281.1028,92.8323
784,cnn,nsson,jetson_emulator,100,offload,0.4292237226367348,77.0278,55.2714,55.2714,57.5248,21.5963,167.274,167.274,281.2512,92.9464
785,cnn,nsson,jetson_emulator,100,offload,0.4224453339168393,77.5092,55.18,55.18,57.2914,21.6022,167.274,167.274,281.3996,92.8617
786,cnn,nsson,jetson_emulator,100,local,0.4206632884386833,76.9306,54.9962,76.9306,79.3004,19.677,167.274,167.274,289.5164,92.8635
787,cnn,nsson,jetson_emulator,100,offload,0.4287407200673029,77.1807,56.564,56.564,58.4677,21.5121,167.274,167.274,281.6965,92.8609
788,cnn,nsson,jetson_emulator,100,offload,0.4287252638440398,78.1753,55.0859,55.0859,57.6304,21.6084,167.274,167.274,281.8449,92.8366
789,cnn,nsson,jetson_emulator,100,offload,0.42596875061107914,77.8326,55.3228,55.3228,57.375,21.5929,167.274,167.274,281.9933,92.8629
790,cnn,nsson,jetson_emulator,100,local,0.424502707535909,77.9062,55.8949,77.9062,79.9943,19.6226,167.274,167.274,290.1268,92.8391
791,cnn,nsson,jetson_emulator,100,offload,0.43829478666126087,77.4034,55.6518,55.6518,58.4579,21.5714,167.274,167.274,282.2901,92.8636
792,cnn,nsson,jetson_emulator,100,local,0.4311813398832794,77.8874,55.3092,77.8874,79.9575,19.6237,167.274,167.274,290.4321,92.8859
793,cnn,nsson,jetson_emulator,100,offload,0.42974301748391835,77.5938,56.7933,56.7933,58.6916,21.4972,167.274,167.274,282.5869,92.8921
794,cnn,nsson,jetson_emulator,100,local,0.4272690446862875,78.0424,55.5461,78.0424,79.8811,19.615,167.274,167.274,290.7373,92.9218
795,cnn,nsson,jetson_emulator,100,offload,0.434832264245899,77.8682,56.2606,56.2606,57.9794,21.5318,167.274,167.274,282.8837,92.9022
796,cnn,nsson,jetson_emulator,100,local,0.440326379027678,77.6724,55.8962,77.6724,80.3624,19.6356,167.274,167.274,291.0425,92.8365
797,cnn,nsson,jetson_emulator,100,offload,0.44530808673260036,77.9073,57.1404,57.1404,58.9671,21.4747,167.274,167.274,283.1806,92.894
798,cnn,nsson,jetson_emulator,100,local,0.4566028476939082,77.986,56.6446,77.986,80.2596,19.6182,167.274,167.274,291.3477,92.9214
799,cnn,nsson,jetson_emulator,100,offload,0.4532131714868635,78.2521,56.8081,56.8081,58.9291,21.4963,167.274,167.274,283.4774,92.8615
800,cnn,nsson,jetson_emulator,100,offload,0.44584095029427423,78.1488,55.9764,55.9764,57.9845,21.5503,167.274,167.274,283.6258,92.9013
801,cnn,nsson,jetson_emulator,100,offload,0.4453748132107547,78.6903,56.084,56.084,58.4887,21.5433,167.274,167.274,283.7742,92.8362
802,cnn,nsson,jetson_emulator,100,local,0.44076607425720526,78.6796,56.9047,78.6796,81.1938,19.5797,167.274,167.274,291.9581,92.8541
803,cnn,nsson,jetson_emulator,100,offload,0.4472266185068026,78.9686,56.4149,56.4149,59.1138,21.5218,167.274,167.274,284.071,92.878
804,cnn,nsson,jetson_emulator,100,local,0.45311709047318954,78.5885,57.8497,78.5885,80.3229,19.5847,167.274,167.274,292.2634,92.9047
805,cnn,nsson,jetson_emulator,100,offload,0.45889984088580793,78.795,57.6369,57.6369,59.8284,21.4427,167.274,167.274,284.3678,92.7979
806,cnn,nsson,jetson_emulator,100,offload,0.4594455754569384,79.2981,56.6481,56.6481,59.4411,21.5066,167.274,167.274,284.5162,92.8134
807,cnn,nsson,jetson_emulator,100,offload,0.4714732552335092,79.9075,57.2044,57.2044,59.2714,21.4706,167.274,167.274,284.6646,92.8815
808,cnn,nsson,jetson_emulator,100,local,0.4728217618079357,79.2252,57.2948,79.2252,81.7142,19.5495,167.274,167.274,292.8738,92.7835
809,cnn,nsson,jetson_emulator,100,local,0.4704901521669844,79.1246,58.0221,79.1246,81.4362,19.5551,167.274,167.274,293.0264,92.8401
810,cnn,nsson,jetson_emulator,100,offload,0.4700792947808005,79.6265,56.7275,56.7275,58.9547,21.5015,167.274,167.274,285.1099,92.8401
811,cnn,nsson,jetson_emulator,100,local,0.47157167241096487,79.6394,57.6975,79.6394,82.2142,19.5267,167.274,167.274,293.3316,92.919
812,cnn,nsson,jetson_emulator,100,offload,0.4807024848089063,79.836,57.7229,57.7229,59.0192,21.4372,167.274,167.274,285.4067,92.9009
813,cnn,nsson,jetson_emulator,100,offload,0.4835369386991442,79.8503,56.936,56.936,58.7807,21.488,167.274,167.274,285.5551,92.8557
814,cnn,nsson,jetson_emulator,100,local,0.4794007986584685,80.5644,57.7329,80.5644,83.0518,19.4759,167.274,167.274,293.7895,92.8877
815,cnn,nsson,jetson_emulator,100,offload,0.4793910233562582,80.1072,57.79,57.79,60.0346,21.4328,167.274,167.274,285.8519,92.8489
816,cnn,nsson,jetson_emulator,100,local,0.4689608173951982,80.1388,57.8331,80.1388,81.967,19.4993,167.274,167.274,294.0947,92.9222
817,cnn,nsson,jetson_emulator,100,local,0.47100923916171844,80.3788,58.0518,80.3788,83.3481,19.4861,167.274,167.274,294.2473,92.9051
818,cnn,nsson,jetson_emulator,100,offload,0.470867124978694,80.1681,57.8957,57.8957,58.8521,21.426,167.274,167.274,286.2971,92.8202
819,cnn,nsson,jetson_emulator,100,offload,0.47161059821934453,80.5242,57.7641,57.7641,60.2208,21.4345,167.274,167.274,286.4455,92.8393
820,cnn,nsson,jetson_emulator,100,local,0.4687074405858856,80.9441,58.987,80.9441,83.5163,19.4551,167.274,167.274,294.7051,92.9277
821,cnn,nsson,jetson_emulator,100,offload,0.45899251944053193,81.4552,58.5099,58.5099,60.1035,21.3866,167.274,167.274,286.7424,92.8767
822,cnn,nsson,jetson_emulator,100,offload,0.47471782477291563,81.0795,58.8707,58.8707,61.4484,21.3635,167.274,167.274,286.8908,92.9908
823,cnn,nsson,jetson_emulator,100,local,0.4755288993737637,81.6027,58.2663,81.6027,82.6903,19.4192,167.274,167.274,295.1629,92.793
824,cnn,nsson,jetson_emulator,100,offload,0.46672372224490827,81.0668,58.8486,58.8486,61.5242,21.3649,167.274,167.274,287.1876,92.8274
825,cnn,nsson,jetson_emulator,100,offload,0.46077429688622384,81.5089,58.4477,58.4477,60.6775,21.3906,167.274,167.274,287.336,92.8354
826,cnn,nsson,jetson_emulator,100,local,0.470533333953966,81.9844,59.7691,81.9844,83.8069,19.3985,167.274,167.274,295.6208,92.8817
827,cnn,nsson,jetson_emulator,100,offload,0.4693895093022258,82.744,59.2935,59.2935,62.1354,21.3365,167.274,167.274,287.6328,92.9378
828,cnn,nsson,jetson_emulator,100,local,0.4699868957739163,82.3125,58.9255,82.3125,85.4443,19.3807,167.274,167.274,295.926,92.8603
829,cnn,nsson,jetson_emulator,100,offload,0.46519295436995,81.8888,58.7957,58.7957,60.2245,21.3683,167.274,167.274,287.9296,92.8591
830,cnn,nsson,jetson_emulator,100,offload,0.4607686378680958,81.8829,59.9078,59.9078,62.9022,21.2973,167.274,167.274,288.078,92.9088
831,cnn,nsson,jetson_emulator,100,offload,0.46185865720130465,82.8926,59.0713,59.0713,61.6784,21.3506,167.274,167.274,288.2265,92.887
832,cnn,nsson,jetson_emulator,100,offload,0.4638230805357947,82.7415,58.8948,58.8948,61.5581,21.3619,167.274,167.274,288.3749,92.7768
833,cnn,nsson,jetson_emulator,100,offload,0.4643282017670462,83.0306,59.2103,59.2103,62.3471,21.3418,167.274,167.274,288.5233,92.7864
834,cnn,nsson,jetson_emulator,100,local,0.47213790826702695,82.6319,59.6039,82.6319,84.2969,19.3633,167.274,167.274,296.8416,92.8861
835,cnn,nsson,jetson_emulator,100,offload,0.47043172138740436,83.0718,60.0805,60.0805,62.7367,21.2863,167.274,167.274,288.8201,92.8319
836,cnn,nsson,jetson_emulator,100,local,0.4757103566595327,83.1931,59.2767,83.1931,85.4948,19.333,167.274,167.274,297.1469,92.8289
837,cnn,nsson,jetson_emulator,100,offload,0.4819297079006581,82.9901,59.6442,59.6442,62.6382,21.3141,167.274,167.274,289.1169,92.7744
838,cnn,nsson,jetson_emulator,100,offload,0.48186759958195496,83.4194,59.6957,59.6957,62.5698,21.3108,167.274,167.274,289.2653,92.927
839,cnn,nsson,jetson_emulator,100,offload,0.476309845431789,83.7939,60.0402,60.0402,61.0749,21.2889,167.274,167.274,289.4137,92.8959
840,cnn,nsson,jetson_emulator,100,local,0.47942993073817725,84.1346,60.9121,84.1346,86.065,19.2823,167.274,167.274,297.7573,92.865
841,cnn,nsson,jetson_emulator,100,offload,0.482869194529277,84.0698,60.7162,60.7162,63.0267,21.246,167.274,167.274,289.7105,92.9412
842,cnn,nsson,jetson_emulator,100,local,0.47679560561535567,84.6121,60.4183,84.6121,86.6294,19.2567,167.274,167.274,298.0625,92.9191
843,cnn,nsson,jetson_emulator,100,local,0.4844444432241592,84.082,61.082,84.082,85.5537,19.2852,167.274,167.274,298.2151,92.7986
844,cnn,nsson,jetson_emulator,100,offload,0.4828033134327343,84.7005,60.5672,60.5672,62.2721,21.2555,167.274,167.274,290.1558,92.9197
845,cnn,nsson,jetson_emulator,100,local,0.4675502666324727,84.5618,61.1651,84.5618,86.7989,19.2594,167.274,167.274,298.5203,92.6867
846,cnn,nsson,jetson_emulator,100,offload,0.4651331000968284,85.0578,61.5248,61.5248,63.8137,21.195,167.274,167.274,290.4526,92.8232
847,cnn,nsson,jetson_emulator,100,local,0.46533905937063147,85.4159,60.9617,85.4159,87.5392,19.2138,167.274,167.274,298.8256,92.8306
848,cnn,nsson,jetson_emulator,100,local,0.46179607433212777,85.2662,61.3757,85.2662,87.6808,19.2218,167.274,167.274,298.9782,92.8485
849,cnn,nsson,jetson_emulator,100,offload,0.4625883829949874,85.1629,61.5659,61.5659,63.85,21.1924,167.274,167.274,290.8978,92.8944
850,cnn,nsson,jetson_emulator,100,local,0.4597851509642373,85.6169,61.3141,85.6169,87.4035,19.2031,167.274,167.274,299.2834,92.7967
851,cnn,nsson,jetson_emulator,100,local,0.4576704246288395,85.846,61.7,85.846,88.8142,19.1909,167.274,167.274,299.436,92.8801
852,cnn,nsson,jetson_emulator,100,offload,0.4511249337752875,85.8934,61.7664,61.7664,64.1198,21.1798,167.274,167.274,291.343,92.886
853,cnn,nsson,jetson_emulator,100,local,0.44214626085324144,85.9861,61.497,85.9861,88.0836,19.1834,167.274,167.274,299.7412,92.9657
854,cnn,nsson,jetson_emulator,100,local,0.44198444880063387,85.9702,61.595,85.9702,88.2085,19.1843,167.274,167.274,299.8938,92.8747
855,cnn,nsson,jetson_emulator,100,offload,0.43896261144984794,85.9569,61.6444,61.6444,64.4203,21.1875,167.274,167.274,291.7883,92.8783
856,cnn,nsson,jetson_emulator,100,offload,0.4309367072498108,87.0234,62.6846,62.6846,64.7741,21.1222,167.274,167.274,291.9367,92.8857
857,cnn,nsson,jetson_emulator,100,local,0.4237960803380573,86.4471,62.0761,86.4471,88.5196,19.159,167.274,167.274,300.3516,92.8756
858,cnn,nsson,jetson_emulator,100,offload,0.41783909302855454,87.3876,62.7229,62.7229,65.3536,21.1198,167.274,167.274,292.2335,92.8616
859,cnn,nsson,jetson_emulator,100,offload,0.413131926170486,87.2653,62.9043,62.9043,64.6107,21.1085,167.274,167.274,292.3819,92.9087
860,cnn,nsson,jetson_emulator,100,offload,0.40545164582665055,87.7985,62.5737,62.5737,64.9682,21.1292,167.274,167.274,292.5303,92.8256
861,cnn,nsson,jetson_emulator,100,offload,0.39898914341812447,87.7355,62.4504,62.4504,64.8453,21.1369,167.274,167.274,292.6787,92.8668
862,cnn,nsson,jetson_emulator,100,offload,0.39889804980237736,87.1778,62.3855,62.3855,64.9284,21.1409,167.274,167.274,292.8271,92.8397
863,cnn,nsson,jetson_emulator,100,offload,0.39183776125866526,87.495,63.6128,63.6128,65.9173,21.0643,167.274,167.274,292.9755,92.8533
864,cnn,nsson,jetson_emulator,100,offload,0.38930123892577007,88.1819,62.826,62.826,65.3069,21.1134,167.274,167.274,293.1239,92.8209
865,cnn,nsson,jetson_emulator,100,local,0.38380539743623615,88.7629,63.5511,88.7629,90.9125,19.037,167.274,167.274,301.5725,92.8276
866,cnn,nsson,jetson_emulator,100,local,0.3837623801756066,87.9238,63.0913,87.9238,89.8288,19.081,167.274,167.274,301.7251,92.857
867,cnn,nsson,jetson_emulator,100,offload,0.3871761130032252,88.5425,63.027,63.027,65.7997,21.1008,167.274,167.274,293.5692,92.7806
868,cnn,nsson,jetson_emulator,100,offload,0.38,89.233,63.5428,63.5428,66.0745,21.0687,167.274,167.274,293.7176,92.8147
869,cnn,nsson,jetson_emulator,100,local,0.38,88.4923,63.4283,88.4923,90.8543,19.0512,167.274,167.274,302.183,92.8985
870,cnn,nsson,jetson_emulator,100,local,0.38003169878607607,89.795,64.4078,89.795,92.5346,18.9832,167.274,167.274,302.3356,92.9125
871,cnn,nsson,jetson_emulator,100,offload,0.38657314496487505,89.6721,63.4177,63.4177,65.8458,21.0765,167.274,167.274,294.1628,92.8163
872,cnn,nsson,jetson_emulator,100,offload,0.3809444038607904,88.8808,63.7921,63.7921,66.4564,21.0532,167.274,167.274,294.3112,92.8786
873,cnn,nsson,jetson_emulator,100,offload,0.38,90.1062,63.8557,63.8557,66.5064,21.0492,167.274,167.274,294.4596,92.8117
874,cnn,nsson,jetson_emulator,100,local,0.38453744118402494,89.5318,63.814,89.5318,91.7459,18.9969,167.274,167.274,302.946,92.8191
875,cnn,nsson,jetson_emulator,100,offload,0.38,89.9467,64.0571,64.0571,66.1942,21.0367,167.274,167.274,294.7564,92.9237
876,cnn,nsson,jetson_emulator,100,offload,0.38,90.2515,64.0857,64.0857,66.9621,21.035,167.274,167.274,294.9049,92.8925
877,cnn,nsson,jetson_emulator,100,offload,0.38,89.8849,64.7354,64.7354,66.2195,20.9947,167.274,167.274,295.0533,92.8885
878,cnn,nsson,jetson_emulator,100,offload,0.38346635799314643,89.9256,65.5859,65.5859,68.1283,20.9423,167.274,167.274,295.2017,92.8425
879,cnn,nsson,jetson_emulator,100,local,0.39154384073132786,90.0492,66.1814,90.0492,92.4517,18.97,167.274,167.274,303.709,92.7824
880,cnn,nsson,jetson_emulator,100,local,0.3847424467303073,90.2914,64.401,90.2914,92.1778,18.9574,167.274,167.274,303.8617,92.8478
881,cnn,nsson,jetson_emulator,100,local,0.38,90.2673,65.051,90.2673,93.4892,18.9586,167.274,167.274,304.0143,92.7623
882,cnn,nsson,jetson_emulator,100,local,0.3898002899344068,90.63,65.3716,90.63,92.5113,18.9398,167.274,167.274,304.1669,92.9124
883,cnn,nsson,jetson_emulator,100,offload,0.3887613362002158,91.333,64.9511,64.9511,66.5941,20.9814,167.274,167.274,295.9437,93.0218
884,cnn,nsson,jetson_emulator,100,local,0.3872407230189666,91.2882,64.8992,91.2882,93.4737,18.9058,167.274,167.274,304.4721,92.8439
885,cnn,nsson,jetson_emulator,100,local,0.393278260953546,91.6875,64.9567,91.6875,93.9558,18.8852,167.274,167.274,304.6247,92.8943
886,cnn,nsson,jetson_emulator,100,local,0.389729072901314,91.4962,65.6052,91.4962,93.6913,18.8951,167.274,167.274,304.7773,92.8699
887,cnn,nsson,jetson_emulator,100,local,0.3988140961426158,91.5419,65.2795,91.5419,93.8766,18.8927,167.274,167.274,304.9299,92.8109
888,cnn,nsson,jetson_emulator,100,local,0.3970677728758415,91.3323,65.4665,91.3323,93.4045,18.9035,167.274,167.274,305.0825,92.8389
889,cnn,nsson,jetson_emulator,100,offload,0.3916443372519023,91.5131,65.6526,65.6526,67.8827,20.9382,167.274,167.274,296.8342,92.9714
890,cnn,nsson,jetson_emulator,100,offload,0.38373224536679507,91.8846,65.7677,65.7677,67.0461,20.9311,167.274,167.274,296.9826,92.8122
891,cnn,nsson,jetson_emulator,100,local,0.3839497347763813,93.0661,65.8914,93.0661,94.7374,18.8145,167.274,167.274,305.5404,92.8604
892,cnn,nsson,jetson_emulator,100,offload,0.38087699322722574,92.2047,65.5923,65.5923,67.4479,20.9419,167.274,167.274,297.2794,92.9128
893,cnn,nsson,jetson_emulator,100,offload,0.3857176293287748,92.6631,67.0514,67.0514,68.4405,20.8526,167.274,167.274,297.4278,92.9092
894,cnn,nsson,jetson_emulator,100,offload,0.385981110674427,92.3027,66.4582,66.4582,68.4652,20.8888,167.274,167.274,297.5762,92.8583
895,cnn,nsson,jetson_emulator,100,offload,0.38761745358356986,92.5755,65.9613,65.9613,67.1847,20.9193,167.274,167.274,297.7246,92.9304
896,cnn,nsson,jetson_emulator,100,offload,0.38,93.4125,67.2772,67.2772,69.9082,20.8388,167.274,167.274,297.873,92.7237
897,cnn,nsson,jetson_emulator,100,local,0.38983906904480287,92.7163,66.1976,92.7163,94.8325,18.8324,167.274,167.274,306.456,92.9182
898,cnn,nsson,jetson_emulator,100,local,0.39650922281552203,92.7716,66.328,92.7716,94.7346,18.8295,167.274,167.274,306.6086,92.8565
899,cnn,nsson,jetson_emulator,100,offload,0.4024566625450593,93.1566,68.2481,68.2481,69.8988,20.7799,167.274,167.274,298.3183,92.9414
900,cnn,nsson,jetson_emulator,100,offload,0.4084236173311227,93.363,67.2229,67.2229,69.5392,20.8421,167.274,167.274,298.4667,92.9013
901,cnn,nsson,jetson_emulator,100,offload,0.4124074728442936,92.8928,67.0503,67.0503,68.9224,20.8527,167.274,167.274,298.6151,92.8591
902,cnn,nsson,jetson_emulator,100,local,0.4154285925754893,93.5837,67.9849,93.5837,95.394,18.7881,167.274,167.274,307.2191,92.9331
903,cnn,nsson,jetson_emulator,100,local,0.4167471847037345,94.3206,67.5185,94.3206,96.6326,18.7506,167.274,167.274,307.3717,92.8435
904,cnn,nsson,jetson_emulator,100,local,0.432318672346174,93.5612,66.8992,93.5612,95.4112,18.7892,167.274,167.274,307.5243,92.8242
905,cnn,nsson,jetson_emulator,100,local,0.42778150190688574,93.4746,67.4757,93.4746,95.7574,18.7936,167.274,167.274,307.6769,92.7967
906,cnn,nsson,jetson_emulator,100,local,0.4275134271501036,93.9792,67.0131,93.9792,96.4295,18.7679,167.274,167.274,307.8295,92.8683
907,cnn,nsson,jetson_emulator,100,offload,0.4254036064370818,94.0848,67.1271,67.1271,67.8928,20.848,167.274,167.274,299.5055,92.9648
908,cnn,nsson,jetson_emulator,100,offload,0.4180517686537554,95.1758,67.059,67.059,69.0658,20.8521,167.274,167.274,299.6539,92.8693
909,cnn,nsson,jetson_emulator,100,offload,0.4158649215673049,94.2437,67.5818,67.5818,69.8354,20.8203,167.274,167.274,299.8023,92.8833
910,cnn,nsson,jetson_emulator,100,local,0.41465595134261996,94.3017,68.5413,94.3017,95.9147,18.7515,167.274,167.274,308.4399,92.9378
911,cnn,nsson,jetson_emulator,100,offload,0.42135469389188696,94.0331,67.2219,67.2219,69.9338,20.8422,167.274,167.274,300.0992,92.8566
912,cnn,nsson,jetson_emulator,100,offload,0.42046776046113443,94.3221,67.5004,67.5004,69.8785,20.8253,167.274,167.274,300.2476,92.8416
913,cnn,nsson,jetson_emulator,100,offload,0.4166907080592266,94.4909,68.026,68.026,70.9977,20.7934,167.274,167.274,300.396,92.8037
914,cnn,nsson,jetson_emulator,100,local,0.41840119298029405,95.1092,67.8156,95.1092,98.1776,18.7106,167.274,167.274,309.0504,92.837
915,cnn,nsson,jetson_emulator,100,local,0.42243471541075994,94.3323,68.5722,94.3323,96.8517,18.75,167.274,167.274,309.203,92.9226
916,cnn,nsson,jetson_emulator,100,offload,0.4354266858347385,94.895,67.5159,67.5159,69.7602,20.8243,167.274,167.274,300.8412,92.891
917,cnn,nsson,jetson_emulator,100,offload,0.4345914236657766,94.8139,67.9859,67.9859,69.7811,20.7958,167.274,167.274,300.9896,92.8551
918,cnn,nsson,jetson_emulator,100,offload,0.4223689925844999,95.0323,67.6327,67.6327,69.1265,20.8172,167.274,167.274,301.138,92.8704
919,cnn,nsson,jetson_emulator,100,offload,0.4180080677691891,94.7983,68.4413,68.4413,70.8425,20.7682,167.274,167.274,301.2864,92.8834
920,cnn,nsson,jetson_emulator,100,offload,0.4344936782235781,94.8517,67.9368,67.9368,70.3021,20.7988,167.274,167.274,301.4348,92.8121
921,cnn,nsson,jetson_emulator,100,offload,0.43733740799042903,95.1842,68.0424,68.0424,70.2779,20.7924,167.274,167.274,301.5832,92.7851
922,cnn,nsson,jetson_emulator,100,offload,0.43291887842012794,95.6833,68.2713,68.2713,69.8128,20.7785,167.274,167.274,301.7317,92.8496
923,cnn,nsson,jetson_emulator,100,offload,0.4319009032776487,95.1646,69.0048,69.0048,71.73,20.7342,167.274,167.274,301.8801,92.862
924,cnn,nsson,jetson_emulator,100,offload,0.4318368451745913,95.6673,69.0358,69.0358,71.3718,20.7323,167.274,167.274,302.0285,92.8212
925,cnn,nsson,jetson_emulator,100,offload,0.4291048476047558,95.3566,68.5783,68.5783,71.1912,20.7599,167.274,167.274,302.1769,92.851
926,cnn,nsson,jetson_emulator,100,offload,0.4320073914416035,95.1129,67.981,67.981,69.9768,20.7961,167.274,167.274,302.3253,92.9075
927,cnn,nsson,jetson_emulator,100,local,0.4304998569045128,95.2568,68.1331,95.2568,97.2205,18.7032,167.274,167.274,311.0343,92.8187
928,cnn,nsson,jetson_emulator,100,offload,0.43691852734746184,95.323,68.0838,68.0838,69.9429,20.7899,167.274,167.274,302.6221,92.8237
929,cnn,nsson,jetson_emulator,100,offload,0.44116811360582714,96.3766,68.5228,68.5228,70.2812,20.7633,167.274,167.274,302.7705,92.8668
930,cnn,nsson,jetson_emulator,100,offload,0.4316140345754687,95.647,69.0686,69.0686,72.0251,20.7304,167.274,167.274,302.9189,92.8882
931,cnn,nsson,jetson_emulator,100,offload,0.43984755341761544,95.5646,68.3359,68.3359,71.2451,20.7746,167.274,167.274,303.0673,92.9261
932,cnn,nsson,jetson_emulator,100,offload,0.4504084855520146,95.8624,69.5606,69.5606,71.5211,20.7008,167.274,167.274,303.2157,92.7929
933,cnn,nsson,jetson_emulator,100,offload,0.44227725185998884,96.7461,68.2828,68.2828,70.7407,20.7778,167.274,167.274,303.3642,92.8823
934,cnn,nsson,jetson_emulator,100,offload,0.4390413673583675,95.5003,68.3879,68.3879,70.5234,20.7714,167.274,167.274,303.5126,92.8843
935,cnn,nsson,jetson_emulator,100,local,0.4352047469710606,95.9421,69.1042,95.9421,98.138,18.6686,167.274,167.274,312.2552,92.9345
936,cnn,nsson,jetson_emulator,100,offload,0.43777299918417173,95.6803,69.0591,69.0591,70.9163,20.7309,167.274,167.274,303.8094,92.8817
937,cnn,nsson,jetson_emulator,100,offload,0.441966263300461,95.6709,69.0961,69.0961,70.8888,20.7287,167.274,167.274,303.9578,92.8677
938,cnn,nsson,jetson_emulator,100,local,0.44933666199242356,96.2839,69.196,96.2839,98.7684,18.6514,167.274,167.274,312.713,92.9163
939,cnn,nsson,jetson_emulator,100,offload,0.448429137177475,95.8025,68.8451,68.8451,71.1883,20.7438,167.274,167.274,304.2546,93.0007
940,cnn,nsson,jetson_emulator,100,offload,0.4488076691381446,96.2042,68.7653,68.7653,70.5333,20.7486,167.274,167.274,304.403,92.8547
941,cnn,nsson,jetson_emulator,100,local,0.4533336444955423,96.8061,68.5627,96.8061,99.2326,18.6253,167.274,167.274,313.1708,92.9286
942,cnn,nsson,jetson_emulator,100,offload,0.44564976315656146,96.2695,68.8223,68.8223,71.1365,20.7452,167.274,167.274,304.6998,92.8712
943,cnn,nsson,jetson_emulator,100,offload,0.4518453198950969,96.639,69.5387,69.5387,71.3337,20.7021,167.274,167.274,304.8482,92.832
944,cnn,nsson,jetson_emulator,100,offload,0.45661610573327227,95.8938,69.3124,69.3124,71.5281,20.7157,167.274,167.274,304.9967,92.8563
945,cnn,nsson,jetson_emulator,100,offload,0.45328793144607965,95.8679,68.9888,68.9888,71.4877,20.7352,167.274,167.274,305.1451,92.8891
946,cnn,nsson,jetson_emulator,100,local,0.4487550131608269,96.5896,68.5605,96.5896,98.3789,18.6361,167.274,167.274,313.9339,92.7973
947,cnn,nsson,jetson_emulator,100,offload,0.45672071224799565,96.2801,68.717,68.717,71.1075,20.7516,167.274,167.274,305.4419,92.9003
948,cnn,nsson,jetson_emulator,100,offload,0.4601072588178545,96.3306,68.9341,68.9341,71.4111,20.7385,167.274,167.274,305.5903,92.9526
949,cnn,nsson,jetson_emulator,100,offload,0.46460511151080947,96.096,68.7351,68.7351,70.9975,20.7505,167.274,167.274,305.7387,92.8083
950,cnn,nsson,jetson_emulator,100,offload,0.4708978302370773,95.901,69.0303,69.0303,71.4057,20.7327,167.274,167.274,305.8871,92.8766
951,cnn,nsson,jetson_emulator,100,offload,0.4696794882329167,96.2457,70.5505,70.5505,72.0403,20.6415,167.274,167.274,306.0355,92.8458
952,cnn,nsson,jetson_emulator,100,offload,0.4770855679395868,96.4297,68.5916,68.5916,70.9494,20.7591,167.274,167.274,306.1839,92.7282
953,cnn,nsson,jetson_emulator,100,offload,0.47636883879275155,96.5645,70.3627,70.3627,73.1261,20.6527,167.274,167.274,306.3323,92.9296
954,cnn,nsson,jetson_emulator,100,local,0.4832344665496706,96.139,68.9356,96.139,98.6326,18.6587,167.274,167.274,315.1547,92.8504
955,cnn,nsson,jetson_emulator,100,offload,0.47764049782425233,97.3219,69.7582,69.7582,72.1352,20.6889,167.274,167.274,306.6291,92.9427
956,cnn,nsson,jetson_emulator,100,offload,0.48133869156319703,96.4423,69.0144,69.0144,71.0795,20.7336,167.274,167.274,306.7776,92.8878
957,cnn,nsson,jetson_emulator,100,local,0.4809039269939044,96.1907,68.949,96.1907,98.6959,18.6561,167.274,167.274,315.6126,92.8677
958,cnn,nsson,jetson_emulator,100,local,0.4935320739339715,96.0118,69.7901,96.0118,99.0224,18.6651,167.274,167.274,315.7652,92.8593
959,cnn,nsson,jetson_emulator,100,local,0.48543037518208987,96.7491,69.0212,96.7491,99.1511,18.6281,167.274,167.274,315.9178,92.8589
960,cnn,nsson,jetson_emulator,100,local,0.4717958253304067,96.5218,69.1755,96.5218,99.7671,18.6395,167.274,167.274,316.0704,92.945
961,cnn,nsson,jetson_emulator,100,local,0.47280559108716863,96.8845,68.9378,96.8845,98.3807,18.6213,167.274,167.274,316.223,92.8616
962,cnn,nsson,jetson_emulator,100,local,0.48562111819664505,96.4364,68.7787,96.4364,98.2213,18.6438,167.274,167.274,316.3756,92.8304
963,cnn,nsson,jetson_emulator,100,local,0.4900662883101341,95.9706,68.773,95.9706,98.5289,18.6672,167.274,167.274,316.5282,92.8437
964,cnn,nsson,jetson_emulator,100,offload,0.4908617690806333,96.0098,68.7446,68.7446,70.4825,20.7499,167.274,167.274,307.9648,92.8665
965,cnn,nsson,jetson_emulator,100,local,0.4937049715685373,95.8893,69.3258,95.8893,96.9942,18.6713,167.274,167.274,316.8334,92.7587
966,cnn,nsson,jetson_emulator,100,local,0.48650311388607065,96.5637,69.1664,96.5637,98.4078,18.6374,167.274,167.274,316.986,92.8963
967,cnn,nsson,jetson_emulator,100,offload,0.47751685821761053,96.4453,69.6662,69.6662,72.1389,20.6944,167.274,167.274,308.4101,92.8136
968,cnn,nsson,jetson_emulator,100,local,0.47542519987133713,96.564,68.556,96.564,99.8788,18.6374,167.274,167.274,317.2913,92.9344
969,cnn,nsson,jetson_emulator,100,local,0.48257142935832165,95.9395,68.9647,95.9395,98.6011,18.6688,167.274,167.274,317.4439,92.8714
970,cnn,nsson,jetson_emulator,100,local,0.47250218061823435,96.3817,68.9703,96.3817,97.9098,18.6465,167.274,167.274,317.5965,92.9112
971,cnn,nsson,jetson_emulator,100,offload,0.4705538606236736,95.7729,69.7048,69.7048,71.5343,20.6921,167.274,167.274,309.0037,92.7936
972,cnn,nsson,jetson_emulator,100,offload,0.4726205040940241,96.0412,71.1991,71.1991,73.5107,20.6028,167.274,167.274,309.1521,92.7535
973,cnn,nsson,jetson_emulator,100,offload,0.4679800989807254,96.886,68.4585,68.4585,70.5276,20.7672,167.274,167.274,309.3005,92.8628
974,cnn,nsson,jetson_emulator,100,local,0.4702093534829219,96.6214,68.4512,96.6214,98.7721,18.6345,167.274,167.274,318.2069,92.9265
975,cnn,nsson,jetson_emulator,100,offload,0.4778308495519604,95.8677,68.563,68.563,71.6357,20.7609,167.274,167.274,309.5973,92.867
976,cnn,nsson,jetson_emulator,100,offload,0.4696284320371149,96.0469,68.3857,68.3857,70.7778,20.7716,167.274,167.274,309.7457,92.8682
977,cnn,nsson,jetson_emulator,100,offload,0.4748400020595389,95.7799,68.555,68.555,70.8799,20.7613,167.274,167.274,309.8941,92.8478
978,cnn,nsson,jetson_emulator,100,offload,0.47701073772653924,95.5983,69.3399,69.3399,70.8899,20.714,167.274,167.274,310.0426,92.8138
979,cnn,nsson,jetson_emulator,100,offload,0.48067255713680507,95.7293,69.4258,69.4258,72.7046,20.7089,167.274,167.274,310.191,92.908
980,cnn,nsson,jetson_emulator,100,local,0.47474232605642247,95.7462,69.9034,95.7462,97.5011,18.6785,167.274,167.274,319.1226,92.8481
981,cnn,nsson,jetson_emulator,100,offload,0.4727270680187315,95.4945,68.3292,68.3292,70.7536,20.775,167.274,167.274,310.4878,92.9021
982,cnn,nsson,jetson_emulator,100,local,0.4858880920839125,95.7943,68.3691,95.7943,97.9077,18.6761,167.274,167.274,319.4278,92.945
983,cnn,nsson,jetson_emulator,100,offload,0.4967816199199658,95.459,69.4834,69.4834,71.2969,20.7054,167.274,167.274,310.7846,92.8208
984,cnn,nsson,jetson_emulator,100,offload,0.5018425995657403,95.9991,68.5631,68.5631,70.6213,20.7609,167.274,167.274,310.933,92.8959
985,cnn,nsson,jetson_emulator,100,local,0.5070467188618586,95.9909,69.0394,95.9909,98.1804,18.6662,167.274,167.274,319.8856,92.8135
986,cnn,nsson,jetson_emulator,100,local,0.5030714011175164,95.6072,68.7368,95.6072,97.0247,18.6855,167.274,167.274,320.0382,92.9101
987,cnn,nsson,jetson_emulator,100,offload,0.5038030339550916,96.1178,69.5644,69.5644,71.6898,20.7005,167.274,167.274,311.3782,92.8301
988,cnn,nsson,jetson_emulator,100,local,0.4936216758880321,95.3236,69.1642,95.3236,98.002,18.6998,167.274,167.274,320.3434,92.8704
989,cnn,nsson,jetson_emulator,100,offload,0.5020875940997744,95.9022,68.3765,68.3765,70.3318,20.7721,167.274,167.274,311.6751,92.8804
990,cnn,nsson,jetson_emulator,100,local,0.5080523922238103,94.9162,69.2059,94.9162,96.3183,18.7204,167.274,167.274,320.6487,92.9079
991,cnn,nsson,jetson_emulator,100,offload,0.49931292832717733,95.0422,69.288,69.288,72.2007,20.7171,167.274,167.274,311.9719,92.9133
992,cnn,nsson,jetson_emulator,100,offload,0.49356342132333697,94.9185,67.8476,67.8476,70.332,20.8042,167.274,167.274,312.1203,92.9361
993,cnn,nsson,jetson_emulator,100,offload,0.48594502945664336,94.9633,68.3985,68.3985,71.1074,20.7708,167.274,167.274,312.2687,92.9061
994,cnn,nsson,jetson_emulator,100,offload,0.4835228121343011,94.7597,68.1496,68.1496,70.7928,20.7859,167.274,167.274,312.4171,92.8302
995,cnn,nsson,jetson_emulator,100,offload,0.47573666852292884,95.335,68.7482,68.7482,71.2356,20.7497,167.274,167.274,312.5655,92.8736
996,cnn,nsson,jetson_emulator,100,offload,0.48073250408896884,95.4867,68.0467,68.0467,70.48,20.7921,167.274,167.274,312.7139,92.8419
997,cnn,nsson,jetson_emulator,100,local,0.478884357822269,95.0423,68.337,95.0423,97.3866,18.714,167.274,167.274,321.7169,92.8716
998,cnn,nsson,jetson_emulator,100,local,0.4865015001434597,94.7338,67.8733,94.7338,96.8558,18.7296,167.274,167.274,321.8695,92.848
999,cnn,nsson,jetson_emulator,100,offload,0.48556747556033014,94.9257,68.4746,68.4746,71.4012,20.7662,167.274,167.274,313.1591,92.8438
1000,cnn,nsson,jetson_emulator,100,local,0.4969473135305196,94.727,67.8028,94.727,96.6026,18.73,167.274,167.274,322.1747,92.8939
1001,cnn,nsson,jetson_emulator,100,offload,0.4905999522132455,94.5273,67.757,67.757,70.0357,20.8097,167.274,167.274,313.456,92.9383
1002,cnn,nsson,jetson_emulator,100,local,0.49406923064332464,95.0761,68.2252,95.0761,97.5791,18.7123,167.274,167.274,322.48,92.8901
1003,cnn,nsson,jetson_emulator,100,offload,0.49265413875523406,94.8637,68.2116,68.2116,69.5718,20.7821,167.274,167.274,313.7528,92.8248
1004,cnn,nsson,jetson_emulator,100,offload,0.4945647233298202,95.2769,67.9955,67.9955,69.6385,20.7952,167.274,167.274,313.9012,92.772
1005,cnn,nsson,jetson_emulator,100,offload,0.4876366873786005,94.4799,67.6402,67.6402,70.167,20.8168,167.274,167.274,314.0496,92.9029
1006,cnn,nsson,jetson_emulator,100,offload,0.4946901287727263,94.3667,69.1223,69.1223,71.6413,20.7271,167.274,167.274,314.198,92.8363
1007,cnn,nsson,jetson_emulator,100,local,0.5011167873853235,94.6234,67.5213,94.6234,96.2663,18.7352,167.274,167.274,323.243,92.786
1008,cnn,nsson,jetson_emulator,100,local,0.5117948306193062,95.4587,68.3054,95.4587,97.8151,18.693,167.274,167.274,323.3956,92.8765
1009,cnn,nsson,jetson_emulator,100,offload,0.5191133420245698,94.7698,67.6274,67.6274,70.5037,20.8175,167.274,167.274,314.6432,92.866
1010,cnn,nsson,jetson_emulator,100,local,0.5147623584157401,95.0547,67.5562,95.0547,96.3799,18.7134,167.274,167.274,323.7008,92.801
1011,cnn,nsson,jetson_emulator,100,local,0.519396070260525,94.0952,67.2801,94.0952,96.0301,18.762,167.274,167.274,323.8534,92.8565
1012,cnn,nsson,jetson_emulator,100,offload,0.5187993790930827,93.9742,67.7798,67.7798,70.5746,20.8083,167.274,167.274,315.0885,92.8612
1013,cnn,nsson,jetson_emulator,100,local,0.5286752467009137,94.4634,67.2453,94.4634,96.5677,18.7433,167.274,167.274,324.1587,93.004
1014,cnn,nsson,jetson_emulator,100,local,0.5416381617491152,94.1499,67.268,94.1499,95.86,18.7593,167.274,167.274,324.3113,92.8311
1015,cnn,nsson,jetson_emulator,100,offload,0.5404219164727816,94.6504,67.3615,67.3615,69.3272,20.8337,167.274,167.274,315.5337,92.929
1016,cnn,nsson,jetson_emulator,100,local,0.5406016501698111,94.0249,67.8856,94.0249,96.112,18.7656,167.274,167.274,324.6165,92.9282
1017,cnn,nsson,jetson_emulator,100,offload,0.5418090318078067,93.896,67.0998,67.0998,69.8207,20.8496,167.274,167.274,315.8305,92.826
1018,cnn,nsson,jetson_emulator,100,local,0.5422733108726243,93.8164,67.8563,93.8164,96.0747,18.7762,167.274,167.274,324.9217,92.7639
1019,cnn,nsson,jetson_emulator,100,offload,0.5414681356642872,93.5767,67.0633,67.0633,69.2008,20.8519,167.274,167.274,316.1273,92.8883
1020,cnn,nsson,jetson_emulator,100,offload,0.5417097854675059,93.956,68.6174,68.6174,70.8462,20.7576,167.274,167.274,316.2757,92.8834
1021,cnn,nsson,jetson_emulator,100,local,0.5336330666190785,93.9242,68.5721,93.9242,95.9576,18.7707,167.274,167.274,325.3795,92.886
1022,cnn,nsson,jetson_emulator,100,offload,0.5431578099594091,93.8932,67.0566,67.0566,70.0267,20.8523,167.274,167.274,316.5725,92.8421
1023,cnn,nsson,jetson_emulator,100,offload,0.5463335791406126,94.0586,67.7501,67.7501,69.1735,20.8101,167.274,167.274,316.721,92.9643
1024,cnn,nsson,jetson_emulator,100,offload,0.5506139782718632,93.8144,67.0303,67.0303,69.2635,20.8539,167.274,167.274,316.8694,92.9085
1025,cnn,nsson,jetson_emulator,100,offload,0.5456083396607608,93.9383,67.5683,67.5683,69.412,20.8211,167.274,167.274,317.0178,92.8819
1026,cnn,nsson,jetson_emulator,100,offload,0.5446566360623136,93.3402,67.6534,67.6534,69.9812,20.816,167.274,167.274,317.1662,92.9094
1027,cnn,nsson,jetson_emulator,100,local,0.545825603620808,94.6613,66.9119,94.6613,96.7748,18.7333,167.274,167.274,326.2952,92.8151
1028,cnn,nsson,jetson_emulator,100,offload,0.5520511617954716,93.3734,67.8263,67.8263,69.5905,20.8055,167.274,167.274,317.463,92.8857
1029,cnn,nsson,jetson_emulator,100,offload,0.5611245317511819,93.2829,66.9977,66.9977,68.6287,20.8559,167.274,167.274,317.6114,92.8843
1030,cnn,nsson,jetson_emulator,100,offload,0.5547884059648674,93.3851,66.9683,66.9683,69.0648,20.8577,167.274,167.274,317.7598,92.8743
1031,cnn,nsson,jetson_emulator,100,local,0.562635994292129,93.7477,67.1988,93.7477,95.8289,18.7797,167.274,167.274,326.9056,92.8538
1032,cnn,nsson,jetson_emulator,100,offload,0.5587564749619419,93.194,67.4053,67.4053,69.8168,20.831,167.274,167.274,318.0566,92.9397
1033,cnn,nsson,jetson_emulator,100,offload,0.5508604685091036,93.3655,66.8459,66.8459,68.8843,20.8651,167.274,167.274,318.205,92.9736
1034,cnn,nsson,jetson_emulator,100,local,0.5526421219025539,93.2619,66.8343,93.2619,94.8373,18.8045,167.274,167.274,327.3635,92.919
1035,cnn,nsson,jetson_emulator,100,offload,0.5531339917820476,93.6945,66.7364,66.7364,68.4953,20.8718,167.274,167.274,318.5019,92.962
1036,cnn,nsson,jetson_emulator,100,offload,0.5414827887576477,93.261,66.5438,66.5438,69.7156,20.8836,167.274,167.274,318.6503,92.8342
1037,cnn,nsson,jetson_emulator,100,offload,0.5327969893310306,93.3851,67.3439,67.3439,70.1369,20.8348,167.274,167.274,318.7987,92.8328
1038,cnn,nsson,jetson_emulator,100,offload,0.5298593400872754,93.2786,67.4181,67.4181,68.9841,20.8303,167.274,167.274,318.9471,92.8277
1039,cnn,nsson,jetson_emulator,100,offload,0.527732903045214,93.1295,67.0891,67.0891,69.8573,20.8503,167.274,167.274,319.0955,92.8578
1040,cnn,nsson,jetson_emulator,100,local,0.5341080241150444,93.2754,66.8971,93.2754,95.4542,18.8038,167.274,167.274,328.2791,92.9269
1041,cnn,nsson,jetson_emulator,100,offload,0.5386702599671628,93.0162,67.3901,67.3901,69.9166,20.832,167.274,167.274,319.3923,92.9538
1042,cnn,nsson,jetson_emulator,100,local,0.5455413427350405,93.1372,67.2834,93.1372,95.8785,18.8109,167.274,167.274,328.5843,92.8175
1043,cnn,nsson,jetson_emulator,100,local,0.551939587399543,93.2648,67.1528,93.2648,95.482,18.8043,167.274,167.274,328.7369,92.8533
1044,cnn,nsson,jetson_emulator,100,offload,0.5597958457303394,93.2093,67.2862,67.2862,69.5996,20.8383,167.274,167.274,319.8375,92.8734
1045,cnn,nsson,jetson_emulator,100,offload,0.5636801073635997,93.7875,66.7487,66.7487,68.6434,20.8711,167.274,167.274,319.9859,92.8441
1046,cnn,nsson,jetson_emulator,100,local,0.5618519767011785,93.5201,67.1126,93.5201,95.6485,18.7913,167.274,167.274,329.1948,92.866
1047,cnn,nsson,jetson_emulator,100,local,0.5641067059949036,93.2588,67.9898,93.2588,95.3028,18.8046,167.274,167.274,329.3474,92.904
1048,cnn,nsson,jetson_emulator,100,local,0.5607576550068132,93.5829,67.152,93.5829,94.8958,18.7881,167.274,167.274,329.5,92.8226
1049,cnn,nsson,jetson_emulator,100,offload,0.5623981424460986,93.082,66.7271,66.7271,68.4115,20.8724,167.274,167.274,320.5796,92.9291
1050,cnn,nsson,jetson_emulator,100,offload,0.5610071458495403,94.3679,67.8904,67.8904,69.5814,20.8016,167.274,167.274,320.728,92.8437
1051,cnn,nsson,jetson_emulator,100,local,0.5683297884947772,93.0652,67.0472,93.0652,94.8943,18.8145,167.274,167.274,329.9578,92.9277
1052,cnn,nsson,jetson_emulator,100,local,0.560962254497279,94.0293,66.7384,94.0293,96.6061,18.7654,167.274,167.274,330.1104,93.0091
1053,cnn,nsson,jetson_emulator,100,offload,0.5657524007923197,93.188,67.3738,67.3738,69.4169,20.833,167.274,167.274,321.1732,92.8658
1054,cnn,nsson,jetson_emulator,100,local,0.552615612357984,93.941,67.3567,93.941,96.4202,18.7699,167.274,167.274,330.4156,92.9025
1055,cnn,nsson,jetson_emulator,100,offload,0.5693489784483253,93.2199,67.1387,67.1387,69.8226,20.8473,167.274,167.274,321.47,92.8216
1056,cnn,nsson,jetson_emulator,100,offload,0.5719186513084589,93.3483,67.2735,67.2735,69.4013,20.8391,167.274,167.274,321.6184,92.8349
1057,cnn,nsson,jetson_emulator,100,local,0.572558765066821,93.678,66.7145,93.678,95.0236,18.7833,167.274,167.274,330.8735,92.833
1058,cnn,nsson,jetson_emulator,100,local,0.5803279764217809,93.1571,67.4248,93.1571,95.7155,18.8098,167.274,167.274,331.0261,92.9595
1059,cnn,nsson,jetson_emulator,100,local,0.571388663984646,93.1829,68.158,93.1829,95.1378,18.8085,167.274,167.274,331.1787,92.9104
1060,cnn,nsson,jetson_emulator,100,offload,0.5791969189023446,93.1667,67.1865,67.1865,68.8423,20.8444,167.274,167.274,322.2121,92.8583
1061,cnn,nsson,jetson_emulator,100,offload,0.5771928075402082,93.3153,67.2302,67.2302,69.3864,20.8417,167.274,167.274,322.3605,92.7723
1062,cnn,nsson,jetson_emulator,100,offload,0.5796773229881595,93.4812,67.1649,67.1649,69.2097,20.8457,167.274,167.274,322.5089,92.8363
1063,cnn,nsson,jetson_emulator,100,local,0.579016780455362,93.4529,68.2646,93.4529,95.6881,18.7947,167.274,167.274,331.7891,92.826
1064,cnn,nsson,jetson_emulator,100,offload,0.5782208445063232,94.0737,67.5347,67.5347,69.5481,20.8232,167.274,167.274,322.8057,92.8589
1065,cnn,nsson,jetson_emulator,100,offload,0.5876078331051333,93.4057,66.9266,66.9266,68.5868,20.8602,167.274,167.274,322.9541,92.8721
1066,cnn,nsson,jetson_emulator,100,local,0.5940396194178786,94.0773,67.5419,94.0773,96.1381,18.7629,167.274,167.274,332.2469,92.8494
1067,cnn,nsson,jetson_emulator,100,offload,0.6010726818521936,93.738,68.4564,68.4564,70.5613,20.7673,167.274,167.274,323.2509,92.8584
1068,cnn,nsson,jetson_emulator,100,offload,0.604353557476493,93.4225,67.1837,67.1837,69.2311,20.8445,167.274,167.274,323.3993,92.9079
1069,cnn,nsson,jetson_emulator,100,offload,0.5931189962920501,93.7193,67.2126,67.2126,69.9997,20.8428,167.274,167.274,323.5478,92.8561
1070,cnn,nsson,jetson_emulator,100,offload,0.5876521951222415,94.1221,67.7941,67.7941,70.3623,20.8074,167.274,167.274,323.6962,92.8225
1071,cnn,nsson,jetson_emulator,100,local,0.5839420624996259,93.8258,67.1944,93.8258,96.1866,18.7757,167.274,167.274,333.01,92.7868
1072,cnn,nsson,jetson_emulator,100,offload,0.586301210530512,93.8133,67.3655,67.3655,69.384,20.8335,167.274,167.274,323.993,92.8099
1073,cnn,nsson,jetson_emulator,100,offload,0.5970129509520813,94.2115,67.1909,67.1909,69.2624,20.8441,167.274,167.274,324.1414,92.8257
1074,cnn,nsson,jetson_emulator,100,offload,0.5841202785690577,94.5953,67.8842,67.8842,70.0772,20.802,167.274,167.274,324.2898,92.8707
1075,cnn,nsson,jetson_emulator,100,local,0.5734118596558372,94.4496,67.8326,94.4496,97.199,18.744,167.274,167.274,333.6204,92.8438
1076,cnn,nsson,jetson_emulator,100,local,0.5636928050471766,94.1593,68.3276,94.1593,95.8879,18.7588,167.274,167.274,333.773,92.8831
1077,cnn,nsson,jetson_emulator,100,offload,0.5586123195715544,94.0201,67.9236,67.9236,70.2013,20.7996,167.274,167.274,324.735,92.7498
1078,cnn,nsson,jetson_emulator,100,local,0.5596414674515426,94.0595,67.6304,94.0595,96.0431,18.7638,167.274,167.274,334.0783,92.7978
1079,cnn,nsson,jetson_emulator,100,offload,0.5651274761928574,94.166,67.9071,67.9071,70.4085,20.8006,167.274,167.274,325.0318,92.8483
1080,cnn,nsson,jetson_emulator,100,offload,0.5585991327266644,94.3437,68.1375,68.1375,70.5661,20.7866,167.274,167.274,325.1803,92.8448
1081,cnn,nsson,jetson_emulator,100,offload,0.5741003455695638,94.9332,68.1549,68.1549,69.3954,20.7855,167.274,167.274,325.3287,92.808
1082,cnn,nsson,jetson_emulator,100,local,0.5791720202693847,94.586,68.3792,94.586,96.2754,18.7371,167.274,167.274,334.6887,92.9307
1083,cnn,nsson,jetson_emulator,100,offload,0.5772702471388601,94.9297,67.9762,67.9762,70.6804,20.7964,167.274,167.274,325.6255,92.863
1084,cnn,nsson,jetson_emulator,100,offload,0.5791583700756582,95.4446,67.8413,67.8413,70.4079,20.8046,167.274,167.274,325.7739,92.871
1085,cnn,nsson,jetson_emulator,100,offload,0.5749972226428843,94.6036,67.7406,67.7406,69.7741,20.8107,167.274,167.274,325.9223,92.9856
1086,cnn,nsson,jetson_emulator,100,offload,0.5799412802383903,94.748,67.5291,67.5291,70.2248,20.8235,167.274,167.274,326.0707,92.8136
1087,cnn,nsson,jetson_emulator,100,offload,0.5805287440865078,94.9449,68.6073,68.6073,70.3129,20.7582,167.274,167.274,326.2191,92.9395
1088,cnn,nsson,jetson_emulator,100,local,0.5842404626493906,95.0402,68.5081,95.0402,96.9294,18.7141,167.274,167.274,335.6043,92.7772
1089,cnn,nsson,jetson_emulator,100,offload,0.5851232245239062,95.0944,69.0791,69.0791,70.8804,20.7297,167.274,167.274,326.5159,92.8244
1090,cnn,nsson,jetson_emulator,100,offload,0.5864222821934874,95.5397,68.8843,68.8843,71.003,20.7415,167.274,167.274,326.6643,92.8424
1091,cnn,nsson,jetson_emulator,100,offload,0.5814182932097668,95.4793,68.1166,68.1166,70.7333,20.7879,167.274,167.274,326.8128,92.8293
1092,cnn,nsson,jetson_emulator,100,offload,0.5847678659827915,95.969,68.0478,68.0478,70.0653,20.792,167.274,167.274,326.9612,92.8468
1093,cnn,nsson,jetson_emulator,100,offload,0.5799059014152897,95.1561,68.9113,68.9113,71.0942,20.7398,167.274,167.274,327.1096,92.8283
1094,cnn,nsson,jetson_emulator,100,offload,0.5898076561992028,95.7211,69.0998,69.0998,71.8053,20.7285,167.274,167.274,327.258,92.8889
1095,cnn,nsson,jetson_emulator,100,local,0.5919352216968999,96.4003,69.6994,96.4003,97.5649,18.6456,167.274,167.274,336.6726,92.9873
1096,cnn,nsson,jetson_emulator,100,offload,0.5929918159312594,95.2637,68.4739,68.4739,70.4558,20.7662,167.274,167.274,327.5548,92.9228
1097,cnn,nsson,jetson_emulator,100,local,0.5960465703309981,95.3703,69.2174,95.3703,97.4812,18.6974,167.274,167.274,336.9778,92.8901
1098,cnn,nsson,jetson_emulator,100,offload,0.6024000180970832,96.4461,69.3157,69.3157,72.2304,20.7155,167.274,167.274,327.8516,92.7965
1099,cnn,nsson,jetson_emulator,100,offload,0.6049216586923193,96.0862,68.3006,68.3006,70.7392,20.7767,167.274,167.274,328.0,92.8596
1100,cnn,nsson,jetson_emulator,100,offload,0.6008006336725337,95.6823,68.5311,68.5311,71.0553,20.7628,167.274,167.274,328.1484,92.9531
1101,cnn,nsson,jetson_emulator,100,offload,0.6007657206404821,96.6157,68.9056,68.9056,70.8144,20.7402,167.274,167.274,328.2968,92.913
1102,cnn,nsson,jetson_emulator,100,offload,0.6075422426547247,95.9888,69.3112,69.3112,71.7956,20.7158,167.274,167.274,328.4452,93.0438
1103,cnn,nsson,jetson_emulator,100,offload,0.6107979784233944,96.1307,69.4932,69.4932,71.0251,20.7048,167.274,167.274,328.5937,92.8557
1104,cnn,nsson,jetson_emulator,100,offload,0.6033767665627062,96.0537,70.121,70.121,72.1947,20.6672,167.274,167.274,328.7421,92.8905
1105,cnn,nsson,jetson_emulator,100,local,0.6085124538589877,96.7258,68.7751,96.7258,99.4786,18.6293,167.274,167.274,338.1987,92.9254
1106,cnn,nsson,jetson_emulator,100,offload,0.6050013719662913,96.8531,69.809,69.809,71.5696,20.6858,167.274,167.274,329.0389,92.8358
1107,cnn,nsson,jetson_emulator,100,offload,0.6093690787748831,97.0032,70.1335,70.1335,73.3089,20.6664,167.274,167.274,329.1873,92.8464
1108,cnn,nsson,jetson_emulator,100,offload,0.6099594048232467,97.336,69.3775,69.3775,70.524,20.7118,167.274,167.274,329.3357,92.9314
1109,cnn,nsson,jetson_emulator,100,offload,0.6065200665481449,96.5609,69.1988,69.1988,71.1884,20.7225,167.274,167.274,329.4841,92.8326
1110,cnn,nsson,jetson_emulator,100,local,0.6104246890999003,97.0131,69.9223,97.0131,99.7557,18.6149,167.274,167.274,338.9617,92.804
1111,cnn,nsson,jetson_emulator,100,local,0.6178264814862273,97.5893,69.6044,97.5893,100.0885,18.5861,167.274,167.274,339.1144,92.8936
1112,cnn,nsson,jetson_emulator,100,local,0.6205818257212283,97.2014,69.4385,97.2014,98.8992,18.6055,167.274,167.274,339.267,92.8031
1113,cnn,nsson,jetson_emulator,100,local,0.628090097091233,97.1329,69.9198,97.1329,99.6734,18.6089,167.274,167.274,339.4196,92.9237
1114,cnn,nsson,jetson_emulator,100,offload,0.6322582006954138,98.5322,70.2628,70.2628,72.9736,20.6587,167.274,167.274,330.2262,92.736
1115,cnn,nsson,jetson_emulator,100,offload,0.6342415972396008,97.4054,69.6854,69.6854,72.1572,20.6933,167.274,167.274,330.3746,92.7558
1116,cnn,nsson,jetson_emulator,100,offload,0.6259227093638997,97.6622,70.3221,70.3221,72.0332,20.6551,167.274,167.274,330.523,92.8251
1117,cnn,nsson,jetson_emulator,100,offload,0.6164374195057238,98.1269,70.9008,70.9008,72.2052,20.6206,167.274,167.274,330.6714,92.7312
1118,cnn,nsson,jetson_emulator,100,offload,0.6148356863631308,97.9427,70.4811,70.4811,72.157,20.6456,167.274,167.274,330.8198,92.8127
1119,cnn,nsson,jetson_emulator,100,local,0.6114175911594267,97.6628,70.4527,97.6628,100.4862,18.5824,167.274,167.274,340.3352,92.7951
1120,cnn,nsson,jetson_emulator,100,offload,0.6043853158137842,98.0796,70.1776,70.1776,73.2382,20.6638,167.274,167.274,331.1166,92.8453
1121,cnn,nsson,jetson_emulator,100,offload,0.6019891092222924,98.8846,71.4232,71.4232,73.205,20.5895,167.274,167.274,331.265,92.819
1122,cnn,nsson,jetson_emulator,100,local,0.5899154405589696,98.2249,70.3291,98.2249,100.4518,18.5545,167.274,167.274,340.7931,92.7815
1123,cnn,nsson,jetson_emulator,100,local,0.5884270223797017,98.5197,70.9799,98.5197,100.2571,18.5398,167.274,167.274,340.9457,92.8609
1124,cnn,nsson,jetson_emulator,100,offload,0.5910203925677829,99.0192,70.5258,70.5258,73.2059,20.6429,167.274,167.274,331.7102,92.8807
1125,cnn,nsson,jetson_emulator,100,offload,0.5930101579547896,99.5225,71.0151,71.0151,72.9045,20.6138,167.274,167.274,331.8587,92.8065
1126,cnn,nsson,jetson_emulator,100,offload,0.5952590419805223,98.4638,71.5529,71.5529,73.8244,20.5818,167.274,167.274,332.0071,92.822
1127,cnn,nsson,jetson_emulator,100,local,0.5892907752376714,99.2545,70.8763,99.2545,101.4508,18.5034,167.274,167.274,341.5561,92.829
1128,cnn,nsson,jetson_emulator,100,offload,0.5841586794663337,98.875,70.7155,70.7155,72.9785,20.6316,167.274,167.274,332.3039,92.9149
1129,cnn,nsson,jetson_emulator,100,offload,0.58799997312273,99.3896,70.9018,70.9018,73.0588,20.6205,167.274,167.274,332.4523,92.8192
1130,cnn,nsson,jetson_emulator,100,local,0.5826635848252487,100.1765,70.7814,100.1765,101.9829,18.458,167.274,167.274,342.0139,92.8838
1131,cnn,nsson,jetson_emulator,100,offload,0.5854552072353575,99.7304,71.3388,71.3388,73.9657,20.5945,167.274,167.274,332.7491,92.8891
1132,cnn,nsson,jetson_emulator,100,offload,0.5922824827607053,100.1682,71.0915,71.0915,72.9596,20.6092,167.274,167.274,332.8975,92.8484
1133,cnn,nsson,jetson_emulator,100,local,0.5904992808408859,99.3695,71.4462,99.3695,101.753,18.4977,167.274,167.274,342.4718,92.8988
1134,cnn,nsson,jetson_emulator,100,offload,0.5971395032227741,100.3637,71.7363,71.7363,73.8477,20.5709,167.274,167.274,333.1943,92.8892
1135,cnn,nsson,jetson_emulator,100,offload,0.585889496124001,99.6666,71.2137,71.2137,73.159,20.6019,167.274,167.274,333.3427,92.9535
1136,cnn,nsson,jetson_emulator,100,offload,0.5752688456311963,100.8231,72.5037,72.5037,73.4845,20.5255,167.274,167.274,333.4911,92.756
1137,cnn,nsson,jetson_emulator,100,offload,0.5674221349664554,100.6638,72.0562,72.0562,75.3247,20.5519,167.274,167.274,333.6396,92.8602
1138,cnn,nsson,jetson_emulator,100,local,0.5689239212833359,100.1399,71.5164,100.1399,102.1982,18.4598,167.274,167.274,343.2348,92.8277
1139,cnn,nsson,jetson_emulator,100,local,0.5701047913966361,100.4153,71.5962,100.4153,102.877,18.4462,167.274,167.274,343.3874,92.8199
1140,cnn,nsson,jetson_emulator,100,offload,0.5815634206997,101.3158,72.528,72.528,74.6584,20.524,167.274,167.274,334.0848,92.8379
1141,cnn,nsson,jetson_emulator,100,offload,0.5818113608852891,100.518,71.8308,71.8308,74.0538,20.5653,167.274,167.274,334.2332,92.9052
1142,cnn,nsson,jetson_emulator,100,offload,0.5907179516861545,100.7611,72.5559,72.5559,73.8139,20.5224,167.274,167.274,334.3816,92.9305
1143,cnn,nsson,jetson_emulator,100,offload,0.5910945688577954,100.6267,72.2611,72.2611,74.1545,20.5398,167.274,167.274,334.53,92.9019
1144,cnn,nsson,jetson_emulator,100,local,0.5829259190980568,101.5367,72.8781,101.5367,103.7864,18.3913,167.274,167.274,344.1505,92.8345
1145,cnn,nsson,jetson_emulator,100,offload,0.5800138018328131,100.9096,72.531,72.531,74.4942,20.5239,167.274,167.274,334.8268,92.9161
1146,cnn,nsson,jetson_emulator,100,local,0.5763740278144448,101.2246,72.2406,101.2246,103.9183,18.4065,167.274,167.274,344.4557,92.892
1147,cnn,nsson,jetson_emulator,100,offload,0.5658272770484246,100.9474,74.019,74.019,76.1289,20.4364,167.274,167.274,335.1236,92.9353
1148,cnn,nsson,jetson_emulator,100,offload,0.5617709773987924,101.9938,72.3749,72.3749,74.3598,20.5331,167.274,167.274,335.2721,92.9125
1149,cnn,nsson,jetson_emulator,100,offload,0.5649339261745795,101.1437,72.8167,72.8167,74.8722,20.507,167.274,167.274,335.4205,92.8674
1150,cnn,nsson,jetson_emulator,100,offload,0.5662375321352338,101.9315,72.5002,72.5002,73.8321,20.5257,167.274,167.274,335.5689,92.7585
1151,cnn,nsson,jetson_emulator,100,offload,0.5731541389443995,102.2513,73.0083,73.0083,74.7716,20.4957,167.274,167.274,335.7173,92.9096
1152,cnn,nsson,jetson_emulator,100,local,0.5893930921146164,102.8027,73.9345,102.8027,104.6093,18.3297,167.274,167.274,345.3713,92.8322
1153,cnn,nsson,jetson_emulator,100,offload,0.5859972048130724,101.7847,73.1135,73.1135,75.3811,20.4895,167.274,167.274,336.0141,92.7868
1154,cnn,nsson,jetson_emulator,100,local,0.570618540795103,101.863,73.056,101.863,103.8754,18.3754,167.274,167.274,345.6765,92.8609
1155,cnn,nsson,jetson_emulator,100,local,0.5645950828089261,102.1439,74.27,102.1439,104.5632,18.3617,167.274,167.274,345.8292,92.896
1156,cnn,nsson,jetson_emulator,100,offload,0.5670252583847091,101.9231,73.703,73.703,76.3703,20.4549,167.274,167.274,336.4593,92.8798
1157,cnn,nsson,jetson_emulator,100,offload,0.5644629228334871,102.427,72.9239,72.9239,74.7115,20.5007,167.274,167.274,336.6077,92.8738
1158,cnn,nsson,jetson_emulator,100,offload,0.5764221871442607,102.4275,74.1033,74.1033,76.4019,20.4314,167.274,167.274,336.7561,92.908
1159,cnn,nsson,jetson_emulator,100,offload,0.585572721324241,102.5554,73.0951,73.0951,75.0976,20.4906,167.274,167.274,336.9046,92.9645
1160,cnn,nsson,jetson_emulator,100,offload,0.5825580225841498,103.2914,73.2006,73.2006,75.768,20.4844,167.274,167.274,337.053,92.8702
1161,cnn,nsson,jetson_emulator,100,local,0.5816602658999847,102.6362,74.2993,102.6362,104.4144,18.3377,167.274,167.274,346.7448,92.8564
1162,cnn,nsson,jetson_emulator,100,local,0.5852175058941661,103.6987,74.0397,103.6987,105.505,18.2863,167.274,167.274,346.8974,92.8661
1163,cnn,nsson,jetson_emulator,100,offload,0.5813125198324327,103.1682,73.9969,73.9969,76.5924,20.4377,167.274,167.274,337.4982,92.8084
1164,cnn,nsson,jetson_emulator,100,local,0.5866093070131583,102.6427,73.9549,102.6427,104.1198,18.3374,167.274,167.274,347.2026,92.9079
1165,cnn,nsson,jetson_emulator,100,offload,0.5846866689736362,103.845,74.0783,74.0783,76.5321,20.4329,167.274,167.274,337.795,92.8438
1166,cnn,nsson,jetson_emulator,100,local,0.588125592284453,103.241,73.6901,103.241,106.0949,18.3084,167.274,167.274,347.5079,92.8791
1167,cnn,nsson,jetson_emulator,100,offload,0.5878096019964383,103.0096,74.7229,74.7229,77.0093,20.3952,167.274,167.274,338.0918,92.8342
1168,cnn,nsson,jetson_emulator,100,local,0.5850278471648956,103.1887,74.5971,103.1887,105.5454,18.311,167.274,167.274,347.8131,92.8725
1169,cnn,nsson,jetson_emulator,100,local,0.5866281862349952,103.6555,73.9386,103.6555,105.5974,18.2884,167.274,167.274,347.9657,92.7521
1170,cnn,nsson,jetson_emulator,100,offload,0.5907722368953632,103.479,75.473,75.473,77.9849,20.3516,167.274,167.274,338.537,92.8776
1171,cnn,nsson,jetson_emulator,100,local,0.5777182860484169,103.6802,74.6858,103.6802,105.6633,18.2872,167.274,167.274,348.2709,92.7912
1172,cnn,nsson,jetson_emulator,100,local,0.5717398944443965,103.3595,73.9768,103.3595,104.8864,18.3027,167.274,167.274,348.4235,92.8539
1173,cnn,nsson,jetson_emulator,100,offload,0.5652659566857897,104.2066,74.485,74.485,76.8144,20.4091,167.274,167.274,338.9823,92.8494
1174,cnn,nsson,jetson_emulator,100,offload,0.564435548031522,103.5427,74.5847,74.5847,76.1295,20.4033,167.274,167.274,339.1307,92.8555
1175,cnn,nsson,jetson_emulator,100,offload,0.5607488702270554,103.7752,75.8276,75.8276,78.0561,20.331,167.274,167.274,339.2791,92.8567
1176,cnn,nsson,jetson_emulator,100,offload,0.5573691825723115,104.3197,74.5993,74.5993,76.4298,20.4024,167.274,167.274,339.4275,92.9055
1177,cnn,nsson,jetson_emulator,100,local,0.5545354217998507,103.8775,74.4936,103.8775,106.2668,18.2777,167.274,167.274,349.1866,92.8707
1178,cnn,nsson,jetson_emulator,100,local,0.5495572763974531,104.2719,74.8534,104.2719,106.257,18.2587,167.274,167.274,349.3392,92.8761
1179,cnn,nsson,jetson_emulator,100,local,0.5456855896286136,104.497,74.5022,104.497,106.9962,18.2478,167.274,167.274,349.4918,92.7836
1180,cnn,nsson,jetson_emulator,100,local,0.5433778332564148,104.9526,75.1692,104.9526,107.0638,18.226,167.274,167.274,349.6444,92.8863
1181,cnn,nsson,jetson_emulator,100,offload,0.5464267130776335,103.9504,75.4727,75.4727,77.6125,20.3516,167.274,167.274,340.1695,92.8165
1182,cnn,nsson,jetson_emulator,100,offload,0.5452496759930398,105.1879,75.0315,75.0315,77.2791,20.3773,167.274,167.274,340.318,92.7938
1183,cnn,nsson,jetson_emulator,100,offload,0.539831876271033,104.9966,75.5812,75.5812,78.3033,20.3453,167.274,167.274,340.4664,92.8969
1184,cnn,nsson,jetson_emulator,100,offload,0.5391884327501151,104.2901,74.9046,74.9046,77.1477,20.3846,167.274,167.274,340.6148,92.8814
1185,cnn,nsson,jetson_emulator,100,offload,0.5481867186291522,104.6902,74.7036,74.7036,77.2764,20.3964,167.274,167.274,340.7632,92.854
1186,cnn,nsson,jetson_emulator,100,offload,0.5474956989555364,104.3004,75.764,75.764,78.0626,20.3347,167.274,167.274,340.9116,92.7939
1187,cnn,nsson,jetson_emulator,100,offload,0.5545496855528965,104.3357,75.589,75.589,77.3254,20.3448,167.274,167.274,341.06,92.8468
1188,cnn,nsson,jetson_emulator,100,local,0.5575437094539298,105.0996,74.7677,105.0996,107.4138,18.2189,167.274,167.274,350.8653,92.9069
1189,cnn,nsson,jetson_emulator,100,offload,0.5518502094396323,104.7676,76.2838,76.2838,78.5443,20.3046,167.274,167.274,341.3568,92.9299
1190,cnn,nsson,jetson_emulator,100,offload,0.545757349597681,104.8984,75.7195,75.7195,77.8156,20.3373,167.274,167.274,341.5052,92.8895
1191,cnn,nsson,jetson_emulator,100,offload,0.5508850712855999,105.1304,75.9659,75.9659,77.638,20.323,167.274,167.274,341.6536,92.8161
1192,cnn,nsson,jetson_emulator,100,offload,0.5539003574965397,105.1579,74.8772,74.8772,77.4798,20.3862,167.274,167.274,341.802,92.8769
1193,cnn,nsson,jetson_emulator,100,local,0.5544787115968711,105.4209,75.4206,105.4209,108.5484,18.2035,167.274,167.274,351.6283,92.8579
1194,cnn,nsson,jetson_emulator,100,local,0.5569652061420445,105.0868,76.0377,105.0868,106.7923,18.2195,167.274,167.274,351.7809,92.7936
1195,cnn,nsson,jetson_emulator,100,offload,0.5501497669263959,104.779,75.3912,75.3912,77.9139,20.3563,167.274,167.274,342.2473,92.9316
1196,cnn,nsson,jetson_emulator,100,local,0.5460967425244379,105.7087,74.9874,105.7087,108.3234,18.1898,167.274,167.274,352.0861,92.8564
1197,cnn,nsson,jetson_emulator,100,local,0.5422293703667022,105.4244,75.0998,105.4244,107.899,18.2034,167.274,167.274,352.2387,92.8532
1198,cnn,nsson,jetson_emulator,100,offload,0.5387464393710333,105.9289,75.0355,75.0355,77.3149,20.377,167.274,167.274,342.6925,92.8707
1199,cnn,nsson,jetson_emulator,100,local,0.5404073246524324,105.2661,75.4736,105.2661,108.0448,18.2109,167.274,167.274,352.544,92.8855
1200,cnn,nsson,jetson_emulator,100,offload,0.5374620101531873,104.7687,74.9061,74.9061,77.5835,20.3846,167.274,167.274,342.9893,92.7586
