cycle_id,model,architecture,profile,nodes,decision,threshold,local_latency_ms,offload_latency_ms,total_latency_ms,rtt_ms,throughput_fps,local_power_mw,offload_power_mw,effective_power_mw,accuracy_step
1,cnn,nsson,jetson_emulator,10,offload,0.48998429887163164,44.2601,31.7468,31.7468,32.7762,30.9793,167.274,167.274,156.6391,92.9433
2,cnn,nsson,jetson_emulator,10,local,0.48283189577730234,44.7531,32.924,44.7531,45.9981,29.6677,167.274,167.274,157.2474,92.8019
3,cnn,nsson,jetson_emulator,10,local,0.4797570589103968,44.3179,31.5779,44.3179,45.6348,29.7231,167.274,167.274,157.3887,92.8946
4,cnn,nsson,jetson_emulator,10,offload,0.47605320000291645,44.4751,32.321,32.321,34.129,30.9793,167.274,167.274,157.0616,92.9081
5,cnn,nsson,jetson_emulator,10,local,0.47266495941343345,44.9036,32.9126,44.9036,46.6321,29.6486,167.274,167.274,157.6712,93.0092
6,cnn,nsson,jetson_emulator,10,local,0.46733695855970564,44.3922,32.1441,44.3922,47.0409,29.7136,167.274,167.274,157.8125,92.8683
7,cnn,nsson,jetson_emulator,10,local,0.4680249921624636,44.947,33.7538,44.947,47.3733,29.6431,167.274,167.274,157.9538,92.9352
8,cnn,nsson,jetson_emulator,10,offload,0.4688902966637329,45.8515,32.5967,32.5967,35.0498,30.9793,167.274,167.274,157.625,92.9639
9,cnn,nsson,jetson_emulator,10,local,0.46428363814940904,45.2513,32.6586,45.2513,46.7136,29.6045,167.274,167.274,158.2363,92.9613
10,cnn,nsson,jetson_emulator,10,offload,0.4578600308511113,44.8261,32.4431,32.4431,34.6297,30.9793,167.274,167.274,157.9067,92.9809
11,cnn,nsson,jetson_emulator,10,local,0.4548947831548236,45.8113,32.0726,45.8113,47.9036,29.5338,167.274,167.274,158.5189,92.9006
12,cnn,nsson,jetson_emulator,10,offload,0.45982884380771305,45.3929,32.2442,32.2442,34.1728,30.9793,167.274,167.274,158.1884,92.89
13,cnn,nsson,jetson_emulator,10,local,0.4627400251169043,45.6307,33.5879,45.6307,47.4298,29.5566,167.274,167.274,158.8014,92.9472
14,cnn,nsson,jetson_emulator,10,local,0.4561292396608091,45.8256,32.8406,45.8256,48.211,29.532,167.274,167.274,158.9427,92.8822
15,cnn,nsson,jetson_emulator,10,offload,0.46062186185554654,45.2294,32.3799,32.3799,34.9338,30.9793,167.274,167.274,158.6109,92.9452
16,cnn,nsson,jetson_emulator,10,local,0.4536129859189326,46.2602,33.6313,46.2602,48.1953,29.4774,167.274,167.274,159.2252,92.8884
17,cnn,nsson,jetson_emulator,10,local,0.4595449751730336,45.4697,32.4835,45.4697,46.7096,29.5769,167.274,167.274,159.3665,92.9434
18,cnn,nsson,jetson_emulator,10,local,0.44658938653360747,45.8861,33.0451,45.8861,47.3123,29.5244,167.274,167.274,159.5077,92.8707
19,cnn,nsson,jetson_emulator,10,local,0.4372682615972632,45.6266,33.7233,45.6266,47.4894,29.5571,167.274,167.274,159.649,92.9676
20,cnn,nsson,jetson_emulator,10,offload,0.44081186732068484,46.6795,32.8587,32.8587,34.9307,30.9793,167.274,167.274,159.3152,92.9075
21,cnn,nsson,jetson_emulator,10,local,0.43596414940558476,45.7796,32.7786,45.7796,48.1295,29.5378,167.274,167.274,159.9315,92.922
22,cnn,nsson,jetson_emulator,10,local,0.4395908219780371,45.9844,32.7634,45.9844,47.1823,29.512,167.274,167.274,160.0728,92.8047
23,cnn,nsson,jetson_emulator,10,offload,0.43220847175505556,45.9018,34.0599,34.0599,35.7943,30.9793,167.274,167.274,159.7377,92.8661
24,cnn,nsson,jetson_emulator,10,offload,0.43676872614480333,47.3663,33.2099,33.2099,35.3497,30.9793,167.274,167.274,159.8786,92.8168
25,cnn,nsson,jetson_emulator,10,local,0.43622841072968743,45.9921,33.7263,45.9921,48.3717,29.511,167.274,167.274,160.4966,92.9102
26,cnn,nsson,jetson_emulator,10,offload,0.4422097447367543,46.5012,34.9565,34.9565,36.6003,30.9793,167.274,167.274,160.1603,92.836
27,cnn,nsson,jetson_emulator,10,local,0.4417724054701273,46.6645,33.6693,46.6645,48.2328,29.4267,167.274,167.274,160.7792,92.8985
28,cnn,nsson,jetson_emulator,10,offload,0.44430005286592106,46.6109,33.3971,33.3971,35.9661,30.9793,167.274,167.274,160.442,92.9707
29,cnn,nsson,jetson_emulator,10,offload,0.44158629420393675,46.4555,33.1451,33.1451,34.0746,30.9793,167.274,167.274,160.5828,92.9418
30,cnn,nsson,jetson_emulator,10,local,0.43662771437363784,46.6749,33.6164,46.6749,48.1098,29.4254,167.274,167.274,161.203,92.9339
31,cnn,nsson,jetson_emulator,10,local,0.43868507779606397,46.5872,34.0933,46.5872,47.6256,29.4364,167.274,167.274,161.3442,92.9125
32,cnn,nsson,jetson_emulator,10,local,0.43761136512981214,47.3188,33.5074,47.3188,48.9469,29.3452,167.274,167.274,161.4855,92.9355
33,cnn,nsson,jetson_emulator,10,offload,0.4402357428361848,47.2267,34.6813,34.6813,35.918,30.9793,167.274,167.274,161.1462,93.0006
34,cnn,nsson,jetson_emulator,10,offload,0.4378450886798755,47.3244,33.8664,33.8664,36.2759,30.9793,167.274,167.274,161.2871,92.8973
35,cnn,nsson,jetson_emulator,10,offload,0.4344301740061306,47.393,34.1727,34.1727,36.6345,30.9793,167.274,167.274,161.4279,92.9113
36,cnn,nsson,jetson_emulator,10,offload,0.4362913848672809,47.0435,34.2594,34.2594,35.3721,30.9793,167.274,167.274,161.5688,92.9316
37,cnn,nsson,jetson_emulator,10,local,0.4468065197961536,46.8497,33.7983,46.8497,48.5286,29.4036,167.274,167.274,162.1918,92.9185
38,cnn,nsson,jetson_emulator,10,offload,0.4476739173392614,46.8513,33.669,33.669,35.0365,30.9793,167.274,167.274,161.8504,92.8412
39,cnn,nsson,jetson_emulator,10,offload,0.45048965053519574,47.3978,33.6682,33.6682,34.9418,30.9793,167.274,167.274,161.9913,92.8623
40,cnn,nsson,jetson_emulator,10,offload,0.4479528644276039,47.1795,33.6906,33.6906,35.1571,30.9793,167.274,167.274,162.1321,92.8443
41,cnn,nsson,jetson_emulator,10,offload,0.4515373114515496,47.4895,34.9071,34.9071,36.2409,30.9793,167.274,167.274,162.273,92.9443
42,cnn,nsson,jetson_emulator,10,local,0.45448310011410986,47.9636,34.8437,47.9636,49.415,29.2652,167.274,167.274,162.8982,92.9442
43,cnn,nsson,jetson_emulator,10,offload,0.45899748692284326,47.228,34.4256,34.4256,36.1882,30.9793,167.274,167.274,162.5547,92.9101
44,cnn,nsson,jetson_emulator,10,offload,0.45695576573808866,48.1942,33.789,33.789,35.6398,30.9793,167.274,167.274,162.6955,92.753
45,cnn,nsson,jetson_emulator,10,local,0.46173831314236624,47.532,34.6152,47.532,49.0329,29.3187,167.274,167.274,163.322,92.8946
46,cnn,nsson,jetson_emulator,10,local,0.4619090017115049,47.3564,34.3321,47.3564,49.2914,29.3405,167.274,167.274,163.4633,92.8622
47,cnn,nsson,jetson_emulator,10,offload,0.4553047778841158,47.6869,34.0645,34.0645,36.1627,30.9793,167.274,167.274,163.1181,92.8257
48,cnn,nsson,jetson_emulator,10,local,0.45900950085958214,48.2384,34.6835,48.2384,49.9589,29.2313,167.274,167.274,163.7458,92.9711
49,cnn,nsson,jetson_emulator,10,local,0.45214194893542636,47.6736,34.8066,47.6736,49.0296,29.3011,167.274,167.274,163.8871,92.9182
50,cnn,nsson,jetson_emulator,10,local,0.4471530707053222,48.1529,34.3459,48.1529,49.2489,29.2418,167.274,167.274,164.0283,92.9143
51,cnn,nsson,jetson_emulator,10,offload,0.44722041000699164,48.2282,34.1434,34.1434,35.0915,30.9793,167.274,167.274,163.6815,92.8487
52,cnn,nsson,jetson_emulator,10,local,0.4422685880845622,48.069,34.5061,48.069,49.7292,29.2522,167.274,167.274,164.3109,92.9705
53,cnn,nsson,jetson_emulator,10,local,0.44781890574878935,47.9824,34.5556,47.9824,49.7707,29.2629,167.274,167.274,164.4521,92.8962
54,cnn,nsson,jetson_emulator,10,offload,0.44908573154702935,47.9088,34.3304,34.3304,37.1396,30.9793,167.274,167.274,164.104,92.7969
55,cnn,nsson,jetson_emulator,10,offload,0.4504494678804251,48.3326,34.6709,34.6709,36.8092,30.9793,167.274,167.274,164.2449,92.8515
56,cnn,nsson,jetson_emulator,10,offload,0.44927646332594245,47.9363,34.5006,34.5006,36.52,30.9793,167.274,167.274,164.3857,92.993
57,cnn,nsson,jetson_emulator,10,offload,0.45996932466670715,48.0185,35.0338,35.0338,37.5008,30.9793,167.274,167.274,164.5266,92.8872
58,cnn,nsson,jetson_emulator,10,offload,0.4681435970488479,48.1161,34.495,34.495,36.1415,30.9793,167.274,167.274,164.6674,92.9436
59,cnn,nsson,jetson_emulator,10,offload,0.46942085492300883,48.1392,34.9203,34.9203,36.9441,30.9793,167.274,167.274,164.8083,92.894
60,cnn,nsson,jetson_emulator,10,offload,0.47091562176450796,48.3756,35.0658,35.0658,36.6435,30.9793,167.274,167.274,164.9491,92.8401
61,cnn,nsson,jetson_emulator,10,offload,0.4669460228835415,48.2156,35.3884,35.3884,37.7708,30.9793,167.274,167.274,165.09,92.9478
62,cnn,nsson,jetson_emulator,10,local,0.4640241297505606,48.1387,34.7381,48.1387,50.0426,29.2436,167.274,167.274,165.7235,92.9505
63,cnn,nsson,jetson_emulator,10,offload,0.46856171422113424,48.7285,36.1515,36.1515,37.8464,30.9793,167.274,167.274,165.3717,93.0033
64,cnn,nsson,jetson_emulator,10,offload,0.4727638751555082,48.4358,34.7395,34.7395,36.8602,30.9793,167.274,167.274,165.5125,92.8739
65,cnn,nsson,jetson_emulator,10,local,0.46981088173470786,48.2909,34.9766,48.2909,50.4644,29.2248,167.274,167.274,166.1474,92.7933
66,cnn,nsson,jetson_emulator,10,offload,0.4651931859796438,48.9052,35.8757,35.8757,38.3579,30.9793,167.274,167.274,165.7942,92.9322
67,cnn,nsson,jetson_emulator,10,offload,0.4576103405672854,48.8565,34.7814,34.7814,36.474,30.9793,167.274,167.274,165.9351,92.8866
68,cnn,nsson,jetson_emulator,10,local,0.4592409805463595,49.2377,35.5899,49.2377,52.0134,29.1085,167.274,167.274,166.5712,93.0452
69,cnn,nsson,jetson_emulator,10,offload,0.4537177034648011,48.4773,35.0717,35.0717,36.1606,30.9793,167.274,167.274,166.2167,92.8582
70,cnn,nsson,jetson_emulator,10,offload,0.45512213290921716,49.6649,34.7962,34.7962,36.2485,30.9793,167.274,167.274,166.3576,92.8857
71,cnn,nsson,jetson_emulator,10,offload,0.4637317853097186,49.6283,35.6337,35.6337,37.4022,30.9793,167.274,167.274,166.4984,92.8692
72,cnn,nsson,jetson_emulator,10,local,0.46955214794759476,48.4594,34.7356,48.4594,50.0334,29.204,167.274,167.274,167.1362,92.8472
73,cnn,nsson,jetson_emulator,10,local,0.45548024719146785,49.1027,35.4786,49.1027,50.8619,29.125,167.274,167.274,167.2775,92.8649
74,cnn,nsson,jetson_emulator,10,offload,0.45276793283560773,48.5207,35.5132,35.5132,37.8222,30.9793,167.274,167.274,166.921,92.9183
75,cnn,nsson,jetson_emulator,10,offload,0.4396996435879424,48.7391,35.7853,35.7853,37.2814,30.9793,167.274,167.274,167.0618,93.0054
76,cnn,nsson,jetson_emulator,10,offload,0.44029186242475454,48.9638,35.9639,35.9639,38.3912,30.9793,167.274,167.274,167.2027,92.9826
77,cnn,nsson,jetson_emulator,10,offload,0.44208292495011337,48.7403,36.3001,36.3001,37.6496,30.9793,167.274,167.274,167.3435,92.9308
78,cnn,nsson,jetson_emulator,10,offload,0.4467809582231279,48.8394,34.7922,34.7922,35.9646,30.9793,167.274,167.274,167.4844,92.9329
79,cnn,nsson,jetson_emulator,10,local,0.4374082207775103,49.2686,35.5489,49.2686,51.5972,29.1047,167.274,167.274,168.1251,92.9095
80,cnn,nsson,jetson_emulator,10,local,0.4352821723263645,48.7704,34.8309,48.7704,50.9158,29.1658,167.274,167.274,168.2664,92.9295
81,cnn,nsson,jetson_emulator,10,offload,0.4407290283401199,49.4053,35.4197,35.4197,36.9344,30.9793,167.274,167.274,167.9069,92.8989
82,cnn,nsson,jetson_emulator,10,offload,0.4416993136879265,49.2228,37.1923,37.1923,39.3485,30.9793,167.274,167.274,168.0478,92.9275
83,cnn,nsson,jetson_emulator,10,local,0.44202640874405047,49.1144,35.1309,49.1144,50.1082,29.1236,167.274,167.274,168.6902,92.9662
84,cnn,nsson,jetson_emulator,10,local,0.44426241325002025,49.4361,35.6663,49.4361,51.0388,29.0842,167.274,167.274,168.8315,92.9093
85,cnn,nsson,jetson_emulator,10,offload,0.44588837253039265,49.3634,36.3805,36.3805,38.2413,30.9793,167.274,167.274,168.4703,92.759
86,cnn,nsson,jetson_emulator,10,offload,0.44701906517820045,49.0117,36.1703,36.1703,37.3758,30.9793,167.274,167.274,168.6112,92.988
87,cnn,nsson,jetson_emulator,10,local,0.4547622356187205,49.2633,35.3368,49.2633,51.3636,29.1054,167.274,167.274,169.2553,92.9453
88,cnn,nsson,jetson_emulator,10,local,0.45081644647176466,49.0499,35.5928,49.0499,51.3598,29.1315,167.274,167.274,169.3965,92.9774
89,cnn,nsson,jetson_emulator,10,offload,0.46125274476877137,48.8495,35.6143,35.6143,37.1323,30.9793,167.274,167.274,169.0337,92.9555
90,cnn,nsson,jetson_emulator,10,local,0.4597888960087922,49.6932,35.0494,49.6932,51.4007,29.0529,167.274,167.274,169.6791,92.909
91,cnn,nsson,jetson_emulator,10,offload,0.44955337092755704,48.7567,35.17,35.17,36.3523,30.9793,167.274,167.274,169.3154,93.0163
92,cnn,nsson,jetson_emulator,10,local,0.4488494563284259,49.0306,35.195,49.0306,50.2786,29.1338,167.274,167.274,169.9616,92.8636
93,cnn,nsson,jetson_emulator,10,local,0.44351238824418465,48.9475,36.3792,48.9475,50.4861,29.144,167.274,167.274,170.1029,92.9266
94,cnn,nsson,jetson_emulator,10,local,0.4428406739357451,49.017,35.8223,49.017,50.5088,29.1355,167.274,167.274,170.2441,92.8765
95,cnn,nsson,jetson_emulator,10,offload,0.43138246507044026,48.7815,35.2721,35.2721,37.36,30.9793,167.274,167.274,169.8788,92.9301
96,cnn,nsson,jetson_emulator,10,local,0.4321318429828017,48.9349,34.9341,48.9349,50.1346,29.1456,167.274,167.274,170.5267,92.9461
97,cnn,nsson,jetson_emulator,10,offload,0.43228237375331297,49.6572,35.6949,35.6949,37.1427,30.9793,167.274,167.274,170.1605,92.9152
98,cnn,nsson,jetson_emulator,10,offload,0.43578239547945125,49.3236,35.6404,35.6404,37.1162,30.9793,167.274,167.274,170.3014,92.7672
99,cnn,nsson,jetson_emulator,10,local,0.4309602257448264,48.8709,35.7408,48.8709,50.1757,29.1534,167.274,167.274,170.9505,92.9092
100,cnn,nsson,jetson_emulator,10,offload,0.42612373956186045,48.9545,35.0196,35.0196,36.2569,30.9793,167.274,167.274,170.583,92.975
101,cnn,nsson,jetson_emulator,10,local,0.4219097427326666,48.7005,35.365,48.7005,50.6757,29.1744,167.274,167.274,171.233,92.9854
102,cnn,nsson,jetson_emulator,10,offload,0.41685214118498093,49.2999,35.5531,35.5531,37.8455,30.9793,167.274,167.274,170.8647,92.9559
103,cnn,nsson,jetson_emulator,10,local,0.4169493110463329,48.8422,35.202,48.8422,50.9937,29.157,167.274,167.274,171.5155,92.8984
104,cnn,nsson,jetson_emulator,10,offload,0.42117162193752056,48.7998,35.4029,35.4029,37.3479,30.9793,167.274,167.274,171.1464,92.9041
105,cnn,nsson,jetson_emulator,10,offload,0.41462907584606956,49.2745,35.8646,35.8646,37.9089,30.9793,167.274,167.274,171.2873,92.8597
106,cnn,nsson,jetson_emulator,10,offload,0.414986449678454,49.1024,36.1982,36.1982,37.5952,30.9793,167.274,167.274,171.4281,92.9022
107,cnn,nsson,jetson_emulator,10,local,0.4064043832724359,48.7546,35.2326,48.7546,50.4503,29.1677,167.274,167.274,172.0806,92.9053
108,cnn,nsson,jetson_emulator,10,local,0.41102847589068886,49.1931,35.4226,49.1931,50.028,29.114,167.274,167.274,172.2219,92.9662
109,cnn,nsson,jetson_emulator,10,local,0.40994844659623714,49.8567,34.9883,49.8567,52.0651,29.033,167.274,167.274,172.3632,92.9891
110,cnn,nsson,jetson_emulator,10,offload,0.41190216020527737,48.5756,35.091,35.091,37.2193,30.9793,167.274,167.274,171.9915,92.862
111,cnn,nsson,jetson_emulator,10,offload,0.41099551392401995,48.683,35.2128,35.2128,37.5721,30.9793,167.274,167.274,172.1324,92.9108
112,cnn,nsson,jetson_emulator,10,offload,0.41519721759653094,49.0452,35.2448,35.2448,37.3,30.9793,167.274,167.274,172.2732,92.8612
113,cnn,nsson,jetson_emulator,10,offload,0.4209603635957801,48.5405,35.9486,35.9486,38.5581,30.9793,167.274,167.274,172.4141,92.8094
114,cnn,nsson,jetson_emulator,10,local,0.4236030788863323,49.0517,34.7554,49.0517,51.1629,29.1313,167.274,167.274,173.0695,93.0139
115,cnn,nsson,jetson_emulator,10,offload,0.41730864998105455,48.8298,34.9793,34.9793,37.2784,30.9793,167.274,167.274,172.6958,92.9128
116,cnn,nsson,jetson_emulator,10,offload,0.4243539053742541,48.508,35.8378,35.8378,36.8884,30.9793,167.274,167.274,172.8366,92.8835
117,cnn,nsson,jetson_emulator,10,offload,0.4284955758693015,48.7985,34.6529,34.6529,36.7217,30.9793,167.274,167.274,172.9775,92.8692
118,cnn,nsson,jetson_emulator,10,offload,0.42638042317452113,48.9554,36.0392,36.0392,37.6382,30.9793,167.274,167.274,173.1183,92.891
119,cnn,nsson,jetson_emulator,10,offload,0.42854180341632503,49.049,34.9115,34.9115,36.3512,30.9793,167.274,167.274,173.2592,92.9384
120,cnn,nsson,jetson_emulator,10,local,0.4457656842553095,48.4393,34.9823,48.4393,49.6836,29.2065,167.274,167.274,173.9171,92.9068
121,cnn,nsson,jetson_emulator,10,local,0.44882353150160614,48.9662,35.4351,48.9662,50.6264,29.1417,167.274,167.274,174.0584,92.9616
122,cnn,nsson,jetson_emulator,10,offload,0.461216830935967,48.6762,34.8565,34.8565,37.2677,30.9793,167.274,167.274,173.6817,92.946
123,cnn,nsson,jetson_emulator,10,offload,0.46764655057720733,49.4169,36.0371,36.0371,38.2092,30.9793,167.274,167.274,173.8226,92.9392
124,cnn,nsson,jetson_emulator,10,local,0.4686419226180303,49.1163,35.1154,49.1163,50.8344,29.1233,167.274,167.274,174.4822,92.9896
125,cnn,nsson,jetson_emulator,10,offload,0.46917147386212266,48.2799,35.1793,35.1793,37.3417,30.9793,167.274,167.274,174.1043,92.8518
126,cnn,nsson,jetson_emulator,10,local,0.4753365788314806,48.3892,34.7627,48.3892,49.678,29.2127,167.274,167.274,174.7647,92.9645
127,cnn,nsson,jetson_emulator,10,local,0.46937483146340586,48.3254,34.8094,48.3254,49.9605,29.2205,167.274,167.274,174.906,92.9013
128,cnn,nsson,jetson_emulator,10,local,0.4803746322432055,49.0651,35.1169,49.0651,50.7986,29.1296,167.274,167.274,175.0473,92.8655
129,cnn,nsson,jetson_emulator,10,local,0.48181203355054686,48.8549,35.6624,48.8549,50.9295,29.1554,167.274,167.274,175.1885,92.8969
130,cnn,nsson,jetson_emulator,10,offload,0.4933841656909764,48.1404,34.8774,34.8774,36.4814,30.9793,167.274,167.274,174.8085,92.9145
131,cnn,nsson,jetson_emulator,10,local,0.4867812583687766,48.2751,35.068,48.2751,50.1268,29.2267,167.274,167.274,175.4711,92.9051
132,cnn,nsson,jetson_emulator,10,offload,0.474835223403571,48.1994,35.3262,35.3262,36.8043,30.9793,167.274,167.274,175.0902,92.9804
133,cnn,nsson,jetson_emulator,10,offload,0.46858633606636313,48.7483,34.6653,34.6653,36.4989,30.9793,167.274,167.274,175.231,93.0073
134,cnn,nsson,jetson_emulator,10,offload,0.4717549042155952,49.0145,35.1449,35.1449,37.3215,30.9793,167.274,167.274,175.3719,92.8588
135,cnn,nsson,jetson_emulator,10,offload,0.47524504291481057,48.3682,35.3309,35.3309,36.4787,30.9793,167.274,167.274,175.5127,92.8658
136,cnn,nsson,jetson_emulator,10,offload,0.47171950164480286,48.9125,34.6982,34.6982,36.5617,30.9793,167.274,167.274,175.6536,92.9039
137,cnn,nsson,jetson_emulator,10,offload,0.4739912906548551,48.4236,34.4717,34.4717,36.7605,30.9793,167.274,167.274,175.7944,92.877
138,cnn,nsson,jetson_emulator,10,local,0.47028505723734093,48.0983,34.8647,48.0983,49.9848,29.2486,167.274,167.274,176.4599,92.9381
139,cnn,nsson,jetson_emulator,10,offload,0.46845939670392284,47.9761,34.7274,34.7274,36.7169,30.9793,167.274,167.274,176.0761,92.9069
140,cnn,nsson,jetson_emulator,10,offload,0.46793823349928676,48.0597,34.8194,34.8194,37.5147,30.9793,167.274,167.274,176.217,92.9714
141,cnn,nsson,jetson_emulator,10,local,0.47187455308992843,47.7467,34.1675,47.7467,50.1758,29.292,167.274,167.274,176.8837,92.8339
142,cnn,nsson,jetson_emulator,10,offload,0.4671444101599474,48.0513,34.798,34.798,36.1492,30.9793,167.274,167.274,176.4987,92.8692
143,cnn,nsson,jetson_emulator,10,local,0.4776089172338185,48.3163,34.9183,48.3163,50.2039,29.2217,167.274,167.274,177.1663,92.9484
144,cnn,nsson,jetson_emulator,10,local,0.4810447619449925,48.0304,35.0244,48.0304,49.2567,29.2569,167.274,167.274,177.3076,92.7939
145,cnn,nsson,jetson_emulator,10,local,0.47445333048913635,48.0767,34.132,48.0767,49.8418,29.2512,167.274,167.274,177.4488,92.9242
146,cnn,nsson,jetson_emulator,10,offload,0.4613123749079719,48.2013,35.2587,35.2587,36.9372,30.9793,167.274,167.274,177.0621,92.899
147,cnn,nsson,jetson_emulator,10,offload,0.47185868483941845,47.741,35.6867,35.6867,36.9187,30.9793,167.274,167.274,177.2029,92.9473
148,cnn,nsson,jetson_emulator,10,local,0.47519824973293967,48.7565,35.0786,48.7565,50.8427,29.1675,167.274,167.274,177.8726,92.8708
149,cnn,nsson,jetson_emulator,10,local,0.47708664150758473,47.6666,35.2131,47.6666,49.4782,29.302,167.274,167.274,178.0139,92.8694
150,cnn,nsson,jetson_emulator,10,offload,0.4806865781536836,47.9247,34.4153,34.4153,36.1976,30.9793,167.274,167.274,177.6255,92.8558
151,cnn,nsson,jetson_emulator,10,local,0.48532296837777844,47.5631,34.5266,47.5631,49.9759,29.3148,167.274,167.274,178.2964,93.0319
152,cnn,nsson,jetson_emulator,10,offload,0.4853281092247223,47.9331,35.3415,35.3415,37.2372,30.9793,167.274,167.274,177.9072,92.802
153,cnn,nsson,jetson_emulator,10,offload,0.4892888012261756,47.5025,34.2046,34.2046,35.647,30.9793,167.274,167.274,178.048,92.9811
154,cnn,nsson,jetson_emulator,10,offload,0.4884896094868062,47.3447,34.3343,34.3343,35.1879,30.9793,167.274,167.274,178.1889,92.8946
155,cnn,nsson,jetson_emulator,10,offload,0.4819084964470414,48.6243,34.3874,34.3874,36.72,30.9793,167.274,167.274,178.3297,92.872
156,cnn,nsson,jetson_emulator,10,offload,0.483242903205523,47.6627,34.2872,34.2872,36.188,30.9793,167.274,167.274,178.4706,92.9529
157,cnn,nsson,jetson_emulator,10,offload,0.486491560721956,48.6413,33.7983,33.7983,34.7484,30.9793,167.274,167.274,178.6114,92.8694
158,cnn,nsson,jetson_emulator,10,local,0.49368219944255143,47.5878,33.7962,47.5878,48.7143,29.3118,167.274,167.274,179.2853,92.9641
159,cnn,nsson,jetson_emulator,10,offload,0.5039773406422519,47.307,35.084,35.084,37.2261,30.9793,167.274,167.274,178.8931,92.9858
160,cnn,nsson,jetson_emulator,10,offload,0.5087802506295913,48.3382,34.3492,34.3492,35.7562,30.9793,167.274,167.274,179.034,92.8732
161,cnn,nsson,jetson_emulator,10,local,0.513375943198177,47.6827,34.9566,47.6827,48.9743,29.3,167.274,167.274,179.7091,92.9361
162,cnn,nsson,jetson_emulator,10,offload,0.5090173081000446,47.6834,35.8543,35.8543,37.2707,30.9793,167.274,167.274,179.3156,92.9271
163,cnn,nsson,jetson_emulator,10,local,0.5161658002106558,47.2038,33.8363,47.2038,49.0151,29.3595,167.274,167.274,179.9917,92.8909
164,cnn,nsson,jetson_emulator,10,local,0.5145123098596619,47.1301,34.2837,47.1301,48.24,29.3686,167.274,167.274,180.1329,92.9605
165,cnn,nsson,jetson_emulator,10,offload,0.49819922689080764,47.2038,34.3367,34.3367,36.6156,30.9793,167.274,167.274,179.7382,92.9422
166,cnn,nsson,jetson_emulator,10,local,0.4946629598575575,46.9665,33.9035,46.9665,48.5071,29.389,167.274,167.274,180.4155,92.9691
167,cnn,nsson,jetson_emulator,10,offload,0.4959999449225381,46.9907,34.6385,34.6385,35.6141,30.9793,167.274,167.274,180.0199,92.838
168,cnn,nsson,jetson_emulator,10,offload,0.4987297814780371,47.0483,34.6923,34.6923,35.9002,30.9793,167.274,167.274,180.1607,92.9092
169,cnn,nsson,jetson_emulator,10,offload,0.49881483157635464,47.25,33.8065,33.8065,35.173,30.9793,167.274,167.274,180.3016,92.8928
170,cnn,nsson,jetson_emulator,10,offload,0.5045265641601843,47.0937,34.598,34.598,36.5981,30.9793,167.274,167.274,180.4424,92.9361
171,cnn,nsson,jetson_emulator,10,offload,0.5100125622560792,46.9692,33.7841,33.7841,35.291,30.9793,167.274,167.274,180.5833,92.9396
172,cnn,nsson,jetson_emulator,10,offload,0.5178460062881107,46.9081,33.7936,33.7936,35.2834,30.9793,167.274,167.274,180.7241,92.8721
173,cnn,nsson,jetson_emulator,10,local,0.5224636820682306,46.8819,33.8413,46.8819,48.0762,29.3996,167.274,167.274,181.4043,92.8865
174,cnn,nsson,jetson_emulator,10,offload,0.5246862254351684,47.4938,33.6373,33.6373,35.0778,30.9793,167.274,167.274,181.0058,92.8699
175,cnn,nsson,jetson_emulator,10,local,0.5313266124172717,47.0232,34.0998,47.0232,48.7588,29.382,167.274,167.274,181.6869,92.9325
176,cnn,nsson,jetson_emulator,10,local,0.5422893974247912,46.987,34.0798,46.987,48.7649,29.3865,167.274,167.274,181.8281,92.9614
177,cnn,nsson,jetson_emulator,10,offload,0.5465354499943541,48.0251,33.5574,33.5574,34.7052,30.9793,167.274,167.274,181.4284,92.8513
178,cnn,nsson,jetson_emulator,10,local,0.5382546784973625,46.8748,34.0547,46.8748,49.1486,29.4005,167.274,167.274,182.1107,93.0002
179,cnn,nsson,jetson_emulator,10,offload,0.5310694741411959,47.3807,35.395,35.395,37.3631,30.9793,167.274,167.274,181.7101,92.9673
180,cnn,nsson,jetson_emulator,10,local,0.5248415966777624,47.1696,34.2244,47.1696,48.2117,29.3637,167.274,167.274,182.3932,92.9581
181,cnn,nsson,jetson_emulator,10,offload,0.5163987317402177,46.7314,34.2899,34.2899,35.5476,30.9793,167.274,167.274,181.9918,92.9043
182,cnn,nsson,jetson_emulator,10,local,0.5228479398372693,46.9484,33.4019,46.9484,49.23,29.3913,167.274,167.274,182.6758,92.9413
183,cnn,nsson,jetson_emulator,10,offload,0.5211677085044504,46.9045,33.4717,33.4717,36.0952,30.9793,167.274,167.274,182.2735,92.8926
184,cnn,nsson,jetson_emulator,10,local,0.5263018636347522,47.0093,34.5523,47.0093,48.7438,29.3837,167.274,167.274,182.9583,92.8596
185,cnn,nsson,jetson_emulator,10,local,0.5277174877389672,46.6796,33.7938,46.6796,48.0834,29.4249,167.274,167.274,183.0996,92.9085
186,cnn,nsson,jetson_emulator,10,offload,0.5226050575808536,47.7035,34.8829,34.8829,37.1631,30.9793,167.274,167.274,182.696,92.8722
187,cnn,nsson,jetson_emulator,10,local,0.5234160855594455,46.7719,34.421,46.7719,48.1784,29.4133,167.274,167.274,183.3821,92.8995
188,cnn,nsson,jetson_emulator,10,offload,0.5271990124454781,47.4687,33.4984,33.4984,35.3512,30.9793,167.274,167.274,182.9777,92.9473
189,cnn,nsson,jetson_emulator,10,offload,0.5232087174455183,46.9443,33.9761,33.9761,36.1758,30.9793,167.274,167.274,183.1186,92.8633
190,cnn,nsson,jetson_emulator,10,offload,0.5242715044875925,47.0929,34.6119,34.6119,35.5394,30.9793,167.274,167.274,183.2594,92.982
191,cnn,nsson,jetson_emulator,10,local,0.5301589814317975,46.6289,33.8469,46.6289,48.6025,29.4312,167.274,167.274,183.9472,92.8702
192,cnn,nsson,jetson_emulator,10,offload,0.5324405045808429,46.7407,34.6869,34.6869,36.792,30.9793,167.274,167.274,183.5411,92.8712
193,cnn,nsson,jetson_emulator,10,offload,0.5377890035873725,47.6979,33.991,33.991,36.2642,30.9793,167.274,167.274,183.6819,92.9767
194,cnn,nsson,jetson_emulator,10,local,0.5375869133163849,47.1341,33.5116,47.1341,49.109,29.3681,167.274,167.274,184.371,92.8318
195,cnn,nsson,jetson_emulator,10,offload,0.544848910815912,46.8904,34.2328,34.2328,35.6007,30.9793,167.274,167.274,183.9636,92.8935
196,cnn,nsson,jetson_emulator,10,local,0.5528729518333496,46.6993,33.4767,46.6993,48.2944,29.4224,167.274,167.274,184.6535,92.8518
197,cnn,nsson,jetson_emulator,10,offload,0.5550369641643287,46.8045,33.6142,33.6142,35.6964,30.9793,167.274,167.274,184.2453,92.8888
198,cnn,nsson,jetson_emulator,10,offload,0.5573671325527318,46.861,33.8619,33.8619,35.3409,30.9793,167.274,167.274,184.3862,92.9285
199,cnn,nsson,jetson_emulator,10,offload,0.5590691975280525,47.3748,34.1533,34.1533,35.9499,30.9793,167.274,167.274,184.527,92.9899
200,cnn,nsson,jetson_emulator,10,offload,0.5597611774820767,46.8031,33.8388,33.8388,35.567,30.9793,167.274,167.274,184.6679,92.8186
201,cnn,nsson,jetson_emulator,10,offload,0.5596753887036474,47.4251,33.4496,33.4496,35.5048,30.9793,167.274,167.274,184.8087,92.8736
202,cnn,nsson,jetson_emulator,10,local,0.5718458187943087,46.7651,33.6613,46.7651,49.3926,29.4142,167.274,167.274,185.5011,92.8468
203,cnn,nsson,jetson_emulator,10,local,0.5715435048622585,47.0605,33.8316,47.0605,48.284,29.3773,167.274,167.274,185.6424,92.8727
204,cnn,nsson,jetson_emulator,10,local,0.5722390009767192,46.7711,34.4649,46.7711,48.4321,29.4134,167.274,167.274,185.7837,93.0255
205,cnn,nsson,jetson_emulator,10,local,0.5734941974549456,47.0006,33.6634,47.0006,48.4494,29.3848,167.274,167.274,185.9249,92.9188
206,cnn,nsson,jetson_emulator,10,offload,0.5683730457233243,47.4523,34.1462,34.1462,35.8522,30.9793,167.274,167.274,185.513,92.9053
207,cnn,nsson,jetson_emulator,10,offload,0.5738273210076686,47.0007,33.7757,33.7757,35.4881,30.9793,167.274,167.274,185.6538,92.8322
208,cnn,nsson,jetson_emulator,10,local,0.5711899855422151,46.8052,33.9978,46.8052,48.3441,29.4092,167.274,167.274,186.3487,92.969
209,cnn,nsson,jetson_emulator,10,offload,0.5753410844092701,47.0162,33.5007,33.5007,35.8124,30.9793,167.274,167.274,185.9355,92.9531
210,cnn,nsson,jetson_emulator,10,offload,0.5778160784416194,48.0436,34.0223,34.0223,36.873,30.9793,167.274,167.274,186.0764,92.9072
211,cnn,nsson,jetson_emulator,10,local,0.5690218690777046,46.8147,34.5629,46.8147,49.4398,29.408,167.274,167.274,186.7725,92.9519
212,cnn,nsson,jetson_emulator,10,offload,0.5750179464776073,47.0533,34.1736,34.1736,36.3707,30.9793,167.274,167.274,186.3581,92.869
213,cnn,nsson,jetson_emulator,10,offload,0.5772025659909378,47.4878,34.2517,34.2517,35.4587,30.9793,167.274,167.274,186.4989,92.8857
214,cnn,nsson,jetson_emulator,10,local,0.5742600221485495,47.8809,33.5248,47.8809,50.2935,29.2754,167.274,167.274,187.1963,92.8956
215,cnn,nsson,jetson_emulator,10,local,0.5751967748047142,48.4947,33.5569,48.4947,50.2853,29.1997,167.274,167.274,187.3376,92.8725
216,cnn,nsson,jetson_emulator,10,offload,0.5732533026866151,47.612,34.2084,34.2084,35.7571,30.9793,167.274,167.274,186.9215,92.8967
217,cnn,nsson,jetson_emulator,10,offload,0.5711914024764889,47.2145,34.2458,34.2458,36.5277,30.9793,167.274,167.274,187.0623,92.9205
218,cnn,nsson,jetson_emulator,10,local,0.5747006048832564,47.6667,33.6932,47.6667,49.6966,29.302,167.274,167.274,187.7614,92.9364
219,cnn,nsson,jetson_emulator,10,local,0.5809435193487563,47.0705,34.2831,47.0705,49.1558,29.3761,167.274,167.274,187.9027,92.921
220,cnn,nsson,jetson_emulator,10,local,0.5794479040721195,47.2705,34.051,47.2705,48.7987,29.3512,167.274,167.274,188.044,92.959
221,cnn,nsson,jetson_emulator,10,local,0.5833981639852875,47.8748,33.7633,47.8748,49.9693,29.2762,167.274,167.274,188.1852,92.9787
222,cnn,nsson,jetson_emulator,10,local,0.5800846178106838,47.868,34.5646,47.868,50.2805,29.277,167.274,167.274,188.3265,93.0287
223,cnn,nsson,jetson_emulator,10,offload,0.5823513480373945,47.5086,33.8211,33.8211,35.3427,30.9793,167.274,167.274,187.9074,92.917
224,cnn,nsson,jetson_emulator,10,offload,0.574581352175477,48.0146,34.8144,34.8144,36.981,30.9793,167.274,167.274,188.0482,92.8877
225,cnn,nsson,jetson_emulator,10,offload,0.579147810868653,47.6493,34.4846,34.4846,36.6209,30.9793,167.274,167.274,188.1891,92.9102
226,cnn,nsson,jetson_emulator,10,offload,0.5810759471742252,47.3703,35.079,35.079,36.6672,30.9793,167.274,167.274,188.3299,92.8682
227,cnn,nsson,jetson_emulator,10,local,0.5879360754948945,47.7569,34.4054,47.7569,50.342,29.2908,167.274,167.274,189.0328,92.8993
228,cnn,nsson,jetson_emulator,10,offload,0.5892319177894761,48.4617,34.6552,34.6552,36.5351,30.9793,167.274,167.274,188.6116,92.949
229,cnn,nsson,jetson_emulator,10,local,0.5925087810539182,47.7529,34.0968,47.7529,50.1583,29.2913,167.274,167.274,189.3154,92.8878
230,cnn,nsson,jetson_emulator,10,offload,0.5961189086102157,47.5438,35.2575,35.2575,36.9114,30.9793,167.274,167.274,188.8933,92.888
231,cnn,nsson,jetson_emulator,10,offload,0.6032148588984901,47.7169,34.6597,34.6597,36.406,30.9793,167.274,167.274,189.0342,92.9548
232,cnn,nsson,jetson_emulator,10,offload,0.591262540716794,48.2323,35.4581,35.4581,36.8953,30.9793,167.274,167.274,189.175,92.896
233,cnn,nsson,jetson_emulator,10,local,0.5989608556779786,48.4618,34.9056,48.4618,49.976,29.2037,167.274,167.274,189.8804,92.912
234,cnn,nsson,jetson_emulator,10,local,0.6083998821367641,48.0426,35.3471,48.0426,49.3912,29.2554,167.274,167.274,190.0217,92.9373
235,cnn,nsson,jetson_emulator,10,offload,0.6140087142686723,48.1058,34.5487,34.5487,36.1831,30.9793,167.274,167.274,189.5976,92.9949
236,cnn,nsson,jetson_emulator,10,offload,0.6137978681208759,48.0001,34.4203,34.4203,36.0684,30.9793,167.274,167.274,189.7384,92.9199
237,cnn,nsson,jetson_emulator,10,offload,0.6154782133745818,48.3058,34.4472,34.4472,36.1699,30.9793,167.274,167.274,189.8793,92.8953
238,cnn,nsson,jetson_emulator,10,offload,0.6079706355687616,49.1512,34.8149,34.8149,36.9207,30.9793,167.274,167.274,190.0201,92.9053
239,cnn,nsson,jetson_emulator,10,local,0.6185022394028061,48.7182,35.5111,48.7182,50.5514,29.1722,167.274,167.274,190.7281,92.9492
240,cnn,nsson,jetson_emulator,10,offload,0.6170394562292749,48.219,35.6615,35.6615,36.7991,30.9793,167.274,167.274,190.3018,92.9251
241,cnn,nsson,jetson_emulator,10,offload,0.6221079062828248,48.6853,34.7418,34.7418,36.3213,30.9793,167.274,167.274,190.4427,92.8636
242,cnn,nsson,jetson_emulator,10,offload,0.6233721123646605,48.5227,35.693,35.693,37.1727,30.9793,167.274,167.274,190.5835,92.9042
243,cnn,nsson,jetson_emulator,10,local,0.6156620859404109,48.3949,34.9666,48.3949,49.9402,29.212,167.274,167.274,191.2931,92.8856
244,cnn,nsson,jetson_emulator,10,local,0.5976969915295156,48.4309,35.2604,48.4309,50.0596,29.2075,167.274,167.274,191.4344,92.9166
245,cnn,nsson,jetson_emulator,10,offload,0.6004717164031208,49.5075,35.1564,35.1564,36.5313,30.9793,167.274,167.274,191.0061,93.0033
246,cnn,nsson,jetson_emulator,10,local,0.6054494777656518,48.7848,34.8474,48.7848,50.3795,29.164,167.274,167.274,191.7169,92.8773
247,cnn,nsson,jetson_emulator,10,local,0.607090635289973,48.7033,34.9296,48.7033,50.0733,29.174,167.274,167.274,191.8582,92.9306
248,cnn,nsson,jetson_emulator,10,offload,0.6116497360221034,49.3471,35.1647,35.1647,36.7896,30.9793,167.274,167.274,191.4286,92.9719
249,cnn,nsson,jetson_emulator,10,local,0.6097512219807402,49.2358,35.6505,49.2358,51.4154,29.1087,167.274,167.274,192.1407,92.8779
250,cnn,nsson,jetson_emulator,10,local,0.6076717260175946,49.6725,35.5666,49.6725,52.7156,29.0554,167.274,167.274,192.282,92.8776
251,cnn,nsson,jetson_emulator,10,offload,0.6017326301852299,49.6673,35.2113,35.2113,36.7072,30.9793,167.274,167.274,191.8512,92.8549
252,cnn,nsson,jetson_emulator,10,offload,0.6092962747390929,49.2707,35.4209,35.4209,37.183,30.9793,167.274,167.274,191.992,92.9382
253,cnn,nsson,jetson_emulator,10,local,0.6032959157223104,49.1657,36.9309,49.1657,50.9446,29.1173,167.274,167.274,192.7058,92.9383
254,cnn,nsson,jetson_emulator,10,offload,0.6008227209112498,49.3498,35.7094,35.7094,36.5801,30.9793,167.274,167.274,192.2737,92.9468
255,cnn,nsson,jetson_emulator,10,offload,0.5850148684441333,49.2789,35.6565,35.6565,36.8152,30.9793,167.274,167.274,192.4145,92.9281
256,cnn,nsson,jetson_emulator,10,offload,0.5815571747906596,49.8026,35.6926,35.6926,37.606,30.9793,167.274,167.274,192.5554,92.8598
257,cnn,nsson,jetson_emulator,10,local,0.57238350056657,51.1204,35.4749,51.1204,52.2866,28.88,167.274,167.274,193.2709,92.9573
258,cnn,nsson,jetson_emulator,10,offload,0.5595079602230106,50.4903,37.0985,37.0985,39.0423,30.9793,167.274,167.274,192.8371,92.9026
259,cnn,nsson,jetson_emulator,10,offload,0.5499069343500675,49.7617,36.3561,36.3561,38.3586,30.9793,167.274,167.274,192.9779,92.9915
260,cnn,nsson,jetson_emulator,10,offload,0.5586937481048098,50.2908,36.7085,36.7085,39.4879,30.9793,167.274,167.274,193.1188,92.9476
261,cnn,nsson,jetson_emulator,10,offload,0.559455166385449,50.2077,35.6483,35.6483,37.631,30.9793,167.274,167.274,193.2596,92.8891
262,cnn,nsson,jetson_emulator,10,offload,0.5618223698978657,50.069,35.6711,35.6711,36.5714,30.9793,167.274,167.274,193.4005,92.9685
263,cnn,nsson,jetson_emulator,10,offload,0.559715698195378,50.091,37.519,37.519,38.9078,30.9793,167.274,167.274,193.5413,92.9466
264,cnn,nsson,jetson_emulator,10,local,0.5602132076887237,50.0778,35.7839,50.0778,51.7641,29.0061,167.274,167.274,194.2598,92.9242
265,cnn,nsson,jetson_emulator,10,local,0.5515363849786665,50.2974,35.9864,50.2974,52.4207,28.9794,167.274,167.274,194.401,92.9482
266,cnn,nsson,jetson_emulator,10,local,0.5397327609708726,51.0432,36.8366,51.0432,52.4408,28.8893,167.274,167.274,194.5423,92.9602
267,cnn,nsson,jetson_emulator,10,offload,0.543713770306024,50.8651,36.2904,36.2904,37.6274,30.9793,167.274,167.274,194.1047,92.9525
268,cnn,nsson,jetson_emulator,10,local,0.5503653055075872,50.5657,36.7654,50.5657,51.237,28.9469,167.274,167.274,194.8248,92.8539
269,cnn,nsson,jetson_emulator,10,offload,0.5481822181001148,51.4537,36.5327,36.5327,37.6128,30.9793,167.274,167.274,194.3864,92.9117
270,cnn,nsson,jetson_emulator,10,local,0.5475518952179186,51.0391,37.2498,51.0391,52.8324,28.8898,167.274,167.274,195.1074,92.9267
271,cnn,nsson,jetson_emulator,10,local,0.5546206966157835,51.097,37.1173,51.097,52.5217,28.8828,167.274,167.274,195.2486,92.9142
272,cnn,nsson,jetson_emulator,10,local,0.5477732831751867,51.7411,36.4235,51.7411,53.9093,28.8054,167.274,167.274,195.3899,92.9837
273,cnn,nsson,jetson_emulator,10,offload,0.5580625658962659,51.0337,36.6989,36.6989,37.7048,30.9793,167.274,167.274,194.9498,93.0312
274,cnn,nsson,jetson_emulator,10,local,0.5619164576830743,51.8782,36.5977,51.8782,52.6088,28.789,167.274,167.274,195.6724,92.9719
275,cnn,nsson,jetson_emulator,10,offload,0.5603931622663334,51.4084,37.3753,37.3753,39.2659,30.9793,167.274,167.274,195.2315,92.9013
276,cnn,nsson,jetson_emulator,10,local,0.561626180266434,51.5885,37.3755,51.5885,52.9043,28.8237,167.274,167.274,195.955,92.9117
277,cnn,nsson,jetson_emulator,10,offload,0.5590803843118458,51.4015,36.6923,36.6923,38.3998,30.9793,167.274,167.274,195.5132,92.8781
278,cnn,nsson,jetson_emulator,10,offload,0.5606324564769769,52.0031,37.8458,37.8458,40.158,30.9793,167.274,167.274,195.6541,92.8711
279,cnn,nsson,jetson_emulator,10,offload,0.5722093191596878,51.7161,37.6245,37.6245,38.8755,30.9793,167.274,167.274,195.7949,92.9535
280,cnn,nsson,jetson_emulator,10,local,0.5716830199793957,52.2635,37.1832,52.2635,53.4362,28.743,167.274,167.274,196.5201,92.8473
281,cnn,nsson,jetson_emulator,10,offload,0.5625401815887093,51.7858,37.9972,37.9972,39.6084,30.9793,167.274,167.274,196.0766,92.8392
282,cnn,nsson,jetson_emulator,10,offload,0.564459736301512,51.933,37.3962,37.3962,39.7141,30.9793,167.274,167.274,196.2175,92.9075
283,cnn,nsson,jetson_emulator,10,local,0.5666846804661423,52.3771,37.5492,52.3771,53.9459,28.7294,167.274,167.274,196.9439,93.0501
284,cnn,nsson,jetson_emulator,10,offload,0.5726907902351942,53.0185,37.1943,37.1943,38.6225,30.9793,167.274,167.274,196.4992,92.828
285,cnn,nsson,jetson_emulator,10,offload,0.5745325047839178,52.5606,37.4083,37.4083,39.1906,30.9793,167.274,167.274,196.64,92.976
286,cnn,nsson,jetson_emulator,10,local,0.574616262019421,52.46,37.5493,52.46,54.6459,28.7195,167.274,167.274,197.3677,92.921
287,cnn,nsson,jetson_emulator,10,local,0.5736570278278081,52.8384,37.4273,52.8384,54.6842,28.6745,167.274,167.274,197.5089,92.8961
288,cnn,nsson,jetson_emulator,10,offload,0.5691777464178291,52.4491,38.266,38.266,39.9807,30.9793,167.274,167.274,197.0625,92.9439
289,cnn,nsson,jetson_emulator,10,offload,0.5647704787856294,53.1692,38.2709,38.2709,40.7416,30.9793,167.274,167.274,197.2034,92.9244
290,cnn,nsson,jetson_emulator,10,local,0.5596944496664282,53.4887,39.1179,53.4887,55.4033,28.5976,167.274,167.274,197.9327,92.8422
291,cnn,nsson,jetson_emulator,10,offload,0.5576477736874377,53.6467,39.7095,39.7095,41.4221,30.9793,167.274,167.274,197.4851,92.9031
292,cnn,nsson,jetson_emulator,10,offload,0.5626979470365462,53.1671,37.8213,37.8213,39.9444,30.9793,167.274,167.274,197.6259,92.9441
293,cnn,nsson,jetson_emulator,10,offload,0.5596252027366699,53.2119,38.6272,38.6272,40.8392,30.9793,167.274,167.274,197.7668,92.8939
294,cnn,nsson,jetson_emulator,10,offload,0.5639507316016202,53.4423,38.7127,38.7127,40.2833,30.9793,167.274,167.274,197.9076,92.9317
295,cnn,nsson,jetson_emulator,10,offload,0.574351588837682,53.9332,39.5805,39.5805,40.1747,30.9793,167.274,167.274,198.0485,92.9491
296,cnn,nsson,jetson_emulator,10,offload,0.573155621225133,53.8134,38.2292,38.2292,40.5905,30.9793,167.274,167.274,198.1893,92.8775
297,cnn,nsson,jetson_emulator,10,local,0.5768704229733361,53.909,38.7662,53.909,55.3876,28.548,167.274,167.274,198.9216,92.9299
298,cnn,nsson,jetson_emulator,10,offload,0.5722412292487424,53.4939,38.7818,38.7818,40.6156,30.9793,167.274,167.274,198.471,92.9803
299,cnn,nsson,jetson_emulator,10,offload,0.5740653793055854,53.977,39.8639,39.8639,40.9819,30.9793,167.274,167.274,198.6119,92.9174
300,cnn,nsson,jetson_emulator,10,offload,0.5725540448569059,54.015,38.706,38.706,40.7694,30.9793,167.274,167.274,198.7527,93.0202
301,cnn,nsson,jetson_emulator,10,offload,0.5804802429381561,54.2961,41.2331,41.2331,42.6871,30.9793,167.274,167.274,198.8936,92.8278
302,cnn,nsson,jetson_emulator,10,offload,0.5829114405836291,54.3001,38.5656,38.5656,40.2811,30.9793,167.274,167.274,199.0344,92.8959
303,cnn,nsson,jetson_emulator,10,local,0.585814044726855,54.2275,39.3631,54.2275,56.1739,28.5106,167.274,167.274,199.7692,92.8865
304,cnn,nsson,jetson_emulator,10,offload,0.5965433661529291,54.5608,38.9719,38.9719,40.5724,30.9793,167.274,167.274,199.3161,92.8388
305,cnn,nsson,jetson_emulator,10,local,0.603814894977771,54.2458,39.8011,54.2458,55.8384,28.5084,167.274,167.274,200.0518,92.856
306,cnn,nsson,jetson_emulator,10,offload,0.6109168023616138,55.0149,39.0917,39.0917,41.1304,30.9793,167.274,167.274,199.5978,92.9548
307,cnn,nsson,jetson_emulator,10,local,0.6104196568468251,54.5237,39.3659,54.5237,56.5675,28.4759,167.274,167.274,200.3343,92.9227
308,cnn,nsson,jetson_emulator,10,offload,0.6100436346770649,54.8836,39.5419,39.5419,41.0401,30.9793,167.274,167.274,199.8795,93.0196
309,cnn,nsson,jetson_emulator,10,local,0.6022227642547971,55.0105,40.3654,55.0105,56.2703,28.419,167.274,167.274,200.6168,92.9273
310,cnn,nsson,jetson_emulator,10,offload,0.596300576039855,55.2939,39.9981,39.9981,41.7072,30.9793,167.274,167.274,200.1612,92.8555
311,cnn,nsson,jetson_emulator,10,offload,0.5997839511443139,54.8519,39.7066,39.7066,41.5626,30.9793,167.274,167.274,200.3021,92.8841
312,cnn,nsson,jetson_emulator,10,local,0.6023814223817792,55.2682,39.9944,55.2682,56.4784,28.389,167.274,167.274,201.0406,92.9777
313,cnn,nsson,jetson_emulator,10,local,0.604208243662904,55.7388,39.3517,55.7388,57.5276,28.3343,167.274,167.274,201.1819,92.9234
314,cnn,nsson,jetson_emulator,10,local,0.6092803835318602,55.2819,40.4251,55.2819,57.0227,28.3874,167.274,167.274,201.3232,92.8985
315,cnn,nsson,jetson_emulator,10,offload,0.6046229662756654,55.3294,39.4918,39.4918,41.0986,30.9793,167.274,167.274,200.8655,93.0036
316,cnn,nsson,jetson_emulator,10,offload,0.6053193652208835,55.4036,40.7684,40.7684,42.0544,30.9793,167.274,167.274,201.0063,92.923
317,cnn,nsson,jetson_emulator,10,offload,0.6075369827248983,56.1858,41.2357,41.2357,42.7951,30.9793,167.274,167.274,201.1471,92.8412
318,cnn,nsson,jetson_emulator,10,offload,0.6040514752771098,56.1455,40.9125,40.9125,42.745,30.9793,167.274,167.274,201.288,92.8851
319,cnn,nsson,jetson_emulator,10,offload,0.6054103471609911,55.6425,40.6278,40.6278,41.8347,30.9793,167.274,167.274,201.4288,92.904
320,cnn,nsson,jetson_emulator,10,local,0.6094169602641827,56.2418,40.1592,56.2418,58.0683,28.2761,167.274,167.274,202.1708,92.9751
321,cnn,nsson,jetson_emulator,10,offload,0.6111777958068668,56.2575,40.6529,40.6529,41.7557,30.9793,167.274,167.274,201.7105,92.8941
322,cnn,nsson,jetson_emulator,10,local,0.6144174120190349,56.0206,40.1779,56.0206,57.746,28.3017,167.274,167.274,202.4533,92.9388
323,cnn,nsson,jetson_emulator,10,offload,0.6165418318141312,56.1729,41.391,41.391,42.8341,30.9793,167.274,167.274,201.9922,92.8517
324,cnn,nsson,jetson_emulator,10,offload,0.6085812027919179,57.4836,41.1372,41.1372,42.2886,30.9793,167.274,167.274,202.1331,92.9316
325,cnn,nsson,jetson_emulator,10,offload,0.610733780059641,56.2518,40.1517,40.1517,41.8544,30.9793,167.274,167.274,202.2739,92.9501
326,cnn,nsson,jetson_emulator,10,offload,0.6156038402906611,56.7706,40.2315,40.2315,42.1853,30.9793,167.274,167.274,202.4148,92.8793
327,cnn,nsson,jetson_emulator,10,offload,0.604630885572429,56.5062,40.6899,40.6899,42.0146,30.9793,167.274,167.274,202.5556,92.9849
328,cnn,nsson,jetson_emulator,10,offload,0.5977238517285159,56.4859,40.8557,40.8557,42.7914,30.9793,167.274,167.274,202.6965,92.8329
329,cnn,nsson,jetson_emulator,10,local,0.6011007220277447,56.7901,41.3456,56.7901,58.0595,28.2129,167.274,167.274,203.4422,92.9597
330,cnn,nsson,jetson_emulator,10,offload,0.5958202294877434,57.3721,40.8795,40.8795,42.1492,30.9793,167.274,167.274,202.9782,92.9372
331,cnn,nsson,jetson_emulator,10,local,0.5840900192593271,57.1961,41.0297,57.1961,59.0498,28.1664,167.274,167.274,203.7247,92.9208
332,cnn,nsson,jetson_emulator,10,offload,0.589189636642853,57.1404,41.0189,41.0189,42.6064,30.9793,167.274,167.274,203.2599,92.8529
333,cnn,nsson,jetson_emulator,10,offload,0.5888883556738507,57.1779,41.4572,41.4572,43.4785,30.9793,167.274,167.274,203.4007,92.9277
334,cnn,nsson,jetson_emulator,10,offload,0.5895866917138397,57.206,40.736,40.736,42.2039,30.9793,167.274,167.274,203.5416,92.944
335,cnn,nsson,jetson_emulator,10,offload,0.5862371538785875,57.2042,40.8882,40.8882,43.4164,30.9793,167.274,167.274,203.6824,92.8769
336,cnn,nsson,jetson_emulator,10,offload,0.5830554512486245,57.8139,41.7424,41.7424,43.094,30.957,167.274,167.274,203.8233,92.9033
337,cnn,nsson,jetson_emulator,10,local,0.5686195579171232,57.5345,40.8842,57.5345,59.93,28.1277,167.274,167.274,204.5724,92.9116
338,cnn,nsson,jetson_emulator,10,offload,0.5611099219456616,57.4872,40.9753,40.9753,43.3752,30.9793,167.274,167.274,204.105,92.9019
339,cnn,nsson,jetson_emulator,10,offload,0.5598034213903356,57.7831,41.3543,41.3543,42.758,30.9793,167.274,167.274,204.2458,92.888
340,cnn,nsson,jetson_emulator,10,offload,0.5618973225898577,57.7308,41.176,41.176,42.9493,30.9793,167.274,167.274,204.3867,92.9166
341,cnn,nsson,jetson_emulator,10,offload,0.5598311214230646,57.674,41.5828,41.5828,43.1917,30.9784,167.274,167.274,204.5275,92.9255
342,cnn,nsson,jetson_emulator,10,offload,0.5630712035283079,57.8119,41.943,41.943,44.1474,30.93,167.274,167.274,204.6684,92.9325
343,cnn,nsson,jetson_emulator,10,offload,0.5582609049951383,57.9639,42.1302,42.1302,42.7512,30.9049,167.274,167.274,204.8092,92.93
344,cnn,nsson,jetson_emulator,10,local,0.578428509110709,58.0771,41.7372,58.0771,59.8153,28.0658,167.274,167.274,205.5612,92.9902
345,cnn,nsson,jetson_emulator,10,offload,0.5853933642819794,57.8015,41.6765,41.6765,43.5592,30.9658,167.274,167.274,205.0909,92.8873
346,cnn,nsson,jetson_emulator,10,offload,0.5938659851074978,58.5745,42.3349,42.3349,44.3494,30.8776,167.274,167.274,205.2318,92.9837
347,cnn,nsson,jetson_emulator,10,local,0.5895310127926624,58.4893,41.8179,58.4893,60.8474,28.019,167.274,167.274,205.985,92.9444
348,cnn,nsson,jetson_emulator,10,offload,0.5853950024783122,58.5176,41.7779,41.7779,43.5473,30.9522,167.274,167.274,205.5134,92.8797
349,cnn,nsson,jetson_emulator,10,local,0.5882059119592333,58.2919,42.3634,58.2919,60.4582,28.0414,167.274,167.274,206.2676,92.8841
350,cnn,nsson,jetson_emulator,10,offload,0.5931511199005048,58.4694,42.4392,42.4392,43.9801,30.8636,167.274,167.274,205.7951,92.856
351,cnn,nsson,jetson_emulator,10,offload,0.595514200494785,58.2506,42.1437,42.1437,43.8231,30.9031,167.274,167.274,205.936,92.8599
352,cnn,nsson,jetson_emulator,10,offload,0.5849491889367597,58.7357,42.8816,42.8816,45.1655,30.8047,167.274,167.274,206.0768,92.8784
353,cnn,nsson,jetson_emulator,10,local,0.5860552138387802,58.4565,42.2072,58.4565,59.5712,28.0227,167.274,167.274,206.8327,92.8827
354,cnn,nsson,jetson_emulator,10,offload,0.5902955735668538,58.8733,42.1938,42.1938,43.6206,30.8964,167.274,167.274,206.3585,92.8761
355,cnn,nsson,jetson_emulator,10,offload,0.5958157443631101,58.427,42.1356,42.1356,42.6943,30.9042,167.274,167.274,206.4994,92.9319
356,cnn,nsson,jetson_emulator,10,local,0.5915611573874954,58.4775,42.3713,58.4775,60.1253,28.0203,167.274,167.274,207.2565,92.882
357,cnn,nsson,jetson_emulator,10,local,0.5948762898538889,59.0276,42.8387,59.0276,60.8096,27.9581,167.274,167.274,207.3977,92.9162
358,cnn,nsson,jetson_emulator,10,local,0.6051881956186208,58.7256,42.5311,58.7256,61.0572,27.9923,167.274,167.274,207.539,92.9395
359,cnn,nsson,jetson_emulator,10,local,0.6027244438586458,58.9847,42.5824,58.9847,61.0024,27.963,167.274,167.274,207.6803,92.9052
360,cnn,nsson,jetson_emulator,10,offload,0.5991277500908534,59.5231,42.3178,42.3178,44.3995,30.8798,167.274,167.274,207.2036,93.0064
361,cnn,nsson,jetson_emulator,10,offload,0.6011494552607426,58.9694,43.6784,43.6784,45.5754,30.699,167.274,167.274,207.3445,92.8908
362,cnn,nsson,jetson_emulator,10,offload,0.6062124969778124,59.6876,42.4785,42.4785,44.7633,30.8584,167.274,167.274,207.4853,92.9443
363,cnn,nsson,jetson_emulator,10,offload,0.6107800607272756,58.8614,42.2209,42.2209,44.1806,30.8928,167.274,167.274,207.6262,92.9466
364,cnn,nsson,jetson_emulator,10,local,0.6116647790716931,59.5508,43.1886,59.5508,61.2616,27.8992,167.274,167.274,208.3866,92.9846
365,cnn,nsson,jetson_emulator,10,local,0.6064135547960908,59.4591,43.531,59.4591,61.1386,27.9095,167.274,167.274,208.5279,93.0184
366,cnn,nsson,jetson_emulator,10,offload,0.6120627117104233,59.1795,43.5508,43.5508,45.3904,30.7159,167.274,167.274,208.0487,92.9086
367,cnn,nsson,jetson_emulator,10,offload,0.6166649003817001,59.3144,43.4088,43.4088,46.2266,30.7347,167.274,167.274,208.1896,92.8961
368,cnn,nsson,jetson_emulator,10,offload,0.6244665188956093,59.6806,42.6592,42.6592,44.3802,30.8343,167.274,167.274,208.3304,92.8726
369,cnn,nsson,jetson_emulator,10,offload,0.6327073029371191,59.6136,42.8621,42.8621,43.9118,30.8073,167.274,167.274,208.4713,92.9257
370,cnn,nsson,jetson_emulator,10,offload,0.6231146478849867,59.4599,42.5244,42.5244,43.3394,30.8523,167.274,167.274,208.6121,92.9527
371,cnn,nsson,jetson_emulator,10,offload,0.6269849163927244,59.4447,43.2445,43.2445,45.283,30.7565,167.274,167.274,208.753,92.9102
372,cnn,nsson,jetson_emulator,10,offload,0.635251485188245,59.2797,43.2528,43.2528,44.1749,30.7554,167.274,167.274,208.8938,92.8712
373,cnn,nsson,jetson_emulator,10,offload,0.63155012936216,59.6904,42.4359,42.4359,43.2829,30.8641,167.274,167.274,209.0347,92.9256
374,cnn,nsson,jetson_emulator,10,offload,0.6304631021266911,59.3732,44.6553,44.6553,46.455,30.5705,167.274,167.274,209.1755,92.9092
375,cnn,nsson,jetson_emulator,10,local,0.6362881278927841,59.7337,42.7282,59.7337,62.476,27.8787,167.274,167.274,209.9406,92.8803
376,cnn,nsson,jetson_emulator,10,local,0.626385637285927,59.8419,42.7611,59.8419,60.995,27.8665,167.274,167.274,210.0818,92.8499
377,cnn,nsson,jetson_emulator,10,offload,0.624593185144365,59.9178,43.3512,43.3512,45.121,30.7423,167.274,167.274,209.5981,92.9404
378,cnn,nsson,jetson_emulator,10,offload,0.6265469232889096,59.6697,42.7767,42.7767,44.1596,30.8186,167.274,167.274,209.7389,92.9421
379,cnn,nsson,jetson_emulator,10,offload,0.6260444009039289,59.6212,43.0076,43.0076,45.2862,30.7879,167.274,167.274,209.8797,92.9943
380,cnn,nsson,jetson_emulator,10,offload,0.6398497036734844,60.0201,42.5948,42.5948,44.1051,30.8429,167.274,167.274,210.0206,92.9013
381,cnn,nsson,jetson_emulator,10,offload,0.6451110938429554,60.4231,43.2958,43.2958,44.0382,30.7497,167.274,167.274,210.1614,92.9092
382,cnn,nsson,jetson_emulator,10,offload,0.6423758255091736,59.7761,42.872,42.872,44.5983,30.8059,167.274,167.274,210.3023,92.9335
383,cnn,nsson,jetson_emulator,10,offload,0.6522467951785232,60.4997,43.5682,43.5682,45.2917,30.7136,167.274,167.274,210.4431,92.8741
384,cnn,nsson,jetson_emulator,10,offload,0.6575498414866614,60.3567,44.9247,44.9247,46.5315,30.5353,167.274,167.274,210.584,92.911
385,cnn,nsson,jetson_emulator,10,local,0.6492131648180264,60.8502,43.6751,60.8502,62.4528,27.7539,167.274,167.274,211.3532,92.8724
386,cnn,nsson,jetson_emulator,10,offload,0.6505110996967974,60.0013,42.7373,42.7373,44.3011,30.8239,167.274,167.274,210.8657,92.8954
387,cnn,nsson,jetson_emulator,10,local,0.6551465125943534,60.0544,42.7184,60.0544,61.6785,27.8427,167.274,167.274,211.6358,92.9042
388,cnn,nsson,jetson_emulator,10,offload,0.6542571351717723,59.757,43.123,43.123,45.2674,30.7726,167.274,167.274,211.1474,92.9137
389,cnn,nsson,jetson_emulator,10,local,0.6490062998832846,59.6457,43.3871,59.6457,60.8186,27.8885,167.274,167.274,211.9183,92.9054
390,cnn,nsson,jetson_emulator,10,offload,0.6431589617689798,59.9315,43.4962,43.4962,45.5982,30.7231,167.274,167.274,211.4291,92.8847
391,cnn,nsson,jetson_emulator,10,offload,0.6553741529274477,59.7173,43.8475,43.8475,45.5074,30.6767,167.274,167.274,211.5699,92.9045
392,cnn,nsson,jetson_emulator,10,local,0.6544847151642714,59.7237,42.8958,59.7237,61.5164,27.8798,167.274,167.274,212.3421,92.9188
393,cnn,nsson,jetson_emulator,10,local,0.6546606148553058,59.8369,43.0522,59.8369,61.3966,27.8671,167.274,167.274,212.4834,92.8478
394,cnn,nsson,jetson_emulator,10,offload,0.6593484346171838,60.1126,43.7829,43.7829,45.7595,30.6852,167.274,167.274,211.9925,92.9392
395,cnn,nsson,jetson_emulator,10,local,0.6475555158543101,60.2982,43.0118,60.2982,61.2311,27.8155,167.274,167.274,212.7659,92.9194
396,cnn,nsson,jetson_emulator,10,offload,0.6500096803313175,59.7979,43.545,43.545,45.7113,30.7167,167.274,167.274,212.2742,92.878
397,cnn,nsson,jetson_emulator,10,offload,0.6483689774452523,59.8723,44.2608,44.2608,45.279,30.6223,167.274,167.274,212.415,92.9935
398,cnn,nsson,jetson_emulator,10,offload,0.6435070625556832,60.2281,42.7385,42.7385,44.7466,30.8237,167.274,167.274,212.5559,92.9966
399,cnn,nsson,jetson_emulator,10,local,0.6434183451469946,60.3504,44.3865,60.3504,61.6687,27.8096,167.274,167.274,213.331,92.9296
400,cnn,nsson,jetson_emulator,10,local,0.6435971073231326,61.267,42.759,61.267,62.3912,27.7076,167.274,167.274,213.4723,92.9322
401,cnn,nsson,jetson_emulator,10,local,0.6500847153242224,60.5339,42.8586,60.5339,62.0041,27.7891,167.274,167.274,213.6135,92.918
402,cnn,nsson,jetson_emulator,10,offload,0.6550270099041714,59.7515,43.1514,43.1514,44.8581,30.7688,167.274,167.274,213.1193,92.9383
403,cnn,nsson,jetson_emulator,10,local,0.6572125375444848,60.0439,43.6253,60.0439,61.4522,27.8439,167.274,167.274,213.8961,92.8694
404,cnn,nsson,jetson_emulator,10,offload,0.6482458373119054,60.5718,43.4788,43.4788,45.2874,30.7254,167.274,167.274,213.401,92.8967
405,cnn,nsson,jetson_emulator,10,local,0.6486449405180063,59.9208,43.4951,59.9208,61.4228,27.8577,167.274,167.274,214.1786,92.8756
406,cnn,nsson,jetson_emulator,10,local,0.6533549990949993,61.0139,43.2806,61.0139,62.981,27.7357,167.274,167.274,214.3199,92.8646
407,cnn,nsson,jetson_emulator,10,offload,0.6510482188806602,59.9228,42.9355,42.9355,44.1577,30.7975,167.274,167.274,213.8235,92.9543
408,cnn,nsson,jetson_emulator,10,local,0.6545592279135469,60.8079,43.3857,60.8079,62.9598,27.7586,167.274,167.274,214.6024,92.9035
409,cnn,nsson,jetson_emulator,10,offload,0.6449145846654166,61.0477,42.9614,42.9614,44.1733,30.7941,167.274,167.274,214.1052,92.8844
410,cnn,nsson,jetson_emulator,10,offload,0.6562621857198796,59.9366,43.9296,43.9296,45.9467,30.6659,167.274,167.274,214.246,92.8263
411,cnn,nsson,jetson_emulator,10,offload,0.6561596268565282,60.1221,43.1984,43.1984,45.0676,30.7626,167.274,167.274,214.3869,92.9579
412,cnn,nsson,jetson_emulator,10,offload,0.6504062674297305,59.9635,42.8062,42.8062,44.2864,30.8147,167.274,167.274,214.5277,92.9146
413,cnn,nsson,jetson_emulator,10,offload,0.6540487711445035,59.9928,43.8311,43.8311,45.3468,30.6789,167.274,167.274,214.6686,92.8572
414,cnn,nsson,jetson_emulator,10,local,0.6509474030799436,60.1808,43.1663,60.1808,62.1063,27.8286,167.274,167.274,215.45,92.9295
415,cnn,nsson,jetson_emulator,10,local,0.6646859155433757,60.0892,43.4785,60.0892,61.7734,27.8388,167.274,167.274,215.5913,92.8506
416,cnn,nsson,jetson_emulator,10,local,0.6661764746963609,60.4698,42.7292,60.4698,62.877,27.7963,167.274,167.274,215.7326,92.8859
417,cnn,nsson,jetson_emulator,10,offload,0.6620290587742208,60.1038,43.2484,43.2484,44.8749,30.7559,167.274,167.274,215.232,92.8835
418,cnn,nsson,jetson_emulator,10,local,0.6766504235473145,59.9983,43.1909,59.9983,62.3925,27.849,167.274,167.274,216.0151,92.9084
419,cnn,nsson,jetson_emulator,10,local,0.6740960227319759,60.9457,43.7683,60.9457,63.2211,27.7433,167.274,167.274,216.1564,92.8461
420,cnn,nsson,jetson_emulator,10,offload,0.6702580418285867,59.8624,42.9011,42.9011,45.0966,30.8021,167.274,167.274,215.6545,92.9547
421,cnn,nsson,jetson_emulator,10,offload,0.6693682187293076,60.0047,43.754,43.754,45.9592,30.6891,167.274,167.274,215.7954,92.9294
422,cnn,nsson,jetson_emulator,10,local,0.6605590911225979,59.9749,44.4799,59.9749,61.7562,27.8516,167.274,167.274,216.5802,92.8579
423,cnn,nsson,jetson_emulator,10,offload,0.6563779926912868,59.7199,42.7593,42.7593,44.7317,30.8209,167.274,167.274,216.0771,92.9595
424,cnn,nsson,jetson_emulator,10,offload,0.6585689889285499,60.8,43.0977,43.0977,44.5566,30.7759,167.274,167.274,216.2179,92.942
425,cnn,nsson,jetson_emulator,10,offload,0.6609356809570263,59.8324,43.0157,43.0157,44.5755,30.7868,167.274,167.274,216.3588,92.9007
426,cnn,nsson,jetson_emulator,10,offload,0.662567903336604,60.0218,42.6824,42.6824,44.936,30.8312,167.274,167.274,216.4996,92.9647
427,cnn,nsson,jetson_emulator,10,offload,0.6667593297038102,60.6596,43.215,43.215,45.1912,30.7604,167.274,167.274,216.6405,92.9247
428,cnn,nsson,jetson_emulator,10,local,0.6643250971624027,59.9481,43.379,59.9481,61.6306,27.8546,167.274,167.274,217.4278,92.9524
429,cnn,nsson,jetson_emulator,10,local,0.6639285867974719,60.3563,43.3096,60.3563,62.5332,27.809,167.274,167.274,217.5691,92.9307
430,cnn,nsson,jetson_emulator,10,local,0.6636532829595846,59.7385,42.9446,59.7385,61.5595,27.8781,167.274,167.274,217.7103,92.9565
431,cnn,nsson,jetson_emulator,10,offload,0.6632682933994561,59.9163,42.8913,42.8913,44.7876,30.8034,167.274,167.274,217.2039,92.957
432,cnn,nsson,jetson_emulator,10,local,0.6572427782651453,60.9535,43.9446,60.9535,62.2402,27.7424,167.274,167.274,217.9929,92.9151
433,cnn,nsson,jetson_emulator,10,offload,0.6609034757727271,59.919,44.003,44.003,45.6918,30.6562,167.274,167.274,217.4856,92.9124
434,cnn,nsson,jetson_emulator,10,offload,0.6563023126756236,59.7012,43.3706,43.3706,45.467,30.7398,167.274,167.274,217.6264,92.9742
435,cnn,nsson,jetson_emulator,10,offload,0.6562631888920287,60.7572,43.2247,43.2247,44.8683,30.7591,167.274,167.274,217.7673,92.9548
436,cnn,nsson,jetson_emulator,10,offload,0.6502032280100963,60.3314,43.4325,43.4325,45.2543,30.7316,167.274,167.274,217.9081,92.7839
437,cnn,nsson,jetson_emulator,10,local,0.6577395042165226,60.1575,42.695,60.1575,61.9535,27.8312,167.274,167.274,218.6992,92.9701
438,cnn,nsson,jetson_emulator,10,local,0.6644002136337046,59.9739,43.1981,59.9739,61.3891,27.8517,167.274,167.274,218.8405,92.9653
439,cnn,nsson,jetson_emulator,10,offload,0.6701998006524023,60.1611,43.967,43.967,45.5811,30.661,167.274,167.274,218.3307,92.9341
440,cnn,nsson,jetson_emulator,10,offload,0.67407109427318,60.2844,42.6957,42.6957,44.2785,30.8294,167.274,167.274,218.4715,92.9087
441,cnn,nsson,jetson_emulator,10,offload,0.6670958533532535,59.636,42.7177,42.7177,44.8477,30.8265,167.274,167.274,218.6123,92.9132
442,cnn,nsson,jetson_emulator,10,offload,0.6634835678311644,60.7447,42.7144,42.7144,43.9955,30.8269,167.274,167.274,218.7532,92.8928
443,cnn,nsson,jetson_emulator,10,local,0.6628894932872901,59.9085,42.8497,59.9085,61.5999,27.8591,167.274,167.274,219.5468,92.9197
444,cnn,nsson,jetson_emulator,10,offload,0.6666949601723045,59.5436,43.8141,43.8141,45.58,30.6811,167.274,167.274,219.0349,92.9582
445,cnn,nsson,jetson_emulator,10,local,0.6727433370188327,60.3833,43.4448,60.3833,62.5376,27.806,167.274,167.274,219.8293,92.933
446,cnn,nsson,jetson_emulator,10,offload,0.6599150655653325,60.3814,43.0052,43.0052,44.4969,30.7882,167.274,167.274,219.3166,92.909
447,cnn,nsson,jetson_emulator,10,offload,0.6629778140384532,59.5438,42.8598,42.8598,43.8332,30.8076,167.274,167.274,219.4574,92.8595
448,cnn,nsson,jetson_emulator,10,offload,0.6544801845544851,59.9608,43.2665,43.2665,44.6929,30.7535,167.274,167.274,219.5983,92.8771
449,cnn,nsson,jetson_emulator,10,local,0.6522517661884621,59.9133,43.3065,59.9133,61.9288,27.8585,167.274,167.274,220.3944,93.0398
450,cnn,nsson,jetson_emulator,10,offload,0.6511154893729239,59.9985,42.973,42.973,44.6869,30.7925,167.274,167.274,219.88,92.8915
451,cnn,nsson,jetson_emulator,10,local,0.6527497772730638,59.7466,42.5593,59.7466,61.5064,27.8772,167.274,167.274,220.677,92.8645
452,cnn,nsson,jetson_emulator,10,offload,0.6582676340541413,59.6431,43.762,43.762,45.3522,30.688,167.274,167.274,220.1617,92.9381
453,cnn,nsson,jetson_emulator,10,offload,0.6627544981602163,59.6667,42.8681,42.8681,44.1071,30.8065,167.274,167.274,220.3025,92.9101
454,cnn,nsson,jetson_emulator,10,offload,0.6763579400521331,59.8262,42.7541,42.7541,44.3653,30.8216,167.274,167.274,220.4434,92.9658
455,cnn,nsson,jetson_emulator,10,local,0.6754855500129504,59.6664,43.0631,59.6664,61.3997,27.8862,167.274,167.274,221.242,92.9137
456,cnn,nsson,jetson_emulator,10,offload,0.678652324480836,59.8019,43.0173,43.0173,44.9658,30.7866,167.274,167.274,220.7251,92.9754
457,cnn,nsson,jetson_emulator,10,offload,0.68,59.5316,42.6718,42.6718,44.0728,30.8326,167.274,167.274,220.8659,92.8745
458,cnn,nsson,jetson_emulator,10,local,0.68,59.5357,43.0209,59.5357,60.894,27.9009,167.274,167.274,221.6658,92.9666
459,cnn,nsson,jetson_emulator,10,offload,0.68,60.6835,43.3326,43.3326,44.6238,30.7448,167.274,167.274,221.1476,92.8925
460,cnn,nsson,jetson_emulator,10,local,0.6749298337875919,59.9564,42.7751,59.9564,60.6343,27.8537,167.274,167.274,221.9484,92.8903
461,cnn,nsson,jetson_emulator,10,local,0.6746632287182495,59.8457,42.8125,59.8457,61.6131,27.8661,167.274,167.274,222.0896,92.9642
462,cnn,nsson,jetson_emulator,10,offload,0.6709007248629418,60.0566,44.2219,44.2219,46.2083,30.6274,167.274,167.274,221.5702,92.8832
463,cnn,nsson,jetson_emulator,10,local,0.6529821219042281,59.7366,42.7163,59.7366,61.6043,27.8783,167.274,167.274,222.3722,92.8591
464,cnn,nsson,jetson_emulator,10,offload,0.6472137234425202,59.9186,42.6956,42.6956,43.851,30.8294,167.274,167.274,221.8519,92.9116
465,cnn,nsson,jetson_emulator,10,local,0.6496384083118028,59.9302,43.3272,59.9302,61.8168,27.8566,167.274,167.274,222.6547,92.8616
466,cnn,nsson,jetson_emulator,10,local,0.640585872095479,60.3755,43.5703,60.3755,62.4138,27.8068,167.274,167.274,222.796,92.9866
467,cnn,nsson,jetson_emulator,10,offload,0.6353483662335808,59.5616,42.9912,42.9912,44.7964,30.7901,167.274,167.274,222.2744,92.9426
468,cnn,nsson,jetson_emulator,10,offload,0.6274581390490322,59.8806,42.9701,42.9701,45.0352,30.7929,167.274,167.274,222.4153,92.9608
469,cnn,nsson,jetson_emulator,10,offload,0.6207890971308082,60.0485,43.3743,43.3743,44.6894,30.7393,167.274,167.274,222.5561,92.9519
470,cnn,nsson,jetson_emulator,10,local,0.6205458972708766,60.2664,43.3529,60.2664,62.2441,27.819,167.274,167.274,223.3611,92.8737
471,cnn,nsson,jetson_emulator,10,offload,0.6346562316497841,60.2236,43.0954,43.0954,44.6383,30.7762,167.274,167.274,222.8378,92.8742
472,cnn,nsson,jetson_emulator,10,offload,0.6362404145217199,59.728,42.8679,42.8679,44.3441,30.8065,167.274,167.274,222.9786,92.9421
473,cnn,nsson,jetson_emulator,10,local,0.6349830216177746,60.2577,44.0618,60.2577,61.8055,27.82,167.274,167.274,223.7849,92.9278
474,cnn,nsson,jetson_emulator,10,local,0.6387884992013872,59.7995,42.9163,59.7995,61.7048,27.8713,167.274,167.274,223.9261,92.8984
475,cnn,nsson,jetson_emulator,10,local,0.6428152886078007,59.6867,43.3149,59.6867,61.09,27.8839,167.274,167.274,224.0674,92.9134
476,cnn,nsson,jetson_emulator,10,local,0.6404268443297498,60.1303,42.9364,60.1303,62.0592,27.8342,167.274,167.274,224.2087,92.8912
477,cnn,nsson,jetson_emulator,10,local,0.6437968362629598,60.2948,43.6013,60.2948,61.4999,27.8158,167.274,167.274,224.3499,92.9038
478,cnn,nsson,jetson_emulator,10,offload,0.6292317948816563,59.785,43.6997,43.6997,45.3496,30.6962,167.274,167.274,223.8237,92.9324
479,cnn,nsson,jetson_emulator,10,local,0.6396967422503098,59.8461,42.8472,59.8461,62.1625,27.866,167.274,167.274,224.6325,92.9531
480,cnn,nsson,jetson_emulator,10,local,0.6376696412568666,60.6431,43.3753,60.6431,62.7368,27.777,167.274,167.274,224.7737,92.8653
481,cnn,nsson,jetson_emulator,10,local,0.6399375336810567,60.0612,43.2483,60.0612,62.1505,27.842,167.274,167.274,224.915,92.8843
482,cnn,nsson,jetson_emulator,10,local,0.6434864845824656,60.2898,42.9648,60.2898,62.2173,27.8164,167.274,167.274,225.0563,92.9575
483,cnn,nsson,jetson_emulator,10,local,0.6385861210703802,60.0261,42.8828,60.0261,62.4133,27.8459,167.274,167.274,225.1975,92.8585
484,cnn,nsson,jetson_emulator,10,local,0.6292388422037174,60.5597,44.1885,60.5597,62.1206,27.7863,167.274,167.274,225.3388,92.8989
485,cnn,nsson,jetson_emulator,10,offload,0.6392077742290839,60.5135,43.1874,43.1874,44.9012,30.764,167.274,167.274,224.8097,92.8531
486,cnn,nsson,jetson_emulator,10,offload,0.6417962573613842,60.6583,43.401,43.401,45.0608,30.7357,167.274,167.274,224.9505,92.857
487,cnn,nsson,jetson_emulator,10,offload,0.6383529141041698,60.9215,43.8152,43.8152,45.9419,30.681,167.274,167.274,225.0914,92.929
488,cnn,nsson,jetson_emulator,10,local,0.644765892568605,60.0623,43.2941,60.0623,62.1265,27.8418,167.274,167.274,225.9039,92.931
489,cnn,nsson,jetson_emulator,10,offload,0.6376964622309311,60.1652,43.072,43.072,44.477,30.7794,167.274,167.274,225.3731,92.8731
490,cnn,nsson,jetson_emulator,10,offload,0.6312178286351997,61.5193,44.1948,44.1948,46.176,30.631,167.274,167.274,225.5139,92.909
491,cnn,nsson,jetson_emulator,10,local,0.6357428869373712,60.4934,43.463,60.4934,62.3072,27.7937,167.274,167.274,226.3277,92.9101
492,cnn,nsson,jetson_emulator,10,local,0.63308090611599,61.3236,43.2061,61.3236,62.3515,27.7014,167.274,167.274,226.469,92.9052
493,cnn,nsson,jetson_emulator,10,local,0.6317919593638479,60.4008,43.1114,60.4008,62.7251,27.804,167.274,167.274,226.6102,92.9122
494,cnn,nsson,jetson_emulator,10,local,0.6270801911531622,61.4197,43.0974,61.4197,62.9237,27.6907,167.274,167.274,226.7515,92.8977
495,cnn,nsson,jetson_emulator,10,offload,0.6272400953425142,60.4199,43.4957,43.4957,45.2813,30.7232,167.274,167.274,226.2182,92.9327
496,cnn,nsson,jetson_emulator,10,offload,0.6285093220973058,61.3892,43.2278,43.2278,45.2634,30.7587,167.274,167.274,226.359,92.9133
497,cnn,nsson,jetson_emulator,10,local,0.6225746284949566,61.6603,45.2489,61.6603,63.8116,27.6641,167.274,167.274,227.1753,92.877
498,cnn,nsson,jetson_emulator,10,offload,0.6225889926576362,60.7965,44.4997,44.4997,45.4946,30.5909,167.274,167.274,226.6407,92.9077
499,cnn,nsson,jetson_emulator,10,offload,0.622170280059361,61.1541,44.3688,44.3688,47.0987,30.6081,167.274,167.274,226.7816,92.8502
500,cnn,nsson,jetson_emulator,10,local,0.6314143880972998,60.7426,44.0302,60.7426,62.4084,27.7659,167.274,167.274,227.5991,92.9622
501,cnn,nsson,jetson_emulator,10,offload,0.6253731877662941,60.7032,43.6469,43.6469,45.4091,30.7032,167.274,167.274,227.0633,92.9329
502,cnn,nsson,jetson_emulator,10,offload,0.6192097935622808,60.7672,43.5182,43.5182,45.5369,30.7202,167.274,167.274,227.2041,92.9232
503,cnn,nsson,jetson_emulator,10,local,0.6212837676434773,61.1867,43.7748,61.1867,63.0168,27.7165,167.274,167.274,228.0229,92.7901
504,cnn,nsson,jetson_emulator,10,offload,0.625685858320581,61.3925,44.0007,44.0007,46.1376,30.6565,167.274,167.274,227.4858,92.8697
505,cnn,nsson,jetson_emulator,10,local,0.6200846960852833,61.1611,44.3766,61.1611,62.561,27.7194,167.274,167.274,228.3055,92.9346
506,cnn,nsson,jetson_emulator,10,offload,0.6139406424470816,60.9227,44.6413,44.6413,47.4314,30.5723,167.274,167.274,227.7675,92.8366
507,cnn,nsson,jetson_emulator,10,offload,0.6179709432989429,61.6628,43.6093,43.6093,46.2633,30.7082,167.274,167.274,227.9083,92.9282
508,cnn,nsson,jetson_emulator,10,local,0.6142578496226909,61.6149,44.4829,61.6149,63.2322,27.6691,167.274,167.274,228.7293,92.8686
509,cnn,nsson,jetson_emulator,10,local,0.6093689983673946,61.1214,44.3411,61.1214,63.805,27.7238,167.274,167.274,228.8705,92.9222
510,cnn,nsson,jetson_emulator,10,offload,0.6052963652301686,61.5654,44.4866,44.4866,46.4674,30.5926,167.274,167.274,228.3309,92.9327
511,cnn,nsson,jetson_emulator,10,offload,0.6072818053197436,61.6484,43.698,43.698,45.3703,30.6965,167.274,167.274,228.4717,92.9562
512,cnn,nsson,jetson_emulator,10,local,0.5987796319092473,62.0789,44.7052,62.0789,64.1056,27.6179,167.274,167.274,229.2943,92.9385
513,cnn,nsson,jetson_emulator,10,local,0.5979277966054812,61.23,44.1328,61.23,63.4498,27.7117,167.274,167.274,229.4356,92.847
514,cnn,nsson,jetson_emulator,10,offload,0.591437485731834,61.6755,44.6291,44.6291,45.4074,30.574,167.274,167.274,228.8943,92.9964
515,cnn,nsson,jetson_emulator,10,offload,0.5809998565841165,62.7697,44.5815,44.5815,46.6481,30.5802,167.274,167.274,229.0351,92.8119
516,cnn,nsson,jetson_emulator,10,offload,0.5753983828092705,61.7122,45.4849,45.4849,47.3404,30.4622,167.274,167.274,229.176,92.9112
517,cnn,nsson,jetson_emulator,10,offload,0.5746073604630808,61.8659,44.5899,44.5899,46.22,30.5791,167.274,167.274,229.3168,92.9611
518,cnn,nsson,jetson_emulator,10,offload,0.5759171918281979,63.0336,44.5311,44.5311,47.1089,30.5868,167.274,167.274,229.4577,92.9768
519,cnn,nsson,jetson_emulator,10,offload,0.5681800753711298,62.4129,44.5495,44.5495,45.8689,30.5844,167.274,167.274,229.5985,92.9349
520,cnn,nsson,jetson_emulator,10,offload,0.5682697295674524,62.1026,44.1034,44.1034,46.1188,30.643,167.274,167.274,229.7394,92.9166
521,cnn,nsson,jetson_emulator,10,local,0.5646136246401043,62.0524,45.4221,62.0524,64.2993,27.6209,167.274,167.274,230.5657,92.8726
522,cnn,nsson,jetson_emulator,10,offload,0.5610497450746738,61.9087,44.3278,44.3278,46.6817,30.6135,167.274,167.274,230.0211,93.005
523,cnn,nsson,jetson_emulator,10,offload,0.5565679433086335,62.515,44.7572,44.7572,46.3462,30.5572,167.274,167.274,230.1619,92.9328
524,cnn,nsson,jetson_emulator,10,local,0.5675943568847196,62.5407,46.5265,62.5407,63.5111,27.5672,167.274,167.274,230.9896,92.961
525,cnn,nsson,jetson_emulator,10,local,0.5725274846836035,62.3603,44.5389,62.3603,64.2347,27.587,167.274,167.274,231.1308,92.9242
526,cnn,nsson,jetson_emulator,10,offload,0.5650635303071677,62.631,44.9232,44.9232,45.9663,30.5355,167.274,167.274,230.5845,92.8944
527,cnn,nsson,jetson_emulator,10,offload,0.5707046329023984,62.2765,44.641,44.641,45.5462,30.5724,167.274,167.274,230.7253,92.9533
528,cnn,nsson,jetson_emulator,10,local,0.5655112820758083,62.4084,45.0437,62.4084,63.7857,27.5817,167.274,167.274,231.5546,92.9484
529,cnn,nsson,jetson_emulator,10,local,0.5609057611855373,63.2757,45.4835,63.2757,65.4589,27.4868,167.274,167.274,231.6959,92.8121
530,cnn,nsson,jetson_emulator,10,offload,0.5714083469551727,62.9913,45.9795,45.9795,47.2233,30.398,167.274,167.274,231.1479,92.9863
531,cnn,nsson,jetson_emulator,10,offload,0.5626741003496101,62.7867,45.2951,45.2951,46.8616,30.4869,167.274,167.274,231.2887,92.9267
532,cnn,nsson,jetson_emulator,10,offload,0.557196832168269,62.7874,45.3769,45.3769,46.7188,30.4763,167.274,167.274,231.4296,92.9256
533,cnn,nsson,jetson_emulator,10,local,0.5761126192527293,63.2322,44.983,63.2322,64.9659,27.4915,167.274,167.274,232.261,92.9348
534,cnn,nsson,jetson_emulator,10,offload,0.5731404616640886,63.288,45.6127,45.6127,47.5849,30.4456,167.274,167.274,231.7112,92.803
535,cnn,nsson,jetson_emulator,10,offload,0.5795683723043269,63.6562,46.3587,46.3587,49.1881,30.349,167.274,167.274,231.8521,92.8664
536,cnn,nsson,jetson_emulator,10,local,0.5786830831890172,63.8392,46.0944,63.8392,65.779,27.4254,167.274,167.274,232.6848,92.8299
537,cnn,nsson,jetson_emulator,10,offload,0.5836453137142943,63.5628,46.0431,46.0431,47.8294,30.3898,167.274,167.274,232.1338,92.9366
538,cnn,nsson,jetson_emulator,10,offload,0.5823861680342607,63.8171,45.3294,45.3294,46.5011,30.4825,167.274,167.274,232.2746,92.9091
539,cnn,nsson,jetson_emulator,10,offload,0.580888050550695,63.7722,46.5856,46.5856,47.4607,30.3197,167.274,167.274,232.4155,92.923
540,cnn,nsson,jetson_emulator,10,local,0.5809587897280231,63.8089,45.8209,63.8089,65.1854,27.4287,167.274,167.274,233.2498,92.9031
541,cnn,nsson,jetson_emulator,10,local,0.5701438946165235,63.4849,46.3034,63.4849,65.5103,27.464,167.274,167.274,233.3911,92.8919
542,cnn,nsson,jetson_emulator,10,offload,0.570566232325686,63.5686,47.2582,47.2582,48.8349,30.2333,167.274,167.274,232.838,92.9579
543,cnn,nsson,jetson_emulator,10,offload,0.5765412161973632,63.7681,46.6413,46.6413,48.2336,30.3125,167.274,167.274,232.9789,92.9286
544,cnn,nsson,jetson_emulator,10,local,0.5691305040369656,64.1882,46.6599,64.1882,66.2551,27.3876,167.274,167.274,233.8149,92.9271
545,cnn,nsson,jetson_emulator,10,local,0.5632169184619109,64.3778,46.6477,64.3778,66.0988,27.3671,167.274,167.274,233.9562,92.9145
546,cnn,nsson,jetson_emulator,10,local,0.5688477537922892,64.1203,46.5933,64.1203,65.2525,27.3949,167.274,167.274,234.0975,92.9117
547,cnn,nsson,jetson_emulator,10,offload,0.5719777692286238,64.3857,47.0605,47.0605,48.8861,30.2586,167.274,167.274,233.5423,92.9376
548,cnn,nsson,jetson_emulator,10,offload,0.5790974488065661,64.1976,46.7369,46.7369,48.7407,30.3002,167.274,167.274,233.6831,92.8477
549,cnn,nsson,jetson_emulator,10,offload,0.5864192445820081,64.19,47.0116,47.0116,48.6821,30.2649,167.274,167.274,233.824,92.878
550,cnn,nsson,jetson_emulator,10,offload,0.5917651095845359,64.6868,46.0234,46.0234,47.8869,30.3923,167.274,167.274,233.9648,92.8578
551,cnn,nsson,jetson_emulator,10,offload,0.598622965949913,65.2568,46.3592,46.3592,48.1882,30.3489,167.274,167.274,234.1057,92.8586
552,cnn,nsson,jetson_emulator,10,local,0.6049010424918441,64.8332,47.6747,64.8332,66.7474,27.3179,167.274,167.274,234.9451,92.9118
553,cnn,nsson,jetson_emulator,10,offload,0.6026920769548275,64.5085,47.5665,47.5665,49.4946,30.1938,167.274,167.274,234.3874,92.8789
554,cnn,nsson,jetson_emulator,10,local,0.5998068800561629,64.823,46.5416,64.823,66.6154,27.319,167.274,167.274,235.2276,92.9092
555,cnn,nsson,jetson_emulator,10,local,0.5963948712798252,64.9522,46.6801,64.9522,66.7684,27.3051,167.274,167.274,235.3689,93.0248
556,cnn,nsson,jetson_emulator,10,offload,0.5983858543304194,65.0548,46.6525,46.6525,48.4034,30.3111,167.274,167.274,234.8099,92.894
557,cnn,nsson,jetson_emulator,10,offload,0.606218724209312,65.4944,46.7471,46.7471,47.9826,30.2989,167.274,167.274,234.9508,92.9887
558,cnn,nsson,jetson_emulator,10,offload,0.6070140739369622,65.8471,47.0856,47.0856,48.2777,30.2554,167.274,167.274,235.0916,93.0022
559,cnn,nsson,jetson_emulator,10,local,0.6073124292949813,65.0749,46.5614,65.0749,67.3217,27.2919,167.274,167.274,235.9339,92.9243
560,cnn,nsson,jetson_emulator,10,offload,0.6072166146846071,65.5102,47.8683,47.8683,50.8078,30.1553,167.274,167.274,235.3733,92.7613
561,cnn,nsson,jetson_emulator,10,local,0.6006918648992624,65.8869,47.7239,65.8869,67.697,27.2048,167.274,167.274,236.2165,92.9915
562,cnn,nsson,jetson_emulator,10,offload,0.6078869220405613,65.6945,47.8583,47.8583,49.8155,30.1566,167.274,167.274,235.655,92.9236
563,cnn,nsson,jetson_emulator,10,local,0.6086108053563489,65.6232,48.4422,65.6232,67.3833,27.233,167.274,167.274,236.499,92.8303
564,cnn,nsson,jetson_emulator,10,offload,0.5956083987383345,66.0517,47.4038,47.4038,49.2486,30.2146,167.274,167.274,235.9367,92.934
565,cnn,nsson,jetson_emulator,10,local,0.5965057322974369,66.6743,47.0071,66.6743,68.3467,27.1209,167.274,167.274,236.7816,92.9126
566,cnn,nsson,jetson_emulator,10,offload,0.6033157349611943,66.4535,48.2488,48.2488,50.5309,30.1069,167.274,167.274,236.2184,92.9359
567,cnn,nsson,jetson_emulator,10,local,0.5993822911972307,66.0106,47.1238,66.0106,67.9827,27.1916,167.274,167.274,237.0641,92.9313
568,cnn,nsson,jetson_emulator,10,offload,0.6042901217055274,66.7135,48.3617,48.3617,49.6464,30.0925,167.274,167.274,236.5001,92.997
569,cnn,nsson,jetson_emulator,10,local,0.6094160823289574,66.476,47.5869,66.476,68.6173,27.142,167.274,167.274,237.3466,92.949
570,cnn,nsson,jetson_emulator,10,offload,0.6190010457632201,66.1248,48.1947,48.1947,49.4497,30.1138,167.274,167.274,236.7818,92.8591
571,cnn,nsson,jetson_emulator,10,local,0.6205541701202056,66.5486,47.8652,66.5486,67.8235,27.1343,167.274,167.274,237.6292,92.8471
572,cnn,nsson,jetson_emulator,10,offload,0.6291575722489208,66.688,47.4876,47.4876,49.1678,30.2039,167.274,167.274,237.0635,92.8708
573,cnn,nsson,jetson_emulator,10,local,0.6271364566997227,67.8154,47.9114,67.8154,69.7727,27.0003,167.274,167.274,237.9117,92.8523
574,cnn,nsson,jetson_emulator,10,local,0.6255929549777555,66.9137,48.101,66.9137,68.9642,27.0955,167.274,167.274,238.053,92.9314
575,cnn,nsson,jetson_emulator,10,offload,0.6218381509124573,66.8275,48.912,48.912,50.7054,30.0228,167.274,167.274,237.486,92.9082
576,cnn,nsson,jetson_emulator,10,offload,0.6271513247875077,66.93,47.8396,47.8396,49.6915,30.159,167.274,167.274,237.6269,92.8393
577,cnn,nsson,jetson_emulator,10,offload,0.6216061496017806,67.6847,48.0302,48.0302,48.9253,30.1347,167.274,167.274,237.7677,92.8801
578,cnn,nsson,jetson_emulator,10,offload,0.6312043870329586,67.3929,48.877,48.877,50.1383,30.0273,167.274,167.274,237.9086,92.939
579,cnn,nsson,jetson_emulator,10,offload,0.625138438148451,67.4857,48.5348,48.5348,50.6157,30.0706,167.274,167.274,238.0494,92.8652
580,cnn,nsson,jetson_emulator,10,offload,0.6331247383092317,67.2916,48.4676,48.4676,49.4002,30.0791,167.274,167.274,238.1903,92.8238
581,cnn,nsson,jetson_emulator,10,local,0.6199127563253333,67.5369,48.8332,67.5369,69.7983,27.0296,167.274,167.274,239.0419,92.9329
582,cnn,nsson,jetson_emulator,10,offload,0.6258801451212815,67.5402,48.5914,48.5914,49.7982,30.0634,167.274,167.274,238.472,92.8534
583,cnn,nsson,jetson_emulator,10,local,0.6217676357015302,67.5006,48.943,67.5006,68.9117,27.0335,167.274,167.274,239.3244,92.9816
584,cnn,nsson,jetson_emulator,10,offload,0.623383333865384,67.5346,49.0045,49.0045,50.3773,30.0112,167.274,167.274,238.7537,92.96
585,cnn,nsson,jetson_emulator,10,offload,0.6217405146518448,67.947,48.2546,48.2546,49.9979,30.1061,167.274,167.274,238.8945,92.877
586,cnn,nsson,jetson_emulator,10,offload,0.6174205152710445,68.703,49.6909,49.6909,51.227,29.9247,167.274,167.274,239.0354,92.8828
587,cnn,nsson,jetson_emulator,10,offload,0.6225674939436723,67.8647,50.3964,50.3964,52.0782,29.8364,167.274,167.274,239.1762,92.8814
588,cnn,nsson,jetson_emulator,10,offload,0.6225906595557286,68.3845,48.8384,48.8384,50.5054,30.0321,167.274,167.274,239.3171,92.85
589,cnn,nsson,jetson_emulator,10,local,0.6193573118414566,68.7158,49.253,68.7158,70.1845,26.9058,167.274,167.274,240.172,92.9555
590,cnn,nsson,jetson_emulator,10,offload,0.6158565595502086,67.9911,48.9229,48.9229,50.5239,30.0215,167.274,167.274,239.5988,92.8779
591,cnn,nsson,jetson_emulator,10,offload,0.6159798107186035,68.4101,48.7353,48.7353,50.5974,30.0452,167.274,167.274,239.7396,92.8728
592,cnn,nsson,jetson_emulator,10,offload,0.6174919699172516,68.3122,49.0576,49.0576,50.8926,30.0045,167.274,167.274,239.8805,92.9485
593,cnn,nsson,jetson_emulator,10,offload,0.6219924327229237,68.3865,49.6403,49.6403,51.147,29.9311,167.274,167.274,240.0213,92.8992
594,cnn,nsson,jetson_emulator,10,local,0.6214013686323264,68.4101,48.7704,68.4101,71.0277,26.9378,167.274,167.274,240.8783,92.9564
595,cnn,nsson,jetson_emulator,10,local,0.6127968871622019,68.8286,49.9322,68.8286,70.2472,26.8941,167.274,167.274,241.0196,92.9362
596,cnn,nsson,jetson_emulator,10,offload,0.6159122580073643,68.6322,49.6154,49.6154,51.1064,29.9342,167.274,167.274,240.4438,93.0232
597,cnn,nsson,jetson_emulator,10,offload,0.6146178597747428,68.487,49.9222,49.9222,51.1102,29.8957,167.274,167.274,240.5847,92.9152
598,cnn,nsson,jetson_emulator,10,offload,0.6198979019694897,68.6889,49.349,49.349,51.1338,29.9677,167.274,167.274,240.7255,92.8766
599,cnn,nsson,jetson_emulator,10,local,0.6122245349233475,68.7692,49.1142,68.7692,70.3249,26.9003,167.274,167.274,241.5847,92.9461
600,cnn,nsson,jetson_emulator,10,offload,0.6148175550530094,69.0584,49.7524,49.7524,52.2595,29.917,167.274,167.274,241.0072,92.9276
601,cnn,nsson,jetson_emulator,10,offload,0.6109169857501605,69.6225,50.2738,50.2738,52.5256,29.8517,167.274,167.274,241.1481,92.8444
602,cnn,nsson,jetson_emulator,10,offload,0.6117382514643172,69.04,50.1077,50.1077,51.9218,29.8725,167.274,167.274,241.2889,92.8319
603,cnn,nsson,jetson_emulator,10,offload,0.6167763564236187,68.9633,49.3141,49.3141,51.1756,29.9721,167.274,167.274,241.4298,92.8343
604,cnn,nsson,jetson_emulator,10,local,0.6190146816767818,69.7993,49.7355,69.7993,71.7227,26.7931,167.274,167.274,242.291,92.9176
605,cnn,nsson,jetson_emulator,10,local,0.6303845253612922,69.8861,49.95,69.8861,71.9792,26.7841,167.274,167.274,242.4323,92.9267
606,cnn,nsson,jetson_emulator,10,offload,0.6338416061959732,69.6177,50.801,50.801,52.8013,29.786,167.274,167.274,241.8523,92.947
607,cnn,nsson,jetson_emulator,10,offload,0.6379741152137455,69.8161,50.7182,50.7182,53.2065,29.7963,167.274,167.274,241.9932,92.9161
608,cnn,nsson,jetson_emulator,10,local,0.6454221255875706,69.9206,50.1834,69.9206,71.2362,26.7805,167.274,167.274,242.8561,92.9633
609,cnn,nsson,jetson_emulator,10,local,0.6490737688793972,69.9494,50.6458,69.9494,71.7801,26.7775,167.274,167.274,242.9974,92.9497
610,cnn,nsson,jetson_emulator,10,offload,0.6522023775389914,69.3083,50.3524,50.3524,52.883,29.8419,167.274,167.274,242.4157,92.8882
611,cnn,nsson,jetson_emulator,10,local,0.6495665294273162,70.0654,50.5232,70.0654,70.7816,26.7655,167.274,167.274,243.2799,92.8741
612,cnn,nsson,jetson_emulator,10,offload,0.651726764484987,69.4559,50.0692,50.0692,52.0221,29.8773,167.274,167.274,242.6974,92.9254
613,cnn,nsson,jetson_emulator,10,offload,0.6513322276545793,70.669,50.0912,50.0912,52.2751,29.8746,167.274,167.274,242.8383,93.0497
614,cnn,nsson,jetson_emulator,10,local,0.6571032487906939,69.8263,50.2517,69.8263,71.5738,26.7903,167.274,167.274,243.7037,92.9072
615,cnn,nsson,jetson_emulator,10,offload,0.6537248251181749,70.3673,50.7371,50.7371,51.9732,29.794,167.274,167.274,243.12,92.921
616,cnn,nsson,jetson_emulator,10,offload,0.6524747074632725,70.3903,50.2343,50.2343,52.4721,29.8567,167.274,167.274,243.2608,92.9713
617,cnn,nsson,jetson_emulator,10,local,0.6598880831260661,69.9996,50.8657,69.9996,71.2902,26.7723,167.274,167.274,244.1275,92.9871
618,cnn,nsson,jetson_emulator,10,offload,0.6621160896537369,70.1959,50.0555,50.0555,51.9005,29.879,167.274,167.274,243.5425,92.9879
619,cnn,nsson,jetson_emulator,10,local,0.659700640702368,70.4747,50.5222,70.4747,71.5769,26.7232,167.274,167.274,244.4101,92.8473
620,cnn,nsson,jetson_emulator,10,local,0.6614492662813293,70.112,51.4192,70.112,71.8995,26.7607,167.274,167.274,244.5513,92.9623
621,cnn,nsson,jetson_emulator,10,offload,0.6598129888082368,69.8454,50.2337,50.2337,51.3699,29.8568,167.274,167.274,243.9651,92.9818
622,cnn,nsson,jetson_emulator,10,offload,0.6614391236342622,70.4852,51.1236,51.1236,53.3173,29.746,167.274,167.274,244.1059,92.8961
623,cnn,nsson,jetson_emulator,10,offload,0.6564636955775689,71.1744,51.2159,51.2159,53.1036,29.7345,167.274,167.274,244.2468,92.8421
624,cnn,nsson,jetson_emulator,10,offload,0.6590657802040166,70.4919,50.187,50.187,51.5456,29.8626,167.274,167.274,244.3876,92.9326
625,cnn,nsson,jetson_emulator,10,local,0.65351531811841,70.067,50.6142,70.067,70.9565,26.7654,167.274,167.274,245.2577,92.8922
626,cnn,nsson,jetson_emulator,10,offload,0.6566035835842338,70.5244,51.031,51.031,52.1873,29.7575,167.274,167.274,244.6693,92.9453
627,cnn,nsson,jetson_emulator,10,local,0.6451615766466652,70.4626,50.7167,70.4626,72.4015,26.7245,167.274,167.274,245.5402,93.0183
628,cnn,nsson,jetson_emulator,10,offload,0.6463282292444388,70.8086,50.9244,50.9244,53.2742,29.7707,167.274,167.274,244.951,92.8957
629,cnn,nsson,jetson_emulator,10,local,0.6455814832853919,71.427,51.0495,71.427,73.0225,26.6254,167.274,167.274,245.8227,92.878
630,cnn,nsson,jetson_emulator,10,offload,0.6445427308506446,70.813,50.2894,50.2894,52.1051,29.8498,167.274,167.274,245.2327,92.9154
631,cnn,nsson,jetson_emulator,10,local,0.6414273342504808,70.4023,51.2172,70.4023,72.3289,26.7307,167.274,167.274,246.1053,92.8974
632,cnn,nsson,jetson_emulator,10,local,0.6465524186098255,70.3919,51.0044,70.3919,71.495,26.7318,167.274,167.274,246.2465,92.9046
633,cnn,nsson,jetson_emulator,10,local,0.6482735881786875,70.3113,51.8459,70.3113,71.3673,26.7401,167.274,167.274,246.3878,92.9172
634,cnn,nsson,jetson_emulator,10,local,0.6379861636165396,70.3292,50.4897,70.3292,72.1616,26.7383,167.274,167.274,246.5291,92.9232
635,cnn,nsson,jetson_emulator,10,offload,0.6335415513418363,70.5536,50.8299,50.8299,52.0662,29.7824,167.274,167.274,245.9369,93.0078
636,cnn,nsson,jetson_emulator,10,offload,0.6287186669216717,70.4777,50.6819,50.6819,51.7454,29.8009,167.274,167.274,246.0778,92.9625
637,cnn,nsson,jetson_emulator,10,local,0.6299366759566911,70.4097,50.4898,70.4097,71.3495,26.73,167.274,167.274,246.9529,92.9405
638,cnn,nsson,jetson_emulator,10,local,0.6199245911047226,72.028,51.2151,72.028,73.3602,26.564,167.274,167.274,247.0942,92.8711
639,cnn,nsson,jetson_emulator,10,offload,0.6134887596689081,70.4487,51.5278,51.5278,52.6784,29.6959,167.274,167.274,246.5003,92.9136
640,cnn,nsson,jetson_emulator,10,offload,0.6019159009188189,71.071,51.0829,51.0829,52.9543,29.751,167.274,167.274,246.6412,92.9341
641,cnn,nsson,jetson_emulator,10,offload,0.6006695404440279,70.5228,51.4133,51.4133,53.1524,29.7101,167.274,167.274,246.782,92.9081
642,cnn,nsson,jetson_emulator,10,offload,0.6001761700213891,71.0383,50.7668,50.7668,51.9294,29.7903,167.274,167.274,246.9229,92.9624
643,cnn,nsson,jetson_emulator,10,local,0.6008779498002292,71.6712,50.5852,71.6712,73.7247,26.6004,167.274,167.274,247.8005,92.918
644,cnn,nsson,jetson_emulator,10,offload,0.602045559919657,70.701,50.5625,50.5625,52.6043,29.8157,167.274,167.274,247.2046,92.9396
645,cnn,nsson,jetson_emulator,10,local,0.5991274766037227,70.3727,50.6617,70.3727,72.8603,26.7338,167.274,167.274,248.083,92.9128
646,cnn,nsson,jetson_emulator,10,offload,0.6069346486819897,70.8601,50.4856,50.4856,50.9771,29.8253,167.274,167.274,247.4863,92.9616
647,cnn,nsson,jetson_emulator,10,local,0.5982298842845151,70.6543,51.1009,70.6543,72.824,26.7047,167.274,167.274,248.3656,92.9031
648,cnn,nsson,jetson_emulator,10,local,0.5820000837800241,70.7315,50.6464,70.7315,72.8648,26.6968,167.274,167.274,248.5068,92.9295
649,cnn,nsson,jetson_emulator,10,offload,0.5587020360037206,70.9293,51.5365,51.5365,53.4478,29.6948,167.274,167.274,247.9088,92.9349
650,cnn,nsson,jetson_emulator,10,offload,0.5534185068204358,71.0213,50.5168,50.5168,51.636,29.8214,167.274,167.274,248.0497,92.9558
651,cnn,nsson,jetson_emulator,10,offload,0.5456240580590233,70.7984,50.363,50.363,52.3812,29.8406,167.274,167.274,248.1905,92.8234
652,cnn,nsson,jetson_emulator,10,offload,0.5403221476892369,70.6157,50.3188,50.3188,51.6271,29.8461,167.274,167.274,248.3314,93.0357
653,cnn,nsson,jetson_emulator,10,offload,0.5327808299750142,70.5236,50.33,50.33,52.7246,29.8447,167.274,167.274,248.4722,92.8667
654,cnn,nsson,jetson_emulator,10,offload,0.5372982161067775,70.8863,50.8449,50.8449,52.1704,29.7806,167.274,167.274,248.6131,92.9277
655,cnn,nsson,jetson_emulator,10,offload,0.5342564774048255,70.5088,50.6295,50.6295,51.947,29.8074,167.274,167.274,248.7539,92.975
656,cnn,nsson,jetson_emulator,10,offload,0.5368464237729254,71.0552,50.5162,50.5162,52.4011,29.8215,167.274,167.274,248.8948,92.8551
657,cnn,nsson,jetson_emulator,10,local,0.5297752805104009,70.9315,50.8933,70.9315,73.2838,26.6762,167.274,167.274,249.7783,92.9144
658,cnn,nsson,jetson_emulator,10,local,0.5267815626191361,70.9657,50.2406,70.9657,73.2823,26.6727,167.274,167.274,249.9195,92.8229
659,cnn,nsson,jetson_emulator,10,local,0.5328820896719771,70.5816,50.9193,70.5816,72.2474,26.7122,167.274,167.274,250.0608,92.9228
660,cnn,nsson,jetson_emulator,10,offload,0.5351486235807964,70.8317,50.7974,50.7974,52.511,29.7865,167.274,167.274,249.4581,92.9815
661,cnn,nsson,jetson_emulator,10,local,0.53372439247677,70.2831,50.6143,70.2831,72.2767,26.743,167.274,167.274,250.3433,92.8942
662,cnn,nsson,jetson_emulator,10,offload,0.5320777489605485,70.1741,51.1044,51.1044,53.3525,29.7484,167.274,167.274,249.7398,92.9729
663,cnn,nsson,jetson_emulator,10,local,0.530298969092824,70.9683,50.5852,70.9683,72.3759,26.6725,167.274,167.274,250.6259,92.8934
664,cnn,nsson,jetson_emulator,10,local,0.5256637384363958,70.5357,50.6404,70.5357,73.0143,26.717,167.274,167.274,250.7671,92.8783
665,cnn,nsson,jetson_emulator,10,local,0.5231125600520885,70.338,50.6668,70.338,71.8621,26.7373,167.274,167.274,250.9084,92.8917
666,cnn,nsson,jetson_emulator,10,local,0.5319022514772749,70.6833,51.1781,70.6833,72.75,26.7018,167.274,167.274,251.0497,92.8743
667,cnn,nsson,jetson_emulator,10,local,0.5230767070866725,71.5365,50.8432,71.5365,72.9816,26.6142,167.274,167.274,251.1909,92.8531
668,cnn,nsson,jetson_emulator,10,local,0.5180108055898796,70.0395,50.7192,70.0395,71.8066,26.7682,167.274,167.274,251.3322,92.8418
669,cnn,nsson,jetson_emulator,10,local,0.531232083279421,69.9416,50.1363,69.9416,71.8156,26.7783,167.274,167.274,251.4735,93.0026
670,cnn,nsson,jetson_emulator,10,local,0.5338135409302164,70.7411,50.0493,70.7411,72.473,26.6958,167.274,167.274,251.6147,92.9023
671,cnn,nsson,jetson_emulator,10,offload,0.5378590822078818,69.8584,50.6795,50.6795,52.1059,29.8012,167.274,167.274,251.0075,92.9157
672,cnn,nsson,jetson_emulator,10,offload,0.5422356305912985,70.0376,50.2006,50.2006,51.9462,29.8609,167.274,167.274,251.1483,92.9178
673,cnn,nsson,jetson_emulator,10,offload,0.5454441576347961,70.9155,51.9039,51.9039,52.9774,29.6495,167.274,167.274,251.2892,92.9594
674,cnn,nsson,jetson_emulator,10,offload,0.5422753058501438,71.4852,50.1138,50.1138,52.3199,29.8718,167.274,167.274,251.43,92.9853
675,cnn,nsson,jetson_emulator,10,offload,0.539633606990287,70.3604,50.2381,50.2381,52.318,29.8562,167.274,167.274,251.5709,92.9047
676,cnn,nsson,jetson_emulator,10,local,0.5444012788929794,69.8605,50.4809,69.8605,71.6106,26.7867,167.274,167.274,252.4624,92.8636
677,cnn,nsson,jetson_emulator,10,offload,0.5469585246802946,70.8241,50.4604,50.4604,51.8288,29.8285,167.274,167.274,251.8526,92.98
678,cnn,nsson,jetson_emulator,10,offload,0.5418327713051747,70.1492,50.3576,50.3576,51.8685,29.8413,167.274,167.274,251.9934,92.8811
679,cnn,nsson,jetson_emulator,10,offload,0.5360698236548552,69.558,50.1457,50.1457,51.8326,29.8678,167.274,167.274,252.1343,92.9199
680,cnn,nsson,jetson_emulator,10,local,0.5397864790845724,69.712,50.8082,69.712,71.2071,26.8021,167.274,167.274,253.0274,92.8688
681,cnn,nsson,jetson_emulator,10,local,0.536014699642164,70.2308,50.0714,70.2308,72.2099,26.7484,167.274,167.274,253.1687,92.9037
682,cnn,nsson,jetson_emulator,10,offload,0.5425884792169005,70.0808,49.7954,49.7954,52.0428,29.9116,167.274,167.274,252.5568,92.9414
683,cnn,nsson,jetson_emulator,10,local,0.5530482017883863,70.1341,51.062,70.1341,71.894,26.7584,167.274,167.274,253.4512,92.9501
684,cnn,nsson,jetson_emulator,10,offload,0.5453581397720452,70.2239,50.6298,50.6298,52.6941,29.8073,167.274,167.274,252.8385,92.8832
685,cnn,nsson,jetson_emulator,10,offload,0.5510513225039414,70.2415,49.4949,49.4949,51.3999,29.9494,167.274,167.274,252.9794,92.9041
686,cnn,nsson,jetson_emulator,10,offload,0.5395918193660982,69.1835,50.9548,50.9548,52.2198,29.7669,167.274,167.274,253.1202,92.8982
687,cnn,nsson,jetson_emulator,10,local,0.5339042047358771,69.2349,49.428,69.2349,71.5539,26.8517,167.274,167.274,254.0163,92.943
688,cnn,nsson,jetson_emulator,10,offload,0.5388385704305798,69.5226,51.7271,51.7271,53.3932,29.6713,167.274,167.274,253.4019,92.9381
689,cnn,nsson,jetson_emulator,10,offload,0.5439636239352753,69.7598,50.923,50.923,53.4264,29.7709,167.274,167.274,253.5427,92.8132
690,cnn,nsson,jetson_emulator,10,local,0.5391288299717744,69.1765,49.8664,69.1765,71.6067,26.8578,167.274,167.274,254.4401,92.9006
691,cnn,nsson,jetson_emulator,10,local,0.5319271064273574,69.553,49.6253,69.553,70.9447,26.8186,167.274,167.274,254.5814,92.9551
692,cnn,nsson,jetson_emulator,10,local,0.535965821683385,69.7882,49.3818,69.7882,71.7563,26.7942,167.274,167.274,254.7226,92.9583
693,cnn,nsson,jetson_emulator,10,offload,0.5366112522724285,69.337,50.232,50.232,50.9883,29.857,167.274,167.274,254.1061,92.936
694,cnn,nsson,jetson_emulator,10,offload,0.5425042094546796,69.103,49.7063,49.7063,52.1967,29.9228,167.274,167.274,254.247,92.855
695,cnn,nsson,jetson_emulator,10,local,0.5309351450894829,68.7949,49.8421,68.7949,71.6593,26.8976,167.274,167.274,255.1465,92.9363
696,cnn,nsson,jetson_emulator,10,offload,0.531911512553896,69.7293,49.2542,49.2542,50.4433,29.9797,167.274,167.274,254.5287,92.8612
697,cnn,nsson,jetson_emulator,10,offload,0.5288410072521901,69.6265,49.2291,49.2291,51.4084,29.9828,167.274,167.274,254.6695,92.8598
698,cnn,nsson,jetson_emulator,10,local,0.533557830942062,68.7153,50.055,68.7153,70.5687,26.9059,167.274,167.274,255.5703,92.9963
699,cnn,nsson,jetson_emulator,10,local,0.5288215081710024,68.9647,49.5102,68.9647,71.4791,26.8799,167.274,167.274,255.7115,92.8848
700,cnn,nsson,jetson_emulator,10,offload,0.5218128039150267,69.6289,49.4398,49.4398,51.352,29.9563,167.274,167.274,255.0921,92.8936
701,cnn,nsson,jetson_emulator,10,offload,0.530065666952407,69.0673,49.4802,49.4802,50.8275,29.9512,167.274,167.274,255.2329,92.9067
702,cnn,nsson,jetson_emulator,10,local,0.5294692043805446,68.5644,49.6049,68.5644,69.7802,26.9217,167.274,167.274,256.1353,92.9677
703,cnn,nsson,jetson_emulator,10,local,0.534580762124372,68.5159,49.0704,68.5159,70.4309,26.9268,167.274,167.274,256.2766,92.8599
704,cnn,nsson,jetson_emulator,10,offload,0.5359949078344253,68.334,48.841,48.841,50.4191,30.0318,167.274,167.274,255.6555,92.9237
705,cnn,nsson,jetson_emulator,10,local,0.5464521438977411,68.2159,49.2944,68.2159,69.7405,26.9582,167.274,167.274,256.5591,92.9608
706,cnn,nsson,jetson_emulator,10,local,0.5388997003319669,69.7708,49.7646,69.7708,71.4349,26.796,167.274,167.274,256.7004,92.9024
707,cnn,nsson,jetson_emulator,10,offload,0.5330161443920128,68.5032,48.7855,48.7855,50.2074,30.0388,167.274,167.274,256.078,92.8523
708,cnn,nsson,jetson_emulator,10,local,0.5396261043223926,68.4274,49.641,68.4274,70.7004,26.936,167.274,167.274,256.9829,92.9301
709,cnn,nsson,jetson_emulator,10,local,0.5392844669753105,67.9103,49.5884,67.9103,69.4174,26.9903,167.274,167.274,257.1242,92.9046
710,cnn,nsson,jetson_emulator,10,offload,0.5463351527611948,69.1057,48.8195,48.8195,50.2536,30.0345,167.274,167.274,256.5006,92.8736
711,cnn,nsson,jetson_emulator,10,offload,0.5423936402627122,68.3227,49.2227,49.2227,50.1197,29.9836,167.274,167.274,256.6414,92.9219
712,cnn,nsson,jetson_emulator,10,offload,0.5397649240540957,68.1415,48.5988,48.5988,50.6552,30.0625,167.274,167.274,256.7823,93.0044
713,cnn,nsson,jetson_emulator,10,offload,0.5400322104141139,68.0857,48.6986,48.6986,50.6359,30.0498,167.274,167.274,256.9231,92.9683
714,cnn,nsson,jetson_emulator,10,offload,0.5347215417833261,68.1875,48.7536,48.7536,51.6666,30.0429,167.274,167.274,257.064,93.0008
715,cnn,nsson,jetson_emulator,10,offload,0.533095601174459,67.781,49.1507,49.1507,51.0446,29.9927,167.274,167.274,257.2048,92.8366
716,cnn,nsson,jetson_emulator,10,local,0.5338544948930594,67.6481,48.8056,67.6481,68.8555,27.0179,167.274,167.274,258.1131,92.9412
717,cnn,nsson,jetson_emulator,10,local,0.5451201238138219,67.8199,48.4285,67.8199,70.4721,26.9998,167.274,167.274,258.2544,92.9322
718,cnn,nsson,jetson_emulator,10,local,0.5409674360502099,67.633,49.1103,67.633,68.5923,27.0195,167.274,167.274,258.3956,92.9539
719,cnn,nsson,jetson_emulator,10,local,0.5436908464972544,68.7548,48.4257,68.7548,70.2323,26.9018,167.274,167.274,258.5369,92.9113
720,cnn,nsson,jetson_emulator,10,offload,0.5544653518156799,67.716,48.9338,48.9338,50.8559,30.0201,167.274,167.274,257.909,92.9762
721,cnn,nsson,jetson_emulator,10,offload,0.5568546012233412,68.0062,48.3321,48.3321,50.1225,30.0963,167.274,167.274,258.0499,92.9328
722,cnn,nsson,jetson_emulator,10,offload,0.5474370538528815,67.8624,48.6456,48.6456,50.7942,30.0565,167.274,167.274,258.1907,92.9253
723,cnn,nsson,jetson_emulator,10,local,0.5420684848873163,68.5129,48.3005,68.5129,70.1228,26.9271,167.274,167.274,259.102,92.94
724,cnn,nsson,jetson_emulator,10,local,0.5373510233402566,67.5299,48.135,67.5299,69.4611,27.0304,167.274,167.274,259.2432,92.9021
725,cnn,nsson,jetson_emulator,10,local,0.5354775411627853,67.7635,48.8083,67.7635,69.8554,27.0058,167.274,167.274,259.3845,92.9751
726,cnn,nsson,jetson_emulator,10,offload,0.5315850517585198,67.3006,48.0193,48.0193,49.9306,30.1361,167.274,167.274,258.7541,92.9588
727,cnn,nsson,jetson_emulator,10,offload,0.5215708571938676,67.3684,49.0896,49.0896,50.6563,30.0004,167.274,167.274,258.895,92.9245
728,cnn,nsson,jetson_emulator,10,local,0.5259271385574075,67.0874,48.1435,67.0874,69.3666,27.0771,167.274,167.274,259.8083,92.8917
729,cnn,nsson,jetson_emulator,10,local,0.5278659117709165,67.2334,49.3768,67.2334,68.7155,27.0617,167.274,167.274,259.9496,93.0076
730,cnn,nsson,jetson_emulator,10,local,0.5264579858745381,66.9911,48.2904,66.9911,68.5823,27.0873,167.274,167.274,260.0908,92.9533
731,cnn,nsson,jetson_emulator,10,offload,0.5294169728354455,67.0411,48.2933,48.2933,50.5532,30.1012,167.274,167.274,259.4584,92.9431
732,cnn,nsson,jetson_emulator,10,offload,0.5190404243665387,67.0668,49.5882,49.5882,51.7602,29.9376,167.274,167.274,259.5992,92.8843
733,cnn,nsson,jetson_emulator,10,local,0.5130808528791102,66.7804,48.8317,66.7804,68.9736,27.1097,167.274,167.274,260.5147,92.939
734,cnn,nsson,jetson_emulator,10,local,0.5112368608332485,66.9564,47.9233,66.9564,68.9462,27.091,167.274,167.274,260.6559,92.8848
735,cnn,nsson,jetson_emulator,10,offload,0.5119572753129258,66.9106,48.8287,48.8287,50.23,30.0334,167.274,167.274,260.0218,92.9023
736,cnn,nsson,jetson_emulator,10,local,0.5074685725993309,67.4713,48.0397,67.4713,69.6537,27.0366,167.274,167.274,260.9385,92.9342
737,cnn,nsson,jetson_emulator,10,local,0.5080133349621055,66.8544,48.5863,66.8544,68.2493,27.1018,167.274,167.274,261.0797,92.9655
738,cnn,nsson,jetson_emulator,10,offload,0.5172906594907143,66.6921,47.8786,47.8786,49.5468,30.154,167.274,167.274,260.4443,92.9347
739,cnn,nsson,jetson_emulator,10,offload,0.5252122033726022,67.5517,47.7921,47.7921,49.1875,30.165,167.274,167.274,260.5852,92.8809
740,cnn,nsson,jetson_emulator,10,offload,0.5228887702905661,66.7066,47.5777,47.5777,49.7266,30.1924,167.274,167.274,260.726,92.8136
741,cnn,nsson,jetson_emulator,10,local,0.5194173070760724,66.8984,48.2816,66.8984,68.386,27.0972,167.274,167.274,261.6448,92.8898
742,cnn,nsson,jetson_emulator,10,offload,0.5260080137448094,67.8161,47.7834,47.7834,49.0499,30.1661,167.274,167.274,261.0077,92.9485
743,cnn,nsson,jetson_emulator,10,offload,0.5280261611742543,66.7881,48.1102,48.1102,49.9766,30.1245,167.274,167.274,261.1486,92.8828
744,cnn,nsson,jetson_emulator,10,offload,0.5256873298235203,67.7809,48.6739,48.6739,50.3121,30.053,167.274,167.274,261.2894,92.9226
745,cnn,nsson,jetson_emulator,10,offload,0.5203522920549395,67.8928,47.8083,47.8083,49.3275,30.163,167.274,167.274,261.4303,92.9259
746,cnn,nsson,jetson_emulator,10,offload,0.5133397717145674,67.0591,48.3576,48.3576,49.4622,30.0931,167.274,167.274,261.5711,92.8992
747,cnn,nsson,jetson_emulator,10,local,0.5018514851336723,67.4872,48.9165,67.4872,68.9656,27.0349,167.274,167.274,262.4924,92.9017
748,cnn,nsson,jetson_emulator,10,offload,0.4932750875152076,66.5744,48.3267,48.3267,49.2907,30.097,167.274,167.274,261.8528,92.8708
749,cnn,nsson,jetson_emulator,10,offload,0.49340730201213406,66.6037,47.4044,47.4044,48.8964,30.2146,167.274,167.274,261.9937,92.8289
750,cnn,nsson,jetson_emulator,10,offload,0.493171355342013,67.0691,48.3368,48.3368,50.1847,30.0957,167.274,167.274,262.1345,93.0061
751,cnn,nsson,jetson_emulator,10,local,0.4791246341310785,66.6673,47.3612,66.6673,68.5034,27.1217,167.274,167.274,263.0575,92.966
752,cnn,nsson,jetson_emulator,10,offload,0.46862979351894357,66.8612,48.5232,48.5232,50.076,30.072,167.274,167.274,262.4162,92.8942
753,cnn,nsson,jetson_emulator,10,local,0.46321830241997086,66.8092,48.5493,66.8092,69.6244,27.1066,167.274,167.274,263.34,92.9888
754,cnn,nsson,jetson_emulator,10,local,0.47465430063514163,66.2646,47.62,66.2646,67.8494,27.1645,167.274,167.274,263.4813,92.9292
755,cnn,nsson,jetson_emulator,10,local,0.47834020720150044,66.6169,47.5232,66.6169,67.6593,27.127,167.274,167.274,263.6226,92.9408
756,cnn,nsson,jetson_emulator,10,offload,0.4754652818328802,66.8927,47.8256,47.8256,49.785,30.1608,167.274,167.274,262.9796,92.9306
757,cnn,nsson,jetson_emulator,10,local,0.47243115332952657,66.4365,48.6917,66.4365,68.1039,27.1462,167.274,167.274,263.9051,92.9518
758,cnn,nsson,jetson_emulator,10,local,0.4820285316037995,66.6438,48.5907,66.6438,69.0994,27.1242,167.274,167.274,264.0464,92.8717
759,cnn,nsson,jetson_emulator,10,offload,0.4872174200616875,66.5404,47.6071,47.6071,49.7777,30.1886,167.274,167.274,263.4021,92.8603
760,cnn,nsson,jetson_emulator,10,local,0.4976861157478114,66.438,47.7137,66.438,68.3864,27.1461,167.274,167.274,264.3289,92.9024
761,cnn,nsson,jetson_emulator,10,offload,0.503278077006607,66.216,49.3914,49.3914,51.2002,29.9624,167.274,167.274,263.6838,92.8884
762,cnn,nsson,jetson_emulator,10,offload,0.510983945059324,66.5405,47.6059,47.6059,48.8012,30.1888,167.274,167.274,263.8247,92.8488
763,cnn,nsson,jetson_emulator,10,offload,0.5178298378541057,67.4113,47.4187,47.4187,49.2308,30.2127,167.274,167.274,263.9655,92.8492
764,cnn,nsson,jetson_emulator,10,local,0.5218055438406083,66.7181,47.6041,66.7181,67.8044,27.1163,167.274,167.274,264.894,92.9159
765,cnn,nsson,jetson_emulator,10,offload,0.5253109592190205,66.4319,47.4854,47.4854,48.7341,30.2042,167.274,167.274,264.2472,92.8904
766,cnn,nsson,jetson_emulator,10,local,0.530089474801663,67.3824,47.4775,67.3824,68.381,27.046,167.274,167.274,265.1765,92.9468
767,cnn,nsson,jetson_emulator,10,offload,0.5228624736307261,67.1344,47.8072,47.8072,49.0615,30.1631,167.274,167.274,264.5289,92.8862
768,cnn,nsson,jetson_emulator,10,local,0.5264809882747353,66.6095,48.4328,66.6095,68.3803,27.1278,167.274,167.274,265.459,92.893
769,cnn,nsson,jetson_emulator,10,local,0.5272855866994399,66.485,48.1478,66.485,68.0724,27.1411,167.274,167.274,265.6003,92.8659
770,cnn,nsson,jetson_emulator,10,offload,0.5261310134106042,67.3181,47.6394,47.6394,49.1517,30.1845,167.274,167.274,264.9515,92.9443
771,cnn,nsson,jetson_emulator,10,local,0.5214114182177727,66.4695,47.9295,66.4695,68.4663,27.1427,167.274,167.274,265.8828,92.8788
772,cnn,nsson,jetson_emulator,10,offload,0.5191999573080733,67.1365,47.899,47.899,49.8062,30.1514,167.274,167.274,265.2332,92.9059
773,cnn,nsson,jetson_emulator,10,offload,0.5124412385215561,66.9973,48.3255,48.3255,48.873,30.0971,167.274,167.274,265.374,92.8947
774,cnn,nsson,jetson_emulator,10,local,0.5157709296539866,67.6428,49.2658,67.6428,69.6137,27.0185,167.274,167.274,266.3067,92.8784
775,cnn,nsson,jetson_emulator,10,offload,0.5179228054175536,66.7768,48.2526,48.2526,50.5157,30.1064,167.274,167.274,265.6557,92.9202
776,cnn,nsson,jetson_emulator,10,local,0.5160701309513819,67.057,47.8656,67.057,68.9124,27.0804,167.274,167.274,266.5892,92.9135
777,cnn,nsson,jetson_emulator,10,offload,0.5152388740834646,67.1011,48.1213,48.1213,50.2892,30.1231,167.274,167.274,265.9374,93.0114
778,cnn,nsson,jetson_emulator,10,local,0.5154270934796432,67.0319,48.3923,67.0319,68.3689,27.083,167.274,167.274,266.8717,92.9434
779,cnn,nsson,jetson_emulator,10,offload,0.5262718133795481,67.4963,48.1982,48.1982,49.9741,30.1133,167.274,167.274,266.2191,92.9617
780,cnn,nsson,jetson_emulator,10,local,0.5346357645451711,66.9237,48.7805,66.9237,68.9326,27.0945,167.274,167.274,267.1543,92.816
781,cnn,nsson,jetson_emulator,10,offload,0.5306573138641704,67.0011,48.4839,48.4839,50.6276,30.077,167.274,167.274,266.5008,92.9958
782,cnn,nsson,jetson_emulator,10,offload,0.5249725700094365,66.7859,48.978,48.978,50.761,30.0145,167.274,167.274,266.6416,92.8723
783,cnn,nsson,jetson_emulator,10,offload,0.522148158100976,67.1716,47.8789,47.8789,49.8402,30.1539,167.274,167.274,266.7825,92.9322
784,cnn,nsson,jetson_emulator,10,local,0.527593106951868,67.4111,48.2995,67.4111,69.5739,27.0429,167.274,167.274,267.7193,92.9154
785,cnn,nsson,jetson_emulator,10,offload,0.5238074051956912,67.6753,48.5957,48.5957,50.0354,30.0629,167.274,167.274,267.0642,92.9326
786,cnn,nsson,jetson_emulator,10,offload,0.5115050638547761,67.6835,48.8206,48.8206,50.3648,30.0344,167.274,167.274,267.205,92.9336
787,cnn,nsson,jetson_emulator,10,offload,0.5153764702819303,67.4765,48.5834,48.5834,49.5821,30.0644,167.274,167.274,267.3459,92.8993
788,cnn,nsson,jetson_emulator,10,offload,0.5078633118593899,67.5813,47.9924,47.9924,50.4671,30.1395,167.274,167.274,267.4867,92.9265
789,cnn,nsson,jetson_emulator,10,offload,0.4938329840325732,67.2842,48.6383,48.6383,50.6007,30.0575,167.274,167.274,267.6276,92.9169
790,cnn,nsson,jetson_emulator,10,local,0.4882929412813989,68.3561,48.9836,68.3561,71.0662,26.9435,167.274,167.274,268.5669,92.8678
791,cnn,nsson,jetson_emulator,10,local,0.500591984346414,67.7212,48.9241,67.7212,69.6682,27.0102,167.274,167.274,268.7082,92.8993
792,cnn,nsson,jetson_emulator,10,offload,0.4906674502427186,68.762,48.7823,48.7823,50.1254,30.0392,167.274,167.274,268.0501,92.88
793,cnn,nsson,jetson_emulator,10,offload,0.4942977917401023,67.9595,49.997,49.997,52.1762,29.8864,167.274,167.274,268.191,92.9138
794,cnn,nsson,jetson_emulator,10,local,0.5047788120085763,68.1811,49.6563,68.1811,69.9133,26.9619,167.274,167.274,269.132,92.915
795,cnn,nsson,jetson_emulator,10,local,0.49731137584552093,68.1639,48.6529,68.1639,69.8316,26.9637,167.274,167.274,269.2733,92.8828
796,cnn,nsson,jetson_emulator,10,local,0.5062742939280682,67.8862,49.2461,67.8862,70.2261,26.9928,167.274,167.274,269.4146,92.935
797,cnn,nsson,jetson_emulator,10,local,0.5064680104608977,68.3207,49.2357,68.3207,70.0199,26.9472,167.274,167.274,269.5558,92.8807
798,cnn,nsson,jetson_emulator,10,local,0.5106333521446018,67.9131,49.4304,67.9131,69.9465,26.99,167.274,167.274,269.6971,92.9075
799,cnn,nsson,jetson_emulator,10,local,0.512957470495846,68.3392,50.8262,68.3392,70.0446,26.9453,167.274,167.274,269.8384,92.8411
800,cnn,nsson,jetson_emulator,10,offload,0.5108859709606007,68.9736,49.2617,49.2617,50.9064,29.9787,167.274,167.274,269.1769,92.8188
801,cnn,nsson,jetson_emulator,10,local,0.5166188040930405,69.5231,48.8101,69.5231,71.0652,26.8217,167.274,167.274,270.1209,93.0223
802,cnn,nsson,jetson_emulator,10,local,0.5116439619178341,68.877,50.7672,68.877,71.2124,26.889,167.274,167.274,270.2622,92.9051
803,cnn,nsson,jetson_emulator,10,local,0.5094597156304942,68.5869,49.8417,68.5869,70.1374,26.9193,167.274,167.274,270.4034,92.9089
804,cnn,nsson,jetson_emulator,10,offload,0.5212976666819162,69.5097,49.5084,49.5084,52.0237,29.9477,167.274,167.274,269.7403,92.9644
805,cnn,nsson,jetson_emulator,10,offload,0.5166753772328229,68.6668,49.6289,49.6289,50.9518,29.9325,167.274,167.274,269.8812,93.0056
806,cnn,nsson,jetson_emulator,10,offload,0.5224499976178664,68.9878,49.9298,49.9298,51.5632,29.8948,167.274,167.274,270.022,92.8744
807,cnn,nsson,jetson_emulator,10,offload,0.5257574176144304,69.4342,49.4957,49.4957,51.0278,29.9493,167.274,167.274,270.1629,92.899
808,cnn,nsson,jetson_emulator,10,offload,0.5282279150394372,68.9845,49.2679,49.2679,51.0379,29.9779,167.274,167.274,270.3037,92.8624
809,cnn,nsson,jetson_emulator,10,local,0.5335057493111677,69.2956,50.5151,69.2956,71.4916,26.8454,167.274,167.274,271.251,92.8545
810,cnn,nsson,jetson_emulator,10,local,0.5367832171245799,69.4443,49.5319,69.4443,71.0029,26.8299,167.274,167.274,271.3923,92.9909
811,cnn,nsson,jetson_emulator,10,local,0.5388284816354539,69.7486,50.1579,69.7486,71.6385,26.7983,167.274,167.274,271.5336,92.912
812,cnn,nsson,jetson_emulator,10,local,0.5365773255928954,70.673,49.5454,70.673,72.5715,26.7028,167.274,167.274,271.6749,92.9583
813,cnn,nsson,jetson_emulator,10,local,0.5260298471456177,69.4692,49.6958,69.4692,70.7133,26.8273,167.274,167.274,271.8161,92.9668
814,cnn,nsson,jetson_emulator,10,local,0.5186544638681687,70.3318,49.6348,70.3318,72.2138,26.738,167.274,167.274,271.9574,92.9498
815,cnn,nsson,jetson_emulator,10,offload,0.5223354237839424,69.8846,50.3957,50.3957,53.1205,29.8365,167.274,167.274,271.2896,92.9509
816,cnn,nsson,jetson_emulator,10,local,0.5265223041202816,70.1417,49.8318,70.1417,72.2746,26.7576,167.274,167.274,272.2399,92.9426
817,cnn,nsson,jetson_emulator,10,local,0.526459778029453,70.0214,49.8889,70.0214,72.2147,26.7701,167.274,167.274,272.3812,92.8938
818,cnn,nsson,jetson_emulator,10,offload,0.5206659885998081,70.5012,50.4458,50.4458,52.8003,29.8303,167.274,167.274,271.7122,92.8532
819,cnn,nsson,jetson_emulator,10,offload,0.516788506237224,70.1585,50.1293,50.1293,50.9709,29.8698,167.274,167.274,271.853,92.7844
820,cnn,nsson,jetson_emulator,10,offload,0.5223157230222208,70.6266,50.989,50.989,52.0423,29.7627,167.274,167.274,271.9939,92.9327
821,cnn,nsson,jetson_emulator,10,offload,0.5254151777173056,70.3609,50.9469,50.9469,52.5418,29.7679,167.274,167.274,272.1347,92.9602
822,cnn,nsson,jetson_emulator,10,local,0.5138594000624002,71.2512,50.4482,71.2512,72.8935,26.6434,167.274,167.274,273.0875,92.8445
823,cnn,nsson,jetson_emulator,10,local,0.5097861983987012,70.7393,51.0072,70.7393,72.3483,26.696,167.274,167.274,273.2288,92.9241
824,cnn,nsson,jetson_emulator,10,offload,0.5140300815496311,71.2085,51.4885,51.4885,53.62,29.7008,167.274,167.274,272.5573,92.8556
825,cnn,nsson,jetson_emulator,10,offload,0.515179557459571,70.905,51.3507,51.3507,52.716,29.7178,167.274,167.274,272.6981,92.914
826,cnn,nsson,jetson_emulator,10,local,0.5173138282655175,70.9896,51.6124,70.9896,73.2441,26.6703,167.274,167.274,273.6526,92.9235
827,cnn,nsson,jetson_emulator,10,local,0.5224949580217062,71.3507,51.2434,71.3507,72.6776,26.6332,167.274,167.274,273.7939,92.9189
828,cnn,nsson,jetson_emulator,10,local,0.526326568016014,71.7429,50.8958,71.7429,73.2247,26.5931,167.274,167.274,273.9351,92.9301
829,cnn,nsson,jetson_emulator,10,local,0.5245503913055076,71.9232,53.5214,71.9232,73.6835,26.5747,167.274,167.274,274.0764,92.869
830,cnn,nsson,jetson_emulator,10,offload,0.5197435889583429,71.7144,52.9207,52.9207,54.3247,29.5247,167.274,167.274,273.4024,92.9441
831,cnn,nsson,jetson_emulator,10,local,0.5142302561550017,72.0311,51.8956,72.0311,74.5539,26.5637,167.274,167.274,274.359,92.9768
832,cnn,nsson,jetson_emulator,10,local,0.5231377235815766,71.9689,52.0867,71.9689,74.3006,26.5701,167.274,167.274,274.5002,92.9333
833,cnn,nsson,jetson_emulator,10,offload,0.5284688063774363,73.131,52.216,52.216,54.4325,29.6111,167.274,167.274,273.8249,92.8903
834,cnn,nsson,jetson_emulator,10,offload,0.525838340768186,71.9781,51.7364,51.7364,54.3835,29.6702,167.274,167.274,273.9658,92.9472
835,cnn,nsson,jetson_emulator,10,local,0.5308963325459882,73.0139,51.6638,73.0139,75.2458,26.464,167.274,167.274,274.924,92.9769
836,cnn,nsson,jetson_emulator,10,offload,0.5363825622705044,72.4254,51.9431,51.9431,53.7092,29.6447,167.274,167.274,274.2475,92.972
837,cnn,nsson,jetson_emulator,10,local,0.5397224466795864,72.4048,51.9417,72.4048,73.8645,26.5257,167.274,167.274,275.2066,93.0109
838,cnn,nsson,jetson_emulator,10,local,0.5322706375399907,74.3254,52.402,74.3254,75.4161,26.332,167.274,167.274,275.3478,92.9712
839,cnn,nsson,jetson_emulator,10,offload,0.5375282107236373,72.6049,52.1949,52.1949,54.3694,29.6137,167.274,167.274,274.67,92.9547
840,cnn,nsson,jetson_emulator,10,local,0.5460981283610677,73.1672,53.0301,73.1672,74.9606,26.4485,167.274,167.274,275.6304,92.8848
841,cnn,nsson,jetson_emulator,10,offload,0.5437762357463966,73.3716,53.6788,53.6788,55.5012,29.4324,167.274,167.274,274.9517,92.7768
842,cnn,nsson,jetson_emulator,10,offload,0.5520210147853558,73.7642,53.3303,53.3303,55.2272,29.4748,167.274,167.274,275.0926,92.9691
843,cnn,nsson,jetson_emulator,10,local,0.5592235531265013,73.514,52.4286,73.514,75.1419,26.4135,167.274,167.274,276.0542,92.8841
844,cnn,nsson,jetson_emulator,10,offload,0.5544449468278145,73.4538,52.5211,52.5211,54.3863,29.5736,167.274,167.274,275.3742,92.914
845,cnn,nsson,jetson_emulator,10,offload,0.5495395156808895,74.8776,53.1059,53.1059,55.0082,29.5021,167.274,167.274,275.5151,92.9233
846,cnn,nsson,jetson_emulator,10,local,0.558362980275147,73.8188,52.9879,73.8188,75.737,26.3828,167.274,167.274,276.478,92.9612
847,cnn,nsson,jetson_emulator,10,local,0.5543775442231208,74.7229,52.7463,74.7229,76.6165,26.2923,167.274,167.274,276.6192,92.9712
848,cnn,nsson,jetson_emulator,10,local,0.5470274474175466,74.3176,54.4556,74.3176,76.1614,26.3328,167.274,167.274,276.7605,92.8932
849,cnn,nsson,jetson_emulator,10,offload,0.5456471368014831,74.3126,53.4652,53.4652,55.1547,29.4583,167.274,167.274,276.0785,92.9331
850,cnn,nsson,jetson_emulator,10,offload,0.5545983369053812,74.7717,53.1837,53.1837,54.2622,29.4926,167.274,167.274,276.2193,92.892
851,cnn,nsson,jetson_emulator,10,local,0.5598945723679954,74.566,55.1687,74.566,76.7707,26.3079,167.274,167.274,277.1843,92.8144
852,cnn,nsson,jetson_emulator,10,local,0.5509712782404911,75.5189,53.9049,75.5189,77.0959,26.2131,167.274,167.274,277.3256,92.9493
853,cnn,nsson,jetson_emulator,10,local,0.5472648551705861,74.9487,53.6777,74.9487,76.7617,26.2697,167.274,167.274,277.4669,93.009
854,cnn,nsson,jetson_emulator,10,offload,0.546145311848816,75.6531,53.7203,53.7203,55.4722,29.4273,167.274,167.274,276.7827,92.9236
855,cnn,nsson,jetson_emulator,10,offload,0.5463319428508052,75.006,54.9606,54.9606,57.234,29.2775,167.274,167.274,276.9236,92.8987
856,cnn,nsson,jetson_emulator,10,offload,0.5492929137813942,75.1977,54.7454,54.7454,56.4705,29.3034,167.274,167.274,277.0644,92.9368
857,cnn,nsson,jetson_emulator,10,offload,0.5470627829357807,75.4089,54.1899,54.1899,56.0432,29.3704,167.274,167.274,277.2053,92.9651
858,cnn,nsson,jetson_emulator,10,local,0.5565260281897193,75.8234,54.4108,75.8234,77.291,26.1829,167.274,167.274,278.1732,92.8791
859,cnn,nsson,jetson_emulator,10,local,0.5608205825543598,75.5655,54.2323,75.5655,77.1868,26.2084,167.274,167.274,278.3145,92.8733
860,cnn,nsson,jetson_emulator,10,local,0.5720754317653967,76.449,55.3349,76.449,78.9579,26.1211,167.274,167.274,278.4557,92.9461
861,cnn,nsson,jetson_emulator,10,local,0.5746152720433783,76.1038,55.6829,76.1038,78.001,26.1552,167.274,167.274,278.597,92.9569
862,cnn,nsson,jetson_emulator,10,offload,0.5773554410906127,76.2103,54.4356,54.4356,56.5357,29.3408,167.274,167.274,277.9095,92.9064
863,cnn,nsson,jetson_emulator,10,offload,0.5824427704275601,76.1515,54.9594,54.9594,56.9422,29.2777,167.274,167.274,278.0504,92.8355
864,cnn,nsson,jetson_emulator,10,offload,0.5881407025945542,76.5403,55.1951,55.1951,57.2404,29.2494,167.274,167.274,278.1912,92.8538
865,cnn,nsson,jetson_emulator,10,offload,0.5920080176628177,76.8201,55.4903,55.4903,57.768,29.214,167.274,167.274,278.3321,92.9053
866,cnn,nsson,jetson_emulator,10,local,0.6001598628357395,77.5253,55.6464,77.5253,79.2563,26.0155,167.274,167.274,279.3033,92.938
867,cnn,nsson,jetson_emulator,10,local,0.6047099856254112,77.141,55.3173,77.141,79.2559,26.0531,167.274,167.274,279.4446,92.8635
868,cnn,nsson,jetson_emulator,10,local,0.6106895513547139,77.6751,55.6898,77.6751,79.5998,26.0009,167.274,167.274,279.5859,92.954
869,cnn,nsson,jetson_emulator,10,offload,0.5994272761664184,77.3375,55.9896,55.9896,58.0043,29.1544,167.274,167.274,278.8955,92.9088
870,cnn,nsson,jetson_emulator,10,offload,0.5931614144131769,77.1262,56.4112,56.4112,57.5715,29.1043,167.274,167.274,279.0363,92.8211
871,cnn,nsson,jetson_emulator,10,offload,0.5951821063253365,78.1029,56.2665,56.2665,58.2427,29.1215,167.274,167.274,279.1772,92.8523
872,cnn,nsson,jetson_emulator,10,local,0.5914082502853543,77.4614,55.6184,77.4614,79.6475,26.0217,167.274,167.274,280.151,92.8015
873,cnn,nsson,jetson_emulator,10,offload,0.5953134401071956,78.0339,56.6261,56.6261,59.1748,29.0788,167.274,167.274,279.4589,92.9817
874,cnn,nsson,jetson_emulator,10,offload,0.5922251298941448,78.2414,55.666,55.666,56.8285,29.193,167.274,167.274,279.5997,92.8959
875,cnn,nsson,jetson_emulator,10,local,0.5866728143952883,78.1468,55.8218,78.1468,80.0299,25.9549,167.274,167.274,280.5748,93.0024
876,cnn,nsson,jetson_emulator,10,offload,0.5852854262366832,78.0581,55.6985,55.6985,56.8012,29.1891,167.274,167.274,279.8814,92.9478
877,cnn,nsson,jetson_emulator,10,offload,0.5785959684184139,78.6891,55.8326,55.8326,57.9576,29.1731,167.274,167.274,280.0222,92.8775
878,cnn,nsson,jetson_emulator,10,local,0.5785056718643948,78.4297,56.0558,78.4297,80.077,25.9274,167.274,167.274,280.9986,92.8911
879,cnn,nsson,jetson_emulator,10,local,0.5827744179136625,78.7938,56.6127,78.7938,80.4361,25.8921,167.274,167.274,281.1398,92.8588
880,cnn,nsson,jetson_emulator,10,offload,0.5879534216705106,78.8381,56.1474,56.1474,57.8952,29.1356,167.274,167.274,280.4448,92.8909
881,cnn,nsson,jetson_emulator,10,offload,0.58827175823549,78.5964,56.4401,56.4401,58.2669,29.1008,167.274,167.274,280.5856,92.9477
882,cnn,nsson,jetson_emulator,10,local,0.6016666282398873,78.9032,56.8459,78.9032,80.5049,25.8815,167.274,167.274,281.5636,92.8709
883,cnn,nsson,jetson_emulator,10,offload,0.608173348933557,79.6582,57.084,57.084,59.1707,29.0246,167.274,167.274,280.8673,92.8978
884,cnn,nsson,jetson_emulator,10,local,0.6057605193073611,79.304,57.566,79.304,81.905,25.8428,167.274,167.274,281.8462,92.9854
885,cnn,nsson,jetson_emulator,10,offload,0.5969011890849613,80.3449,57.4585,57.4585,59.0087,28.9804,167.274,167.274,281.149,92.9248
886,cnn,nsson,jetson_emulator,10,local,0.6056181737860697,79.5944,57.4502,79.5944,81.778,25.8149,167.274,167.274,282.1287,92.866
887,cnn,nsson,jetson_emulator,10,local,0.5977141869365906,80.0231,56.835,80.0231,82.3787,25.7737,167.274,167.274,282.27,92.9132
888,cnn,nsson,jetson_emulator,10,local,0.5956267002571732,79.7831,57.1754,79.7831,81.4062,25.7967,167.274,167.274,282.4113,92.8868
889,cnn,nsson,jetson_emulator,10,offload,0.588243971879104,80.5034,58.6891,58.6891,60.2047,28.8363,167.274,167.274,281.7124,92.9491
890,cnn,nsson,jetson_emulator,10,local,0.5897348395392865,79.8867,58.6102,79.8867,81.1031,25.7868,167.274,167.274,282.6938,92.9094
891,cnn,nsson,jetson_emulator,10,local,0.5930592659410362,79.831,57.409,79.831,81.6297,25.7921,167.274,167.274,282.8351,92.9084
892,cnn,nsson,jetson_emulator,10,local,0.5948931261372745,80.2859,57.9268,80.2859,81.782,25.7485,167.274,167.274,282.9763,92.81
893,cnn,nsson,jetson_emulator,10,local,0.5850283042668407,80.3101,58.5646,80.3101,81.5215,25.7462,167.274,167.274,283.1176,92.9173
894,cnn,nsson,jetson_emulator,10,local,0.5936298977463315,80.3669,57.7735,80.3669,81.73,25.7407,167.274,167.274,283.2589,92.8784
895,cnn,nsson,jetson_emulator,10,offload,0.5969759520737216,81.873,58.3074,58.3074,59.8706,28.8808,167.274,167.274,282.5575,92.9218
896,cnn,nsson,jetson_emulator,10,offload,0.6012351403026279,81.0844,58.3256,58.3256,60.879,28.8787,167.274,167.274,282.6984,92.8153
897,cnn,nsson,jetson_emulator,10,local,0.5942941556138532,80.9562,58.8288,80.9562,81.8055,25.6845,167.274,167.274,283.6827,92.9757
898,cnn,nsson,jetson_emulator,10,local,0.6016690865800244,81.3532,58.2708,81.3532,82.1114,25.6467,167.274,167.274,283.8239,92.9442
899,cnn,nsson,jetson_emulator,10,offload,0.6103851020953206,81.8681,58.4638,58.4638,60.3034,28.8626,167.274,167.274,283.1209,92.9323
900,cnn,nsson,jetson_emulator,10,offload,0.6091881438688287,80.8761,57.9687,57.9687,60.0024,28.9205,167.274,167.274,283.2618,92.9547
901,cnn,nsson,jetson_emulator,10,offload,0.6058889288615441,82.0884,58.905,58.905,60.3482,28.8111,167.274,167.274,283.4026,92.8878
902,cnn,nsson,jetson_emulator,10,local,0.608541321773903,81.3675,58.6254,81.3675,83.5896,25.6454,167.274,167.274,284.389,92.8978
903,cnn,nsson,jetson_emulator,10,offload,0.6055819884854976,81.5564,58.5618,58.5618,60.2397,28.8511,167.274,167.274,283.6843,92.8499
904,cnn,nsson,jetson_emulator,10,offload,0.5950215011130203,81.9432,58.0654,58.0654,59.76,28.9092,167.274,167.274,283.8252,92.8181
905,cnn,nsson,jetson_emulator,10,offload,0.5978998999478706,81.5246,58.6925,58.6925,60.086,28.8359,167.274,167.274,283.966,92.8496
906,cnn,nsson,jetson_emulator,10,offload,0.6070251221128835,82.106,58.5592,58.5592,60.3875,28.8514,167.274,167.274,284.1068,92.8801
907,cnn,nsson,jetson_emulator,10,local,0.6127621207004151,81.5838,58.3605,81.5838,82.9711,25.6248,167.274,167.274,285.0954,92.9302
908,cnn,nsson,jetson_emulator,10,offload,0.608340644515826,81.7789,58.9971,58.9971,61.4509,28.8004,167.274,167.274,284.3885,92.9347
909,cnn,nsson,jetson_emulator,10,offload,0.620684297768225,82.491,58.9194,58.9194,60.3606,28.8095,167.274,167.274,284.5294,92.9298
910,cnn,nsson,jetson_emulator,10,offload,0.6238604569373326,82.8852,59.5348,59.5348,61.9188,28.738,167.274,167.274,284.6702,92.8925
911,cnn,nsson,jetson_emulator,10,offload,0.6100545926259602,82.3561,59.6304,59.6304,61.3627,28.727,167.274,167.274,284.8111,93.0129
912,cnn,nsson,jetson_emulator,10,local,0.6216999794615298,82.1064,58.8309,82.1064,84.3727,25.5754,167.274,167.274,285.8017,92.8935
913,cnn,nsson,jetson_emulator,10,local,0.6245138640817668,82.557,60.6109,82.557,84.7379,25.5329,167.274,167.274,285.943,92.973
914,cnn,nsson,jetson_emulator,10,offload,0.6245131133511358,82.5435,59.815,59.815,61.9446,28.7056,167.274,167.274,285.2336,92.8916
915,cnn,nsson,jetson_emulator,10,offload,0.6268707451935841,82.4486,59.457,59.457,61.161,28.747,167.274,167.274,285.3745,92.8248
916,cnn,nsson,jetson_emulator,10,local,0.6338437149034236,82.4993,60.0016,82.4993,84.5567,25.5383,167.274,167.274,286.3668,92.9491
917,cnn,nsson,jetson_emulator,10,local,0.6429567233375659,82.8256,59.0597,82.8256,84.3822,25.5077,167.274,167.274,286.508,92.9435
918,cnn,nsson,jetson_emulator,10,offload,0.6427455863831035,82.6991,59.1881,59.1881,61.1592,28.7782,167.274,167.274,285.797,92.9066
919,cnn,nsson,jetson_emulator,10,offload,0.6505509960853543,83.1735,58.9909,58.9909,60.9414,28.8011,167.274,167.274,285.9379,92.9118
920,cnn,nsson,jetson_emulator,10,local,0.6473485854524594,82.689,60.3382,82.689,83.9825,25.5205,167.274,167.274,286.9318,92.9085
921,cnn,nsson,jetson_emulator,10,local,0.6417224290690704,83.0055,60.297,83.0055,84.5453,25.4908,167.274,167.274,287.0731,92.8565
922,cnn,nsson,jetson_emulator,10,local,0.6385424745835631,82.872,59.1225,82.872,84.8487,25.5033,167.274,167.274,287.2144,92.8603
923,cnn,nsson,jetson_emulator,10,local,0.6314556371732543,84.3347,60.4746,84.3347,85.3031,25.3667,167.274,167.274,287.3556,92.8478
924,cnn,nsson,jetson_emulator,10,offload,0.6372511169760857,83.1086,59.3494,59.3494,61.1733,28.7595,167.274,167.274,286.6421,92.8358
925,cnn,nsson,jetson_emulator,10,offload,0.6308147457341298,82.9456,59.802,59.802,60.436,28.7071,167.274,167.274,286.783,92.8924
926,cnn,nsson,jetson_emulator,10,offload,0.6367940530609337,83.1147,59.6023,59.6023,61.8113,28.7302,167.274,167.274,286.9238,92.9699
927,cnn,nsson,jetson_emulator,10,offload,0.6351449700076113,83.2893,60.0068,60.0068,61.8351,28.6835,167.274,167.274,287.0647,92.8792
928,cnn,nsson,jetson_emulator,10,offload,0.6296955405492483,83.7727,60.0017,60.0017,62.11,28.6841,167.274,167.274,287.2055,92.9908
929,cnn,nsson,jetson_emulator,10,local,0.6321033999665105,83.0589,59.3949,83.0589,84.1986,25.4858,167.274,167.274,288.2033,92.938
930,cnn,nsson,jetson_emulator,10,offload,0.619519407845785,83.3201,60.3658,60.3658,62.4053,28.6421,167.274,167.274,287.4872,92.928
931,cnn,nsson,jetson_emulator,10,offload,0.6233044527652234,83.377,59.5352,59.5352,61.2518,28.738,167.274,167.274,287.6281,92.9546
932,cnn,nsson,jetson_emulator,10,offload,0.6278311323834536,83.2814,60.5443,60.5443,62.1086,28.6216,167.274,167.274,287.7689,92.942
933,cnn,nsson,jetson_emulator,10,offload,0.6439159783494375,83.3261,61.1005,61.1005,63.1417,28.5579,167.274,167.274,287.9098,92.9083
934,cnn,nsson,jetson_emulator,10,offload,0.6365545040392059,83.8413,60.3758,60.3758,61.3629,28.641,167.274,167.274,288.0506,92.8482
935,cnn,nsson,jetson_emulator,10,offload,0.6410848818015646,83.4125,60.0948,60.0948,62.3599,28.6733,167.274,167.274,288.1915,92.9917
936,cnn,nsson,jetson_emulator,10,local,0.6496434970849216,84.0484,59.882,84.0484,87.0848,25.3933,167.274,167.274,289.1921,92.8686
937,cnn,nsson,jetson_emulator,10,offload,0.6498516734296299,83.4873,59.8808,59.8808,61.4765,28.698,167.274,167.274,288.4731,92.8684
938,cnn,nsson,jetson_emulator,10,local,0.6600201941795866,83.4586,60.2951,83.4586,85.6504,25.4483,167.274,167.274,289.4747,92.9451
939,cnn,nsson,jetson_emulator,10,local,0.6568183312578637,83.639,60.0672,83.639,85.1468,25.4315,167.274,167.274,289.6159,92.8643
940,cnn,nsson,jetson_emulator,10,offload,0.6525307754149745,83.9609,60.0338,60.0338,62.4444,28.6804,167.274,167.274,288.8957,92.9223
941,cnn,nsson,jetson_emulator,10,offload,0.6580286249419637,84.0505,60.7857,60.7857,62.2781,28.5939,167.274,167.274,289.0365,92.861
942,cnn,nsson,jetson_emulator,10,local,0.6537260158844629,84.4589,60.9601,84.4589,86.1528,25.3551,167.274,167.274,290.0397,92.8659
943,cnn,nsson,jetson_emulator,10,local,0.6496288187876398,84.8383,60.581,84.8383,86.675,25.32,167.274,167.274,290.181,92.8947
944,cnn,nsson,jetson_emulator,10,local,0.6523709594449447,84.2542,59.9155,84.2542,85.7583,25.3741,167.274,167.274,290.3223,92.9014
945,cnn,nsson,jetson_emulator,10,local,0.6534834319330091,84.3219,61.2633,84.3219,85.9593,25.3679,167.274,167.274,290.4636,92.9117
946,cnn,nsson,jetson_emulator,10,local,0.6459656851223948,83.6709,60.7504,83.6709,85.6788,25.4285,167.274,167.274,290.6048,92.8815
947,cnn,nsson,jetson_emulator,10,offload,0.6503318122232787,84.785,61.7066,61.7066,62.9655,28.4888,167.274,167.274,289.8816,92.8893
948,cnn,nsson,jetson_emulator,10,offload,0.6427516492040171,84.3772,60.8147,60.8147,62.4563,28.5906,167.274,167.274,290.0225,92.7739
949,cnn,nsson,jetson_emulator,10,local,0.6470378281707849,84.3605,59.9169,84.3605,85.8284,25.3643,167.274,167.274,291.0286,92.9425
950,cnn,nsson,jetson_emulator,10,offload,0.6408588450659234,83.9296,60.1537,60.1537,62.4351,28.6666,167.274,167.274,290.3042,92.845
951,cnn,nsson,jetson_emulator,10,offload,0.6408321024637667,83.643,59.8975,59.8975,61.6961,28.6961,167.274,167.274,290.445,92.901
952,cnn,nsson,jetson_emulator,10,offload,0.6454816171078642,84.8009,60.1751,60.1751,62.086,28.6641,167.274,167.274,290.5859,92.9629
953,cnn,nsson,jetson_emulator,10,local,0.6487650885523042,84.0162,61.5764,84.0162,86.0931,25.3963,167.274,167.274,291.5937,92.9094
954,cnn,nsson,jetson_emulator,10,offload,0.6482923089821562,84.42,60.356,60.356,60.9444,28.6433,167.274,167.274,290.8676,92.9189
955,cnn,nsson,jetson_emulator,10,offload,0.6469281877046462,83.794,60.4754,60.4754,62.027,28.6295,167.274,167.274,291.0084,93.019
956,cnn,nsson,jetson_emulator,10,offload,0.644979940074907,84.118,59.8534,59.8534,61.2726,28.7012,167.274,167.274,291.1493,92.9124
957,cnn,nsson,jetson_emulator,10,offload,0.6400594161607448,83.9035,60.2624,60.2624,62.7763,28.654,167.274,167.274,291.2901,92.886
958,cnn,nsson,jetson_emulator,10,local,0.6394242156183341,83.9035,60.1649,83.9035,85.3792,25.4068,167.274,167.274,292.3,92.952
959,cnn,nsson,jetson_emulator,10,offload,0.6316115843341605,83.7479,60.115,60.115,62.0926,28.671,167.274,167.274,291.5718,92.959
960,cnn,nsson,jetson_emulator,10,local,0.6395994159056703,83.6556,59.9082,83.6556,84.9517,25.4299,167.274,167.274,292.5826,92.883
961,cnn,nsson,jetson_emulator,10,offload,0.652443950484145,83.7846,60.1384,60.1384,61.9615,28.6683,167.274,167.274,291.8535,92.9208
962,cnn,nsson,jetson_emulator,10,local,0.6442710132722257,84.6718,61.0475,84.6718,86.3461,25.3354,167.274,167.274,292.8651,93.0123
963,cnn,nsson,jetson_emulator,10,offload,0.6363637825354949,83.7776,59.8952,59.8952,61.8073,28.6964,167.274,167.274,292.1352,92.9294
964,cnn,nsson,jetson_emulator,10,offload,0.6420988680220702,83.849,61.1218,61.1218,63.151,28.5555,167.274,167.274,292.2761,92.9462
965,cnn,nsson,jetson_emulator,10,offload,0.6420993201973813,83.6635,60.3568,60.3568,62.229,28.6432,167.274,167.274,292.4169,92.8932
966,cnn,nsson,jetson_emulator,10,offload,0.6399269969292084,83.7298,60.1842,60.1842,61.79,28.663,167.274,167.274,292.5578,92.8684
967,cnn,nsson,jetson_emulator,10,local,0.634095504197318,83.7256,59.6903,83.7256,84.8572,25.4234,167.274,167.274,293.5715,92.8561
968,cnn,nsson,jetson_emulator,10,offload,0.6389192462072688,83.7295,61.667,61.667,63.2672,28.4933,167.274,167.274,292.8394,92.9296
969,cnn,nsson,jetson_emulator,10,offload,0.6510332952551051,83.7631,60.883,60.883,63.0577,28.5828,167.274,167.274,292.9803,92.8906
970,cnn,nsson,jetson_emulator,10,local,0.6552756218415908,83.8955,60.8287,83.8955,85.0044,25.4075,167.274,167.274,293.9953,92.8984
971,cnn,nsson,jetson_emulator,10,offload,0.661572407728308,83.8423,59.6586,59.6586,61.3313,28.7237,167.274,167.274,293.262,92.9616
972,cnn,nsson,jetson_emulator,10,offload,0.6650103505650872,83.3456,60.0728,60.0728,62.5052,28.6759,167.274,167.274,293.4028,92.928
973,cnn,nsson,jetson_emulator,10,offload,0.6587777393311787,83.9794,59.6433,59.6433,61.8045,28.7255,167.274,167.274,293.5437,92.8824
974,cnn,nsson,jetson_emulator,10,local,0.6535780363161265,83.9627,60.2255,83.9627,85.7442,25.4013,167.274,167.274,294.5603,92.9139
975,cnn,nsson,jetson_emulator,10,offload,0.6557647436594669,83.4339,59.9184,59.9184,61.3662,28.6937,167.274,167.274,293.8254,92.8108
976,cnn,nsson,jetson_emulator,10,local,0.6515856103218861,83.2943,59.7807,83.2943,84.8291,25.4637,167.274,167.274,294.8429,92.9031
977,cnn,nsson,jetson_emulator,10,local,0.6593751811826394,83.3556,59.4826,83.3556,84.8501,25.458,167.274,167.274,294.9841,92.9007
978,cnn,nsson,jetson_emulator,10,offload,0.6650235676528227,83.9058,60.5532,60.5532,62.8319,28.6206,167.274,167.274,294.2479,92.8967
979,cnn,nsson,jetson_emulator,10,offload,0.6767885085968116,83.8106,60.3579,60.3579,61.8665,28.643,167.274,167.274,294.3888,92.9094
980,cnn,nsson,jetson_emulator,10,offload,0.6685276999355693,83.9161,59.9719,59.9719,61.477,28.6875,167.274,167.274,294.5296,92.8103
981,cnn,nsson,jetson_emulator,10,offload,0.6622747922439555,83.6941,60.0892,60.0892,61.6375,28.674,167.274,167.274,294.6705,92.9522
982,cnn,nsson,jetson_emulator,10,local,0.6573440073376556,83.6271,59.8241,83.6271,85.2787,25.4326,167.274,167.274,295.6905,92.9691
983,cnn,nsson,jetson_emulator,10,local,0.6505806295758154,83.2741,59.3756,83.2741,84.9521,25.4656,167.274,167.274,295.8318,92.8467
984,cnn,nsson,jetson_emulator,10,offload,0.6453978268006998,83.1866,59.9283,59.9283,62.2715,28.6925,167.274,167.274,295.093,92.9118
985,cnn,nsson,jetson_emulator,10,offload,0.6460865618563854,83.4856,60.1498,60.1498,62.1909,28.667,167.274,167.274,295.2339,92.8282
986,cnn,nsson,jetson_emulator,10,local,0.6523593186054456,83.1696,59.5057,83.1696,85.1333,25.4754,167.274,167.274,296.2556,92.9128
987,cnn,nsson,jetson_emulator,10,offload,0.65435550172231,83.6808,59.2761,59.2761,61.0077,28.768,167.274,167.274,295.5156,92.93
988,cnn,nsson,jetson_emulator,10,offload,0.6493488431960152,82.8848,59.7784,59.7784,60.6272,28.7099,167.274,167.274,295.6564,92.9947
989,cnn,nsson,jetson_emulator,10,offload,0.6460018758338154,83.4176,59.4732,59.4732,61.8363,28.7452,167.274,167.274,295.7973,92.9579
990,cnn,nsson,jetson_emulator,10,offload,0.6594422786133587,82.7604,59.7544,59.7544,60.9598,28.7126,167.274,167.274,295.9381,92.8554
991,cnn,nsson,jetson_emulator,10,local,0.6628602752506035,82.9392,59.2442,82.9392,84.6529,25.497,167.274,167.274,296.9619,92.9571
992,cnn,nsson,jetson_emulator,10,offload,0.662175697490457,83.9082,59.1306,59.1306,61.1422,28.7849,167.274,167.274,296.2198,92.8826
993,cnn,nsson,jetson_emulator,10,offload,0.6775474582616566,83.1617,60.1729,60.1729,61.9436,28.6643,167.274,167.274,296.3607,92.8888
994,cnn,nsson,jetson_emulator,10,local,0.6756396274175424,82.7938,60.6775,82.7938,84.4925,25.5106,167.274,167.274,297.3857,92.9167
995,cnn,nsson,jetson_emulator,10,local,0.677414171395073,82.9483,59.4106,82.9483,84.1722,25.4961,167.274,167.274,297.527,92.938
996,cnn,nsson,jetson_emulator,10,local,0.6750260069945149,82.4791,59.1726,82.4791,84.6387,25.5402,167.274,167.274,297.6682,92.9692
997,cnn,nsson,jetson_emulator,10,local,0.6752027806403531,82.4542,59.7301,82.4542,84.9252,25.5426,167.274,167.274,297.8095,92.9558
998,cnn,nsson,jetson_emulator,10,local,0.6700415825422672,82.7674,59.669,82.7674,84.1092,25.5131,167.274,167.274,297.9508,92.8499
999,cnn,nsson,jetson_emulator,10,local,0.6592554411446246,83.0807,58.8685,83.0807,84.7023,25.4837,167.274,167.274,298.092,92.9212
1000,cnn,nsson,jetson_emulator,10,local,0.6600862859356685,83.3307,59.5981,83.3307,84.8226,25.4603,167.274,167.274,298.2333,92.8802
1001,cnn,nsson,jetson_emulator,10,offload,0.6581608947010493,82.3935,59.1599,59.1599,61.9442,28.7815,167.274,167.274,297.4874,92.8859
1002,cnn,nsson,jetson_emulator,10,offload,0.6589402644153871,82.4304,59.8012,59.8012,61.0249,28.7072,167.274,167.274,297.6283,92.9841
1003,cnn,nsson,jetson_emulator,10,offload,0.6639036001316808,82.1938,58.9959,58.9959,60.6468,28.8005,167.274,167.274,297.7691,92.8847
1004,cnn,nsson,jetson_emulator,10,offload,0.6718957401299822,82.5351,59.4829,59.4829,61.8543,28.744,167.274,167.274,297.91,92.9815
1005,cnn,nsson,jetson_emulator,10,offload,0.68,82.1657,60.5465,60.5465,63.1671,28.6214,167.274,167.274,298.0508,93.0036
1006,cnn,nsson,jetson_emulator,10,offload,0.68,82.8479,59.362,59.362,61.7423,28.758,167.274,167.274,298.1917,93.015
1007,cnn,nsson,jetson_emulator,10,offload,0.68,82.5714,59.3519,59.3519,60.6469,28.7592,167.274,167.274,298.3325,92.8693
1008,cnn,nsson,jetson_emulator,10,offload,0.673183635155335,82.4053,59.4769,59.4769,60.6817,28.7447,167.274,167.274,298.4734,92.9642
1009,cnn,nsson,jetson_emulator,10,offload,0.68,81.9295,59.102,59.102,60.902,28.7882,167.274,167.274,298.6142,92.8998
1010,cnn,nsson,jetson_emulator,10,offload,0.6762556394800745,82.1302,60.7474,60.7474,63.2545,28.5983,167.274,167.274,298.7551,92.8905
1011,cnn,nsson,jetson_emulator,10,offload,0.68,82.1075,59.6632,59.6632,61.3473,28.7232,167.274,167.274,298.8959,92.9381
1012,cnn,nsson,jetson_emulator,10,offload,0.677275763507989,82.3805,59.6206,59.6206,61.3935,28.7281,167.274,167.274,299.0368,92.9139
1013,cnn,nsson,jetson_emulator,10,offload,0.6685088984577837,82.3792,58.5807,58.5807,60.6132,28.8489,167.274,167.274,299.1776,92.978
1014,cnn,nsson,jetson_emulator,10,offload,0.664128135101352,82.6455,58.8462,58.8462,60.0992,28.818,167.274,167.274,299.3185,92.924
1015,cnn,nsson,jetson_emulator,10,offload,0.6668715344816548,82.1605,59.1966,59.1966,60.9353,28.7772,167.274,167.274,299.4593,92.9607
1016,cnn,nsson,jetson_emulator,10,local,0.6639841653539948,81.778,60.1597,81.778,83.2324,25.6065,167.274,167.274,300.4936,92.9333
1017,cnn,nsson,jetson_emulator,10,offload,0.6521762232288629,81.9327,58.6582,58.6582,59.5021,28.8399,167.274,167.274,299.741,92.8418
1018,cnn,nsson,jetson_emulator,10,offload,0.6529426828706713,81.5924,59.3585,59.3585,60.5297,28.7584,167.274,167.274,299.8819,92.9929
1019,cnn,nsson,jetson_emulator,10,offload,0.6610481880967835,81.9539,59.1358,59.1358,60.7308,28.7843,167.274,167.274,300.0227,92.9658
1020,cnn,nsson,jetson_emulator,10,offload,0.6589065496710306,82.31,59.4113,59.4113,60.7661,28.7523,167.274,167.274,300.1636,92.8333
1021,cnn,nsson,jetson_emulator,10,local,0.6688398982271393,81.6317,59.485,81.6317,83.5472,25.6203,167.274,167.274,301.2,92.8961
1022,cnn,nsson,jetson_emulator,10,local,0.6631287631610098,81.6272,59.3616,81.6272,83.6276,25.6207,167.274,167.274,301.3412,92.9244
1023,cnn,nsson,jetson_emulator,10,local,0.6677688790505308,81.9396,58.4586,81.9396,83.407,25.5912,167.274,167.274,301.4825,92.9196
1024,cnn,nsson,jetson_emulator,10,local,0.6700493080907587,81.8135,58.3299,81.8135,83.7634,25.6031,167.274,167.274,301.6238,92.8607
1025,cnn,nsson,jetson_emulator,10,offload,0.6785207163619319,82.2245,59.2787,59.2787,60.907,28.7677,167.274,167.274,300.8678,92.991
1026,cnn,nsson,jetson_emulator,10,offload,0.6736856758746583,81.9177,59.5476,59.5476,61.2227,28.7365,167.274,167.274,301.0087,92.8539
1027,cnn,nsson,jetson_emulator,10,offload,0.671178989462379,82.0573,58.4179,58.4179,59.7906,28.8679,167.274,167.274,301.1495,92.9066
1028,cnn,nsson,jetson_emulator,10,offload,0.6708223907242641,81.3338,58.233,58.233,60.5161,28.8895,167.274,167.274,301.2904,92.9563
1029,cnn,nsson,jetson_emulator,10,local,0.6742599770850531,81.8146,58.1276,81.8146,83.041,25.603,167.274,167.274,302.3301,92.9385
1030,cnn,nsson,jetson_emulator,10,offload,0.6758840265049407,82.0392,58.4766,58.4766,60.4365,28.8611,167.274,167.274,301.572,92.9117
1031,cnn,nsson,jetson_emulator,10,offload,0.68,81.618,58.1789,58.1789,59.5665,28.8959,167.274,167.274,301.7129,92.9034
1032,cnn,nsson,jetson_emulator,10,offload,0.6739759192618179,81.8551,58.5802,58.5802,60.4224,28.849,167.274,167.274,301.8537,92.8706
1033,cnn,nsson,jetson_emulator,10,offload,0.68,82.1425,58.4045,58.4045,60.1364,28.8695,167.274,167.274,301.9946,92.9041
1034,cnn,nsson,jetson_emulator,10,local,0.68,82.3664,59.5599,82.3664,84.0909,25.5509,167.274,167.274,303.0364,92.9104
1035,cnn,nsson,jetson_emulator,10,local,0.68,81.6612,58.174,81.6612,83.2923,25.6175,167.274,167.274,303.1777,92.8795
1036,cnn,nsson,jetson_emulator,10,local,0.68,81.1734,58.159,81.1734,81.8508,25.6638,167.274,167.274,303.319,92.8957
1037,cnn,nsson,jetson_emulator,10,offload,0.68,81.7007,58.2545,58.2545,60.4398,28.887,167.274,167.274,302.558,92.8219
1038,cnn,nsson,jetson_emulator,10,local,0.6783539963409819,81.7855,58.2802,81.7855,82.6352,25.6057,167.274,167.274,303.6015,92.9384
1039,cnn,nsson,jetson_emulator,10,local,0.68,82.3424,59.9951,82.3424,83.5326,25.5531,167.274,167.274,303.7428,92.956
1040,cnn,nsson,jetson_emulator,10,local,0.68,81.4387,58.8911,81.4387,82.7442,25.6386,167.274,167.274,303.8841,92.8443
1041,cnn,nsson,jetson_emulator,10,local,0.68,81.6008,58.8335,81.6008,82.6389,25.6232,167.274,167.274,304.0253,92.9015
1042,cnn,nsson,jetson_emulator,10,offload,0.6707514278961015,81.2754,58.1049,58.1049,60.1575,28.9045,167.274,167.274,303.2622,92.9704
1043,cnn,nsson,jetson_emulator,10,offload,0.6665647396036104,81.4931,58.3916,58.3916,58.8292,28.871,167.274,167.274,303.4031,92.843
1044,cnn,nsson,jetson_emulator,10,local,0.6666080491270228,81.1482,58.0566,81.1482,82.9561,25.6662,167.274,167.274,304.4491,92.9615
1045,cnn,nsson,jetson_emulator,10,local,0.6667916195541683,81.0437,59.1109,81.0437,82.1118,25.6762,167.274,167.274,304.5904,92.8452
1046,cnn,nsson,jetson_emulator,10,local,0.662669642232848,81.3305,58.0309,81.3305,82.9213,25.6489,167.274,167.274,304.7317,92.9508
1047,cnn,nsson,jetson_emulator,10,offload,0.6552085098956939,81.1446,58.9386,58.9386,60.1657,28.8072,167.274,167.274,303.9665,92.8445
1048,cnn,nsson,jetson_emulator,10,local,0.6549658621715367,81.3905,58.7123,81.3905,82.6042,25.6432,167.274,167.274,305.0142,92.8484
1049,cnn,nsson,jetson_emulator,10,local,0.652890690400282,81.1221,59.0234,81.1221,82.961,25.6687,167.274,167.274,305.1555,92.9558
1050,cnn,nsson,jetson_emulator,10,offload,0.6622424972397464,81.9441,58.5261,58.5261,59.6715,28.8553,167.274,167.274,304.389,93.0157
1051,cnn,nsson,jetson_emulator,10,offload,0.6653927147075772,81.8532,57.9425,57.9425,60.4674,28.9236,167.274,167.274,304.5299,92.9419
1052,cnn,nsson,jetson_emulator,10,offload,0.6681566606165008,82.3301,58.9642,58.9642,60.0682,28.8042,167.274,167.274,304.6707,92.8705
1053,cnn,nsson,jetson_emulator,10,offload,0.6579731870449586,81.0689,58.8473,58.8473,60.2986,28.8178,167.274,167.274,304.8116,92.9888
1054,cnn,nsson,jetson_emulator,10,offload,0.6493523434671449,81.1802,58.8287,58.8287,61.0735,28.82,167.274,167.274,304.9524,92.9542
1055,cnn,nsson,jetson_emulator,10,offload,0.6441043029859554,81.4196,58.8718,58.8718,60.4385,28.815,167.274,167.274,305.0933,92.9286
1056,cnn,nsson,jetson_emulator,10,offload,0.6409238121377152,81.5426,58.1125,58.1125,59.8785,28.9036,167.274,167.274,305.2341,92.9237
1057,cnn,nsson,jetson_emulator,10,offload,0.6416729735986357,81.2644,58.7283,58.7283,60.6051,28.8317,167.274,167.274,305.375,92.8543
1058,cnn,nsson,jetson_emulator,10,offload,0.6333184327276788,81.5649,58.0013,58.0013,60.2171,28.9167,167.274,167.274,305.5158,92.9119
1059,cnn,nsson,jetson_emulator,10,local,0.6320952953566735,81.7517,58.5643,81.7517,83.7714,25.6089,167.274,167.274,306.5682,92.8444
1060,cnn,nsson,jetson_emulator,10,offload,0.6374470556772808,81.7907,58.0669,58.0669,59.9569,28.909,167.274,167.274,305.7975,92.8908
1061,cnn,nsson,jetson_emulator,10,offload,0.6397739536258211,81.617,58.4476,58.4476,59.8194,28.8644,167.274,167.274,305.9383,92.9363
1062,cnn,nsson,jetson_emulator,10,offload,0.6357162312100684,81.4555,58.8127,58.8127,61.0195,28.8219,167.274,167.274,306.0792,92.9622
1063,cnn,nsson,jetson_emulator,10,offload,0.6292515262234262,81.2463,58.3986,58.3986,60.4258,28.8702,167.274,167.274,306.22,92.9355
1064,cnn,nsson,jetson_emulator,10,offload,0.6295065544575222,81.6218,58.3841,58.3841,60.328,28.8719,167.274,167.274,306.3609,92.8632
1065,cnn,nsson,jetson_emulator,10,offload,0.6316662969450879,81.882,60.1232,60.1232,62.3802,28.6701,167.274,167.274,306.5017,92.8791
1066,cnn,nsson,jetson_emulator,10,offload,0.6371530070225861,82.325,58.3677,58.3677,59.5464,28.8738,167.274,167.274,306.6426,92.9223
1067,cnn,nsson,jetson_emulator,10,local,0.6438907576168077,81.378,58.1731,81.378,83.3524,25.6444,167.274,167.274,307.6983,92.9621
1068,cnn,nsson,jetson_emulator,10,offload,0.6441214516013891,81.9607,59.0422,59.0422,60.0298,28.7952,167.274,167.274,306.9243,92.8599
1069,cnn,nsson,jetson_emulator,10,offload,0.6440291320442016,82.305,59.576,59.576,62.0583,28.7333,167.274,167.274,307.0651,92.9244
1070,cnn,nsson,jetson_emulator,10,offload,0.6447668824770868,81.8463,58.7789,58.7789,60.2048,28.8258,167.274,167.274,307.206,92.9742
1071,cnn,nsson,jetson_emulator,10,local,0.6462514544802019,81.7478,59.0011,81.7478,84.2157,25.6093,167.274,167.274,308.2634,92.9503
1072,cnn,nsson,jetson_emulator,10,offload,0.6522453064267681,83.4548,58.3706,58.3706,60.2052,28.8734,167.274,167.274,307.4877,93.0096
1073,cnn,nsson,jetson_emulator,10,offload,0.657802825942769,82.4552,58.5177,58.5177,59.7843,28.8563,167.274,167.274,307.6285,92.8553
1074,cnn,nsson,jetson_emulator,10,offload,0.6495580563623258,81.926,59.2627,59.2627,61.7013,28.7696,167.274,167.274,307.7694,92.8732
1075,cnn,nsson,jetson_emulator,10,offload,0.6441107580760983,82.5746,59.092,59.092,60.5641,28.7894,167.274,167.274,307.9102,92.893
1076,cnn,nsson,jetson_emulator,10,offload,0.6435831795496708,81.8765,59.2855,59.2855,60.7807,28.7669,167.274,167.274,308.0511,92.8611
1077,cnn,nsson,jetson_emulator,10,offload,0.6422531167658884,82.2534,58.8573,58.8573,61.0602,28.8167,167.274,167.274,308.1919,92.9269
1078,cnn,nsson,jetson_emulator,10,offload,0.6346766767181431,82.05,59.1037,59.1037,61.3639,28.788,167.274,167.274,308.3328,92.7735
1079,cnn,nsson,jetson_emulator,10,local,0.6436172304959902,81.9167,58.8979,81.9167,83.3081,25.5933,167.274,167.274,309.3935,92.9657
1080,cnn,nsson,jetson_emulator,10,offload,0.6387329480084896,82.7069,59.0352,59.0352,59.9708,28.796,167.274,167.274,308.6145,92.9458
1081,cnn,nsson,jetson_emulator,10,local,0.6390037347307942,82.1536,60.556,82.1536,84.6353,25.5709,167.274,167.274,309.6761,92.8852
1082,cnn,nsson,jetson_emulator,10,offload,0.6458061946976266,82.0532,59.2754,59.2754,60.9734,28.7681,167.274,167.274,308.8962,92.8383
1083,cnn,nsson,jetson_emulator,10,local,0.635504437647311,82.3139,60.14,82.3139,83.8176,25.5558,167.274,167.274,309.9586,92.7721
1084,cnn,nsson,jetson_emulator,10,local,0.629921013440236,82.7201,59.0117,82.7201,85.3344,25.5176,167.274,167.274,310.0999,92.9346
1085,cnn,nsson,jetson_emulator,10,offload,0.6339508556635269,82.351,59.6216,59.6216,61.6224,28.728,167.274,167.274,309.3187,92.8903
1086,cnn,nsson,jetson_emulator,10,offload,0.6348826563546053,82.924,59.1839,59.1839,61.0249,28.7787,167.274,167.274,309.4596,92.9935
1087,cnn,nsson,jetson_emulator,10,offload,0.6404537278306989,82.5807,58.9459,58.9459,60.3753,28.8064,167.274,167.274,309.6004,92.8766
1088,cnn,nsson,jetson_emulator,10,local,0.6522563606819969,82.4406,59.3428,82.4406,83.9628,25.5439,167.274,167.274,310.6649,92.9463
1089,cnn,nsson,jetson_emulator,10,local,0.6606886701232212,83.0864,59.1858,83.0864,84.3945,25.4832,167.274,167.274,310.8062,92.9142
1090,cnn,nsson,jetson_emulator,10,offload,0.6488006329841242,83.0528,59.5265,59.5265,61.2947,28.739,167.274,167.274,310.023,92.9532
1091,cnn,nsson,jetson_emulator,10,local,0.6440736284754474,82.6617,60.3849,82.6617,84.7266,25.5231,167.274,167.274,311.0887,92.9066
1092,cnn,nsson,jetson_emulator,10,local,0.6491907528227467,82.8077,59.3163,82.8077,84.6104,25.5093,167.274,167.274,311.23,92.8491
1093,cnn,nsson,jetson_emulator,10,offload,0.6508772247292718,83.803,59.2738,59.2738,61.7229,28.7683,167.274,167.274,310.4455,92.9064
1094,cnn,nsson,jetson_emulator,10,offload,0.6464740836436649,83.8437,60.478,60.478,62.1219,28.6292,167.274,167.274,310.5863,92.8353
1095,cnn,nsson,jetson_emulator,10,local,0.6372163683170508,83.3199,59.6669,83.3199,85.2829,25.4613,167.274,167.274,311.6538,92.8538
1096,cnn,nsson,jetson_emulator,10,local,0.642418854314044,83.9611,59.6364,83.9611,85.6101,25.4014,167.274,167.274,311.7951,92.8661
1097,cnn,nsson,jetson_emulator,10,offload,0.6446779785897448,83.9935,59.6965,59.6965,61.747,28.7193,167.274,167.274,311.0089,92.983
1098,cnn,nsson,jetson_emulator,10,offload,0.6479833393961116,83.8474,59.7477,59.7477,62.2296,28.7134,167.274,167.274,311.1497,92.9132
1099,cnn,nsson,jetson_emulator,10,local,0.6405481069862015,83.3604,59.9499,83.3604,84.9859,25.4575,167.274,167.274,312.2189,92.844
1100,cnn,nsson,jetson_emulator,10,offload,0.6467291789350822,83.8195,60.8163,60.8163,62.5242,28.5904,167.274,167.274,311.4314,92.9689
1101,cnn,nsson,jetson_emulator,10,local,0.6464019453091012,83.6584,59.8758,83.6584,85.2116,25.4297,167.274,167.274,312.5014,92.9536
1102,cnn,nsson,jetson_emulator,10,local,0.6589967985561641,83.6802,59.8242,83.6802,85.3596,25.4276,167.274,167.274,312.6427,92.8995
1103,cnn,nsson,jetson_emulator,10,local,0.6660387086825331,83.9921,60.7425,83.9921,85.4527,25.3985,167.274,167.274,312.784,92.9387
1104,cnn,nsson,jetson_emulator,10,local,0.6496953690183788,84.837,60.547,84.837,86.6011,25.3201,167.274,167.274,312.9252,93.0101
1105,cnn,nsson,jetson_emulator,10,offload,0.6554848089077668,84.1235,60.1007,60.1007,62.3314,28.6727,167.274,167.274,312.1357,92.908
1106,cnn,nsson,jetson_emulator,10,offload,0.6522990360776709,83.9094,60.8798,60.8798,62.7625,28.5832,167.274,167.274,312.2765,92.853
1107,cnn,nsson,jetson_emulator,10,local,0.6516272341897188,84.5831,60.8736,84.5831,85.8913,25.3436,167.274,167.274,313.349,92.9168
1108,cnn,nsson,jetson_emulator,10,local,0.653334964646988,84.2461,60.1474,84.2461,86.3218,25.3749,167.274,167.274,313.4903,92.8953
1109,cnn,nsson,jetson_emulator,10,local,0.6512383230431065,84.6283,61.5254,84.6283,86.5143,25.3394,167.274,167.274,313.6316,92.8995
1110,cnn,nsson,jetson_emulator,10,local,0.6626991558834202,84.6433,60.3459,84.6433,85.9226,25.338,167.274,167.274,313.7728,92.9115
1111,cnn,nsson,jetson_emulator,10,local,0.6677691959231676,84.3655,60.8098,84.3655,86.2702,25.3638,167.274,167.274,313.9141,92.9458
1112,cnn,nsson,jetson_emulator,10,offload,0.6719814083672228,84.4463,60.4503,60.4503,61.2631,28.6324,167.274,167.274,313.1216,92.9093
1113,cnn,nsson,jetson_emulator,10,local,0.6752837053623376,85.6269,60.8676,85.6269,87.027,25.2472,167.274,167.274,314.1966,92.9359
1114,cnn,nsson,jetson_emulator,10,offload,0.663925977700614,85.4336,60.5236,60.5236,62.1755,28.624,167.274,167.274,313.4033,92.9581
1115,cnn,nsson,jetson_emulator,10,offload,0.6705485279242321,86.2964,60.6831,60.6831,63.265,28.6057,167.274,167.274,313.5442,92.8979
1116,cnn,nsson,jetson_emulator,10,offload,0.678171073556845,85.4896,60.6364,60.6364,62.1963,28.6111,167.274,167.274,313.685,92.8018
1117,cnn,nsson,jetson_emulator,10,offload,0.6761964588461098,84.9671,61.6919,61.6919,63.3877,28.4904,167.274,167.274,313.8259,92.8587
1118,cnn,nsson,jetson_emulator,10,offload,0.6767857393000482,85.1488,61.243,61.243,63.4995,28.5416,167.274,167.274,313.9667,92.956
1119,cnn,nsson,jetson_emulator,10,local,0.6696061375630369,85.2708,61.0137,85.2708,87.1365,25.28,167.274,167.274,315.0443,92.9201
1120,cnn,nsson,jetson_emulator,10,offload,0.6678041885075061,85.273,61.7875,61.7875,63.0309,28.4796,167.274,167.274,314.2484,92.8477
1121,cnn,nsson,jetson_emulator,10,offload,0.6620721637114549,85.8778,62.3345,62.3345,63.577,28.4175,167.274,167.274,314.3893,92.8012
1122,cnn,nsson,jetson_emulator,10,offload,0.6597545149227358,85.4831,61.8309,61.8309,63.2645,28.4746,167.274,167.274,314.5301,92.9283
1123,cnn,nsson,jetson_emulator,10,local,0.6559852449414514,85.5254,62.3039,85.5254,87.0427,25.2565,167.274,167.274,315.6093,92.9034
1124,cnn,nsson,jetson_emulator,10,offload,0.6596185059807079,85.9779,61.6219,61.6219,63.3382,28.4984,167.274,167.274,314.8118,92.8325
1125,cnn,nsson,jetson_emulator,10,offload,0.6646067984261529,86.0986,61.5545,61.5545,62.8222,28.5061,167.274,167.274,314.9526,92.9314
1126,cnn,nsson,jetson_emulator,10,local,0.674888837683003,86.7942,62.375,86.7942,89.2463,25.1402,167.274,167.274,316.0331,93.0224
1127,cnn,nsson,jetson_emulator,10,local,0.68,86.8473,62.2248,86.8473,89.1673,25.1353,167.274,167.274,316.1744,92.9318
1128,cnn,nsson,jetson_emulator,10,offload,0.68,86.5765,61.5927,61.5927,63.2982,28.5017,167.274,167.274,315.3752,92.9674
1129,cnn,nsson,jetson_emulator,10,offload,0.68,86.1522,61.9082,61.9082,63.5489,28.4659,167.274,167.274,315.516,92.9035
1130,cnn,nsson,jetson_emulator,10,offload,0.68,86.4344,63.0232,63.0232,64.7211,28.3398,167.274,167.274,315.6569,92.8854
1131,cnn,nsson,jetson_emulator,10,offload,0.68,87.9476,63.1447,63.1447,64.7257,28.3261,167.274,167.274,315.7977,92.9014
1132,cnn,nsson,jetson_emulator,10,local,0.68,86.7216,62.0471,86.7216,88.8435,25.1468,167.274,167.274,316.8807,93.0302
1133,cnn,nsson,jetson_emulator,10,local,0.68,86.7496,61.9991,86.7496,88.5481,25.1443,167.274,167.274,317.022,92.9407
1134,cnn,nsson,jetson_emulator,10,offload,0.68,86.8047,62.9082,62.9082,64.3708,28.3527,167.274,167.274,316.2203,92.9115
1135,cnn,nsson,jetson_emulator,10,offload,0.6768412216922304,87.8667,62.7102,62.7102,64.8673,28.375,167.274,167.274,316.3611,92.8422
1136,cnn,nsson,jetson_emulator,10,offload,0.6732203917676475,87.5131,63.7018,63.7018,65.4994,28.2636,167.274,167.274,316.502,92.8678
1137,cnn,nsson,jetson_emulator,10,local,0.6681729597812074,87.0863,62.2602,87.0863,89.0394,25.1136,167.274,167.274,317.5871,92.9818
1138,cnn,nsson,jetson_emulator,10,local,0.662553675386195,88.3595,62.4134,88.3595,89.5159,24.9982,167.274,167.274,317.7284,92.9223
1139,cnn,nsson,jetson_emulator,10,offload,0.6573693765403698,87.5273,62.4115,62.4115,64.0875,28.4088,167.274,167.274,316.9245,92.9017
1140,cnn,nsson,jetson_emulator,10,local,0.6541691906858446,88.2115,62.7526,88.2115,90.0232,25.0115,167.274,167.274,318.0109,92.8843
1141,cnn,nsson,jetson_emulator,10,local,0.6376644736139193,87.8779,62.5963,87.8779,89.7159,25.0417,167.274,167.274,318.1522,92.8432
1142,cnn,nsson,jetson_emulator,10,offload,0.6393086471202619,87.7301,62.6854,62.6854,65.231,28.3778,167.274,167.274,317.3471,92.8505
1143,cnn,nsson,jetson_emulator,10,offload,0.6226162989332759,88.0581,64.6689,64.6689,66.5453,28.1557,167.274,167.274,317.4879,92.9443
1144,cnn,nsson,jetson_emulator,10,offload,0.6146999089488696,88.3337,64.3764,64.3764,65.8081,28.1882,167.274,167.274,317.6288,92.8986
1145,cnn,nsson,jetson_emulator,10,local,0.6145038668869166,89.2623,63.6971,89.2623,91.0405,24.917,167.274,167.274,318.7172,92.8464
1146,cnn,nsson,jetson_emulator,10,offload,0.6176669236283332,88.4136,63.6472,63.6472,65.5309,28.2697,167.274,167.274,317.9105,92.9837
1147,cnn,nsson,jetson_emulator,10,local,0.6149462349472749,88.6706,63.541,88.6706,90.467,24.9701,167.274,167.274,318.9998,92.8427
1148,cnn,nsson,jetson_emulator,10,offload,0.6170222147872505,88.7621,63.2318,63.2318,64.9035,28.3163,167.274,167.274,318.1922,92.9317
1149,cnn,nsson,jetson_emulator,10,local,0.6083678353741144,88.3564,63.6092,88.3564,90.2269,24.9984,167.274,167.274,319.2823,92.9864
1150,cnn,nsson,jetson_emulator,10,offload,0.611640475700861,89.062,63.2911,63.2911,65.1337,28.3096,167.274,167.274,318.4739,92.9224
1151,cnn,nsson,jetson_emulator,10,offload,0.6167270249500401,88.3766,63.8677,63.8677,65.1954,28.245,167.274,167.274,318.6147,92.7674
1152,cnn,nsson,jetson_emulator,10,offload,0.6172949548564257,89.1641,63.8801,63.8801,65.8089,28.2436,167.274,167.274,318.7556,92.9176
1153,cnn,nsson,jetson_emulator,10,offload,0.6136605915041897,88.6663,64.0651,64.0651,66.0131,28.2229,167.274,167.274,318.8964,92.8863
1154,cnn,nsson,jetson_emulator,10,local,0.6186636933964467,89.1122,64.5924,89.1122,89.7799,24.9304,167.274,167.274,319.9887,92.934
1155,cnn,nsson,jetson_emulator,10,local,0.6184709645933656,88.7589,64.0828,88.7589,90.6402,24.9622,167.274,167.274,320.1299,92.9453
1156,cnn,nsson,jetson_emulator,10,offload,0.6288777084951452,89.0486,64.3422,64.3422,66.5033,28.192,167.274,167.274,319.3189,92.9665
1157,cnn,nsson,jetson_emulator,10,local,0.639789336919302,89.1666,63.7976,89.1666,90.6197,24.9255,167.274,167.274,320.4125,92.9028
1158,cnn,nsson,jetson_emulator,10,local,0.6446834710975139,89.8884,63.6852,89.8884,91.9131,24.861,167.274,167.274,320.5537,92.9593
1159,cnn,nsson,jetson_emulator,10,offload,0.6461739257452853,89.1615,63.7033,63.7033,65.2593,28.2634,167.274,167.274,319.7415,92.8806
1160,cnn,nsson,jetson_emulator,10,local,0.6454629166251536,89.5524,63.8724,89.5524,92.0029,24.891,167.274,167.274,320.8363,92.9109
1161,cnn,nsson,jetson_emulator,10,offload,0.6364467443785269,89.3754,64.9731,64.9731,66.4527,28.1219,167.274,167.274,320.0232,93.0002
1162,cnn,nsson,jetson_emulator,10,offload,0.6423428407995874,90.2453,64.894,64.894,66.6016,28.1307,167.274,167.274,320.164,92.9346
1163,cnn,nsson,jetson_emulator,10,offload,0.6418810703943864,90.0118,64.3299,64.3299,66.728,28.1934,167.274,167.274,320.3049,92.9301
1164,cnn,nsson,jetson_emulator,10,local,0.6516412064131915,89.5049,66.6051,89.5049,91.1159,24.8952,167.274,167.274,321.4013,92.9351
1165,cnn,nsson,jetson_emulator,10,offload,0.6566690285037081,90.1092,65.3247,65.3247,66.7952,28.083,167.274,167.274,320.5866,92.9032
1166,cnn,nsson,jetson_emulator,10,offload,0.6495860751101457,90.1446,64.7409,64.7409,66.8783,28.1477,167.274,167.274,320.7274,92.8994
1167,cnn,nsson,jetson_emulator,10,offload,0.6514842022572529,89.9618,65.0032,65.0032,66.214,28.1186,167.274,167.274,320.8683,92.8711
1168,cnn,nsson,jetson_emulator,10,local,0.6510321983195828,90.5019,64.9668,90.5019,91.7848,24.8063,167.274,167.274,321.9664,92.8432
1169,cnn,nsson,jetson_emulator,10,local,0.6482215670898798,90.522,64.3383,90.522,92.0192,24.8045,167.274,167.274,322.1077,92.9947
1170,cnn,nsson,jetson_emulator,10,local,0.6421778811126597,90.2361,65.5167,90.2361,92.0145,24.83,167.274,167.274,322.2489,92.8917
1171,cnn,nsson,jetson_emulator,10,local,0.6400068289671412,90.6378,64.774,90.6378,92.8743,24.7943,167.274,167.274,322.3902,92.9594
1172,cnn,nsson,jetson_emulator,10,offload,0.6393368911115606,90.2652,65.114,65.114,66.9803,28.1063,167.274,167.274,321.5725,92.863
1173,cnn,nsson,jetson_emulator,10,offload,0.633290823125127,90.4067,65.4869,65.4869,67.2849,28.0651,167.274,167.274,321.7134,92.8758
1174,cnn,nsson,jetson_emulator,10,offload,0.6281534636708745,90.5086,65.4967,65.4967,67.4788,28.064,167.274,167.274,321.8542,92.8897
1175,cnn,nsson,jetson_emulator,10,local,0.6206546641300263,91.5684,65.7041,91.5684,93.5009,24.7119,167.274,167.274,322.9553,92.895
1176,cnn,nsson,jetson_emulator,10,offload,0.6244274448901561,90.5792,65.2681,65.2681,66.7394,28.0892,167.274,167.274,322.1359,92.9143
1177,cnn,nsson,jetson_emulator,10,offload,0.6205786438661118,91.3785,65.1027,65.1027,66.3623,28.1076,167.274,167.274,322.2768,92.9889
1178,cnn,nsson,jetson_emulator,10,local,0.6257479852092337,90.7081,64.9699,90.7081,92.1739,24.788,167.274,167.274,323.3791,92.9562
1179,cnn,nsson,jetson_emulator,10,offload,0.6367677015037427,90.8648,65.9067,65.9067,67.1931,28.0188,167.274,167.274,322.5585,92.9161
1180,cnn,nsson,jetson_emulator,10,local,0.6382022747473677,92.016,65.5896,92.016,92.2525,24.6725,167.274,167.274,323.6616,92.9377
1181,cnn,nsson,jetson_emulator,10,local,0.6381927766366194,91.5039,65.2583,91.5039,93.3042,24.7176,167.274,167.274,323.8029,92.9546
1182,cnn,nsson,jetson_emulator,10,offload,0.6360331440873362,91.4023,65.4804,65.4804,66.46,28.0658,167.274,167.274,322.981,92.9127
1183,cnn,nsson,jetson_emulator,10,local,0.6444193641053442,90.8149,65.5946,90.8149,93.1684,24.7786,167.274,167.274,324.0854,92.9454
1184,cnn,nsson,jetson_emulator,10,local,0.645527901279299,91.6184,66.0926,91.6184,93.8603,24.7075,167.274,167.274,324.2267,92.8161
1185,cnn,nsson,jetson_emulator,10,offload,0.6393072184799069,91.3235,65.6238,65.6238,67.4303,28.05,167.274,167.274,323.4035,92.9299
1186,cnn,nsson,jetson_emulator,10,offload,0.6403434769901218,91.2482,65.6459,65.6459,67.6824,28.0475,167.274,167.274,323.5444,92.9063
1187,cnn,nsson,jetson_emulator,10,offload,0.6392065959729717,91.0103,65.3778,65.3778,67.6442,28.0771,167.274,167.274,323.6852,92.9029
1188,cnn,nsson,jetson_emulator,10,local,0.6455076643431745,91.4435,66.4856,91.4435,93.0929,24.723,167.274,167.274,324.7918,92.9338
1189,cnn,nsson,jetson_emulator,10,offload,0.6391776109932648,91.0711,65.5283,65.5283,68.1321,28.0605,167.274,167.274,323.9669,92.8695
1190,cnn,nsson,jetson_emulator,10,offload,0.6359214683474158,91.5068,66.4456,66.4456,67.7161,27.9596,167.274,167.274,324.1078,92.9408
1191,cnn,nsson,jetson_emulator,10,offload,0.6381383681568698,91.3251,65.3496,65.3496,67.3236,28.0802,167.274,167.274,324.2486,92.8099
1192,cnn,nsson,jetson_emulator,10,offload,0.629309070555686,91.1263,66.5953,66.5953,68.0493,27.9432,167.274,167.274,324.3895,92.9616
1193,cnn,nsson,jetson_emulator,10,local,0.6221620483731098,92.0433,65.4416,92.0433,93.7053,24.6701,167.274,167.274,325.4981,92.9378
1194,cnn,nsson,jetson_emulator,10,offload,0.6107130374979697,91.8873,65.9326,65.9326,67.89,28.0159,167.274,167.274,324.6712,92.8815
1195,cnn,nsson,jetson_emulator,10,offload,0.622212178717841,91.7647,65.3977,65.3977,67.1139,28.0749,167.274,167.274,324.812,92.8097
1196,cnn,nsson,jetson_emulator,10,local,0.6271342053037752,91.7356,66.7178,91.7356,93.9043,24.6972,167.274,167.274,325.9219,92.9544
1197,cnn,nsson,jetson_emulator,10,offload,0.6253372766957154,92.1072,66.0769,66.0769,67.6818,28.0001,167.274,167.274,325.0937,92.9181
1198,cnn,nsson,jetson_emulator,10,local,0.6328407186549895,91.5043,65.9851,91.5043,92.9976,24.7176,167.274,167.274,326.2045,92.9627
1199,cnn,nsson,jetson_emulator,10,offload,0.6317995471656903,91.7758,65.9401,65.9401,67.8817,28.0151,167.274,167.274,325.3754,92.8681
1200,cnn,nsson,jetson_emulator,10,offload,0.6308876740632141,91.8881,65.5226,65.5226,66.7961,28.0611,167.274,167.274,325.5163,92.745
