cycle_id,model,architecture,profile,nodes,decision,threshold,local_latency_ms,offload_latency_ms,total_latency_ms,rtt_ms,throughput_fps,local_power_mw,offload_power_mw,effective_power_mw,accuracy_step
1,cnn,nsson,jetson_emulator,20,offload,0.49446937404072144,45.134,32.9751,32.9751,34.2163,30.6951,167.274,167.274,157.5733,92.8074
2,cnn,nsson,jetson_emulator,20,offload,0.5023096274783247,45.3139,32.3907,32.3907,34.1911,30.6951,167.274,167.274,157.715,92.8514
3,cnn,nsson,jetson_emulator,20,offload,0.49664978441614627,45.3914,34.0229,34.0229,35.8387,30.6951,167.274,167.274,157.8567,92.8729
4,cnn,nsson,jetson_emulator,20,local,0.49795861135018854,45.7495,32.4348,45.7495,47.8018,28.3801,167.274,167.274,158.9351,92.9095
5,cnn,nsson,jetson_emulator,20,offload,0.4995488687373127,46.4688,32.29,32.29,33.9715,30.6951,167.274,167.274,158.14,92.9723
6,cnn,nsson,jetson_emulator,20,offload,0.505209257602872,45.7267,32.972,32.972,34.7893,30.6951,167.274,167.274,158.2817,92.9324
7,cnn,nsson,jetson_emulator,20,local,0.5051838284111332,47.0078,33.0008,47.0078,49.3116,28.2345,167.274,167.274,159.3627,92.926
8,cnn,nsson,jetson_emulator,20,local,0.4986013773565357,46.1236,32.9412,46.1236,47.9508,28.3367,167.274,167.274,159.5052,92.9331
9,cnn,nsson,jetson_emulator,20,local,0.5104510536028225,45.6635,33.4384,45.6635,47.8829,28.3901,167.274,167.274,159.6477,92.9481
10,cnn,nsson,jetson_emulator,20,local,0.5106088387624258,46.1689,34.3354,46.1689,47.2211,28.3314,167.274,167.274,159.7903,92.8883
11,cnn,nsson,jetson_emulator,20,offload,0.5107841360073887,46.1243,33.448,33.448,35.4661,30.6951,167.274,167.274,158.9902,92.8178
12,cnn,nsson,jetson_emulator,20,offload,0.5102258115878638,46.2581,33.2216,33.2216,34.164,30.6951,167.274,167.274,159.1319,92.8758
13,cnn,nsson,jetson_emulator,20,offload,0.5186034629686617,46.8035,34.2899,34.2899,36.0651,30.6718,167.274,167.274,159.2735,92.8745
14,cnn,nsson,jetson_emulator,20,local,0.5335496314232725,46.8077,33.2299,46.8077,48.5739,28.2576,167.274,167.274,160.3604,92.8895
15,cnn,nsson,jetson_emulator,20,offload,0.543764150693969,46.0179,33.8975,33.8975,35.6857,30.6951,167.274,167.274,159.5569,92.9901
16,cnn,nsson,jetson_emulator,20,local,0.5506969050954895,46.4214,34.6098,46.4214,48.0288,28.3022,167.274,167.274,160.6454,92.8871
17,cnn,nsson,jetson_emulator,20,offload,0.5496990954957983,47.0436,33.614,33.614,35.3111,30.6951,167.274,167.274,159.8403,92.88
18,cnn,nsson,jetson_emulator,20,offload,0.547174015174839,46.8373,33.4541,33.4541,35.2058,30.6951,167.274,167.274,159.982,92.8266
19,cnn,nsson,jetson_emulator,20,local,0.5403800259809513,46.6101,33.1693,46.6101,48.5829,28.2804,167.274,167.274,161.073,92.8428
20,cnn,nsson,jetson_emulator,20,local,0.5342951843733846,46.6563,34.5245,46.6563,48.9353,28.2751,167.274,167.274,161.2156,92.8815
21,cnn,nsson,jetson_emulator,20,offload,0.5245904723670101,47.7975,33.7544,33.7544,36.2359,30.6951,167.274,167.274,160.4071,92.8315
22,cnn,nsson,jetson_emulator,20,offload,0.5231002079423329,47.2935,33.4778,33.4778,35.3525,30.6951,167.274,167.274,160.5487,92.8522
23,cnn,nsson,jetson_emulator,20,local,0.5206366263539571,46.9631,34.224,46.9631,49.1008,28.2397,167.274,167.274,161.6431,92.8398
24,cnn,nsson,jetson_emulator,20,local,0.5182906819766444,46.8357,34.291,46.8357,48.923,28.2544,167.274,167.274,161.7857,92.8558
25,cnn,nsson,jetson_emulator,20,offload,0.5110575019838807,47.1456,33.8342,33.8342,36.4475,30.6951,167.274,167.274,160.9738,92.8505
26,cnn,nsson,jetson_emulator,20,offload,0.5078781184810824,48.4756,34.2489,34.2489,36.6593,30.6773,167.274,167.274,161.1155,92.8994
27,cnn,nsson,jetson_emulator,20,offload,0.5019759940911703,46.9755,33.8077,33.8077,34.8668,30.6951,167.274,167.274,161.2572,92.8432
28,cnn,nsson,jetson_emulator,20,offload,0.4944933076276545,47.8848,34.5427,34.5427,36.45,30.6385,167.274,167.274,161.3989,92.9786
29,cnn,nsson,jetson_emulator,20,offload,0.49360440840261577,48.0076,34.2032,34.2032,35.6875,30.6833,167.274,167.274,161.5406,92.851
30,cnn,nsson,jetson_emulator,20,offload,0.48859957158221795,48.0142,33.9692,33.9692,35.3803,30.6951,167.274,167.274,161.6823,92.9432
31,cnn,nsson,jetson_emulator,20,offload,0.4938697444969604,47.4789,33.9887,33.9887,35.6419,30.6951,167.274,167.274,161.8239,92.8804
32,cnn,nsson,jetson_emulator,20,local,0.4939917994604946,48.0471,34.2154,48.0471,49.6484,28.1154,167.274,167.274,162.9259,92.9327
33,cnn,nsson,jetson_emulator,20,offload,0.5047897417603184,48.2523,35.726,35.726,38.397,30.4836,167.274,167.274,162.1073,92.9145
34,cnn,nsson,jetson_emulator,20,local,0.49833253613764844,47.4934,34.5158,47.4934,49.0564,28.1788,167.274,167.274,163.211,92.9254
35,cnn,nsson,jetson_emulator,20,local,0.5086961009671171,47.6553,34.4346,47.6553,49.5206,28.1602,167.274,167.274,163.3535,92.9445
36,cnn,nsson,jetson_emulator,20,offload,0.5054775188381727,48.3367,34.076,34.076,35.7514,30.6951,167.274,167.274,162.5324,92.8494
37,cnn,nsson,jetson_emulator,20,local,0.4989170857666799,48.1455,34.8326,48.1455,49.9115,28.1042,167.274,167.274,163.6385,92.8978
38,cnn,nsson,jetson_emulator,20,offload,0.4964869550935113,48.5356,35.2363,35.2363,36.5388,30.5475,167.274,167.274,162.8158,92.9619
39,cnn,nsson,jetson_emulator,20,local,0.4942689478782044,47.8292,35.238,47.8292,49.2624,28.1403,167.274,167.274,163.9236,92.9599
40,cnn,nsson,jetson_emulator,20,offload,0.49449531507205624,47.9646,34.8237,34.8237,36.3043,30.6016,167.274,167.274,163.0991,92.9301
41,cnn,nsson,jetson_emulator,20,offload,0.4975797761071338,48.3058,34.8844,34.8844,37.1536,30.5936,167.274,167.274,163.2408,92.8273
42,cnn,nsson,jetson_emulator,20,offload,0.4895162181841466,48.4577,34.8686,34.8686,36.3231,30.5957,167.274,167.274,163.3825,92.8477
43,cnn,nsson,jetson_emulator,20,offload,0.48037887581964217,48.6148,35.3344,35.3344,37.1195,30.5347,167.274,167.274,163.5242,92.9504
44,cnn,nsson,jetson_emulator,20,local,0.4830299863854167,48.1616,34.7001,48.1616,49.9849,28.1024,167.274,167.274,164.6362,92.853
45,cnn,nsson,jetson_emulator,20,local,0.47426540805931455,48.2127,35.5442,48.2127,49.7899,28.0965,167.274,167.274,164.7788,92.9327
46,cnn,nsson,jetson_emulator,20,offload,0.4649163673691098,48.936,35.4168,35.4168,37.5733,30.5239,167.274,167.274,163.9493,92.8652
47,cnn,nsson,jetson_emulator,20,offload,0.46379541339230185,48.453,34.7249,34.7249,36.6089,30.6146,167.274,167.274,164.091,92.8609
48,cnn,nsson,jetson_emulator,20,offload,0.47088575159027324,49.0063,35.3141,35.3141,37.2871,30.5374,167.274,167.274,164.2326,92.925
49,cnn,nsson,jetson_emulator,20,offload,0.4695508181763716,48.9171,35.581,35.581,36.8878,30.5025,167.274,167.274,164.3743,92.8853
50,cnn,nsson,jetson_emulator,20,offload,0.4678701015445523,48.4922,35.0938,35.0938,37.7904,30.5662,167.274,167.274,164.516,92.8686
51,cnn,nsson,jetson_emulator,20,offload,0.4686822827057569,48.5625,35.5413,35.5413,37.9852,30.5077,167.274,167.274,164.6577,92.8804
52,cnn,nsson,jetson_emulator,20,offload,0.47884370017962924,48.7345,34.9701,34.9701,37.1004,30.5824,167.274,167.274,164.7994,92.9064
53,cnn,nsson,jetson_emulator,20,local,0.48781016169555014,48.8741,34.989,48.8741,50.36,28.0214,167.274,167.274,165.919,92.9245
54,cnn,nsson,jetson_emulator,20,local,0.4844903382787056,50.3209,35.1471,50.3209,52.2036,27.8583,167.274,167.274,166.0615,93.0127
55,cnn,nsson,jetson_emulator,20,offload,0.4842763202766827,48.9567,35.4066,35.4066,37.6554,30.5253,167.274,167.274,165.2245,92.9351
56,cnn,nsson,jetson_emulator,20,local,0.4725082762354878,50.0491,35.994,50.0491,52.5551,27.8888,167.274,167.274,166.3466,92.9851
57,cnn,nsson,jetson_emulator,20,offload,0.46485693571560294,49.0045,35.1014,35.1014,36.8965,30.5652,167.274,167.274,165.5078,92.8528
58,cnn,nsson,jetson_emulator,20,local,0.4684160098680374,49.1182,35.7687,49.1182,50.488,27.9937,167.274,167.274,166.6316,92.9214
59,cnn,nsson,jetson_emulator,20,local,0.46649481828934325,49.6024,35.3929,49.6024,51.1976,27.939,167.274,167.274,166.7742,92.8967
60,cnn,nsson,jetson_emulator,20,local,0.46220858340167353,49.5176,35.7841,49.5176,50.8946,27.9486,167.274,167.274,166.9167,92.9223
61,cnn,nsson,jetson_emulator,20,offload,0.45309140155995936,49.3399,35.7272,35.7272,37.6923,30.4835,167.274,167.274,166.0746,92.8754
62,cnn,nsson,jetson_emulator,20,local,0.45886200307436825,49.5268,35.116,49.5268,51.2149,27.9475,167.274,167.274,167.2018,92.9301
63,cnn,nsson,jetson_emulator,20,offload,0.45703218121737726,49.1797,36.7613,36.7613,38.9662,30.3493,167.274,167.274,166.358,92.9169
64,cnn,nsson,jetson_emulator,20,offload,0.46034924230795704,49.8659,36.6444,36.6444,38.4386,30.3644,167.274,167.274,166.4997,92.8943
65,cnn,nsson,jetson_emulator,20,local,0.4663865431903052,49.2101,35.7304,49.2101,51.6614,27.9833,167.274,167.274,167.6293,92.8703
66,cnn,nsson,jetson_emulator,20,offload,0.47456914926036414,50.558,35.8586,35.8586,37.4333,30.4664,167.274,167.274,166.783,92.8946
67,cnn,nsson,jetson_emulator,20,local,0.48222749763691275,49.2562,35.6153,49.2562,51.1821,27.9781,167.274,167.274,167.9144,92.8955
68,cnn,nsson,jetson_emulator,20,offload,0.4813952495620645,49.9596,36.2947,36.2947,38.0839,30.4097,167.274,167.274,167.0664,93.0283
69,cnn,nsson,jetson_emulator,20,offload,0.484014069432155,49.6232,35.9625,35.9625,37.7555,30.4528,167.274,167.274,167.2081,92.7771
70,cnn,nsson,jetson_emulator,20,offload,0.5061029910174071,49.5662,35.8975,35.8975,37.659,30.4613,167.274,167.274,167.3498,92.9236
71,cnn,nsson,jetson_emulator,20,offload,0.5054975308934385,49.593,35.4331,35.4331,36.3882,30.5218,167.274,167.274,167.4915,92.9119
72,cnn,nsson,jetson_emulator,20,offload,0.5062235371479158,49.6083,35.737,35.737,37.4825,30.4822,167.274,167.274,167.6332,92.9209
73,cnn,nsson,jetson_emulator,20,offload,0.5103841956837953,50.1901,36.3969,36.3969,38.8314,30.3965,167.274,167.274,167.7749,92.8993
74,cnn,nsson,jetson_emulator,20,local,0.515050419375046,51.4282,36.0896,51.4282,53.0205,27.7347,167.274,167.274,168.9121,92.943
75,cnn,nsson,jetson_emulator,20,local,0.5124482608229741,49.9682,35.4277,49.9682,52.9851,27.8979,167.274,167.274,169.0546,93.0012
76,cnn,nsson,jetson_emulator,20,offload,0.5116794988329676,49.7679,35.6711,35.6711,38.3729,30.4908,167.274,167.274,168.1999,92.8167
77,cnn,nsson,jetson_emulator,20,local,0.5295225979040742,49.9999,37.0348,49.9999,51.6261,27.8943,167.274,167.274,169.3397,92.9109
78,cnn,nsson,jetson_emulator,20,local,0.5322842298358328,50.3179,35.8103,50.3179,52.1477,27.8586,167.274,167.274,169.4822,92.9035
79,cnn,nsson,jetson_emulator,20,offload,0.5409015596433477,49.6875,36.0436,36.0436,37.4226,30.4423,167.274,167.274,168.625,92.914
80,cnn,nsson,jetson_emulator,20,offload,0.5324480804841853,49.7849,35.5223,35.5223,37.1497,30.5102,167.274,167.274,168.7667,92.8967
81,cnn,nsson,jetson_emulator,20,offload,0.534076710478655,50.3576,35.8572,35.8572,38.0787,30.4665,167.274,167.274,168.9084,92.902
82,cnn,nsson,jetson_emulator,20,offload,0.5300886600292976,50.0956,35.5938,35.5938,37.9438,30.5008,167.274,167.274,169.05,92.9655
83,cnn,nsson,jetson_emulator,20,offload,0.5233593549708889,49.6232,35.6632,35.6632,37.5753,30.4918,167.274,167.274,169.1917,92.8678
84,cnn,nsson,jetson_emulator,20,local,0.5219016209419491,50.1324,35.6849,50.1324,52.1747,27.8794,167.274,167.274,170.3374,92.905
85,cnn,nsson,jetson_emulator,20,local,0.5319501628202872,49.9904,36.9886,49.9904,52.1419,27.8954,167.274,167.274,170.4799,92.8347
86,cnn,nsson,jetson_emulator,20,offload,0.5347111214148136,49.7724,36.0593,36.0593,37.4379,30.4403,167.274,167.274,169.6168,92.9126
87,cnn,nsson,jetson_emulator,20,offload,0.5330638634851972,50.554,36.912,36.912,39.1899,30.3299,167.274,167.274,169.7585,92.9516
88,cnn,nsson,jetson_emulator,20,offload,0.5271768389683577,49.7846,36.4052,36.4052,38.2902,30.3954,167.274,167.274,169.9002,92.8447
89,cnn,nsson,jetson_emulator,20,local,0.5165639959925624,50.7481,36.7344,50.7481,51.9556,27.8105,167.274,167.274,171.05,92.8648
90,cnn,nsson,jetson_emulator,20,local,0.5177773596708481,50.261,35.9943,50.261,52.4392,27.865,167.274,167.274,171.1926,92.9258
91,cnn,nsson,jetson_emulator,20,offload,0.5143309139867316,49.7804,35.9965,35.9965,37.9294,30.4484,167.274,167.274,170.3252,92.9232
92,cnn,nsson,jetson_emulator,20,local,0.5149113022529119,50.5154,36.1609,50.5154,51.9376,27.8365,167.274,167.274,171.4776,92.8466
93,cnn,nsson,jetson_emulator,20,offload,0.5063270508735238,51.0735,35.6424,35.6424,38.0907,30.4945,167.274,167.274,170.6086,92.935
94,cnn,nsson,jetson_emulator,20,offload,0.49132952736119095,50.0205,35.8615,35.8615,37.2268,30.466,167.274,167.274,170.7503,92.9556
95,cnn,nsson,jetson_emulator,20,local,0.5061219287856963,49.7932,36.9127,49.7932,51.6965,27.9175,167.274,167.274,171.9052,92.9703
96,cnn,nsson,jetson_emulator,20,offload,0.503909629052308,49.9976,35.579,35.579,36.9629,30.5028,167.274,167.274,171.0337,92.8756
97,cnn,nsson,jetson_emulator,20,offload,0.5012610777805918,49.8536,36.4495,36.4495,37.8757,30.3897,167.274,167.274,171.1754,93.0002
98,cnn,nsson,jetson_emulator,20,offload,0.49328446157012024,50.7544,36.147,36.147,37.4636,30.4289,167.274,167.274,171.3171,92.9007
99,cnn,nsson,jetson_emulator,20,local,0.4951008725223188,50.1536,36.458,50.1536,52.0183,27.877,167.274,167.274,172.4753,92.9183
100,cnn,nsson,jetson_emulator,20,offload,0.47804587443436847,50.6616,35.5344,35.5344,37.324,30.5086,167.274,167.274,171.6004,92.7792
101,cnn,nsson,jetson_emulator,20,offload,0.486437244301303,49.8419,35.8456,35.8456,37.5662,30.468,167.274,167.274,171.7421,92.8594
102,cnn,nsson,jetson_emulator,20,offload,0.48408500170906515,49.6795,36.1326,36.1326,38.6448,30.4307,167.274,167.274,171.8838,92.9264
103,cnn,nsson,jetson_emulator,20,local,0.4835499850535991,50.6339,36.8289,50.6339,52.2967,27.8233,167.274,167.274,173.0454,92.8814
104,cnn,nsson,jetson_emulator,20,offload,0.4745819344285943,49.8074,36.7524,36.7524,39.4247,30.3505,167.274,167.274,172.1672,92.8173
105,cnn,nsson,jetson_emulator,20,local,0.4613917664401871,49.7389,36.3445,49.7389,50.8074,27.9236,167.274,167.274,173.3305,92.8871
106,cnn,nsson,jetson_emulator,20,offload,0.461243653882231,50.3299,35.6048,35.6048,38.0153,30.4994,167.274,167.274,172.4506,92.9379
107,cnn,nsson,jetson_emulator,20,offload,0.4651966018714141,50.2029,36.2204,36.2204,38.3976,30.4193,167.274,167.274,172.5923,92.8746
108,cnn,nsson,jetson_emulator,20,offload,0.46695215364656184,50.0687,36.4101,36.4101,38.2267,30.3948,167.274,167.274,172.7339,92.825
109,cnn,nsson,jetson_emulator,20,local,0.4675151384967381,50.6986,35.9725,50.6986,51.8406,27.816,167.274,167.274,173.9006,92.8944
110,cnn,nsson,jetson_emulator,20,offload,0.46152617368644766,49.6624,36.3957,36.3957,38.2328,30.3966,167.274,167.274,173.0173,92.9254
111,cnn,nsson,jetson_emulator,20,offload,0.4593296498922728,49.6187,35.4975,35.4975,36.4919,30.5134,167.274,167.274,173.159,92.9496
112,cnn,nsson,jetson_emulator,20,offload,0.4702623974663376,50.0224,36.0221,36.0221,37.2024,30.4451,167.274,167.274,173.3007,92.8384
113,cnn,nsson,jetson_emulator,20,offload,0.45764584435655276,49.965,37.0793,37.0793,38.9587,30.3083,167.274,167.274,173.4424,92.8768
114,cnn,nsson,jetson_emulator,20,offload,0.46311128554757713,50.3752,35.7436,35.7436,37.8831,30.4813,167.274,167.274,173.5841,92.8877
115,cnn,nsson,jetson_emulator,20,local,0.4614433734569533,49.6157,36.1451,49.6157,51.592,27.9375,167.274,167.274,174.7558,92.9374
116,cnn,nsson,jetson_emulator,20,offload,0.4544225668977723,49.8864,35.6389,35.6389,37.5089,30.495,167.274,167.274,173.8675,92.898
117,cnn,nsson,jetson_emulator,20,local,0.45663515859368164,49.6775,35.6637,49.6775,51.4793,27.9306,167.274,167.274,175.0408,92.8786
118,cnn,nsson,jetson_emulator,20,offload,0.44733659135435144,49.5482,35.96,35.96,37.7292,30.4532,167.274,167.274,174.1508,92.904
119,cnn,nsson,jetson_emulator,20,local,0.4479074846198246,49.9081,37.3476,49.9081,51.9143,27.9046,167.274,167.274,175.3259,92.8264
120,cnn,nsson,jetson_emulator,20,offload,0.4471882127891273,50.009,35.4231,35.4231,37.7331,30.5231,167.274,167.274,174.4342,92.999
121,cnn,nsson,jetson_emulator,20,offload,0.44959381207995747,49.5208,36.408,36.408,38.6254,30.395,167.274,167.274,174.5759,92.9269
122,cnn,nsson,jetson_emulator,20,offload,0.4557658005794395,49.2617,35.6507,35.6507,37.1466,30.4934,167.274,167.274,174.7176,92.9678
123,cnn,nsson,jetson_emulator,20,local,0.46145039052795994,49.4067,35.4958,49.4067,51.1002,27.9611,167.274,167.274,175.896,92.9277
124,cnn,nsson,jetson_emulator,20,offload,0.45240771993097345,50.1975,35.8949,35.8949,36.9265,30.4616,167.274,167.274,175.001,92.9923
125,cnn,nsson,jetson_emulator,20,offload,0.44730503198065924,49.3737,35.1776,35.1776,36.3328,30.5552,167.274,167.274,175.1427,92.9384
126,cnn,nsson,jetson_emulator,20,offload,0.4415248106945489,50.4759,35.6884,35.6884,37.9873,30.4885,167.274,167.274,175.2843,92.9778
127,cnn,nsson,jetson_emulator,20,offload,0.44093077330233693,49.122,35.4447,35.4447,36.9112,30.5203,167.274,167.274,175.426,92.8648
128,cnn,nsson,jetson_emulator,20,offload,0.4464409233751313,49.5854,36.171,36.171,38.2243,30.4258,167.274,167.274,175.5677,92.8359
129,cnn,nsson,jetson_emulator,20,offload,0.44370359777883994,49.4482,35.817,35.817,37.7513,30.4718,167.274,167.274,175.7094,92.9249
130,cnn,nsson,jetson_emulator,20,local,0.4452263681959471,49.7107,35.4135,49.7107,51.3055,27.9268,167.274,167.274,176.8937,92.9205
131,cnn,nsson,jetson_emulator,20,offload,0.44345791690365793,48.9958,35.9714,35.9714,38.0631,30.4517,167.274,167.274,175.9928,93.0108
132,cnn,nsson,jetson_emulator,20,local,0.4419950882819411,49.859,35.4437,49.859,51.5122,27.9101,167.274,167.274,177.1787,92.9088
133,cnn,nsson,jetson_emulator,20,offload,0.44885656212289987,49.3156,36.4885,36.4885,38.1781,30.3846,167.274,167.274,176.2762,92.9518
134,cnn,nsson,jetson_emulator,20,local,0.4536061788730481,49.0311,35.2342,49.0311,50.6605,28.0036,167.274,167.274,177.4638,92.8801
135,cnn,nsson,jetson_emulator,20,offload,0.4513775516327948,50.0236,35.0029,35.0029,36.5022,30.5781,167.274,167.274,176.5595,92.8712
136,cnn,nsson,jetson_emulator,20,offload,0.45284547835667904,49.2759,36.0347,36.0347,38.3914,30.4435,167.274,167.274,176.7012,92.8085
137,cnn,nsson,jetson_emulator,20,local,0.45428784536305594,49.0849,35.2841,49.0849,51.383,27.9975,167.274,167.274,177.8914,92.824
138,cnn,nsson,jetson_emulator,20,offload,0.4635631451748983,49.2098,34.9918,34.9918,36.7665,30.5796,167.274,167.274,176.9846,92.8721
139,cnn,nsson,jetson_emulator,20,local,0.4643860539174744,49.1051,35.8025,49.1051,51.1452,27.9952,167.274,167.274,178.1764,92.9437
140,cnn,nsson,jetson_emulator,20,offload,0.46029901776611293,48.7788,35.9276,35.9276,38.6816,30.4574,167.274,167.274,177.268,92.971
141,cnn,nsson,jetson_emulator,20,offload,0.46532884787238493,49.4936,35.4005,35.4005,37.3267,30.5261,167.274,167.274,177.4097,92.8871
142,cnn,nsson,jetson_emulator,20,offload,0.4736128473207754,49.5147,34.8352,34.8352,36.1391,30.6001,167.274,167.274,177.5514,92.9844
143,cnn,nsson,jetson_emulator,20,offload,0.46074927187818543,48.9035,36.0396,36.0396,38.637,30.4428,167.274,167.274,177.693,92.8911
144,cnn,nsson,jetson_emulator,20,local,0.45217132015141936,48.8138,34.8975,48.8138,50.4311,28.0282,167.274,167.274,178.8891,92.8533
145,cnn,nsson,jetson_emulator,20,local,0.45746201645241674,48.6065,34.8631,48.6065,50.1777,28.0517,167.274,167.274,179.0316,92.8558
146,cnn,nsson,jetson_emulator,20,offload,0.45899173820235806,48.9417,35.3919,35.3919,37.4372,30.5272,167.274,167.274,178.1181,92.8527
147,cnn,nsson,jetson_emulator,20,offload,0.4577857723705387,48.619,35.3575,35.3575,37.978,30.5317,167.274,167.274,178.2598,92.9451
148,cnn,nsson,jetson_emulator,20,offload,0.46172683283320515,48.8454,35.0731,35.0731,36.7123,30.5689,167.274,167.274,178.4015,92.8668
149,cnn,nsson,jetson_emulator,20,local,0.468193754522435,48.5613,34.6332,48.5613,50.3403,28.0569,167.274,167.274,179.6017,92.9702
150,cnn,nsson,jetson_emulator,20,local,0.4692838557737876,49.3362,35.0638,49.3362,50.9456,27.9691,167.274,167.274,179.7443,92.9007
151,cnn,nsson,jetson_emulator,20,offload,0.4702101539518639,48.7376,35.5761,35.5761,37.5956,30.5032,167.274,167.274,178.8266,92.949
152,cnn,nsson,jetson_emulator,20,local,0.474054996517959,48.7467,35.3491,48.7467,50.1856,28.0358,167.274,167.274,180.0293,92.9648
153,cnn,nsson,jetson_emulator,20,local,0.4849124739086637,48.7211,36.0079,48.7211,51.015,28.0387,167.274,167.274,180.1718,92.8158
154,cnn,nsson,jetson_emulator,20,local,0.4821042975601669,48.6231,34.511,48.6231,50.2756,28.0498,167.274,167.274,180.3144,92.9117
155,cnn,nsson,jetson_emulator,20,offload,0.47254214157237795,48.2271,35.2381,35.2381,36.9051,30.5473,167.274,167.274,179.3933,92.9008
156,cnn,nsson,jetson_emulator,20,local,0.4731449317194829,48.2162,34.643,48.2162,50.1103,28.0961,167.274,167.274,180.5994,92.9945
157,cnn,nsson,jetson_emulator,20,offload,0.4769798558371513,48.5806,35.3301,35.3301,36.6519,30.5353,167.274,167.274,179.6767,92.8889
158,cnn,nsson,jetson_emulator,20,local,0.4811834333024085,48.614,34.8619,48.614,50.546,28.0509,167.274,167.274,180.8845,92.8835
159,cnn,nsson,jetson_emulator,20,offload,0.47509820688193444,48.9136,36.0963,36.0963,38.2217,30.4355,167.274,167.274,179.9601,92.8942
160,cnn,nsson,jetson_emulator,20,local,0.48596467840980206,48.6007,35.5936,48.6007,51.1964,28.0524,167.274,167.274,181.1695,92.8698
161,cnn,nsson,jetson_emulator,20,local,0.489556428209017,48.2748,34.9752,48.2748,49.5459,28.0895,167.274,167.274,181.3121,92.8777
162,cnn,nsson,jetson_emulator,20,offload,0.49454659818357116,48.4507,34.8742,34.8742,36.2715,30.595,167.274,167.274,180.3851,92.8493
163,cnn,nsson,jetson_emulator,20,local,0.49970529953525133,48.9502,34.7743,48.9502,50.5614,28.0127,167.274,167.274,181.5971,92.8319
164,cnn,nsson,jetson_emulator,20,offload,0.5074272442114328,49.0436,35.2646,35.2646,37.6289,30.5438,167.274,167.274,180.6685,92.9767
165,cnn,nsson,jetson_emulator,20,local,0.5210103764556133,48.634,34.5352,48.634,50.8541,28.0486,167.274,167.274,181.8822,92.9088
166,cnn,nsson,jetson_emulator,20,local,0.5261580090250455,49.0707,34.2366,49.0707,50.8981,27.9991,167.274,167.274,182.0247,92.8743
167,cnn,nsson,jetson_emulator,20,local,0.5242378006134932,47.87,34.468,47.87,50.2322,28.1357,167.274,167.274,182.1672,92.8356
168,cnn,nsson,jetson_emulator,20,local,0.5292292456187855,48.5637,34.2416,48.5637,50.3079,28.0566,167.274,167.274,182.3098,92.8486
169,cnn,nsson,jetson_emulator,20,offload,0.52483045574601,48.5283,34.3014,34.3014,35.5851,30.6703,167.274,167.274,181.3769,92.9914
170,cnn,nsson,jetson_emulator,20,local,0.529633901485967,48.1745,34.294,48.1745,49.7894,28.1009,167.274,167.274,182.5948,93.024
171,cnn,nsson,jetson_emulator,20,local,0.5305156567785699,48.4972,35.4262,48.4972,50.8915,28.0641,167.274,167.274,182.7374,92.9813
172,cnn,nsson,jetson_emulator,20,offload,0.5266793090832231,47.8951,34.5256,34.5256,36.7217,30.6408,167.274,167.274,181.802,92.8508
173,cnn,nsson,jetson_emulator,20,offload,0.5174392502299768,48.1415,34.492,34.492,35.5867,30.6452,167.274,167.274,181.9437,92.7909
174,cnn,nsson,jetson_emulator,20,offload,0.5268026156256128,47.9936,34.5897,34.5897,36.5503,30.6324,167.274,167.274,182.0854,92.8898
175,cnn,nsson,jetson_emulator,20,offload,0.5211427637281937,47.7351,34.4534,34.4534,36.6467,30.6503,167.274,167.274,182.2271,92.9787
176,cnn,nsson,jetson_emulator,20,offload,0.5234606938944293,48.8369,35.3235,35.3235,37.079,30.5361,167.274,167.274,182.3688,92.9385
177,cnn,nsson,jetson_emulator,20,offload,0.5191883477952014,48.251,34.8221,34.8221,37.2885,30.6018,167.274,167.274,182.5105,92.7889
178,cnn,nsson,jetson_emulator,20,local,0.5131329737643158,48.2824,34.8323,48.2824,49.1898,28.0886,167.274,167.274,183.7351,92.9504
179,cnn,nsson,jetson_emulator,20,offload,0.5146432391324718,48.688,35.5048,35.5048,36.9081,30.5125,167.274,167.274,182.7938,92.8968
180,cnn,nsson,jetson_emulator,20,offload,0.5107763214166238,48.0704,34.6496,34.6496,37.1649,30.6245,167.274,167.274,182.9355,92.867
181,cnn,nsson,jetson_emulator,20,offload,0.5090496270392408,48.4051,35.9942,35.9942,37.3538,30.4487,167.274,167.274,183.0772,92.8633
182,cnn,nsson,jetson_emulator,20,offload,0.5063051604770373,48.4655,34.2187,34.2187,35.8906,30.6812,167.274,167.274,183.2189,92.8803
183,cnn,nsson,jetson_emulator,20,offload,0.5078497820071558,48.0551,34.7527,34.7527,36.2098,30.6109,167.274,167.274,183.3606,92.8993
184,cnn,nsson,jetson_emulator,20,offload,0.5043327433584873,48.4994,34.6825,34.6825,36.6117,30.6202,167.274,167.274,183.5023,92.8768
185,cnn,nsson,jetson_emulator,20,offload,0.5075750371531811,48.0869,35.6741,35.6741,36.3857,30.4904,167.274,167.274,183.644,92.8603
186,cnn,nsson,jetson_emulator,20,offload,0.5215303030366975,47.6127,34.3818,34.3818,35.9113,30.6597,167.274,167.274,183.7856,92.9642
187,cnn,nsson,jetson_emulator,20,local,0.5204591426648605,47.7839,34.4141,47.7839,49.445,28.1455,167.274,167.274,185.0178,92.8723
188,cnn,nsson,jetson_emulator,20,offload,0.522671905855038,47.7878,34.1204,34.1204,36.4739,30.6942,167.274,167.274,184.069,92.8962
189,cnn,nsson,jetson_emulator,20,offload,0.5278809563196877,47.9211,34.6835,34.6835,36.4341,30.62,167.274,167.274,184.2107,92.9066
190,cnn,nsson,jetson_emulator,20,offload,0.5327204699268294,47.6365,34.0408,34.0408,35.3993,30.6951,167.274,167.274,184.3524,92.8424
191,cnn,nsson,jetson_emulator,20,offload,0.5392375878322698,48.0564,34.6218,34.6218,36.9391,30.6281,167.274,167.274,184.4941,92.9153
192,cnn,nsson,jetson_emulator,20,local,0.5442176346949754,47.7385,34.4122,47.7385,49.417,28.1507,167.274,167.274,185.7305,92.8875
193,cnn,nsson,jetson_emulator,20,offload,0.5343486650963211,47.5665,34.2089,34.2089,35.9687,30.6825,167.274,167.274,184.7775,92.893
194,cnn,nsson,jetson_emulator,20,local,0.5267470731596677,48.1524,35.2143,48.1524,50.0064,28.1034,167.274,167.274,186.0155,92.9069
195,cnn,nsson,jetson_emulator,20,offload,0.5369010793944967,47.7835,34.4004,34.4004,36.6708,30.6573,167.274,167.274,185.0608,92.885
196,cnn,nsson,jetson_emulator,20,offload,0.5378716172989126,48.5306,34.7669,34.7669,37.1098,30.6091,167.274,167.274,185.2025,92.9682
197,cnn,nsson,jetson_emulator,20,offload,0.5300196745254545,48.1101,34.1103,34.1103,36.137,30.6951,167.274,167.274,185.3442,92.9032
198,cnn,nsson,jetson_emulator,20,offload,0.529844095409875,47.6091,34.1775,34.1775,35.965,30.6867,167.274,167.274,185.4859,92.9828
199,cnn,nsson,jetson_emulator,20,offload,0.5272261681482703,47.6047,34.6713,34.6713,36.5961,30.6216,167.274,167.274,185.6276,92.8123
200,cnn,nsson,jetson_emulator,20,offload,0.5320268923939538,47.5779,34.2766,34.2766,36.096,30.6736,167.274,167.274,185.7693,92.8551
201,cnn,nsson,jetson_emulator,20,local,0.5301983527304387,48.5166,34.4249,48.5166,51.1234,28.0619,167.274,167.274,187.0132,92.9033
202,cnn,nsson,jetson_emulator,20,offload,0.5230079712355131,47.6946,36.1626,36.1626,38.0509,30.4268,167.274,167.274,186.0527,92.8361
203,cnn,nsson,jetson_emulator,20,local,0.5362423245600061,48.4025,34.6319,48.4025,51.3129,28.0749,167.274,167.274,187.2983,92.8919
204,cnn,nsson,jetson_emulator,20,local,0.5251728639005803,48.3223,34.2268,48.3223,50.509,28.084,167.274,167.274,187.4408,92.8734
205,cnn,nsson,jetson_emulator,20,offload,0.5271444259708596,47.9292,34.8885,34.8885,37.463,30.5931,167.274,167.274,186.4777,92.9491
206,cnn,nsson,jetson_emulator,20,local,0.5211835222389218,47.6354,34.1886,47.6354,49.22,28.1625,167.274,167.274,187.7259,92.8683
207,cnn,nsson,jetson_emulator,20,local,0.5199938127818861,47.743,34.9034,47.743,49.4783,28.1502,167.274,167.274,187.8684,92.9741
208,cnn,nsson,jetson_emulator,20,local,0.5260659745875544,48.7309,34.1659,48.7309,50.3397,28.0376,167.274,167.274,188.0109,92.941
209,cnn,nsson,jetson_emulator,20,local,0.5250613351924489,47.9777,34.7347,47.9777,49.9687,28.1234,167.274,167.274,188.1534,92.9128
210,cnn,nsson,jetson_emulator,20,offload,0.5396839400022139,47.6978,34.3648,34.3648,36.688,30.662,167.274,167.274,187.1862,93.0037
211,cnn,nsson,jetson_emulator,20,local,0.5380982594701336,47.9819,34.5186,47.9819,50.0522,28.1229,167.274,167.274,188.4385,92.9645
212,cnn,nsson,jetson_emulator,20,offload,0.5358504871069423,48.2607,34.3017,34.3017,36.0265,30.6703,167.274,167.274,187.4695,92.9661
213,cnn,nsson,jetson_emulator,20,offload,0.5364400864263853,48.3112,35.9132,35.9132,37.593,30.4593,167.274,167.274,187.6112,92.9309
214,cnn,nsson,jetson_emulator,20,offload,0.5361135269682373,47.8135,35.2584,35.2584,36.8509,30.5446,167.274,167.274,187.7529,92.97
215,cnn,nsson,jetson_emulator,20,local,0.5393360360127566,48.0751,34.2213,48.0751,50.2575,28.1122,167.274,167.274,189.0086,92.9502
216,cnn,nsson,jetson_emulator,20,local,0.5462388207396878,48.6052,35.344,48.6052,49.8405,28.0519,167.274,167.274,189.1511,92.8639
217,cnn,nsson,jetson_emulator,20,offload,0.5392064895042172,48.6992,35.9925,35.9925,37.3292,30.4489,167.274,167.274,188.178,92.8773
218,cnn,nsson,jetson_emulator,20,offload,0.5445695503354284,48.5464,36.0536,36.0536,37.7379,30.441,167.274,167.274,188.3197,92.9045
219,cnn,nsson,jetson_emulator,20,local,0.5416231780660239,48.7312,34.3643,48.7312,49.9153,28.0376,167.274,167.274,189.5787,92.9393
220,cnn,nsson,jetson_emulator,20,local,0.542507047152691,48.4366,34.9943,48.4366,49.3278,28.071,167.274,167.274,189.7213,92.8837
221,cnn,nsson,jetson_emulator,20,offload,0.5360983940083249,48.2553,34.4513,34.4513,35.8547,30.6506,167.274,167.274,188.7447,92.9684
222,cnn,nsson,jetson_emulator,20,local,0.5391139197168469,48.5911,34.8493,48.5911,50.4154,28.0535,167.274,167.274,190.0063,92.8779
223,cnn,nsson,jetson_emulator,20,local,0.5293777271580095,48.6209,35.2786,48.6209,50.8403,28.0501,167.274,167.274,190.1488,92.8931
224,cnn,nsson,jetson_emulator,20,local,0.5242698443705136,49.275,34.9515,49.275,51.303,27.976,167.274,167.274,190.2914,92.9214
225,cnn,nsson,jetson_emulator,20,local,0.5153278812122992,48.7915,35.1833,48.7915,50.4821,28.0307,167.274,167.274,190.4339,92.8525
226,cnn,nsson,jetson_emulator,20,offload,0.5074660698126715,48.3214,34.7911,34.7911,36.2843,30.6059,167.274,167.274,189.4532,92.8418
227,cnn,nsson,jetson_emulator,20,offload,0.5131666645278562,49.2801,35.9168,35.9168,37.9976,30.4588,167.274,167.274,189.5949,92.8481
228,cnn,nsson,jetson_emulator,20,local,0.5016630460488878,49.0742,34.707,49.0742,50.9052,27.9987,167.274,167.274,190.8615,92.9679
229,cnn,nsson,jetson_emulator,20,local,0.5090351719935745,48.5581,36.4206,48.5581,50.7657,28.0572,167.274,167.274,191.004,92.9051
230,cnn,nsson,jetson_emulator,20,offload,0.506604159500592,49.7529,34.9663,34.9663,36.7397,30.5829,167.274,167.274,190.0199,92.9137
231,cnn,nsson,jetson_emulator,20,offload,0.5085340234157317,48.6334,35.041,35.041,36.0376,30.5731,167.274,167.274,190.1616,92.9224
232,cnn,nsson,jetson_emulator,20,local,0.5073588590622763,49.9107,35.1245,49.9107,51.3036,27.9043,167.274,167.274,191.4316,92.831
233,cnn,nsson,jetson_emulator,20,local,0.5011085170503282,48.699,34.9438,48.699,50.2025,28.0412,167.274,167.274,191.5741,92.9283
234,cnn,nsson,jetson_emulator,20,offload,0.5111131580934939,49.2192,36.3291,36.3291,38.0502,30.4052,167.274,167.274,190.5867,92.9386
235,cnn,nsson,jetson_emulator,20,offload,0.5161658264266061,48.7664,35.3073,35.3073,37.4785,30.5383,167.274,167.274,190.7284,92.9779
236,cnn,nsson,jetson_emulator,20,local,0.5197664003554507,49.6242,35.9119,49.6242,51.0218,27.9366,167.274,167.274,192.0017,93.0419
237,cnn,nsson,jetson_emulator,20,offload,0.5270235064108874,49.016,35.6143,35.6143,36.0423,30.4982,167.274,167.274,191.0118,92.8663
238,cnn,nsson,jetson_emulator,20,local,0.5258810687385007,49.6178,36.8232,49.6178,50.6226,27.9373,167.274,167.274,192.2868,93.0027
239,cnn,nsson,jetson_emulator,20,local,0.5257546822801917,49.3916,35.15,49.3916,50.5141,27.9628,167.274,167.274,192.4293,92.8238
240,cnn,nsson,jetson_emulator,20,offload,0.5150073006020586,49.2099,35.6677,35.6677,37.8908,30.4912,167.274,167.274,191.4368,92.9838
241,cnn,nsson,jetson_emulator,20,local,0.509262707420699,49.8439,35.8206,49.8439,51.5481,27.9118,167.274,167.274,192.7144,92.8976
242,cnn,nsson,jetson_emulator,20,local,0.5122713094709984,49.8123,36.5689,49.8123,51.8902,27.9154,167.274,167.274,192.8569,93.0007
243,cnn,nsson,jetson_emulator,20,local,0.501454413930921,50.9835,35.8667,50.9835,53.5857,27.7842,167.274,167.274,192.9994,92.8907
244,cnn,nsson,jetson_emulator,20,local,0.49900200161991864,49.7357,35.7852,49.7357,51.5393,27.924,167.274,167.274,193.1419,92.9468
245,cnn,nsson,jetson_emulator,20,local,0.5103058355436824,50.0456,35.6632,50.0456,51.876,27.8892,167.274,167.274,193.2845,92.8591
246,cnn,nsson,jetson_emulator,20,local,0.5174226490832334,50.3845,35.7632,50.3845,52.4277,27.8512,167.274,167.274,193.427,92.9145
247,cnn,nsson,jetson_emulator,20,offload,0.5120467164469826,50.8466,36.0564,36.0564,38.3759,30.4406,167.274,167.274,192.4286,92.8708
248,cnn,nsson,jetson_emulator,20,local,0.5146731235171444,50.0132,36.5247,50.0132,52.3928,27.8928,167.274,167.274,193.7121,92.9504
249,cnn,nsson,jetson_emulator,20,offload,0.5095637559982675,50.1275,35.9766,35.9766,38.5296,30.451,167.274,167.274,192.712,92.8521
250,cnn,nsson,jetson_emulator,20,local,0.5130782079130031,50.1034,36.9253,50.1034,51.8641,27.8827,167.274,167.274,193.9971,92.8478
251,cnn,nsson,jetson_emulator,20,offload,0.5027098877790478,50.393,36.1536,36.1536,38.2104,30.428,167.274,167.274,192.9954,92.8536
252,cnn,nsson,jetson_emulator,20,offload,0.5019318539443807,50.0412,36.608,36.608,39.3925,30.3692,167.274,167.274,193.1371,92.8679
253,cnn,nsson,jetson_emulator,20,offload,0.5006450573085501,50.4843,36.6328,36.6328,38.5873,30.3659,167.274,167.274,193.2788,92.9333
254,cnn,nsson,jetson_emulator,20,offload,0.5020622142511804,50.4125,36.772,36.772,39.0704,30.348,167.274,167.274,193.4205,92.8549
255,cnn,nsson,jetson_emulator,20,offload,0.5026608609236213,50.2729,37.411,37.411,39.2283,30.2657,167.274,167.274,193.5621,92.9372
256,cnn,nsson,jetson_emulator,20,offload,0.5042341983096429,50.4209,36.224,36.224,38.1908,30.4189,167.274,167.274,193.7038,92.906
257,cnn,nsson,jetson_emulator,20,offload,0.5048336154524411,50.4776,36.0966,36.0966,38.1301,30.4354,167.274,167.274,193.8455,92.9302
258,cnn,nsson,jetson_emulator,20,offload,0.5008443556414828,51.1441,37.1613,37.1613,38.7614,30.2978,167.274,167.274,193.9872,92.9511
259,cnn,nsson,jetson_emulator,20,local,0.49788763819177395,50.8472,36.1959,50.8472,53.2397,27.7994,167.274,167.274,195.2799,92.9181
260,cnn,nsson,jetson_emulator,20,offload,0.49293764287759995,51.3757,36.5422,36.5422,37.9697,30.3777,167.274,167.274,194.2706,92.866
261,cnn,nsson,jetson_emulator,20,offload,0.49529518397692646,50.8925,36.5486,36.5486,38.9287,30.3768,167.274,167.274,194.4123,92.8852
262,cnn,nsson,jetson_emulator,20,offload,0.4943085074677985,51.3985,36.8525,36.8525,39.0694,30.3376,167.274,167.274,194.554,92.8922
263,cnn,nsson,jetson_emulator,20,local,0.4906402419107388,51.5343,37.0416,51.5343,53.5276,27.723,167.274,167.274,195.85,92.8848
264,cnn,nsson,jetson_emulator,20,local,0.49445370374294995,52.0079,36.7822,52.0079,54.3737,27.6705,167.274,167.274,195.9925,92.9291
265,cnn,nsson,jetson_emulator,20,local,0.4915901230019236,51.2183,36.7698,51.2183,52.7524,27.7581,167.274,167.274,196.135,92.9931
266,cnn,nsson,jetson_emulator,20,offload,0.4925196881695386,51.9712,36.8274,36.8274,38.6084,30.3408,167.274,167.274,195.1207,92.8329
267,cnn,nsson,jetson_emulator,20,offload,0.4937572801706963,52.4204,36.8029,36.8029,38.1155,30.344,167.274,167.274,195.2624,92.8755
268,cnn,nsson,jetson_emulator,20,local,0.4898746261011528,51.6346,37.1469,51.6346,53.758,27.7118,167.274,167.274,196.5626,92.8976
269,cnn,nsson,jetson_emulator,20,offload,0.4874950897321691,52.2996,37.3417,37.3417,38.9392,30.2746,167.274,167.274,195.5458,92.9423
270,cnn,nsson,jetson_emulator,20,local,0.4723520658274319,52.6031,37.2608,52.6031,53.8716,27.6049,167.274,167.274,196.8477,92.8755
271,cnn,nsson,jetson_emulator,20,offload,0.4673125834232146,52.1085,37.6328,37.6328,39.3837,30.2372,167.274,167.274,195.8292,92.9709
272,cnn,nsson,jetson_emulator,20,local,0.46394262696046656,52.722,38.4979,52.722,54.2923,27.5918,167.274,167.274,197.1327,92.863
273,cnn,nsson,jetson_emulator,20,local,0.46412439896244717,52.4614,38.0405,52.4614,54.1747,27.6205,167.274,167.274,197.2753,92.8999
274,cnn,nsson,jetson_emulator,20,offload,0.46664092323487977,52.2982,38.5324,38.5324,40.8044,30.1224,167.274,167.274,196.2542,92.8288
275,cnn,nsson,jetson_emulator,20,offload,0.47308453912599824,52.8549,38.193,38.193,40.1712,30.1656,167.274,167.274,196.3959,92.9783
276,cnn,nsson,jetson_emulator,20,offload,0.4760870739640517,53.3011,37.3183,37.3183,38.5958,30.2776,167.274,167.274,196.5376,92.9666
277,cnn,nsson,jetson_emulator,20,offload,0.47465169508013777,52.3018,38.1707,38.1707,39.9987,30.1684,167.274,167.274,196.6793,92.9532
278,cnn,nsson,jetson_emulator,20,offload,0.47668537453514515,52.4768,37.5089,37.5089,38.7555,30.2531,167.274,167.274,196.821,92.9153
279,cnn,nsson,jetson_emulator,20,offload,0.47950527916289293,52.5244,37.7346,37.7346,39.2744,30.2242,167.274,167.274,196.9627,92.8648
280,cnn,nsson,jetson_emulator,20,local,0.4739529960431016,52.996,38.9981,52.996,55.7033,27.5617,167.274,167.274,198.273,92.8597
281,cnn,nsson,jetson_emulator,20,offload,0.4746778689731181,53.4768,37.7182,37.7182,39.6623,30.2263,167.274,167.274,197.246,92.8982
282,cnn,nsson,jetson_emulator,20,local,0.4906999797687113,53.087,38.2037,53.087,54.6876,27.5517,167.274,167.274,198.558,92.8298
283,cnn,nsson,jetson_emulator,20,offload,0.49548355350377377,53.2463,38.1446,38.1446,40.1584,30.1718,167.274,167.274,197.5294,92.8668
284,cnn,nsson,jetson_emulator,20,offload,0.4896936878010937,53.3145,38.7385,38.7385,40.2906,30.0962,167.274,167.274,197.6711,92.8625
285,cnn,nsson,jetson_emulator,20,local,0.48764210739942115,53.8418,39.1918,53.8418,55.4436,27.4692,167.274,167.274,198.9856,92.9461
286,cnn,nsson,jetson_emulator,20,offload,0.49608093747543125,53.7141,38.3315,38.3315,40.8023,30.1479,167.274,167.274,197.9545,92.9081
287,cnn,nsson,jetson_emulator,20,local,0.4989242045680328,53.3775,38.6142,53.3775,54.8648,27.5199,167.274,167.274,199.2707,92.9566
288,cnn,nsson,jetson_emulator,20,local,0.4914018995871353,53.7402,38.5998,53.7402,55.4939,27.4803,167.274,167.274,199.4132,92.9477
289,cnn,nsson,jetson_emulator,20,offload,0.48093783775384996,54.045,39.2635,39.2635,39.8314,30.0297,167.274,167.274,198.3796,92.9041
290,cnn,nsson,jetson_emulator,20,offload,0.4853352352681385,53.9569,38.4168,38.4168,40.1509,30.1371,167.274,167.274,198.5212,92.8426
291,cnn,nsson,jetson_emulator,20,local,0.48148653510033745,54.4756,39.2911,54.4756,55.9514,27.4004,167.274,167.274,199.8408,92.9209
292,cnn,nsson,jetson_emulator,20,local,0.4756917663288039,54.015,39.4567,54.015,56.497,27.4504,167.274,167.274,199.9833,92.9592
293,cnn,nsson,jetson_emulator,20,offload,0.4697236055388966,54.5154,39.2492,39.2492,41.5778,30.0315,167.274,167.274,198.9463,92.8421
294,cnn,nsson,jetson_emulator,20,offload,0.4794246838200217,54.1773,38.8529,38.8529,40.3807,30.0817,167.274,167.274,199.088,92.8992
295,cnn,nsson,jetson_emulator,20,local,0.4769388053158915,54.6259,39.2797,54.6259,56.0885,27.3841,167.274,167.274,200.4109,92.9377
296,cnn,nsson,jetson_emulator,20,local,0.4686525121371213,55.128,40.1168,55.128,57.02,27.3298,167.274,167.274,200.5534,92.8735
297,cnn,nsson,jetson_emulator,20,offload,0.46026138678672424,55.0414,39.2708,39.2708,40.9901,30.0287,167.274,167.274,199.5131,92.811
298,cnn,nsson,jetson_emulator,20,offload,0.4596915242586708,55.556,40.9844,40.9844,43.3183,29.8137,167.274,167.274,199.6548,92.9332
299,cnn,nsson,jetson_emulator,20,offload,0.4671288223007491,55.0521,39.2478,39.2478,40.7152,30.0317,167.274,167.274,199.7964,92.8111
300,cnn,nsson,jetson_emulator,20,offload,0.4643506282104246,55.9482,39.4566,39.4566,41.6553,30.0053,167.274,167.274,199.9381,92.9527
301,cnn,nsson,jetson_emulator,20,offload,0.46875623849218967,55.3408,39.8445,39.8445,41.6867,29.9564,167.274,167.274,200.0798,92.9214
302,cnn,nsson,jetson_emulator,20,offload,0.469074480092913,55.3464,40.2076,40.2076,42.4041,29.9108,167.274,167.274,200.2215,92.9166
303,cnn,nsson,jetson_emulator,20,local,0.46865919836628833,55.8742,40.0672,55.8742,57.6222,27.2496,167.274,167.274,201.5511,92.9357
304,cnn,nsson,jetson_emulator,20,local,0.4797721330664424,55.8739,39.7642,55.8739,58.01,27.2496,167.274,167.274,201.6936,92.9022
305,cnn,nsson,jetson_emulator,20,local,0.4777115746780012,55.9393,39.7191,55.9393,57.8356,27.2426,167.274,167.274,201.8362,92.9056
306,cnn,nsson,jetson_emulator,20,offload,0.47433277294885295,55.9362,39.862,39.862,41.8537,29.9542,167.274,167.274,200.7883,92.9226
307,cnn,nsson,jetson_emulator,20,offload,0.4821185608735954,55.4972,40.4423,40.4423,42.7326,29.8814,167.274,167.274,200.9299,92.8928
308,cnn,nsson,jetson_emulator,20,offload,0.4923892285485041,56.4408,40.5067,40.5067,43.0529,29.8733,167.274,167.274,201.0716,92.7983
309,cnn,nsson,jetson_emulator,20,local,0.4876382622258675,56.1532,40.0578,56.1532,57.376,27.2197,167.274,167.274,202.4063,92.9251
310,cnn,nsson,jetson_emulator,20,offload,0.4937377881813909,56.0937,40.2056,40.2056,41.5542,29.911,167.274,167.274,201.355,92.8996
311,cnn,nsson,jetson_emulator,20,offload,0.49476125871334853,56.3601,40.5992,40.5992,41.4831,29.8618,167.274,167.274,201.4967,92.9337
312,cnn,nsson,jetson_emulator,20,local,0.4992150454837737,56.2304,40.5192,56.2304,57.3723,27.2114,167.274,167.274,202.8339,93.0022
313,cnn,nsson,jetson_emulator,20,offload,0.4912012774015621,56.719,40.1232,40.1232,42.0689,29.9214,167.274,167.274,201.7801,92.9119
314,cnn,nsson,jetson_emulator,20,local,0.4927864513272425,56.3033,40.3707,56.3033,57.788,27.2037,167.274,167.274,203.1189,92.8574
315,cnn,nsson,jetson_emulator,20,local,0.4911413020283992,56.6993,40.7075,56.6993,58.6067,27.1614,167.274,167.274,203.2615,92.7734
316,cnn,nsson,jetson_emulator,20,offload,0.49301904236731525,56.4791,40.9199,40.9199,42.6429,29.8217,167.274,167.274,202.2051,92.8674
317,cnn,nsson,jetson_emulator,20,offload,0.501083319105103,57.0121,40.6445,40.6445,42.4202,29.8561,167.274,167.274,202.3468,92.8359
318,cnn,nsson,jetson_emulator,20,offload,0.5071059089206743,57.2274,42.0329,42.0329,43.7011,29.6836,167.274,167.274,202.4885,92.8601
319,cnn,nsson,jetson_emulator,20,local,0.5070088586284929,57.0933,40.727,57.0933,58.9037,27.1195,167.274,167.274,203.8316,92.7954
320,cnn,nsson,jetson_emulator,20,local,0.5058652106349201,57.2584,41.5404,57.2584,59.2199,27.102,167.274,167.274,203.9741,92.916
321,cnn,nsson,jetson_emulator,20,offload,0.5046228478179839,57.2912,41.5335,41.5335,43.2802,29.7454,167.274,167.274,202.9136,92.9429
322,cnn,nsson,jetson_emulator,20,offload,0.5124166865455508,57.5893,42.038,42.038,43.919,29.683,167.274,167.274,203.0553,92.8964
323,cnn,nsson,jetson_emulator,20,local,0.5151488248581081,58.0354,41.0704,58.0354,60.673,27.0198,167.274,167.274,204.4017,92.9443
324,cnn,nsson,jetson_emulator,20,local,0.5169455292892636,57.2704,40.9998,57.2704,59.5909,27.1007,167.274,167.274,204.5442,92.9445
325,cnn,nsson,jetson_emulator,20,offload,0.5054296648679851,57.8191,41.9427,41.9427,43.4698,29.6948,167.274,167.274,203.4803,92.813
326,cnn,nsson,jetson_emulator,20,offload,0.503405450460485,57.978,42.1509,42.1509,44.2328,29.669,167.274,167.274,203.622,92.9385
327,cnn,nsson,jetson_emulator,20,offload,0.49747812620403237,57.456,41.3307,41.3307,43.3142,29.7706,167.274,167.274,203.7637,92.8817
328,cnn,nsson,jetson_emulator,20,local,0.4994666502475932,57.7546,42.3017,57.7546,59.5662,27.0495,167.274,167.274,205.1143,92.8419
329,cnn,nsson,jetson_emulator,20,offload,0.5008918091956617,58.5767,41.2878,41.2878,43.2462,29.7759,167.274,167.274,204.0471,92.8919
330,cnn,nsson,jetson_emulator,20,offload,0.5007738647015588,57.9371,41.3471,41.3471,43.6627,29.7686,167.274,167.274,204.1888,92.9424
331,cnn,nsson,jetson_emulator,20,offload,0.4997614656833091,58.1114,42.4643,42.4643,43.4246,29.6304,167.274,167.274,204.3305,92.8927
332,cnn,nsson,jetson_emulator,20,offload,0.49016293945555395,58.7662,41.638,41.638,43.348,29.7325,167.274,167.274,204.4722,92.9479
333,cnn,nsson,jetson_emulator,20,local,0.495858719657011,58.3998,42.3861,58.3998,61.2807,26.9815,167.274,167.274,205.827,92.8637
334,cnn,nsson,jetson_emulator,20,local,0.4835675223411624,59.3965,42.2152,59.3965,60.9403,26.8771,167.274,167.274,205.9695,92.9234
335,cnn,nsson,jetson_emulator,20,local,0.4808138274452652,58.7065,42.0178,58.7065,60.3208,26.9493,167.274,167.274,206.112,92.925
336,cnn,nsson,jetson_emulator,20,offload,0.4776163119355418,58.2618,43.3756,43.3756,44.802,29.5187,167.274,167.274,205.0389,92.9792
337,cnn,nsson,jetson_emulator,20,offload,0.4715139156857566,58.773,42.2099,42.2099,43.7664,29.6618,167.274,167.274,205.1806,92.9196
338,cnn,nsson,jetson_emulator,20,offload,0.47587080151811995,58.6632,42.3651,42.3651,44.3918,29.6426,167.274,167.274,205.3223,92.9142
339,cnn,nsson,jetson_emulator,20,local,0.4832947322003456,58.9519,41.8021,58.9519,61.0207,26.9236,167.274,167.274,206.6821,92.9044
340,cnn,nsson,jetson_emulator,20,local,0.4848248247510492,59.016,42.1217,59.016,60.5745,26.9169,167.274,167.274,206.8247,92.7929
341,cnn,nsson,jetson_emulator,20,local,0.4929671054182267,59.2199,43.7193,59.2199,61.3817,26.8955,167.274,167.274,206.9672,92.9269
342,cnn,nsson,jetson_emulator,20,local,0.49963841120390035,59.2094,43.14,59.2094,61.9002,26.8966,167.274,167.274,207.1097,92.8792
343,cnn,nsson,jetson_emulator,20,offload,0.5025941805427039,59.5621,42.1099,42.1099,43.7182,29.6741,167.274,167.274,206.0307,92.9594
344,cnn,nsson,jetson_emulator,20,offload,0.5015999641772471,58.9164,42.5798,42.5798,44.6456,29.6162,167.274,167.274,206.1724,92.8273
345,cnn,nsson,jetson_emulator,20,offload,0.49917593621958234,59.0493,42.517,42.517,44.9461,29.6239,167.274,167.274,206.3141,92.9268
346,cnn,nsson,jetson_emulator,20,offload,0.49687974633860804,59.139,42.8908,42.8908,44.2542,29.578,167.274,167.274,206.4558,92.8547
347,cnn,nsson,jetson_emulator,20,local,0.4958919733515219,59.1813,42.5898,59.1813,61.3922,26.8996,167.274,167.274,207.8224,92.9124
348,cnn,nsson,jetson_emulator,20,offload,0.4927559326755056,59.5185,42.9135,42.9135,44.623,29.5752,167.274,167.274,206.7392,92.8806
349,cnn,nsson,jetson_emulator,20,offload,0.4824969020366404,60.5246,42.5162,42.5162,44.5305,29.624,167.274,167.274,206.8809,92.8553
350,cnn,nsson,jetson_emulator,20,offload,0.48006298686874344,60.304,43.083,43.083,45.7585,29.5545,167.274,167.274,207.0226,92.8586
351,cnn,nsson,jetson_emulator,20,offload,0.48047560340887246,59.9666,43.1111,43.1111,44.193,29.551,167.274,167.274,207.1642,92.9801
352,cnn,nsson,jetson_emulator,20,offload,0.49272059467839496,61.2162,42.7457,42.7457,44.2505,29.5958,167.274,167.274,207.3059,92.9294
353,cnn,nsson,jetson_emulator,20,offload,0.48631476612429814,59.9614,42.6208,42.6208,44.1805,29.6112,167.274,167.274,207.4476,92.8854
354,cnn,nsson,jetson_emulator,20,local,0.484167528130578,60.6757,42.9545,60.6757,62.8834,26.7443,167.274,167.274,208.8201,92.7956
355,cnn,nsson,jetson_emulator,20,local,0.48546338628241703,59.906,43.7463,59.906,61.7821,26.8241,167.274,167.274,208.9626,92.8931
356,cnn,nsson,jetson_emulator,20,local,0.48765932864385586,60.084,42.746,60.084,61.4334,26.8056,167.274,167.274,209.1051,92.8619
357,cnn,nsson,jetson_emulator,20,local,0.49013589341730235,60.1125,43.4291,60.1125,61.4544,26.8026,167.274,167.274,209.2477,92.8651
358,cnn,nsson,jetson_emulator,20,local,0.4916038216637158,60.2887,42.8463,60.2887,63.1693,26.7844,167.274,167.274,209.3902,92.9423
359,cnn,nsson,jetson_emulator,20,offload,0.4982432914370506,60.2708,43.0229,43.0229,44.2986,29.5618,167.274,167.274,208.2977,92.8994
360,cnn,nsson,jetson_emulator,20,offload,0.49501171622096385,60.5663,43.6411,43.6411,45.3888,29.4863,167.274,167.274,208.4394,92.8331
361,cnn,nsson,jetson_emulator,20,offload,0.48900080788896766,61.3862,42.8341,42.8341,45.003,29.585,167.274,167.274,208.5811,92.8797
362,cnn,nsson,jetson_emulator,20,offload,0.482442271293358,60.5452,43.4124,43.4124,45.7206,29.5142,167.274,167.274,208.7228,92.9562
363,cnn,nsson,jetson_emulator,20,offload,0.47855560957182247,60.4429,43.1685,43.1685,44.4177,29.544,167.274,167.274,208.8645,92.8786
364,cnn,nsson,jetson_emulator,20,local,0.48097404997617715,60.6362,43.5264,60.6362,61.7742,26.7484,167.274,167.274,210.2454,92.9826
365,cnn,nsson,jetson_emulator,20,offload,0.47999522415235324,61.7966,44.474,44.474,46.0254,29.3851,167.274,167.274,209.1479,92.9943
366,cnn,nsson,jetson_emulator,20,offload,0.47993596451133597,61.0147,43.7019,43.7019,44.6557,29.4789,167.274,167.274,209.2896,93.0001
367,cnn,nsson,jetson_emulator,20,offload,0.472386983545272,60.7371,43.1594,43.1594,45.2605,29.5451,167.274,167.274,209.4313,92.8934
368,cnn,nsson,jetson_emulator,20,offload,0.46394788376495577,60.7502,43.1828,43.1828,45.1577,29.5422,167.274,167.274,209.5729,92.9987
369,cnn,nsson,jetson_emulator,20,offload,0.4596867388146371,60.5302,43.6285,43.6285,44.4563,29.4878,167.274,167.274,209.7146,92.8801
370,cnn,nsson,jetson_emulator,20,offload,0.45701387634309726,61.0524,43.6974,43.6974,45.8032,29.4794,167.274,167.274,209.8563,92.9111
371,cnn,nsson,jetson_emulator,20,local,0.4603957495428503,60.4363,44.6912,60.4363,61.7188,26.7691,167.274,167.274,211.2431,92.8881
372,cnn,nsson,jetson_emulator,20,local,0.46058896105940056,60.3913,43.2838,60.3913,62.4583,26.7738,167.274,167.274,211.3856,92.9188
373,cnn,nsson,jetson_emulator,20,offload,0.46869044912989744,61.5285,44.1506,44.1506,46.2825,29.4243,167.274,167.274,210.2814,92.8754
374,cnn,nsson,jetson_emulator,20,local,0.47306617781215116,61.3084,43.2125,61.3084,63.0106,26.6792,167.274,167.274,211.6706,92.9313
375,cnn,nsson,jetson_emulator,20,local,0.46158376108137866,61.3843,43.651,61.3843,62.7111,26.6714,167.274,167.274,211.8132,92.911
376,cnn,nsson,jetson_emulator,20,local,0.46836548378947457,61.0395,44.1967,61.0395,62.2797,26.7068,167.274,167.274,211.9557,92.9263
377,cnn,nsson,jetson_emulator,20,local,0.46612265714549783,61.5077,44.6656,61.5077,63.3937,26.6587,167.274,167.274,212.0982,92.8896
378,cnn,nsson,jetson_emulator,20,local,0.4677649977209104,61.6106,43.9362,61.6106,63.8413,26.6481,167.274,167.274,212.2408,93.01
379,cnn,nsson,jetson_emulator,20,offload,0.4651032334499479,60.9474,43.4473,43.4473,45.0195,29.5099,167.274,167.274,211.1315,92.9012
380,cnn,nsson,jetson_emulator,20,offload,0.46974638290391246,61.8431,44.2685,44.2685,46.2478,29.41,167.274,167.274,211.2732,92.8331
381,cnn,nsson,jetson_emulator,20,local,0.46171318205478196,60.6899,44.5408,60.6899,62.506,26.7429,167.274,167.274,212.6683,92.9231
382,cnn,nsson,jetson_emulator,20,offload,0.4479919837564052,60.8503,44.7555,44.7555,46.1049,29.3511,167.274,167.274,211.5566,92.8665
383,cnn,nsson,jetson_emulator,20,local,0.45106216992511455,60.7271,43.8,60.7271,62.1381,26.739,167.274,167.274,212.9534,92.8157
384,cnn,nsson,jetson_emulator,20,offload,0.4467617055061002,61.4903,44.4372,44.4372,45.9738,29.3896,167.274,167.274,211.84,92.9092
385,cnn,nsson,jetson_emulator,20,local,0.4492424825438549,61.3604,45.0521,61.3604,62.6407,26.6738,167.274,167.274,213.2385,92.9946
386,cnn,nsson,jetson_emulator,20,local,0.44595166290738625,61.4212,44.8552,61.4212,62.8643,26.6676,167.274,167.274,213.381,92.9113
387,cnn,nsson,jetson_emulator,20,offload,0.44735412493903176,61.1766,43.5267,43.5267,45.2071,29.5002,167.274,167.274,212.265,92.8972
388,cnn,nsson,jetson_emulator,20,offload,0.4500357749734573,61.1117,44.3236,44.3236,46.8024,29.4033,167.274,167.274,212.4067,92.8781
389,cnn,nsson,jetson_emulator,20,offload,0.44732400412467266,61.5364,43.7054,43.7054,45.4246,29.4785,167.274,167.274,212.5484,92.9433
390,cnn,nsson,jetson_emulator,20,local,0.45254445406489324,61.0276,43.4969,61.0276,63.0557,26.7081,167.274,167.274,213.9511,92.8414
391,cnn,nsson,jetson_emulator,20,local,0.44197108904757715,60.932,44.345,60.932,61.9561,26.7179,167.274,167.274,214.0936,92.8868
392,cnn,nsson,jetson_emulator,20,offload,0.43852231899851013,61.6327,44.1685,44.1685,46.2875,29.4221,167.274,167.274,212.9735,92.9084
393,cnn,nsson,jetson_emulator,20,offload,0.4368017370706508,61.6871,44.0404,44.0404,45.6358,29.4377,167.274,167.274,213.1152,92.9279
394,cnn,nsson,jetson_emulator,20,local,0.4441960226008,60.8908,45.3033,60.8908,62.3655,26.7222,167.274,167.274,214.5212,92.8098
395,cnn,nsson,jetson_emulator,20,offload,0.4567274668733342,61.3048,43.997,43.997,45.8315,29.443,167.274,167.274,213.3985,92.8858
396,cnn,nsson,jetson_emulator,20,offload,0.45162773248870414,61.8216,44.2788,44.2788,46.2862,29.4088,167.274,167.274,213.5402,92.9072
397,cnn,nsson,jetson_emulator,20,offload,0.44966932956438893,61.343,43.8923,43.8923,45.9164,29.4557,167.274,167.274,213.6819,92.9129
398,cnn,nsson,jetson_emulator,20,offload,0.4532717292960658,61.2821,44.3207,44.3207,46.0142,29.4037,167.274,167.274,213.8236,92.8974
399,cnn,nsson,jetson_emulator,20,local,0.446179186894234,61.179,44.3587,61.179,62.6997,26.6925,167.274,167.274,215.2339,92.9466
400,cnn,nsson,jetson_emulator,20,offload,0.4420483100406035,61.6207,44.3122,44.3122,46.625,29.4047,167.274,167.274,214.107,92.9332
401,cnn,nsson,jetson_emulator,20,offload,0.4423136210790768,60.9178,43.9058,43.9058,45.7795,29.4541,167.274,167.274,214.2487,92.9401
402,cnn,nsson,jetson_emulator,20,local,0.4464859879374416,61.6817,43.9961,61.6817,63.1917,26.6409,167.274,167.274,215.6614,92.9034
403,cnn,nsson,jetson_emulator,20,offload,0.4507910045357846,61.3259,44.0975,44.0975,46.1357,29.4308,167.274,167.274,214.532,92.884
404,cnn,nsson,jetson_emulator,20,local,0.4387316005349134,61.1799,43.9783,61.1799,63.5246,26.6924,167.274,167.274,215.9465,92.8977
405,cnn,nsson,jetson_emulator,20,local,0.4510100968978218,61.4154,43.8858,61.4154,63.0379,26.6682,167.274,167.274,216.089,92.8898
406,cnn,nsson,jetson_emulator,20,offload,0.45314572055003444,61.8164,45.1607,45.1607,47.3426,29.3022,167.274,167.274,214.9571,92.9234
407,cnn,nsson,jetson_emulator,20,offload,0.44628877561008423,61.322,43.6095,43.6095,46.2937,29.4901,167.274,167.274,215.0988,92.9003
408,cnn,nsson,jetson_emulator,20,local,0.4487260428515124,61.6257,44.0043,61.6257,63.2983,26.6466,167.274,167.274,216.5166,92.937
409,cnn,nsson,jetson_emulator,20,offload,0.45593293177200417,61.1806,44.3639,44.3639,46.2766,29.3985,167.274,167.274,215.3822,92.946
410,cnn,nsson,jetson_emulator,20,offload,0.4538522896540469,61.3957,43.6221,43.6221,45.4037,29.4886,167.274,167.274,215.5239,92.8465
411,cnn,nsson,jetson_emulator,20,local,0.4570388724388167,61.134,44.9612,61.134,62.6335,26.6971,167.274,167.274,216.9442,92.911
412,cnn,nsson,jetson_emulator,20,offload,0.4632155586780206,61.655,44.0204,44.0204,45.8023,29.4401,167.274,167.274,215.8072,92.9204
413,cnn,nsson,jetson_emulator,20,local,0.44665932603864034,61.4072,44.5979,61.4072,63.2678,26.669,167.274,167.274,217.2293,92.9566
414,cnn,nsson,jetson_emulator,20,local,0.45086929170439677,60.9405,44.7567,60.9405,62.4323,26.717,167.274,167.274,217.3718,92.9423
415,cnn,nsson,jetson_emulator,20,offload,0.4582353100301649,61.1335,43.6766,43.6766,45.7083,29.482,167.274,167.274,216.2323,92.8917
416,cnn,nsson,jetson_emulator,20,offload,0.4509837952148794,60.9215,43.972,43.972,45.5201,29.446,167.274,167.274,216.374,92.9378
417,cnn,nsson,jetson_emulator,20,offload,0.4522655429338775,61.3657,45.2469,45.2469,47.3167,29.2919,167.274,167.274,216.5157,92.8594
418,cnn,nsson,jetson_emulator,20,offload,0.46032746218021026,61.4746,44.9665,44.9665,46.7097,29.3256,167.274,167.274,216.6574,92.8414
419,cnn,nsson,jetson_emulator,20,local,0.4583489826013347,61.5579,43.5876,61.5579,62.8068,26.6535,167.274,167.274,218.0844,92.8198
420,cnn,nsson,jetson_emulator,20,offload,0.4647194765279979,61.3559,43.697,43.697,45.401,29.4795,167.274,167.274,216.9407,92.9326
421,cnn,nsson,jetson_emulator,20,offload,0.4618380858667605,61.1322,44.1146,44.1146,46.1064,29.4287,167.274,167.274,217.0824,92.8993
422,cnn,nsson,jetson_emulator,20,local,0.46096014453177087,61.3607,43.7095,61.3607,63.283,26.6738,167.274,167.274,218.512,92.9031
423,cnn,nsson,jetson_emulator,20,offload,0.4624288362837946,60.8748,44.0109,44.0109,45.8325,29.4413,167.274,167.274,217.3658,92.9456
424,cnn,nsson,jetson_emulator,20,offload,0.45503207313557714,61.1149,44.311,44.311,46.7135,29.4049,167.274,167.274,217.5075,92.921
425,cnn,nsson,jetson_emulator,20,local,0.4539566435201395,61.3728,44.3099,61.3728,62.9558,26.6725,167.274,167.274,218.9396,92.8702
426,cnn,nsson,jetson_emulator,20,offload,0.4512038626553142,61.0638,43.9621,43.9621,46.5228,29.4472,167.274,167.274,217.7909,92.937
427,cnn,nsson,jetson_emulator,20,offload,0.4520079236231179,61.8413,43.7661,43.7661,44.9594,29.4711,167.274,167.274,217.9326,92.961
428,cnn,nsson,jetson_emulator,20,offload,0.4547973700652726,61.5009,43.683,43.683,45.7819,29.4812,167.274,167.274,218.0742,92.8663
429,cnn,nsson,jetson_emulator,20,offload,0.4586264213296186,61.378,44.0941,44.0941,46.3383,29.4312,167.274,167.274,218.2159,92.8796
430,cnn,nsson,jetson_emulator,20,local,0.4628579978410893,61.6623,43.7717,61.6623,63.8237,26.6428,167.274,167.274,219.6522,92.7889
431,cnn,nsson,jetson_emulator,20,local,0.46604016711161406,62.2482,44.0238,62.2482,63.4448,26.5829,167.274,167.274,219.7948,92.943
432,cnn,nsson,jetson_emulator,20,local,0.4678577183512003,61.0854,43.8823,61.0854,63.9632,26.7021,167.274,167.274,219.9373,92.9559
433,cnn,nsson,jetson_emulator,20,offload,0.4786449714088856,61.1199,45.3153,45.3153,47.1878,29.2836,167.274,167.274,218.7827,92.9058
434,cnn,nsson,jetson_emulator,20,offload,0.4792970456181982,61.1263,44.9696,44.9696,46.8958,29.3253,167.274,167.274,218.9244,92.9429
435,cnn,nsson,jetson_emulator,20,offload,0.48281537465880664,60.9365,43.8268,43.8268,45.1233,29.4637,167.274,167.274,219.0661,92.8916
436,cnn,nsson,jetson_emulator,20,offload,0.4886855209054404,60.7782,43.615,43.615,44.7495,29.4895,167.274,167.274,219.2078,92.9009
437,cnn,nsson,jetson_emulator,20,offload,0.4889700843048944,61.8078,44.0558,44.0558,46.1007,29.4358,167.274,167.274,219.3494,92.786
438,cnn,nsson,jetson_emulator,20,offload,0.49243968485071676,62.4049,44.7725,44.7725,46.7715,29.349,167.274,167.274,219.4911,92.8907
439,cnn,nsson,jetson_emulator,20,offload,0.4914807901560317,60.7433,44.3131,44.3131,46.6506,29.4046,167.274,167.274,219.6328,92.9298
440,cnn,nsson,jetson_emulator,20,local,0.4835019582994909,61.2751,44.3856,61.2751,63.3377,26.6826,167.274,167.274,221.0775,92.8741
441,cnn,nsson,jetson_emulator,20,offload,0.4824195547253621,60.9604,44.4719,44.4719,46.0997,29.3854,167.274,167.274,219.9162,92.9677
442,cnn,nsson,jetson_emulator,20,local,0.48566786930549405,61.3114,43.7519,61.3114,64.0563,26.6789,167.274,167.274,221.3626,92.841
443,cnn,nsson,jetson_emulator,20,local,0.47497732303256657,62.3509,43.9717,62.3509,65.0126,26.5725,167.274,167.274,221.5051,92.9018
444,cnn,nsson,jetson_emulator,20,local,0.47253820608456165,61.2343,43.4984,61.2343,62.3666,26.6868,167.274,167.274,221.6476,92.8914
445,cnn,nsson,jetson_emulator,20,local,0.4843139952857905,61.2855,44.3086,61.2855,62.7687,26.6815,167.274,167.274,221.7902,92.8948
446,cnn,nsson,jetson_emulator,20,local,0.4784289382703034,60.9544,44.8124,60.9544,62.6608,26.7156,167.274,167.274,221.9327,92.951
447,cnn,nsson,jetson_emulator,20,offload,0.478236270451086,61.2243,44.0251,44.0251,45.223,29.4396,167.274,167.274,220.7663,92.9168
448,cnn,nsson,jetson_emulator,20,offload,0.47154255957420266,60.7244,44.3052,44.3052,46.5611,29.4056,167.274,167.274,220.908,92.9437
449,cnn,nsson,jetson_emulator,20,local,0.470106918757771,60.7958,45.3129,60.7958,62.8087,26.7319,167.274,167.274,222.3603,92.844
450,cnn,nsson,jetson_emulator,20,offload,0.47243732786490833,61.5298,44.0156,44.0156,46.8667,29.4407,167.274,167.274,221.1914,92.9201
451,cnn,nsson,jetson_emulator,20,offload,0.46879236117379036,61.0491,43.8908,43.8908,45.9847,29.4559,167.274,167.274,221.3331,92.859
452,cnn,nsson,jetson_emulator,20,local,0.4621546997854628,61.469,43.6765,61.469,62.9694,26.6627,167.274,167.274,222.7879,92.9285
453,cnn,nsson,jetson_emulator,20,local,0.4585254533635579,61.0048,43.5866,61.0048,62.6668,26.7104,167.274,167.274,222.9304,92.9682
454,cnn,nsson,jetson_emulator,20,local,0.4556859692790422,60.9656,43.4355,60.9656,63.5526,26.7144,167.274,167.274,223.0729,92.9422
455,cnn,nsson,jetson_emulator,20,local,0.453861015061471,60.7494,43.8799,60.7494,62.5965,26.7367,167.274,167.274,223.2154,92.7802
456,cnn,nsson,jetson_emulator,20,offload,0.45056381854843597,60.9875,43.8086,43.8086,46.0023,29.4659,167.274,167.274,222.0415,92.8717
457,cnn,nsson,jetson_emulator,20,offload,0.455399096366233,61.4638,44.3563,44.3563,47.1071,29.3994,167.274,167.274,222.1832,92.9132
458,cnn,nsson,jetson_emulator,20,local,0.45435341524972694,60.6678,43.5259,60.6678,62.4462,26.7452,167.274,167.274,223.643,92.8566
459,cnn,nsson,jetson_emulator,20,local,0.46416910332477335,61.1756,44.7054,61.1756,62.6931,26.6928,167.274,167.274,223.7856,92.9651
460,cnn,nsson,jetson_emulator,20,local,0.46665654044149846,60.9499,44.8051,60.9499,63.3503,26.7161,167.274,167.274,223.9281,92.8573
461,cnn,nsson,jetson_emulator,20,offload,0.4644829435113135,60.6764,44.8144,44.8144,46.7316,29.344,167.274,167.274,222.75,92.9115
462,cnn,nsson,jetson_emulator,20,offload,0.46271760746257207,60.6855,43.6946,43.6946,44.844,29.4798,167.274,167.274,222.8917,92.8677
463,cnn,nsson,jetson_emulator,20,offload,0.4607795743487272,61.0835,43.5092,43.5092,44.1997,29.5024,167.274,167.274,223.0333,92.8742
464,cnn,nsson,jetson_emulator,20,local,0.46389604389909245,60.9203,44.3077,60.9203,62.3102,26.7191,167.274,167.274,224.4982,92.8914
465,cnn,nsson,jetson_emulator,20,local,0.45977435142218526,61.3044,44.2199,61.3044,62.8383,26.6796,167.274,167.274,224.6407,92.9353
466,cnn,nsson,jetson_emulator,20,offload,0.4543105277122333,61.3127,44.9822,44.9822,46.7005,29.3237,167.274,167.274,223.4584,92.923
467,cnn,nsson,jetson_emulator,20,local,0.4496922982877195,60.7718,43.7187,60.7718,62.0612,26.7344,167.274,167.274,224.9258,92.8649
468,cnn,nsson,jetson_emulator,20,offload,0.4441463816098904,61.0383,44.204,44.204,47.0216,29.4178,167.274,167.274,223.7418,92.8609
469,cnn,nsson,jetson_emulator,20,offload,0.4449408394983773,60.9354,43.7427,43.7427,45.0554,29.4739,167.274,167.274,223.8835,92.8616
470,cnn,nsson,jetson_emulator,20,offload,0.46163291403942724,61.3209,45.1061,45.1061,47.3244,29.3088,167.274,167.274,224.0252,92.8826
471,cnn,nsson,jetson_emulator,20,offload,0.458940182850922,61.0414,44.594,44.594,45.9586,29.3706,167.274,167.274,224.1669,92.8576
472,cnn,nsson,jetson_emulator,20,local,0.4629812169525063,62.0216,43.6702,62.0216,63.3608,26.6061,167.274,167.274,225.6384,92.8689
473,cnn,nsson,jetson_emulator,20,local,0.46427129689887725,62.1888,44.0878,62.1888,63.7153,26.589,167.274,167.274,225.781,92.8936
474,cnn,nsson,jetson_emulator,20,offload,0.46278662190239533,60.9318,43.8346,43.8346,45.6322,29.4627,167.274,167.274,224.5919,92.8919
475,cnn,nsson,jetson_emulator,20,offload,0.46599289606041505,60.9139,44.8029,44.8029,46.6476,29.3454,167.274,167.274,224.7336,92.9087
476,cnn,nsson,jetson_emulator,20,local,0.4684154103533846,61.5207,45.6669,61.5207,63.3513,26.6574,167.274,167.274,226.2085,92.9497
477,cnn,nsson,jetson_emulator,20,offload,0.48172990762712314,61.6135,43.9637,43.9637,45.7624,29.447,167.274,167.274,225.017,92.9148
478,cnn,nsson,jetson_emulator,20,local,0.47714056089445295,61.1548,43.8716,61.1548,62.9425,26.695,167.274,167.274,226.4936,92.855
479,cnn,nsson,jetson_emulator,20,offload,0.46925957430566334,62.4264,44.5133,44.5133,45.7795,29.3804,167.274,167.274,225.3004,92.9114
480,cnn,nsson,jetson_emulator,20,local,0.46419624920042885,61.3184,44.225,61.3184,63.3665,26.6781,167.274,167.274,226.7787,92.9788
481,cnn,nsson,jetson_emulator,20,offload,0.47137664095508036,61.2816,44.0524,44.0524,45.7345,29.4362,167.274,167.274,225.5837,92.9996
482,cnn,nsson,jetson_emulator,20,offload,0.4657710131988751,61.2462,43.773,43.773,45.8387,29.4702,167.274,167.274,225.7254,92.8589
483,cnn,nsson,jetson_emulator,20,offload,0.467042644554026,61.4645,44.8069,44.8069,46.7747,29.3449,167.274,167.274,225.8671,92.9769
484,cnn,nsson,jetson_emulator,20,offload,0.46061269177896347,61.0933,43.8311,43.8311,45.6273,29.4631,167.274,167.274,226.0088,92.9638
485,cnn,nsson,jetson_emulator,20,offload,0.4688292088131323,61.9299,44.9621,44.9621,46.8716,29.3262,167.274,167.274,226.1505,92.9455
486,cnn,nsson,jetson_emulator,20,local,0.46717237584538435,61.7842,43.8937,61.7842,63.3753,26.6303,167.274,167.274,227.6338,92.9453
487,cnn,nsson,jetson_emulator,20,local,0.4674504219714248,61.8042,43.7937,61.8042,64.2149,26.6283,167.274,167.274,227.7764,92.9542
488,cnn,nsson,jetson_emulator,20,offload,0.46875010977235987,61.1847,45.348,45.348,47.5309,29.2797,167.274,167.274,226.5756,92.8891
489,cnn,nsson,jetson_emulator,20,local,0.4693076659385215,62.217,44.4418,62.217,63.3908,26.5861,167.274,167.274,228.0614,92.9458
490,cnn,nsson,jetson_emulator,20,local,0.46996114467623545,61.5894,43.8952,61.5894,63.3583,26.6503,167.274,167.274,228.2039,92.9002
491,cnn,nsson,jetson_emulator,20,offload,0.4714976280219557,61.5723,44.229,44.229,45.4627,29.4148,167.274,167.274,227.0006,92.8711
492,cnn,nsson,jetson_emulator,20,offload,0.4701350696414216,61.9498,45.0354,45.0354,46.2722,29.3173,167.274,167.274,227.1423,92.8357
493,cnn,nsson,jetson_emulator,20,offload,0.46504406111244034,62.1201,44.0997,44.0997,46.0557,29.4305,167.274,167.274,227.284,92.9298
494,cnn,nsson,jetson_emulator,20,local,0.4708428191584391,61.8572,45.4137,61.8572,63.6208,26.6229,167.274,167.274,228.7741,92.8678
495,cnn,nsson,jetson_emulator,20,offload,0.47311274383520435,61.721,45.0117,45.0117,47.0967,29.3202,167.274,167.274,227.5674,92.8855
496,cnn,nsson,jetson_emulator,20,offload,0.4737795739516686,61.5477,44.6687,44.6687,46.2005,29.3616,167.274,167.274,227.7091,92.9633
497,cnn,nsson,jetson_emulator,20,offload,0.47460217102686053,61.9298,45.2527,45.2527,46.7871,29.2912,167.274,167.274,227.8508,92.869
498,cnn,nsson,jetson_emulator,20,local,0.47550968728803317,62.4455,45.3527,62.4455,64.4421,26.5628,167.274,167.274,229.3442,92.96
499,cnn,nsson,jetson_emulator,20,offload,0.4623022416272928,62.186,45.3639,45.3639,47.24,29.2778,167.274,167.274,228.1341,93.0329
500,cnn,nsson,jetson_emulator,20,local,0.4557446638144511,62.0635,44.3421,62.0635,64.2863,26.6018,167.274,167.274,229.6292,92.9103
501,cnn,nsson,jetson_emulator,20,local,0.46242617502855754,62.9085,44.6869,62.9085,64.3857,26.5157,167.274,167.274,229.7718,93.0109
502,cnn,nsson,jetson_emulator,20,offload,0.46267965023903035,62.554,45.5137,45.5137,47.2323,29.2598,167.274,167.274,228.5592,92.9394
503,cnn,nsson,jetson_emulator,20,offload,0.47533380767546524,62.2899,44.3712,44.3712,45.7187,29.3976,167.274,167.274,228.7009,92.852
504,cnn,nsson,jetson_emulator,20,offload,0.4671804001160352,62.5057,45.4861,45.4861,47.6238,29.2631,167.274,167.274,228.8426,92.8589
505,cnn,nsson,jetson_emulator,20,offload,0.47334320693641707,62.0583,44.3146,44.3146,46.2873,29.4044,167.274,167.274,228.9843,92.7629
506,cnn,nsson,jetson_emulator,20,local,0.47073985877291186,62.2522,44.6285,62.2522,63.6097,26.5825,167.274,167.274,230.4844,93.0214
507,cnn,nsson,jetson_emulator,20,local,0.46575278900504186,62.2902,44.8022,62.2902,63.6821,26.5786,167.274,167.274,230.6269,92.9029
508,cnn,nsson,jetson_emulator,20,local,0.4702288041428006,62.1244,44.6338,62.1244,63.2599,26.5956,167.274,167.274,230.7695,92.86
509,cnn,nsson,jetson_emulator,20,local,0.4800571816567953,62.3727,45.5437,62.3727,64.3399,26.5702,167.274,167.274,230.912,93.0163
510,cnn,nsson,jetson_emulator,20,offload,0.47558678890951067,62.4625,45.3636,45.3636,47.6334,29.2778,167.274,167.274,229.6927,92.9067
511,cnn,nsson,jetson_emulator,20,offload,0.4746604073787363,62.8771,44.8952,44.8952,46.6859,29.3342,167.274,167.274,229.8344,92.8617
512,cnn,nsson,jetson_emulator,20,offload,0.4715936513640875,62.9054,45.1625,45.1625,47.3977,29.302,167.274,167.274,229.9761,92.9802
513,cnn,nsson,jetson_emulator,20,offload,0.46614145906290816,62.6737,45.0624,45.0624,47.2692,29.3141,167.274,167.274,230.1178,92.8913
514,cnn,nsson,jetson_emulator,20,offload,0.46531100781319545,63.3041,45.2383,45.2383,46.9981,29.2929,167.274,167.274,230.2595,92.8897
515,cnn,nsson,jetson_emulator,20,local,0.4734731503247675,62.768,46.0554,62.768,64.1458,26.53,167.274,167.274,231.7672,92.817
516,cnn,nsson,jetson_emulator,20,local,0.46818876628686995,62.8364,45.0861,62.8364,64.0369,26.523,167.274,167.274,231.9097,92.8949
517,cnn,nsson,jetson_emulator,20,local,0.4734774426553947,64.0449,45.1319,64.0449,65.475,26.4009,167.274,167.274,232.0522,92.9335
518,cnn,nsson,jetson_emulator,20,offload,0.46342694050808864,63.0944,46.3989,46.3989,47.6084,29.154,167.274,167.274,230.8262,92.9502
519,cnn,nsson,jetson_emulator,20,local,0.4674240316088607,63.4377,44.9425,63.4377,64.7793,26.4621,167.274,167.274,232.3373,92.869
520,cnn,nsson,jetson_emulator,20,local,0.472862752731943,63.086,45.8054,63.086,64.8811,26.4977,167.274,167.274,232.4798,92.9545
521,cnn,nsson,jetson_emulator,20,offload,0.4689310375883137,63.0853,46.3409,46.3409,48.2949,29.1609,167.274,167.274,231.2513,92.9368
522,cnn,nsson,jetson_emulator,20,local,0.4653550517036424,63.3067,45.9253,63.3067,64.2102,26.4754,167.274,167.274,232.7649,92.8327
523,cnn,nsson,jetson_emulator,20,offload,0.4747068636173913,63.4661,46.6313,46.6313,48.3233,29.1263,167.274,167.274,231.5347,92.8845
524,cnn,nsson,jetson_emulator,20,offload,0.46935801088520307,64.39,45.3322,45.3322,47.5426,29.2816,167.274,167.274,231.6763,92.9127
525,cnn,nsson,jetson_emulator,20,local,0.47562540746230725,64.286,45.3769,64.286,66.0984,26.3766,167.274,167.274,233.1924,92.8789
526,cnn,nsson,jetson_emulator,20,offload,0.4742816901658181,63.6282,45.3452,45.3452,46.9447,29.28,167.274,167.274,231.9597,92.9079
527,cnn,nsson,jetson_emulator,20,offload,0.46960352087613183,64.0891,45.4914,45.4914,47.258,29.2625,167.274,167.274,232.1014,92.8905
528,cnn,nsson,jetson_emulator,20,offload,0.4700691440483982,64.1877,45.5035,45.5035,47.1628,29.261,167.274,167.274,232.2431,92.8499
529,cnn,nsson,jetson_emulator,20,local,0.4701177516830722,64.3284,45.6287,64.3284,66.5669,26.3724,167.274,167.274,233.7626,92.876
530,cnn,nsson,jetson_emulator,20,offload,0.4769853425307042,64.7611,46.2775,46.2775,48.1395,29.1684,167.274,167.274,232.5265,92.9249
531,cnn,nsson,jetson_emulator,20,offload,0.47624387861538126,64.576,46.6346,46.6346,48.5891,29.1259,167.274,167.274,232.6682,92.9804
532,cnn,nsson,jetson_emulator,20,offload,0.4860404017271382,64.2749,46.0178,46.0178,48.1977,29.1994,167.274,167.274,232.8098,93.0072
533,cnn,nsson,jetson_emulator,20,offload,0.48591730989237614,65.2433,46.175,46.175,47.1876,29.1807,167.274,167.274,232.9515,92.8769
534,cnn,nsson,jetson_emulator,20,offload,0.47524692951392755,65.2578,46.2481,46.2481,47.985,29.1719,167.274,167.274,233.0932,92.8575
535,cnn,nsson,jetson_emulator,20,local,0.47001274071548305,64.1909,45.9517,64.1909,65.7238,26.3862,167.274,167.274,234.6177,92.8703
536,cnn,nsson,jetson_emulator,20,offload,0.4773454438584747,64.685,46.9922,46.9922,48.8998,29.0834,167.274,167.274,233.3766,92.8773
537,cnn,nsson,jetson_emulator,20,offload,0.47606309216932186,65.3137,46.1581,46.1581,48.7869,29.1827,167.274,167.274,233.5183,92.9486
538,cnn,nsson,jetson_emulator,20,local,0.4689461569551684,64.9636,46.203,64.9636,66.1675,26.3087,167.274,167.274,235.0453,92.8827
539,cnn,nsson,jetson_emulator,20,offload,0.4745907535819004,64.5972,46.4958,46.4958,47.5329,29.1424,167.274,167.274,233.8017,92.898
540,cnn,nsson,jetson_emulator,20,local,0.47866247415556257,64.576,47.0836,64.576,66.3869,26.3475,167.274,167.274,235.3304,92.8782
541,cnn,nsson,jetson_emulator,20,offload,0.48578652508853054,64.6646,47.1155,47.1155,48.4854,29.0688,167.274,167.274,234.085,92.8424
542,cnn,nsson,jetson_emulator,20,offload,0.49646537370581906,64.9001,46.5398,46.5398,48.3148,29.1372,167.274,167.274,234.2267,92.8742
543,cnn,nsson,jetson_emulator,20,local,0.48095266272813064,65.0636,47.1373,65.0636,66.8838,26.2987,167.274,167.274,235.758,92.8261
544,cnn,nsson,jetson_emulator,20,offload,0.4848218248822881,65.7418,47.566,47.566,48.2711,29.0156,167.274,167.274,234.5101,92.9029
545,cnn,nsson,jetson_emulator,20,offload,0.47355795717878924,65.7168,47.9493,47.9493,50.418,28.9704,167.274,167.274,234.6518,92.8708
546,cnn,nsson,jetson_emulator,20,offload,0.46718572231495076,65.3077,47.3435,47.3435,49.7169,29.0418,167.274,167.274,234.7935,92.985
547,cnn,nsson,jetson_emulator,20,offload,0.468847481502128,66.6376,46.81,46.81,48.9447,29.1051,167.274,167.274,234.9352,92.949
548,cnn,nsson,jetson_emulator,20,local,0.46768927060996235,65.738,46.936,65.738,66.6749,26.2316,167.274,167.274,236.4706,92.7946
549,cnn,nsson,jetson_emulator,20,offload,0.4645173545051938,65.4791,47.4021,47.4021,49.7137,29.0349,167.274,167.274,235.2186,92.9137
550,cnn,nsson,jetson_emulator,20,local,0.45900532240548364,65.7409,48.0803,65.7409,66.9343,26.2313,167.274,167.274,236.7557,92.8347
551,cnn,nsson,jetson_emulator,20,offload,0.4511389429010781,66.0781,47.241,47.241,48.7855,29.054,167.274,167.274,235.5019,92.9254
552,cnn,nsson,jetson_emulator,20,offload,0.4465799191644807,66.9024,47.8449,47.8449,49.6636,28.9827,167.274,167.274,235.6436,92.8885
553,cnn,nsson,jetson_emulator,20,offload,0.4494207534245544,65.9341,47.687,47.687,49.2493,29.0013,167.274,167.274,235.7853,92.8913
554,cnn,nsson,jetson_emulator,20,offload,0.45304828128009245,66.2111,48.3501,48.3501,49.6416,28.9233,167.274,167.274,235.927,92.867
555,cnn,nsson,jetson_emulator,20,local,0.45085092122266346,66.5151,47.5789,66.5151,67.7815,26.1546,167.274,167.274,237.4683,92.8751
556,cnn,nsson,jetson_emulator,20,local,0.45335780316972524,66.541,47.9546,66.541,68.0098,26.152,167.274,167.274,237.6108,92.8895
557,cnn,nsson,jetson_emulator,20,local,0.4578089728232638,66.9376,47.3431,66.9376,68.6468,26.1129,167.274,167.274,237.7534,92.8837
558,cnn,nsson,jetson_emulator,20,local,0.46277274135362767,66.6142,48.0915,66.6142,67.8111,26.1448,167.274,167.274,237.8959,92.8145
559,cnn,nsson,jetson_emulator,20,local,0.4571361800196647,67.3957,48.2272,67.3957,69.9207,26.0679,167.274,167.274,238.0384,92.966
560,cnn,nsson,jetson_emulator,20,local,0.4650819973281266,66.4951,48.2218,66.4951,68.0567,26.1566,167.274,167.274,238.1809,92.9472
561,cnn,nsson,jetson_emulator,20,offload,0.4647685589723584,67.4031,47.8467,47.8467,49.8838,28.9825,167.274,167.274,236.9188,92.9312
562,cnn,nsson,jetson_emulator,20,offload,0.4663641403328298,66.6387,48.3209,48.3209,49.6637,28.9267,167.274,167.274,237.0605,92.8602
563,cnn,nsson,jetson_emulator,20,offload,0.4586734603350419,67.695,48.2892,48.2892,50.7094,28.9304,167.274,167.274,237.2022,92.9333
564,cnn,nsson,jetson_emulator,20,local,0.4631710581042114,67.045,49.0748,67.045,69.6892,26.1023,167.274,167.274,238.7511,92.9355
565,cnn,nsson,jetson_emulator,20,offload,0.46615131898784246,67.8209,49.7575,49.7575,52.1461,28.7592,167.274,167.274,237.4856,92.9007
566,cnn,nsson,jetson_emulator,20,offload,0.4681752669042378,67.2457,47.9559,47.9559,49.8263,28.9696,167.274,167.274,237.6273,92.8966
567,cnn,nsson,jetson_emulator,20,local,0.471328392147792,67.1609,48.3684,67.1609,67.9868,26.091,167.274,167.274,239.1786,92.8856
568,cnn,nsson,jetson_emulator,20,offload,0.4787118339402953,67.6997,48.3493,48.3493,50.7741,28.9234,167.274,167.274,237.9106,92.8744
569,cnn,nsson,jetson_emulator,20,offload,0.47209273592599316,68.5114,48.1959,48.1959,49.7762,28.9414,167.274,167.274,238.0523,92.8827
570,cnn,nsson,jetson_emulator,20,local,0.47603302463204905,67.4884,49.1399,67.4884,68.2249,26.0588,167.274,167.274,239.6062,92.943
571,cnn,nsson,jetson_emulator,20,offload,0.4745728757307485,67.5169,49.004,49.004,51.2495,28.8468,167.274,167.274,238.3357,92.9367
572,cnn,nsson,jetson_emulator,20,offload,0.4763302382381737,67.6341,49.0674,49.0674,50.712,28.8394,167.274,167.274,238.4774,92.9369
573,cnn,nsson,jetson_emulator,20,local,0.4752929067596677,67.8805,48.4897,67.8805,69.5347,26.0204,167.274,167.274,240.0338,92.941
574,cnn,nsson,jetson_emulator,20,offload,0.47092343358673694,68.1555,49.1834,49.1834,51.0824,28.8259,167.274,167.274,238.7608,92.9364
575,cnn,nsson,jetson_emulator,20,offload,0.47997824712833204,68.3094,49.9169,49.9169,52.3421,28.7407,167.274,167.274,238.9024,92.8908
576,cnn,nsson,jetson_emulator,20,offload,0.48751873033447274,68.9515,48.8771,48.8771,50.58,28.8616,167.274,167.274,239.0441,92.8966
577,cnn,nsson,jetson_emulator,20,local,0.4813984795676179,68.6051,48.7422,68.6051,70.5079,25.9498,167.274,167.274,240.6039,93.0034
578,cnn,nsson,jetson_emulator,20,offload,0.4861308582148237,68.6789,48.9968,48.9968,50.8476,28.8477,167.274,167.274,239.3275,92.9108
579,cnn,nsson,jetson_emulator,20,offload,0.4851691715700911,68.8134,49.2277,49.2277,50.9888,28.8208,167.274,167.274,239.4692,92.8352
580,cnn,nsson,jetson_emulator,20,offload,0.49545205267570563,68.3709,49.0231,49.0231,51.4767,28.8446,167.274,167.274,239.6109,92.9542
581,cnn,nsson,jetson_emulator,20,local,0.4873077572771837,69.4391,49.0042,69.4391,71.4208,25.8689,167.274,167.274,241.174,92.9312
582,cnn,nsson,jetson_emulator,20,local,0.4885200848343333,68.734,49.1081,68.734,71.5469,25.9372,167.274,167.274,241.3166,92.9018
583,cnn,nsson,jetson_emulator,20,offload,0.4936279759144674,68.9475,49.4505,49.4505,51.4741,28.7948,167.274,167.274,240.036,92.9382
584,cnn,nsson,jetson_emulator,20,local,0.4846767376135364,68.8489,50.0704,68.8489,70.4408,25.9261,167.274,167.274,241.6016,92.8255
585,cnn,nsson,jetson_emulator,20,local,0.48351009029830033,68.8455,49.8147,68.8455,70.0131,25.9264,167.274,167.274,241.7442,92.7567
586,cnn,nsson,jetson_emulator,20,local,0.4920967162975543,69.0561,49.3778,69.0561,70.7774,25.906,167.274,167.274,241.8867,92.911
587,cnn,nsson,jetson_emulator,20,local,0.4881180429718972,69.2412,50.2284,69.2412,70.7509,25.8881,167.274,167.274,242.0292,92.9143
588,cnn,nsson,jetson_emulator,20,offload,0.48895080742850744,69.3594,50.0546,50.0546,51.4157,28.7248,167.274,167.274,240.7444,92.8147
589,cnn,nsson,jetson_emulator,20,local,0.4824487910242112,70.0909,50.9506,70.0909,72.5349,25.8061,167.274,167.274,242.3143,92.9552
590,cnn,nsson,jetson_emulator,20,offload,0.4801381075845994,69.407,50.831,50.831,52.5662,28.6353,167.274,167.274,241.0278,92.9298
591,cnn,nsson,jetson_emulator,20,offload,0.4867764964830884,69.4901,50.204,50.204,51.3292,28.7075,167.274,167.274,241.1695,92.8891
592,cnn,nsson,jetson_emulator,20,offload,0.48618937794307704,69.6443,50.605,50.605,52.2124,28.6613,167.274,167.274,241.3112,92.9294
593,cnn,nsson,jetson_emulator,20,local,0.4911194533840976,70.3822,50.8513,70.3822,73.3102,25.7781,167.274,167.274,242.8844,92.905
594,cnn,nsson,jetson_emulator,20,offload,0.48647367628003874,70.3052,50.3629,50.3629,52.0484,28.6892,167.274,167.274,241.5945,92.9508
595,cnn,nsson,jetson_emulator,20,offload,0.477644932118224,69.653,51.3793,51.3793,53.5592,28.5724,167.274,167.274,241.7362,92.9575
596,cnn,nsson,jetson_emulator,20,local,0.48802050657267815,70.2255,50.0688,70.2255,71.4419,25.7932,167.274,167.274,243.312,92.9699
597,cnn,nsson,jetson_emulator,20,offload,0.4885634807780881,70.6964,50.7763,50.7763,52.5087,28.6416,167.274,167.274,242.0196,92.9551
598,cnn,nsson,jetson_emulator,20,offload,0.4821868239028465,70.3632,50.0181,50.0181,51.5297,28.729,167.274,167.274,242.1613,92.8979
599,cnn,nsson,jetson_emulator,20,local,0.4757242781999711,70.1017,50.3652,70.1017,72.2949,25.8051,167.274,167.274,243.7396,92.9432
600,cnn,nsson,jetson_emulator,20,offload,0.475757910552867,70.7844,50.176,50.176,51.7666,28.7108,167.274,167.274,242.4447,92.9415
601,cnn,nsson,jetson_emulator,20,local,0.4790704872477249,70.8033,50.6359,70.8033,72.8628,25.7378,167.274,167.274,244.0246,92.9363
602,cnn,nsson,jetson_emulator,20,local,0.47699727169089084,71.1498,50.6793,71.1498,72.0564,25.7047,167.274,167.274,244.1671,92.9112
603,cnn,nsson,jetson_emulator,20,offload,0.48040338514188935,70.5861,50.382,50.382,52.7971,28.687,167.274,167.274,242.8697,92.9228
604,cnn,nsson,jetson_emulator,20,local,0.4835041077260252,70.4453,51.8232,70.4453,71.5485,25.7721,167.274,167.274,244.4522,92.9541
605,cnn,nsson,jetson_emulator,20,offload,0.48443232700679384,70.4364,51.0616,51.0616,53.7157,28.6088,167.274,167.274,243.1531,92.9004
606,cnn,nsson,jetson_emulator,20,offload,0.4798335550510054,70.4173,50.8712,50.8712,53.1662,28.6307,167.274,167.274,243.2948,92.9046
607,cnn,nsson,jetson_emulator,20,offload,0.48379660415979764,71.3228,52.4948,52.4948,54.7253,28.4453,167.274,167.274,243.4365,93.0047
608,cnn,nsson,jetson_emulator,20,offload,0.49120881636415725,71.3654,50.8451,50.8451,52.7126,28.6336,167.274,167.274,243.5782,92.9001
609,cnn,nsson,jetson_emulator,20,offload,0.47959334334115644,71.7331,50.9879,50.9879,53.5142,28.6172,167.274,167.274,243.7199,92.9658
610,cnn,nsson,jetson_emulator,20,offload,0.48947462448488377,70.8601,51.0113,51.0113,53.3121,28.6146,167.274,167.274,243.8615,92.8885
611,cnn,nsson,jetson_emulator,20,offload,0.4908842267360994,71.1214,51.558,51.558,53.3595,28.5519,167.274,167.274,244.0032,92.8678
612,cnn,nsson,jetson_emulator,20,offload,0.4930222584113671,71.0398,51.841,51.841,52.4313,28.5196,167.274,167.274,244.1449,92.8691
613,cnn,nsson,jetson_emulator,20,offload,0.4897458710873431,71.1445,50.8549,50.8549,52.3985,28.6325,167.274,167.274,244.2866,92.8943
614,cnn,nsson,jetson_emulator,20,local,0.49143724948492457,71.2473,50.7241,71.2473,73.2606,25.6954,167.274,167.274,245.8775,92.8923
615,cnn,nsson,jetson_emulator,20,offload,0.4936645650274946,71.34,51.9146,51.9146,54.5303,28.5113,167.274,167.274,244.57,92.8824
616,cnn,nsson,jetson_emulator,20,offload,0.48957170252924176,71.7512,50.949,50.949,53.1519,28.6217,167.274,167.274,244.7117,92.9351
617,cnn,nsson,jetson_emulator,20,local,0.4860102162649369,71.168,50.8676,71.168,73.172,25.7029,167.274,167.274,246.3051,92.9062
618,cnn,nsson,jetson_emulator,20,local,0.4895302114458756,71.4634,51.0342,71.4634,73.0215,25.6748,167.274,167.274,246.4476,92.8177
619,cnn,nsson,jetson_emulator,20,local,0.4916868252378588,71.1255,51.8406,71.1255,73.9235,25.707,167.274,167.274,246.5901,92.9517
620,cnn,nsson,jetson_emulator,20,offload,0.48825211756871556,71.6967,51.8507,51.8507,53.7734,28.5185,167.274,167.274,245.2784,92.9105
621,cnn,nsson,jetson_emulator,20,offload,0.4879882825182193,71.864,51.6749,51.6749,53.8406,28.5386,167.274,167.274,245.4201,92.8376
622,cnn,nsson,jetson_emulator,20,offload,0.5033480465049313,71.374,52.2729,52.2729,54.0845,28.4705,167.274,167.274,245.5618,92.9386
623,cnn,nsson,jetson_emulator,20,offload,0.5088977044333626,71.4162,51.4795,51.4795,53.8443,28.5609,167.274,167.274,245.7035,92.8939
624,cnn,nsson,jetson_emulator,20,offload,0.5059443356753492,71.7399,51.4444,51.4444,53.5691,28.5649,167.274,167.274,245.8452,92.9719
625,cnn,nsson,jetson_emulator,20,offload,0.5102086868616602,71.693,51.9299,51.9299,54.1967,28.5095,167.274,167.274,245.9869,92.8477
626,cnn,nsson,jetson_emulator,20,local,0.5112104488022234,71.7414,51.4615,71.7414,73.0913,25.6484,167.274,167.274,247.5878,92.8883
627,cnn,nsson,jetson_emulator,20,offload,0.5178633285177648,71.7287,51.3638,51.3638,53.6802,28.5742,167.274,167.274,246.2702,92.9153
628,cnn,nsson,jetson_emulator,20,local,0.5174166470128192,71.6962,51.172,71.6962,73.8131,25.6527,167.274,167.274,247.8729,92.8807
629,cnn,nsson,jetson_emulator,20,local,0.512110845910099,72.1903,52.3067,72.1903,74.2528,25.6058,167.274,167.274,248.0154,92.8902
630,cnn,nsson,jetson_emulator,20,local,0.5070367582253844,72.0676,51.5327,72.0676,73.8495,25.6174,167.274,167.274,248.1579,92.921
631,cnn,nsson,jetson_emulator,20,local,0.5067595099546186,71.618,52.7603,71.618,73.3198,25.6601,167.274,167.274,248.3005,92.946
632,cnn,nsson,jetson_emulator,20,offload,0.5033660754396908,71.969,51.6306,51.6306,53.4417,28.5437,167.274,167.274,246.9787,92.9384
633,cnn,nsson,jetson_emulator,20,offload,0.5072086785051791,71.8983,51.3662,51.3662,53.3253,28.5739,167.274,167.274,247.1204,92.9009
634,cnn,nsson,jetson_emulator,20,offload,0.5025006356232194,72.5497,51.751,51.751,52.9493,28.5299,167.274,167.274,247.2621,92.9776
635,cnn,nsson,jetson_emulator,20,local,0.5078778511947176,72.1774,51.4706,72.1774,73.7116,25.607,167.274,167.274,248.8706,92.8902
636,cnn,nsson,jetson_emulator,20,offload,0.5082530824269706,71.6669,51.5641,51.5641,52.6316,28.5513,167.274,167.274,247.5454,92.9158
637,cnn,nsson,jetson_emulator,20,offload,0.5186401630848176,71.9202,52.6816,52.6816,54.0507,28.4241,167.274,167.274,247.6871,92.9613
638,cnn,nsson,jetson_emulator,20,local,0.5105968495187413,73.1673,51.9203,73.1673,75.0624,25.5136,167.274,167.274,249.2982,92.8584
639,cnn,nsson,jetson_emulator,20,local,0.5095886685785009,71.8737,51.7132,71.8737,73.2899,25.6358,167.274,167.274,249.4407,92.868
640,cnn,nsson,jetson_emulator,20,local,0.507770232758585,72.4964,51.9439,72.4964,74.9504,25.5769,167.274,167.274,249.5832,92.9599
641,cnn,nsson,jetson_emulator,20,offload,0.5083091408742791,72.2846,51.3997,51.3997,53.6853,28.5701,167.274,167.274,248.2539,92.9204
642,cnn,nsson,jetson_emulator,20,offload,0.5137796426898383,71.8751,51.9213,51.9213,54.9018,28.5105,167.274,167.274,248.3956,92.8772
643,cnn,nsson,jetson_emulator,20,local,0.5192208405362299,72.5767,51.9392,72.5767,74.9772,25.5693,167.274,167.274,250.0108,92.8354
644,cnn,nsson,jetson_emulator,20,offload,0.5155655185626747,72.0396,51.5102,51.5102,52.715,28.5574,167.274,167.274,248.679,92.9161
645,cnn,nsson,jetson_emulator,20,offload,0.5182802834376633,71.7319,51.8639,51.8639,52.7804,28.517,167.274,167.274,248.8206,92.9373
646,cnn,nsson,jetson_emulator,20,offload,0.5098468980719871,71.7489,51.601,51.601,54.2855,28.547,167.274,167.274,248.9623,92.9567
647,cnn,nsson,jetson_emulator,20,local,0.512745208968405,72.3482,51.722,72.3482,74.1352,25.5909,167.274,167.274,250.5809,92.9462
648,cnn,nsson,jetson_emulator,20,offload,0.5095620907285783,71.9247,51.6295,51.6295,52.857,28.5438,167.274,167.274,249.2457,93.0103
649,cnn,nsson,jetson_emulator,20,local,0.5128013551382737,71.8092,51.8399,71.8092,72.6718,25.6419,167.274,167.274,250.866,92.8801
650,cnn,nsson,jetson_emulator,20,local,0.516697175053604,71.9651,51.957,71.9651,73.9381,25.6271,167.274,167.274,251.0085,92.9365
651,cnn,nsson,jetson_emulator,20,offload,0.5181529880363712,72.1687,51.3966,51.3966,52.8001,28.5704,167.274,167.274,249.6708,93.0289
652,cnn,nsson,jetson_emulator,20,offload,0.5154050329794709,72.2784,51.8538,51.8538,54.6805,28.5182,167.274,167.274,249.8125,92.9128
653,cnn,nsson,jetson_emulator,20,local,0.5271043619654868,71.924,52.184,71.924,73.9018,25.631,167.274,167.274,251.4361,93.0296
654,cnn,nsson,jetson_emulator,20,local,0.5391235931217457,72.4654,51.327,72.4654,75.2325,25.5798,167.274,167.274,251.5786,92.877
655,cnn,nsson,jetson_emulator,20,local,0.5346545071409635,72.2745,51.2553,72.2745,74.3008,25.5978,167.274,167.274,251.7211,93.0083
656,cnn,nsson,jetson_emulator,20,offload,0.5333121169969777,72.089,51.4712,51.4712,52.7915,28.5619,167.274,167.274,250.3792,92.9746
657,cnn,nsson,jetson_emulator,20,offload,0.5267364767265326,72.2321,52.7632,52.7632,54.3531,28.4149,167.274,167.274,250.5209,92.8109
658,cnn,nsson,jetson_emulator,20,offload,0.524667242430325,72.3088,51.2027,51.2027,53.5233,28.5926,167.274,167.274,250.6626,92.8425
659,cnn,nsson,jetson_emulator,20,offload,0.5278800488481022,72.2624,52.0803,52.0803,53.3979,28.4924,167.274,167.274,250.8043,92.9434
660,cnn,nsson,jetson_emulator,20,offload,0.5285770018475375,71.8377,51.1999,51.1999,52.8032,28.5929,167.274,167.274,250.946,92.9884
661,cnn,nsson,jetson_emulator,20,offload,0.5189607844581812,72.6181,52.2102,52.2102,54.2334,28.4776,167.274,167.274,251.0877,92.9468
662,cnn,nsson,jetson_emulator,20,offload,0.5201156178883052,71.9523,52.5147,52.5147,54.3183,28.443,167.274,167.274,251.2293,92.8485
663,cnn,nsson,jetson_emulator,20,local,0.5141683767813018,71.5689,52.0513,71.5689,73.6987,25.6648,167.274,167.274,252.8614,92.9102
664,cnn,nsson,jetson_emulator,20,offload,0.5135333625449523,71.562,52.1596,52.1596,53.6634,28.4834,167.274,167.274,251.5127,92.9647
665,cnn,nsson,jetson_emulator,20,offload,0.5120467077364497,71.6518,51.1559,51.1559,53.1227,28.598,167.274,167.274,251.6544,92.9224
666,cnn,nsson,jetson_emulator,20,offload,0.5087198129047243,71.4316,51.6238,51.6238,53.5276,28.5444,167.274,167.274,251.7961,92.8848
667,cnn,nsson,jetson_emulator,20,offload,0.5212712710274232,71.4536,51.1132,51.1132,52.5501,28.6029,167.274,167.274,251.9378,92.8859
668,cnn,nsson,jetson_emulator,20,local,0.5248710835523531,71.4191,51.8618,71.4191,72.8033,25.679,167.274,167.274,253.574,92.9228
669,cnn,nsson,jetson_emulator,20,local,0.5164096508324296,71.4622,50.9863,71.4622,72.8135,25.6749,167.274,167.274,253.7165,92.9357
670,cnn,nsson,jetson_emulator,20,local,0.5129587324227844,71.2596,51.897,71.2596,73.5076,25.6942,167.274,167.274,253.8591,92.9129
671,cnn,nsson,jetson_emulator,20,offload,0.5083967831272111,71.7339,51.5533,51.5533,53.6791,28.5525,167.274,167.274,252.5045,92.92
672,cnn,nsson,jetson_emulator,20,offload,0.5136816069169895,71.6196,51.5089,51.5089,53.3569,28.5576,167.274,167.274,252.6462,92.8551
673,cnn,nsson,jetson_emulator,20,local,0.5069822253836752,71.5799,50.8772,71.5799,73.5537,25.6637,167.274,167.274,254.2867,92.884
674,cnn,nsson,jetson_emulator,20,local,0.5136847034645409,71.9885,51.6841,71.9885,73.166,25.6249,167.274,167.274,254.4292,92.8381
675,cnn,nsson,jetson_emulator,20,offload,0.5131281523520076,72.1724,51.698,51.698,52.9592,28.536,167.274,167.274,253.0713,92.8951
676,cnn,nsson,jetson_emulator,20,offload,0.5157610701308267,71.7388,51.2577,51.2577,53.7804,28.5863,167.274,167.274,253.213,92.9427
677,cnn,nsson,jetson_emulator,20,offload,0.5176068574531224,71.034,50.797,50.797,52.4669,28.6392,167.274,167.274,253.3547,92.9498
678,cnn,nsson,jetson_emulator,20,offload,0.5152307228990527,71.4095,51.0999,51.0999,53.4336,28.6044,167.274,167.274,253.4964,92.9262
679,cnn,nsson,jetson_emulator,20,local,0.5082384922130267,71.1425,51.0682,71.1425,73.3086,25.7054,167.274,167.274,255.1418,92.8921
680,cnn,nsson,jetson_emulator,20,local,0.5142453077578758,71.2333,50.7574,71.2333,72.7468,25.6967,167.274,167.274,255.2844,92.8363
681,cnn,nsson,jetson_emulator,20,local,0.517929404756337,71.3149,51.7881,71.3149,73.1994,25.6889,167.274,167.274,255.4269,92.9257
682,cnn,nsson,jetson_emulator,20,offload,0.5173203427844574,72.3113,50.8932,50.8932,52.6342,28.6281,167.274,167.274,254.0631,92.9326
683,cnn,nsson,jetson_emulator,20,local,0.5179983937996829,71.0954,51.5304,71.0954,72.9879,25.7099,167.274,167.274,255.7119,92.8941
684,cnn,nsson,jetson_emulator,20,offload,0.520613788984755,70.894,52.1632,52.1632,54.3525,28.483,167.274,167.274,254.3465,92.9121
685,cnn,nsson,jetson_emulator,20,local,0.5208937586963935,70.9219,50.6162,70.9219,72.0536,25.7264,167.274,167.274,255.997,92.8555
686,cnn,nsson,jetson_emulator,20,local,0.5239387638134739,70.9814,51.143,70.9814,72.3678,25.7208,167.274,167.274,256.1395,92.9873
687,cnn,nsson,jetson_emulator,20,local,0.5242782085309893,70.7467,51.4078,70.7467,72.4282,25.7432,167.274,167.274,256.2821,92.8539
688,cnn,nsson,jetson_emulator,20,offload,0.5134319508139987,71.0879,50.4819,50.4819,51.8702,28.6755,167.274,167.274,254.9132,93.0313
689,cnn,nsson,jetson_emulator,20,local,0.5073163126958314,71.3161,51.163,71.3161,73.053,25.6888,167.274,167.274,256.5671,92.9379
690,cnn,nsson,jetson_emulator,20,offload,0.504367428665975,70.856,51.2881,51.2881,53.5373,28.5828,167.274,167.274,255.1966,92.938
691,cnn,nsson,jetson_emulator,20,offload,0.504938999757332,70.7001,51.6166,51.6166,52.8908,28.5452,167.274,167.274,255.3383,92.9512
692,cnn,nsson,jetson_emulator,20,offload,0.50398916286615,70.5355,52.1992,52.1992,54.0353,28.4789,167.274,167.274,255.48,92.9234
693,cnn,nsson,jetson_emulator,20,offload,0.5031631468128117,70.2578,50.8313,50.8313,52.0401,28.6352,167.274,167.274,255.6217,92.824
694,cnn,nsson,jetson_emulator,20,local,0.5066283757200201,70.5788,50.3033,70.5788,73.3219,25.7593,167.274,167.274,257.2798,92.8701
695,cnn,nsson,jetson_emulator,20,local,0.4938567505916755,70.0618,50.5516,70.0618,71.6464,25.8089,167.274,167.274,257.4223,92.8644
696,cnn,nsson,jetson_emulator,20,offload,0.49198184464300854,70.3462,50.21,50.21,51.6671,28.7068,167.274,167.274,256.0468,92.9704
697,cnn,nsson,jetson_emulator,20,local,0.48418837321763203,70.4157,50.4775,70.4157,72.2891,25.7749,167.274,167.274,257.7073,92.9343
698,cnn,nsson,jetson_emulator,20,offload,0.4823935786795857,70.0186,51.0797,51.0797,53.1049,28.6067,167.274,167.274,256.3301,92.8309
699,cnn,nsson,jetson_emulator,20,offload,0.47857277521088665,70.3275,50.5305,50.5305,51.5453,28.6699,167.274,167.274,256.4718,92.9226
700,cnn,nsson,jetson_emulator,20,local,0.47520560189099975,70.1022,51.1971,70.1022,71.8975,25.805,167.274,167.274,258.1349,92.84
701,cnn,nsson,jetson_emulator,20,local,0.4781797979532612,69.8829,50.5387,69.8829,71.5014,25.8261,167.274,167.274,258.2775,92.9066
702,cnn,nsson,jetson_emulator,20,offload,0.4930925424870688,70.5057,50.1334,50.1334,52.5247,28.7157,167.274,167.274,256.8969,92.9078
703,cnn,nsson,jetson_emulator,20,offload,0.4912541073154422,70.0438,50.3716,50.3716,51.4279,28.6882,167.274,167.274,257.0386,92.9023
704,cnn,nsson,jetson_emulator,20,offload,0.48601596957667037,70.4877,51.0171,51.0171,52.7491,28.6139,167.274,167.274,257.1803,92.9011
705,cnn,nsson,jetson_emulator,20,offload,0.4915897908222256,69.6456,52.0597,52.0597,54.4222,28.4947,167.274,167.274,257.3219,92.8664
706,cnn,nsson,jetson_emulator,20,offload,0.5020170706588996,69.8436,50.1311,50.1311,51.2518,28.716,167.274,167.274,257.4636,92.9149
707,cnn,nsson,jetson_emulator,20,offload,0.5046528576017559,69.4856,50.2444,50.2444,52.3042,28.7029,167.274,167.274,257.6053,92.86
708,cnn,nsson,jetson_emulator,20,local,0.5151988937147252,69.9387,50.0023,69.9387,71.5752,25.8208,167.274,167.274,259.2752,92.9857
709,cnn,nsson,jetson_emulator,20,local,0.5161572733676921,69.8618,49.6488,69.8618,71.4937,25.8282,167.274,167.274,259.4177,92.9423
710,cnn,nsson,jetson_emulator,20,local,0.5014193485498296,69.7607,49.606,69.7607,71.619,25.8379,167.274,167.274,259.5602,92.8143
711,cnn,nsson,jetson_emulator,20,offload,0.5032337880744354,69.4763,50.3265,50.3265,52.0162,28.6934,167.274,167.274,258.1721,92.9836
712,cnn,nsson,jetson_emulator,20,local,0.5058899859931567,69.4806,50.406,69.4806,71.5478,25.8649,167.274,167.274,259.8453,92.9196
713,cnn,nsson,jetson_emulator,20,offload,0.49457947536515734,69.3928,49.8841,49.8841,51.3948,28.7445,167.274,167.274,258.4555,92.9176
714,cnn,nsson,jetson_emulator,20,offload,0.5061176892336379,69.4578,49.3765,49.3765,51.5668,28.8034,167.274,167.274,258.5971,92.9158
715,cnn,nsson,jetson_emulator,20,local,0.509375697546874,69.5351,49.5601,69.5351,71.7869,25.8597,167.274,167.274,260.2729,92.9055
716,cnn,nsson,jetson_emulator,20,local,0.5022668345569019,69.0399,50.1339,69.0399,71.2339,25.9076,167.274,167.274,260.4154,92.9582
717,cnn,nsson,jetson_emulator,20,offload,0.5053128941081423,69.0244,50.4283,50.4283,52.1889,28.6816,167.274,167.274,259.0222,92.9551
718,cnn,nsson,jetson_emulator,20,offload,0.5054169374675095,68.884,49.2038,49.2038,50.945,28.8235,167.274,167.274,259.1639,92.8567
719,cnn,nsson,jetson_emulator,20,local,0.5015392218819616,69.2477,49.1603,69.2477,70.9812,25.8874,167.274,167.274,260.843,92.8036
720,cnn,nsson,jetson_emulator,20,offload,0.5038471423041082,68.7755,49.1855,49.1855,51.0904,28.8257,167.274,167.274,259.4473,92.881
721,cnn,nsson,jetson_emulator,20,offload,0.5109646681478924,70.4344,50.8062,50.8062,52.86,28.6381,167.274,167.274,259.589,92.9302
722,cnn,nsson,jetson_emulator,20,local,0.5159200178208165,68.7526,49.2189,68.7526,70.2568,25.9354,167.274,167.274,261.2706,92.9348
723,cnn,nsson,jetson_emulator,20,offload,0.5115121793226288,68.9249,49.7769,49.7769,51.933,28.7569,167.274,167.274,259.8723,92.893
724,cnn,nsson,jetson_emulator,20,offload,0.5150411347831415,68.7574,49.7867,49.7867,51.7274,28.7558,167.274,167.274,260.014,92.8989
725,cnn,nsson,jetson_emulator,20,offload,0.518434825556872,68.7606,49.2096,49.2096,51.4365,28.8229,167.274,167.274,260.1557,92.8986
726,cnn,nsson,jetson_emulator,20,offload,0.5179442198480613,68.4862,49.5511,49.5511,50.8396,28.7832,167.274,167.274,260.2974,92.8799
727,cnn,nsson,jetson_emulator,20,local,0.5190426956402178,68.3145,49.3043,68.3145,70.2518,25.978,167.274,167.274,261.9832,92.8811
728,cnn,nsson,jetson_emulator,20,local,0.5138064756478855,68.7813,49.8515,68.7813,70.5432,25.9326,167.274,167.274,262.1257,92.8659
729,cnn,nsson,jetson_emulator,20,offload,0.5164898566809163,69.4111,49.5376,49.5376,51.4567,28.7847,167.274,167.274,260.7225,92.9328
730,cnn,nsson,jetson_emulator,20,offload,0.5085632772898435,68.155,49.6862,49.6862,51.6237,28.7675,167.274,167.274,260.8642,92.8953
731,cnn,nsson,jetson_emulator,20,offload,0.5083693080652834,68.5421,49.7565,49.7565,51.6875,28.7593,167.274,167.274,261.0058,93.0139
732,cnn,nsson,jetson_emulator,20,local,0.5173473876721654,68.0978,49.0598,68.0978,69.1717,25.9992,167.274,167.274,262.6958,92.9609
733,cnn,nsson,jetson_emulator,20,local,0.517548615078855,68.5336,49.8126,68.5336,70.4281,25.9567,167.274,167.274,262.8384,92.9344
734,cnn,nsson,jetson_emulator,20,offload,0.5148861014439792,67.9947,48.7689,48.7689,50.0287,28.8743,167.274,167.274,261.4309,92.9571
735,cnn,nsson,jetson_emulator,20,local,0.5183955971654564,68.2332,48.7954,68.2332,69.472,25.986,167.274,167.274,263.1234,92.9027
736,cnn,nsson,jetson_emulator,20,local,0.5247112795096186,68.949,49.9521,68.949,70.6723,25.9164,167.274,167.274,263.266,92.8884
737,cnn,nsson,jetson_emulator,20,offload,0.5243241959270276,67.9335,48.6378,48.6378,49.9699,28.8896,167.274,167.274,261.856,93.0312
738,cnn,nsson,jetson_emulator,20,offload,0.5244802068897716,68.7442,49.1046,49.1046,50.236,28.8351,167.274,167.274,261.9977,92.822
739,cnn,nsson,jetson_emulator,20,offload,0.5186792340901277,67.868,49.0078,49.0078,50.2889,28.8464,167.274,167.274,262.1394,92.9093
740,cnn,nsson,jetson_emulator,20,offload,0.516155423857196,68.96,49.0397,49.0397,50.164,28.8427,167.274,167.274,262.281,92.9837
741,cnn,nsson,jetson_emulator,20,offload,0.5132632503015803,68.427,49.096,49.096,51.0295,28.8361,167.274,167.274,262.4227,93.0102
742,cnn,nsson,jetson_emulator,20,offload,0.5249206465375806,67.9671,48.4749,48.4749,49.7163,28.9087,167.274,167.274,262.5644,92.8833
743,cnn,nsson,jetson_emulator,20,offload,0.5280773673278801,68.6169,49.5585,49.5585,51.5228,28.7823,167.274,167.274,262.7061,92.9306
744,cnn,nsson,jetson_emulator,20,offload,0.5288425435877134,68.0522,48.7177,48.7177,51.1196,28.8803,167.274,167.274,262.8478,92.8664
745,cnn,nsson,jetson_emulator,20,local,0.51939619553594,67.7514,49.1926,67.7514,69.9308,26.033,167.274,167.274,264.5487,92.8764
746,cnn,nsson,jetson_emulator,20,local,0.5246799977222657,67.853,48.5196,67.853,70.0401,26.0231,167.274,167.274,264.6912,92.9005
747,cnn,nsson,jetson_emulator,20,offload,0.5131813823351166,68.5011,49.2005,49.2005,51.1765,28.8239,167.274,167.274,263.2729,92.8527
748,cnn,nsson,jetson_emulator,20,offload,0.5178811204697249,67.6586,48.4411,48.4411,49.9467,28.9126,167.274,167.274,263.4145,92.8189
749,cnn,nsson,jetson_emulator,20,offload,0.5175019164044403,67.664,48.4286,48.4286,49.9119,28.9141,167.274,167.274,263.5562,92.9588
750,cnn,nsson,jetson_emulator,20,offload,0.5215707513840249,67.6982,48.5686,48.5686,50.2086,28.8977,167.274,167.274,263.6979,92.9708
751,cnn,nsson,jetson_emulator,20,local,0.5321203849957854,67.8753,49.2374,67.8753,68.9032,26.0209,167.274,167.274,265.4039,92.8693
752,cnn,nsson,jetson_emulator,20,offload,0.5349130122973749,67.5866,48.6489,48.6489,50.624,28.8883,167.274,167.274,263.9813,92.8364
753,cnn,nsson,jetson_emulator,20,local,0.5334510760373339,67.9338,48.5145,67.9338,69.4185,26.0152,167.274,167.274,265.6889,92.9674
754,cnn,nsson,jetson_emulator,20,local,0.5329721607972385,67.7833,49.2353,67.7833,69.2938,26.0299,167.274,167.274,265.8315,93.0241
755,cnn,nsson,jetson_emulator,20,local,0.5381988360662059,67.8893,48.3732,67.8893,70.2279,26.0196,167.274,167.274,265.974,92.8953
756,cnn,nsson,jetson_emulator,20,local,0.5438111205452991,67.684,48.3115,67.684,69.9725,26.0396,167.274,167.274,266.1165,92.9161
757,cnn,nsson,jetson_emulator,20,offload,0.5453584717700355,67.9592,48.6419,48.6419,50.5329,28.8891,167.274,167.274,264.6897,92.857
758,cnn,nsson,jetson_emulator,20,local,0.5480335719104585,67.8935,48.6442,67.8935,69.782,26.0191,167.274,167.274,266.4016,92.8008
759,cnn,nsson,jetson_emulator,20,local,0.5583280925194057,67.6547,48.7531,67.6547,69.2952,26.0425,167.274,167.274,266.5441,92.9676
760,cnn,nsson,jetson_emulator,20,offload,0.5618546537086845,67.6722,48.7534,48.7534,51.1472,28.8761,167.274,167.274,265.1148,92.8037
761,cnn,nsson,jetson_emulator,20,local,0.5661593685138979,68.1506,49.2337,68.1506,70.6484,25.994,167.274,167.274,266.8292,92.9543
762,cnn,nsson,jetson_emulator,20,offload,0.5635980011186923,68.243,48.3226,48.3226,50.42,28.9265,167.274,167.274,265.3982,93.0046
763,cnn,nsson,jetson_emulator,20,local,0.5634553692397976,67.8728,49.7999,67.8728,70.3943,26.0212,167.274,167.274,267.1142,92.9206
764,cnn,nsson,jetson_emulator,20,offload,0.565747854651838,68.3827,48.6749,48.6749,50.5655,28.8853,167.274,167.274,265.6816,92.917
765,cnn,nsson,jetson_emulator,20,local,0.5620225901509497,68.1821,48.9032,68.1821,69.5542,25.991,167.274,167.274,267.3993,92.9582
766,cnn,nsson,jetson_emulator,20,offload,0.561723533421854,67.8498,48.3052,48.3052,49.2063,28.9286,167.274,167.274,265.9649,92.8981
767,cnn,nsson,jetson_emulator,20,offload,0.569840497816967,68.7126,49.2355,49.2355,51.2974,28.8199,167.274,167.274,266.1066,92.9496
768,cnn,nsson,jetson_emulator,20,local,0.5665029315214812,68.086,48.4697,68.086,69.6928,26.0003,167.274,167.274,267.8269,92.8894
769,cnn,nsson,jetson_emulator,20,local,0.5699423451566319,67.7385,50.0489,67.7385,69.9831,26.0343,167.274,167.274,267.9694,92.9557
770,cnn,nsson,jetson_emulator,20,offload,0.5804437278598114,67.9289,48.504,48.504,50.1788,28.9053,167.274,167.274,266.5317,92.8908
771,cnn,nsson,jetson_emulator,20,local,0.585442165831344,67.7054,49.0106,67.7054,69.6195,26.0375,167.274,167.274,268.2545,92.9633
772,cnn,nsson,jetson_emulator,20,offload,0.5873847948215539,67.9613,49.1923,49.1923,51.1625,28.8249,167.274,167.274,266.8151,92.9393
773,cnn,nsson,jetson_emulator,20,local,0.5956507514777263,67.9967,48.6404,67.9967,69.3522,26.0091,167.274,167.274,268.5395,92.8824
774,cnn,nsson,jetson_emulator,20,offload,0.5952237695785447,67.8131,49.4132,49.4132,50.9018,28.7992,167.274,167.274,267.0984,92.8754
775,cnn,nsson,jetson_emulator,20,offload,0.6004717925654195,68.1008,49.0713,49.0713,50.9954,28.839,167.274,167.274,267.2401,92.9491
776,cnn,nsson,jetson_emulator,20,local,0.5994123984400923,68.315,49.6429,68.315,70.0642,25.978,167.274,167.274,268.9671,92.9098
777,cnn,nsson,jetson_emulator,20,offload,0.5978552386850761,67.9809,48.7944,48.7944,51.6321,28.8713,167.274,167.274,267.5235,92.8853
778,cnn,nsson,jetson_emulator,20,offload,0.5914905808201205,68.558,50.7517,50.7517,52.2463,28.6444,167.274,167.274,267.6652,92.9459
779,cnn,nsson,jetson_emulator,20,local,0.584125738864252,67.9573,49.6568,67.9573,69.6813,26.0129,167.274,167.274,269.3947,92.9259
780,cnn,nsson,jetson_emulator,20,local,0.5866443078224951,68.9795,49.0444,68.9795,70.6307,25.9134,167.274,167.274,269.5372,92.8843
781,cnn,nsson,jetson_emulator,20,offload,0.5893604996812672,68.4304,49.493,49.493,51.0953,28.7899,167.274,167.274,268.0903,92.894
782,cnn,nsson,jetson_emulator,20,offload,0.5832145026518101,68.4041,48.933,48.933,50.9438,28.8551,167.274,167.274,268.232,92.9943
783,cnn,nsson,jetson_emulator,20,offload,0.5843853735677995,68.1837,48.8552,48.8552,49.7913,28.8642,167.274,167.274,268.3736,92.8885
784,cnn,nsson,jetson_emulator,20,offload,0.5904551021001235,68.7391,49.8389,49.8389,50.9037,28.7498,167.274,167.274,268.5153,92.8896
785,cnn,nsson,jetson_emulator,20,offload,0.5881551571055732,68.5482,50.5426,50.5426,52.2239,28.6685,167.274,167.274,268.657,92.8542
786,cnn,nsson,jetson_emulator,20,offload,0.5854921749556602,68.8721,50.139,50.139,52.0542,28.715,167.274,167.274,268.7987,92.9394
787,cnn,nsson,jetson_emulator,20,local,0.5738686735321816,68.5167,48.9738,68.5167,70.0845,25.9584,167.274,167.274,270.5349,92.9326
788,cnn,nsson,jetson_emulator,20,offload,0.5807404581933209,68.7722,49.1695,49.1695,50.4555,28.8275,167.274,167.274,269.0821,92.8545
789,cnn,nsson,jetson_emulator,20,offload,0.5842608552017985,68.5091,49.2621,49.2621,50.3472,28.8168,167.274,167.274,269.2238,92.9241
790,cnn,nsson,jetson_emulator,20,offload,0.5786545068263016,69.0715,49.0722,49.0722,51.0123,28.8389,167.274,167.274,269.3655,93.0043
791,cnn,nsson,jetson_emulator,20,offload,0.5758326325152717,68.8122,49.9604,49.9604,51.9716,28.7357,167.274,167.274,269.5072,92.874
792,cnn,nsson,jetson_emulator,20,local,0.58037929897935,69.3187,49.498,69.3187,71.1812,25.8806,167.274,167.274,271.2475,92.9008
793,cnn,nsson,jetson_emulator,20,local,0.5814084872905095,69.6668,49.8125,69.6668,71.7924,25.8469,167.274,167.274,271.3901,92.9171
794,cnn,nsson,jetson_emulator,20,offload,0.5802483016783587,69.7238,49.352,49.352,50.8716,28.8063,167.274,167.274,269.9322,92.8865
795,cnn,nsson,jetson_emulator,20,offload,0.5820608132940498,68.9501,49.5602,49.5602,51.1651,28.7821,167.274,167.274,270.0739,92.8147
796,cnn,nsson,jetson_emulator,20,offload,0.5856999255228177,69.4478,49.6734,49.6734,51.8178,28.769,167.274,167.274,270.2156,92.8974
797,cnn,nsson,jetson_emulator,20,local,0.5877065408641048,69.4581,49.6238,69.4581,71.3268,25.8671,167.274,167.274,271.9602,92.8249
798,cnn,nsson,jetson_emulator,20,offload,0.5853280227518213,69.6899,49.5228,49.5228,51.4709,28.7864,167.274,167.274,270.499,92.8439
799,cnn,nsson,jetson_emulator,20,local,0.5977355658744313,69.7855,49.8624,69.7855,72.136,25.8355,167.274,167.274,272.2452,92.991
800,cnn,nsson,jetson_emulator,20,local,0.5883551041234658,69.4176,50.4236,69.4176,71.2338,25.871,167.274,167.274,272.3878,92.943
801,cnn,nsson,jetson_emulator,20,local,0.5904430884868975,71.1508,50.1236,71.1508,72.5057,25.7046,167.274,167.274,272.5303,92.8907
802,cnn,nsson,jetson_emulator,20,local,0.6002365753937868,70.2275,50.4545,70.2275,71.7771,25.793,167.274,167.274,272.6728,92.822
803,cnn,nsson,jetson_emulator,20,local,0.6080074702357702,70.8083,50.2091,70.8083,73.0608,25.7373,167.274,167.274,272.8154,92.9562
804,cnn,nsson,jetson_emulator,20,offload,0.6077463663409688,70.4077,50.8935,50.8935,52.0507,28.6281,167.274,167.274,271.3491,92.9125
805,cnn,nsson,jetson_emulator,20,offload,0.6062162190102919,70.2399,50.3047,50.3047,52.1119,28.6959,167.274,167.274,271.4908,92.8643
806,cnn,nsson,jetson_emulator,20,offload,0.604146373454669,69.9336,50.1722,50.1722,51.8442,28.7112,167.274,167.274,271.6325,92.8753
807,cnn,nsson,jetson_emulator,20,local,0.600989963708623,70.856,50.3552,70.856,72.8803,25.7327,167.274,167.274,273.3855,92.8762
808,cnn,nsson,jetson_emulator,20,local,0.602819939370589,70.7329,50.3878,70.7329,72.4786,25.7445,167.274,167.274,273.528,92.9254
809,cnn,nsson,jetson_emulator,20,local,0.6013990238985899,70.3987,51.5107,70.3987,71.8832,25.7765,167.274,167.274,273.6705,93.0234
810,cnn,nsson,jetson_emulator,20,local,0.5930904897149006,70.6496,51.0888,70.6496,72.7299,25.7525,167.274,167.274,273.8131,92.885
811,cnn,nsson,jetson_emulator,20,offload,0.5862391089836649,71.6967,51.2982,51.2982,53.1172,28.5817,167.274,167.274,272.3409,92.8134
812,cnn,nsson,jetson_emulator,20,offload,0.5924225985820538,70.8074,50.6646,50.6646,52.119,28.6544,167.274,167.274,272.4826,92.8859
813,cnn,nsson,jetson_emulator,20,offload,0.5903584982032624,71.3534,51.5118,51.5118,52.6479,28.5572,167.274,167.274,272.6243,92.9705
814,cnn,nsson,jetson_emulator,20,offload,0.6006113481292515,71.2165,50.7986,50.7986,52.4624,28.639,167.274,167.274,272.766,92.8843
815,cnn,nsson,jetson_emulator,20,local,0.600421839545137,71.183,51.6891,71.183,73.067,25.7015,167.274,167.274,274.5257,92.7668
816,cnn,nsson,jetson_emulator,20,local,0.6096173592725534,71.7141,51.02,71.7141,73.4836,25.651,167.274,167.274,274.6682,92.9049
817,cnn,nsson,jetson_emulator,20,local,0.6146103348915506,71.2353,51.768,71.2353,73.3263,25.6965,167.274,167.274,274.8108,92.8418
818,cnn,nsson,jetson_emulator,20,offload,0.6190483559937513,71.6736,52.6647,52.6647,55.1514,28.426,167.274,167.274,273.3327,92.9033
819,cnn,nsson,jetson_emulator,20,local,0.6214122347567788,71.3851,51.6696,71.3851,73.3498,25.6823,167.274,167.274,275.0958,93.0491
820,cnn,nsson,jetson_emulator,20,local,0.630172176049365,72.7042,51.5952,72.7042,74.181,25.5572,167.274,167.274,275.2383,92.9361
821,cnn,nsson,jetson_emulator,20,offload,0.6259360961997387,72.09,51.2712,51.2712,52.23,28.5848,167.274,167.274,273.7578,93.0
822,cnn,nsson,jetson_emulator,20,local,0.6347666037446147,72.4798,51.9549,72.4798,74.1625,25.5784,167.274,167.274,275.5234,92.9787
823,cnn,nsson,jetson_emulator,20,offload,0.6331027888594081,72.8596,51.9996,51.9996,54.011,28.5016,167.274,167.274,274.0412,92.9347
824,cnn,nsson,jetson_emulator,20,offload,0.6369390934628545,72.4012,52.6367,52.6367,55.6905,28.4292,167.274,167.274,274.1829,92.9142
825,cnn,nsson,jetson_emulator,20,local,0.6404568982709851,72.4225,52.6926,72.4225,74.1016,25.5838,167.274,167.274,275.951,92.9737
826,cnn,nsson,jetson_emulator,20,local,0.6401279012514814,72.6976,52.6122,72.6976,74.6006,25.5579,167.274,167.274,276.0935,92.9251
827,cnn,nsson,jetson_emulator,20,local,0.6467596562702438,73.7377,51.8716,73.7377,76.4283,25.4601,167.274,167.274,276.236,92.8507
828,cnn,nsson,jetson_emulator,20,local,0.6409945966791131,72.6239,51.8904,72.6239,74.4469,25.5648,167.274,167.274,276.3786,92.8573
829,cnn,nsson,jetson_emulator,20,local,0.637543241344554,73.8933,52.1804,73.8933,76.7168,25.4456,167.274,167.274,276.5211,92.9586
830,cnn,nsson,jetson_emulator,20,local,0.6359105076635782,74.0752,52.7228,74.0752,75.8193,25.4286,167.274,167.274,276.6636,92.9283
831,cnn,nsson,jetson_emulator,20,offload,0.6415072621903949,73.0774,52.7392,52.7392,54.5285,28.4176,167.274,167.274,275.1747,92.9795
832,cnn,nsson,jetson_emulator,20,local,0.6504729443156825,73.0506,53.1134,73.0506,74.7369,25.5246,167.274,167.274,276.9487,92.9315
833,cnn,nsson,jetson_emulator,20,local,0.6396237379917837,73.6079,52.9086,73.6079,74.557,25.4723,167.274,167.274,277.0912,92.9021
834,cnn,nsson,jetson_emulator,20,local,0.6455465930950411,74.1463,53.3738,74.1463,76.7587,25.422,167.274,167.274,277.2337,92.8286
835,cnn,nsson,jetson_emulator,20,offload,0.6397345297247206,74.1752,52.9202,52.9202,54.8068,28.3971,167.274,167.274,275.7414,92.8428
836,cnn,nsson,jetson_emulator,20,offload,0.6381856647268521,74.3395,53.6998,53.6998,55.8613,28.3093,167.274,167.274,275.8831,92.8234
837,cnn,nsson,jetson_emulator,20,offload,0.6460498024528152,74.6444,53.5651,53.5651,54.882,28.3244,167.274,167.274,276.0248,92.8944
838,cnn,nsson,jetson_emulator,20,offload,0.6510841241242986,74.057,52.9078,52.9078,54.4497,28.3985,167.274,167.274,276.1665,92.9932
839,cnn,nsson,jetson_emulator,20,offload,0.6500269366631896,74.41,53.4361,53.4361,54.886,28.3389,167.274,167.274,276.3082,92.8894
840,cnn,nsson,jetson_emulator,20,offload,0.6449119669004781,75.032,53.0717,53.0717,54.4977,28.38,167.274,167.274,276.4499,92.8962
841,cnn,nsson,jetson_emulator,20,offload,0.6450974174381521,74.8076,53.479,53.479,54.8934,28.3341,167.274,167.274,276.5916,92.919
842,cnn,nsson,jetson_emulator,20,local,0.6454932373963823,75.104,53.3946,75.104,76.8118,25.3329,167.274,167.274,278.374,92.9591
843,cnn,nsson,jetson_emulator,20,offload,0.6528333738271741,75.272,54.0992,54.0992,55.4606,28.2645,167.274,167.274,276.875,92.892
844,cnn,nsson,jetson_emulator,20,local,0.6508483648455506,74.9054,54.6995,74.9054,75.5279,25.3513,167.274,167.274,278.659,92.8745
845,cnn,nsson,jetson_emulator,20,offload,0.6565252480522844,75.5453,54.505,54.505,56.1149,28.2191,167.274,167.274,277.1583,92.878
846,cnn,nsson,jetson_emulator,20,offload,0.6428939800482341,75.8074,54.1718,54.1718,56.2176,28.2563,167.274,167.274,277.3,92.8452
847,cnn,nsson,jetson_emulator,20,offload,0.6464588675279007,76.0517,53.7847,53.7847,54.9452,28.2997,167.274,167.274,277.4417,92.8974
848,cnn,nsson,jetson_emulator,20,offload,0.6545376076896873,75.5767,54.6967,54.6967,56.4957,28.1977,167.274,167.274,277.5834,92.9194
849,cnn,nsson,jetson_emulator,20,offload,0.6556964477320696,75.7233,54.0899,54.0899,56.4919,28.2655,167.274,167.274,277.7251,92.9547
850,cnn,nsson,jetson_emulator,20,local,0.6483929961227831,76.2706,54.2105,76.2706,78.5823,25.2253,167.274,167.274,279.5142,92.8755
851,cnn,nsson,jetson_emulator,20,offload,0.6478176453430512,75.7903,54.3122,54.3122,56.2041,28.2406,167.274,167.274,278.0085,92.9029
852,cnn,nsson,jetson_emulator,20,local,0.6563104845777256,76.1368,54.8132,76.1368,78.0692,25.2376,167.274,167.274,279.7993,92.9978
853,cnn,nsson,jetson_emulator,20,local,0.6619013747871957,76.4878,55.2673,76.4878,78.6048,25.2053,167.274,167.274,279.9418,92.9016
854,cnn,nsson,jetson_emulator,20,offload,0.6584710303742061,76.3007,54.5589,54.5589,56.1182,28.2131,167.274,167.274,278.4335,92.8937
855,cnn,nsson,jetson_emulator,20,local,0.6555986836280844,77.7761,56.0425,77.7761,79.851,25.0877,167.274,167.274,280.2268,92.9479
856,cnn,nsson,jetson_emulator,20,offload,0.653435171110232,77.1611,54.7131,54.7131,56.176,28.1959,167.274,167.274,278.7169,92.9409
857,cnn,nsson,jetson_emulator,20,offload,0.6518297933442295,76.7753,55.2263,55.2263,57.0897,28.1388,167.274,167.274,278.8586,92.9516
858,cnn,nsson,jetson_emulator,20,local,0.6432774535387706,76.9891,56.0064,76.9891,78.9488,25.1594,167.274,167.274,280.6544,92.8348
859,cnn,nsson,jetson_emulator,20,offload,0.6490751406713633,78.4483,55.1311,55.1311,56.45,28.1494,167.274,167.274,279.142,92.8879
860,cnn,nsson,jetson_emulator,20,offload,0.6490196944819989,77.7328,55.1977,55.1977,56.2065,28.142,167.274,167.274,279.2837,92.9076
861,cnn,nsson,jetson_emulator,20,offload,0.6466091546753516,77.2699,56.9398,56.9398,58.4845,27.9499,167.274,167.274,279.4253,92.9004
862,cnn,nsson,jetson_emulator,20,offload,0.6479911793526508,77.8467,56.4819,56.4819,57.1565,28.0001,167.274,167.274,279.567,92.9883
863,cnn,nsson,jetson_emulator,20,local,0.652562049812829,78.1408,55.8893,78.1408,79.7475,25.0546,167.274,167.274,281.3671,92.9485
864,cnn,nsson,jetson_emulator,20,offload,0.6411676487010105,77.9661,56.2851,56.2851,58.2683,28.0218,167.274,167.274,279.8504,92.8609
865,cnn,nsson,jetson_emulator,20,local,0.6355496819146607,78.2134,55.7704,78.2134,79.8541,25.048,167.274,167.274,281.6521,93.0247
866,cnn,nsson,jetson_emulator,20,offload,0.6394389445945954,78.7951,56.8309,56.8309,59.3639,27.9618,167.274,167.274,280.1338,92.9481
867,cnn,nsson,jetson_emulator,20,local,0.6501174146574908,78.2735,55.8838,78.2735,79.721,25.0426,167.274,167.274,281.9372,92.8843
868,cnn,nsson,jetson_emulator,20,offload,0.640310039506265,78.4453,56.2261,56.2261,58.1254,28.0283,167.274,167.274,280.4172,93.0317
869,cnn,nsson,jetson_emulator,20,local,0.6543588737551005,78.6457,56.9181,78.6457,81.0788,25.0089,167.274,167.274,282.2222,92.9247
870,cnn,nsson,jetson_emulator,20,offload,0.6595494440544616,78.5852,57.26,57.26,58.9402,27.9149,167.274,167.274,280.7005,92.9359
871,cnn,nsson,jetson_emulator,20,local,0.656636263178852,78.788,56.4113,78.788,80.7496,24.9961,167.274,167.274,282.5073,92.9044
872,cnn,nsson,jetson_emulator,20,offload,0.6548712551082543,79.0109,56.8462,56.8462,59.547,27.9601,167.274,167.274,280.9839,92.87
873,cnn,nsson,jetson_emulator,20,local,0.6549821105697037,79.3757,57.0603,79.3757,81.52,24.9432,167.274,167.274,282.7924,92.9303
874,cnn,nsson,jetson_emulator,20,local,0.6601798624918651,80.3824,57.8756,80.3824,82.2051,24.8531,167.274,167.274,282.9349,92.9486
875,cnn,nsson,jetson_emulator,20,offload,0.6638019981210836,80.0562,57.8066,57.8066,59.7151,27.8553,167.274,167.274,281.409,92.7759
876,cnn,nsson,jetson_emulator,20,local,0.6649056574999442,79.6193,59.359,79.6193,80.9961,24.9213,167.274,167.274,283.2199,92.9303
877,cnn,nsson,jetson_emulator,20,local,0.6704913326978945,80.3274,57.1586,80.3274,82.5661,24.858,167.274,167.274,283.3625,92.8438
878,cnn,nsson,jetson_emulator,20,offload,0.6766169604699717,80.3659,58.3686,58.3686,59.8254,27.7943,167.274,167.274,281.834,92.9162
879,cnn,nsson,jetson_emulator,20,offload,0.6747856384295203,80.2458,58.866,58.866,61.7712,27.7405,167.274,167.274,281.9757,93.0263
880,cnn,nsson,jetson_emulator,20,offload,0.6752250760659807,80.6271,58.2481,58.2481,60.6919,27.8073,167.274,167.274,282.1174,92.8894
881,cnn,nsson,jetson_emulator,20,local,0.6662851806114535,80.1349,57.3216,80.1349,82.2404,24.8752,167.274,167.274,283.9326,92.952
882,cnn,nsson,jetson_emulator,20,offload,0.6647617682597131,80.3839,57.6548,57.6548,59.5264,27.8718,167.274,167.274,282.4008,92.8719
883,cnn,nsson,jetson_emulator,20,local,0.6624701515659807,80.686,58.2854,80.686,82.0071,24.826,167.274,167.274,284.2176,92.8783
884,cnn,nsson,jetson_emulator,20,offload,0.6635534121224167,80.5979,58.9991,58.9991,60.9378,27.7262,167.274,167.274,282.6842,92.9842
885,cnn,nsson,jetson_emulator,20,local,0.6677116361499535,81.4327,57.6518,81.4327,83.5468,24.7597,167.274,167.274,284.5027,92.9195
886,cnn,nsson,jetson_emulator,20,offload,0.6639294875410184,80.9288,58.1213,58.1213,60.1345,27.8211,167.274,167.274,282.9676,92.9081
887,cnn,nsson,jetson_emulator,20,offload,0.6663680652677306,80.943,60.0319,60.0319,61.1729,27.6153,167.274,167.274,283.1092,92.8555
888,cnn,nsson,jetson_emulator,20,offload,0.6675955206826042,81.3708,58.1169,58.1169,60.1208,27.8216,167.274,167.274,283.2509,92.9352
889,cnn,nsson,jetson_emulator,20,local,0.6609796750020035,81.8516,58.0162,81.8516,83.1156,24.7227,167.274,167.274,285.0728,92.9549
890,cnn,nsson,jetson_emulator,20,offload,0.6592127868828346,81.4365,58.1929,58.1929,59.5755,27.8133,167.274,167.274,283.5343,92.9253
891,cnn,nsson,jetson_emulator,20,local,0.6528304073072769,81.7421,58.7317,81.7421,83.5262,24.7324,167.274,167.274,285.3579,92.8925
892,cnn,nsson,jetson_emulator,20,offload,0.6519855821388973,81.6822,58.3317,58.3317,60.3191,27.7983,167.274,167.274,283.8177,92.9209
893,cnn,nsson,jetson_emulator,20,offload,0.6543413761496568,82.2712,59.2209,59.2209,61.1986,27.7023,167.274,167.274,283.9594,92.8663
894,cnn,nsson,jetson_emulator,20,offload,0.6540655209963152,82.7201,59.3747,59.3747,60.8328,27.6858,167.274,167.274,284.1011,92.8733
895,cnn,nsson,jetson_emulator,20,offload,0.6586677593308323,82.5855,60.1381,60.1381,61.4466,27.604,167.274,167.274,284.2427,92.9186
896,cnn,nsson,jetson_emulator,20,local,0.6681054126236566,82.6963,58.8072,82.6963,84.9295,24.6484,167.274,167.274,286.0705,92.843
897,cnn,nsson,jetson_emulator,20,offload,0.6747426401781796,82.3158,59.521,59.521,61.0248,27.6701,167.274,167.274,284.5261,92.8937
898,cnn,nsson,jetson_emulator,20,offload,0.6720271227418805,82.9607,59.61,59.61,61.9426,27.6605,167.274,167.274,284.6678,92.9114
899,cnn,nsson,jetson_emulator,20,local,0.6626445998600918,82.7716,59.2868,82.7716,85.3331,24.6418,167.274,167.274,286.4981,92.9173
900,cnn,nsson,jetson_emulator,20,offload,0.6644743657360593,82.7423,59.1995,59.1995,60.764,27.7046,167.274,167.274,284.9512,92.9676
901,cnn,nsson,jetson_emulator,20,offload,0.6612222438945815,82.6975,59.641,59.641,61.2581,27.6572,167.274,167.274,285.0929,92.8822
902,cnn,nsson,jetson_emulator,20,offload,0.6614893776070725,83.3729,59.8583,59.8583,61.3696,27.6339,167.274,167.274,285.2346,92.9288
903,cnn,nsson,jetson_emulator,20,local,0.656738327756194,82.7589,60.8226,82.7589,84.4353,24.6429,167.274,167.274,287.0682,92.8886
904,cnn,nsson,jetson_emulator,20,offload,0.6570932588414762,83.1949,59.3046,59.3046,60.8404,27.6933,167.274,167.274,285.5179,92.8492
905,cnn,nsson,jetson_emulator,20,offload,0.6625466645123971,84.1032,59.7396,59.7396,60.8892,27.6466,167.274,167.274,285.6596,92.8665
906,cnn,nsson,jetson_emulator,20,local,0.660854299661414,83.1868,59.3949,83.1868,85.1729,24.6054,167.274,167.274,287.4958,92.9306
907,cnn,nsson,jetson_emulator,20,offload,0.6678031402041712,83.3446,59.7747,59.7747,61.4742,27.6429,167.274,167.274,285.943,92.8746
908,cnn,nsson,jetson_emulator,20,local,0.6708998485888965,83.7017,59.8476,83.7017,85.9268,24.5605,167.274,167.274,287.7809,92.8436
909,cnn,nsson,jetson_emulator,20,offload,0.6706491824071362,83.9542,59.6273,59.6273,61.1864,27.6586,167.274,167.274,286.2264,92.947
910,cnn,nsson,jetson_emulator,20,offload,0.6647792217319825,83.4646,60.1021,60.1021,61.0109,27.6078,167.274,167.274,286.3681,92.9682
911,cnn,nsson,jetson_emulator,20,local,0.664618417919588,83.7003,60.5377,83.7003,85.2264,24.5606,167.274,167.274,288.2084,92.8071
912,cnn,nsson,jetson_emulator,20,offload,0.661889338688509,83.7305,59.963,59.963,61.9801,27.6227,167.274,167.274,286.6515,92.9001
913,cnn,nsson,jetson_emulator,20,local,0.6521599568168956,83.8935,59.9037,83.8935,86.0578,24.5438,167.274,167.274,288.4935,92.8757
914,cnn,nsson,jetson_emulator,20,local,0.6591545535760663,84.4017,59.8766,84.4017,86.0444,24.4997,167.274,167.274,288.636,92.9951
915,cnn,nsson,jetson_emulator,20,offload,0.6614596705343216,84.1561,60.7954,60.7954,62.8128,27.534,167.274,167.274,287.0765,92.9133
916,cnn,nsson,jetson_emulator,20,offload,0.6582347904755718,84.4313,60.2536,60.2536,61.5589,27.5917,167.274,167.274,287.2182,92.9724
917,cnn,nsson,jetson_emulator,20,offload,0.6522393904683331,85.3589,60.4684,60.4684,61.8351,27.5687,167.274,167.274,287.3599,92.873
918,cnn,nsson,jetson_emulator,20,offload,0.6504804096866783,84.32,60.5992,60.5992,61.7283,27.5548,167.274,167.274,287.5016,92.929
919,cnn,nsson,jetson_emulator,20,offload,0.6457907229400728,84.8978,61.6408,61.6408,63.5682,27.4444,167.274,167.274,287.6433,92.8762
920,cnn,nsson,jetson_emulator,20,offload,0.6416563763461322,84.3646,60.2439,60.2439,62.177,27.5927,167.274,167.274,287.785,92.8759
921,cnn,nsson,jetson_emulator,20,offload,0.6438235108171932,84.2834,60.7598,60.7598,63.7976,27.5377,167.274,167.274,287.9266,92.8604
922,cnn,nsson,jetson_emulator,20,offload,0.6377630171499037,85.0072,60.4762,60.4762,62.0704,27.5679,167.274,167.274,288.0683,92.9398
923,cnn,nsson,jetson_emulator,20,offload,0.6378246580060363,84.6756,60.5018,60.5018,62.3298,27.5652,167.274,167.274,288.21,92.9425
924,cnn,nsson,jetson_emulator,20,offload,0.6343346988200599,85.0493,61.5941,61.5941,63.3061,27.4493,167.274,167.274,288.3517,92.8272
925,cnn,nsson,jetson_emulator,20,offload,0.637988791151746,85.5147,60.4227,60.4227,62.3282,27.5736,167.274,167.274,288.4934,92.9271
926,cnn,nsson,jetson_emulator,20,offload,0.648855870108473,84.8917,61.1668,61.1668,63.2061,27.4945,167.274,167.274,288.6351,92.9444
927,cnn,nsson,jetson_emulator,20,local,0.6561297144290174,84.8527,61.1488,84.8527,86.5594,24.4607,167.274,167.274,290.4889,92.8856
928,cnn,nsson,jetson_emulator,20,offload,0.6543780805587355,85.5782,60.6585,60.6585,62.5734,27.5485,167.274,167.274,288.9185,92.8701
929,cnn,nsson,jetson_emulator,20,offload,0.6532867964610575,86.201,61.596,61.596,63.5534,27.4491,167.274,167.274,289.0602,92.8913
930,cnn,nsson,jetson_emulator,20,local,0.652070367725719,85.3497,61.8962,85.3497,87.0399,24.4178,167.274,167.274,290.9165,92.9392
931,cnn,nsson,jetson_emulator,20,local,0.6447753496089929,85.1535,61.2183,85.1535,86.8466,24.4347,167.274,167.274,291.059,92.9071
932,cnn,nsson,jetson_emulator,20,offload,0.6392235644152022,86.0116,61.3314,61.3314,63.1009,27.4771,167.274,167.274,289.4852,92.9237
933,cnn,nsson,jetson_emulator,20,offload,0.6406151852895211,85.578,61.6895,61.6895,64.0083,27.4393,167.274,167.274,289.6269,92.924
934,cnn,nsson,jetson_emulator,20,offload,0.641912336423807,85.3611,61.4545,61.4545,63.1484,27.4641,167.274,167.274,289.7686,92.8835
935,cnn,nsson,jetson_emulator,20,offload,0.6437088471837047,85.0122,61.0037,61.0037,61.8589,27.5118,167.274,167.274,289.9103,92.9666
936,cnn,nsson,jetson_emulator,20,local,0.6339384160524472,85.2105,61.1131,85.2105,86.9187,24.4298,167.274,167.274,291.7717,92.95
937,cnn,nsson,jetson_emulator,20,local,0.6353942014507625,85.2773,61.4202,85.2773,87.9628,24.424,167.274,167.274,291.9142,92.9394
938,cnn,nsson,jetson_emulator,20,offload,0.6487584982428005,85.3013,61.3694,61.3694,63.2118,27.4731,167.274,167.274,290.3354,92.9068
939,cnn,nsson,jetson_emulator,20,offload,0.6398383091877758,85.2649,60.985,60.985,61.9628,27.5138,167.274,167.274,290.477,92.8583
940,cnn,nsson,jetson_emulator,20,local,0.6462810300601257,85.9824,61.4176,85.9824,87.9047,24.3635,167.274,167.274,292.3418,92.8814
941,cnn,nsson,jetson_emulator,20,offload,0.6439949782688383,85.1951,62.0298,62.0298,63.2467,27.4034,167.274,167.274,290.7604,92.8822
942,cnn,nsson,jetson_emulator,20,offload,0.6447722452338903,85.0929,62.5416,62.5416,64.7447,27.3496,167.274,167.274,290.9021,92.8565
943,cnn,nsson,jetson_emulator,20,local,0.6437571430020308,85.1766,62.0796,85.1766,85.7048,24.4327,167.274,167.274,292.7694,92.9045
944,cnn,nsson,jetson_emulator,20,offload,0.6409425271472399,85.2831,61.721,61.721,64.1516,27.4359,167.274,167.274,291.1855,92.9088
945,cnn,nsson,jetson_emulator,20,offload,0.6428033296319007,85.2965,61.233,61.233,61.7809,27.4875,167.274,167.274,291.3272,92.8833
946,cnn,nsson,jetson_emulator,20,local,0.6394576258217181,85.4919,61.0081,85.4919,87.0381,24.4056,167.274,167.274,293.1969,92.9513
947,cnn,nsson,jetson_emulator,20,offload,0.6355192528056725,85.2724,61.7193,61.7193,63.0916,27.4361,167.274,167.274,291.6105,92.8894
948,cnn,nsson,jetson_emulator,20,offload,0.6427984156105226,86.034,62.3857,62.3857,64.398,27.366,167.274,167.274,291.7522,92.8887
949,cnn,nsson,jetson_emulator,20,local,0.6366113260561493,85.3738,61.1106,85.3738,86.9939,24.4157,167.274,167.274,293.6245,92.8674
950,cnn,nsson,jetson_emulator,20,offload,0.6257233549596418,85.3506,61.8315,61.8315,63.3471,27.4243,167.274,167.274,292.0356,92.9081
951,cnn,nsson,jetson_emulator,20,local,0.6155102432838707,85.4937,60.9665,85.4937,87.3915,24.4054,167.274,167.274,293.9096,92.9403
952,cnn,nsson,jetson_emulator,20,local,0.6251159615479203,85.4127,61.0875,85.4127,87.1188,24.4124,167.274,167.274,294.0521,92.9156
953,cnn,nsson,jetson_emulator,20,offload,0.6301499389157643,85.3786,61.8273,61.8273,63.6122,27.4247,167.274,167.274,292.4607,92.7971
954,cnn,nsson,jetson_emulator,20,local,0.6211535496048977,85.3509,61.0291,85.3509,86.8634,24.4177,167.274,167.274,294.3372,92.9004
955,cnn,nsson,jetson_emulator,20,offload,0.6195012455856719,85.9683,61.2231,61.2231,62.9483,27.4886,167.274,167.274,292.7441,92.8721
956,cnn,nsson,jetson_emulator,20,local,0.6131528584905894,85.4434,61.6852,85.4434,87.2303,24.4097,167.274,167.274,294.6222,92.9896
957,cnn,nsson,jetson_emulator,20,offload,0.6174233386018461,85.4595,61.4502,61.4502,63.1923,27.4645,167.274,167.274,293.0274,92.9145
958,cnn,nsson,jetson_emulator,20,offload,0.6119816270024123,85.6958,61.798,61.798,63.5768,27.4278,167.274,167.274,293.1691,92.9497
959,cnn,nsson,jetson_emulator,20,offload,0.6156075589084334,85.7274,62.281,62.281,64.2519,27.377,167.274,167.274,293.3108,93.0037
960,cnn,nsson,jetson_emulator,20,offload,0.6139068270201311,86.0782,62.0702,62.0702,64.4748,27.3991,167.274,167.274,293.4525,92.9044
961,cnn,nsson,jetson_emulator,20,offload,0.6153225237086488,86.4166,61.3286,61.3286,63.7668,27.4774,167.274,167.274,293.5942,92.8686
962,cnn,nsson,jetson_emulator,20,offload,0.6225682105735647,86.0047,61.4077,61.4077,62.1387,27.469,167.274,167.274,293.7359,92.9237
963,cnn,nsson,jetson_emulator,20,offload,0.6267347379678225,85.5438,61.0579,61.0579,61.8958,27.5061,167.274,167.274,293.8776,92.8469
964,cnn,nsson,jetson_emulator,20,offload,0.6291189395708416,85.5853,61.3407,61.3407,63.5733,27.4761,167.274,167.274,294.0193,93.0186
965,cnn,nsson,jetson_emulator,20,offload,0.6385877183769899,85.4251,60.8617,60.8617,62.6218,27.5269,167.274,167.274,294.1609,92.8869
966,cnn,nsson,jetson_emulator,20,local,0.6427102750422089,85.484,61.2314,85.484,87.4615,24.4063,167.274,167.274,296.0475,92.9232
967,cnn,nsson,jetson_emulator,20,local,0.6369265165394017,85.2362,62.4048,85.2362,87.6928,24.4276,167.274,167.274,296.19,92.9024
968,cnn,nsson,jetson_emulator,20,offload,0.6449145837712994,85.6165,61.5307,61.5307,63.1153,27.456,167.274,167.274,294.586,92.9168
969,cnn,nsson,jetson_emulator,20,offload,0.6498501844170703,85.0339,62.0691,62.0691,63.1031,27.3993,167.274,167.274,294.7277,92.9246
970,cnn,nsson,jetson_emulator,20,local,0.6452657833629328,85.3665,60.8233,85.3665,87.3996,24.4164,167.274,167.274,296.6176,92.9237
971,cnn,nsson,jetson_emulator,20,offload,0.644135706900646,86.257,60.8966,60.8966,62.2048,27.5232,167.274,167.274,295.0111,92.8652
972,cnn,nsson,jetson_emulator,20,offload,0.6355155667728388,85.2256,62.0001,62.0001,63.9656,27.4065,167.274,167.274,295.1528,92.9095
973,cnn,nsson,jetson_emulator,20,local,0.6243542887931998,85.1501,61.044,85.1501,87.7281,24.435,167.274,167.274,297.0452,92.9152
974,cnn,nsson,jetson_emulator,20,local,0.6228577638626602,84.9478,62.0514,84.9478,86.4077,24.4525,167.274,167.274,297.1877,92.9355
975,cnn,nsson,jetson_emulator,20,local,0.6310818379246435,85.1235,61.0563,85.1235,86.3012,24.4373,167.274,167.274,297.3303,92.9335
976,cnn,nsson,jetson_emulator,20,offload,0.625534129838714,84.9206,62.0138,62.0138,63.6121,27.4051,167.274,167.274,295.7195,92.8807
977,cnn,nsson,jetson_emulator,20,offload,0.6147107992170859,85.9661,60.9066,60.9066,63.684,27.5221,167.274,167.274,295.8612,92.8891
978,cnn,nsson,jetson_emulator,20,offload,0.6146358452308965,85.0309,61.0612,61.0612,63.1559,27.5057,167.274,167.274,296.0029,92.9953
979,cnn,nsson,jetson_emulator,20,offload,0.620277426813983,85.0451,61.4812,61.4812,63.1614,27.4613,167.274,167.274,296.1446,92.9093
980,cnn,nsson,jetson_emulator,20,offload,0.635390663128285,85.2358,61.0394,61.0394,62.2646,27.508,167.274,167.274,296.2863,92.915
981,cnn,nsson,jetson_emulator,20,local,0.6411717995179264,85.4141,60.9941,85.4141,86.5877,24.4123,167.274,167.274,298.1854,92.8903
982,cnn,nsson,jetson_emulator,20,local,0.6404998966233985,85.7932,60.7198,85.7932,87.0367,24.3797,167.274,167.274,298.328,92.955
983,cnn,nsson,jetson_emulator,20,offload,0.6356342626710023,85.4584,60.8871,60.8871,62.7293,27.5242,167.274,167.274,296.7113,92.9296
984,cnn,nsson,jetson_emulator,20,offload,0.6230907307381693,85.0465,61.8242,61.8242,63.435,27.425,167.274,167.274,296.853,92.8281
985,cnn,nsson,jetson_emulator,20,offload,0.6176693608757785,84.7166,61.0299,61.0299,63.0636,27.509,167.274,167.274,296.9947,92.8876
986,cnn,nsson,jetson_emulator,20,offload,0.6144669869342169,85.1384,60.4825,60.4825,62.423,27.5672,167.274,167.274,297.1364,92.8886
987,cnn,nsson,jetson_emulator,20,local,0.6170042311352943,84.5925,60.6691,84.5925,86.4353,24.4832,167.274,167.274,299.0406,92.8352
988,cnn,nsson,jetson_emulator,20,offload,0.6267203221304535,84.7167,61.2389,61.2389,62.7425,27.4869,167.274,167.274,297.4198,92.8288
989,cnn,nsson,jetson_emulator,20,offload,0.6247239394732123,85.2848,60.5318,60.5318,62.0973,27.562,167.274,167.274,297.5615,92.9889
990,cnn,nsson,jetson_emulator,20,offload,0.6283745700921712,84.7989,60.635,60.635,62.9206,27.551,167.274,167.274,297.7032,92.9358
991,cnn,nsson,jetson_emulator,20,local,0.6377232991543937,84.5958,61.1435,84.5958,86.4581,24.4829,167.274,167.274,299.6107,92.8711
992,cnn,nsson,jetson_emulator,20,local,0.6455963191134064,84.2691,61.4486,84.2691,85.8785,24.5112,167.274,167.274,299.7532,92.9349
993,cnn,nsson,jetson_emulator,20,offload,0.6616800038576051,84.9037,60.4651,60.4651,62.1149,27.5691,167.274,167.274,298.1282,92.9547
994,cnn,nsson,jetson_emulator,20,offload,0.6608897617757943,84.4837,60.4121,60.4121,61.9533,27.5747,167.274,167.274,298.2699,93.0268
995,cnn,nsson,jetson_emulator,20,offload,0.6527493157057292,84.6035,60.6425,60.6425,62.6492,27.5502,167.274,167.274,298.4116,92.8833
996,cnn,nsson,jetson_emulator,20,offload,0.6467216823556495,84.2544,60.4502,60.4502,61.7244,27.5707,167.274,167.274,298.5533,92.8869
997,cnn,nsson,jetson_emulator,20,local,0.6485647045518881,84.3054,60.3199,84.3054,85.1315,24.508,167.274,167.274,300.4659,92.8803
998,cnn,nsson,jetson_emulator,20,local,0.6409526296672134,84.1545,61.2813,84.1545,87.0369,24.5211,167.274,167.274,300.6084,92.9286
999,cnn,nsson,jetson_emulator,20,offload,0.6441886892376015,84.1829,60.4298,60.4298,62.4536,27.5729,167.274,167.274,298.9783,92.8176
1000,cnn,nsson,jetson_emulator,20,offload,0.6383763328791292,84.4563,60.7559,60.7559,62.4959,27.5381,167.274,167.274,299.12,92.795
1001,cnn,nsson,jetson_emulator,20,local,0.6275750307196296,84.209,61.2272,84.209,85.7287,24.5164,167.274,167.274,301.036,92.8959
1002,cnn,nsson,jetson_emulator,20,local,0.6094761818950897,84.6912,60.1227,84.6912,86.8965,24.4746,167.274,167.274,301.1785,92.9293
1003,cnn,nsson,jetson_emulator,20,offload,0.6081300403653462,84.1017,60.0498,60.0498,62.439,27.6134,167.274,167.274,299.5451,92.9032
1004,cnn,nsson,jetson_emulator,20,local,0.6062491666135371,84.0942,60.2521,84.0942,86.092,24.5264,167.274,167.274,301.4636,92.9059
1005,cnn,nsson,jetson_emulator,20,offload,0.6003923223086156,84.1519,60.7544,60.7544,62.9895,27.5383,167.274,167.274,299.8285,92.8711
1006,cnn,nsson,jetson_emulator,20,local,0.6072430606729007,83.6768,60.1799,83.6768,85.1278,24.5627,167.274,167.274,301.7486,92.857
1007,cnn,nsson,jetson_emulator,20,local,0.593930863400548,84.0003,60.4482,84.0003,85.5887,24.5345,167.274,167.274,301.8912,92.8905
1008,cnn,nsson,jetson_emulator,20,offload,0.5894185191983762,84.436,60.2705,60.2705,62.0667,27.5898,167.274,167.274,300.2535,92.9103
1009,cnn,nsson,jetson_emulator,20,offload,0.5931929722419671,83.9339,62.4155,62.4155,64.4,27.3628,167.274,167.274,300.3952,92.9366
1010,cnn,nsson,jetson_emulator,20,offload,0.586282939400853,84.8855,60.3155,60.3155,62.1262,27.585,167.274,167.274,300.5369,92.8376
1011,cnn,nsson,jetson_emulator,20,offload,0.5889784686829722,83.7416,60.0214,60.0214,62.0743,27.6165,167.274,167.274,300.6786,92.901
1012,cnn,nsson,jetson_emulator,20,offload,0.5850292620399599,84.0262,60.6424,60.6424,62.2572,27.5502,167.274,167.274,300.8203,92.9722
1013,cnn,nsson,jetson_emulator,20,local,0.5890343732335214,83.8427,61.276,83.8427,85.5349,24.5482,167.274,167.274,302.7463,92.9095
1014,cnn,nsson,jetson_emulator,20,offload,0.585882731915617,83.7244,61.0778,61.0778,62.5481,27.504,167.274,167.274,301.1037,92.8814
1015,cnn,nsson,jetson_emulator,20,offload,0.5764132579443453,83.8774,59.6894,59.6894,61.1179,27.652,167.274,167.274,301.2454,92.9449
1016,cnn,nsson,jetson_emulator,20,local,0.5753922314902977,84.1778,59.9461,84.1778,85.3634,24.5191,167.274,167.274,303.1739,92.9625
1017,cnn,nsson,jetson_emulator,20,local,0.5808080829560966,83.521,59.6096,83.521,84.6043,24.5763,167.274,167.274,303.3165,92.9876
1018,cnn,nsson,jetson_emulator,20,local,0.585308267722817,83.7389,59.923,83.7389,86.1193,24.5573,167.274,167.274,303.459,92.9467
1019,cnn,nsson,jetson_emulator,20,offload,0.5961549194085034,83.2911,60.5435,60.5435,61.8496,27.5607,167.274,167.274,301.8121,92.9591
1020,cnn,nsson,jetson_emulator,20,local,0.5906852410264278,84.1039,60.0134,84.1039,85.8845,24.5255,167.274,167.274,303.744,92.9124
1021,cnn,nsson,jetson_emulator,20,offload,0.596553363437759,83.9829,60.255,60.255,61.6754,27.5915,167.274,167.274,302.0955,92.7966
1022,cnn,nsson,jetson_emulator,20,offload,0.603626701301589,83.1067,59.6146,59.6146,61.9038,27.66,167.274,167.274,302.2372,92.8864
1023,cnn,nsson,jetson_emulator,20,offload,0.5952833061561874,83.4593,61.9292,61.9292,63.7309,27.414,167.274,167.274,302.3789,92.8994
1024,cnn,nsson,jetson_emulator,20,offload,0.5957251866311307,83.8386,60.0756,60.0756,62.402,27.6107,167.274,167.274,302.5206,92.7849
1025,cnn,nsson,jetson_emulator,20,local,0.6003492292396003,84.1637,59.4321,84.1637,86.3225,24.5203,167.274,167.274,304.4567,92.8288
1026,cnn,nsson,jetson_emulator,20,offload,0.6052465241464411,83.9378,60.93,60.93,62.6303,27.5196,167.274,167.274,302.8039,92.822
1027,cnn,nsson,jetson_emulator,20,local,0.598614713099873,83.1049,59.684,83.1049,84.5151,24.6126,167.274,167.274,304.7417,92.9346
1028,cnn,nsson,jetson_emulator,20,local,0.5926123656129236,83.2248,59.6478,83.2248,85.3195,24.6021,167.274,167.274,304.8843,92.9715
1029,cnn,nsson,jetson_emulator,20,offload,0.5945019892930016,84.1165,60.1266,60.1266,62.5132,27.6052,167.274,167.274,303.229,92.8883
1030,cnn,nsson,jetson_emulator,20,local,0.5931783036747724,83.767,59.5945,83.767,85.2228,24.5548,167.274,167.274,305.1693,92.9497
1031,cnn,nsson,jetson_emulator,20,offload,0.5967174882383649,83.8074,60.6475,60.6475,62.7478,27.5497,167.274,167.274,303.5124,92.8755
1032,cnn,nsson,jetson_emulator,20,offload,0.6041637779333603,84.7397,60.2241,60.2241,61.3295,27.5948,167.274,167.274,303.6541,92.8352
1033,cnn,nsson,jetson_emulator,20,local,0.6066456891061125,83.8516,59.4551,83.8516,86.1028,24.5475,167.274,167.274,305.5969,92.9183
1034,cnn,nsson,jetson_emulator,20,local,0.6109945853889666,83.3438,59.6895,83.3438,85.4032,24.5917,167.274,167.274,305.7394,92.9256
1035,cnn,nsson,jetson_emulator,20,local,0.6114801791666457,83.0172,60.8623,83.0172,84.6398,24.6203,167.274,167.274,305.882,92.8896
1036,cnn,nsson,jetson_emulator,20,local,0.6085158856851035,83.9286,59.7956,83.9286,85.5939,24.5408,167.274,167.274,306.0245,92.8754
1037,cnn,nsson,jetson_emulator,20,offload,0.6072272810044363,83.2638,59.9733,59.9733,61.7906,27.6216,167.274,167.274,304.3625,92.8422
1038,cnn,nsson,jetson_emulator,20,local,0.6026385325442134,83.1917,60.1773,83.1917,85.0835,24.605,167.274,167.274,306.3096,92.9379
1039,cnn,nsson,jetson_emulator,20,local,0.604312734494894,82.949,59.2581,82.949,84.69,24.6263,167.274,167.274,306.4521,92.8918
1040,cnn,nsson,jetson_emulator,20,offload,0.6075361625097861,82.956,59.1782,59.1782,60.7964,27.7069,167.274,167.274,304.7876,92.8294
1041,cnn,nsson,jetson_emulator,20,local,0.6062053164158244,82.8472,59.8104,82.8472,84.2076,24.6352,167.274,167.274,306.7371,92.9298
1042,cnn,nsson,jetson_emulator,20,offload,0.6056775552185516,83.0101,60.0213,60.0213,62.6466,27.6165,167.274,167.274,305.071,92.9152
1043,cnn,nsson,jetson_emulator,20,offload,0.6092832276453606,82.8059,59.2503,59.2503,60.5424,27.6991,167.274,167.274,305.2126,92.8766
1044,cnn,nsson,jetson_emulator,20,offload,0.6100659647275376,83.0492,60.3802,60.3802,62.3235,27.5781,167.274,167.274,305.3543,92.9225
1045,cnn,nsson,jetson_emulator,20,offload,0.6071924183459478,83.3797,59.5473,59.5473,61.3963,27.6672,167.274,167.274,305.496,92.9689
1046,cnn,nsson,jetson_emulator,20,offload,0.60222512457665,83.7876,59.8358,59.8358,60.8521,27.6363,167.274,167.274,305.6377,92.8582
1047,cnn,nsson,jetson_emulator,20,local,0.5887729380813745,82.7194,60.5683,82.7194,84.3157,24.6464,167.274,167.274,307.5923,92.8631
1048,cnn,nsson,jetson_emulator,20,local,0.5895712344025784,83.4096,59.2995,83.4096,85.237,24.586,167.274,167.274,307.7348,92.8508
1049,cnn,nsson,jetson_emulator,20,local,0.587923605445147,83.8368,60.6673,83.8368,85.5449,24.5488,167.274,167.274,307.8774,92.8402
1050,cnn,nsson,jetson_emulator,20,local,0.5910143588418876,83.5962,59.1886,83.5962,85.1075,24.5697,167.274,167.274,308.0199,92.9543
1051,cnn,nsson,jetson_emulator,20,offload,0.5870854742171826,83.7656,59.2345,59.2345,61.2145,27.7008,167.274,167.274,306.3461,92.9005
1052,cnn,nsson,jetson_emulator,20,offload,0.5805078501917871,83.4058,60.418,60.418,61.8279,27.5741,167.274,167.274,306.4878,92.872
1053,cnn,nsson,jetson_emulator,20,offload,0.5866357351437056,83.2123,59.5411,59.5411,61.2392,27.6679,167.274,167.274,306.6295,92.8982
1054,cnn,nsson,jetson_emulator,20,offload,0.5873432929177739,83.6317,59.491,59.491,60.9649,27.6733,167.274,167.274,306.7712,92.9499
1055,cnn,nsson,jetson_emulator,20,local,0.5880685272279105,82.6843,59.8193,82.6843,84.5277,24.6495,167.274,167.274,308.7325,92.9931
1056,cnn,nsson,jetson_emulator,20,local,0.587411411952104,83.9177,59.5267,83.9177,85.8422,24.5417,167.274,167.274,308.8751,92.9015
1057,cnn,nsson,jetson_emulator,20,local,0.5842447972821898,83.959,59.1793,83.959,86.278,24.5381,167.274,167.274,309.0176,92.9397
1058,cnn,nsson,jetson_emulator,20,offload,0.585618913512278,83.556,60.2429,60.2429,61.3433,27.5928,167.274,167.274,307.338,92.9849
1059,cnn,nsson,jetson_emulator,20,local,0.5852379311665993,83.3725,60.1624,83.3725,85.0302,24.5892,167.274,167.274,309.3027,92.9336
1060,cnn,nsson,jetson_emulator,20,local,0.5823196417163037,82.9883,59.6767,82.9883,85.3095,24.6228,167.274,167.274,309.4452,92.9324
1061,cnn,nsson,jetson_emulator,20,local,0.5900894340648225,82.9023,59.3752,82.9023,84.5857,24.6303,167.274,167.274,309.5877,92.8583
1062,cnn,nsson,jetson_emulator,20,local,0.5937270795736477,83.1224,59.6945,83.1224,85.6489,24.6111,167.274,167.274,309.7302,92.8918
1063,cnn,nsson,jetson_emulator,20,offload,0.6007169349430275,83.0242,59.5793,59.5793,61.7778,27.6638,167.274,167.274,308.0464,92.904
1064,cnn,nsson,jetson_emulator,20,local,0.5982024753299023,83.2079,59.6288,83.2079,85.0316,24.6036,167.274,167.274,310.0153,92.8257
1065,cnn,nsson,jetson_emulator,20,local,0.6079862883957258,83.7209,59.3049,83.7209,84.4689,24.5588,167.274,167.274,310.1578,92.8902
1066,cnn,nsson,jetson_emulator,20,local,0.617593344096492,83.5794,59.5353,83.5794,85.6372,24.5712,167.274,167.274,310.3004,93.0249
1067,cnn,nsson,jetson_emulator,20,local,0.6191605995683258,83.5651,59.5154,83.5651,85.8238,24.5724,167.274,167.274,310.4429,92.8371
1068,cnn,nsson,jetson_emulator,20,local,0.6194589170466633,83.0869,60.4055,83.0869,85.1863,24.6142,167.274,167.274,310.5854,92.8756
1069,cnn,nsson,jetson_emulator,20,offload,0.6282063679534251,83.3362,59.5219,59.5219,61.1206,27.67,167.274,167.274,308.8965,92.9345
1070,cnn,nsson,jetson_emulator,20,offload,0.6468978174197773,83.8977,60.4639,60.4639,62.4974,27.5692,167.274,167.274,309.0382,92.9542
1071,cnn,nsson,jetson_emulator,20,offload,0.6397243206245995,84.0386,60.2717,60.2717,62.3205,27.5897,167.274,167.274,309.1799,92.8599
1072,cnn,nsson,jetson_emulator,20,offload,0.6293609845429629,83.2332,60.243,60.243,62.2872,27.5928,167.274,167.274,309.3216,92.8907
1073,cnn,nsson,jetson_emulator,20,offload,0.6270419664879622,83.6284,61.5774,61.5774,62.901,27.4511,167.274,167.274,309.4633,92.9159
1074,cnn,nsson,jetson_emulator,20,local,0.629899898215585,83.7063,60.5809,83.7063,85.5981,24.5601,167.274,167.274,311.4406,92.816
1075,cnn,nsson,jetson_emulator,20,local,0.6255989359488435,83.41,60.8196,83.41,84.6031,24.5859,167.274,167.274,311.5831,92.8955
1076,cnn,nsson,jetson_emulator,20,local,0.6315618837607334,83.555,59.7158,83.555,85.6185,24.5733,167.274,167.274,311.7256,92.9389
1077,cnn,nsson,jetson_emulator,20,offload,0.6285808704006011,83.49,60.7245,60.7245,62.4924,27.5415,167.274,167.274,310.03,92.8539
1078,cnn,nsson,jetson_emulator,20,offload,0.6395949369627334,83.7133,59.9099,59.9099,62.3702,27.6284,167.274,167.274,310.1717,92.9271
1079,cnn,nsson,jetson_emulator,20,local,0.6309226985253352,83.963,60.6988,83.963,86.3733,24.5378,167.274,167.274,312.1532,92.9391
1080,cnn,nsson,jetson_emulator,20,offload,0.6374827600360798,84.193,59.9409,59.9409,62.0981,27.6251,167.274,167.274,310.4551,92.8771
1081,cnn,nsson,jetson_emulator,20,offload,0.6423292161967803,84.7145,61.8093,61.8093,63.4997,27.4266,167.274,167.274,310.5968,92.8909
1082,cnn,nsson,jetson_emulator,20,offload,0.6404819747276347,83.9492,61.1488,61.1488,62.4003,27.4964,167.274,167.274,310.7385,92.8228
1083,cnn,nsson,jetson_emulator,20,offload,0.6409555600730422,84.3348,61.7706,61.7706,63.1081,27.4307,167.274,167.274,310.8802,92.938
1084,cnn,nsson,jetson_emulator,20,offload,0.6350377557905432,84.3584,60.2308,60.2308,62.4936,27.5941,167.274,167.274,311.0219,92.8849
1085,cnn,nsson,jetson_emulator,20,local,0.6385755310971281,84.3989,60.3949,84.3989,86.1398,24.4999,167.274,167.274,313.0084,92.9552
1086,cnn,nsson,jetson_emulator,20,offload,0.6378625114105504,85.0994,60.5761,60.5761,62.8332,27.5573,167.274,167.274,311.3052,92.9413
1087,cnn,nsson,jetson_emulator,20,local,0.6357996799425378,84.7864,60.745,84.7864,86.2611,24.4664,167.274,167.274,313.2935,92.8947
1088,cnn,nsson,jetson_emulator,20,local,0.6306231015224523,84.2891,60.2821,84.2891,85.7078,24.5095,167.274,167.274,313.436,92.8961
1089,cnn,nsson,jetson_emulator,20,local,0.6273684628823528,84.5987,60.5848,84.5987,85.9443,24.4826,167.274,167.274,313.5785,92.8089
1090,cnn,nsson,jetson_emulator,20,offload,0.6307182507029238,84.6566,60.7177,60.7177,62.6788,27.5422,167.274,167.274,311.872,92.8631
1091,cnn,nsson,jetson_emulator,20,local,0.6372268834366182,84.6619,60.4154,84.6619,85.8899,24.4772,167.274,167.274,313.8636,92.8533
1092,cnn,nsson,jetson_emulator,20,offload,0.6396468846722969,85.5123,60.5075,60.5075,61.1007,27.5646,167.274,167.274,312.1554,92.8555
1093,cnn,nsson,jetson_emulator,20,offload,0.647499034362911,85.0581,61.7082,61.7082,62.7063,27.4373,167.274,167.274,312.2971,92.9225
1094,cnn,nsson,jetson_emulator,20,offload,0.6480080174698634,85.1868,60.6248,60.6248,62.0349,27.5521,167.274,167.274,312.4387,92.9323
1095,cnn,nsson,jetson_emulator,20,offload,0.6488642015120899,84.6334,60.944,60.944,62.4724,27.5182,167.274,167.274,312.5804,92.9571
1096,cnn,nsson,jetson_emulator,20,local,0.6472494602086519,85.3593,61.5122,85.3593,86.4982,24.417,167.274,167.274,314.5762,92.8834
1097,cnn,nsson,jetson_emulator,20,local,0.6571210386359965,85.361,62.0626,85.361,87.1668,24.4168,167.274,167.274,314.7187,92.9642
1098,cnn,nsson,jetson_emulator,20,local,0.6546406976454333,84.9278,61.1905,84.9278,87.1596,24.4542,167.274,167.274,314.8613,92.9313
1099,cnn,nsson,jetson_emulator,20,local,0.6554056706928164,85.1739,62.1631,85.1739,87.4791,24.433,167.274,167.274,315.0038,92.9417
1100,cnn,nsson,jetson_emulator,20,offload,0.6579053583742963,85.2902,60.9733,60.9733,63.2488,27.5151,167.274,167.274,313.2889,92.9336
1101,cnn,nsson,jetson_emulator,20,local,0.6548580910915441,86.0305,61.4504,86.0305,88.4577,24.3593,167.274,167.274,315.2889,92.932
1102,cnn,nsson,jetson_emulator,20,offload,0.6666466769030088,85.6837,62.5106,62.5106,63.9333,27.3529,167.274,167.274,313.5723,92.916
1103,cnn,nsson,jetson_emulator,20,offload,0.6640214056844344,85.3627,61.8728,61.8728,63.904,27.4199,167.274,167.274,313.7139,92.9569
1104,cnn,nsson,jetson_emulator,20,offload,0.6717502156405153,86.1706,61.6762,61.6762,63.5783,27.4407,167.274,167.274,313.8556,92.9019
1105,cnn,nsson,jetson_emulator,20,local,0.6715778238486033,86.0949,61.5977,86.0949,87.5714,24.3538,167.274,167.274,315.859,92.8391
1106,cnn,nsson,jetson_emulator,20,offload,0.6711815002625237,85.6716,61.4212,61.4212,64.1264,27.4676,167.274,167.274,314.139,92.8978
1107,cnn,nsson,jetson_emulator,20,local,0.6708521161929669,86.0803,61.8922,86.0803,87.2803,24.3551,167.274,167.274,316.144,92.9181
1108,cnn,nsson,jetson_emulator,20,local,0.6734058396998431,86.0582,62.4481,86.0582,88.1136,24.357,167.274,167.274,316.2866,92.896
1109,cnn,nsson,jetson_emulator,20,offload,0.6690416259989675,87.4428,61.6187,61.6187,64.0802,27.4467,167.274,167.274,314.5641,92.8448
1110,cnn,nsson,jetson_emulator,20,local,0.6761538887999217,86.5689,61.6617,86.5689,88.1252,24.3133,167.274,167.274,316.5716,92.8865
1111,cnn,nsson,jetson_emulator,20,local,0.68,86.4854,61.5658,86.4854,88.1543,24.3204,167.274,167.274,316.7141,92.8204
1112,cnn,nsson,jetson_emulator,20,local,0.68,86.766,62.1433,86.766,88.0833,24.2965,167.274,167.274,316.8567,92.8515
1113,cnn,nsson,jetson_emulator,20,local,0.67869145385606,86.8358,62.3326,86.8358,88.942,24.2905,167.274,167.274,316.9992,92.9343
1114,cnn,nsson,jetson_emulator,20,offload,0.673793916677714,86.2821,62.2205,62.2205,64.5417,27.3833,167.274,167.274,315.2725,92.9155
1115,cnn,nsson,jetson_emulator,20,local,0.6760448030786015,87.0073,62.8649,87.0073,89.604,24.2759,167.274,167.274,317.2843,92.7937
1116,cnn,nsson,jetson_emulator,20,local,0.68,86.8414,62.0289,86.8414,87.7336,24.2901,167.274,167.274,317.4268,92.9346
1117,cnn,nsson,jetson_emulator,20,offload,0.6745637399568439,87.2295,62.3232,62.3232,64.7881,27.3725,167.274,167.274,315.6976,92.8746
1118,cnn,nsson,jetson_emulator,20,offload,0.6697956676320794,86.8735,62.952,62.952,65.1447,27.3066,167.274,167.274,315.8393,92.826
1119,cnn,nsson,jetson_emulator,20,local,0.6636492931340985,87.5603,62.9454,87.5603,89.9254,24.229,167.274,167.274,317.8544,92.8901
1120,cnn,nsson,jetson_emulator,20,offload,0.6564452130816967,87.1933,62.9717,62.9717,64.631,27.3046,167.274,167.274,316.1226,92.9177
1121,cnn,nsson,jetson_emulator,20,offload,0.6588059523269894,87.7201,62.8269,62.8269,64.7114,27.3197,167.274,167.274,316.2643,92.8685
1122,cnn,nsson,jetson_emulator,20,local,0.652891974537424,87.1701,62.3144,87.1701,88.1297,24.2621,167.274,167.274,318.282,93.0102
1123,cnn,nsson,jetson_emulator,20,local,0.6627311592845803,87.5318,62.3804,87.5318,89.2517,24.2314,167.274,167.274,318.4245,92.8615
1124,cnn,nsson,jetson_emulator,20,local,0.6517817138719294,87.9604,63.5144,87.9604,90.0362,24.1951,167.274,167.274,318.567,92.9951
1125,cnn,nsson,jetson_emulator,20,offload,0.6514212867580601,87.5756,62.582,62.582,64.2366,27.3454,167.274,167.274,316.8311,92.8834
1126,cnn,nsson,jetson_emulator,20,offload,0.6433980694969891,88.1762,62.7939,62.7939,64.6927,27.3232,167.274,167.274,316.9728,92.8748
1127,cnn,nsson,jetson_emulator,20,offload,0.6385213728984409,88.2305,63.1086,63.1086,64.5486,27.2903,167.274,167.274,317.1145,92.902
1128,cnn,nsson,jetson_emulator,20,offload,0.6339314879302992,88.6432,63.2816,63.2816,65.1754,27.2722,167.274,167.274,317.2562,92.8856
1129,cnn,nsson,jetson_emulator,20,local,0.6393749808056357,88.2867,63.4783,88.2867,90.5665,24.1676,167.274,167.274,319.2796,92.8994
1130,cnn,nsson,jetson_emulator,20,offload,0.6419577663103032,88.3803,64.1043,64.1043,66.0566,27.1867,167.274,167.274,317.5395,92.9627
1131,cnn,nsson,jetson_emulator,20,offload,0.6432367387330451,88.9557,63.9242,63.9242,66.0337,27.2054,167.274,167.274,317.6812,92.897
1132,cnn,nsson,jetson_emulator,20,offload,0.6397377236966505,88.4568,64.2099,64.2099,66.3146,27.1758,167.274,167.274,317.8229,92.8619
1133,cnn,nsson,jetson_emulator,20,local,0.6490702206821376,88.4854,64.054,88.4854,89.9908,24.1508,167.274,167.274,319.8498,92.9049
1134,cnn,nsson,jetson_emulator,20,offload,0.6533277706545755,88.8548,63.7337,63.7337,66.0159,27.2252,167.274,167.274,318.1063,92.9254
1135,cnn,nsson,jetson_emulator,20,offload,0.6574086455072637,89.5818,63.8797,63.8797,66.0811,27.21,167.274,167.274,318.248,92.8881
1136,cnn,nsson,jetson_emulator,20,local,0.6512382820172576,89.4648,63.6874,89.4648,90.614,24.0686,167.274,167.274,320.2773,92.8771
1137,cnn,nsson,jetson_emulator,20,local,0.6412616953157178,89.3027,64.165,89.3027,91.707,24.0822,167.274,167.274,320.4199,92.8942
1138,cnn,nsson,jetson_emulator,20,offload,0.6369980664522588,89.5726,64.281,64.281,66.6918,27.1684,167.274,167.274,318.673,92.95
1139,cnn,nsson,jetson_emulator,20,local,0.6353674732907428,88.8926,63.7686,88.8926,89.9411,24.1166,167.274,167.274,320.7049,92.944
1140,cnn,nsson,jetson_emulator,20,offload,0.631007546775559,89.1226,63.8341,63.8341,65.6561,27.2148,167.274,167.274,318.9564,92.8712
1141,cnn,nsson,jetson_emulator,20,offload,0.6271584175289865,89.0745,63.8663,63.8663,65.8506,27.2114,167.274,167.274,319.0981,92.8594
1142,cnn,nsson,jetson_emulator,20,offload,0.6224189580109171,90.8365,63.7944,63.7944,65.5996,27.2189,167.274,167.274,319.2398,93.0543
1143,cnn,nsson,jetson_emulator,20,offload,0.6259227719887868,89.2799,65.3204,65.3204,67.9902,27.0613,167.274,167.274,319.3815,92.8976
1144,cnn,nsson,jetson_emulator,20,offload,0.6190974750097615,90.0254,64.256,64.256,66.1707,27.171,167.274,167.274,319.5232,92.892
1145,cnn,nsson,jetson_emulator,20,offload,0.611043208814331,89.6621,64.342,64.342,66.0148,27.1621,167.274,167.274,319.6649,92.8517
1146,cnn,nsson,jetson_emulator,20,local,0.6049160031703235,90.1775,64.8966,90.1775,91.7331,24.0091,167.274,167.274,321.7026,92.9519
1147,cnn,nsson,jetson_emulator,20,local,0.6008695820102036,89.7838,64.3662,89.7838,91.2797,24.042,167.274,167.274,321.8452,92.8971
1148,cnn,nsson,jetson_emulator,20,offload,0.6061280336015109,90.5289,64.5436,64.5436,66.3614,27.1413,167.274,167.274,320.0899,92.8073
1149,cnn,nsson,jetson_emulator,20,local,0.6053435877535763,90.2383,65.1666,90.2383,92.5141,24.0041,167.274,167.274,322.1302,92.8988
1150,cnn,nsson,jetson_emulator,20,offload,0.6072888431979846,90.0291,64.5975,64.5975,66.509,27.1357,167.274,167.274,320.3733,92.8779
1151,cnn,nsson,jetson_emulator,20,local,0.6129209149080683,90.6896,64.4588,90.6896,93.1592,23.9666,167.274,167.274,322.4153,92.9669
1152,cnn,nsson,jetson_emulator,20,offload,0.6100586976008363,91.0045,65.0746,65.0746,66.6745,27.0866,167.274,167.274,320.6567,92.8684
1153,cnn,nsson,jetson_emulator,20,offload,0.6138151349430992,90.5576,64.9198,64.9198,67.7211,27.1025,167.274,167.274,320.7984,92.8081
1154,cnn,nsson,jetson_emulator,20,offload,0.6185221851846447,90.7448,65.2724,65.2724,66.3369,27.0662,167.274,167.274,320.9401,92.8689
1155,cnn,nsson,jetson_emulator,20,local,0.6083164256859306,91.0052,64.7439,91.0052,93.3134,23.9405,167.274,167.274,322.9854,92.8366
1156,cnn,nsson,jetson_emulator,20,local,0.6126475857022304,91.4907,64.8206,91.4907,93.1902,23.9003,167.274,167.274,323.1279,92.8707
1157,cnn,nsson,jetson_emulator,20,offload,0.6102141811268882,91.154,65.3894,65.3894,67.1653,27.0542,167.274,167.274,321.3651,92.9266
1158,cnn,nsson,jetson_emulator,20,offload,0.6142307418369891,90.7261,66.4528,66.4528,68.8913,26.9456,167.274,167.274,321.5068,92.9239
1159,cnn,nsson,jetson_emulator,20,local,0.612526656702651,91.0944,65.4987,91.0944,92.8555,23.9331,167.274,167.274,323.5555,92.9429
1160,cnn,nsson,jetson_emulator,20,local,0.606631120937583,91.0322,66.1126,91.0322,92.669,23.9382,167.274,167.274,323.698,92.8785
1161,cnn,nsson,jetson_emulator,20,offload,0.6128348045553822,91.6333,65.4004,65.4004,66.923,27.0531,167.274,167.274,321.9319,92.8719
1162,cnn,nsson,jetson_emulator,20,offload,0.6171985408370949,91.1499,65.9199,65.9199,67.1529,26.9999,167.274,167.274,322.0736,92.9108
1163,cnn,nsson,jetson_emulator,20,offload,0.615650672437649,91.5713,65.4506,65.4506,67.3042,27.0479,167.274,167.274,322.2153,92.8831
1164,cnn,nsson,jetson_emulator,20,offload,0.6207209992175765,91.4133,65.3804,65.3804,67.6353,27.0551,167.274,167.274,322.3569,92.8134
1165,cnn,nsson,jetson_emulator,20,offload,0.6165380878893755,92.4157,65.5598,65.5598,68.27,27.0368,167.274,167.274,322.4986,92.9309
1166,cnn,nsson,jetson_emulator,20,offload,0.6173182887316746,92.2852,65.6996,65.6996,67.4616,27.0224,167.274,167.274,322.6403,92.8335
1167,cnn,nsson,jetson_emulator,20,local,0.6101581612624806,91.6123,66.2895,91.6123,93.0843,23.8903,167.274,167.274,324.6957,92.931
1168,cnn,nsson,jetson_emulator,20,offload,0.6008196812714549,91.6591,66.1709,66.1709,68.3051,26.9743,167.274,167.274,322.9237,92.9067
1169,cnn,nsson,jetson_emulator,20,offload,0.5948214209170821,91.7426,65.5633,65.5633,68.0148,27.0364,167.274,167.274,323.0654,92.9663
1170,cnn,nsson,jetson_emulator,20,offload,0.5889335278409099,92.829,66.5678,66.5678,68.2873,26.9339,167.274,167.274,323.2071,92.9922
1171,cnn,nsson,jetson_emulator,20,local,0.6052498545264049,92.1216,65.7969,92.1216,93.8792,23.8484,167.274,167.274,325.2658,92.873
1172,cnn,nsson,jetson_emulator,20,offload,0.6065808096959625,92.6136,66.1385,66.1385,68.5337,26.9776,167.274,167.274,323.4904,92.7959
1173,cnn,nsson,jetson_emulator,20,local,0.6067910632047586,92.0292,65.8093,92.0292,93.6622,23.856,167.274,167.274,325.5509,92.9763
1174,cnn,nsson,jetson_emulator,20,local,0.6091586474544204,93.2087,66.4906,93.2087,94.4874,23.7595,167.274,167.274,325.6934,92.889
1175,cnn,nsson,jetson_emulator,20,offload,0.6062865888679548,92.2318,66.2609,66.2609,68.0633,26.9651,167.274,167.274,323.9155,92.8803
1176,cnn,nsson,jetson_emulator,20,local,0.6155991696719286,92.1301,66.3788,92.1301,93.0776,23.8477,167.274,167.274,325.9785,92.9265
1177,cnn,nsson,jetson_emulator,20,local,0.61521200319098,92.6752,66.5748,92.6752,94.2879,23.803,167.274,167.274,326.121,92.9364
1178,cnn,nsson,jetson_emulator,20,offload,0.614155380206661,92.5701,68.1871,68.1871,70.4299,26.7702,167.274,167.274,324.3406,92.9126
1179,cnn,nsson,jetson_emulator,20,offload,0.6127693535764258,92.9409,67.2377,67.2377,68.7332,26.8659,167.274,167.274,324.4823,92.8869
1180,cnn,nsson,jetson_emulator,20,local,0.6139329210466614,93.265,66.2046,93.265,94.6169,23.7549,167.274,167.274,326.5486,93.0241
1181,cnn,nsson,jetson_emulator,20,local,0.6139348741722602,92.8976,67.3923,92.8976,94.4979,23.7849,167.274,167.274,326.6911,92.8678
1182,cnn,nsson,jetson_emulator,20,offload,0.6172432377225121,93.7981,66.7312,66.7312,68.6542,26.9173,167.274,167.274,324.9073,92.9509
1183,cnn,nsson,jetson_emulator,20,offload,0.6132674621656223,93.6239,67.1546,67.1546,68.8192,26.8743,167.274,167.274,325.049,92.945
1184,cnn,nsson,jetson_emulator,20,offload,0.6106345913201289,92.6024,66.3406,66.3406,68.6642,26.957,167.274,167.274,325.1907,92.9037
1185,cnn,nsson,jetson_emulator,20,local,0.6086602173857336,92.6035,67.2026,92.6035,94.6858,23.8089,167.274,167.274,327.2612,92.9145
1186,cnn,nsson,jetson_emulator,20,offload,0.6164684704961466,92.6194,66.9292,66.9292,68.6953,26.8972,167.274,167.274,325.4741,92.9283
1187,cnn,nsson,jetson_emulator,20,local,0.6221437019241904,93.8989,67.5199,93.8989,95.7718,23.7034,167.274,167.274,327.5463,92.9216
1188,cnn,nsson,jetson_emulator,20,local,0.6061637799235146,93.35,66.5704,93.35,95.5505,23.748,167.274,167.274,327.6888,92.9383
1189,cnn,nsson,jetson_emulator,20,offload,0.5946352134768667,93.0652,67.0445,67.0445,68.8772,26.8855,167.274,167.274,325.8992,92.8888
1190,cnn,nsson,jetson_emulator,20,local,0.5947826792102069,92.9944,67.6288,92.9944,94.1302,23.777,167.274,167.274,327.9739,92.9006
1191,cnn,nsson,jetson_emulator,20,offload,0.6050078173083293,93.1618,66.7817,66.7817,68.1975,26.9121,167.274,167.274,326.1825,92.8764
1192,cnn,nsson,jetson_emulator,20,local,0.6089063771684244,93.6641,66.3867,93.6641,94.4014,23.7224,167.274,167.274,328.2589,92.8708
1193,cnn,nsson,jetson_emulator,20,local,0.608591833347439,93.4833,66.7419,93.4833,95.2493,23.7371,167.274,167.274,328.4015,92.8769
1194,cnn,nsson,jetson_emulator,20,local,0.605489154954831,93.3136,66.7958,93.3136,94.9126,23.7509,167.274,167.274,328.544,92.9081
1195,cnn,nsson,jetson_emulator,20,local,0.6118828072198212,93.8251,67.469,93.8251,96.0851,23.7093,167.274,167.274,328.6865,92.8211
1196,cnn,nsson,jetson_emulator,20,offload,0.606769881215456,93.2273,67.0712,67.0712,68.7804,26.8828,167.274,167.274,326.891,92.8676
1197,cnn,nsson,jetson_emulator,20,local,0.6005451566302628,94.1474,66.6573,94.1474,95.8123,23.6832,167.274,167.274,328.9716,92.8447
1198,cnn,nsson,jetson_emulator,20,offload,0.6013517475648069,93.6041,67.5854,67.5854,68.8876,26.8308,167.274,167.274,327.1743,92.8548
1199,cnn,nsson,jetson_emulator,20,local,0.6078751169431525,93.6988,67.43,93.6988,95.8851,23.7196,167.274,167.274,329.2566,92.9058
1200,cnn,nsson,jetson_emulator,20,local,0.6027917728451504,93.278,67.0841,93.278,95.0276,23.7538,167.274,167.274,329.3992,92.8823
